RFO_Part,Section_Number,Propositional_ID,Natural_Language,Atomic_Propositions,Formal_Logic_Statement,Dependencies,Justification_Rules,Validation_Status,Logical_Check,Real_World_Check,Validation_Notes,Confidence_Level
25,25.001,P_25_001,General provisions on foreign acquisition: Buy American restricts non-domestic supplies and requires domestic construction materials; trade agreements provide exceptions; country of origin tests differ by statute.,P_25_001_a (Buy American restrictions); P_25_001_b (trade agreement exceptions); P_25_001_c (country of origin test differences),P_25_001_a ^ P_25_001_b ^ P_25_001_c,None,Conjunction (Conj): Rule 7,VALIDATED,PASS,PASS,Parent aggregating three main provisions of Part 25 general section. All three operate concurrently.,HIGH
25,25.001(a),P_25_001_a,"41 U.S.C. chapter 83, Buy American: (1) restricts purchase of non-domestic end products for use within the United States, with exceptions; and (2) requires use of only domestic construction materials in U.S. construction contracts, with some exceptions.",P_25_001_a_1 (supply restriction); P_25_001_a_2 (construction material requirement),P_25_001_a_1 ^ P_25_001_a_2,None,Conjunction (Conj): Rule 7,VALIDATED,PASS,PASS,Parent combining the two primary Buy American restrictions. Both apply simultaneously under the statute.,HIGH
25,25.001(a)(1),P_25_001_a_1,41 U.S.C. chapter 83 restricts the purchase of supplies that are not domestic end products for use within the United States. A foreign end product may be purchased if the contracting officer determines that the price of the lowest domestic offer is unreasonable or if another exception applies (see subpart 25.1).,P_25_001_a_1_a (restriction on non-domestic supplies); P_25_001_a_1_b (unreasonable price exception); P_25_001_a_1_c (other exceptions per subpart 25.1),P_25_001_a_1_a ^ (~P_25_001_a_1_a -> (P_25_001_a_1_b v P_25_001_a_1_c)),P_25_100 (external: subpart 25.1),Conjunction (Conj): Rule 7; Material Implication (Impl): Rule 15 [HIGH-RISK]; Addition (Add): Rule 8,PENDING_REVIEW,PASS,PASS,Default restriction with conditional exceptions. Rule 15 used for the exception pathway. The negation of the restriction triggers exception analysis. Either unreasonable cost or other exception sufficient.,MEDIUM
25,25.001(a)(2),P_25_001_a_2,"41 U.S.C. chapter 83 requires, with some exceptions, the use of only domestic construction materials in contracts for construction in the United States (see subpart 25.2).",P_25_001_a_2_a (domestic construction material requirement); P_25_001_a_2_b (exceptions per subpart 25.2),P_25_001_a_2_a ^ (Exceptions_25_2 -> ~P_25_001_a_2_a),P_25_200 (external: subpart 25.2),Conjunction (Conj): Rule 7; Material Implication (Impl): Rule 15 [HIGH-RISK]; Negation (Neg): Rule 10,PENDING_REVIEW,PASS,PASS,Mandatory requirement with conditional exception pathway. Rule 15 for exception trigger. Exceptions negate the domestic-only requirement for specific materials.,MEDIUM
25,25.001(b),P_25_001_b,The restrictions in the Buy American statute are not applicable in acquisitions subject to certain trade agreements (see subpart 25.4). End products and construction materials from certain countries receive nondiscriminatory treatment. The dollar value of the acquisition determines which trade agreement applies.,P_25_001_b_a (trade agreement applicability negates BA restrictions); P_25_001_b_b (nondiscriminatory treatment for designated countries); P_25_001_b_c (dollar value determines applicable agreement),TradeAgreement_Applies -> (~BA_Restriction ^ P_25_001_b_b ^ P_25_001_b_c),External: subpart 25.4 (not in this file),Material Implication (Impl): Rule 15 [HIGH-RISK]; Conjunction (Conj): Rule 7; Negation (Neg): Rule 10,PENDING_REVIEW,PASS,PASS,Trade agreement applicability is a conditional that negates Buy American restrictions entirely. Rule 15 for the conditional structure. Multiple consequents joined by conjunction.,MEDIUM
25,25.001(c),P_25_001_c,"The test to determine country of origin for an end product differs between the Buy American statute, trade agreements, and the representation at 52.225-18.",P_25_001_c_1 (BA two-part test); P_25_001_c_2 (trade agreement substantial transformation test); P_25_001_c_3 (52.225-18 place of manufacture test),P_25_001_c_1 ^ P_25_001_c_2 ^ P_25_001_c_3,External: FAR 52.225-1; External: FAR 52.225-18,Conjunction (Conj): Rule 7,VALIDATED,PASS,PASS,Parent identifying three distinct origin tests. All three exist concurrently in different regulatory contexts.,HIGH
25,25.001(c)(1),P_25_001_c_1,"The Buy American statute uses a two-part test to define a domestic end product or domestic construction material: manufactured in the United States and a domestic content test. The domestic content test has been waived for COTS items, except products consisting wholly or predominantly of iron or steel (excluding COTS fasteners).",P_25_001_c_1_a (manufactured in U.S.); P_25_001_c_1_b (domestic content test); P_25_001_c_1_c (COTS waiver); P_25_001_c_1_d (iron/steel exception to COTS waiver),(P_25_001_c_1_a ^ P_25_001_c_1_b) ^ (COTS -> ~P_25_001_c_1_b) ^ (COTS ^ IronSteel -> P_25_001_c_1_b),None,Conjunction (Conj): Rule 7; Material Implication (Impl): Rule 15 [HIGH-RISK]; Negation (Neg): Rule 10,PENDING_REVIEW,PASS,PASS,Two-part test with COTS waiver and iron/steel exception to the waiver. Multiple conditional layers. Rule 15 for both the waiver and exception-to-waiver conditionals.,MEDIUM
25,25.001(c)(2),P_25_001_c_2,"Under the trade agreements, the test to determine country of origin is substantial transformation (i.e., transforming an article into a new and different article of commerce with a name, character, or use distinct from the original article).",P_25_001_c_2 (substantial transformation test for trade agreements),TradeAgreement -> SubstantialTransformation_Test,None,Material Implication (Impl): Rule 15 [HIGH-RISK],PENDING_REVIEW,PASS,PASS,Simple conditional: trade agreement context triggers use of substantial transformation test. Rule 15 for conditional.,MEDIUM
25,25.001(c)(3),P_25_001_c_3,"For the representation at 52.225-18, the only criterion is whether the place of manufacture of an end product is in the United States or outside the United States, without regard to the origin of the components.",P_25_001_c_3 (place of manufacture criterion only for 52.225-18),Rep_52_225_18 -> (PlaceOfManufacture_US v PlaceOfManufacture_Foreign) ^ ~ComponentOrigin_Relevant,External: FAR 52.225-1; External: FAR 52.225-18,Material Implication (Impl): Rule 15 [HIGH-RISK]; Addition (Add): Rule 8; Conjunction (Conj): Rule 7; Negation (Neg): Rule 10,PENDING_REVIEW,PASS,PASS,Representation context triggers simplified test. Component origin explicitly irrelevant. Rule 15 for the conditional.,MEDIUM
25,25.002,P_25_002,[Reserved],"P_25_002 (reserved, no operative content)",NULL,None,N/A,VALIDATED,PASS,PASS,Reserved section. No operative requirements.,HIGH
25,25.003,P_25_003,Definitions as used in Part 25.,P_25_003 (parent for all Part 25 definitions),P_25_003_CBC ^ P_25_003_CBC_EP ^ P_25_003_civil_aircraft ^ P_25_003_component ^ P_25_003_construction_material ^ P_25_003_cost_of_components ^ P_25_003_critical_component ^ P_25_003_critical_item ^ P_25_003_designated_country ^ P_25_003_designated_country_EP ^ P_25_003_dom_const_mat ^ P_25_003_dom_EP ^ P_25_003_dom_offer ^ P_25_003_eligible_offer ^ P_25_003_eligible_product ^ P_25_003_end_product ^ P_25_003_fastener ^ P_25_003_foreign_const_mat ^ P_25_003_foreign_contractor ^ P_25_003_foreign_EP ^ P_25_003_foreign_iron_steel ^ P_25_003_foreign_offer ^ P_25_003_FTA_country ^ P_25_003_FTA_country_EP ^ P_25_003_Israeli_EP ^ P_25_003_LDC ^ P_25_003_LDC_EP ^ P_25_003_noneligible_offer ^ P_25_003_noneligible_product ^ P_25_003_predom_iron_steel ^ P_25_003_steel ^ P_25_003_US ^ P_25_003_US_made_EP ^ P_25_003_WTO_GPA_country ^ P_25_003_WTO_GPA_EP,None,Conjunction (Conj): Rule 7,VALIDATED,PASS,PASS,Parent aggregating all definitions. All definitions operative concurrently throughout Part 25.,HIGH
25,25.003,P_25_003_CBC,"Caribbean Basin country means any of the following countries: Antigua and Barbuda, Aruba, Bahamas, Barbados, Belize, Bonaire, British Virgin Islands, Curacao, Dominica, Grenada, Guyana, Haiti, Jamaica, Montserrat, Saba, St. Kitts and Nevis, St. Lucia, St. Vincent and the Grenadines, Sint Eustatius, Sint Maarten, or Trinidad and Tobago.",P_25_003_CBC (enumerated list of Caribbean Basin countries),CBC <-> (Antigua_Barbuda v Aruba v Bahamas v Barbados v Belize v Bonaire v BVI v Curacao v Dominica v Grenada v Guyana v Haiti v Jamaica v Montserrat v Saba v St_Kitts_Nevis v St_Lucia v St_Vincent_Grenadines v Sint_Eustatius v Sint_Maarten v Trinidad_Tobago),None,Biconditional (Bicond): Rule 17; Addition (Add): Rule 8,VALIDATED,PASS,PASS,Definitional biconditional: a country is a CBC if and only if it is on this list. Exhaustive enumeration.,HIGH
25,25.003,P_25_003_CBC_EP,Caribbean Basin country end product means an article that meets origin and duty-free requirements.,P_25_003_CBC_EP_1_i (origin test); P_25_003_CBC_EP_1_ii (duty-free exclusion test); P_25_003_CBC_EP_2 (incidental services scope),P_25_003_CBC_EP <-> (P_25_003_CBC_EP_1_i ^ ~P_25_003_CBC_EP_1_ii) ^ P_25_003_CBC_EP_2,None,Biconditional (Bicond): Rule 17; Conjunction (Conj): Rule 7; Negation (Neg): Rule 10,VALIDATED,PASS,PASS,Definitional biconditional: must meet origin test AND not be excluded from duty-free treatment. Scope includes incidental services.,HIGH
25,25.003,P_25_003_CBC_EP_1_i,"Article is wholly the growth, product, or manufacture of a Caribbean Basin country; or has been substantially transformed in a CBC into a new and different article of commerce with a name, character, or use distinct from the original.",P_25_003_CBC_EP_1_i_a (wholly CBC origin); P_25_003_CBC_EP_1_i_b (substantially transformed in CBC),P_25_003_CBC_EP_1_i_a v P_25_003_CBC_EP_1_i_b,P_25_003_CBC,Addition (Add): Rule 8,VALIDATED,PASS,PASS,Disjunctive origin test: either wholly CBC or substantially transformed in CBC. Standard trade agreement origin pattern.,HIGH
25,25.003,P_25_003_CBC_EP_1_ii,"Article is not excluded from duty-free treatment for Caribbean countries under 19 U.S.C. 2703(b). Excluded articles: tuna in airtight containers, petroleum products, certain watches/watch parts with column 2 country materials, certain textiles/apparel/footwear/leather goods.",P_25_003_CBC_EP_1_ii_a (tuna exclusion); P_25_003_CBC_EP_1_ii_b (petroleum exclusion); P_25_003_CBC_EP_1_ii_c (watch/parts exclusion); P_25_003_CBC_EP_1_ii_d (textiles/apparel exclusion),~(P_25_003_CBC_EP_1_ii_a v P_25_003_CBC_EP_1_ii_b v P_25_003_CBC_EP_1_ii_c v P_25_003_CBC_EP_1_ii_d),None,Negation (Neg): Rule 10; Addition (Add): Rule 8; De Morgan's (DeM): Rule 11,VALIDATED,PASS,PASS,Negation of disjunctive exclusion list. Article must not fall into any excluded category. HTSUS access noted for determining specific item status.,HIGH
25,25.003,P_25_003_CBC_EP_2,"Refers to a product offered for purchase under a supply contract, but for purposes of calculating the value of the acquisition, includes services (except transportation services) incidental to the article, provided that the value of those incidental services does not exceed that of the article itself.",P_25_003_CBC_EP_2_a (supply contract scope); P_25_003_CBC_EP_2_b (incidental services included); P_25_003_CBC_EP_2_c (transportation excluded); P_25_003_CBC_EP_2_d (services value cap),P_25_003_CBC_EP_2_a ^ (P_25_003_CBC_EP_2_b ^ ~P_25_003_CBC_EP_2_c ^ P_25_003_CBC_EP_2_d),None,Conjunction (Conj): Rule 7; Negation (Neg): Rule 10,VALIDATED,PASS,PASS,Scope definition with multiple conjunctive conditions. Transportation exclusion is a negation within the conjunction.,HIGH
25,25.003,P_25_003_civil_aircraft,"Civil aircraft and related articles means: (1) all aircraft other than DoD or Coast Guard; (2) engines and parts for those aircraft; (3) other parts, components, subassemblies; and (4) ground flight simulators and parts, whether original or replacement, without regard to duty-free status under Trade Agreements Act section 601(a)(2).",P_25_003_civil_aircraft_a (non-DoD/CG aircraft); P_25_003_civil_aircraft_b (engines/parts); P_25_003_civil_aircraft_c (other parts/components); P_25_003_civil_aircraft_d (simulators/parts),P_25_003_civil_aircraft <-> (P_25_003_civil_aircraft_a v P_25_003_civil_aircraft_b v P_25_003_civil_aircraft_c v P_25_003_civil_aircraft_d),None,Biconditional (Bicond): Rule 17; Addition (Add): Rule 8,VALIDATED,PASS,PASS,Definitional biconditional with disjunctive scope. Any of the four categories qualifies.,HIGH
25,25.003,P_25_003_component,"Component means an article, material, or supply incorporated directly into an end product or construction material.",P_25_003_component (single atomic),Component <-> (Article v Material v Supply) ^ DirectlyIncorporated ^ (EndProduct v ConstructionMaterial),P_25_003_end_product; P_25_003_construction_material,Biconditional (Bicond): Rule 17; Conjunction (Conj): Rule 7; Addition (Add): Rule 8,VALIDATED,PASS,PASS,"Definitional biconditional. Three types of items (disjunctive), directly incorporated (conjunctive qualifier), into one of two product types (disjunctive).",HIGH
25,25.003,P_25_003_construction_material,"Construction material means an article, material, or supply brought to the construction site by a contractor or subcontractor for incorporation into the building or work. Includes preassembled items. Emergency life safety systems evaluated as single distinct construction material. Government-purchased materials are supplies, not construction material.",P_25_003_construction_material_a (brought to site for incorporation); P_25_003_construction_material_b (preassembled items included); P_25_003_construction_material_c (emergency life safety as single material); P_25_003_construction_material_d (govt purchases are supplies not CM),P_25_003_construction_material_a ^ P_25_003_construction_material_b ^ P_25_003_construction_material_c ^ ~P_25_003_construction_material_d,None,Conjunction (Conj): Rule 7; Negation (Neg): Rule 10,VALIDATED,PASS,PASS,Definitional conjunction with negation for the government-purchase exclusion. Emergency life safety clause is a special aggregation rule.,HIGH
25,25.003,P_25_003_cost_of_components,"Cost of components: (1) for purchased components, acquisition cost including transportation and duty; (2) for manufactured components, all manufacturing costs plus transportation plus allocable overhead, excluding profit. Does not include end product manufacturing costs.",P_25_003_cost_of_components_1 (purchased); P_25_003_cost_of_components_2 (manufactured),P_25_003_cost_of_components <-> (P_25_003_cost_of_components_1 v P_25_003_cost_of_components_2),None,Biconditional (Bicond): Rule 17; Addition (Add): Rule 8,VALIDATED,PASS,PASS,Two mutually exclusive calculation methods based on whether component is purchased or manufactured.,HIGH
25,25.003,P_25_003_cost_of_components_1,"For components purchased by the contractor, the acquisition cost, including transportation costs to the place of incorporation into the end product or construction material (whether or not such costs are paid to a domestic firm), and any applicable duty (whether or not a duty-free entry certificate is issued).",P_25_003_cost_of_components_1_a (acquisition cost); P_25_003_cost_of_components_1_b (transportation included regardless of payee); P_25_003_cost_of_components_1_c (duty included regardless of certificate),Purchased -> (AcquisitionCost ^ Transportation ^ Duty),None,Material Implication (Impl): Rule 15 [HIGH-RISK]; Conjunction (Conj): Rule 7,PENDING_REVIEW,PASS,PASS,"Conditional: if purchased, cost includes all three elements. Rule 15 for conditional trigger. Parenthetical qualifiers clarify that domestic payee status and duty-free certificates are irrelevant.",MEDIUM
25,25.003,P_25_003_cost_of_components_2,"For components manufactured by the contractor, all costs associated with the manufacture of the component, including transportation costs, plus allocable overhead costs, but excluding profit. Cost of components does not include any costs associated with the manufacture of the end product.",P_25_003_cost_of_components_2_a (manufacturing costs); P_25_003_cost_of_components_2_b (transportation); P_25_003_cost_of_components_2_c (allocable overhead); P_25_003_cost_of_components_2_d (profit excluded); P_25_003_cost_of_components_2_e (end product mfg costs excluded),Manufactured -> (MfgCosts ^ Transportation ^ Overhead ^ ~Profit ^ ~EndProductMfgCosts),None,Material Implication (Impl): Rule 15 [HIGH-RISK]; Conjunction (Conj): Rule 7; Negation (Neg): Rule 10,PENDING_REVIEW,PASS,PASS,"Conditional: if manufactured, cost includes three elements and excludes two. Rule 15 for conditional. Two explicit exclusions as negations.",MEDIUM
25,25.003,P_25_003_critical_component,"Critical component means a component that is mined, produced, or manufactured in the United States and deemed critical to the U.S. supply chain. The list of critical components is at 25.105.",P_25_003_critical_component (single atomic),CriticalComponent <-> (US_Mined_Produced_Mfg ^ DeemedCritical_SupplyChain),P_25_003_component; P_25_105,Biconditional (Bicond): Rule 17; Conjunction (Conj): Rule 7,VALIDATED,PASS,PASS,Definitional biconditional with two conjunctive conditions. List maintained at 25.105.,HIGH
25,25.003,P_25_003_critical_item,Critical item means a domestic construction material or domestic end product that is deemed critical to the U.S. supply chain. The list of critical items is at 25.105.,P_25_003_critical_item (single atomic),CriticalItem <-> ((DomesticConstMat v DomesticEP) ^ DeemedCritical_SupplyChain),P_25_003_dom_const_mat; P_25_003_dom_EP; P_25_105,Biconditional (Bicond): Rule 17; Conjunction (Conj): Rule 7; Addition (Add): Rule 8,VALIDATED,PASS,PASS,Definitional biconditional. Either domestic construction material or domestic end product (disjunctive) plus critical designation (conjunctive).,HIGH
25,25.003,P_25_003_designated_country,"Designated country means any WTO GPA country, FTA country, least developed country, or Caribbean Basin country.",P_25_003_designated_country_1 (WTO GPA); P_25_003_designated_country_2 (FTA); P_25_003_designated_country_3 (LDC); P_25_003_designated_country_4 (CBC),DesignatedCountry <-> (P_25_003_designated_country_1 v P_25_003_designated_country_2 v P_25_003_designated_country_3 v P_25_003_designated_country_4),P_25_003_WTO_GPA_country; P_25_003_FTA_country; P_25_003_LDC; P_25_003_CBC,Biconditional (Bicond): Rule 17; Addition (Add): Rule 8,VALIDATED,PASS,PASS,Definitional biconditional with four disjunctive categories. A country qualifies as designated if it falls into any one category.,HIGH
25,25.003,P_25_003_designated_country_1,"WTO GPA countries: Armenia, Aruba, Australia, Austria, Belgium, Bulgaria, Canada, Croatia, Cyprus, Czech Republic, Denmark, Estonia, Finland, France, Germany, Greece, Hong Kong, Hungary, Iceland, Ireland, Israel, Italy, Japan, Korea (Republic of), Latvia, Liechtenstein, Lithuania, Luxembourg, Malta, Moldova, Montenegro, Netherlands, New Zealand, North Macedonia, Norway, Poland, Portugal, Romania, Singapore, Slovak Republic, Slovenia, Spain, Sweden, Switzerland, Taiwan, Ukraine, or United Kingdom.",P_25_003_designated_country_1 (WTO GPA country enumeration),WTO_GPA_DesignatedCountry <-> [enumerated list],P_25_003_WTO_GPA_country,Biconditional (Bicond): Rule 17,VALIDATED,PASS,PASS,Cross-reference to WTO GPA country definition. Same enumerated list.,HIGH
25,25.003,P_25_003_designated_country_2,"FTA countries: Australia, Bahrain, Chile, Colombia, Costa Rica, Dominican Republic, El Salvador, Guatemala, Honduras, Korea (Republic of), Mexico, Morocco, Nicaragua, Oman, Panama, Peru, or Singapore.",P_25_003_designated_country_2 (FTA country enumeration),FTA_DesignatedCountry <-> [enumerated list],P_25_003_FTA_country,Biconditional (Bicond): Rule 17,VALIDATED,PASS,PASS,Cross-reference to FTA country definition. Same enumerated list.,HIGH
25,25.003,P_25_003_designated_country_3,"Least developed countries: Afghanistan, Angola, Bangladesh, Benin, Bhutan, Burkina Faso, Burundi, Cambodia, Central African Republic, Chad, Comoros, Democratic Republic of Congo, Djibouti, Equatorial Guinea, Eritrea, Ethiopia, Gambia, Guinea, Guinea-Bissau, Haiti, Kiribati, Laos, Lesotho, Liberia, Madagascar, Malawi, Mali, Mauritania, Mozambique, Nepal, Niger, Rwanda, Samoa, Sao Tome and Principe, Senegal, Sierra Leone, Solomon Islands, Somalia, South Sudan, Tanzania, Timor-Leste, Togo, Tuvalu, Uganda, Vanuatu, Yemen, or Zambia.",P_25_003_designated_country_3 (LDC enumeration),LDC_DesignatedCountry <-> [enumerated list],P_25_003_LDC,Biconditional (Bicond): Rule 17,VALIDATED,PASS,PASS,Cross-reference to LDC definition. Same enumerated list.,HIGH
25,25.003,P_25_003_designated_country_4,"Caribbean Basin countries: Antigua and Barbuda, Aruba, Bahamas, Barbados, Belize, Bonaire, British Virgin Islands, Curacao, Dominica, Grenada, Guyana, Haiti, Jamaica, Montserrat, Saba, St. Kitts and Nevis, St. Lucia, St. Vincent and the Grenadines, Sint Eustatius, Sint Maarten, or Trinidad and Tobago.",P_25_003_designated_country_4 (CBC enumeration),CBC_DesignatedCountry <-> [enumerated list],P_25_003_CBC,Biconditional (Bicond): Rule 17,VALIDATED,PASS,PASS,Cross-reference to CBC definition. Same enumerated list.,HIGH
25,25.003,P_25_003_designated_country_EP,"Designated country end product means a WTO GPA country end product, an FTA country end product, a least developed country end product, or a Caribbean Basin country end product.",P_25_003_designated_country_EP (single atomic),DesignatedCountry_EP <-> (WTO_GPA_EP v FTA_EP v LDC_EP v CBC_EP),P_25_003_WTO_GPA_EP; P_25_003_FTA_country_EP; P_25_003_LDC_EP; P_25_003_CBC_EP,Biconditional (Bicond): Rule 17; Addition (Add): Rule 8,VALIDATED,PASS,PASS,Definitional biconditional with four disjunctive categories mirroring designated country structure.,HIGH
25,25.003,P_25_003_dom_const_mat,Domestic construction material definition with separate tests for iron/steel vs. non-iron/steel materials.,P_25_003_dom_const_mat_1 (non-iron/steel test); P_25_003_dom_const_mat_2 (iron/steel test),DomConstMat <-> (P_25_003_dom_const_mat_1 v P_25_003_dom_const_mat_2),None,Biconditional (Bicond): Rule 17; Addition (Add): Rule 8,VALIDATED,PASS,PASS,Parent definition splitting into two mutually exclusive material-type paths.,HIGH
25,25.003,P_25_003_dom_const_mat_1,"For construction material that does not consist wholly or predominantly of iron or steel: (i) unmanufactured and mined or produced in U.S.; or (ii) manufactured in U.S. with domestic component cost exceeding 60% (65% for 2024-2028, 75% starting 2029), or COTS. Components of foreign origin with nonavailability determinations treated as domestic. Unknown origin treated as foreign.",P_25_003_dom_const_mat_1_a (unmanufactured/mined in US); P_25_003_dom_const_mat_1_b (manufactured in US + content threshold); P_25_003_dom_const_mat_1_c (COTS exemption); P_25_003_dom_const_mat_1_d (nonavailability components domestic); P_25_003_dom_const_mat_1_e (unknown origin foreign),~IronSteel -> ((P_25_003_dom_const_mat_1_a v (ManufacturedUS ^ ContentThreshold) v COTS) ^ P_25_003_dom_const_mat_1_d ^ P_25_003_dom_const_mat_1_e),P_25_003_predom_iron_steel,Material Implication (Impl): Rule 15 [HIGH-RISK]; Addition (Add): Rule 8; Conjunction (Conj): Rule 7,PENDING_REVIEW,PASS,PASS,"Conditional on non-iron/steel status. Three disjunctive pathways to qualify (unmanufactured, manufactured with content, or COTS). Escalating thresholds over time add temporal complexity. Rule 15 for conditional structure.",MEDIUM
25,25.003,P_25_003_dom_const_mat_2,"For construction material that consists wholly or predominantly of iron or steel or a combination of both, a construction material manufactured in the United States if the cost of foreign iron and steel constitutes less than 5 percent of the cost of all components. Foreign iron/steel cost includes mill products, castings, forgings, and estimate of all foreign iron/steel components excluding COTS fasteners. Unknown origin treated as foreign. Multi-component materials calculated per cost of components definition.",P_25_003_dom_const_mat_2_a (manufactured in US); P_25_003_dom_const_mat_2_b (foreign iron/steel < 5%); P_25_003_dom_const_mat_2_c (cost calculation scope); P_25_003_dom_const_mat_2_d (unknown origin foreign),IronSteel -> (ManufacturedUS ^ ForeignIronSteel_LT_5pct ^ P_25_003_dom_const_mat_2_c ^ P_25_003_dom_const_mat_2_d),P_25_003_predom_iron_steel; P_25_003_foreign_iron_steel; P_25_003_cost_of_components,Material Implication (Impl): Rule 15 [HIGH-RISK]; Conjunction (Conj): Rule 7,PENDING_REVIEW,PASS,PASS,Conditional on iron/steel status. Stricter test: 5% foreign content cap. No COTS waiver except for fasteners. Rule 15 for conditional.,MEDIUM
25,25.003,P_25_003_dom_EP,Domestic end product definition with separate tests for iron/steel vs. non-iron/steel end products.,P_25_003_dom_EP_1 (non-iron/steel test); P_25_003_dom_EP_2 (iron/steel test),DomEP <-> (P_25_003_dom_EP_1 v P_25_003_dom_EP_2),None,Biconditional (Bicond): Rule 17; Addition (Add): Rule 8,VALIDATED,PASS,PASS,Parent definition splitting into two mutually exclusive material-type paths. Parallel structure to domestic construction material.,HIGH
25,25.003,P_25_003_dom_EP_1,"For an end product that does not consist wholly or predominantly of iron or steel: (i) unmanufactured and mined or produced in U.S.; or (ii) manufactured in U.S. with domestic component cost exceeding 60% (65% for 2024-2028, 75% starting 2029), with nonavailability-determined foreign components treated as domestic, unknown origin as foreign, U.S.-generated scrap as domestic; or COTS.",P_25_003_dom_EP_1_a (unmanufactured/mined in US); P_25_003_dom_EP_1_b (manufactured in US + content threshold); P_25_003_dom_EP_1_c (COTS exemption); P_25_003_dom_EP_1_d (nonavailability components domestic); P_25_003_dom_EP_1_e (unknown origin foreign); P_25_003_dom_EP_1_f (US scrap domestic),~IronSteel -> ((P_25_003_dom_EP_1_a v (ManufacturedUS ^ ContentThreshold) v COTS) ^ P_25_003_dom_EP_1_d ^ P_25_003_dom_EP_1_e ^ P_25_003_dom_EP_1_f),P_25_003_predom_iron_steel; P_25_003_cost_of_components,Material Implication (Impl): Rule 15 [HIGH-RISK]; Addition (Add): Rule 8; Conjunction (Conj): Rule 7,PENDING_REVIEW,PASS,PASS,Parallel structure to dom_const_mat_1 with addition of scrap provision. Same escalating thresholds. Rule 15 for conditional. Alternate percentage possible per FAR 25.101(d).,MEDIUM
25,25.003,P_25_003_dom_EP_2,"For an end product that consists wholly or predominantly of iron or steel or a combination of both, manufactured in United States if cost of foreign iron and steel constitutes less than 5 percent of cost of all components. Cost includes foreign mill products, castings, forgings, and estimate of foreign iron/steel components excluding COTS fasteners. Unknown origin treated as foreign. Multi-component calculated per cost of components definition.",P_25_003_dom_EP_2_a (manufactured in US); P_25_003_dom_EP_2_b (foreign iron/steel < 5%); P_25_003_dom_EP_2_c (cost calculation scope); P_25_003_dom_EP_2_d (unknown origin foreign),IronSteel -> (ManufacturedUS ^ ForeignIronSteel_LT_5pct ^ P_25_003_dom_EP_2_c ^ P_25_003_dom_EP_2_d),P_25_003_predom_iron_steel; P_25_003_foreign_iron_steel; P_25_003_cost_of_components,Material Implication (Impl): Rule 15 [HIGH-RISK]; Conjunction (Conj): Rule 7,PENDING_REVIEW,PASS,PASS,Parallel structure to dom_const_mat_2. Same 5% foreign content cap for iron/steel products. Rule 15 for conditional.,MEDIUM
25,25.003,P_25_003_dom_offer,"Domestic offer means an offer of a domestic end product. When the solicitation specifies award on a group of line items, a domestic offer means an offer where the proposed price of the domestic end products exceeds 50 percent of the total proposed price of the group.",P_25_003_dom_offer_a (single item: offer of domestic EP); P_25_003_dom_offer_b (group award: domestic EP price > 50% of group total),DomOffer <-> (P_25_003_dom_offer_a v (GroupAward ^ DomEP_Price_GT_50pct)),P_25_003_dom_EP,Biconditional (Bicond): Rule 17; Addition (Add): Rule 8; Conjunction (Conj): Rule 7,VALIDATED,PASS,PASS,Definitional biconditional with two alternative tests depending on award structure.,HIGH
25,25.003,P_25_003_eligible_offer,"Eligible offer means an offer of an eligible product. When the solicitation specifies award on a group of line items, an eligible offer means a foreign offer where the combined proposed price of the eligible products and the domestic end products exceeds 50 percent of the total proposed price of the group.",P_25_003_eligible_offer_a (single item: offer of eligible product); P_25_003_eligible_offer_b (group award: eligible + domestic EP price > 50% of group total),EligibleOffer <-> (P_25_003_eligible_offer_a v (GroupAward ^ ForeignOffer ^ (Eligible_Plus_Dom_Price_GT_50pct))),P_25_003_eligible_product; P_25_003_dom_EP,Biconditional (Bicond): Rule 17; Addition (Add): Rule 8; Conjunction (Conj): Rule 7,VALIDATED,PASS,PASS,Definitional biconditional. Group award test requires foreign offer status AND combined price threshold.,HIGH
25,25.003,P_25_003_eligible_product,"Eligible product means a foreign end product, construction material, or service that, due to applicability of a trade agreement to a particular acquisition, is not subject to discriminatory treatment.",P_25_003_eligible_product (single atomic),EligibleProduct <-> ((ForeignEP v ConstMat v Service) ^ TradeAgreement_Applicable ^ ~DiscriminatoryTreatment),P_25_003_foreign_EP; P_25_003_construction_material,Biconditional (Bicond): Rule 17; Addition (Add): Rule 8; Conjunction (Conj): Rule 7; Negation (Neg): Rule 10,VALIDATED,PASS,PASS,"Definitional biconditional. Three eligible categories (disjunctive), trade agreement applicability (conjunctive), non-discrimination (negation).",HIGH
25,25.003,P_25_003_end_product,"End product means those articles, materials, and supplies to be acquired for public use.",P_25_003_end_product (single atomic),EndProduct <-> (Articles v Materials v Supplies) ^ ForPublicUse,None,Biconditional (Bicond): Rule 17; Addition (Add): Rule 8; Conjunction (Conj): Rule 7,VALIDATED,PASS,PASS,Simple definitional biconditional. Three types of items for public use.,HIGH
25,25.003,P_25_003_fastener,"Fastener means a hardware device that mechanically joins or affixes two or more objects together. Examples: nuts, bolts, pins, rivets, nails, clips, and screws.",P_25_003_fastener (single atomic),Fastener <-> HardwareDevice ^ MechanicallyJoins,None,Biconditional (Bicond): Rule 17; Conjunction (Conj): Rule 7,VALIDATED,PASS,PASS,"Simple definitional biconditional. Examples are illustrative, not exhaustive.",HIGH
25,25.003,P_25_003_foreign_const_mat,Foreign construction material means a construction material other than a domestic construction material.,P_25_003_foreign_const_mat (single atomic),ForeignConstMat <-> ~DomConstMat,P_25_003_dom_const_mat,Biconditional (Bicond): Rule 17; Negation (Neg): Rule 10,VALIDATED,PASS,PASS,"Definitional biconditional via negation. Binary classification: if not domestic, then foreign.",HIGH
25,25.003,P_25_003_foreign_contractor,Foreign contractor means a contractor or subcontractor organized or existing under the laws of a country other than the United States.,P_25_003_foreign_contractor (single atomic),ForeignContractor <-> (Contractor v Subcontractor) ^ OrganizedUnder_ForeignLaw,P_25_003_US,Biconditional (Bicond): Rule 17; Addition (Add): Rule 8; Conjunction (Conj): Rule 7,VALIDATED,PASS,PASS,"Definitional biconditional based on legal organization, not place of performance or ownership.",HIGH
25,25.003,P_25_003_foreign_EP,Foreign end product means an end product other than a domestic end product.,P_25_003_foreign_EP (single atomic),ForeignEP <-> ~DomEP,P_25_003_dom_EP,Biconditional (Bicond): Rule 17; Negation (Neg): Rule 10,VALIDATED,PASS,PASS,Definitional biconditional via negation. Binary classification.,HIGH
25,25.003,P_25_003_foreign_iron_steel,"Foreign iron and steel means iron or steel products not produced in the United States. Produced in the United States means all manufacturing processes from initial melting through application of coatings must take place in the U.S., except metallurgical processes involving refinement of steel additives. Origin of elements is not relevant.",P_25_003_foreign_iron_steel_a (not produced in US); P_25_003_foreign_iron_steel_b (produced in US = all processes from melting through coatings in US); P_25_003_foreign_iron_steel_c (additive refinement exception); P_25_003_foreign_iron_steel_d (element origin irrelevant),ForeignIronSteel <-> ~(AllMfgProcesses_US ^ ~AdditiveRefinement_Exception) ^ ~ElementOrigin_Relevant,P_25_003_US,Biconditional (Bicond): Rule 17; Negation (Neg): Rule 10; Conjunction (Conj): Rule 7,PENDING_REVIEW,PASS,PASS,Complex definitional biconditional with nested negations. The 'produced in US' sub-definition creates an embedded test. Additive refinement is an exception to the all-processes-in-US requirement.,MEDIUM
25,25.003,P_25_003_foreign_offer,Foreign offer means any offer other than a domestic offer.,P_25_003_foreign_offer (single atomic),ForeignOffer <-> ~DomOffer,P_25_003_dom_offer,Biconditional (Bicond): Rule 17; Negation (Neg): Rule 10,VALIDATED,PASS,PASS,Definitional biconditional via negation. Binary classification.,HIGH
25,25.003,P_25_003_FTA_country,"Free Trade Agreement country means Australia, Bahrain, Chile, Colombia, Costa Rica, Dominican Republic, El Salvador, Guatemala, Honduras, Korea (Republic of), Mexico, Morocco, Nicaragua, Oman, Panama, Peru, or Singapore.",P_25_003_FTA_country (enumerated list),FTA_Country <-> (Australia v Bahrain v Chile v Colombia v CostaRica v DominicanRepublic v ElSalvador v Guatemala v Honduras v Korea v Mexico v Morocco v Nicaragua v Oman v Panama v Peru v Singapore),None,Biconditional (Bicond): Rule 17; Addition (Add): Rule 8,VALIDATED,PASS,PASS,Definitional biconditional. Exhaustive enumeration of FTA countries.,HIGH
25,25.003,P_25_003_FTA_country_EP,"Free Trade Agreement country end product means an article that: (1) is wholly the growth, product, or manufacture of an FTA country; or (2) has been substantially transformed in an FTA country. Includes incidental services (except transportation) not exceeding article value.",P_25_003_FTA_country_EP_a (wholly FTA origin); P_25_003_FTA_country_EP_b (substantially transformed in FTA); P_25_003_FTA_country_EP_c (incidental services scope),FTA_EP <-> ((WhollyFTA v SubstantiallyTransformed_FTA) ^ IncidentalServices_Scope),P_25_003_FTA_country,Biconditional (Bicond): Rule 17; Addition (Add): Rule 8; Conjunction (Conj): Rule 7,VALIDATED,PASS,PASS,"Standard trade agreement end product pattern: disjunctive origin test plus incidental services scope. Same structure as CBC, LDC, and WTO GPA end products.",HIGH
25,25.003,P_25_003_Israeli_EP,"Israeli end product means an article that: (1) is wholly the growth, product, or manufacture of Israel; or (2) has been substantially transformed in Israel into a new and different article of commerce with a name, character, or use distinct from the original.",P_25_003_Israeli_EP_a (wholly Israeli origin); P_25_003_Israeli_EP_b (substantially transformed in Israel),Israeli_EP <-> (WhollyIsrael v SubstantiallyTransformed_Israel),None,Biconditional (Bicond): Rule 17; Addition (Add): Rule 8,VALIDATED,PASS,PASS,"Standard origin test pattern. Note: Israeli EP does not include incidental services scope language, unlike other trade agreement EP definitions.",HIGH
25,25.003,P_25_003_LDC,"Least developed country means any of the following countries: Afghanistan, Angola, Bangladesh, Benin, Bhutan, Burkina Faso, Burundi, Cambodia, Central African Republic, Chad, Comoros, Democratic Republic of Congo, Djibouti, Equatorial Guinea, Eritrea, Ethiopia, Gambia, Guinea, Guinea-Bissau, Haiti, Kiribati, Laos, Lesotho, Liberia, Madagascar, Malawi, Mali, Mauritania, Mozambique, Nepal, Niger, Rwanda, Samoa, Sao Tome and Principe, Senegal, Sierra Leone, Solomon Islands, Somalia, South Sudan, Tanzania, Timor-Leste, Togo, Tuvalu, Uganda, Vanuatu, Yemen, or Zambia.",P_25_003_LDC (enumerated list of least developed countries),LDC <-> [enumerated list of 47 countries],None,Biconditional (Bicond): Rule 17; Addition (Add): Rule 8,VALIDATED,PASS,PASS,Definitional biconditional. Exhaustive enumeration.,HIGH
25,25.003,P_25_003_LDC_EP,"Least developed country end product means an article that: (1) is wholly the growth, product, or manufacture of a least developed country; or (2) has been substantially transformed in an LDC. Includes incidental services (except transportation) not exceeding article value.",P_25_003_LDC_EP_a (wholly LDC origin); P_25_003_LDC_EP_b (substantially transformed in LDC); P_25_003_LDC_EP_c (incidental services scope),LDC_EP <-> ((WhollyLDC v SubstantiallyTransformed_LDC) ^ IncidentalServices_Scope),P_25_003_LDC,Biconditional (Bicond): Rule 17; Addition (Add): Rule 8; Conjunction (Conj): Rule 7,VALIDATED,PASS,PASS,Standard trade agreement end product pattern. Same structure as FTA and WTO GPA EPs.,HIGH
25,25.003,P_25_003_noneligible_offer,Noneligible offer means an offer of a noneligible product.,P_25_003_noneligible_offer (single atomic),NoneligibleOffer <-> Offer ^ NoneligibleProduct,P_25_003_noneligible_product,Biconditional (Bicond): Rule 17; Conjunction (Conj): Rule 7,VALIDATED,PASS,PASS,Simple definitional biconditional linking offer to product status.,HIGH
25,25.003,P_25_003_noneligible_product,Noneligible product means a foreign end product that is not an eligible product.,P_25_003_noneligible_product (single atomic),NoneligibleProduct <-> ForeignEP ^ ~EligibleProduct,P_25_003_foreign_EP; P_25_003_eligible_product,Biconditional (Bicond): Rule 17; Conjunction (Conj): Rule 7; Negation (Neg): Rule 10,VALIDATED,PASS,PASS,"Definitional biconditional. Must be both foreign AND not eligible. Double condition, not just negation of eligible.",HIGH
25,25.003,P_25_003_predom_iron_steel,"Predominantly of iron or steel or a combination of both means that the cost of the iron and steel content exceeds 50 percent of the total cost of all its components. The cost of iron and steel is the cost of iron or steel mill products (such as bar, billet, slab, wire, plate, or sheet), castings, or forgings utilized in manufacture and a good faith estimate of iron or steel components excluding COTS fasteners.",P_25_003_predom_iron_steel_a (50% cost threshold); P_25_003_predom_iron_steel_b (cost calculation scope),PredominantlyIronSteel <-> (IronSteel_Cost_GT_50pct ^ CostCalcScope),P_25_003_fastener,Biconditional (Bicond): Rule 17; Conjunction (Conj): Rule 7,VALIDATED,PASS,PASS,Definitional biconditional with quantitative threshold. Cost calculation scope clarifies what counts as iron/steel cost. COTS fastener exclusion noted.,HIGH
25,25.003,P_25_003_steel,"Steel means an alloy that includes at least 50 percent iron, between 0.02 and 2 percent carbon, and may include other elements.",P_25_003_steel (single atomic),Steel <-> (Iron_GTE_50pct ^ Carbon_002_to_2pct),None,Biconditional (Bicond): Rule 17; Conjunction (Conj): Rule 7,VALIDATED,PASS,PASS,Simple technical definition with two conjunctive composition requirements. 'May include other elements' is permissive and does not constrain.,HIGH
25,25.003,P_25_003_US,"United States means the 50 States, the District of Columbia, and outlying areas.",P_25_003_US (single atomic),US <-> (FiftyStates v DC v OutlyingAreas),None,Biconditional (Bicond): Rule 17; Addition (Add): Rule 8,VALIDATED,PASS,PASS,Definitional biconditional. Three geographic components.,HIGH
25,25.003,P_25_003_US_made_EP,"U.S.-made end product means an article that is mined, produced, or manufactured in the United States or that is substantially transformed in the United States into a new and different article of commerce with a name, character, or use distinct from that of the article or articles from which it was transformed.",P_25_003_US_made_EP_a (mined/produced/manufactured in US); P_25_003_US_made_EP_b (substantially transformed in US),US_Made_EP <-> (MinedProducedMfg_US v SubstantiallyTransformed_US),P_25_003_US,Biconditional (Bicond): Rule 17; Addition (Add): Rule 8,VALIDATED,PASS,PASS,Definitional biconditional. Broader than domestic end product because it does not require domestic content test. Important distinction per 25.101(b).,HIGH
25,25.003,P_25_003_WTO_GPA_country,"World Trade Organization Government Procurement Agreement country means any of the following countries: Armenia, Aruba, Australia, Austria, Belgium, Bulgaria, Canada, Croatia, Cyprus, Czech Republic, Denmark, Estonia, Finland, France, Germany, Greece, Hong Kong, Hungary, Iceland, Ireland, Israel, Italy, Japan, Korea (Republic of), Latvia, Liechtenstein, Lithuania, Luxembourg, Malta, Moldova, Montenegro, Netherlands, New Zealand, North Macedonia, Norway, Poland, Portugal, Romania, Singapore, Slovak Republic, Slovenia, Spain, Sweden, Switzerland, Taiwan, Ukraine, or United Kingdom.",P_25_003_WTO_GPA_country (enumerated list),WTO_GPA_Country <-> [enumerated list of 48 countries],None,Biconditional (Bicond): Rule 17; Addition (Add): Rule 8,VALIDATED,PASS,PASS,Definitional biconditional. Exhaustive enumeration of WTO GPA countries.,HIGH
25,25.003,P_25_003_WTO_GPA_EP,"WTO GPA country end product means an article that: (1) is wholly the growth, product, or manufacture of a WTO GPA country; or (2) has been substantially transformed in a WTO GPA country. Includes incidental services (except transportation) not exceeding article value.",P_25_003_WTO_GPA_EP_a (wholly WTO GPA origin); P_25_003_WTO_GPA_EP_b (substantially transformed in WTO GPA); P_25_003_WTO_GPA_EP_c (incidental services scope),WTO_GPA_EP <-> ((WhollyWTO v SubstantiallyTransformed_WTO) ^ IncidentalServices_Scope),P_25_003_WTO_GPA_country,Biconditional (Bicond): Rule 17; Addition (Add): Rule 8; Conjunction (Conj): Rule 7,VALIDATED,PASS,PASS,Standard trade agreement end product pattern. Same structure as FTA and LDC EPs.,HIGH
25,25.100,P_25_100,Scope of Subpart 25.1: implements Buy American statute and related executive orders; applies to supplies acquired for use in the United States.,P_25_100_a (implements statutes/EOs); P_25_100_b (applicability to U.S.-use supplies),P_25_100_a ^ P_25_100_b,P_25_100 (external: subpart 25.1),Conjunction (Conj): Rule 7,VALIDATED,PASS,PASS,Parent aggregating implementation authority and applicability scope.,HIGH
25,25.100(a),P_25_100_a,"This subpart implements: (1) 41 U.S.C. chapter 83, Buy American; (2) E.O. 10582; (3) E.O. 13881; (4) E.O. 14005; and (5) waiver of domestic content test for COTS items per 41 U.S.C. 1907, but see 25.101(a)(2)(ii).",P_25_100_a_1 (41 USC 83); P_25_100_a_2 (EO 10582); P_25_100_a_3 (EO 13881); P_25_100_a_4 (EO 14005); P_25_100_a_5 (COTS waiver with caveat),P_25_100_a_1 ^ P_25_100_a_2 ^ P_25_100_a_3 ^ P_25_100_a_4 ^ P_25_100_a_5,P_25_101,Conjunction (Conj): Rule 7,VALIDATED,PASS,PASS,Five conjunctive statutory/executive order authorities. COTS waiver cross-references iron/steel exception at 25.101(a)(2)(ii).,HIGH
25,25.100(b),P_25_100_b,"Applies to supplies acquired for use in the United States, including supplies under small business set-asides, if: (1) the supply contract exceeds the micro-purchase threshold; or (2) the supply portion of a services contract involving furnishing of supplies exceeds the micro-purchase threshold.",P_25_100_b_1 (supply contract > MPT); P_25_100_b_2 (supply portion of services contract > MPT),(SuppliesForUS_Use ^ (SmallBiz_Setaside v OpenCompetition)) -> (P_25_100_b_1 v P_25_100_b_2),None,Material Implication (Impl): Rule 15 [HIGH-RISK]; Conjunction (Conj): Rule 7; Addition (Add): Rule 8,PENDING_REVIEW,PASS,PASS,Applicability conditional: subpart applies when supplies are for U.S. use AND either threshold is met. Rule 15 for conditional trigger.,MEDIUM
25,25.101,P_25_101,"General provisions for Buy American supplies: restriction on non-domestic end products, two-part domestic test, small business treatment, exceptions, and threshold escalation.",P_25_101_a (restriction and test); P_25_101_b (small business); P_25_101_c (exceptions); P_25_101_d (threshold escalation),P_25_101_a ^ P_25_101_b ^ P_25_101_c ^ P_25_101_d,None,Conjunction (Conj): Rule 7,VALIDATED,PASS,PASS,Parent aggregating four main subsections of general provisions.,HIGH
25,25.101(a),P_25_101_a,"The Buy American statute restricts the purchase of supplies that are not domestic end products. For manufactured end products, the Buy American statute, E.O. 13881, and E.O. 14005 use a two-part test to define a domestic end product: (1) manufactured in U.S.; and (2) domestic content test.",P_25_101_a_1 (manufactured in US requirement); P_25_101_a_2 (domestic content test),DomesticEP_Supplies <-> (P_25_101_a_1 ^ P_25_101_a_2),P_25_003_dom_EP,Biconditional (Bicond): Rule 17; Conjunction (Conj): Rule 7,VALIDATED,PASS,PASS,Restates the two-part test from definitions in operational context. Both parts required (conjunctive).,HIGH
25,25.101(a)(1),P_25_101_a_1,The article must be manufactured in the United States.,P_25_101_a_1 (single atomic: manufactured in US),ManufacturedInUS,P_25_003_US,N/A (atomic statement of requirement),VALIDATED,PASS,PASS,Simple mandatory requirement. First prong of two-part test.,HIGH
25,25.101(a)(2),P_25_101_a_2,Domestic content requirements with separate tests for non-iron/steel and iron/steel end products.,P_25_101_a_2_i (non-iron/steel test); P_25_101_a_2_ii (iron/steel test),P_25_101_a_2_i v P_25_101_a_2_ii,None,Addition (Add): Rule 8,VALIDATED,PASS,PASS,Parent for content test. Disjunctive because product falls into one category or the other based on composition.,HIGH
25,25.101(a)(2)(i),P_25_101_a_2_i,"Except for iron/steel end products, domestic component cost must exceed 60% of all component costs (65% for 2024-2028, 75% starting 2029). COTS items are waived from this test per 41 U.S.C. 1907. But see paragraph (a)(2)(ii) for iron/steel COTS.",P_25_101_a_2_i_a (60% base threshold); P_25_101_a_2_i_b (65% for 2024-2028); P_25_101_a_2_i_c (75% starting 2029); P_25_101_a_2_i_d (COTS waiver); P_25_101_a_2_i_e (iron/steel COTS caveat),~IronSteel -> ((ContentThreshold_Applicable ^ (Year_Pre2024 -> 60pct) ^ (Year_2024_2028 -> 65pct) ^ (Year_2029plus -> 75pct)) v COTS_Waiver),P_25_003_predom_iron_steel; P_25_003_dom_EP_1; P_25_101_a_2_ii,Material Implication (Impl): Rule 15 [HIGH-RISK]; Conjunction (Conj): Rule 7; Addition (Add): Rule 8,PENDING_REVIEW,PASS,PASS,Complex conditional with temporal branching. Three escalating thresholds based on delivery year. COTS waiver provides alternative path. Rule 15 for multiple nested conditionals. See 25.101(d) for alternate test authority.,MEDIUM
25,25.101(a)(2)(ii),P_25_101_a_2_ii,"For iron/steel end products, foreign iron and steel must constitute less than 5% of cost of all components. Cost includes foreign mill products, castings, forgings, and estimate of foreign iron/steel components excluding COTS fasteners. COTS waiver does not apply to this category except for COTS fasteners.",P_25_101_a_2_ii_a (5% threshold); P_25_101_a_2_ii_b (cost calculation scope); P_25_101_a_2_ii_c (no COTS waiver); P_25_101_a_2_ii_d (COTS fastener exception),IronSteel -> (ForeignIronSteel_LT_5pct ^ CostCalcScope ^ ~COTS_Waiver ^ COTS_Fastener_Exception),P_25_003_predom_iron_steel; P_25_003_foreign_iron_steel; P_25_003_fastener,Material Implication (Impl): Rule 15 [HIGH-RISK]; Conjunction (Conj): Rule 7; Negation (Neg): Rule 10,PENDING_REVIEW,PASS,PASS,Stricter test for iron/steel. No COTS waiver (negation) except for fasteners. Rule 15 for conditional on iron/steel status.,MEDIUM
25,25.101(b),P_25_101_b,"The Buy American statute applies to small business set-asides. A manufactured product of a small business concern is a U.S.-made end product, but is not a domestic end product unless it meets the domestic content test in paragraph (a)(2).",P_25_101_b_a (BA applies to SB set-asides); P_25_101_b_b (SB product = US-made EP); P_25_101_b_c (SB product not domestic EP without content test),SmallBiz_Product -> (US_Made_EP ^ (~ContentTest -> ~DomesticEP)),P_25_003_US_made_EP; P_25_003_dom_EP; P_25_101_a_2,Material Implication (Impl): Rule 15 [HIGH-RISK]; Conjunction (Conj): Rule 7; Negation (Neg): Rule 10,PENDING_REVIEW,PASS,PASS,Critical distinction: U.S.-made is not the same as domestic. Small business products automatically qualify as U.S.-made but must still pass content test for domestic status. Rule 15 for both conditionals.,MEDIUM
25,25.101(c),P_25_101_c,Exceptions allowing purchase of foreign end products are listed at 25.103. The unreasonable cost exception is implemented through an evaluation factor applied to low foreign offers that are not eligible offers. The evaluation factor is not used to provide preference for one foreign offer over another.,P_25_101_c_a (exceptions at 25.103); P_25_101_c_b (eval factor on non-eligible foreign offers); P_25_101_c_c (no foreign-to-foreign preference),P_25_101_c_a ^ (LowForeignOffer ^ ~EligibleOffer -> EvalFactor_Applied) ^ ~ForeignToForeign_Preference,P_25_103; P_25_003_eligible_offer,Conjunction (Conj): Rule 7; Material Implication (Impl): Rule 15 [HIGH-RISK]; Negation (Neg): Rule 10,PENDING_REVIEW,PASS,PASS,Three conjunctive provisions. Evaluation factor conditional on non-eligible foreign low offer. Explicit prohibition on using factor for foreign-to-foreign comparison.,MEDIUM
25,25.101(d),P_25_101_d,"Contracts spanning domestic content threshold increases must comply with each increased threshold per delivery year, with authority for alternate test.",P_25_101_d_1 (threshold compliance per year); P_25_101_d_2 (alternate test procedures),P_25_101_d_1 ^ P_25_101_d_2,None,Conjunction (Conj): Rule 7,VALIDATED,PASS,PASS,Parent for threshold escalation management provisions.,HIGH
25,25.101(d)(1),P_25_101_d_1,"A contract spanning threshold increases must comply with each increased threshold for items in the year of delivery, unless the senior procurement executive allows application of an alternate domestic content test where the threshold at contract award applies to the entire period of performance. This authority is not delegable. The SPE must consult the MIAO before allowing the alternate test.",P_25_101_d_1_a (comply per year default); P_25_101_d_1_b (SPE alternate test authority); P_25_101_d_1_c (not delegable); P_25_101_d_1_d (MIAO consultation required),(SpanningContract -> ComplyPerYear) ^ (SPE_Alternate -> (AwardThreshold_AllYears ^ ~Delegable ^ MIAO_Consulted)),P_25_101_a_2_i,Material Implication (Impl): Rule 15 [HIGH-RISK]; Conjunction (Conj): Rule 7; Negation (Neg): Rule 10,PENDING_REVIEW,PASS,PASS,Two parallel conditionals: default rule and exception. SPE alternate triggers three conjunctive requirements. Non-delegation is a hard constraint. Rule 15 for both conditional paths.,MEDIUM
25,25.101(d)(2),P_25_101_d_2,"When a senior procurement executive allows application of an alternate domestic content test for a contract, specific clause alternates and fill-in procedures apply.",P_25_101_d_2_i (clause alternates); P_25_101_d_2_ii (fill-in procedures),SPE_Alternate -> (P_25_101_d_2_i ^ P_25_101_d_2_ii),P_25_101_d_1,Material Implication (Impl): Rule 15 [HIGH-RISK]; Conjunction (Conj): Rule 7,PENDING_REVIEW,PASS,PASS,Conditional on SPE alternate approval. Both clause and fill-in actions required. Rule 15 for conditional.,MEDIUM
25,25.101(d)(2)(i),P_25_101_d_2_i,See 25.601(a)(1)(ii) or 25.601(b)(1)(v) for use of the appropriate Alternate clause to reflect the domestic content threshold that will apply to the entire period of performance.,P_25_101_d_2_i (cross-reference to clause alternates),SPE_Alternate -> (Alt_25_601_a_1_ii v Alt_25_601_b_1_v),External: FAR 25.601 (not in this file),Material Implication (Impl): Rule 15 [HIGH-RISK]; Addition (Add): Rule 8,PENDING_REVIEW,PASS,PASS,Cross-reference to clause prescription. Disjunctive because appropriate alternate depends on solicitation type. External dependency on 25.601.,MEDIUM
25,25.101(d)(2)(ii),P_25_101_d_2_ii,"Use the fill-in at 52.213-4(b)(1)(xviii)(B) instead of including 52.225-1 Alternate I when using 52.213-4, Terms and Conditions -- Simplified Acquisitions (Other Than Commercial Products and Commercial Services).",P_25_101_d_2_ii (fill-in substitution for simplified acquisitions),SimplifiedAcq_52_213_4 ^ SPE_Alternate -> FillIn_52_213_4_b_1_xviii_B ^ ~Include_52_225_1_Alt_I,External: FAR 52.213-4; External: FAR 52.225-1,Material Implication (Impl): Rule 15 [HIGH-RISK]; Conjunction (Conj): Rule 7; Negation (Neg): Rule 10,PENDING_REVIEW,PASS,PASS,"Conditional on both simplified acquisition context and SPE alternate. Substitution: use fill-in, do not include alternate. External deps on FAR 52 clauses.",MEDIUM
25,25.102,P_25_102,"Except as provided in 25.103, acquire only domestic end products for public use inside the United States.",P_25_102 (single atomic: domestic-only policy with exception reference),~Exception_25_103 -> DomesticEP_Only,P_25_103; P_25_003_dom_EP,Material Implication (Impl): Rule 15 [HIGH-RISK]; Negation (Neg): Rule 10,PENDING_REVIEW,PASS,PASS,Core policy statement. Absence of exception triggers mandatory domestic-only acquisition. Rule 15 for conditional. This is the foundational Buy American requirement for supplies.,MEDIUM
25,25.103,P_25_103,"When one of the following exceptions applies, the CO may acquire a foreign end product without regard to Buy American restrictions.",P_25_103_a (public interest); P_25_103_b (nonavailability); P_25_103_c (unreasonable cost); P_25_103_d (resale); P_25_103_e (IT commercial product),Exception_Applies -> (CO_May_Acquire_Foreign v ~CO_May_Acquire_Foreign),P_25_102,Material Implication (Impl): Rule 15 [HIGH-RISK]; Tautology (Taut): Rule 18,PENDING_REVIEW,PASS,PASS,"Permissive 'may' -- exception triggers discretion, not mandate. CO retains authority to still require domestic even when exception applies. Rule 15 for conditional, Rule 18 for tautological consequent.",MEDIUM
25,25.103(a),P_25_103_a,Public interest. The head of the agency may make a determination that domestic preference would be inconsistent with the public interest. This exception applies when an agency has an agreement with a foreign government that provides a blanket exception to the Buy American statute.,P_25_103_a_a (agency head determination authority); P_25_103_a_b (foreign government agreement as trigger),AgencyHead_PublicInterest_Determination -> (DomPref_Inconsistent -> (BA_Exception v ~BA_Exception)),None,Material Implication (Impl): Rule 15 [HIGH-RISK]; Tautology (Taut): Rule 18,PENDING_REVIEW,PASS,PASS,"Two-level conditional: agency head determines inconsistency, which enables discretionary exception. 'May' = permissive. Foreign government agreement is an example trigger, not exhaustive.",MEDIUM
25,25.103(b),P_25_103_b,"Nonavailability. The Buy American statute does not apply with respect to articles, materials, or supplies if articles of the class or kind to be acquired are not mined, produced, or manufactured in the United States in sufficient and reasonably available commercial quantities and of a satisfactory quality.",P_25_103_b_1 (class nonavailability); P_25_103_b_2 (individual nonavailability),Nonavailable -> ~BA_Applies,None,Material Implication (Impl): Rule 15 [HIGH-RISK]; Negation (Neg): Rule 10,PENDING_REVIEW,PASS,PASS,Nonavailability is mandatory exception (not discretionary): statute 'does not apply.' Stronger than 'may.' Rule 15 for conditional. Two sub-pathways: class and individual determinations.,MEDIUM
25,25.103(b)(1),P_25_103_b_1,Class nonavailability determinations.,P_25_103_b_1_i (determination for listed articles); P_25_103_b_1_ii (market research duty); P_25_103_b_1_iii (domestic availability override),P_25_103_b_1_i ^ P_25_103_b_1_ii ^ P_25_103_b_1_iii,P_25_104,Conjunction (Conj): Rule 7,VALIDATED,PASS,PASS,Parent for class nonavailability. Three conjunctive provisions all apply.,HIGH
25,25.103(b)(1)(i),P_25_103_b_1_i,"A nonavailability determination has been made for the articles listed in 25.104. This determination does not necessarily mean no domestic source exists, but that domestic sources can only meet 50 percent or less of total U.S. Government and nongovernment demand.",P_25_103_b_1_i_a (determination exists for 25.104 articles); P_25_103_b_1_i_b (50% or less demand threshold),Article_Listed_25_104 -> (Nonavailability_Determined ^ DomesticSupply_LTE_50pct_Demand),P_25_104,Material Implication (Impl): Rule 15 [HIGH-RISK]; Conjunction (Conj): Rule 7,PENDING_REVIEW,PASS,PASS,"Conditional: listing triggers pre-existing determination. 50% threshold is explanatory of the determination standard, not an independent test. Rule 15 for conditional.",MEDIUM
25,25.103(b)(1)(ii),P_25_103_b_1_ii,"Before acquisition of an article on the list, the procuring agency is responsible to conduct market research appropriate to the circumstances, including seeking domestic sources. This applies to acquisition as: (A) an end product; or (B) a significant component (valued at more than 50 percent of the value of all components).",P_25_103_b_1_ii_a (market research required); P_25_103_b_1_ii_b (applies to end products); P_25_103_b_1_ii_c (applies to significant components > 50% value),Article_Listed_25_104 ^ PreAcquisition -> (MarketResearch ^ (EndProduct v SignificantComponent_GT_50pct)),P_25_104,Material Implication (Impl): Rule 15 [HIGH-RISK]; Conjunction (Conj): Rule 7; Addition (Add): Rule 8,PENDING_REVIEW,PASS,PASS,Mandatory market research before acquiring listed article. Applies whether acquired as end product or significant component. Rule 15 for conditional.,MEDIUM
25,25.103(b)(1)(iii),P_25_103_b_1_iii,The determination in paragraph (b)(1)(i) does not apply if the CO learns before receipt of bids/final offers that a listed article is available domestically in sufficient commercial quantities of satisfactory quality.,P_25_103_b_1_iii_a (domestic availability discovered); P_25_103_b_1_iii_b (before bid receipt); P_25_103_b_1_iii_c (nonavailability determination overridden),(DomesticAvailability_Discovered ^ BeforeBidReceipt) -> ~Nonavailability_Determination,P_25_103_b_1_i,Material Implication (Impl): Rule 15 [HIGH-RISK]; Conjunction (Conj): Rule 7; Negation (Neg): Rule 10,PENDING_REVIEW,PASS,PASS,"Override conditional: if domestic availability found before bids, class nonavailability no longer applies. Both conditions required. Rule 15 for conditional.",MEDIUM
25,25.103(b)(1)(iii)(A),P_25_103_b_1_iii_A,"Ensure that the appropriate Buy American statute provision and clause are included in the solicitation (see 25.601(a), 25.601(b), or 25.602).",P_25_103_b_1_iii_A (include BA provision and clause in solicitation),DomesticAvailability_Override -> BA_Provision_Clause_InSolicitation,External: FAR 25.601 (not in this file); External: FAR 25.602 (not in this file),Material Implication (Impl): Rule 15 [HIGH-RISK],PENDING_REVIEW,PASS,PASS,Mandatory action triggered by domestic availability override. Rule 15 for conditional. External deps on 25.601/25.602.,MEDIUM
25,25.103(b)(1)(iii)(B),P_25_103_b_1_iii_B,Specify in the solicitation that the article is available domestically and that offerors and contractors may not treat foreign components of the same class or kind as domestic components.,P_25_103_b_1_iii_B_a (specify domestic availability); P_25_103_b_1_iii_B_b (prohibit treating foreign as domestic),DomesticAvailability_Override -> (Specify_DomAvail ^ ~ForeignAsDomestic_Permitted),P_25_103_b_1_iii,Material Implication (Impl): Rule 15 [HIGH-RISK]; Conjunction (Conj): Rule 7; Negation (Neg): Rule 10,PENDING_REVIEW,PASS,PASS,Two mandatory solicitation actions when override applies. Rule 15 for conditional.,MEDIUM
25,25.103(b)(1)(iii)(C),P_25_103_b_1_iii_C,"Submit a copy of supporting documentation to agency representative at the FAR Council, in accordance with agency procedures, for possible removal of the article from the list.",P_25_103_b_1_iii_C (submit documentation to FAR Council for list removal),DomesticAvailability_Override -> SubmitDoc_FARCouncil_ForRemoval,P_25_103_b_1_iii; P_25_104,Material Implication (Impl): Rule 15 [HIGH-RISK],PENDING_REVIEW,PASS,PASS,Mandatory documentation submission when domestic availability override occurs. Feeds list maintenance process at 25.104. Rule 15 for conditional.,MEDIUM
25,25.103(b)(2),P_25_103_b_2,Individual nonavailability determinations.,P_25_103_b_2_i (HCA determination); P_25_103_b_2_ii (FAR Council submission); P_25_103_b_2_iii (MIAO portal requirements),P_25_103_b_2_i ^ P_25_103_b_2_ii ^ P_25_103_b_2_iii,None,Conjunction (Conj): Rule 7,VALIDATED,PASS,PASS,Parent for individual nonavailability. Three conjunctive provisions.,HIGH
25,25.103(b)(2)(i),P_25_103_b_2_i,"The head of the contracting activity must first make a determination that an article is not mined, produced, or manufactured in the U.S. in sufficient and reasonably available commercial quantities of a satisfactory quality, in accordance with agency procedures. Prior to award, the agency must comply with (b)(2)(iii). A determination is not required before January 1, 2030, if there is an offer for a foreign end product that exceeds 55 percent domestic content.",P_25_103_b_2_i_a (HCA determination required); P_25_103_b_2_i_b (pre-award MIAO compliance); P_25_103_b_2_i_c (pre-2030 55% content exception),IndivNonavail -> (HCA_Determination ^ PreAward_MIAO_Compliance) ^ (Pre2030 ^ ForeignOffer_GT_55pct -> ~HCA_Determination_Required),P_25_103_b_2_iii; P_25_106,Material Implication (Impl): Rule 15 [HIGH-RISK]; Conjunction (Conj): Rule 7; Negation (Neg): Rule 10,PENDING_REVIEW,PASS,PASS,Complex conditional with temporal exception. Default requires HCA determination and MIAO compliance. Pre-2030 exception waives determination if foreign offer exceeds 55% content. Rule 15 for multiple conditionals.,MEDIUM
25,25.103(b)(2)(ii),P_25_103_b_2_ii,"If the CO considers that the nonavailability of an article is likely to affect future acquisitions, the CO may submit a copy of the determination and supporting documentation to its agency representative at the FAR Council for possible addition to the list in 25.104.",P_25_103_b_2_ii (discretionary FAR Council submission for list addition),LikelyFutureImpact -> (Submit_FARCouncil v ~Submit_FARCouncil),P_25_104,Material Implication (Impl): Rule 15 [HIGH-RISK]; Tautology (Taut): Rule 18,PENDING_REVIEW,PASS,PASS,Permissive 'may': CO has discretion to submit for list addition. Tautological consequent reflects discretion. Rule 15 for conditional.,MEDIUM
25,25.103(b)(2)(iii),P_25_103_b_2_iii,"Contracting officers must submit a proposed individual nonavailability waiver for review and posting to MadeinAmerica.gov using the digital waiver portal by the MIAO, unless an exception applies. The CO must not make an award until MIAO has completed review, waived the requirement for review, or an exception applies. Agencies issue final waivers only after completing coordination with OMB.",P_25_103_b_2_iii_a (MIAO submission required); P_25_103_b_2_iii_b (no award until MIAO review/waiver/exception); P_25_103_b_2_iii_c (OMB coordination for final waivers),(IndivNonavail ^ ~Exception_D) -> (MIAO_Submission ^ ~Award_Until_MIAO ^ OMB_Coordination),None,Material Implication (Impl): Rule 15 [HIGH-RISK]; Conjunction (Conj): Rule 7; Negation (Neg): Rule 10,PENDING_REVIEW,PASS,PASS,Mandatory MIAO process with award hold. Three conjunctive requirements when no exception applies. Exception pathway at (D). Rule 15 for conditional.,MEDIUM
25,25.103(b)(2)(iii)(A),P_25_103_b_2_iii_A,"Contracting officers must post a proposed individual nonavailability waiver determination to MadeinAmerica.gov by inputting required information into a digital waiver. The digital waiver requires standardized information per OMB guidance, proposed duration, and classification as multi-procurement waiver (IDV) or individual waiver (non-IDV).",P_25_103_b_2_iii_A_a (digital waiver input); P_25_103_b_2_iii_A_b (standardized info per OMB); P_25_103_b_2_iii_A_c (duration); P_25_103_b_2_iii_A_d (waiver type classification),MIAO_Submission -> (DigitalWaiver_Input ^ OMB_StandardInfo ^ Duration_Specified ^ WaiverType_Classified),P_25_103_b_2_iii,Material Implication (Impl): Rule 15 [HIGH-RISK]; Conjunction (Conj): Rule 7,PENDING_REVIEW,PASS,PASS,Four conjunctive requirements for digital waiver submission. Rule 15 for conditional on MIAO submission obligation.,MEDIUM
25,25.103(b)(2)(iii)(B),P_25_103_b_2_iii_B,"Unless waived, all proposed nonavailability waiver information posted using the digital waiver will be reviewed by MIAO. Certain information will be public immediately upon posting and prior to MIAO review. The digital waiver identifies public vs. government-only fields. COs must not enter source selection information in any field. COs must not enter in public fields any information that cannot be made public.",P_25_103_b_2_iii_B_a (MIAO reviews all unless waived); P_25_103_b_2_iii_B_b (certain info public immediately); P_25_103_b_2_iii_B_c (no source selection info in any field); P_25_103_b_2_iii_B_d (no non-public info in public fields),(~Waived -> MIAO_Review) ^ PublicFields_Immediate ^ ~SourceSelectionInfo_AnyField ^ ~NonPublicInfo_PublicFields,P_25_103_b_2_iii,Material Implication (Impl): Rule 15 [HIGH-RISK]; Conjunction (Conj): Rule 7; Negation (Neg): Rule 10,PENDING_REVIEW,PASS,PASS,Mixed conditional and prohibitions. MIAO review conditional on non-waiver. Two absolute prohibitions on information handling. Cross-ref to 2.101 and 3.104 for source selection definition.,MEDIUM
25,25.103(b)(2)(iii)(C),P_25_103_b_2_iii_C,"MIAO plans to complete majority of nonavailability waiver reviews within 15 business days from submission. Small dollar transactions (e.g., over MPT but less than $25,000) generally reviewed rapidly. Larger and more complex acquisitions, or waivers implicating critical supply chains, may take the full 15 business days. COs should consider timeframes for acquisition planning.",P_25_103_b_2_iii_C_a (15 business day target); P_25_103_b_2_iii_C_b (small dollar faster); P_25_103_b_2_iii_C_c (complex may take full 15 days); P_25_103_b_2_iii_C_d (planning consideration),MIAO_Review -> (Target_15BizDays ^ (SmallDollar -> FasterReview) ^ (Complex -> FullTimeline)) ^ PlanningConsideration,P_25_103_b_2_iii,Material Implication (Impl): Rule 15 [HIGH-RISK]; Conjunction (Conj): Rule 7,PENDING_REVIEW,PASS,PASS,"'Plans to complete' and 'should consider' are advisory/descriptive, not mandatory. Timeline is a planning estimate, not a binding deadline. Rule 15 for conditional structure.",MEDIUM
25,25.103(b)(2)(iii)(D),P_25_103_b_2_iii_D,Contracting officers are not required to post proposed individual nonavailability waiver determinations to MadeinAmerica.gov prior to issuance when specific exceptions apply.,P_25_103_b_2_iii_D_1 (urgency exception); P_25_103_b_2_iii_D_2 (class nonavailability exception),P_25_103_b_2_iii_D_1 v P_25_103_b_2_iii_D_2 -> ~PreAward_MIAO_Posting_Required,P_25_103_b_2_iii,Material Implication (Impl): Rule 15 [HIGH-RISK]; Addition (Add): Rule 8; Negation (Neg): Rule 10,PENDING_REVIEW,PASS,PASS,Disjunctive exception: either exception pathway negates pre-award posting requirement. Rule 15 for conditional.,MEDIUM
25,25.103(b)(2)(iii)(D)(1),P_25_103_b_2_iii_D_1,Acquisition conducted under reduced competition due to urgency (see FAR 6.103-2 and 13.101(b)) or where agency is obligated by law to act more quickly than review procedures allow. COs must file urgent requirement report using digital waiver portal within 30 days of award. MIAO will make relevant information available to public but will not make a determination on such waivers.,P_25_103_b_2_iii_D_1_a (urgency/legal speed requirement); P_25_103_b_2_iii_D_1_b (30-day post-award report); P_25_103_b_2_iii_D_1_c (MIAO publishes but no determination),(Urgency v LegalSpeedReq) -> (~PreAward_Posting ^ PostAward_Report_30Days ^ MIAO_PublishOnly),External: FAR 13.101(b); External: FAR 6.103-2,Material Implication (Impl): Rule 15 [HIGH-RISK]; Addition (Add): Rule 8; Conjunction (Conj): Rule 7; Negation (Neg): Rule 10,PENDING_REVIEW,PASS,PASS,Exception with compensating control: no pre-award posting but mandatory 30-day post-award report. MIAO role limited to publication only. Rule 15 for conditional.,MEDIUM
25,25.103(b)(2)(iii)(D)(2),P_25_103_b_2_iii_D_2,The acquisition is for products that have been determined to be nonavailable on a class basis and are listed in 25.104.,P_25_103_b_2_iii_D_2 (class nonavailability listed at 25.104),ClassNonavail_25_104 -> ~PreAward_MIAO_Posting_Required,P_25_104,Material Implication (Impl): Rule 15 [HIGH-RISK]; Negation (Neg): Rule 10,PENDING_REVIEW,PASS,PASS,"Logical: class determination already made, so individual MIAO posting redundant. Rule 15 for conditional.",MEDIUM
25,25.103(c),P_25_103_c,"Unreasonable cost. The contracting officer may determine that the cost of a domestic end product would be unreasonable, in accordance with 25.106 and subpart 25.5.",P_25_103_c (unreasonable cost exception),CO_UnreasonableCost_Determination -> (BA_Exception v ~BA_Exception),P_25_106,Material Implication (Impl): Rule 15 [HIGH-RISK]; Tautology (Taut): Rule 18,PENDING_REVIEW,PASS,PASS,Permissive 'may': CO has discretion. Tautological consequent. Procedures at 25.106 and subpart 25.5 govern the determination methodology.,MEDIUM
25,25.103(d),P_25_103_d,Resale. The contracting officer may purchase foreign end products specifically for commissary resale.,P_25_103_d (commissary resale exception),CommissaryResale -> (Purchase_ForeignEP v ~Purchase_ForeignEP),None,Material Implication (Impl): Rule 15 [HIGH-RISK]; Tautology (Taut): Rule 18,PENDING_REVIEW,PASS,PASS,Permissive 'may': CO has discretion for commissary resale context. Narrow exception limited to resale purpose.,MEDIUM
25,25.103(e),P_25_103_e,"Information technology that is a commercial product. The restriction on purchasing foreign end products does not apply to the acquisition of information technology that is a commercial product, when using fiscal year 2004 or subsequent fiscal year funds.",P_25_103_e_a (IT commercial product); P_25_103_e_b (FY2004+ funds),(IT_CommercialProduct ^ FY2004_Plus_Funds) -> ~BA_Restriction,None,Material Implication (Impl): Rule 15 [HIGH-RISK]; Conjunction (Conj): Rule 7; Negation (Neg): Rule 10,PENDING_REVIEW,PASS,PASS,Mandatory exception (not discretionary): 'does not apply.' Two conjunctive conditions required. Statutory authority: section 535(a) of Consolidated Appropriations Act 2004. Rule 15 for conditional.,MEDIUM
25,25.104,P_25_104,Nonavailable articles: list of articles determined nonavailable and publication requirements.,P_25_104_a (article list); P_25_104_b (publication requirement),P_25_104_a ^ P_25_104_b,P_25_103_b_1_i,Conjunction (Conj): Rule 7,VALIDATED,PASS,PASS,Parent combining the list and its maintenance provision.,HIGH
25,25.104(a),P_25_104_a,"The following 39 articles have been determined to be nonavailable in accordance with 25.103(b)(1)(i): (1) Antimony through (39) Water chestnuts. [Full enumerated list of 39 articles including metals, agricultural products, fibers, chemicals, and specialty items.]",P_25_104_a (enumerated list of 39 nonavailable articles),Nonavailable_Article <-> (Antimony v BambooShoots v Bananas v Bismuth v Books_NonDomestic v BrazilNuts v Capers v CashewNuts v Chestnuts v ChromeOre v CocoaBeans v Coconut v Coffee v Cork v CoverGlass v FairLinen v Fibers_Listed v Grapefruit v HempYarn v HogBristles v Hyoscine v ModacrylicFiber v Nitroguanidine v Oranges_Mandarin v Pineapple v QuartzCrystals v Rubber v Rutile v Silk v SpareParts_ForeignEquip v Spices v Swords v TapiokaFlour v Tartar v Tea v Tin v VanillaBeans v Venom_Cobra v WaterChestnuts),P_25_103_b_1_i,Biconditional (Bicond): Rule 17; Addition (Add): Rule 8,VALIDATED,PASS,PASS,Exhaustive enumeration of class nonavailability articles. Biconditional: article is nonavailable under this section if and only if it is on this list.,HIGH
25,25.104(b),P_25_104_b,This list will be published in the Federal Register for public comment no less frequently than once every five years.,P_25_104_b (five-year publication requirement),FedReg_Publication_LTE_5Years,None,"N/A (procedural requirement, no logical operators needed)",VALIDATED,PASS,PASS,Administrative requirement for list maintenance. Maximum five-year cycle.,HIGH
25,25.105,P_25_105,"Critical components and critical items: list, publication, and cross-reference to cost reasonableness.",P_25_105_a (list and preference factors); P_25_105_b (publication); P_25_105_c (cost reasonableness cross-ref),P_25_105_a ^ P_25_105_b ^ P_25_105_c,None,Conjunction (Conj): Rule 7,VALIDATED,PASS,PASS,Parent for critical items provisions.,HIGH
25,25.105(a),P_25_105_a,The following is a list of articles determined to be a critical component or critical item and their respective preference factor(s). (1)-(2) [Reserved].,P_25_105_a (list with reserved entries),CriticalList_25_105 ^ Reserved_1_2,P_25_003_critical_component; P_25_003_critical_item,Conjunction (Conj): Rule 7,VALIDATED,PASS,PASS,Currently no articles listed (both entries reserved). Framework exists for future additions. Preference factors would be specified per article.,HIGH
25,25.105(b),P_25_105_b,The list of articles and preference factors in paragraph (a) will be published in the Federal Register for public comment no less frequently than once every 4 years.,P_25_105_b (four-year publication requirement),FedReg_Publication_LTE_4Years,P_25_105_a,N/A (procedural requirement),VALIDATED,PASS,PASS,Administrative requirement. Four-year cycle (shorter than 25.104's five-year cycle).,HIGH
25,25.105(c),P_25_105_c,For determining reasonableness of cost for domestic end products that contain critical components or are critical items (see 25.106(c)).,P_25_105_c (cross-reference to 25.106(c)),CriticalItem_CostReason -> P_25_106_c,P_25_106_c,Material Implication (Impl): Rule 15 [HIGH-RISK],PENDING_REVIEW,PASS,PASS,Directional cross-reference to cost reasonableness procedures. Rule 15 for conditional linkage.,MEDIUM
25,25.106,P_25_106,"Determining reasonableness of cost: evaluation factor requirements, procedures for non-critical and critical end products.",P_25_106_a (CO requirements); P_25_106_b (non-critical evaluation); P_25_106_c (critical evaluation),P_25_106_a ^ P_25_106_b ^ P_25_106_c,None,Conjunction (Conj): Rule 7,VALIDATED,PASS,PASS,Parent for cost reasonableness determination. Three main subsections.,HIGH
25,25.106(a),P_25_106_a,CO requirements for evaluation factors.,P_25_106_a_1 (use prescribed factors unless agency head overrides); P_25_106_a_2 (no factors on eligible products under trade agreements),P_25_106_a_1 ^ P_25_106_a_2,None,Conjunction (Conj): Rule 7,VALIDATED,PASS,PASS,Parent for CO factor requirements. Both provisions apply concurrently.,HIGH
25,25.106(a)(1),P_25_106_a_1,"Must use the evaluation factors in paragraphs (b) and (c) unless the head of the agency makes a written determination that the use of higher factors is more appropriate. If the determination applies to all agency acquisitions, the agency evaluation factors must be published in agency regulations.",P_25_106_a_1_a (use (b) and (c) factors by default); P_25_106_a_1_b (agency head may override with higher factors); P_25_106_a_1_c (agency-wide override must be published),(~AgencyHead_Override -> Use_b_c_Factors) ^ (AgencyHead_Override -> HigherFactors ^ (AgencyWide -> Published_InRegs)),P_25_106_b; P_25_106_c,Material Implication (Impl): Rule 15 [HIGH-RISK]; Conjunction (Conj): Rule 7; Negation (Neg): Rule 10,PENDING_REVIEW,PASS,PASS,Default rule with override authority. Override limited to higher factors only (cannot lower). Agency-wide overrides require regulatory publication. Rule 15 for both default and override conditionals.,MEDIUM
25,25.106(a)(2),P_25_106_a_2,Must not apply evaluation factors to offers of eligible products if the acquisition is subject to a trade agreement under subpart 25.4.,P_25_106_a_2 (prohibition on factors for eligible products under trade agreements),(EligibleProduct ^ TradeAgreement_25_4) -> ~EvalFactor_Applied,External: subpart 25.4 (not in this file); P_25_003_eligible_product,Material Implication (Impl): Rule 15 [HIGH-RISK]; Conjunction (Conj): Rule 7; Negation (Neg): Rule 10,PENDING_REVIEW,PASS,PASS,Mandatory prohibition. Two conjunctive conditions trigger negation of evaluation factor application. This implements trade agreement nondiscrimination. Rule 15 for conditional.,MEDIUM
25,25.106(b),P_25_106_b,For end products that are not critical items and do not contain critical components.,P_25_106_b_1 (standard evaluation); P_25_106_b_2 (fallback for >55% content),~CriticalItem ^ ~ContainsCriticalComponent -> (P_25_106_b_1 ^ P_25_106_b_2),P_25_003_critical_item; P_25_003_critical_component,Material Implication (Impl): Rule 15 [HIGH-RISK]; Conjunction (Conj): Rule 7; Negation (Neg): Rule 10,PENDING_REVIEW,PASS,PASS,Conditional on non-critical status. Both standard and fallback procedures apply. Rule 15 for conditional.,MEDIUM
25,25.106(b)(1),P_25_106_b_1,Standard evaluation procedure for non-critical end products.,P_25_106_b_1_i (add percentage to low foreign offer); P_25_106_b_1_ii (reasonableness test),P_25_106_b_1_i ^ P_25_106_b_1_ii,None,Conjunction (Conj): Rule 7,VALIDATED,PASS,PASS,Parent for standard non-critical evaluation. Factor application and reasonableness test both apply.,HIGH
25,25.106(b)(1)(i),P_25_106_b_1_i,"If there is a domestic offer that is not the low offer, and the restrictions of the Buy American statute apply to the low offer, the CO must determine reasonableness by adding to the price of the low offer, inclusive of duty: (A) 20 percent if lowest domestic offer from large business; or (B) 30 percent if lowest domestic offer from small business.",P_25_106_b_1_i_A (20% large business); P_25_106_b_1_i_B (30% small business),(DomOffer_NotLow ^ BA_Applies_LowOffer) -> (P_25_106_b_1_i_A v P_25_106_b_1_i_B),P_25_003_dom_offer,Material Implication (Impl): Rule 15 [HIGH-RISK]; Conjunction (Conj): Rule 7; Addition (Add): Rule 8,PENDING_REVIEW,PASS,PASS,Conditional evaluation: two conditions trigger mandatory factor application. Factor selection disjunctive based on business size. Rule 15 for conditional.,MEDIUM
25,25.106(b)(1)(i)(A),P_25_106_b_1_i_A,"20 percent, if the lowest domestic offer is from a large business concern.",P_25_106_b_1_i_A (20% large business factor),LargeBusiness_DomOffer -> Add_20pct_ToLowOffer,P_25_106_b_1_i,Material Implication (Impl): Rule 15 [HIGH-RISK],PENDING_REVIEW,PASS,PASS,Conditional factor: large business status triggers 20% evaluation factor. Rule 15.,MEDIUM
25,25.106(b)(1)(i)(B),P_25_106_b_1_i_B,"30 percent, if the lowest domestic offer is from a small business concern. The CO must use this factor, or another factor established in agency regulations, in small business set-asides if the low offer is from a small business concern offering the product of a small business concern that is not a domestic end product.",P_25_106_b_1_i_B_a (30% small business factor); P_25_106_b_1_i_B_b (SB set-aside application),SmallBusiness_DomOffer -> Add_30pct_ToLowOffer ^ (SB_Setaside ^ SB_NonDomestic_LowOffer -> Use_30pct_OrAgencyFactor),P_25_106_b_1_i; P_25_101_b,Material Implication (Impl): Rule 15 [HIGH-RISK]; Conjunction (Conj): Rule 7,PENDING_REVIEW,PASS,PASS,30% factor for small business with additional rule for set-aside context. Connects to 25.101(b) distinction between US-made and domestic. Rule 15 for nested conditionals.,MEDIUM
25,25.106(b)(1)(ii),P_25_106_b_1_ii,The price of the domestic offer is reasonable if it does not exceed the evaluated price of the low offer after addition of the appropriate evaluation factor in accordance with paragraph (a) or (b)(1)(i).,P_25_106_b_1_ii (reasonableness test: domestic price <= evaluated foreign price),DomPrice_LTE_EvaluatedForeignPrice <-> Reasonable,P_25_106_b_1_i; P_25_106_a,Biconditional (Bicond): Rule 17,VALIDATED,PASS,PASS,Biconditional reasonableness test. Domestic offer is reasonable if and only if it does not exceed the factor-adjusted foreign price.,HIGH
25,25.106(b)(2),P_25_106_b_2,"Fallback evaluation for non-COTS, non-iron/steel foreign end products exceeding 55 percent domestic content when initial evaluation finds domestic offer unreasonable or no domestic offer received.",P_25_106_b_2_i (treat as domestic and apply factors); P_25_106_b_2_ii (reasonableness test); P_25_106_b_2_iii (sunset 2030),P_25_106_b_2_i ^ P_25_106_b_2_ii ^ P_25_106_b_2_iii,P_25_106_b_1,Conjunction (Conj): Rule 7,VALIDATED,PASS,PASS,Parent for fallback evaluation. All three provisions apply. Sunset clause limits temporal applicability.,HIGH
25,25.106(b)(2)(i),P_25_106_b_2_i,"For non-COTS, non-iron/steel end products, if (b)(1)(i) results in unreasonable cost for domestic or no domestic offer received, and low offer is foreign with <= 55% domestic content, the CO must: (A) treat lowest foreign EP manufactured in U.S. exceeding 55% content as domestic; and (B) apply (b)(1)(i) factors to low offer.",P_25_106_b_2_i_A (treat as domestic); P_25_106_b_2_i_B (apply factors),(~COTS ^ ~IronSteel ^ (DomUnreasonable v ~DomOffer) ^ ForeignLow_LTE_55pct) -> (P_25_106_b_2_i_A ^ P_25_106_b_2_i_B),P_25_106_b_1_i; P_25_003_predom_iron_steel,Material Implication (Impl): Rule 15 [HIGH-RISK]; Conjunction (Conj): Rule 7; Negation (Neg): Rule 10; Addition (Add): Rule 8,PENDING_REVIEW,PASS,PASS,Complex conditional with four antecedent conditions (all conjunctive). Two mandatory consequent actions. This is the 'enhanced price preference' fallback mechanism. Rule 15 for conditional.,MEDIUM
25,25.106(b)(2)(i)(A),P_25_106_b_2_i_A,Treat the lowest offer of a foreign end product that is manufactured in the United States and exceeds 55 percent domestic content as a domestic offer.,P_25_106_b_2_i_A (reclassification as domestic offer),ForeignEP_MfgUS_GT_55pct -> TreatAsDomestic,P_25_003_dom_offer,Material Implication (Impl): Rule 15 [HIGH-RISK],PENDING_REVIEW,PASS,PASS,Reclassification rule: foreign EP meeting criteria treated as domestic for evaluation purposes. Legal fiction for price preference analysis. Rule 15.,MEDIUM
25,25.106(b)(2)(i)(B),P_25_106_b_2_i_B,Determine the reasonableness of the cost of this offer by applying the evaluation factors listed in paragraph (b)(1)(i) to the low offer.,P_25_106_b_2_i_B (apply (b)(1)(i) factors to low offer),Fallback_Triggered -> Apply_b_1_i_Factors,P_25_106_b_1_i,Material Implication (Impl): Rule 15 [HIGH-RISK],PENDING_REVIEW,PASS,PASS,"Same evaluation factors as standard procedure, applied in fallback context. Rule 15.",MEDIUM
25,25.106(b)(2)(ii),P_25_106_b_2_ii,The price of the lowest offer of a foreign end product that exceeds 55 percent domestic content is reasonable if it does not exceed the evaluated price of the low offer after addition of the appropriate evaluation factor.,P_25_106_b_2_ii (fallback reasonableness test),Fallback_DomPrice_LTE_EvaluatedForeignPrice <-> Reasonable,P_25_106_b_2_i; P_25_106_a,Biconditional (Bicond): Rule 17,VALIDATED,PASS,PASS,Same reasonableness test structure as (b)(1)(ii) applied in fallback context.,HIGH
25,25.106(b)(2)(iii),P_25_106_b_2_iii,"The procedures in this paragraph (b)(2) will no longer apply as of January 1, 2030.","P_25_106_b_2_iii (sunset date: January 1, 2030)",Date_GTE_20300101 -> ~P_25_106_b_2_Applies,P_25_106_b_2,Material Implication (Impl): Rule 15 [HIGH-RISK]; Negation (Neg): Rule 10,PENDING_REVIEW,PASS,PASS,Temporal sunset: entire fallback procedure expires on fixed date. Aligns with completion of domestic content threshold escalation. Rule 15 for conditional.,MEDIUM
25,25.106(c),P_25_106_c,For end products that are critical items or contain critical components.,P_25_106_c_1 (standard critical evaluation); P_25_106_c_2 (fallback for critical >55% content),(CriticalItem v ContainsCriticalComponent) -> (P_25_106_c_1 ^ P_25_106_c_2),P_25_003_critical_item; P_25_003_critical_component,Material Implication (Impl): Rule 15 [HIGH-RISK]; Conjunction (Conj): Rule 7; Addition (Add): Rule 8,PENDING_REVIEW,PASS,PASS,Conditional on critical status (either critical item or contains critical component). Both standard and fallback procedures apply. Rule 15.,MEDIUM
25,25.106(c)(1),P_25_106_c_1,Standard evaluation for critical items and end products containing critical components.,P_25_106_c_1_i (add percentage plus preference factor to low foreign offer); P_25_106_c_1_ii (reasonableness test),P_25_106_c_1_i ^ P_25_106_c_1_ii,None,Conjunction (Conj): Rule 7,VALIDATED,PASS,PASS,Parent for standard critical evaluation. Factor application and reasonableness test both apply.,HIGH
25,25.106(c)(1)(i),P_25_106_c_1_i,"If there is a domestic offer that is not the low offer, and BA applies to the low offer, the CO must determine reasonableness by adding to the price of the low offer, inclusive of duty: (A) 20% plus critical preference factor for large business; or (B) 30% plus critical preference factor for small business.","P_25_106_c_1_i_A (20% + preference factor, large business); P_25_106_c_1_i_B (30% + preference factor, small business)",(DomOffer_NotLow ^ BA_Applies_LowOffer) -> (P_25_106_c_1_i_A v P_25_106_c_1_i_B),P_25_003_dom_offer; P_25_105_a,Material Implication (Impl): Rule 15 [HIGH-RISK]; Conjunction (Conj): Rule 7; Addition (Add): Rule 8,PENDING_REVIEW,PASS,PASS,Parallel to (b)(1)(i) but with additional preference factor from 25.105. Disjunctive based on business size. Rule 15.,MEDIUM
25,25.106(c)(1)(i)(A),P_25_106_c_1_i_A,"20 percent, plus the additional preference factor identified for the critical item or end product containing critical components listed at section 25.105, if the lowest domestic offer is from a large business concern.",P_25_106_c_1_i_A (20% + critical preference factor for large business),LargeBusiness_DomOffer ^ Critical -> Add_20pct_Plus_PrefFactor,P_25_105_a,Material Implication (Impl): Rule 15 [HIGH-RISK]; Conjunction (Conj): Rule 7,PENDING_REVIEW,PASS,PASS,Two conjunctive conditions: large business and critical status. Factor is 20% base plus whatever additional preference factor is specified at 25.105. Currently 25.105(a) entries are reserved. Rule 15.,MEDIUM
25,25.106(c)(1)(i)(B),P_25_106_c_1_i_B,"30 percent, plus the additional preference factor identified for the critical item or end product containing critical components listed at section 25.105, if the lowest domestic offer is from a small business concern. The CO must use this factor, or another factor established in agency regulations, in small business set-asides if the low offer is from a small business concern offering a non-domestic end product.",P_25_106_c_1_i_B_a (30% + preference factor for small business); P_25_106_c_1_i_B_b (SB set-aside application),SmallBusiness_DomOffer ^ Critical -> Add_30pct_Plus_PrefFactor ^ (SB_Setaside ^ SB_NonDomestic_LowOffer -> Use_Factor_OrAgencyFactor),P_25_105_a; P_25_101_b,Material Implication (Impl): Rule 15 [HIGH-RISK]; Conjunction (Conj): Rule 7,PENDING_REVIEW,PASS,PASS,Parallel to (b)(1)(i)(B) with critical preference factor addition. Same set-aside application rule. Rule 15 for nested conditionals.,MEDIUM
25,25.106(c)(1)(ii),P_25_106_c_1_ii,The price of the domestic offer is reasonable if it does not exceed the evaluated price of the low offer after addition of the appropriate evaluation factor in accordance with paragraph (a) or (b).,P_25_106_c_1_ii (critical reasonableness test),DomPrice_LTE_EvaluatedForeignPrice_Critical <-> Reasonable,P_25_106_c_1_i; P_25_106_a,Biconditional (Bicond): Rule 17,VALIDATED,PASS,PASS,"Same reasonableness test structure as (b)(1)(ii). Note: cross-references (a) or (b), not (c), for factor source -- likely because agency head override in (a) could apply.",HIGH
25,25.106(c)(2),P_25_106_c_2,"Fallback evaluation for critical non-COTS, non-iron/steel foreign end products exceeding 55% domestic content.",P_25_106_c_2_i (treat as domestic and apply factors); P_25_106_c_2_ii (reasonableness test); P_25_106_c_2_iii (sunset 2030),P_25_106_c_2_i ^ P_25_106_c_2_ii ^ P_25_106_c_2_iii,P_25_106_c_1,Conjunction (Conj): Rule 7,VALIDATED,PASS,PASS,Parent for critical fallback evaluation. Same structure as (b)(2).,HIGH
25,25.106(c)(2)(i),P_25_106_c_2_i,"For non-COTS, non-iron/steel end products, if (c)(1)(ii) results in unreasonable cost for domestic or no domestic offer received, and low offer is foreign with <= 55% domestic content, the CO must: (A) treat lowest foreign EP manufactured in U.S. exceeding 55% content as domestic; and (B) apply (c)(1) factors to low offer.",P_25_106_c_2_i_A (treat as domestic); P_25_106_c_2_i_B (apply critical factors),(~COTS ^ ~IronSteel ^ (DomUnreasonable_Critical v ~DomOffer) ^ ForeignLow_LTE_55pct) -> (P_25_106_c_2_i_A ^ P_25_106_c_2_i_B),P_25_106_c_1; P_25_003_predom_iron_steel,Material Implication (Impl): Rule 15 [HIGH-RISK]; Conjunction (Conj): Rule 7; Negation (Neg): Rule 10; Addition (Add): Rule 8,PENDING_REVIEW,PASS,PASS,Parallel to (b)(2)(i) but applies critical evaluation factors from (c)(1). Same four antecedent conditions. Rule 15.,MEDIUM
25,25.106(c)(2)(i)(A),P_25_106_c_2_i_A,Treat the lowest offer of a foreign end product that is manufactured in the United States and exceeds 55 percent domestic content as a domestic offer.,P_25_106_c_2_i_A (reclassification as domestic),ForeignEP_MfgUS_GT_55pct_Critical -> TreatAsDomestic,P_25_003_dom_offer,Material Implication (Impl): Rule 15 [HIGH-RISK],PENDING_REVIEW,PASS,PASS,Same reclassification mechanism as (b)(2)(i)(A) in critical context. Rule 15.,MEDIUM
25,25.106(c)(2)(i)(B),P_25_106_c_2_i_B,Determine the reasonableness of the cost of this offer by applying the evaluation factors listed in paragraph (c)(1) to the low offer.,P_25_106_c_2_i_B (apply (c)(1) critical factors to low offer),Fallback_Critical_Triggered -> Apply_c_1_Factors,P_25_106_c_1_i,Material Implication (Impl): Rule 15 [HIGH-RISK],PENDING_REVIEW,PASS,PASS,Critical factors (including preference factor from 25.105) applied in fallback context. Rule 15.,MEDIUM
25,25.106(c)(2)(ii),P_25_106_c_2_ii,The price of the lowest offer of a foreign end product that exceeds 55 percent domestic content is reasonable if it does not exceed the evaluated price of the low offer after addition of the appropriate evaluation factor.,P_25_106_c_2_ii (critical fallback reasonableness test),Fallback_Critical_DomPrice_LTE_EvalPrice <-> Reasonable,P_25_106_c_2_i; P_25_106_a,Biconditional (Bicond): Rule 17,VALIDATED,PASS,PASS,Same reasonableness structure applied in critical fallback context.,HIGH
25,25.106(c)(2)(iii),P_25_106_c_2_iii,"The procedures in this paragraph (c)(2) will no longer apply as of January 1, 2030.","P_25_106_c_2_iii (sunset date: January 1, 2030)",Date_GTE_20300101 -> ~P_25_106_c_2_Applies,P_25_106_c_2,Material Implication (Impl): Rule 15 [HIGH-RISK]; Negation (Neg): Rule 10,PENDING_REVIEW,PASS,PASS,"Same sunset as (b)(2)(iii). Both fallback procedures expire simultaneously on January 1, 2030. Rule 15.",MEDIUM
25,25.200,P_25_200,Scope of Subpart 25.2: implements Buy American statute and related executive orders for construction materials; applies to U.S. construction contracts.,P_25_200_a (implements statutes/EOs); P_25_200_b (applicability to U.S. construction),P_25_200_a ^ P_25_200_b,None,Conjunction (Conj): Rule 7,VALIDATED,PASS,PASS,Parent aggregating implementation authority and applicability scope for construction materials.,HIGH
25,25.200(a),P_25_200_a,"This subpart implements: (1) 41 U.S.C. chapter 83; (2) E.O. 10582; (3) E.O. 13881; (4) E.O. 14005; and (5) waiver of domestic content test for COTS items per 41 U.S.C. 1907, but see 25.201(b)(2)(ii).",P_25_200_a_1 (41 USC 83); P_25_200_a_2 (EO 10582); P_25_200_a_3 (EO 13881); P_25_200_a_4 (EO 14005); P_25_200_a_5 (COTS waiver with caveat),P_25_200_a_1 ^ P_25_200_a_2 ^ P_25_200_a_3 ^ P_25_200_a_4 ^ P_25_200_a_5,P_25_201_b_2_ii,Conjunction (Conj): Rule 7,VALIDATED,PASS,PASS,Parallel to 25.100(a) for construction context. Same five authorities. COTS caveat cross-references iron/steel exception.,HIGH
25,25.200(b),P_25_200_b,"It applies to contracts for the construction, alteration, or repair of any public building or public work in the United States.",P_25_200_b (applicability: construction/alteration/repair of public building or work in U.S.),PublicConstruction_US -> Subpart_25_2_Applies,P_25_003_US,Material Implication (Impl): Rule 15 [HIGH-RISK],PENDING_REVIEW,PASS,PASS,Applicability conditional. Broader than new construction: includes alteration and repair. Rule 15 for conditional.,MEDIUM
25,25.201,P_25_201,"Policy for Buy American construction materials: domestic-only requirement, two-part test, and threshold escalation.",P_25_201_a (domestic-only policy); P_25_201_b (two-part test); P_25_201_c (threshold escalation),P_25_201_a ^ P_25_201_b ^ P_25_201_c,None,Conjunction (Conj): Rule 7,VALIDATED,PASS,PASS,Parent for construction material policy. Three main provisions.,HIGH
25,25.201(a),P_25_201_a,"Except as provided in 25.202, use only domestic construction materials in construction contracts performed in the United States.",P_25_201_a (domestic construction material requirement with exception reference),~Exception_25_202 -> DomesticConstMat_Only,P_25_202; P_25_003_dom_const_mat,Material Implication (Impl): Rule 15 [HIGH-RISK]; Negation (Neg): Rule 10,PENDING_REVIEW,PASS,PASS,Core policy statement for construction materials. Parallel to 25.102 for supplies. Absence of exception triggers domestic-only requirement. Rule 15.,MEDIUM
25,25.201(b),P_25_201_b,The Buy American statute restricts the purchase of construction materials that are not domestic. Two-part test for manufactured construction materials.,P_25_201_b_1 (manufactured in US); P_25_201_b_2 (domestic content test),DomConstMat_Test <-> (P_25_201_b_1 ^ P_25_201_b_2),P_25_003_dom_const_mat,Biconditional (Bicond): Rule 17; Conjunction (Conj): Rule 7,VALIDATED,PASS,PASS,Restates two-part test for construction materials. Parallel to 25.101(a) for supplies.,HIGH
25,25.201(b)(1),P_25_201_b_1,The article must be manufactured in the United States.,P_25_201_b_1 (manufactured in US requirement for construction material),ManufacturedInUS_ConstMat,P_25_003_US,N/A (atomic requirement),VALIDATED,PASS,PASS,First prong of two-part test for construction materials.,HIGH
25,25.201(b)(2),P_25_201_b_2,Domestic content requirements for construction materials with separate tests for non-iron/steel and iron/steel.,P_25_201_b_2_i (non-iron/steel test); P_25_201_b_2_ii (iron/steel test),P_25_201_b_2_i v P_25_201_b_2_ii,None,Addition (Add): Rule 8,VALIDATED,PASS,PASS,Parent for content test. Disjunctive: material falls into one category based on composition.,HIGH
25,25.201(b)(2)(i),P_25_201_b_2_i,"Except for iron/steel construction material, domestic component cost must exceed 60% (65% for 2024-2028, 75% starting 2029). COTS waiver applies per 41 U.S.C. 1907 (see part 12). But see paragraph (c) for alternate test authority.",P_25_201_b_2_i_a (escalating thresholds); P_25_201_b_2_i_b (COTS waiver); P_25_201_b_2_i_c (alternate test caveat),~IronSteel_ConstMat -> ((ContentThreshold_Applicable ^ EscalatingSchedule) v COTS_Waiver),P_25_003_predom_iron_steel; P_25_003_dom_const_mat_1; P_25_201_c,Material Implication (Impl): Rule 15 [HIGH-RISK]; Conjunction (Conj): Rule 7; Addition (Add): Rule 8,PENDING_REVIEW,PASS,PASS,Parallel to 25.101(a)(2)(i) for construction materials. Same escalating thresholds and COTS waiver. Rule 15.,MEDIUM
25,25.201(b)(2)(ii),P_25_201_b_2_ii,"For iron/steel construction material, foreign iron/steel must constitute less than 5% of cost of all components. Cost includes foreign mill products, castings, forgings, and estimate of foreign iron/steel components excluding COTS fasteners. COTS waiver does not apply except for COTS fasteners.",P_25_201_b_2_ii_a (5% threshold); P_25_201_b_2_ii_b (cost scope); P_25_201_b_2_ii_c (no COTS waiver); P_25_201_b_2_ii_d (fastener exception),IronSteel_ConstMat -> (ForeignIronSteel_LT_5pct ^ CostCalcScope ^ ~COTS_Waiver ^ COTS_Fastener_Exception),P_25_003_predom_iron_steel; P_25_003_foreign_iron_steel; P_25_003_fastener,Material Implication (Impl): Rule 15 [HIGH-RISK]; Conjunction (Conj): Rule 7; Negation (Neg): Rule 10,PENDING_REVIEW,PASS,PASS,Parallel to 25.101(a)(2)(ii) for construction materials. Same 5% cap and COTS restrictions. Rule 15.,MEDIUM
25,25.201(c),P_25_201_c,Contracts spanning domestic content threshold increases for construction materials.,P_25_201_c_1 (comply per year unless SPE alternate); P_25_201_c_2 (alternate clause procedures),P_25_201_c_1 ^ P_25_201_c_2,None,Conjunction (Conj): Rule 7,VALIDATED,PASS,PASS,Parent for threshold escalation in construction context. Parallel to 25.101(d).,HIGH
25,25.201(c)(1),P_25_201_c_1,"A contract spanning threshold increases must comply with each increased threshold for items in year of delivery, unless SPE allows alternate test with award-date threshold for entire performance period. Not delegable. SPE must consult MIAO before allowing alternate test.",P_25_201_c_1_a (comply per year default); P_25_201_c_1_b (SPE alternate authority); P_25_201_c_1_c (not delegable); P_25_201_c_1_d (MIAO consultation),(SpanningContract_Const -> ComplyPerYear) ^ (SPE_Alternate_Const -> (AwardThreshold_AllYears ^ ~Delegable ^ MIAO_Consulted)),P_25_201_b_2_i,Material Implication (Impl): Rule 15 [HIGH-RISK]; Conjunction (Conj): Rule 7; Negation (Neg): Rule 10,PENDING_REVIEW,PASS,PASS,Parallel to 25.101(d)(1). Same structure: default and exception conditionals. Rule 15.,MEDIUM
25,25.201(c)(2),P_25_201_c_2,"When SPE allows alternate test for a construction contract, see 25.602(a)(3) or (c)(4) for use of appropriate Alternate clause.",P_25_201_c_2 (cross-reference to clause prescription),SPE_Alternate_Const -> (Alt_25_602_a_3 v Alt_25_602_c_4),P_25_201_c_1,Material Implication (Impl): Rule 15 [HIGH-RISK]; Addition (Add): Rule 8,PENDING_REVIEW,PASS,PASS,Cross-reference to clause alternates for construction. External dependency on 25.602. Rule 15.,MEDIUM
25,25.202,P_25_202,Exceptions to Buy American for construction materials.,P_25_202_a (exception categories); P_25_202_b (D&F requirements); P_25_202_c (trade agreement threshold),P_25_202_a ^ P_25_202_b ^ P_25_202_c,P_25_201_a,Conjunction (Conj): Rule 7,VALIDATED,PASS,PASS,Parent for construction material exceptions. Three main provisions.,HIGH
25,25.202(a),P_25_202_a,"When one of the following exceptions applies, the CO may allow the contractor to acquire foreign construction materials without regard to Buy American restrictions.",P_25_202_a_1 (public interest); P_25_202_a_2 (nonavailability); P_25_202_a_3 (unreasonable cost); P_25_202_a_4 (IT commercial product),Exception_Applies_Const -> (CO_May_Allow_Foreign v ~CO_May_Allow_Foreign),P_25_201_a,Material Implication (Impl): Rule 15 [HIGH-RISK]; Tautology (Taut): Rule 18,PENDING_REVIEW,PASS,PASS,Permissive 'may' -- CO retains discretion. Parallel to 25.103 for supplies. Four exception categories. Rule 15 and Rule 18 for discretionary consequent.,MEDIUM
25,25.202(a)(1),P_25_202_a_1,Impracticable or inconsistent with public interest. The head of the agency may determine that application of BA restrictions to a particular construction material would be impracticable or inconsistent with public interest. The public interest exception applies when an agency has an agreement with a foreign government providing a blanket exception.,P_25_202_a_1_a (impracticable determination); P_25_202_a_1_b (public interest determination); P_25_202_a_1_c (foreign government agreement as trigger),AgencyHead_Determination -> ((Impracticable v PublicInterest_Inconsistent) -> (BA_Exception_Const v ~BA_Exception_Const)),None,Material Implication (Impl): Rule 15 [HIGH-RISK]; Addition (Add): Rule 8; Tautology (Taut): Rule 18,PENDING_REVIEW,PASS,PASS,Two-level conditional with agency head authority. 'May' = permissive at agency head level. Broader than 25.103(a) because includes impracticability in addition to public interest. Rule 15.,MEDIUM
25,25.202(a)(2),P_25_202_a_2,"Nonavailability. The HCA may determine that a particular construction material is not mined, produced, or manufactured in the U.S. in sufficient and reasonably available commercial quantities of a satisfactory quality. The nonavailability determinations of articles listed at 25.104(a) and procedures at 25.103(b)(1) also apply if those articles are acquired as construction materials. A determination is not required before January 1, 2030, if there is an offer for foreign construction material exceeding 55% domestic content.",P_25_202_a_2_a (HCA nonavailability determination); P_25_202_a_2_b (25.104 articles apply to construction); P_25_202_a_2_c (pre-2030 55% content exception),HCA_Nonavail_Const -> BA_Exception_Const ^ (Article_25_104 -> ClassNonavail_Applies) ^ (Pre2030 ^ ForeignOffer_GT_55pct_Const -> ~Determination_Required),P_25_104; P_25_103_b_1; P_25_204,Material Implication (Impl): Rule 15 [HIGH-RISK]; Conjunction (Conj): Rule 7; Negation (Neg): Rule 10,PENDING_REVIEW,PASS,PASS,Construction-specific nonavailability with cross-reference to supply provisions. Same pre-2030 55% content exception. Rule 15 for multiple conditionals.,MEDIUM
25,25.202(a)(3),P_25_202_a_3,Unreasonable cost. The contracting officer concludes that the cost of domestic construction material is unreasonable in accordance with 25.204.,P_25_202_a_3 (unreasonable cost exception for construction materials),CO_UnreasonableCost_Const -> BA_Exception_Const,P_25_204,Material Implication (Impl): Rule 15 [HIGH-RISK],PENDING_REVIEW,PASS,PASS,"Note: 'concludes' rather than 'may determine' suggests this is a factual finding, not discretionary. Once cost is determined unreasonable per 25.204, exception follows. Rule 15.",MEDIUM
25,25.202(a)(4),P_25_202_a_4,"Information technology that is a commercial product. The restriction on purchasing foreign construction material does not apply to IT that is a commercial product, when using FY2004 or subsequent fiscal year funds.",P_25_202_a_4 (IT commercial product exception for construction),(IT_CommercialProduct ^ FY2004_Plus_Funds) -> ~BA_Restriction_Const,P_25_103_e,Material Implication (Impl): Rule 15 [HIGH-RISK]; Conjunction (Conj): Rule 7; Negation (Neg): Rule 10,PENDING_REVIEW,PASS,PASS,Parallel to 25.103(e) for construction materials. Mandatory exception: 'does not apply.' Rule 15.,MEDIUM
25,25.202(b),P_25_202_b,"When a determination is made for any reason in this section that certain foreign construction materials may be used, the CO must list the excepted materials in the contract. The agency must make the findings justifying the exception available for public inspection.",P_25_202_b_a (list excepted materials in contract); P_25_202_b_b (public inspection of findings),Exception_Determination_Const -> (ListInContract ^ PublicInspection_Findings),P_25_202_a,Material Implication (Impl): Rule 15 [HIGH-RISK]; Conjunction (Conj): Rule 7,PENDING_REVIEW,PASS,PASS,Two mandatory documentation actions triggered by any exception determination. Transparency requirement. Rule 15.,MEDIUM
25,25.202(c),P_25_202_c,"For construction contracts with an estimated acquisition value of $6,708,000 or more, see subpart 25.4.",P_25_202_c (trade agreement threshold for construction),ConstContract_GTE_6708000 -> Subpart_25_4_Applies,None,Material Implication (Impl): Rule 15 [HIGH-RISK],PENDING_REVIEW,PASS,PASS,"Threshold trigger for trade agreement applicability in construction. Specific dollar amount ($6,708,000). External dependency on subpart 25.4. Rule 15.",MEDIUM
25,25.203,P_25_203,Preaward determinations regarding inapplicability of Buy American for construction materials.,P_25_203_a (offeror request right); P_25_203_b (CO evaluation duty),P_25_203_a ^ P_25_203_b,P_25_202,Conjunction (Conj): Rule 7,VALIDATED,PASS,PASS,Parent for preaward determination process.,HIGH
25,25.203(a),P_25_203_a,"For any acquisition, an offeror may request from the contracting officer a determination concerning the inapplicability of the Buy American statute for specifically identified construction materials.",P_25_203_a (offeror's right to request inapplicability determination),Offeror_Request -> (CO_Determination v ~CO_Determination),P_25_202,Material Implication (Impl): Rule 15 [HIGH-RISK]; Tautology (Taut): Rule 18,PENDING_REVIEW,PASS,PASS,Offeror 'may request' = right to ask. The determination itself is within CO's authority. Tautological consequent for CO discretion. Rule 15.,MEDIUM
25,25.203(b),P_25_203_b,"Before award, the contracting officer must evaluate all requests based on information provided and may supplement this information with other readily available information.",P_25_203_b_a (mandatory evaluation of all requests); P_25_203_b_b (discretionary supplemental info),PreAward ^ Offeror_Request -> (Evaluate_AllRequests ^ (SupplementInfo v ~SupplementInfo)),P_25_203_a,Material Implication (Impl): Rule 15 [HIGH-RISK]; Conjunction (Conj): Rule 7; Tautology (Taut): Rule 18,PENDING_REVIEW,PASS,PASS,Mandatory evaluation with discretionary supplementation. 'Must evaluate' = mandatory. 'May supplement' = discretionary. Rule 15.,MEDIUM
25,25.204,P_25_204,"Evaluating offers of foreign construction material: evaluation procedures for non-critical and critical materials, and contract clause updates.",P_25_204_a (evaluation procedures); P_25_204_b (contract clause updates),P_25_204_a ^ P_25_204_b,P_25_202_a_3,Conjunction (Conj): Rule 7,VALIDATED,PASS,PASS,Parent for construction material offer evaluation.,HIGH
25,25.204(a),P_25_204_a,Evaluation procedures for foreign construction material offers.,P_25_204_a_1 (non-critical evaluation); P_25_204_a_2 (critical evaluation),P_25_204_a_1 ^ P_25_204_a_2,None,Conjunction (Conj): Rule 7,VALIDATED,PASS,PASS,Parent for evaluation procedures. Two tracks: non-critical and critical.,HIGH
25,25.204(a)(1),P_25_204_a_1,For construction material that is not a critical item and does not contain critical components.,P_25_204_a_1_i (20% factor and tie preference); P_25_204_a_1_ii (fallback for >55% content); P_25_204_a_1_iii (sunset 2030),~CriticalItem_Const ^ ~CriticalComponent_Const -> (P_25_204_a_1_i ^ P_25_204_a_1_ii ^ P_25_204_a_1_iii),P_25_003_critical_item; P_25_003_critical_component,Material Implication (Impl): Rule 15 [HIGH-RISK]; Conjunction (Conj): Rule 7; Negation (Neg): Rule 10,PENDING_REVIEW,PASS,PASS,Conditional on non-critical status. Three provisions apply. Parallel to 25.106(b). Rule 15.,MEDIUM
25,25.204(a)(1)(i),P_25_204_a_1_i,"Unless the head of the agency specifies a higher percentage, the CO must add to the offered price 20 percent of the cost of any foreign construction material proposed for exception based on unreasonable cost. In a tie, the CO must give preference to an offer that does not include foreign construction material excepted on the basis of unreasonable cost.",P_25_204_a_1_i_a (20% evaluation factor); P_25_204_a_1_i_b (agency head higher factor authority); P_25_204_a_1_i_c (tie preference to non-foreign),(ForeignConstMat_UnreasonableCost -> Add_20pct ^ (~AgencyHead_HigherPct -> 20pct)) ^ (Tie -> Prefer_NonForeign),P_25_003_foreign_const_mat,Material Implication (Impl): Rule 15 [HIGH-RISK]; Conjunction (Conj): Rule 7; Negation (Neg): Rule 10,PENDING_REVIEW,PASS,PASS,"Evaluation factor with override authority and tie-breaking rule. Note: only one factor (20%) for construction, unlike supplies which have 20%/30% large/small split. Rule 15.",MEDIUM
25,25.204(a)(1)(ii),P_25_204_a_1_ii,"For non-COTS, non-iron/steel construction material, if (a)(1)(i) results in unreasonable cost for domestic or no domestic offer received, and low offer is foreign with <= 55% domestic content, CO must: (A) treat lowest foreign CM manufactured in U.S. exceeding 55% content as domestic; and (B) apply (a)(1)(i) factor to low offer.",P_25_204_a_1_ii_A (treat as domestic); P_25_204_a_1_ii_B (apply factor),(~COTS ^ ~IronSteel_Const ^ (DomUnreasonable_Const v ~DomOffer_Const) ^ ForeignLow_LTE_55pct_Const) -> (P_25_204_a_1_ii_A ^ P_25_204_a_1_ii_B),P_25_204_a_1_i; P_25_003_predom_iron_steel,Material Implication (Impl): Rule 15 [HIGH-RISK]; Conjunction (Conj): Rule 7; Negation (Neg): Rule 10; Addition (Add): Rule 8,PENDING_REVIEW,PASS,PASS,Fallback mechanism parallel to 25.106(b)(2)(i). Same four antecedent conditions. Rule 15.,MEDIUM
25,25.204(a)(1)(ii)(A),P_25_204_a_1_ii_A,Treat the lowest offer of foreign construction material that is manufactured in the United States and exceeds 55 percent domestic content as a domestic offer.,P_25_204_a_1_ii_A (reclassification as domestic),ForeignCM_MfgUS_GT_55pct -> TreatAsDomestic_Const,P_25_003_dom_const_mat,Material Implication (Impl): Rule 15 [HIGH-RISK],PENDING_REVIEW,PASS,PASS,Reclassification rule for construction materials. Parallel to 25.106(b)(2)(i)(A). Rule 15.,MEDIUM
25,25.204(a)(1)(ii)(B),P_25_204_a_1_ii_B,Determine the reasonableness of the cost of this offer by applying the evaluation factor listed in paragraph (a)(1)(i) to the low offer.,P_25_204_a_1_ii_B (apply (a)(1)(i) factor),Fallback_Const_Triggered -> Apply_a_1_i_Factor,P_25_204_a_1_i,Material Implication (Impl): Rule 15 [HIGH-RISK],PENDING_REVIEW,PASS,PASS,Same 20% factor applied in fallback context. Rule 15.,MEDIUM
25,25.204(a)(1)(iii),P_25_204_a_1_iii,"The procedures in paragraph (a)(1)(ii) of this section will no longer apply as of January 1, 2030.","P_25_204_a_1_iii (sunset: January 1, 2030)",Date_GTE_20300101 -> ~P_25_204_a_1_ii_Applies,P_25_204_a_1_ii,Material Implication (Impl): Rule 15 [HIGH-RISK]; Negation (Neg): Rule 10,PENDING_REVIEW,PASS,PASS,Same sunset date as supply fallback provisions. Rule 15.,MEDIUM
25,25.204(a)(2),P_25_204_a_2,For construction material that is a critical item or contains critical components.,P_25_204_a_2_i (critical factor and tie preference); P_25_204_a_2_ii (critical fallback for >55%); P_25_204_a_2_iii (sunset 2030),(CriticalItem_Const v CriticalComponent_Const) -> (P_25_204_a_2_i ^ P_25_204_a_2_ii ^ P_25_204_a_2_iii),P_25_003_critical_item; P_25_003_critical_component,Material Implication (Impl): Rule 15 [HIGH-RISK]; Conjunction (Conj): Rule 7; Addition (Add): Rule 8,PENDING_REVIEW,PASS,PASS,Conditional on critical status. Parallel to 25.106(c) for supplies. Rule 15.,MEDIUM
25,25.204(a)(2)(i),P_25_204_a_2_i,"The CO must add to the offered price 20 percent, plus the additional preference factor identified for the critical item or construction material containing critical components listed at section 25.105, of the cost of any foreign construction material proposed for exception. Tie preference to non-foreign offer. See 25.105 for list.",P_25_204_a_2_i_a (20% + critical preference factor); P_25_204_a_2_i_b (tie preference),(ForeignConstMat_Critical -> Add_20pct_Plus_PrefFactor_Const) ^ (Tie -> Prefer_NonForeign),P_25_105_a; P_25_003_foreign_const_mat,Material Implication (Impl): Rule 15 [HIGH-RISK]; Conjunction (Conj): Rule 7,PENDING_REVIEW,PASS,PASS,Critical evaluation factor: 20% base plus preference factor from 25.105 (currently reserved). Tie-breaking rule same as non-critical. Rule 15.,MEDIUM
25,25.204(a)(2)(ii),P_25_204_a_2_ii,"For non-COTS, non-iron/steel construction material, if (a)(2)(i) results in unreasonable cost for domestic or no domestic offer received, and low offer is foreign with <= 55% domestic content, CO must: (A) treat lowest foreign CM manufactured in U.S. exceeding 55% content as domestic; and (B) apply (a)(2) factors to low offer.",P_25_204_a_2_ii_A (treat as domestic); P_25_204_a_2_ii_B (apply critical factors),(~COTS ^ ~IronSteel_Const ^ (DomUnreasonable_Critical_Const v ~DomOffer_Const) ^ ForeignLow_LTE_55pct_Const) -> (P_25_204_a_2_ii_A ^ P_25_204_a_2_ii_B),P_25_204_a_2_i; P_25_003_predom_iron_steel,Material Implication (Impl): Rule 15 [HIGH-RISK]; Conjunction (Conj): Rule 7; Negation (Neg): Rule 10; Addition (Add): Rule 8,PENDING_REVIEW,PASS,PASS,Critical fallback for construction materials. Parallel to 25.106(c)(2)(i). Rule 15.,MEDIUM
25,25.204(a)(2)(ii)(A),P_25_204_a_2_ii_A,Treat the lowest offer of foreign construction material that is manufactured in the United States and exceeds 55 percent domestic content as a domestic offer.,"P_25_204_a_2_ii_A (reclassification as domestic, critical context)",ForeignCM_MfgUS_GT_55pct_Critical -> TreatAsDomestic_Const,P_25_003_dom_const_mat,Material Implication (Impl): Rule 15 [HIGH-RISK],PENDING_REVIEW,PASS,PASS,Same reclassification rule in critical construction context. Rule 15.,MEDIUM
25,25.204(a)(2)(ii)(B),P_25_204_a_2_ii_B,Determine the reasonableness of the cost of this offer by applying the evaluation factors listed in this paragraph (a)(2) to the low offer.,P_25_204_a_2_ii_B (apply (a)(2) critical factors),Fallback_Critical_Const_Triggered -> Apply_a_2_Factors,P_25_204_a_2_i,Material Implication (Impl): Rule 15 [HIGH-RISK],PENDING_REVIEW,PASS,PASS,Critical construction factors in fallback context. Rule 15.,MEDIUM
25,25.204(a)(2)(iii),P_25_204_a_2_iii,"The procedures in paragraph (a)(2)(ii) of this section will no longer apply as of January 1, 2030.","P_25_204_a_2_iii (sunset: January 1, 2030)",Date_GTE_20300101 -> ~P_25_204_a_2_ii_Applies,P_25_204_a_2_ii,Material Implication (Impl): Rule 15 [HIGH-RISK]; Negation (Neg): Rule 10,PENDING_REVIEW,PASS,PASS,Same sunset date. All fallback provisions expire simultaneously. Rule 15.,MEDIUM
25,25.204(b),P_25_204_b,"If the CO awards a contract to an offeror that proposed foreign construction material not listed in the applicable clause in the solicitation (paragraph (b)(2) of 52.225-9, or paragraph (b)(3) of 52.225-11), the CO must add the excepted materials to the list in the contract clause.",P_25_204_b (mandatory contract clause update for unlisted foreign materials),Award_UnlistedForeignCM -> AddToContractClause,None,Material Implication (Impl): Rule 15 [HIGH-RISK],PENDING_REVIEW,PASS,PASS,Mandatory contract administration action. Ensures contract clause reflects actual exceptions. Cross-references specific FAR 52 clause paragraphs. Rule 15.,MEDIUM
25,25.205,P_25_205,Postaward determinations regarding Buy American inapplicability for construction materials.,P_25_205_a (contractor burden and CO discretion); P_25_205_b (evaluation basis); P_25_205_c (contract modification),P_25_205_a ^ P_25_205_b ^ P_25_205_c,P_25_202,Conjunction (Conj): Rule 7,VALIDATED,PASS,PASS,Parent for postaward determination process.,HIGH
25,25.205(a),P_25_205_a,"If a contractor requests a postaward determination, the contractor must explain why it could not request before award or why the need was not reasonably foreseeable. If the CO concludes the request should have been pre-award, the CO may deny the request.",P_25_205_a_a (contractor explanation required); P_25_205_a_b (CO may deny if should have been pre-award),PostAward_Request -> (Contractor_Explanation ^ (ShouldHaveBeen_PreAward -> (Deny v ~Deny))),P_25_203,Material Implication (Impl): Rule 15 [HIGH-RISK]; Conjunction (Conj): Rule 7; Tautology (Taut): Rule 18,PENDING_REVIEW,PASS,PASS,Contractor bears burden of explanation. CO has discretionary denial authority ('may deny'). Tautological consequent for denial discretion. Rule 15.,MEDIUM
25,25.205(b),P_25_205_b,The CO must base evaluation of any postaward request on information required by paragraphs (c) and (d) of the applicable clause at 52.225-9 or 52.225-11 and/or other readily available information.,P_25_205_b_a (clause-required information); P_25_205_b_b (readily available supplemental information),PostAward_Evaluation -> (ClauseInfo_52_225 ^ (ReadilyAvailableInfo v ~ReadilyAvailableInfo)),None,Material Implication (Impl): Rule 15 [HIGH-RISK]; Conjunction (Conj): Rule 7; Tautology (Taut): Rule 18,PENDING_REVIEW,PASS,PASS,Mandatory clause-based evaluation with discretionary supplementation. 'And/or' makes supplemental info optional. Rule 15.,MEDIUM
25,25.205(c),P_25_205_c,"If a postaward determination under 25.202(a) is made that an exception applies, the CO must negotiate adequate consideration and modify the contract to allow use of foreign construction material. When the basis is unreasonable price, adequate consideration is at least the differential established in 25.202(a) or per agency procedures.",P_25_205_c_a (negotiate adequate consideration); P_25_205_c_b (contract modification); P_25_205_c_c (minimum consideration for unreasonable cost basis),PostAward_Exception -> (NegotiateConsideration ^ ModifyContract) ^ (UnreasonableCost_Basis -> Consideration_GTE_Differential),P_25_202_a; P_25_204,Material Implication (Impl): Rule 15 [HIGH-RISK]; Conjunction (Conj): Rule 7,PENDING_REVIEW,PASS,PASS,Two mandatory actions plus minimum consideration floor for unreasonable cost basis. Protects government interest in postaward exception scenarios. Rule 15 for nested conditionals.,MEDIUM
25,25.206,P_25_206,Noncompliance procedures for Buy American violations in construction.,P_25_206_a (review allegations); P_25_206_b (notify contractor); P_25_206_c (take appropriate action),P_25_206_a ^ P_25_206_b ^ P_25_206_c,P_25_201,Conjunction (Conj): Rule 7,VALIDATED,PASS,PASS,Parent for noncompliance procedures. Three sequential steps.,HIGH
25,25.206(a),P_25_206_a,Review allegations of Buy American statute violations.,P_25_206_a (mandatory review of allegations),BA_Violation_Alleged -> CO_Review,None,Material Implication (Impl): Rule 15 [HIGH-RISK],PENDING_REVIEW,PASS,PASS,Mandatory review triggered by allegation. 'Must' = mandatory. Rule 15.,MEDIUM
25,25.206(b),P_25_206_b,"Unless fraud is suspected, notify the contractor of the apparent unauthorized use of foreign construction material and request a reply, to include proposed corrective action.",P_25_206_b_a (notify contractor); P_25_206_b_b (request reply with corrective action); P_25_206_b_c (fraud exception),(~FraudSuspected) -> (NotifyContractor ^ RequestReply_CorrectiveAction),P_25_206_a,Material Implication (Impl): Rule 15 [HIGH-RISK]; Conjunction (Conj): Rule 7; Negation (Neg): Rule 10,PENDING_REVIEW,PASS,PASS,"Conditional on non-fraud: standard notification process. If fraud suspected, different pathway (not specified here but implied referral). Rule 15.",MEDIUM
25,25.206(c),P_25_206_c,"If the review reveals unauthorized use of foreign construction material by contractor or subcontractor, take appropriate action, including one or more of the following options.",P_25_206_c_1 (inapplicability determination); P_25_206_c_2 (removal and replacement); P_25_206_c_3 (retain with written determination); P_25_206_c_4 (contractual remedies and referral),UnauthorizedForeignCM -> (P_25_206_c_1 v P_25_206_c_2 v P_25_206_c_3 v P_25_206_c_4),P_25_206_a; P_25_206_b,Material Implication (Impl): Rule 15 [HIGH-RISK]; Addition (Add): Rule 8,PENDING_REVIEW,PASS,PASS,Disjunctive remedies: one or more may be applied. Not mutually exclusive. CO has discretion on which actions to take. Rule 15.,MEDIUM
25,25.206(c)(1),P_25_206_c_1,Process a determination concerning the inapplicability of the Buy American statute in accordance with 25.205.,P_25_206_c_1 (postaward inapplicability determination),UnauthorizedForeignCM -> (Process_25_205_Determination v ~Process_25_205_Determination),P_25_205,Material Implication (Impl): Rule 15 [HIGH-RISK]; Tautology (Taut): Rule 18,PENDING_REVIEW,PASS,PASS,"Discretionary remedy option. 'Process' implies consideration, not mandatory outcome. Tautological consequent. Rule 15.",MEDIUM
25,25.206(c)(2),P_25_206_c_2,Consider requiring the removal and replacement of the unauthorized foreign construction material.,P_25_206_c_2 (removal and replacement consideration),UnauthorizedForeignCM -> (Consider_RemovalReplacement v ~Consider_RemovalReplacement),None,Material Implication (Impl): Rule 15 [HIGH-RISK]; Tautology (Taut): Rule 18,PENDING_REVIEW,PASS,PASS,'Consider' = advisory/discretionary. Not a mandate to remove. Tautological consequent. Rule 15.,MEDIUM
25,25.206(c)(3),P_25_206_c_3,"If removal and replacement of foreign construction material incorporated in a building or work would be impracticable, cause undue delay, or otherwise be detrimental to Government interests, the CO may determine in writing that the foreign construction material need not be removed. This determination does not constitute an exception to the Buy American statute and should state so. It does not affect the Government's right to suspend or debar, or exercise other contractual rights and remedies such as price reduction or default termination.",P_25_206_c_3_a (impracticability/delay/detriment triggers retention authority); P_25_206_c_3_b (written determination); P_25_206_c_3_c (not a BA exception); P_25_206_c_3_d (preserves suspension/debarment rights); P_25_206_c_3_e (preserves contractual remedies),(Impracticable v UndueDelay v Detrimental) -> (CO_May_Retain_Written ^ ~BA_Exception_Constituted ^ SuspensionDebarment_Preserved ^ ContractualRemedies_Preserved),P_25_206_c_2,Material Implication (Impl): Rule 15 [HIGH-RISK]; Addition (Add): Rule 8; Conjunction (Conj): Rule 7; Negation (Neg): Rule 10; Tautology (Taut): Rule 18,PENDING_REVIEW,PASS,PASS,Complex provision with multiple facets. Disjunctive antecedent (any one of three conditions sufficient). 'May' = discretionary retention. Critical clarification that retention is not an exception -- preserves enforcement posture. Rule 15.,MEDIUM
25,25.206(c)(4),P_25_206_c_4,"If the noncompliance is sufficiently serious, consider exercising appropriate contractual remedies, such as terminating the contract for default. Also consider preparing and forwarding a report to the agency suspending and debarring official in accordance with subpart 9.4. If the noncompliance appears to be fraudulent, refer the matter to other appropriate agency officials, such as the officer responsible for criminal investigation.",P_25_206_c_4_a (contractual remedies for serious noncompliance); P_25_206_c_4_b (suspension/debarment referral); P_25_206_c_4_c (fraud referral to criminal investigation),(SeriousNoncompliance -> (Consider_Remedies ^ Consider_SuspDebar_Referral)) ^ (Fraudulent -> CriminalInvestigation_Referral),None,Material Implication (Impl): Rule 15 [HIGH-RISK]; Conjunction (Conj): Rule 7,PENDING_REVIEW,PASS,PASS,Two parallel conditionals: serious noncompliance triggers remedy/referral consideration; fraud triggers criminal referral. 'Consider' = advisory for remedies/debarment. 'Refer' = mandatory for fraud. Rule 15.,MEDIUM
WARNING,,,"Self-Validation Warning: This is internal, not independent audit. Mandatory external review required for: all PENDING_REVIEW, all LOW confidence, any HIGH-RISK rules, any circular dependencies.",,,,,,,,,
25,25.400,P_25_400,"This subpart provides policies and procedures applicable to acquisitions covered by specified trade agreements, and for agency-unique applications, see agency regulations.",P_25_400_a (subpart provides policies/procedures for trade agreement acquisitions); P_25_400_b (agency-unique applications per agency regs),P_25_400_a ^ P_25_400_b,P_25_400_a; P_25_400_b,Conjunction (Conj): Rule 7,VALIDATED,PASS,PASS,Parent aggregating scope statement. Declarative framing of subpart coverage.,HIGH
25,25.400(a),P_25_400_a,"This subpart provides policies and procedures applicable to acquisitions that are covered by the WTO GPA, Free Trade Agreements, least developed country designation, CBTI, Israeli Trade Act, or Agreement on Trade in Civil Aircraft.",P_25_400_a_1 (WTO GPA); P_25_400_a_2 (FTAs); P_25_400_a_3 (least developed country); P_25_400_a_4 (CBTI); P_25_400_a_5 (Israeli Trade Act); P_25_400_a_6 (Civil Aircraft Agreement),P_25_400_a_1 v P_25_400_a_2 v P_25_400_a_3 v P_25_400_a_4 v P_25_400_a_5 v P_25_400_a_6,P_25_400_a_1; P_25_400_a_2; P_25_400_a_3; P_25_400_a_4; P_25_400_a_5; P_25_400_a_6,Addition (Add): Rule 8,VALIDATED,PASS,PASS,Disjunctive: subpart applies if acquisition is covered by ANY of these agreements. 'Covered by' with list joined by semicolons and 'or' at end.,HIGH
25,25.400(a)(1),P_25_400_a_1,"The World Trade Organization Government Procurement Agreement (WTO GPA), as approved by Congress in the Uruguay Round Agreements Act (Pub. L. 103-465).",P_25_400_a_1 (WTO GPA applicability with statutory cite),P_25_400_a_1,None,Conjunction (Conj): Rule 7,VALIDATED,PASS,PASS,Atomic declarative. Identifies WTO GPA as covered agreement with enabling legislation.,HIGH
25,25.400(a)(2),P_25_400_a_2,"Free Trade Agreements (FTA), consisting of USMCA, Chile FTA, Singapore FTA, Australia FTA, Morocco FTA, CAFTA-DR, Bahrain FTA, Oman FTA, Peru FTA, Korea FTA, Colombia FTA, and Panama FTA.",P_25_400_a_2_i (USMCA); P_25_400_a_2_ii (Chile); P_25_400_a_2_iii (Singapore); P_25_400_a_2_iv (Australia); P_25_400_a_2_v (Morocco); P_25_400_a_2_vi (CAFTA-DR); P_25_400_a_2_vii (Bahrain); P_25_400_a_2_viii (Oman); P_25_400_a_2_ix (Peru); P_25_400_a_2_x (Korea); P_25_400_a_2_xi (Colombia); P_25_400_a_2_xii (Panama),P_25_400_a_2_i v P_25_400_a_2_ii v P_25_400_a_2_iii v P_25_400_a_2_iv v P_25_400_a_2_v v P_25_400_a_2_vi v P_25_400_a_2_vii v P_25_400_a_2_viii v P_25_400_a_2_ix v P_25_400_a_2_x v P_25_400_a_2_xi v P_25_400_a_2_xii,P_25_400_a_2_i; P_25_400_a_2_ii; P_25_400_a_2_iii; P_25_400_a_2_iv; P_25_400_a_2_v; P_25_400_a_2_vi; P_25_400_a_2_vii; P_25_400_a_2_viii; P_25_400_a_2_ix; P_25_400_a_2_x; P_25_400_a_2_xi; P_25_400_a_2_xii,Addition (Add): Rule 8,VALIDATED,PASS,PASS,Parent for FTA list. Disjunctive: coverage under any single FTA satisfies this element. 'Consisting of' with conjunctive list but each independently triggers coverage.,HIGH
25,25.400(a)(2)(i),P_25_400_a_2_i,"USMCA (United States-Mexico-Canada Agreement), Government Procurement Agreement applicable only to US and Mexico (Pub. L. 116-113) (19 U.S.C. chapter 29).",P_25_400_a_2_i (USMCA with limited GPA applicability to US-Mexico),P_25_400_a_2_i,None,Conjunction (Conj): Rule 7,VALIDATED,PASS,PASS,"Atomic. Note: GPA portion applies only to US-Mexico, not Canada.",HIGH
25,25.400(a)(2)(ii),P_25_400_a_2_ii,Chile FTA (United States-Chile Free Trade Agreement) (Pub. L. 108-77) (19 U.S.C. 3805 note).,P_25_400_a_2_ii (Chile FTA),P_25_400_a_2_ii,None,Conjunction (Conj): Rule 7,VALIDATED,PASS,PASS,Atomic declarative identifying Chile FTA with statutory cite.,HIGH
25,25.400(a)(2)(iii),P_25_400_a_2_iii,Singapore FTA (United States-Singapore Free Trade Agreement) (Pub. L. 108-78) (19 U.S.C. 3805 note).,P_25_400_a_2_iii (Singapore FTA),P_25_400_a_2_iii,None,Conjunction (Conj): Rule 7,VALIDATED,PASS,PASS,Atomic declarative identifying Singapore FTA.,HIGH
25,25.400(a)(2)(iv),P_25_400_a_2_iv,Australia FTA (United States-Australia Free Trade Agreement) (Pub. L. 108-286) (19 U.S.C. 3805 note).,P_25_400_a_2_iv (Australia FTA),P_25_400_a_2_iv,None,Conjunction (Conj): Rule 7,VALIDATED,PASS,PASS,Atomic declarative identifying Australia FTA.,HIGH
25,25.400(a)(2)(v),P_25_400_a_2_v,Morocco FTA (United States-Morocco Free Trade Agreement) (Pub. L. 108-302) (19 U.S.C. 3805 note).,P_25_400_a_2_v (Morocco FTA),P_25_400_a_2_v,None,Conjunction (Conj): Rule 7,VALIDATED,PASS,PASS,Atomic declarative identifying Morocco FTA.,HIGH
25,25.400(a)(2)(vi),P_25_400_a_2_vi,CAFTA-DR (Dominican Republic-Central America-United States Free Trade Agreement) (Pub. L. 109-53) (19 U.S.C. 4001 note).,P_25_400_a_2_vi (CAFTA-DR),P_25_400_a_2_vi,None,Conjunction (Conj): Rule 7,VALIDATED,PASS,PASS,Atomic declarative identifying CAFTA-DR.,HIGH
25,25.400(a)(2)(vii),P_25_400_a_2_vii,Bahrain FTA (United States-Bahrain Free Trade Agreement) (Pub. L. 109-169) (19 U.S.C. 3805 note).,P_25_400_a_2_vii (Bahrain FTA),P_25_400_a_2_vii,None,Conjunction (Conj): Rule 7,VALIDATED,PASS,PASS,Atomic declarative identifying Bahrain FTA.,HIGH
25,25.400(a)(2)(viii),P_25_400_a_2_viii,Oman FTA (United States-Oman Free Trade Agreement) (Pub. L. 109-283) (19 U.S.C. 3805 note).,P_25_400_a_2_viii (Oman FTA),P_25_400_a_2_viii,None,Conjunction (Conj): Rule 7,VALIDATED,PASS,PASS,Atomic declarative identifying Oman FTA.,HIGH
25,25.400(a)(2)(ix),P_25_400_a_2_ix,Peru FTA (United States-Peru Trade Promotion Agreement) (Pub. L. 110-138) (19 U.S.C. 3805 note).,P_25_400_a_2_ix (Peru FTA),P_25_400_a_2_ix,None,Conjunction (Conj): Rule 7,VALIDATED,PASS,PASS,Atomic declarative identifying Peru FTA.,HIGH
25,25.400(a)(2)(x),P_25_400_a_2_x,Korea FTA (United States-Korea Free Trade Agreement Implementation Act) (Pub. L. 112-41) (19 U.S.C. 3805 note).,P_25_400_a_2_x (Korea FTA),P_25_400_a_2_x,None,Conjunction (Conj): Rule 7,VALIDATED,PASS,PASS,Atomic declarative identifying Korea FTA.,HIGH
25,25.400(a)(2)(xi),P_25_400_a_2_xi,Colombia FTA (United States-Colombia Trade Promotion Agreement Implementation Act) (Pub. L. 112-42) (19 U.S.C. 3805 note).,P_25_400_a_2_xi (Colombia FTA),P_25_400_a_2_xi,None,Conjunction (Conj): Rule 7,VALIDATED,PASS,PASS,Atomic declarative identifying Colombia FTA.,HIGH
25,25.400(a)(2)(xii),P_25_400_a_2_xii,Panama FTA (United States-Panama Trade Promotion Agreement Implementation Act) (Pub. L. 112-43) (19 U.S.C. 3805 note).,P_25_400_a_2_xii (Panama FTA),P_25_400_a_2_xii,None,Conjunction (Conj): Rule 7,VALIDATED,PASS,PASS,Atomic declarative identifying Panama FTA.,HIGH
25,25.400(a)(3),P_25_400_a_3,"The least developed country designation made by the U.S. Trade Representative, pursuant to the Trade Agreements Act (19 U.S.C. 2511(b)(4)), in acquisitions covered by the WTO GPA.",P_25_400_a_3_a (USTR least developed country designation); P_25_400_a_3_b (acquisition covered by WTO GPA),P_25_400_a_3_b -> P_25_400_a_3_a,P_25_400_a_1,Material Implication (Impl): Rule 15 [HIGH-RISK],PENDING_REVIEW,PASS,PASS,Conditional: LDC designation applies only in WTO GPA-covered acquisitions. HIGH-RISK implication but direction is clear from text. Depends on WTO GPA coverage at P_25_400_a_1.,MEDIUM
25,25.400(a)(4),P_25_400_a_4,The Caribbean Basin Trade Initiative (CBTI): determination of the USTR that end products or construction material granted duty-free entry from CBERA beneficiary countries (except Panama) must be treated as eligible products in WTO GPA-covered acquisitions.,P_25_400_a_4_a (CBERA beneficiary country product with duty-free entry); P_25_400_a_4_b (not Panama); P_25_400_a_4_c (acquisition covered by WTO GPA); P_25_400_a_4_d (treated as eligible product),(P_25_400_a_4_a ^ P_25_400_a_4_b ^ P_25_400_a_4_c) -> P_25_400_a_4_d,P_25_400_a_1,Material Implication (Impl): Rule 15 [HIGH-RISK]; Conjunction (Conj): Rule 7,PENDING_REVIEW,PASS,PASS,Three conjunctive conditions in antecedent trigger eligible product treatment. Panama explicitly excluded. HIGH-RISK for implication direction but text is unambiguous.,MEDIUM
25,25.400(a)(5),P_25_400_a_5,"The Israeli Trade Act (the U.S.-Israel Free Trade Area Agreement, as approved by Congress in the United States-Israel Free Trade Area Implementation Act of 1985 (19 U.S.C. 2112 note)).",P_25_400_a_5 (Israeli Trade Act coverage),P_25_400_a_5,None,Conjunction (Conj): Rule 7,VALIDATED,PASS,PASS,Atomic declarative identifying Israeli Trade Act with statutory cite.,HIGH
25,25.400(a)(6),P_25_400_a_6,"The Agreement on Trade in Civil Aircraft (U.S. Trade Representative waiver of the Buy American statute for signatories, as implemented in the Trade Agreements Act of 1979 (19 U.S.C. 2513)).",P_25_400_a_6_a (signatory to Agreement on Trade in Civil Aircraft); P_25_400_a_6_b (USTR waiver of Buy American statute),P_25_400_a_6_a -> P_25_400_a_6_b,EXTERNAL: Buy American statute (41 U.S.C. 8302); Trade Agreements Act of 1979 (19 U.S.C. 2513),Material Implication (Impl): Rule 15 [HIGH-RISK],PENDING_REVIEW,PASS,PASS,Signatory status triggers Buy American waiver. HIGH-RISK implication but causal direction is explicit in text.,MEDIUM
25,25.400(b),P_25_400_b,"For application of the trade agreements that are unique to individual agencies, see agency regulations.",P_25_400_b (agency-unique trade agreement applications governed by agency regulations),P_25_400_b,EXTERNAL: Agency supplementary regulations,Conjunction (Conj): Rule 7,VALIDATED,PASS,PASS,Declarative cross-reference to agency-specific regulations. External dependency on agency supplementary FAR.,HIGH
25,25.401,P_25_401,"Exceptions to the trade agreements subpart: certain acquisitions are excluded from coverage, and certain services are excluded per U.S. schedules under WTO GPA and FTAs.",P_25_401_a (acquisition exceptions); P_25_401_b (service exclusions per schedules),P_25_401_a v P_25_401_b,P_25_401_a; P_25_401_b,Addition (Add): Rule 8,VALIDATED,PASS,PASS,Parent. Two categories of exceptions: acquisition-type exclusions and service-type exclusions by agreement.,HIGH
25,25.401(a),P_25_401_a,This subpart does not apply to: small business set-asides; arms/ammunition/war materials/national security; end products for resale; AbilityOne/FPI acquisitions; other than full and open competition acquisitions; and goods/services excluded under individual trade agreements.,P_25_401_a_1; P_25_401_a_2; P_25_401_a_3; P_25_401_a_4; P_25_401_a_5; P_25_401_a_6,(P_25_401_a_1 v P_25_401_a_2 v P_25_401_a_3 v P_25_401_a_4 v P_25_401_a_5 v P_25_401_a_6) -> ~P_25_400,P_25_400,Material Implication (Impl): Rule 15 [HIGH-RISK]; Negation (Neg): Rule 10; Addition (Add): Rule 8,PENDING_REVIEW,PASS,PASS,Disjunctive antecedent: any single exception triggers non-applicability of the subpart. HIGH-RISK for negation of entire subpart scope.,MEDIUM
25,25.401(a)(1),P_25_401_a_1,Acquisitions set aside for small businesses are excepted from this subpart.,P_25_401_a_1_a (acquisition set aside for small business); P_25_401_a_1_b (subpart does not apply),P_25_401_a_1_a -> P_25_401_a_1_b,EXTERNAL: Small business set-aside procedures,Material Implication (Impl): Rule 15 [HIGH-RISK],PENDING_REVIEW,PASS,PASS,Small business set-aside triggers exception. Clear causal direction.,MEDIUM
25,25.401(a)(2),P_25_401_a_2,"Acquisitions of arms, ammunition, or war materials, or purchases indispensable for national security or for national defense purposes are excepted.",P_25_401_a_2_a (arms/ammunition/war materials); P_25_401_a_2_b (indispensable for national security); P_25_401_a_2_c (indispensable for national defense); P_25_401_a_2_d (subpart does not apply),(P_25_401_a_2_a v P_25_401_a_2_b v P_25_401_a_2_c) -> P_25_401_a_2_d,None,Material Implication (Impl): Rule 15 [HIGH-RISK]; Addition (Add): Rule 8,PENDING_REVIEW,PASS,PASS,Disjunctive antecedent with three independent triggers. 'Or' explicit in text.,MEDIUM
25,25.401(a)(3),P_25_401_a_3,Acquisitions of end products for resale are excepted from this subpart.,P_25_401_a_3_a (end products for resale); P_25_401_a_3_b (subpart does not apply),P_25_401_a_3_a -> P_25_401_a_3_b,None,Material Implication (Impl): Rule 15 [HIGH-RISK],PENDING_REVIEW,PASS,PASS,Straightforward conditional exception.,MEDIUM
25,25.401(a)(4),P_25_401_a_4,"Acquisitions under subpart 8.2 (AbilityOne Participating Nonprofit Agencies) and acquisitions from Federal Prison Industries, Inc., under subpart 8.3 are excepted.",P_25_401_a_4_a (acquisition under subpart 8.2 AbilityOne); P_25_401_a_4_b (acquisition from FPI under subpart 8.3); P_25_401_a_4_c (subpart does not apply),(P_25_401_a_4_a v P_25_401_a_4_b) -> P_25_401_a_4_c,EXTERNAL: FAR Subpart 8.2; FAR Subpart 8.3,Material Implication (Impl): Rule 15 [HIGH-RISK]; Addition (Add): Rule 8,PENDING_REVIEW,PASS,PASS,Either AbilityOne or FPI acquisition triggers exception. External deps on Parts 8.2 and 8.3.,MEDIUM
25,25.401(a)(5),P_25_401_a_5,"Other acquisitions not using full and open competition, if authorized by 6.102 or 6.103, when the limitation of competition would preclude use of the procedures of this subpart; or sole source acquisitions justified in accordance with 12.102.",P_25_401_a_5_a (not full and open competition per 6.102/6.103); P_25_401_a_5_b (limitation precludes subpart procedures); P_25_401_a_5_c (sole source per 12.102); P_25_401_a_5_d (subpart does not apply),((P_25_401_a_5_a ^ P_25_401_a_5_b) v P_25_401_a_5_c) -> P_25_401_a_5_d,EXTERNAL: FAR 6.102; FAR 6.103; FAR 12.102,Material Implication (Impl): Rule 15 [HIGH-RISK]; Conjunction (Conj): Rule 7; Addition (Add): Rule 8,PENDING_REVIEW,PASS,PASS,"Two paths to exception: (1) limited competition that precludes subpart use, or (2) sole source under 12.102. External deps on 6.102, 6.103, 12.102.",MEDIUM
25,25.401(a)(6),P_25_401_a_6,"Goods and services specifically excluded under individual trade agreements, such as exceptions negotiated by the U.S. Trade Representative for particular agencies. See the agency supplementary regulations.",P_25_401_a_6_a (goods/services excluded under individual trade agreement); P_25_401_a_6_b (subpart does not apply),P_25_401_a_6_a -> P_25_401_a_6_b,EXTERNAL: Agency supplementary regulations; individual trade agreement exclusions,Material Implication (Impl): Rule 15 [HIGH-RISK],PENDING_REVIEW,PASS,PASS,Open-ended exception dependent on specific trade agreement exclusions and agency supplements.,MEDIUM
25,25.401(b),P_25_401_b,"In the WTO GPA and each FTA, there is a U.S. schedule listing services excluded from that agreement. The following services are excluded from coverage as indicated in the table.",P_25_401_b_1; P_25_401_b_2_i; P_25_401_b_2_ii; P_25_401_b_2_iii; P_25_401_b_3; P_25_401_b_4_i; P_25_401_b_4_ii; P_25_401_b_5; P_25_401_b_6; P_25_401_b_7; P_25_401_b_8; P_25_401_b_9,P_25_401_b_1 ^ P_25_401_b_2_i ^ P_25_401_b_2_ii ^ P_25_401_b_2_iii ^ P_25_401_b_3 ^ P_25_401_b_4_i ^ P_25_401_b_4_ii ^ P_25_401_b_5 ^ P_25_401_b_6 ^ P_25_401_b_7 ^ P_25_401_b_8 ^ P_25_401_b_9,P_25_401_b_1; P_25_401_b_2_i; P_25_401_b_2_ii; P_25_401_b_2_iii; P_25_401_b_3; P_25_401_b_4_i; P_25_401_b_4_ii; P_25_401_b_5; P_25_401_b_6; P_25_401_b_7; P_25_401_b_8; P_25_401_b_9,Conjunction (Conj): Rule 7,VALIDATED,PASS,PASS,Parent for service exclusion table. Each row is a conjunct representing one service category exclusion. All rows collectively define the exclusion landscape.,HIGH
25,25.401(b)(1),P_25_401_b_1,"All services purchased in support of military services overseas are excluded from WTO GPA, Korea FTA, Bahrain FTA, CAFTA-DR, Chile FTA, Colombia FTA, USMCA, Oman FTA, Panama FTA, Peru FTA, Singapore FTA, Australia FTA, and Morocco FTA.",P_25_401_b_1_a (services in support of military overseas); P_25_401_b_1_b (excluded from all listed agreements),P_25_401_b_1_a -> P_25_401_b_1_b,P_25_400_a_1; P_25_400_a_2,Material Implication (Impl): Rule 15 [HIGH-RISK],PENDING_REVIEW,PASS,PASS,Universal exclusion across all agreements. X marked in all four agreement columns.,MEDIUM
25,25.401(b)(2)(i),P_25_401_b_2_i,"ADP telecommunications and transmission services (D304), except enhanced (value-added) telecommunications services, are excluded from WTO GPA, Korea FTA, Bahrain FTA, CAFTA-DR, Chile FTA, Colombia FTA, USMCA, Oman FTA, Panama FTA, and Peru FTA, but NOT excluded from Singapore FTA or Australia/Morocco FTA.","P_25_401_b_2_i_a (ADP telecom/transmission D304, not enhanced); P_25_401_b_2_i_b (excluded from WTO GPA and Group 2 FTAs); P_25_401_b_2_i_c (not excluded from Singapore or Australia/Morocco FTAs)",(P_25_401_b_2_i_a) -> (P_25_401_b_2_i_b ^ P_25_401_b_2_i_c),P_25_400_a_1; P_25_400_a_2_x; P_25_400_a_2_vii; P_25_400_a_2_vi; P_25_400_a_2_ii; P_25_400_a_2_xi; P_25_400_a_2_i; P_25_400_a_2_viii; P_25_400_a_2_xii; P_25_400_a_2_ix,Material Implication (Impl): Rule 15 [HIGH-RISK]; Conjunction (Conj): Rule 7,PENDING_REVIEW,PASS,PASS,"Partial exclusion: X in WTO GPA/Korea and Group 2 columns, blank in Singapore and Australia/Morocco. Enhanced services carved out.",MEDIUM
25,25.401(b)(2)(ii),P_25_401_b_2_ii,"ADP teleprocessing and timesharing services (D305), telecommunications network management services (D316), automated news/data/information services (D317), and other ADP and telecommunications services (D399) are excluded from WTO GPA, Korea FTA, Bahrain FTA, CAFTA-DR, Chile FTA, Colombia FTA, USMCA, Oman FTA, Panama FTA, and Peru FTA, but NOT excluded from Singapore FTA or Australia/Morocco FTA.",P_25_401_b_2_ii_a (D305/D316/D317/D399 services); P_25_401_b_2_ii_b (excluded from WTO GPA and Group 2 FTAs); P_25_401_b_2_ii_c (not excluded from Singapore or Australia/Morocco FTAs),(P_25_401_b_2_ii_a) -> (P_25_401_b_2_ii_b ^ P_25_401_b_2_ii_c),P_25_400_a_1; P_25_400_a_2_x; P_25_400_a_2_vii; P_25_400_a_2_vi; P_25_400_a_2_ii; P_25_400_a_2_xi; P_25_400_a_2_i; P_25_400_a_2_viii; P_25_400_a_2_xii; P_25_400_a_2_ix,Material Implication (Impl): Rule 15 [HIGH-RISK]; Conjunction (Conj): Rule 7,PENDING_REVIEW,PASS,PASS,Same exclusion pattern as (2)(i) but for different service codes.,MEDIUM
25,25.401(b)(2)(iii),P_25_401_b_2_iii,"Basic telecommunications network services (voice telephone, packet-switched data, circuit-switched data, telex, facsimile, private leased circuit, but not information services per 47 U.S.C. 153(24)) are excluded from Singapore FTA and Australia/Morocco FTA. Footnoted (*) for WTO GPA/Korea and Group 2 FTAs.","P_25_401_b_2_iii_a (basic telecom network services, not information services); P_25_401_b_2_iii_b (excluded from Singapore and Australia/Morocco FTAs); P_25_401_b_2_iii_c (footnoted status under WTO GPA/Korea and Group 2 FTAs)",(P_25_401_b_2_iii_a) -> (P_25_401_b_2_iii_b ^ P_25_401_b_2_iii_c),P_25_400_a_2_iii; P_25_400_a_2_iv; P_25_400_a_2_v,Material Implication (Impl): Rule 15 [HIGH-RISK]; Conjunction (Conj): Rule 7,PENDING_REVIEW,PASS,PASS,Inverse pattern from (2)(i)/(ii): excluded from Singapore and Australia/Morocco but footnoted (*) for WTO GPA/Korea and Group 2. Footnote text not available in this file -- flagged INCOMPLETE for footnote resolution.,MEDIUM
25,25.401(b)(3),P_25_401_b_3,"Dredging is excluded from WTO GPA, Korea FTA, all Group 2 FTAs, Singapore FTA, and Australia/Morocco FTA.",P_25_401_b_3_a (dredging service); P_25_401_b_3_b (excluded from all listed agreements),P_25_401_b_3_a -> P_25_401_b_3_b,P_25_400_a_1; P_25_400_a_2,Material Implication (Impl): Rule 15 [HIGH-RISK],PENDING_REVIEW,PASS,PASS,Universal exclusion. X in all four agreement columns.,MEDIUM
25,25.401(b)(4)(i),P_25_401_b_4_i,"Operation and management contracts of certain Government or privately owned facilities used for Government purposes, including FFRDCs, are excluded from WTO GPA, Korea FTA, and Singapore FTA, but NOT from Group 2 FTAs or Australia/Morocco FTA.",P_25_401_b_4_i_a (O&M contracts for govt/private facilities incl FFRDCs); P_25_401_b_4_i_b (excluded from WTO GPA/Korea and Singapore); P_25_401_b_4_i_c (not excluded from Group 2 or Australia/Morocco),(P_25_401_b_4_i_a) -> (P_25_401_b_4_i_b ^ P_25_401_b_4_i_c),P_25_400_a_1; P_25_400_a_2_x; P_25_400_a_2_iii,Material Implication (Impl): Rule 15 [HIGH-RISK]; Conjunction (Conj): Rule 7,PENDING_REVIEW,PASS,PASS,Partial exclusion: X in WTO GPA/Korea and Singapore columns only.,MEDIUM
25,25.401(b)(4)(ii),P_25_401_b_4_ii,"Operation of all DoD, DOE, or NASA facilities; and all Government-owned R&D facilities or Government-owned environmental laboratories are excluded from Group 2 FTAs and Australia/Morocco FTA. Footnoted (**) for WTO GPA/Korea and Singapore.",P_25_401_b_4_ii_a (DoD/DOE/NASA facilities or govt-owned R&D/environmental labs); P_25_401_b_4_ii_b (excluded from Group 2 and Australia/Morocco FTAs); P_25_401_b_4_ii_c (footnoted status under WTO GPA/Korea and Singapore),(P_25_401_b_4_ii_a) -> (P_25_401_b_4_ii_b ^ P_25_401_b_4_ii_c),P_25_400_a_2_vii; P_25_400_a_2_vi; P_25_400_a_2_ii; P_25_400_a_2_xi; P_25_400_a_2_i; P_25_400_a_2_viii; P_25_400_a_2_xii; P_25_400_a_2_ix; P_25_400_a_2_iv; P_25_400_a_2_v,Material Implication (Impl): Rule 15 [HIGH-RISK]; Conjunction (Conj): Rule 7,PENDING_REVIEW,PASS,PASS,X in Group 2 and Australia/Morocco; ** footnote in WTO GPA/Korea and Singapore. Footnote text not available in this file.,MEDIUM
25,25.401(b)(5),P_25_401_b_5,"Research and development is excluded from WTO GPA, Korea FTA, all Group 2 FTAs, Singapore FTA, and Australia/Morocco FTA.",P_25_401_b_5_a (R&D services); P_25_401_b_5_b (excluded from all listed agreements),P_25_401_b_5_a -> P_25_401_b_5_b,P_25_400_a_1; P_25_400_a_2,Material Implication (Impl): Rule 15 [HIGH-RISK],PENDING_REVIEW,PASS,PASS,Universal exclusion. X in all four agreement columns.,MEDIUM
25,25.401(b)(6),P_25_401_b_6,"Transportation services (including launching services, but not including travel agent services) are excluded from WTO GPA, Korea FTA, all Group 2 FTAs, Singapore FTA, and Australia/Morocco FTA.","P_25_401_b_6_a (transportation services incl launching, excl travel agent); P_25_401_b_6_b (excluded from all listed agreements)",P_25_401_b_6_a -> P_25_401_b_6_b,P_25_400_a_1; P_25_400_a_2,Material Implication (Impl): Rule 15 [HIGH-RISK],PENDING_REVIEW,PASS,PASS,"Universal exclusion with carve-outs: launching services included, travel agent services excluded from exclusion.",MEDIUM
25,25.401(b)(7),P_25_401_b_7,"Utility services are excluded from WTO GPA, Korea FTA, all Group 2 FTAs, Singapore FTA, and Australia/Morocco FTA.",P_25_401_b_7_a (utility services); P_25_401_b_7_b (excluded from all listed agreements),P_25_401_b_7_a -> P_25_401_b_7_b,P_25_400_a_1; P_25_400_a_2,Material Implication (Impl): Rule 15 [HIGH-RISK],PENDING_REVIEW,PASS,PASS,Universal exclusion. X in all four columns.,MEDIUM
25,25.401(b)(8),P_25_401_b_8,"Maintenance, repair, modification, rebuilding and installation of equipment related to ships (J019) are excluded from Group 2 FTAs and Australia/Morocco FTA, but NOT excluded from WTO GPA/Korea or Singapore FTA.",P_25_401_b_8_a (ship equipment maintenance/repair/mod/rebuild/install J019); P_25_401_b_8_b (excluded from Group 2 and Australia/Morocco); P_25_401_b_8_c (not excluded from WTO GPA/Korea or Singapore),(P_25_401_b_8_a) -> (P_25_401_b_8_b ^ P_25_401_b_8_c),P_25_400_a_2_vii; P_25_400_a_2_vi; P_25_400_a_2_ii; P_25_400_a_2_xi; P_25_400_a_2_i; P_25_400_a_2_viii; P_25_400_a_2_xii; P_25_400_a_2_ix; P_25_400_a_2_iv; P_25_400_a_2_v,Material Implication (Impl): Rule 15 [HIGH-RISK]; Conjunction (Conj): Rule 7,PENDING_REVIEW,PASS,PASS,Partial exclusion: X only in Group 2 and Australia/Morocco columns.,MEDIUM
25,25.401(b)(9),P_25_401_b_9,"Nonnuclear ship repair (J998) is excluded from Group 2 FTAs and Australia/Morocco FTA, but NOT excluded from WTO GPA/Korea or Singapore FTA.",P_25_401_b_9_a (nonnuclear ship repair J998); P_25_401_b_9_b (excluded from Group 2 and Australia/Morocco); P_25_401_b_9_c (not excluded from WTO GPA/Korea or Singapore),(P_25_401_b_9_a) -> (P_25_401_b_9_b ^ P_25_401_b_9_c),P_25_400_a_2_vii; P_25_400_a_2_vi; P_25_400_a_2_ii; P_25_400_a_2_xi; P_25_400_a_2_i; P_25_400_a_2_viii; P_25_400_a_2_xii; P_25_400_a_2_ix; P_25_400_a_2_iv; P_25_400_a_2_v,Material Implication (Impl): Rule 15 [HIGH-RISK]; Conjunction (Conj): Rule 7,PENDING_REVIEW,PASS,PASS,Same partial exclusion pattern as (8). X only in Group 2 and Australia/Morocco.,MEDIUM
25,25.402,P_25_402,"General provisions on trade agreement authority, waiver of Buy American, origin of services, and acquisition value thresholds.",P_25_402_a (authority and waiver provisions); P_25_402_b (threshold table),P_25_402_a ^ P_25_402_b,P_25_402_a; P_25_402_b,Conjunction (Conj): Rule 7,VALIDATED,PASS,PASS,Parent aggregating trade agreement general provisions.,HIGH
25,25.402(a),P_25_402_a,"Trade Agreements Act authority for Presidential waiver of Buy American and other discriminatory provisions, plus service origin determination rules.",P_25_402_a_1 (waiver authority); P_25_402_a_2 (service origin determination),P_25_402_a_1 ^ P_25_402_a_2,P_25_402_a_1; P_25_402_a_2,Conjunction (Conj): Rule 7,VALIDATED,PASS,PASS,Parent for two distinct requirements: waiver authority delegation and service origin rules.,HIGH
25,25.402(a)(1),P_25_402_a_1,"The Trade Agreements Act (19 U.S.C. 2501 et seq.) provides the authority for the President to waive the Buy American statute and other discriminatory provisions for eligible products from countries that have signed an international trade agreement with the United States or that meet certain other criteria such as being a least developed country. The President has delegated this waiver authority to the USTR. In acquisitions covered by WTO GPA, FTAs, or Israeli Trade Act, the USTR has waived the Buy American statute for eligible products. Offers of eligible products receive equal consideration with domestic offers.",P_25_402_a_1_a (TAA provides Presidential waiver authority); P_25_402_a_1_b (authority delegated to USTR); P_25_402_a_1_c (USTR has waived Buy American for eligible products in covered acquisitions); P_25_402_a_1_d (eligible products receive equal consideration with domestic),P_25_402_a_1_a ^ P_25_402_a_1_b ^ (P_25_402_a_1_c -> P_25_402_a_1_d),P_25_400_a_1; P_25_400_a_2; P_25_400_a_5; EXTERNAL: Buy American statute; Trade Agreements Act (19 U.S.C. 2501),Conjunction (Conj): Rule 7; Material Implication (Impl): Rule 15 [HIGH-RISK],PENDING_REVIEW,PASS,PASS,Mix of declaratives and one conditional: waiver in covered acquisitions triggers equal consideration. The equal-consideration requirement is the operative mandate.,MEDIUM
25,25.402(a)(2),P_25_402_a_2,The contracting officer must determine the origin of services by the country in which the firm providing the services is established. See subpart 25.5 for evaluation procedures for supply contracts covered by trade agreements.,P_25_402_a_2_a (CO must determine service origin by country of establishment); P_25_402_a_2_b (see subpart 25.5 for supply evaluation procedures),P_25_402_a_2_a ^ P_25_402_a_2_b,EXTERNAL: FAR Subpart 25.5,Conjunction (Conj): Rule 7,VALIDATED,PASS,PASS,Mandatory ('must') determination of service origin. Cross-reference to 25.5 for supplies.,HIGH
25,25.402(b),P_25_402_b,The value of the acquisition is a determining factor in the applicability of trade agreements. Most dollar thresholds are subject to revision by the USTR approximately every 2 years. The thresholds are summarized in the following table.,P_25_402_b_WTO through P_25_402_b_ISR (individual agreement thresholds),P_25_402_b_WTO ^ P_25_402_b_AUS ^ P_25_402_b_BHR ^ P_25_402_b_CAFTA ^ P_25_402_b_CHL ^ P_25_402_b_COL ^ P_25_402_b_KOR ^ P_25_402_b_MAR ^ P_25_402_b_MEX ^ P_25_402_b_OMN ^ P_25_402_b_PAN ^ P_25_402_b_PER ^ P_25_402_b_SGP ^ P_25_402_b_ISR,P_25_402_b_WTO; P_25_402_b_AUS; P_25_402_b_BHR; P_25_402_b_CAFTA; P_25_402_b_CHL; P_25_402_b_COL; P_25_402_b_KOR; P_25_402_b_MAR; P_25_402_b_MEX; P_25_402_b_OMN; P_25_402_b_PAN; P_25_402_b_PER; P_25_402_b_SGP; P_25_402_b_ISR,Conjunction (Conj): Rule 7,VALIDATED,PASS,PASS,Parent for threshold table. All thresholds collectively define the applicability landscape. Subject to periodic USTR revision.,HIGH
25,25.402(b)_WTO_GPA,P_25_402_b_WTO,"WTO GPA: Supply contract threshold = $174,000; Service contract threshold = $174,000; Construction contract threshold = $6,708,000.",P_25_402_b_WTO_supply ($174K); P_25_402_b_WTO_service ($174K); P_25_402_b_WTO_construction ($6.708M),P_25_402_b_WTO_supply ^ P_25_402_b_WTO_service ^ P_25_402_b_WTO_construction,None,Conjunction (Conj): Rule 7,VALIDATED,PASS,PASS,Three conjunctive threshold values for WTO GPA. Equal to or exceeding triggers applicability.,HIGH
25,25.402(b)_Australia,P_25_402_b_AUS,"Australia FTA: Supply = $102,280; Service = $102,280; Construction = $6,708,000.","P_25_402_b_AUS_supply ($102,280); P_25_402_b_AUS_service ($102,280); P_25_402_b_AUS_construction ($6.708M)",P_25_402_b_AUS_supply ^ P_25_402_b_AUS_service ^ P_25_402_b_AUS_construction,None,Conjunction (Conj): Rule 7,VALIDATED,PASS,PASS,Australia FTA thresholds.,HIGH
25,25.402(b)_Bahrain,P_25_402_b_BHR,"Bahrain FTA: Supply = $174,000; Service = $174,000; Construction = $13,296,489.",P_25_402_b_BHR_supply ($174K); P_25_402_b_BHR_service ($174K); P_25_402_b_BHR_construction ($13.296M),P_25_402_b_BHR_supply ^ P_25_402_b_BHR_service ^ P_25_402_b_BHR_construction,None,Conjunction (Conj): Rule 7,VALIDATED,PASS,PASS,Bahrain FTA thresholds. Note higher construction threshold than most FTAs.,HIGH
25,25.402(b)_CAFTA_DR,P_25_402_b_CAFTA,"CAFTA-DR (Costa Rica, Dominican Republic, El Salvador, Guatemala, Honduras, Nicaragua): Supply = $102,280; Service = $102,280; Construction = $6,708,000.","P_25_402_b_CAFTA_supply ($102,280); P_25_402_b_CAFTA_service ($102,280); P_25_402_b_CAFTA_construction ($6.708M)",P_25_402_b_CAFTA_supply ^ P_25_402_b_CAFTA_service ^ P_25_402_b_CAFTA_construction,None,Conjunction (Conj): Rule 7,VALIDATED,PASS,PASS,CAFTA-DR thresholds covering six Central American/Caribbean countries.,HIGH
25,25.402(b)_Chile,P_25_402_b_CHL,"Chile FTA: Supply = $102,280; Service = $102,280; Construction = $6,708,000.","P_25_402_b_CHL_supply ($102,280); P_25_402_b_CHL_service ($102,280); P_25_402_b_CHL_construction ($6.708M)",P_25_402_b_CHL_supply ^ P_25_402_b_CHL_service ^ P_25_402_b_CHL_construction,None,Conjunction (Conj): Rule 7,VALIDATED,PASS,PASS,Chile FTA thresholds.,HIGH
25,25.402(b)_Colombia,P_25_402_b_COL,"Colombia FTA: Supply = $102,280; Service = $102,280; Construction = $6,708,000.","P_25_402_b_COL_supply ($102,280); P_25_402_b_COL_service ($102,280); P_25_402_b_COL_construction ($6.708M)",P_25_402_b_COL_supply ^ P_25_402_b_COL_service ^ P_25_402_b_COL_construction,None,Conjunction (Conj): Rule 7,VALIDATED,PASS,PASS,Colombia FTA thresholds.,HIGH
25,25.402(b)_Korea,P_25_402_b_KOR,"Korea FTA: Supply = $100,000; Service = $100,000; Construction = $6,708,000.",P_25_402_b_KOR_supply ($100K); P_25_402_b_KOR_service ($100K); P_25_402_b_KOR_construction ($6.708M),P_25_402_b_KOR_supply ^ P_25_402_b_KOR_service ^ P_25_402_b_KOR_construction,None,Conjunction (Conj): Rule 7,VALIDATED,PASS,PASS,Korea FTA thresholds. Note lowest supply/service threshold among FTAs at $100K.,HIGH
25,25.402(b)_Morocco,P_25_402_b_MAR,"Morocco FTA: Supply = $174,000; Service = $174,000; Construction = $6,708,000.",P_25_402_b_MAR_supply ($174K); P_25_402_b_MAR_service ($174K); P_25_402_b_MAR_construction ($6.708M),P_25_402_b_MAR_supply ^ P_25_402_b_MAR_service ^ P_25_402_b_MAR_construction,None,Conjunction (Conj): Rule 7,VALIDATED,PASS,PASS,Morocco FTA thresholds.,HIGH
25,25.402(b)_USMCA_Mexico,P_25_402_b_MEX,"USMCA (Mexico only): Supply = $102,280; Service = $102,280; Construction = $13,296,489.","P_25_402_b_MEX_supply ($102,280); P_25_402_b_MEX_service ($102,280); P_25_402_b_MEX_construction ($13.296M)",P_25_402_b_MEX_supply ^ P_25_402_b_MEX_service ^ P_25_402_b_MEX_construction,None,Conjunction (Conj): Rule 7,VALIDATED,PASS,PASS,USMCA Mexico thresholds. Higher construction threshold. GPA applicable only to US-Mexico per 25.400(a)(2)(i).,HIGH
25,25.402(b)_Oman,P_25_402_b_OMN,"Oman FTA: Supply = $174,000; Service = $174,000; Construction = $13,296,489.",P_25_402_b_OMN_supply ($174K); P_25_402_b_OMN_service ($174K); P_25_402_b_OMN_construction ($13.296M),P_25_402_b_OMN_supply ^ P_25_402_b_OMN_service ^ P_25_402_b_OMN_construction,None,Conjunction (Conj): Rule 7,VALIDATED,PASS,PASS,Oman FTA thresholds. Higher construction threshold.,HIGH
25,25.402(b)_Panama,P_25_402_b_PAN,"Panama FTA: Supply = $174,000; Service = $174,000; Construction = $6,708,000.",P_25_402_b_PAN_supply ($174K); P_25_402_b_PAN_service ($174K); P_25_402_b_PAN_construction ($6.708M),P_25_402_b_PAN_supply ^ P_25_402_b_PAN_service ^ P_25_402_b_PAN_construction,None,Conjunction (Conj): Rule 7,VALIDATED,PASS,PASS,Panama FTA thresholds.,HIGH
25,25.402(b)_Peru,P_25_402_b_PER,"Peru FTA: Supply = $174,000; Service = $174,000; Construction = $6,708,000.",P_25_402_b_PER_supply ($174K); P_25_402_b_PER_service ($174K); P_25_402_b_PER_construction ($6.708M),P_25_402_b_PER_supply ^ P_25_402_b_PER_service ^ P_25_402_b_PER_construction,None,Conjunction (Conj): Rule 7,VALIDATED,PASS,PASS,Peru FTA thresholds.,HIGH
25,25.402(b)_Singapore,P_25_402_b_SGP,"Singapore FTA: Supply = $102,280; Service = $102,280; Construction = $6,708,000.","P_25_402_b_SGP_supply ($102,280); P_25_402_b_SGP_service ($102,280); P_25_402_b_SGP_construction ($6.708M)",P_25_402_b_SGP_supply ^ P_25_402_b_SGP_service ^ P_25_402_b_SGP_construction,None,Conjunction (Conj): Rule 7,VALIDATED,PASS,PASS,Singapore FTA thresholds.,HIGH
25,25.402(b)_Israel,P_25_402_b_ISR,"Israeli Trade Act: Supply contract threshold = $50,000. No service or construction thresholds specified.",P_25_402_b_ISR_supply ($50K supply only),P_25_402_b_ISR_supply,None,Conjunction (Conj): Rule 7,VALIDATED,PASS,PASS,Israeli Trade Act has supply threshold only. Lowest threshold of all agreements at $50K.,HIGH
25,25.502,P_25_502,"Application of evaluation procedures for foreign offers under trade agreements, including evaluation factor application, award determination, and tie resolution.",P_25_502_a; P_25_502_b; P_25_502_c_i; P_25_502_c_ii; P_25_502_d,P_25_502_a ^ P_25_502_b ^ (P_25_502_c_i v P_25_502_c_ii) ^ P_25_502_d,P_25_502_a; P_25_502_b; P_25_502_c_i; P_25_502_c_ii; P_25_502_d; EXTERNAL: FAR 25.106,Conjunction (Conj): Rule 7; Addition (Add): Rule 8,VALIDATED,PASS,PASS,Parent for evaluation procedures. Note: only partial text available in this file. Award outcomes (c)(i) and (c)(ii) are mutually exclusive alternatives.,HIGH
25,25.502(a),P_25_502_a,Apply the evaluation factor specified in 25.106 to the low offer.,P_25_502_a (apply 25.106 evaluation factor to low offer),P_25_502_a,EXTERNAL: FAR 25.106,Conjunction (Conj): Rule 7,VALIDATED,PASS,PASS,Mandatory application of evaluation factor. External dep on 25.106.,HIGH
25,25.502(b),P_25_502_b,The procedures at 25.106(b)(2) and 25.106(c)(2) do not apply.,P_25_502_b (25.106(b)(2) and (c)(2) procedures inapplicable),~P_25_106_b_2 ^ ~P_25_106_c_2,EXTERNAL: FAR 25.106(b)(2); FAR 25.106(c)(2),Negation (Neg): Rule 10; Conjunction (Conj): Rule 7,VALIDATED,PASS,PASS,Explicit exclusion of specific evaluation sub-procedures. External deps on 25.106(b)(2) and (c)(2).,HIGH
25,25.502(c)(i),P_25_502_c_i,"If the evaluated price of the low offer remains less than the lowest domestic offer, award on the low offer.",P_25_502_c_i_a (evaluated low offer price < lowest domestic offer); P_25_502_c_i_b (award on low offer),P_25_502_c_i_a -> P_25_502_c_i_b,P_25_502_a,Material Implication (Impl): Rule 15 [HIGH-RISK],PENDING_REVIEW,PASS,PASS,"Conditional award determination. If foreign low offer still beats domestic after evaluation factor, award to foreign.",MEDIUM
25,25.502(c)(ii),P_25_502_c_ii,"If the price of the lowest domestic offer is less than the evaluated price of the low offer, award on the lowest domestic offer.",P_25_502_c_ii_a (lowest domestic price < evaluated low offer price); P_25_502_c_ii_b (award on lowest domestic),P_25_502_c_ii_a -> P_25_502_c_ii_b,P_25_502_a,Material Implication (Impl): Rule 15 [HIGH-RISK],PENDING_REVIEW,PASS,PASS,Conditional award determination. Mutually exclusive with (c)(i).,MEDIUM
25,25.502(d),P_25_502_d,Ties resolution procedures between domestic and foreign offers.,P_25_502_d_1; P_25_502_d_2; P_25_502_d_3,P_25_502_d_1 ^ P_25_502_d_2 ^ P_25_502_d_3,P_25_502_d_1; P_25_502_d_2; P_25_502_d_3,Conjunction (Conj): Rule 7,VALIDATED,PASS,PASS,Parent for three tie-resolution scenarios.,HIGH
25,25.502(d)(1),P_25_502_d_1,"If application of an evaluation factor results in a tie between a domestic offer and a foreign offer, award on the domestic offer.",P_25_502_d_1_a (tie after evaluation factor between domestic and foreign); P_25_502_d_1_b (award on domestic),P_25_502_d_1_a -> P_25_502_d_1_b,P_25_502_a,Material Implication (Impl): Rule 15 [HIGH-RISK],PENDING_REVIEW,PASS,PASS,Domestic preference in tie scenario. Clear directional conditional.,MEDIUM
25,25.502(d)(2),P_25_502_d_2,"If no evaluation preference was applied (i.e., offers afforded nondiscriminatory treatment under the Buy American statute), resolve ties between domestic and foreign offers by a witnessed drawing of lots by an impartial individual.","P_25_502_d_2_a (no evaluation preference applied, nondiscriminatory treatment); P_25_502_d_2_b (tie between domestic and foreign); P_25_502_d_2_c (resolve by witnessed drawing of lots)",(P_25_502_d_2_a ^ P_25_502_d_2_b) -> P_25_502_d_2_c,EXTERNAL: Buy American statute nondiscriminatory treatment,Material Implication (Impl): Rule 15 [HIGH-RISK]; Conjunction (Conj): Rule 7,PENDING_REVIEW,PASS,PASS,Two conjunctive conditions trigger random resolution. No domestic preference when nondiscriminatory treatment applies.,MEDIUM
25,25.502(d)(3),P_25_502_d_3,"Resolve ties between foreign offers from small business concerns (under the Buy American statute, a small business offering a manufactured article that does not meet the definition of 'domestic end product' is a foreign offer) or foreign offers from a small business concern and a large business concern in accordance with 14.308(a).",P_25_502_d_3_a (tie between foreign SB offers or foreign SB vs large business); P_25_502_d_3_b (resolve per 14.308(a)),P_25_502_d_3_a -> P_25_502_d_3_b,EXTERNAL: FAR 14.308(a),Material Implication (Impl): Rule 15 [HIGH-RISK],PENDING_REVIEW,PASS,PASS,Cross-reference to 14.308(a) for SB tie resolution. Note parenthetical clarification that SB non-domestic product = foreign offer under Buy American.,MEDIUM
25,25.503,P_25_503,Evaluation procedures for group offers or all-or-none line item awards in trade agreement context.,P_25_503_a; P_25_503_b; P_25_503_c; P_25_503_d,P_25_503_a ^ P_25_503_b ^ P_25_503_c ^ P_25_503_d,P_25_503_a; P_25_503_b; P_25_503_c; P_25_503_d,Conjunction (Conj): Rule 7,VALIDATED,PASS,PASS,Parent for group offer evaluation. Four sub-scenarios based on trade agreement coverage and solicitation structure.,HIGH
25,25.503(a),P_25_503_a,"If the solicitation specifies group/all-items award, or an offer restricts award to a group, reject the offer if prohibited end products or WTO GPA restricted items are included.",P_25_503_a_1 (reject for prohibited end products); P_25_503_a_2 (reject for WTO GPA restricted items),P_25_503_a_1 v P_25_503_a_2,P_25_503_a_1; P_25_503_a_2,Addition (Add): Rule 8,VALIDATED,PASS,PASS,Parent for rejection triggers. Either trigger independently requires rejection.,HIGH
25,25.503(a)(1),P_25_503_a_1,Reject the offer if any part of the award would consist of prohibited end products (see part 40).,P_25_503_a_1_a (group/all-items award); P_25_503_a_1_b (any part consists of prohibited end products); P_25_503_a_1_c (reject offer),(P_25_503_a_1_a ^ P_25_503_a_1_b) -> P_25_503_a_1_c,EXTERNAL: FAR Part 40,Material Implication (Impl): Rule 15 [HIGH-RISK]; Conjunction (Conj): Rule 7,PENDING_REVIEW,PASS,PASS,Mandatory rejection. External dep on Part 40 for prohibited end products definition.,MEDIUM
25,25.503(a)(2),P_25_503_a_2,Reject the offer if the acquisition is covered by the WTO GPA and any part of the offer consists of items restricted in accordance with 25.403(c).,P_25_503_a_2_a (WTO GPA covered acquisition); P_25_503_a_2_b (offer includes items restricted per 25.403(c)); P_25_503_a_2_c (reject offer),(P_25_503_a_2_a ^ P_25_503_a_2_b) -> P_25_503_a_2_c,P_25_400_a_1; EXTERNAL: FAR 25.403(c),Material Implication (Impl): Rule 15 [HIGH-RISK]; Conjunction (Conj): Rule 7,PENDING_REVIEW,PASS,PASS,Mandatory rejection under WTO GPA. External dep on 25.403(c) (not in this file).,MEDIUM
25,25.503(b),P_25_503_b,"If an offer restricts award to a group, determine for each line item whether to apply an evaluation factor using tentative award pattern methodology.",P_25_503_b_1; P_25_503_b_2; P_25_503_b_3; P_25_503_b_4,P_25_503_b_1 ^ P_25_503_b_2 ^ P_25_503_b_3 ^ P_25_503_b_4,P_25_503_b_1; P_25_503_b_2; P_25_503_b_3; P_25_503_b_4,Conjunction (Conj): Rule 7,VALIDATED,PASS,PASS,Parent for sequential evaluation methodology. Steps must be performed in order.,HIGH
25,25.503(b)(1),P_25_503_b_1,"First, evaluate offers that do not specify an award restriction on a line item basis in accordance with 25.502, determining a tentative award pattern by selecting for each line item the offer with the lowest evaluated price.",P_25_503_b_1_a (evaluate unrestricted offers per 25.502 line-by-line); P_25_503_b_1_b (determine tentative award pattern by lowest evaluated price per line),P_25_503_b_1_a -> P_25_503_b_1_b,P_25_502,Material Implication (Impl): Rule 15 [HIGH-RISK],PENDING_REVIEW,PASS,PASS,Step 1 of sequential process. Cross-reference to 25.502 evaluation procedures.,MEDIUM
25,25.503(b)(2),P_25_503_b_2,"Evaluate an offer that specifies an award restriction against the offered prices of the tentative award pattern, applying the appropriate evaluation factor on a line item basis.",P_25_503_b_2_a (restricted offer evaluated against tentative pattern); P_25_503_b_2_b (evaluation factor applied per line item),P_25_503_b_2_a ^ P_25_503_b_2_b,P_25_503_b_1,Conjunction (Conj): Rule 7,VALIDATED,PASS,PASS,Step 2. Depends on completion of step 1 (tentative pattern).,HIGH
25,25.503(b)(3),P_25_503_b_3,Compute the total evaluated price for the tentative award pattern and the offer that specified an award restriction.,P_25_503_b_3 (compute total evaluated price for both patterns),P_25_503_b_3,P_25_503_b_2,Conjunction (Conj): Rule 7,VALIDATED,PASS,PASS,Step 3. Computational step dependent on steps 1 and 2.,HIGH
25,25.503(b)(4),P_25_503_b_4,"Unless the total evaluated price of the offer that specified an award restriction is less than the total evaluated price of the tentative award pattern, award based on the tentative award pattern.",P_25_503_b_4_a (restricted offer total < tentative pattern total); P_25_503_b_4_b (award on tentative pattern); P_25_503_b_4_c (award on restricted offer),(~P_25_503_b_4_a -> P_25_503_b_4_b) ^ (P_25_503_b_4_a -> P_25_503_b_4_c),P_25_503_b_3,Material Implication (Impl): Rule 15 [HIGH-RISK]; Negation (Neg): Rule 10,PENDING_REVIEW,PASS,PASS,Default to tentative pattern unless restricted offer is cheaper. 'Unless' = negated conditional.,MEDIUM
25,25.503(c),P_25_503_c,"For acquisitions not covered by the WTO GPA, if the solicitation specifies group/all-items award, determine category on line item basis but apply evaluation factor on group basis.",P_25_503_c_1; P_25_503_c_2; P_25_503_c_3,P_25_503_c_1 ^ P_25_503_c_2 ^ P_25_503_c_3,P_25_503_c_1; P_25_503_c_2; P_25_503_c_3,Conjunction (Conj): Rule 7,VALIDATED,PASS,PASS,Parent for non-WTO GPA group evaluation. Three sequential steps.,HIGH
25,25.503(c)(1),P_25_503_c_1,"If the proposed price of domestic end products exceeds 50 percent of the total proposed price of the group, evaluate the entire group as a domestic offer. Evaluate all other groups as foreign offers.",P_25_503_c_1_a (domestic price > 50% of group total); P_25_503_c_1_b (evaluate group as domestic); P_25_503_c_1_c (~domestic > 50%); P_25_503_c_1_d (evaluate as foreign),(P_25_503_c_1_a -> P_25_503_c_1_b) ^ (~P_25_503_c_1_a -> P_25_503_c_1_d),None,Material Implication (Impl): Rule 15 [HIGH-RISK]; Negation (Neg): Rule 10,PENDING_REVIEW,PASS,PASS,"Binary classification: >50% domestic = domestic group, otherwise foreign. The 50% threshold is a bright line.",MEDIUM
25,25.503(c)(2),P_25_503_c_2,"For foreign offers, if the proposed price of domestic end products and eligible products exceeds 50 percent of the total proposed price of the group, evaluate the entire group as an eligible offer.",P_25_503_c_2_a (foreign offer); P_25_503_c_2_b (domestic + eligible > 50% of group); P_25_503_c_2_c (evaluate as eligible offer),(P_25_503_c_2_a ^ P_25_503_c_2_b) -> P_25_503_c_2_c,None,Material Implication (Impl): Rule 15 [HIGH-RISK]; Conjunction (Conj): Rule 7,PENDING_REVIEW,PASS,PASS,Second-tier classification for groups that failed the domestic threshold. Eligible product inclusion can elevate status.,MEDIUM
25,25.503(c)(3),P_25_503_c_3,Apply the evaluation factor to the entire group in accordance with 25.502.,P_25_503_c_3 (apply evaluation factor to group per 25.502),P_25_503_c_3,P_25_502,Conjunction (Conj): Rule 7,VALIDATED,PASS,PASS,Apply standard evaluation after classification. Cross-ref to 25.502.,HIGH
25,25.503(d),P_25_503_d,"If no trade agreement applies and the solicitation specifies group/all-items award, determine category per line item but apply factor on group basis.",P_25_503_d_1; P_25_503_d_2; P_25_503_d_3,P_25_503_d_1 ^ P_25_503_d_2 ^ P_25_503_d_3,P_25_503_d_1; P_25_503_d_2; P_25_503_d_3,Conjunction (Conj): Rule 7,VALIDATED,PASS,PASS,Parent for no-trade-agreement group evaluation. Three steps.,HIGH
25,25.503(d)(1),P_25_503_d_1,"If the proposed price of domestic end products exceeds 50 percent of the total proposed price of the group, evaluate the entire group as a domestic offer. Evaluate all other groups as foreign offers.",P_25_503_d_1_a (domestic price > 50% of group); P_25_503_d_1_b (evaluate as domestic); P_25_503_d_1_c (~domestic > 50%); P_25_503_d_1_d (evaluate as foreign),(P_25_503_d_1_a -> P_25_503_d_1_b) ^ (~P_25_503_d_1_a -> P_25_503_d_1_d),None,Material Implication (Impl): Rule 15 [HIGH-RISK]; Negation (Neg): Rule 10,PENDING_REVIEW,PASS,PASS,Same 50% domestic threshold as (c)(1) but in no-trade-agreement context.,MEDIUM
25,25.503(d)(2),P_25_503_d_2,"Apply the evaluation factor to the entire group in accordance with 25.502, except where 25.502(c)(4) applies and the evaluated price of the low offer remains less than the lowest domestic offer. Where the evaluated price of the low offer remains less than the lowest domestic offer, treat as a domestic offer any group where the proposed price of end products with a domestic content of at least 55 percent exceeds 50 percent of the total proposed price of the group.",P_25_503_d_2_a (apply factor per 25.502); P_25_503_d_2_b (25.502(c)(4) applies and evaluated low < domestic); P_25_503_d_2_c (55% domestic content products > 50% of group); P_25_503_d_2_d (treat group as domestic),(~P_25_503_d_2_b -> P_25_503_d_2_a) ^ (P_25_503_d_2_b ^ P_25_503_d_2_c -> P_25_503_d_2_d),P_25_502,Material Implication (Impl): Rule 15 [HIGH-RISK]; Conjunction (Conj): Rule 7; Negation (Neg): Rule 10,PENDING_REVIEW,PASS,PASS,Complex conditional with exception. Default is standard 25.502 evaluation. Exception creates alternative domestic classification path using 55% content threshold. This is a critical Buy American enhancement provision.,LOW
25,25.503(d)(3),P_25_503_d_3,Apply the evaluation factor to the entire group in accordance with 25.502(c)(4).,P_25_503_d_3 (apply factor per 25.502(c)(4)),P_25_503_d_3,EXTERNAL: FAR 25.502(c)(4),Conjunction (Conj): Rule 7,VALIDATED,PASS,PASS,Direct cross-reference to specific evaluation sub-procedure.,HIGH
25,25.601,P_25_601,The following provisions and clauses apply to the acquisition of supplies and the acquisition of services involving the furnishing of supplies.,P_25_601_a (Buy American-Supplies); P_25_601_b (Buy American-FTA-Israeli Trade Act); P_25_601_c (Trade Agreements); P_25_601_d (Civil Aircraft waiver); P_25_601_e (Reserved); P_25_601_f (Place of Manufacture),P_25_601_a ^ P_25_601_b ^ P_25_601_c ^ P_25_601_d ^ P_25_601_f,P_25_601_a; P_25_601_b; P_25_601_c; P_25_601_d; P_25_601_f,Conjunction (Conj): Rule 7,VALIDATED,PASS,PASS,Parent for supply clause prescriptions. (e) is reserved.,HIGH
25,25.601(a),P_25_601_a,Buy American-Supplies clause and certificate prescription framework.,P_25_601_a_1_i; P_25_601_a_1_ii; P_25_601_a_2,P_25_601_a_1_i ^ P_25_601_a_1_ii ^ P_25_601_a_2,P_25_601_a_1_i; P_25_601_a_1_ii; P_25_601_a_2,Conjunction (Conj): Rule 7,VALIDATED,PASS,PASS,Parent for 52.225-1 and 52.225-2 prescription.,HIGH
25,25.601(a)(1)(i),P_25_601_a_1_i,"Insert 52.225-1, Buy American-Supplies, in solicitations and contracts with value >MPT to $50K; and >$50K if (b)(c) clauses don't apply, except if: (A) restricted to domestic per 6.103; (B) Buy American exception applies (not nonavailability); or (C) supplies for use outside US.","P_25_601_a_1_i_a (>MPT to $50K or >$50K without (b)(c)); P_25_601_a_1_i_c (insert 52.225-1); P_25_601_a_1_i_A (restricted domestic per 6.103); P_25_601_a_1_i_B (BA exception, not nonavailability); P_25_601_a_1_i_C (outside US use)",((P_25_601_a_1_i_a) ^ ~P_25_601_a_1_i_A ^ ~P_25_601_a_1_i_B ^ ~P_25_601_a_1_i_C) -> P_25_601_a_1_i_c,P_25_601_b; P_25_601_c; EXTERNAL: FAR 6.103,Material Implication (Impl): Rule 15 [HIGH-RISK]; Conjunction (Conj): Rule 7; Negation (Neg): Rule 10,PENDING_REVIEW,PASS,PASS,Complex: value band triggers insertion unless exceptions apply. Three negated exception conjuncts.,MEDIUM
25,25.601(a)(1)(i)(A),P_25_601_a_1_i_A,Exception: solicitation restricted to domestic end products per 6.103.,P_25_601_a_1_i_A (restricted to domestic per 6.103),P_25_601_a_1_i_A -> ~P_25_601_a_1_i_c,EXTERNAL: FAR 6.103,Material Implication (Impl): Rule 15 [HIGH-RISK]; Negation (Neg): Rule 10,PENDING_REVIEW,PASS,PASS,Exception negating clause insertion. External dep on 6.103.,MEDIUM
25,25.601(a)(1)(i)(B),P_25_601_a_1_i_B,"Exception: supplies for US use and Buy American exception applies (e.g., public interest, commercial IT), other than nonavailability waivers per 25.103(b)(2).",P_25_601_a_1_i_B_1 (US use); P_25_601_a_1_i_B_2 (BA exception); P_25_601_a_1_i_B_3 (not nonavailability waiver),(P_25_601_a_1_i_B_1 ^ P_25_601_a_1_i_B_2 ^ P_25_601_a_1_i_B_3) -> ~P_25_601_a_1_i_c,EXTERNAL: FAR 25.103(b)(2),Material Implication (Impl): Rule 15 [HIGH-RISK]; Conjunction (Conj): Rule 7; Negation (Neg): Rule 10,PENDING_REVIEW,PASS,PASS,Three conjunctive conditions. Nonavailability waivers carved out.,MEDIUM
25,25.601(a)(1)(i)(C),P_25_601_a_1_i_C,Exception: supplies for use outside the United States.,P_25_601_a_1_i_C (outside US use),P_25_601_a_1_i_C -> ~P_25_601_a_1_i_c,None,Material Implication (Impl): Rule 15 [HIGH-RISK]; Negation (Neg): Rule 10,PENDING_REVIEW,PASS,PASS,Simple exception.,MEDIUM
25,25.601(a)(1)(ii),P_25_601_a_1_ii,"CO must use Alternate I of 52.225-1 for domestic content threshold per 25.101(d). Insert 60 for CY2022-2023, 65 for CY2024-2028, 75 for post-CY2028.",P_25_601_a_1_ii_a (SPE allows per 25.101(d)); P_25_601_a_1_ii_b (use Alt I); P_25_601_a_1_ii_c (60/65/75 by year),(P_25_601_a_1_ii_a) -> (P_25_601_a_1_ii_b ^ P_25_601_a_1_ii_c),EXTERNAL: FAR 25.101(d),Material Implication (Impl): Rule 15 [HIGH-RISK]; Conjunction (Conj): Rule 7,PENDING_REVIEW,PASS,PASS,SPE authorization triggers Alternate I with escalating percentages.,MEDIUM
25,25.601(a)(2),P_25_601_a_2,"Insert 52.225-2, Buy American Certificate, in solicitations containing 52.225-1.",P_25_601_a_2_a (solicitation has 52.225-1); P_25_601_a_2_b (insert 52.225-2),P_25_601_a_2_a -> P_25_601_a_2_b,P_25_601_a_1_i,Material Implication (Impl): Rule 15 [HIGH-RISK],PENDING_REVIEW,PASS,PASS,Certificate accompanies clause.,MEDIUM
25,25.601(b),P_25_601_b,Buy American-FTA-Israeli Trade Act clause and certificate prescription.,P_25_601_b_1_i; P_25_601_b_1_ii; P_25_601_b_1_iii; P_25_601_b_1_iv; P_25_601_b_2_i; P_25_601_b_2_ii; P_25_601_b_2_iii,P_25_601_b_1_i ^ P_25_601_b_1_ii ^ P_25_601_b_1_iii ^ P_25_601_b_1_iv ^ P_25_601_b_2_i ^ P_25_601_b_2_ii ^ P_25_601_b_2_iii,P_25_601_b_1_i; P_25_601_b_1_ii; P_25_601_b_1_iii; P_25_601_b_1_iv; P_25_601_b_2_i; P_25_601_b_2_ii; P_25_601_b_2_iii,Conjunction (Conj): Rule 7,VALIDATED,PASS,PASS,Parent for 52.225-3 and 52.225-4 with value-tiered alternates.,HIGH
25,25.601(b)(1)(i),P_25_601_b_1_i,"Insert 52.225-3 if: (A) supplies/services for US use, $50K+ but <$174K; (B) not commercial IT with FY2004+ funds; (C) no 25.401 exception.","P_25_601_b_1_i_A ($50K<=val<$174K, US use); P_25_601_b_1_i_B (not commercial IT FY2004+); P_25_601_b_1_i_C (no 25.401 exception); P_25_601_b_1_i_d (insert 52.225-3)",(P_25_601_b_1_i_A ^ P_25_601_b_1_i_B ^ P_25_601_b_1_i_C) -> P_25_601_b_1_i_d,P_25_401,Material Implication (Impl): Rule 15 [HIGH-RISK]; Conjunction (Conj): Rule 7,PENDING_REVIEW,PASS,PASS,Three conjunctive conditions. $50K-$174K value band.,MEDIUM
25,25.601(b)(1)(ii),P_25_601_b_1_ii,"If value $50K+ but <$100K, use Alternate II.",P_25_601_b_1_ii_a ($50K<=val<$100K); P_25_601_b_1_ii_b (Alt II),P_25_601_b_1_ii_a -> P_25_601_b_1_ii_b,P_25_601_b_1_i,Material Implication (Impl): Rule 15 [HIGH-RISK],PENDING_REVIEW,PASS,PASS,Value-tiered alternate.,MEDIUM
25,25.601(b)(1)(iii),P_25_601_b_1_iii,"If value $100K+ but <$102,280, use Alternate III.","P_25_601_b_1_iii_a ($100K<=val<$102,280); P_25_601_b_1_iii_b (Alt III)",P_25_601_b_1_iii_a -> P_25_601_b_1_iii_b,P_25_601_b_1_i,Material Implication (Impl): Rule 15 [HIGH-RISK],PENDING_REVIEW,PASS,PASS,"Narrow $2,280 value band for FTA threshold alignment.",MEDIUM
25,25.601(b)(1)(iv),P_25_601_b_1_iv,"CO must use Alternate IV for domestic content threshold per 25.102(d). Insert 60 for CY2022-2023, 65 for CY2024-2028, 75 for post-CY2028.",P_25_601_b_1_iv_a (SPE allows per 25.102(d)); P_25_601_b_1_iv_b (use Alt IV); P_25_601_b_1_iv_c (60/65/75 by year),(P_25_601_b_1_iv_a) -> (P_25_601_b_1_iv_b ^ P_25_601_b_1_iv_c),EXTERNAL: FAR 25.102(d),Material Implication (Impl): Rule 15 [HIGH-RISK]; Conjunction (Conj): Rule 7,PENDING_REVIEW,PASS,PASS,Same escalating pattern for 52.225-3.,MEDIUM
25,25.601(b)(2)(i),P_25_601_b_2_i,"Insert 52.225-4, Buy American-FTA-Israeli Trade Act Certificate, in solicitations containing 52.225-3.",P_25_601_b_2_i_a (has 52.225-3); P_25_601_b_2_i_b (insert 52.225-4),P_25_601_b_2_i_a -> P_25_601_b_2_i_b,P_25_601_b_1_i,Material Implication (Impl): Rule 15 [HIGH-RISK],PENDING_REVIEW,PASS,PASS,Certificate accompanies clause.,MEDIUM
25,25.601(b)(2)(ii),P_25_601_b_2_ii,"If value $50K+ but <$100K, use provision Alternate II.",P_25_601_b_2_ii_a ($50K<=val<$100K); P_25_601_b_2_ii_b (52.225-4 Alt II),P_25_601_b_2_ii_a -> P_25_601_b_2_ii_b,P_25_601_b_2_i,Material Implication (Impl): Rule 15 [HIGH-RISK],PENDING_REVIEW,PASS,PASS,Certificate alternate mirrors clause alternate.,MEDIUM
25,25.601(b)(2)(iii),P_25_601_b_2_iii,"If value $100K+ but <$102,280, use provision Alternate III.","P_25_601_b_2_iii_a ($100K<=val<$102,280); P_25_601_b_2_iii_b (52.225-4 Alt III)",P_25_601_b_2_iii_a -> P_25_601_b_2_iii_b,P_25_601_b_2_i,Material Implication (Impl): Rule 15 [HIGH-RISK],PENDING_REVIEW,PASS,PASS,Certificate alternate mirrors clause alternate.,MEDIUM
25,25.601(c),P_25_601_c,Trade Agreements clause and certificate for WTO GPA-covered acquisitions >= $174K.,P_25_601_c_1; P_25_601_c_2,P_25_601_c_1 ^ P_25_601_c_2,P_25_601_c_1; P_25_601_c_2,Conjunction (Conj): Rule 7,VALIDATED,PASS,PASS,Parent for 52.225-5 and 52.225-6.,HIGH
25,25.601(c)(1),P_25_601_c_1,"Insert 52.225-5, Trade Agreements, at $174K+ if WTO GPA covered and agency determined Buy American not applicable to US-made end products. If no determination, CO follows agency procedures.",P_25_601_c_1_a (>=$174K ^ WTO GPA ^ agency determination); P_25_601_c_1_d (insert 52.225-5); P_25_601_c_1_e (no determination); P_25_601_c_1_f (follow agency procedures),((P_25_601_c_1_a) -> P_25_601_c_1_d) ^ (P_25_601_c_1_e -> P_25_601_c_1_f),P_25_400_a_1; EXTERNAL: FAR Subpart 25.4,Material Implication (Impl): Rule 15 [HIGH-RISK]; Conjunction (Conj): Rule 7,PENDING_REVIEW,PASS,PASS,Two conditional paths. Agency determination is pivotal.,MEDIUM
25,25.601(c)(2),P_25_601_c_2,"Insert 52.225-6, Trade Agreements Certificate, in solicitations containing 52.225-5.",P_25_601_c_2_a (has 52.225-5); P_25_601_c_2_b (insert 52.225-6),P_25_601_c_2_a -> P_25_601_c_2_b,P_25_601_c_1,Material Implication (Impl): Rule 15 [HIGH-RISK],PENDING_REVIEW,PASS,PASS,Certificate accompanies clause.,MEDIUM
25,25.601(d),P_25_601_d,"Insert 52.225-7, Waiver of Buy American for Civil Aircraft, in solicitations for civil aircraft (see 25.407) if value <$174K.",P_25_601_d_a (civil aircraft per 25.407); P_25_601_d_b (val<$174K); P_25_601_d_c (insert 52.225-7),(P_25_601_d_a ^ P_25_601_d_b) -> P_25_601_d_c,EXTERNAL: FAR 25.407,Material Implication (Impl): Rule 15 [HIGH-RISK]; Conjunction (Conj): Rule 7,PENDING_REVIEW,PASS,PASS,Two conjunctive conditions.,MEDIUM
25,25.601(e),P_25_601_e,Reserved.,P_25_601_e (reserved),P_25_601_e,None,Conjunction (Conj): Rule 7,VALIDATED,PASS,PASS,No operative content.,HIGH
25,25.601(f),P_25_601_f,"Insert 52.225-18, Place of Manufacture, in solicitations predominantly for manufactured end products (estimated manufactured value > other items).",P_25_601_f_a (predominantly manufactured end products); P_25_601_f_b (insert 52.225-18),P_25_601_f_a -> P_25_601_f_b,None,Material Implication (Impl): Rule 15 [HIGH-RISK],PENDING_REVIEW,PASS,PASS,Predominantly = manufactured value exceeds other items value.,MEDIUM
25,25.602,P_25_602,Provisions and clauses for construction acquisitions.,P_25_602_a; P_25_602_b_1; P_25_602_b_2; P_25_602_c; P_25_602_d_1; P_25_602_d_2; P_25_602_d_3,P_25_602_a ^ P_25_602_b_1 ^ P_25_602_b_2 ^ P_25_602_c ^ P_25_602_d_1 ^ P_25_602_d_2 ^ P_25_602_d_3,P_25_602_a; P_25_602_b_1; P_25_602_b_2; P_25_602_c; P_25_602_d_1; P_25_602_d_2; P_25_602_d_3,Conjunction (Conj): Rule 7,VALIDATED,PASS,PASS,Parent. Two value tiers: <$6.708M and >=$6.708M.,HIGH
25,25.602(a),P_25_602_a,"Insert 52.225-9, Buy American-Construction Materials, for US construction <$6,708,000.",P_25_602_a_a (US construction); P_25_602_a_b (val<$6.708M); P_25_602_a_c (insert 52.225-9),(P_25_602_a_a ^ P_25_602_a_b) -> P_25_602_a_c,None,Material Implication (Impl): Rule 15 [HIGH-RISK]; Conjunction (Conj): Rule 7,PENDING_REVIEW,PASS,PASS,Lower-tier construction clause.,MEDIUM
25,25.602(a)(1),P_25_602_a_1,List in clause (b)(2) all excepted foreign construction material.,P_25_602_a_1 (list excepted foreign material),P_25_602_a -> P_25_602_a_1,P_25_602_a,Material Implication (Impl): Rule 15 [HIGH-RISK],PENDING_REVIEW,PASS,PASS,Mandatory listing when 52.225-9 used.,MEDIUM
25,25.602(a)(2),P_25_602_a_2,"If agency head determines higher percentage appropriate, substitute in clause (b)(3)(i).",P_25_602_a_2_a (agency head determines higher %); P_25_602_a_2_b (substitute),P_25_602_a_2_a -> P_25_602_a_2_b,P_25_602_a,Material Implication (Impl): Rule 15 [HIGH-RISK],PENDING_REVIEW,PASS,PASS,Discretionary determination triggers mandatory substitution.,MEDIUM
25,25.602(a)(3),P_25_602_a_3,CO must use Alternate I of 52.225-9 for domestic content per 25.201(c). Insert 60/65/75 by year.,P_25_602_a_3_a (SPE allows per 25.201(c)); P_25_602_a_3_b (use Alt I); P_25_602_a_3_c (60/65/75 by year),(P_25_602_a_3_a) -> (P_25_602_a_3_b ^ P_25_602_a_3_c),EXTERNAL: FAR 25.201(c),Material Implication (Impl): Rule 15 [HIGH-RISK]; Conjunction (Conj): Rule 7,PENDING_REVIEW,PASS,PASS,Escalating domestic content for construction.,MEDIUM
25,25.602(b)(1),P_25_602_b_1,"Insert 52.225-10, Notice of Buy American-Construction Materials, with 52.225-9.",P_25_602_b_1_a (has 52.225-9); P_25_602_b_1_b (insert 52.225-10),P_25_602_b_1_a -> P_25_602_b_1_b,P_25_602_a,Material Implication (Impl): Rule 15 [HIGH-RISK],PENDING_REVIEW,PASS,PASS,Notice accompanies clause.,MEDIUM
25,25.602(b)(2),P_25_602_b_2,"If insufficient time for BA inapplicability determination, use 52.225-10 Alternate I.",P_25_602_b_2_a (insufficient time); P_25_602_b_2_b (use Alt I),P_25_602_b_2_a -> P_25_602_b_2_b,P_25_602_b_1,Material Implication (Impl): Rule 15 [HIGH-RISK],PENDING_REVIEW,PASS,PASS,Time-pressure alternate.,MEDIUM
25,25.602(c),P_25_602_c,"Insert 52.225-11, Buy American-Construction Materials under Trade Agreements, for US construction >=$6,708,000.",P_25_602_c_a (US construction); P_25_602_c_b (val>=$6.708M); P_25_602_c_c (insert 52.225-11),(P_25_602_c_a ^ P_25_602_c_b) -> P_25_602_c_c,None,Material Implication (Impl): Rule 15 [HIGH-RISK]; Conjunction (Conj): Rule 7,PENDING_REVIEW,PASS,PASS,Upper-tier construction clause.,MEDIUM
25,25.602(c)(1),P_25_602_c_1,List excepted foreign construction material other than designated country material in clause (b)(3).,"P_25_602_c_1 (list excepted foreign, excluding designated country)",P_25_602_c -> P_25_602_c_1,P_25_602_c,Material Implication (Impl): Rule 15 [HIGH-RISK],PENDING_REVIEW,PASS,PASS,Designated country material excluded from exception list.,MEDIUM
25,25.602(c)(2),P_25_602_c_2,"If agency head determines higher percentage, substitute in clause (b)(4)(i).",P_25_602_c_2_a (agency head higher %); P_25_602_c_2_b (substitute),P_25_602_c_2_a -> P_25_602_c_2_b,P_25_602_c,Material Implication (Impl): Rule 15 [HIGH-RISK],PENDING_REVIEW,PASS,PASS,Same pattern as 25.602(a)(2) for trade agreements tier.,MEDIUM
25,25.602(c)(3),P_25_602_c_3,"For $6.708M to <$13.296M, use Alternate I. List excepted material unless from designated country other than Bahrain, Mexico, Oman.",P_25_602_c_3_a ($6.708M<=val<$13.296M); P_25_602_c_3_b (use Alt I); P_25_602_c_3_c (list unless designated country other than BHR/MEX/OMN),P_25_602_c_3_a -> (P_25_602_c_3_b ^ P_25_602_c_3_c),P_25_602_c,Material Implication (Impl): Rule 15 [HIGH-RISK]; Conjunction (Conj): Rule 7,PENDING_REVIEW,PASS,PASS,Mid-range band. BHR/MEX/OMN have higher construction thresholds.,MEDIUM
25,25.602(c)(4),P_25_602_c_4,CO must use Alternate II of 52.225-11 for domestic content per 25.201(c). Insert 60/65/75 by year.,P_25_602_c_4_a (SPE allows per 25.201(c)); P_25_602_c_4_b (use Alt II); P_25_602_c_4_c (60/65/75 by year),(P_25_602_c_4_a) -> (P_25_602_c_4_b ^ P_25_602_c_4_c),EXTERNAL: FAR 25.201(c),Material Implication (Impl): Rule 15 [HIGH-RISK]; Conjunction (Conj): Rule 7,PENDING_REVIEW,PASS,PASS,Escalating domestic content for upper-tier construction.,MEDIUM
25,25.602(d)(1),P_25_602_d_1,"Insert 52.225-12, Notice of Buy American-Construction under Trade Agreements, with 52.225-11.",P_25_602_d_1_a (has 52.225-11); P_25_602_d_1_b (insert 52.225-12),P_25_602_d_1_a -> P_25_602_d_1_b,P_25_602_c,Material Implication (Impl): Rule 15 [HIGH-RISK],PENDING_REVIEW,PASS,PASS,Notice accompanies clause.,MEDIUM
25,25.602(d)(2),P_25_602_d_2,"If insufficient time for determination, use 52.225-12 Alternate I.",P_25_602_d_2_a (insufficient time); P_25_602_d_2_b (use Alt I),P_25_602_d_2_a -> P_25_602_d_2_b,P_25_602_d_1,Material Implication (Impl): Rule 15 [HIGH-RISK],PENDING_REVIEW,PASS,PASS,Time-pressure alternate.,MEDIUM
25,25.602(d)(3),P_25_602_d_3,"For $6.708M to <$13.296M, use 52.225-12 Alternate II.",P_25_602_d_3_a ($6.708M<=val<$13.296M); P_25_602_d_3_b (use 52.225-12 Alt II),P_25_602_d_3_a -> P_25_602_d_3_b,P_25_602_d_1,Material Implication (Impl): Rule 15 [HIGH-RISK],PENDING_REVIEW,PASS,PASS,Value-tiered provision alternate.,MEDIUM
25,25.603,P_25_603,"Insert 52.225-14, Inconsistency Between English Version and Translation, if anticipating translation.",P_25_603_a (anticipating translation); P_25_603_b (insert 52.225-14),P_25_603_a -> P_25_603_b,None,Material Implication (Impl): Rule 15 [HIGH-RISK],PENDING_REVIEW,PASS,PASS,Simple conditional.,MEDIUM
25,25.701,P_25_701,Contractor personnel in designated operational area or supporting diplomatic/consular mission outside US.,P_25_701_1; P_25_701_2; P_25_701_3; P_25_701_4,P_25_701_1 ^ P_25_701_2 ^ P_25_701_3 ^ P_25_701_4,P_25_701_1; P_25_701_2; P_25_701_3; P_25_701_4,Conjunction (Conj): Rule 7,VALIDATED,PASS,PASS,Parent.,HIGH
25,25.701-1,P_25_701_1,Scope: contracts requiring contractor personnel outside US.,P_25_701_1_a; P_25_701_1_b; P_25_701_1_c,P_25_701_1_a ^ P_25_701_1_b ^ P_25_701_1_c,P_25_701_1_a; P_25_701_1_b; P_25_701_1_c,Conjunction (Conj): Rule 7,VALIDATED,PASS,PASS,Parent for scope.,HIGH
25,25.701-1(a),P_25_701_1_a,Applies to: (1) designated operational area during contingency/humanitarian/other military ops; or (2) supporting diplomatic/consular mission at danger pay or CO-determined post.,P_25_701_1_a_1 (operational area); P_25_701_1_a_2 (diplomatic/consular),P_25_701_1_a_1 v P_25_701_1_a_2,P_25_701_1_a_1; P_25_701_1_a_2,Addition (Add): Rule 8,VALIDATED,PASS,PASS,Disjunctive applicability.,HIGH
25,25.701-1(a)(1),P_25_701_1_a_1,Designated operational area during: (i) contingency ops; (ii) humanitarian/peacekeeping; (iii) other military ops when designated by combatant commander.,P_25_701_1_a_1_i (contingency); P_25_701_1_a_1_ii (humanitarian/peacekeeping); P_25_701_1_a_1_iii (other mil ops per COCOM),P_25_701_1_a_1_i v P_25_701_1_a_1_ii v P_25_701_1_a_1_iii,None,Addition (Add): Rule 8,VALIDATED,PASS,PASS,Three disjunctive triggers.,HIGH
25,25.701-1(a)(2),P_25_701_1_a_2,Supporting diplomatic/consular mission: (i) DOS danger pay post; or (ii) CO determines 52.225-19 appropriate.,P_25_701_1_a_2_i (danger pay); P_25_701_1_a_2_ii (CO determination),P_25_701_1_a_2_i v P_25_701_1_a_2_ii,None,Addition (Add): Rule 8,VALIDATED,PASS,PASS,Two disjunctive triggers.,HIGH
25,25.701-1(b),P_25_701_1_b,Operations in (a)(1) may include stability operations: (1) safe/secure environment; (2) emergency infrastructure/humanitarian/essential govt services.,P_25_701_1_b_1 (safe/secure environment); P_25_701_1_b_2 (emergency services),P_25_701_1_a_1 -> (P_25_701_1_b_1 v P_25_701_1_b_2),P_25_701_1_a_1,Material Implication (Impl): Rule 15 [HIGH-RISK]; Addition (Add): Rule 8,PENDING_REVIEW,PASS,PASS,'May include' = descriptive/permissive.,MEDIUM
25,25.701-1(c),P_25_701_1_c,"Does not apply to personal services contracts (Part 37), unless agency procedures specify otherwise.",P_25_701_1_c_a (personal services per Part 37); P_25_701_1_c_b (agency says otherwise); P_25_701_1_c_c (section doesn't apply),(P_25_701_1_c_a ^ ~P_25_701_1_c_b) -> P_25_701_1_c_c,EXTERNAL: FAR Part 37,Material Implication (Impl): Rule 15 [HIGH-RISK]; Conjunction (Conj): Rule 7; Negation (Neg): Rule 10,PENDING_REVIEW,PASS,PASS,Default exclusion with agency override.,MEDIUM
25,25.701-2,P_25_701_2,Government support.,P_25_701_2_a; P_25_701_2_b,P_25_701_2_a ^ P_25_701_2_b,P_25_701_2_a; P_25_701_2_b,Conjunction (Conj): Rule 7,VALIDATED,PASS,PASS,Parent.,HIGH
25,25.701-2(a),P_25_701_2_a,Contractors responsible for own logistics/security. Agency provides support only when: (1) available and needed for essential services; (2) contractor can't get from other sources at reasonable cost.,P_25_701_2_a_a (contractor self-sufficient); P_25_701_2_a_b (support available/needed); P_25_701_2_a_c (no other sources); P_25_701_2_a_d (agency provides),P_25_701_2_a_a ^ ((P_25_701_2_a_b ^ P_25_701_2_a_c) -> P_25_701_2_a_d),None,Conjunction (Conj): Rule 7; Material Implication (Impl): Rule 15 [HIGH-RISK],PENDING_REVIEW,PASS,PASS,Default self-sufficiency. Two conjunctive conditions for govt support.,MEDIUM
25,25.701-2(b),P_25_701_2_b,"CO must specify in contract (and solicitation if possible) exact support, reimbursable basis, and authority.",P_25_701_2_b_a (specify in contract); P_25_701_2_b_b (solicitation if possible); P_25_701_2_b_c (reimbursable basis/authority),P_25_701_2_b_a ^ P_25_701_2_b_b ^ P_25_701_2_b_c,None,Conjunction (Conj): Rule 7,VALIDATED,PASS,PASS,Mandatory contract spec. Solicitation is advisory.,HIGH
25,25.701-3,P_25_701_3,CO must follow agency procedures and combatant commander/chief of mission weapons policy when authorizing contractor weapons.,P_25_701_3_a (weapons authorization); P_25_701_3_b (follow agency procedures); P_25_701_3_c (follow COCOM/CoM policy),P_25_701_3_a -> (P_25_701_3_b ^ P_25_701_3_c),EXTERNAL: FAR 52.225-19(i),Material Implication (Impl): Rule 15 [HIGH-RISK]; Conjunction (Conj): Rule 7,PENDING_REVIEW,PASS,PASS,Dual compliance on weapons.,MEDIUM
25,25.701-4,P_25_701_4,Insert 52.225-19 in solicitations/contracts (not personal service) requiring performance outside US in qualifying contexts.,P_25_701_4_a (qualifying context per 25.701-1(a)); P_25_701_4_b (not personal service); P_25_701_4_c (insert 52.225-19),(P_25_701_4_a ^ P_25_701_4_b) -> P_25_701_4_c,P_25_701_1_a,Material Implication (Impl): Rule 15 [HIGH-RISK]; Conjunction (Conj): Rule 7,PENDING_REVIEW,PASS,PASS,Clause insertion triggered by scope.,MEDIUM
25,25.702,P_25_702,Contractors performing private security functions outside US.,P_25_702_1; P_25_702_2; P_25_702_3; P_25_702_4; P_25_702_5; P_25_702_6,P_25_702_1 ^ P_25_702_2 ^ P_25_702_3 ^ P_25_702_4 ^ P_25_702_5 ^ P_25_702_6,P_25_702_1; P_25_702_2; P_25_702_3; P_25_702_4; P_25_702_5; P_25_702_6,Conjunction (Conj): Rule 7,VALIDATED,PASS,PASS,Parent.,HIGH
25,25.702-1,P_25_702_1,"Implements NDAA FY2008 sec 862, as amended by NDAA FY2009 sec 853 and NDAA FY2011 secs 831/832.",P_25_702_1 (statutory authority),P_25_702_1,None,Conjunction (Conj): Rule 7,VALIDATED,PASS,PASS,Declarative.,HIGH
25,25.702-2,P_25_702_2,Definitions.,P_25_702_2_combat; P_25_702_2_other_mil; P_25_702_2_private_sec,P_25_702_2_combat ^ P_25_702_2_other_mil ^ P_25_702_2_private_sec,P_25_702_2_combat; P_25_702_2_other_mil; P_25_702_2_private_sec,Conjunction (Conj): Rule 7,VALIDATED,PASS,PASS,Parent for three definitions.,HIGH
25,25.702-2_combat,P_25_702_2_combat,Area of combat operations: designated by SecDef when enhanced coordination of private security contractors required.,P_25_702_2_combat_a (enhanced coordination required); P_25_702_2_combat_b (SecDef designates),P_25_702_2_combat_a -> P_25_702_2_combat_b,None,Material Implication (Impl): Rule 15 [HIGH-RISK],PENDING_REVIEW,PASS,PASS,Definition tied to SecDef designation.,MEDIUM
25,25.702-2_other_mil,P_25_702_2_other_mil,Other significant military operations: non-combat contingency ops outside US by Armed Forces in high-threat environment where security may use deadly force.,P_25_702_2_om_a (not combat); P_25_702_2_om_b (contingency outside US); P_25_702_2_om_c (high-threat); P_25_702_2_om_d (deadly force possible),P_25_702_2_om_a ^ P_25_702_2_om_b ^ P_25_702_2_om_c ^ P_25_702_2_om_d,None,Conjunction (Conj): Rule 7,VALIDATED,PASS,PASS,Four conjunctive definitional elements.,HIGH
25,25.702-2_private_sec,P_25_702_2_private_sec,Private security functions: (1) guarding personnel/facilities/sites/property; or (2) any activity requiring weapons.,P_25_702_2_ps_1 (guarding); P_25_702_2_ps_2 (weapons-required activity),P_25_702_2_ps_1 v P_25_702_2_ps_2,None,Addition (Add): Rule 8,VALIDATED,PASS,PASS,Disjunctive definition.,HIGH
25,25.702-3,P_25_702_3,Applicability.,P_25_702_3_a; P_25_702_3_b; P_25_702_3_c; P_25_702_3_d,P_25_702_3_a ^ P_25_702_3_b ^ P_25_702_3_c ^ P_25_702_3_d,P_25_702_3_a; P_25_702_3_b; P_25_702_3_c; P_25_702_3_d,Conjunction (Conj): Rule 7,VALIDATED,PASS,PASS,Parent.,HIGH
25,25.702-3(a),P_25_702_3_a,Applies to contracts outside US in: (1) combat ops area per SecDef; (2) other sig mil ops per SecDef with SecState agreement.,P_25_702_3_a_1 (combat area); P_25_702_3_a_2 (other sig mil with SecState),P_25_702_3_a_1 v P_25_702_3_a_2,P_25_702_2_combat; P_25_702_2_other_mil,Addition (Add): Rule 8,VALIDATED,PASS,PASS,Two disjunctive triggers. Second requires dual agreement.,HIGH
25,25.702-3(b),P_25_702_3_b,Contact DoD for designations at https://www.acq.osd.mil/asda/dpc/contact-us.html.,P_25_702_3_b (contact info),P_25_702_3_b,None,Conjunction (Conj): Rule 7,VALIDATED,PASS,PASS,Administrative.,HIGH
25,25.702-3(c),P_25_702_3_c,"When applicable, contractors/subs must comply with 32 CFR 159, whether private security is primary or ancillary.",P_25_702_3_c_a (applicability met); P_25_702_3_c_b (comply 32 CFR 159); P_25_702_3_c_c (primary or ancillary),P_25_702_3_c_a -> (P_25_702_3_c_b ^ P_25_702_3_c_c),P_25_702_3_a,Material Implication (Impl): Rule 15 [HIGH-RISK]; Conjunction (Conj): Rule 7,PENDING_REVIEW,PASS,PASS,Broad mandatory compliance.,MEDIUM
25,25.702-3(d),P_25_702_3_d,Does not apply to: (1) intelligence community contracts; (2) non-DoD temp indigenous personnel arrangements (must comply with local law).,P_25_702_3_d_1 (intel community); P_25_702_3_d_2 (temp indigenous); P_25_702_3_d_3 (doesn't apply); P_25_702_3_d_4 (local law compliance for temps),((P_25_702_3_d_1 v P_25_702_3_d_2) -> P_25_702_3_d_3) ^ (P_25_702_3_d_2 -> P_25_702_3_d_4),None,Material Implication (Impl): Rule 15 [HIGH-RISK]; Addition (Add): Rule 8; Conjunction (Conj): Rule 7,PENDING_REVIEW,PASS,PASS,Two exceptions. Temp arrangements retain local law obligation.,MEDIUM
25,25.702-4,P_25_702_4,Policy.,P_25_702_4_a; P_25_702_4_b,P_25_702_4_a ^ P_25_702_4_b,P_25_702_4_a; P_25_702_4_b,Conjunction (Conj): Rule 7,VALIDATED,PASS,PASS,Parent.,HIGH
25,25.702-4(a),P_25_702_4_a,General policy and contractor obligations per 32 CFR 159.,P_25_702_4_a_1; P_25_702_4_a_2,P_25_702_4_a_1 ^ P_25_702_4_a_2,P_25_702_4_a_1; P_25_702_4_a_2,Conjunction (Conj): Rule 7,VALIDATED,PASS,PASS,Parent.,HIGH
25,25.702-4(a)(1),P_25_702_4_a_1,"32 CFR 159 governs policy/procedures/accountability/training/equipping/conduct. Contractor must: ensure employee compliance, keep records, account for weapons, register vehicles, report incidents.",P_25_702_4_a_1_a (32 CFR 159 framework); P_25_702_4_a_1_b (employee compliance); P_25_702_4_a_1_c (records); P_25_702_4_a_1_d (weapons); P_25_702_4_a_1_e (vehicles); P_25_702_4_a_1_f (incidents),P_25_702_4_a_1_a ^ P_25_702_4_a_1_b ^ P_25_702_4_a_1_c ^ P_25_702_4_a_1_d ^ P_25_702_4_a_1_e ^ P_25_702_4_a_1_f,EXTERNAL: 32 CFR Part 159,Conjunction (Conj): Rule 7,VALIDATED,PASS,PASS,Six conjunctive obligations.,HIGH
25,25.702-4(a)(2),P_25_702_4_a_2,Contractors must fully cooperate with govt investigations by providing employee access and relevant information.,P_25_702_4_a_2_a (govt investigation); P_25_702_4_a_2_b (employee access); P_25_702_4_a_2_c (relevant info),P_25_702_4_a_2_a -> (P_25_702_4_a_2_b ^ P_25_702_4_a_2_c),EXTERNAL: FAR 52.225-26(c)(3),Material Implication (Impl): Rule 15 [HIGH-RISK]; Conjunction (Conj): Rule 7,PENDING_REVIEW,PASS,PASS,Investigation triggers dual obligation.,MEDIUM
25,25.702-4(b),P_25_702_4_b,Implementing guidance per 32 CFR 159.,P_25_702_4_b_1; P_25_702_4_b_2,P_25_702_4_b_1 ^ P_25_702_4_b_2,P_25_702_4_b_1; P_25_702_4_b_2,Conjunction (Conj): Rule 7,VALIDATED,PASS,PASS,Parent.,HIGH
25,25.702-4(b)(1),P_25_702_4_b_1,Combatant commanders provide guidance to DoD contractors in their AOR.,P_25_702_4_b_1_a (DoD contractor in AOR); P_25_702_4_b_1_b (COCOM provides guidance),P_25_702_4_b_1_a -> P_25_702_4_b_1_b,None,Material Implication (Impl): Rule 15 [HIGH-RISK],PENDING_REVIEW,PASS,PASS,'Will' = declarative.,MEDIUM
25,25.702-4(b)(2),P_25_702_4_b_2,Chief of Mission provides instructions to non-DoD contractors consistent with COCOM standards; may direct following COCOM guidance if authorized.,P_25_702_4_b_2_a (non-DoD contractor); P_25_702_4_b_2_b (CoM instructions); P_25_702_4_b_2_c (consistent with COCOM); P_25_702_4_b_2_d (option to defer to COCOM),(P_25_702_4_b_2_a -> (P_25_702_4_b_2_b ^ P_25_702_4_b_2_c)) ^ P_25_702_4_b_2_d,None,Material Implication (Impl): Rule 15 [HIGH-RISK]; Conjunction (Conj): Rule 7,PENDING_REVIEW,PASS,PASS,CoM instructions mandatory. COCOM deferral is discretionary.,MEDIUM
25,25.702-5,P_25_702_5,Remedies.,P_25_702_5_a; P_25_702_5_b,P_25_702_5_a ^ P_25_702_5_b,P_25_702_5_a; P_25_702_5_b,Conjunction (Conj): Rule 7,VALIDATED,PASS,PASS,Parent.,HIGH
25,25.702-5(a),P_25_702_5_a,In addition to other remedies:,P_25_702_5_a_1; P_25_702_5_a_2; P_25_702_5_a_3,P_25_702_5_a_1 ^ P_25_702_5_a_2 ^ P_25_702_5_a_3,P_25_702_5_a_1; P_25_702_5_a_2; P_25_702_5_a_3,Conjunction (Conj): Rule 7,VALIDATED,PASS,PASS,Parent. 'In addition to' preserves other remedies.,HIGH
25,25.702-5(a)(1),P_25_702_5_a_1,"CO may direct removal/replacement of noncompliant personnel at contractor expense, without prejudice to other rights.",P_25_702_5_a_1_a (noncompliance); P_25_702_5_a_1_b (CO may direct removal); P_25_702_5_a_1_c (no prejudice),P_25_702_5_a_1_a -> ((P_25_702_5_a_1_b v ~P_25_702_5_a_1_b) ^ P_25_702_5_a_1_c),None,Material Implication (Impl): Rule 15 [HIGH-RISK]; Tautology (Taut): Rule 18,PENDING_REVIEW,PASS,PASS,'May' = discretionary. Non-prejudice is declarative.,MEDIUM
25,25.702-5(a)(2),P_25_702_5_a_2,CO must include failures in past performance databases and consider in responsibility/past performance evaluations.,P_25_702_5_a_2_a (failure); P_25_702_5_a_2_b (record in databases); P_25_702_5_a_2_c (consider in evaluations),P_25_702_5_a_2_a -> (P_25_702_5_a_2_b ^ P_25_702_5_a_2_c),None,Material Implication (Impl): Rule 15 [HIGH-RISK]; Conjunction (Conj): Rule 7,PENDING_REVIEW,PASS,PASS,Mandatory dual obligation.,MEDIUM
25,25.702-5(a)(3),P_25_702_5_a_3,"For award-fee contracts, must consider failure in evaluation; may reduce/deny/recover award fees.",P_25_702_5_a_3_a (award-fee + failure); P_25_702_5_a_3_c (must consider); P_25_702_5_a_3_d (may adjust fees),P_25_702_5_a_3_a -> (P_25_702_5_a_3_c ^ (P_25_702_5_a_3_d v ~P_25_702_5_a_3_d)),None,Material Implication (Impl): Rule 15 [HIGH-RISK]; Tautology (Taut): Rule 18; Conjunction (Conj): Rule 7,PENDING_REVIEW,PASS,PASS,Must consider + may act. Mixed mandatory/discretionary.,MEDIUM
25,25.702-5(b),P_25_702_5_b,"If failures severe, prolonged, or repeated, CO must refer to suspending/debarring official.",P_25_702_5_b_a (severe/prolonged/repeated); P_25_702_5_b_b (refer to S&D official),P_25_702_5_b_a -> P_25_702_5_b_b,None,Material Implication (Impl): Rule 15 [HIGH-RISK],PENDING_REVIEW,PASS,PASS,Mandatory referral. Disjunctive trigger.,MEDIUM
25,25.702-6,P_25_702_6,Clause prescription for 52.225-26.,P_25_702_6_a; P_25_702_6_b,P_25_702_6_a ^ P_25_702_6_b,P_25_702_6_a; P_25_702_6_b,Conjunction (Conj): Rule 7,VALIDATED,PASS,PASS,Parent.,HIGH
25,25.702-6(a),P_25_702_6_a,Use 52.225-26 for performance outside US in combat ops or other sig mil ops areas.,P_25_702_6_a_1 (combat area); P_25_702_6_a_2 (other sig mil area); P_25_702_6_a_c (insert 52.225-26),(P_25_702_6_a_1 v P_25_702_6_a_2) -> P_25_702_6_a_c,P_25_702_3_a,Material Implication (Impl): Rule 15 [HIGH-RISK]; Addition (Add): Rule 8,PENDING_REVIEW,PASS,PASS,Mirrors 25.702-3(a) applicability.,MEDIUM
25,25.702-6(b),P_25_702_6_b,Clause not required for: (1) intelligence community; (2) non-DoD temp indigenous arrangements.,P_25_702_6_b_1 (intel community); P_25_702_6_b_2 (temp indigenous); P_25_702_6_b_c (not required),(P_25_702_6_b_1 v P_25_702_6_b_2) -> P_25_702_6_b_c,P_25_702_3_d,Material Implication (Impl): Rule 15 [HIGH-RISK]; Addition (Add): Rule 8,PENDING_REVIEW,PASS,PASS,Mirrors 25.702-3(d) exceptions.,MEDIUM
25,25.801,P_25_801,Treaties and agreements affect evaluation of foreign offers and overseas contract performance.,P_25_801 (treaties affect evaluation and performance),P_25_801,None,Conjunction (Conj): Rule 7,VALIDATED,PASS,PASS,Declarative.,HIGH
25,25.802,P_25_802,Procedures for overseas contracts.,P_25_802_a; P_25_802_b; P_25_802_c,P_25_802_a ^ P_25_802_b ^ P_25_802_c,P_25_802_a; P_25_802_b; P_25_802_c,Conjunction (Conj): Rule 7,VALIDATED,PASS,PASS,Parent.,HIGH
25,25.802(a),P_25_802_a,"When contracting outside US, CO must determine intl agreement applicability and conduct advance planning.",P_25_802_a_1; P_25_802_a_2,P_25_802_a_1 ^ P_25_802_a_2,P_25_802_a_1; P_25_802_a_2,Conjunction (Conj): Rule 7,VALIDATED,PASS,PASS,Parent for two mandatory CO obligations.,HIGH
25,25.802(a)(1),P_25_802_a_1,Determine existence/applicability of international agreements and ensure compliance.,P_25_802_a_1_a (overseas contract); P_25_802_a_1_b (determine agreements); P_25_802_a_1_c (ensure compliance),P_25_802_a_1_a -> (P_25_802_a_1_b ^ P_25_802_a_1_c),None,Material Implication (Impl): Rule 15 [HIGH-RISK]; Conjunction (Conj): Rule 7,PENDING_REVIEW,PASS,PASS,Mandatory dual obligation.,MEDIUM
25,25.802(a)(2),P_25_802_a_2,Conduct advance acquisition planning and coordination between US agencies and foreign interests.,P_25_802_a_2_a (overseas contract); P_25_802_a_2_b (advance planning); P_25_802_a_2_c (US-foreign coordination),P_25_802_a_2_a -> (P_25_802_a_2_b ^ P_25_802_a_2_c),None,Material Implication (Impl): Rule 15 [HIGH-RISK]; Conjunction (Conj): Rule 7,PENDING_REVIEW,PASS,PASS,Planning and coordination conjunctive.,MEDIUM
25,25.802(b),P_25_802_b,DOS publishes intl agreements. Copies available in overseas offices.,P_25_802_b (informational),P_25_802_b,None,Conjunction (Conj): Rule 7,VALIDATED,PASS,PASS,Informational.,HIGH
25,25.802(c),P_25_802_c,CO must award all contracts with Taiwanese entities through AIT.,P_25_802_c_a (Taiwanese entity); P_25_802_c_b (award through AIT),P_25_802_c_a -> P_25_802_c_b,None,Material Implication (Impl): Rule 15 [HIGH-RISK],PENDING_REVIEW,PASS,PASS,Mandatory AIT routing. One China policy.,MEDIUM
25,25.900,P_25_900,Scope: import duty exemptions for govt contract supplies.,P_25_900 (scope),P_25_900,None,Conjunction (Conj): Rule 7,VALIDATED,PASS,PASS,Declarative scope.,HIGH
25,25.901,P_25_901,US law imposes duties on foreign imports. Agencies must use exemptions when savings outweigh admin costs.,P_25_901_a (duties imposed); P_25_901_b (exemptions available); P_25_901_c (savings > admin cost); P_25_901_d (must use exemptions),(P_25_901_b ^ P_25_901_c) -> P_25_901_d,None,Material Implication (Impl): Rule 15 [HIGH-RISK]; Conjunction (Conj): Rule 7,PENDING_REVIEW,PASS,PASS,Mandatory use when cost-benefit met.,MEDIUM
25,25.902,P_25_902,Customs Regulations (19 CFR Ch.1) govern. Shipments subject to entry/examination. Subject to duty unless exemption obtained per 25.903.,P_25_902_a (19 CFR governs); P_25_902_b (entry/exam required); P_25_902_c (exemption per 25.903); P_25_902_d (duty applies),P_25_902_a ^ P_25_902_b ^ (~P_25_902_c -> P_25_902_d),P_25_903,Conjunction (Conj): Rule 7; Material Implication (Impl): Rule 15 [HIGH-RISK]; Negation (Neg): Rule 10,PENDING_REVIEW,PASS,PASS,Default: duty applies. 25.903 exemption is escape.,MEDIUM
25,25.903,P_25_903,Exempted supplies.,P_25_903_a; P_25_903_b,P_25_903_a ^ P_25_903_b,P_25_903_a; P_25_903_b,Conjunction (Conj): Rule 7,VALIDATED,PASS,PASS,Parent for two exemption categories.,HIGH
25,25.903(a),P_25_903_a,HTS Subchapters VIII/X list duty-exempt supplies under govt contracts. Agency must certify purpose for certain supplies.,P_25_903_a_a (HTS listed); P_25_903_a_b (govt contract); P_25_903_a_c (exemption available); P_25_903_a_d (certification for certain),(P_25_903_a_a ^ P_25_903_a_b) -> (P_25_903_a_c ^ P_25_903_a_d),None,Material Implication (Impl): Rule 15 [HIGH-RISK]; Conjunction (Conj): Rule 7,PENDING_REVIEW,PASS,PASS,Conditional exemption with certification requirement.,MEDIUM
25,25.903(b),P_25_903_b,Supplies (not equipment) for govt vessels/aircraft may be withdrawn from bonded warehouse/customs custody/FTZ duty-free per 19 USC 1309/1317. Must cite authority on customs form.,P_25_903_b_a (supplies for govt vessels/aircraft); P_25_903_b_b (withdrawal); P_25_903_b_c (duty-free); P_25_903_b_d (cite authority on form),(P_25_903_b_a ^ P_25_903_b_b) -> (P_25_903_b_c ^ P_25_903_b_d),None,Material Implication (Impl): Rule 15 [HIGH-RISK]; Conjunction (Conj): Rule 7,PENDING_REVIEW,PASS,PASS,Equipment excluded. Form citation mandatory.,MEDIUM
25,25.904,P_25_904,"Insert 52.225-8, Duty-Free Entry, for importable supplies per 25.903(a) meeting value thresholds.",P_25_904_a; P_25_904_b,P_25_904_a v P_25_904_b,P_25_903_a,Addition (Add): Rule 8,VALIDATED,PASS,PASS,Parent. Two disjunctive value conditions.,HIGH
25,25.904(a),P_25_904_a,Insert 52.225-8 if value exceeds SAT.,P_25_904_a_a (importable per 25.903(a)); P_25_904_a_b (value > SAT); P_25_904_a_c (insert 52.225-8),(P_25_904_a_a ^ P_25_904_a_b) -> P_25_904_a_c,P_25_903_a,Material Implication (Impl): Rule 15 [HIGH-RISK]; Conjunction (Conj): Rule 7,PENDING_REVIEW,PASS,PASS,Standard threshold.,MEDIUM
25,25.904(b),P_25_904_b,Insert 52.225-8 below SAT if duty savings > admin cost. CO may modify clause dollar figures.,P_25_904_b_a (val<=SAT); P_25_904_b_b (savings > admin); P_25_904_b_c (insert 52.225-8); P_25_904_b_d (CO may modify),(P_25_904_b_a ^ P_25_904_b_b) -> (P_25_904_b_c ^ (P_25_904_b_d v ~P_25_904_b_d)),P_25_903_a,Material Implication (Impl): Rule 15 [HIGH-RISK]; Conjunction (Conj): Rule 7; Tautology (Taut): Rule 18,PENDING_REVIEW,PASS,PASS,Below-SAT with cost-benefit. Modification discretionary.,MEDIUM
25,25.1001,P_25_1001,Waiver of right to examination of records.,P_25_1001_a; P_25_1001_b,P_25_1001_a ^ P_25_1001_b,P_25_1001_a; P_25_1001_b,Conjunction (Conj): Rule 7,VALIDATED,PASS,PASS,Parent.,HIGH
25,25.1001(a),P_25_1001_a,Policy: 52.215-2 implements 10 USC 3841 and 41 USC 4706.,P_25_1001_a_1; P_25_1001_a_2,P_25_1001_a_1 ^ P_25_1001_a_2,P_25_1001_a_1; P_25_1001_a_2; EXTERNAL: 10 U.S.C. 3841; 41 U.S.C. 4706; FAR 15.210(b)(1); FAR 12.205(b)(1)(iii),Conjunction (Conj): Rule 7,VALIDATED,PASS,PASS,Parent.,HIGH
25,25.1001(a)(1),P_25_1001_a_1,Insert 52.215-2 basic clause whenever possible in negotiated contracts with foreign contractors.,P_25_1001_a_1_a (negotiated foreign contract); P_25_1001_a_1_b (insert 52.215-2 whenever possible),P_25_1001_a_1_a -> P_25_1001_a_1_b,EXTERNAL: FAR 52.215-2,Material Implication (Impl): Rule 15 [HIGH-RISK],PENDING_REVIEW,PASS,PASS,"'Whenever possible' = strong preference, not absolute.",MEDIUM
25,25.1001(a)(2),P_25_1001_a_2,CO may use Alternate III after: (i) exhausting efforts; (ii) considering factors; (iii) agency head D&F with CG concurrence.,P_25_1001_a_2_i (exhausted efforts); P_25_1001_a_2_ii (considered factors); P_25_1001_a_2_iii (D&F + CG concurrence),(P_25_1001_a_2_i ^ P_25_1001_a_2_ii ^ P_25_1001_a_2_iii) -> (P_25_1001_a_2_use v ~P_25_1001_a_2_use),P_25_1001_a_2_i; P_25_1001_a_2_ii; P_25_1001_a_2_iii; P_25_1001_b,Material Implication (Impl): Rule 15 [HIGH-RISK]; Conjunction (Conj): Rule 7; Tautology (Taut): Rule 18,PENDING_REVIEW,PASS,PASS,'May' after three preconditions. Tautology for permissive.,MEDIUM
25,25.1001(a)(2)(i),P_25_1001_a_2_i,Exhausting all reasonable efforts to include the basic clause.,P_25_1001_a_2_i (efforts exhausted),P_25_1001_a_2_i,None,Conjunction (Conj): Rule 7,VALIDATED,PASS,PASS,Precondition 1.,HIGH
25,25.1001(a)(2)(ii),P_25_1001_a_2_ii,"Considering alternate sources, additional cost, time of delivery.",P_25_1001_a_2_ii (factors considered),P_25_1001_a_2_ii,None,Conjunction (Conj): Rule 7,VALIDATED,PASS,PASS,Precondition 2. Non-exhaustive factor list.,HIGH
25,25.1001(a)(2)(iii),P_25_1001_a_2_iii,Agency head D&F per para (b) with CG concurrence. CG concurrence not required if contractor is foreign govt/agency or country law precludes records.,P_25_1001_a_2_iii_a (D&F); P_25_1001_a_2_iii_b (CG concurrence); P_25_1001_a_2_iii_c (foreign govt); P_25_1001_a_2_iii_d (country law precludes),(P_25_1001_a_2_iii_a ^ P_25_1001_a_2_iii_b) v (P_25_1001_a_2_iii_a ^ (P_25_1001_a_2_iii_c v P_25_1001_a_2_iii_d)),P_25_1001_b,Addition (Add): Rule 8; Conjunction (Conj): Rule 7,PENDING_REVIEW,PASS,PASS,D&F always required. CG concurrence waived for foreign govts or law-precluded cases.,MEDIUM
25,25.1001(b),P_25_1001_b,D&F requirements.,P_25_1001_b_1; P_25_1001_b_2; P_25_1001_b_3; P_25_1001_b_4; P_25_1001_b_5,P_25_1001_b_1 ^ P_25_1001_b_2 ^ P_25_1001_b_3 ^ P_25_1001_b_4 ^ P_25_1001_b_5,P_25_1001_b_1; P_25_1001_b_2; P_25_1001_b_3; P_25_1001_b_4; P_25_1001_b_5,Conjunction (Conj): Rule 7,VALIDATED,PASS,PASS,Parent. Five mandatory D&F elements.,HIGH
25,25.1001(b)(1),P_25_1001_b_1,Identify contract/purpose and whether with foreign contractor or foreign govt/agency.,P_25_1001_b_1 (identify contract and contractor type),P_25_1001_b_1,None,Conjunction (Conj): Rule 7,VALIDATED,PASS,PASS,D&F element 1.,HIGH
25,25.1001(b)(2),P_25_1001_b_2,Describe efforts to include the basic clause.,P_25_1001_b_2 (describe efforts),P_25_1001_b_2,None,Conjunction (Conj): Rule 7,VALIDATED,PASS,PASS,D&F element 2.,HIGH
25,25.1001(b)(3),P_25_1001_b_3,State reasons for contractor's refusal to include the basic clause.,P_25_1001_b_3 (state refusal reasons),P_25_1001_b_3,None,Conjunction (Conj): Rule 7,VALIDATED,PASS,PASS,D&F element 3.,HIGH
25,25.1001(b)(4),P_25_1001_b_4,Describe price and availability from US and other sources.,P_25_1001_b_4 (describe price/availability),P_25_1001_b_4,None,Conjunction (Conj): Rule 7,VALIDATED,PASS,PASS,D&F element 4.,HIGH
25,25.1001(b)(5),P_25_1001_b_5,Determine that it will best serve the interest of the US to use the alternate clause.,P_25_1001_b_5 (best interest determination),P_25_1001_b_5,None,Conjunction (Conj): Rule 7,VALIDATED,PASS,PASS,D&F element 5.,HIGH
25,25.1002,P_25_1002,Use of foreign currency.,P_25_1002_1; P_25_1002_2,P_25_1002_1 ^ P_25_1002_2,P_25_1002_1; P_25_1002_2,Conjunction (Conj): Rule 7,VALIDATED,PASS,PASS,Parent.,HIGH
25,25.1002-1,P_25_1002_1,Policy on foreign currency.,P_25_1002_1_a; P_25_1002_1_b; P_25_1002_1_c,P_25_1002_1_a ^ P_25_1002_1_b ^ P_25_1002_1_c,P_25_1002_1_a; P_25_1002_1_b; P_25_1002_1_c,Conjunction (Conj): Rule 7,VALIDATED,PASS,PASS,Parent for three policy elements.,HIGH
25,25.1002-1(a),P_25_1002_1_a,"Unless intl agreement/WTO GPA requires specific currency, CO must determine currency for overseas solicitations. May permit other currency in unusual circumstances.",P_25_1002_1_a_a (~intl agreement requires specific currency); P_25_1002_1_a_b (CO determines currency); P_25_1002_1_a_c (unusual circumstances); P_25_1002_1_a_d (may permit other currency),(P_25_1002_1_a_a -> P_25_1002_1_a_b) ^ (P_25_1002_1_a_c -> (P_25_1002_1_a_d v ~P_25_1002_1_a_d)),EXTERNAL: WTO GPA (FAR 25.408(a)(4)),Material Implication (Impl): Rule 15 [HIGH-RISK]; Tautology (Taut): Rule 18; Conjunction (Conj): Rule 7,PENDING_REVIEW,PASS,PASS,Default: CO determines. Agreement override. Unusual circumstances = discretionary.,MEDIUM
25,25.1002-1(b),P_25_1002_1_b,"Solicitations should require same currency. If other currency permitted, CO must convert to USD using market exchange rate: sealed bidding = bid opening date; negotiation = receipt date or final revision date.","P_25_1002_1_b_a (should require same currency); P_25_1002_1_b_b (other permitted, must convert); P_25_1002_1_b_1 (sealed bid: opening date rate); P_25_1002_1_b_2 (negotiation: receipt or final revision date)",P_25_1002_1_b_a ^ (P_25_1002_1_b_b -> (P_25_1002_1_b_1 v P_25_1002_1_b_2)),P_25_1002_1_b_1; P_25_1002_1_b_2,Conjunction (Conj): Rule 7; Material Implication (Impl): Rule 15 [HIGH-RISK]; Addition (Add): Rule 8,PENDING_REVIEW,PASS,PASS,'Should' = advisory for same currency. 'Must' = mandatory for conversion. Rate dates are mutually exclusive by procurement method.,MEDIUM
25,25.1002-1(b)(1),P_25_1002_1_b_1,Sealed bidding: exchange rate on date of bid opening.,P_25_1002_1_b_1 (sealed bid rate = bid opening date),P_25_1002_1_b_1,None,Conjunction (Conj): Rule 7,VALIDATED,PASS,PASS,Specific rate date for sealed bidding.,HIGH
25,25.1002-1(b)(2),P_25_1002_1_b_2,Negotiation: (i) date for receipt of offers if initial offer award; (ii) date for receipt of final proposal revisions otherwise.,P_25_1002_1_b_2_i (initial offers: receipt date); P_25_1002_1_b_2_ii (otherwise: final revision date),P_25_1002_1_b_2_i v P_25_1002_1_b_2_ii,None,Addition (Add): Rule 8,VALIDATED,PASS,PASS,Mutually exclusive alternatives based on award basis.,HIGH
25,25.1002-1(c),P_25_1002_1_c,"If contract priced in foreign currency, agency must ensure adequate funds for currency fluctuations to avoid ADA violation (31 USC 1341, 1342, 1511-1519).",P_25_1002_1_c_a (foreign currency contract); P_25_1002_1_c_b (ensure adequate funds for fluctuations); P_25_1002_1_c_c (avoid ADA violation),P_25_1002_1_c_a -> (P_25_1002_1_c_b ^ P_25_1002_1_c_c),None,Material Implication (Impl): Rule 15 [HIGH-RISK]; Conjunction (Conj): Rule 7,PENDING_REVIEW,PASS,PASS,ADA compliance is non-negotiable. Mandatory fund adequacy.,MEDIUM
25,25.1002-2,P_25_1002_2,"Insert 52.225-17, Evaluation of Foreign Currency Offers, in solicitations permitting other than specified currency. Insert rate source in provision.",P_25_1002_2_a (solicitation permits non-specified currency); P_25_1002_2_b (insert 52.225-17); P_25_1002_2_c (insert rate source),P_25_1002_2_a -> (P_25_1002_2_b ^ P_25_1002_2_c),P_25_1002_1_a,Material Implication (Impl): Rule 15 [HIGH-RISK]; Conjunction (Conj): Rule 7,PENDING_REVIEW,PASS,PASS,Clause insertion with rate source specification.,MEDIUM
