RFO_Part,Section_Number,Propositional_ID,Natural_Language,Atomic_Propositions,Formal_Logic_Statement,Dependencies,Justification_Rules,Validation_Status,Logical_Check,Real_World_Check,Validation_Notes,Confidence_Level
9,9.101,P_9_101,"9.101 Definitions. Administrative proceeding means a non-judicial process that is adjudicatory in nature in order to make a determination of fault or liability (e.g., Securities and Exchange Commission Administrative Proceedings, Civilian Board of Contract Appeals Proceedings, and Armed Services Board of Contract Appeals Proceedings). This includes administrative proceedings at the Federal and state level but only in connection with performance of a Federal contract or grant. It does not include agency actions such as contract audits, site visits, corrective plans, or inspection of deliverables.","P_9_101: Administrative proceeding means a non-judicial process that is adjudicatory in nature in order to make a determination of fault or liability (e.g., Securities and Exchange Commission Administrative Proceedings, Civilian Board of Contract Appeals Proceedings, and Armed Services Board of Contract Appeals Proceedings). This includes administrative proceedings at the Federal and state level but only in connection with performance of a Federal contract or grant. It does not include agency actions such as contract audits, site visits, corrective plans, or inspection of deliverables.",~(P_9_101_a ∧ P_9_101_b),None,Conjunction (Conj): Rule 7; Negation (Neg): Rule 10,VALIDATED,PASS,PASS,Prohibition (shall not/do not).,HIGH
9,9.102,P_9_102,9.102 Applicability.,P_9_102: ,P_9_102 = P_9_102_a ∧ P_9_102_b,None,Conjunction (Conj): Rule 7,VALIDATED,PASS,PASS,Declarative/definitional statement.,HIGH
9,9.102(a),P_9_102_a,(a) This subpart applies to all proposed contracts with any prospective contractor located—,P_9_102_a: This subpart applies to all proposed contracts with any prospective contractor located—,P_9_102_a = P_9_102_a_1 ∧ P_9_102_a_2,None,Conjunction (Conj): Rule 7,VALIDATED,PASS,PASS,Declarative/definitional statement.,HIGH
9,9.102(a)(1),P_9_102_a_1,(1) In the United States or its outlying areas; or,P_9_102_a_1_a: In the United States or its outlying areas,P_9_102_a_1,None,Atomic proposition (no transformation),VALIDATED,PASS,PASS,Declarative/definitional statement.,HIGH
9,9.102(a)(2),P_9_102_a_2,"(2) Elsewhere, unless application of this subpart would be inconsistent with the laws or customs where the contractor is located.","P_9_102_a_2: Elsewhere, unless application of this subpart would be inconsistent with the laws or customs where the contractor is located.",P_9_102_a_2_cond ⊃ P_9_102_a_2,None,Material Implication (Impl): Rule 15 [HIGH-RISK],PENDING_REVIEW,PASS,PASS,"Declarative/definitional statement. Conditional triggers detected: where, unless. Material implication used [HIGH-RISK Rule 15].",MEDIUM
9,9.102(b),P_9_102_b,(b) This subpart does not apply to proposed contracts with—,P_9_102_b: This subpart does not apply to proposed contracts with—,P_9_102_b = P_9_102_b_1 ∧ P_9_102_b_2 ∧ P_9_102_b_3,None,Conjunction (Conj): Rule 7,VALIDATED,PASS,PASS,Prohibition (shall not/do not).,HIGH
9,9.102(b)(1),P_9_102_b_1,"(1) Foreign, State, or local governments;","P_9_102_b_1: Foreign, State, or local governments;",P_9_102_b_1,None,Atomic proposition (no transformation),VALIDATED,PASS,PASS,Declarative/definitional statement.,HIGH
9,9.102(b)(2),P_9_102_b_2,(2) Other U.S. Government agencies or their instrumentalities; or,P_9_102_b_2_a: Other U.S. Government agencies or their instrumentalities,P_9_102_b_2,None,Atomic proposition (no transformation),VALIDATED,PASS,PASS,Declarative/definitional statement.,HIGH
9,9.102(b)(3),P_9_102_b_3,(3) Agencies for people who are blind or severely disabled (see part 8).,P_9_102_b_3: Agencies for people who are blind or severely disabled (see part 8).,P_9_102_b_3,P_8_EXT,Atomic proposition (no transformation),VALIDATED,PASS,PASS,Declarative/definitional statement. External references: Part_8.,HIGH
9,9.103,P_9_103,9.103 Policy.,P_9_103: ,P_9_103 = P_9_103_a ∧ P_9_103_b ∧ P_9_103_c,None,Conjunction (Conj): Rule 7,VALIDATED,PASS,PASS,Declarative/definitional statement.,HIGH
9,9.103(a),P_9_103_a,(a) Award contracts to responsible prospective contractors only.,P_9_103_a: Award contracts to responsible prospective contractors only.,P_9_103_a,None,Atomic proposition (no transformation),VALIDATED,PASS,PASS,Declarative/definitional statement.,HIGH
9,9.103(b),P_9_103_b,"(b) Do not award a contract award before making an affirmative determination of contractor responsibility. Without a clear indication of responsibility, make a determination of nonresponsibility. If the prospective contractor is a small business concern, comply with the subpart, Certificates of Competency and Determinations of Responsibility, at part 19.","P_9_103_b: Do not award a contract award before making an affirmative determination of contractor responsibility. Without a clear indication of responsibility, make a determination of nonresponsibility. If the prospective contractor is a small business concern, comply with the subpart, Certificates of Competency and Determinations of Responsibility, at part 19.",P_9_103_b_cond ⊃ ~P_9_103_b,P_19_EXT,Material Implication (Impl): Rule 15 [HIGH-RISK]; Negation (Neg): Rule 10,VALIDATED,PASS,PASS,"Prohibition (shall not/do not). Conditional triggers detected: if, before. External references: Part_19.",MEDIUM
9,9.103(c),P_9_103_c,"(c) A prospective contractor must affirmatively demonstrate its responsibility, including, when necessary, the responsibility of its proposed subcontractors.","P_9_103_c: A prospective contractor must affirmatively demonstrate its responsibility, including, when necessary, the responsibility of its proposed subcontractors.",P_9_103_c_cond ⊃ P_9_103_c,None,Material Implication (Impl): Rule 15 [HIGH-RISK],PENDING_REVIEW,PASS,PASS,Mandatory requirement (shall/must). Conditional triggers detected: when. Material implication used [HIGH-RISK Rule 15].,MEDIUM
9,9.104,P_9_104,9.104 Standards.,P_9_104: ,P_9_104,None,Atomic proposition (no transformation),VALIDATED,PASS,PASS,Declarative/definitional statement.,HIGH
9,9.104-1,P_9_104_1,"9.104-1 General standards. To demonstrate responsibility, a prospective contractor must—","P_9_104_1: 9.104-1 General standards. To demonstrate responsibility, a prospective contractor must—",P_9_104_1 = P_9_104_1_a ∧ P_9_104_1_b ∧ P_9_104_1_c ∧ P_9_104_1_d ∧ P_9_104_1_e ∧ P_9_104_1_f ∧ P_9_104_1_g,None,Conjunction (Conj): Rule 7,VALIDATED,PASS,PASS,Mandatory requirement (shall/must).,HIGH
9,9.104-1(a),P_9_104_1_a,"(a) Have adequate financial resources to perform the contract, or the ability to obtain them (see 9.104-3(a));","P_9_104_1_a: Have adequate financial resources to perform the contract, or the ability to obtain them (see 9.104-3(a));",P_9_104_1_a,P_9_104_3_a,Atomic proposition (no transformation),VALIDATED,PASS,PASS,Declarative/definitional statement.,HIGH
9,9.104-1(b),P_9_104_1_b,"(b) Be able to comply with the required or proposed delivery or performance schedule, taking into consideration all existing commercial and governmental business commitments;","P_9_104_1_b: Be able to comply with the required or proposed delivery or performance schedule, taking into consideration all existing commercial and governmental business commitments;",P_9_104_1_b,None,Atomic proposition (no transformation),VALIDATED,PASS,PASS,Declarative/definitional statement.,HIGH
9,9.104-1(c),P_9_104_1_c,(c) Have a satisfactory performance record (see 9.104-3(b) and part 42). Do not determine a prospective contractor responsible or nonresponsible based solely on a lack of relevant performance history;,P_9_104_1_c: Have a satisfactory performance record (see 9.104-3(b) and part 42). Do not determine a prospective contractor responsible or nonresponsible based solely on a lack of relevant performance history;,~P_9_104_1_c,P_42_EXT; P_9_104_3_b,Negation (Neg): Rule 10,VALIDATED,PASS,PASS,Prohibition (shall not/do not). External references: Part_42.,HIGH
9,9.104-1(d),P_9_104_1_d,(d) Have a satisfactory record of integrity and business ethics (see part 42);,P_9_104_1_d: Have a satisfactory record of integrity and business ethics (see part 42);,P_9_104_1_d,P_42_EXT,Atomic proposition (no transformation),VALIDATED,PASS,PASS,Declarative/definitional statement. External references: Part_42.,HIGH
9,9.104-1(e),P_9_104_1_e,"(e) Have the necessary organization, experience, accounting and operational controls, and technical skills, or the ability to obtain them (including, as appropriate, such elements as production control procedures, property control systems, quality assurance measures, and safety programs applicable to materials to be produced or services to be performed by the prospective contractor and subcontractors) (see 9.104-3(a));","P_9_104_1_e: Have the necessary organization, experience, accounting and operational controls, and technical skills, or the ability to obtain them (including, as appropriate, such elements as production control procedures, property control systems, quality assurance measures, and safety programs applicable to materials to be produced or services to be performed by the prospective contractor and subcontractors) (see 9.104-3(a));",P_9_104_1_e,P_9_104_3_a,Atomic proposition (no transformation),VALIDATED,PASS,PASS,Declarative/definitional statement.,HIGH
9,9.104-1(f),P_9_104_1_f,"(f) Have the necessary production, construction, and technical equipment and facilities, or the ability to obtain them (see 9.104-3(a)); and","P_9_104_1_f_a: Have the necessary production, construction, and technical equipment and facilities, or the ability to obtain them (see 9.104-3(a))",P_9_104_1_f,P_9_104_3_a,Atomic proposition (no transformation),VALIDATED,PASS,PASS,Declarative/definitional statement.,HIGH
9,9.104-1(g),P_9_104_1_g,(g) Be otherwise qualified and eligible to receive an award under applicable laws and regulations (see also inverted domestic corporation prohibition at 9.108). 9.104-2 [Reserved],P_9_104_1_g: Be otherwise qualified and eligible to receive an award under applicable laws and regulations (see also inverted domestic corporation prohibition at 9.108). 9.104-2 [Reserved],P_9_104_1_g,P_9_104_2; P_9_108,Atomic proposition (no transformation),VALIDATED,PASS,PASS,Declarative/definitional statement.,HIGH
9,9.104-3,P_9_104_3,9.104-3 Application of standards.,P_9_104_3: 9.104-3 Application of standards.,P_9_104_3 = P_9_104_3_a ∧ P_9_104_3_b ∧ P_9_104_3_c ∧ P_9_104_3_d,None,Conjunction (Conj): Rule 7,VALIDATED,PASS,PASS,Declarative/definitional statement.,HIGH
9,9.104-3(a),P_9_104_3_a,"(a) Ability to obtain resources. Except to the extent that a prospective contractor has sufficient resources or proposes to perform the contract by subcontracting, require evidence of the prospective contractor's ability to obtain required resources (see 9.104-1(a), (e), and (f)).","P_9_104_3_a: Ability to obtain resources. Except to the extent that a prospective contractor has sufficient resources or proposes to perform the contract by subcontracting, require evidence of the prospective contractor's ability to obtain required resources (see 9.104-1(a), (e), and (f)).",P_9_104_3_a_cond ⊃ P_9_104_3_a,P_9_104_1_a,Material Implication (Impl): Rule 15 [HIGH-RISK],VALIDATED,PASS,PASS,Declarative/definitional statement.,HIGH
9,9.104-3(b),P_9_104_3_b,"(b) Satisfactory performance record. Presume a prospective contractor is nonresponsible if it is or recently been deficient in contract performance, unless the circumstances were beyond the contractor's control, or the contractor has taken corrective action. (c)","P_9_104_3_b: Satisfactory performance record. Presume a prospective contractor is nonresponsible if it is or recently been deficient in contract performance, unless the circumstances were beyond the contractor's control, or the contractor has taken corrective action. (c)",P_9_104_3_b_cond ⊃ P_9_104_3_b,None,Material Implication (Impl): Rule 15 [HIGH-RISK],PENDING_REVIEW,PASS,PASS,"Declarative/definitional statement. Conditional triggers detected: if, unless. Material implication used [HIGH-RISK Rule 15].",MEDIUM
9,9.104-3(c),P_9_104_3_c,(c),P_9_104_3_c: Subsection (c),P_9_104_3_c = P_9_104_3_c_1 ∧ P_9_104_3_c_2,None,Conjunction (Conj): Rule 7,VALIDATED,PASS,PASS,Declarative/definitional statement.,HIGH
9,9.104-3(c)(1),P_9_104_3_c_1,"Affiliated concerns. Treat a prospective contractor’s affiliated concerns as separate entities. However, consider the affiliate's past performance and integrity when these factors may adversely affect the prospective contractor's responsibility.","P_9_104_3_c_1: Affiliated concerns. Treat a prospective contractor’s affiliated concerns as separate entities. However, consider the affiliate's past performance and integrity when these factors may adversely affect the prospective contractor's responsibility.",P_9_104_3_c_1,None,Atomic proposition (no transformation),VALIDATED,PASS,PASS,Declarative/definitional statement.,HIGH
9,9.104-3(c)(2),P_9_104_3_c_2,"Joint ventures. For a prospective contractor that is a joint venture, consider the past performance of the joint venture. If the joint venture lacks past performance, consider the past performance of each party to the joint venture.","P_9_104_3_c_2: Joint ventures. For a prospective contractor that is a joint venture, consider the past performance of the joint venture. If the joint venture lacks past performance, consider the past performance of each party to the joint venture.",P_9_104_3_c_2_cond ⊃ P_9_104_3_c_2,None,Material Implication (Impl): Rule 15 [HIGH-RISK],PENDING_REVIEW,PASS,PASS,Declarative/definitional statement. Conditional triggers detected: if. Material implication used [HIGH-RISK Rule 15].,MEDIUM
9,9.104-3(d),P_9_104_3_d,(d),P_9_104_3_d: Subsection (d),P_9_104_3_d = P_9_104_3_d_1 ∧ P_9_104_3_d_2,None,Conjunction (Conj): Rule 7,VALIDATED,PASS,PASS,Declarative/definitional statement.,HIGH
9,9.104-3(d)(1),P_9_104_3_d_1,"Small business concerns. Upon determining a small business concern is nonresponsible, refer the matter to the Small Business Administration, which will decide whether to issue a Certificate of Competency (see part 19).","P_9_104_3_d_1: Small business concerns. Upon determining a small business concern is nonresponsible, refer the matter to the Small Business Administration, which will decide whether to issue a Certificate of Competency (see part 19).",P_9_104_3_d_1_cond ⊃ P_9_104_3_d_1,None,Material Implication (Impl): Rule 15 [HIGH-RISK],PENDING_REVIEW,PASS,PASS,Declarative/definitional statement. Conditional triggers detected: upon. Material implication used [HIGH-RISK Rule 15].,MEDIUM
9,9.104-3(d)(2),P_9_104_3_d_2,"Limitations on subcontracting. A small business that does not agree to or is unable to comply with the limitations on subcontracting may be nonresponsible (see 52.219-3, Notice of HUBZone Set-Aside or Sole-Source Award; 52.219-4, Notice of Price Evaluation Preference for HUBZone Small Business Concerns; 52.219-14, Limitations on Subcontracting; 52.219-27, Notice of Set-Aside for, or Sole-Source Award to, Service-Disabled Veteran-Owned Small Business (SDVOSB) Concerns Eligible Under the SDVOSB Program; 52.219-29, Notice of Set-Aside for, or Sole-Source Award to, Economically Disadvantaged Women-Owned Small Business Concerns; and 52.219-30, Notice of Set-Aside for, or Sole-Source Award to, Women-Owned Small Business Concerns Eligible Under the Women-Owned Small Business Program).","P_9_104_3_d_2: Limitations on subcontracting. A small business that does not agree to or is unable to comply with the limitations on subcontracting may be nonresponsible (see 52.219-3, Notice of HUBZone Set-Aside or Sole-Source Award; 52.219-4, Notice of Price Evaluation Preference for HUBZone Small Business Concerns; 52.219-14, Limitations on Subcontracting; 52.219-27, Notice of Set-Aside for, or Sole-Source Award to, Service-Disabled Veteran-Owned Small Business (SDVOSB) Concerns Eligible Under the SDVOSB Program; 52.219-29, Notice of Set-Aside for, or Sole-Source Award to, Economically Disadvantaged Women-Owned Small Business Concerns; and 52.219-30, Notice of Set-Aside for, or Sole-Source Award to, Women-Owned Small Business Concerns Eligible Under the Women-Owned Small Business Program).",P_9_104_3_d_2 ∨ ~P_9_104_3_d_2,None,Addition (Add): Rule 8; Negation (Neg): Rule 10,VALIDATED,PASS,PASS,Permissive authority (may) creates discretionary action. Tautological structure represents unrestricted discretion.,MEDIUM
9,9.104-4,P_9_104_4,9.104-4 Subcontractor responsibility.,P_9_104_4: 9.104-4 Subcontractor responsibility.,P_9_104_4 = P_9_104_4_a ∧ P_9_104_4_b,None,Conjunction (Conj): Rule 7,VALIDATED,PASS,PASS,Declarative/definitional statement.,HIGH
9,9.104-4(a),P_9_104_4_a,"(a) Generally, prospective prime contractors are responsible for determining the responsibility of their prospective subcontractors (but see 9.405 and 9.405-2 regarding debarred, ineligible, or suspended firms). Determinations of prospective subcontractor responsibility may affect determination of the prospective prime contractor's responsibility. Require a prospective contractor to provide written evidence of a proposed subcontractor's responsibility, as necessary to determine responsibility.","P_9_104_4_a: Generally, prospective prime contractors are responsible for determining the responsibility of their prospective subcontractors (but see 9.405 and 9.405-2 regarding debarred, ineligible, or suspended firms). Determinations of prospective subcontractor responsibility may affect determination of the prospective prime contractor's responsibility. Require a prospective contractor to provide written evidence of a proposed subcontractor's responsibility, as necessary to determine responsibility.",P_9_104_4_a ∨ ~P_9_104_4_a,P_9_405; P_9_405_2,Addition (Add): Rule 8; Negation (Neg): Rule 10,VALIDATED,PASS,PASS,Permissive authority (may) creates discretionary action. Tautological structure represents unrestricted discretion.,MEDIUM
9,9.104-4(b),P_9_104_4_b,"(b) When in the Government's interest, the contracting officer may directly determine a prospective subcontractor's responsibility (e.g., when the prospective contract involves medical supplies, urgent requirements, or substantial subcontracting). Apply the same standards for prime contractor responsibility to determine subcontractor responsibility.","P_9_104_4_b: When in the Government's interest, the contracting officer may directly determine a prospective subcontractor's responsibility (e.g., when the prospective contract involves medical supplies, urgent requirements, or substantial subcontracting). Apply the same standards for prime contractor responsibility to determine subcontractor responsibility.",P_9_104_4_b_cond ⊃ (P_9_104_4_b ∨ ~P_9_104_4_b),None,Addition (Add): Rule 8; Material Implication (Impl): Rule 15 [HIGH-RISK]; Negation (Neg): Rule 10,PENDING_REVIEW,PASS,PASS,Permissive authority (may) creates discretionary action. Conditional triggers detected: when. Material implication used [HIGH-RISK Rule 15]. Tautological structure represents unrestricted discretion.,MEDIUM
9,9.104-5,P_9_104_5,9.104-5 Representation and certifications regarding responsibility matters.,P_9_104_5: 9.104-5 Representation and certifications regarding responsibility matters.,P_9_104_5 = P_9_104_5_a ∧ P_9_104_5_b ∧ P_9_104_5_c ∧ P_9_104_5_d,None,Conjunction (Conj): Rule 7,VALIDATED,PASS,PASS,Declarative/definitional statement.,HIGH
9,9.104-5(a),P_9_104_5_a,"(a) When an offeror provides an affirmative response in paragraph (a)(1) of the provision at 52.209-5, Certification Regarding Responsibility Matters, or paragraph (h) of provision 52.212-3—","P_9_104_5_a: When an offeror provides an affirmative response in paragraph (a)(1) of the provision at 52.209-5, Certification Regarding Responsibility Matters, or paragraph (h) of provision 52.212-3—",P_9_104_5_a = P_9_104_5_a_1 ∧ P_9_104_5_a_2,P_52_209_5; P_52_212_3,Conjunction (Conj): Rule 7,VALIDATED,PASS,PASS,"Declarative/definitional statement. Conditional triggers detected: when. External references: 52.212-3, 52.209-5.",HIGH
9,9.104-5(a)(1),P_9_104_5_a_1,"(1) Promptly, upon receipt of offers, request the offeror submit additional information to demonstrate the offeror's responsibility to the contracting officer (but see 9.405); and","P_9_104_5_a_1_a: Promptly, upon receipt of offers, request the offeror submit additional information to demonstrate the offeror's responsibility to the contracting officer (but see 9.405)",P_9_104_5_a_1_cond ⊃ P_9_104_5_a_1,P_9_405,Material Implication (Impl): Rule 15 [HIGH-RISK],PENDING_REVIEW,PASS,PASS,Declarative/definitional statement. Conditional triggers detected: upon. Material implication used [HIGH-RISK Rule 15].,MEDIUM
9,9.104-5(a)(2),P_9_104_5_a_2,"(2) Notify, prior to proceeding with award, in accordance with agency procedures (see 9.406-3(a) and 9.407-3(a)), the agency official responsible for initiating debarment or suspension action, where an offeror indicates the existence of an indictment, charge, conviction, or civil judgment, or Federal tax delinquency in an amount that exceeds $15,000.","P_9_104_5_a_2: Notify, prior to proceeding with award, in accordance with agency procedures (see 9.406-3(a) and 9.407-3(a)), the agency official responsible for initiating debarment or suspension action, where an offeror indicates the existence of an indictment, charge, conviction, or civil judgment, or Federal tax delinquency in an amount that exceeds $15,000.",P_9_104_5_a_2_cond ⊃ P_9_104_5_a_2,P_9_406_3_a; P_9_407_3_a,Material Implication (Impl): Rule 15 [HIGH-RISK],PENDING_REVIEW,PASS,PASS,Declarative/definitional statement. Conditional triggers detected: where. Material implication used [HIGH-RISK Rule 15].,MEDIUM
9,9.104-5(b),P_9_104_5_b,"(b) The provision at 52.209-11, Representation by Corporations Regarding Delinquent Tax Liability or a Felony Conviction under any Federal Law, implements sections 744 and 745 of Division E of the Consolidated and Further Continuing Appropriations Act, 2015 (Pub. L. 113-235) (and similar provisions in subsequent appropriations acts). When an offeror provides an affirmative response in paragraph (b)(1) or (2) of the provision at 52.209-11 or paragraph (q)(2)(i) or (ii) of provision 52.212-3—","P_9_104_5_b: The provision at 52.209-11, Representation by Corporations Regarding Delinquent Tax Liability or a Felony Conviction under any Federal Law, implements sections 744 and 745 of Division E of the Consolidated and Further Continuing Appropriations Act, 2015 (Pub. L. 113-235) (and similar provisions in subsequent appropriations acts). When an offeror provides an affirmative response in paragraph (b)(1) or (2) of the provision at 52.209-11 or paragraph (q)(2)(i) or (ii) of provision 52.212-3—",P_9_104_5_b = P_9_104_5_b_1 ∧ P_9_104_5_b_2 ∧ P_9_104_5_b_3,P_52_209_11; P_52_212_3,Conjunction (Conj): Rule 7,VALIDATED,PASS,PASS,"Declarative/definitional statement. Conditional triggers detected: when. External references: 52.212-3, 52.209-11.",HIGH
9,9.104-5(b)(1),P_9_104_5_b_1,"(1) Promptly, upon receipt of offers, request the offeror submit additional information to demonstrate the offeror's responsibility to the contracting officer (but see 9.405);","P_9_104_5_b_1: Promptly, upon receipt of offers, request the offeror submit additional information to demonstrate the offeror's responsibility to the contracting officer (but see 9.405);",P_9_104_5_b_1_cond ⊃ P_9_104_5_b_1,P_9_405,Material Implication (Impl): Rule 15 [HIGH-RISK],PENDING_REVIEW,PASS,PASS,Declarative/definitional statement. Conditional triggers detected: upon. Material implication used [HIGH-RISK Rule 15].,MEDIUM
9,9.104-5(b)(2),P_9_104_5_b_2,"(2) Notify, in accordance with agency procedures (see 9.406-3(a) and 9.407-3(a)), the agency official responsible for initiating debarment or suspension action; and","P_9_104_5_b_2: Notify, in accordance with agency procedures (see 9.406-3(a) and 9.407-3(a)), the agency official responsible for initiating debarment or suspension action; and",P_9_104_5_b_2,P_9_406_3_a; P_9_407_3_a,Atomic proposition (no transformation),VALIDATED,PASS,PASS,Declarative/definitional statement.,HIGH
9,9.104-5(b)(3),P_9_104_5_b_3,(3) Not award to the offeror unless an agency suspending and debarring official has considered suspension or debarment of the corporation and made a determination that suspension or debarment is not necessary to protect the interests of the Government.,P_9_104_5_b_3: Not award to the offeror unless an agency suspending and debarring official has considered suspension or debarment of the corporation and made a determination that suspension or debarment is not necessary to protect the interests of the Government.,~P_9_104_5_b_3_except ⊃ P_9_104_5_b_3,None,Material Implication (Impl): Rule 15 [HIGH-RISK]; Negation (Neg): Rule 10,PENDING_REVIEW,PASS,PASS,Declarative/definitional statement. Conditional triggers detected: unless. Material implication used [HIGH-RISK Rule 15].,MEDIUM
9,9.104-5(c),P_9_104_5_c,"(c) If the provision at 52.209-12, Certification Regarding Tax Matters, is applicable (see 9.104-7(e)), do not award any contract in an amount greater than $7 million, unless the offeror affirmatively certified in its offer, as required by paragraph (b)(1), (2), and (3) of the provision.","P_9_104_5_c: If the provision at 52.209-12, Certification Regarding Tax Matters, is applicable (see 9.104-7(e)), do not award any contract in an amount greater than $7 million, unless the offeror affirmatively certified in its offer, as required by paragraph (b)(1), (2), and (3) of the provision.",P_9_104_5_c_cond ⊃ ~(P_9_104_5_c_a ∧ P_9_104_5_c_b),P_52_209_12; P_9_104_7_e,Conjunction (Conj): Rule 7; Material Implication (Impl): Rule 15 [HIGH-RISK]; Negation (Neg): Rule 10,PENDING_REVIEW,PASS,PASS,"Prohibition (shall not/do not). Conditional triggers detected: if, unless. Material implication used [HIGH-RISK Rule 15]. External references: 52.209-12.",MEDIUM
9,9.104-5(d),P_9_104_5_d,(d) Give offerors who do not furnish the representation or certifications or other requested information an opportunity to remedy the deficiency. Failure to furnish the representation or certifications or other requested information may render the offeror nonresponsible.,P_9_104_5_d: Give offerors who do not furnish the representation or certifications or other requested information an opportunity to remedy the deficiency. Failure to furnish the representation or certifications or,P_9_104_5_d ∨ ~P_9_104_5_d,None,Addition (Add): Rule 8; Negation (Neg): Rule 10,VALIDATED,PASS,PASS,Permissive authority (may) creates discretionary action. Tautological structure represents unrestricted discretion.,MEDIUM
9,9.104-6,P_9_104_6,9.104-6 Federal Awardee Performance and Integrity Information System. (a),P_9_104_6: 9.104-6 Federal Awardee Performance and Integrity Information System. (a),P_9_104_6 = P_9_104_6_a ∧ P_9_104_6_i ∧ P_9_104_6_b ∧ P_9_104_6_c ∧ P_9_104_6_d,None,Conjunction (Conj): Rule 7,VALIDATED,PASS,PASS,Declarative/definitional statement.,HIGH
9,9.104-6(a),P_9_104_6_a,(a),P_9_104_6_a: Subsection (a),P_9_104_6_a = P_9_104_6_a_1 ∧ P_9_104_6_a_2,None,Conjunction (Conj): Rule 7,VALIDATED,PASS,PASS,Declarative/definitional statement.,HIGH
9,9.104-6(a)(1),P_9_104_6_a_1,"Before awarding a contract exceeding the simplified acquisition threshold, review the performance and integrity information available in the Federal Awardee Performance and Integrity Information System (FAPIIS), (available at https://www.cpars.gov[], including FAPIIS information from the System for Award Management (SAM) Exclusions and the Contractor Performance Assessment Reporting System (CPARS).","P_9_104_6_a_1: Before awarding a contract exceeding the simplified acquisition threshold, review the performance and integrity information available in the Federal Awardee Performance and Integrity Information System (FAPIIS), (available at https://www.cpars.gov[], including FAPIIS information from the System for Award Management (SAM) Exclusions and the Contractor Performance Assessment Reporting System (CPARS).",P_9_104_6_a_1_cond ⊃ P_9_104_6_a_1,None,Material Implication (Impl): Rule 15 [HIGH-RISK],PENDING_REVIEW,PASS,PASS,Declarative/definitional statement. Conditional triggers detected: before. Material implication used [HIGH-RISK Rule 15].,MEDIUM
9,9.104-6(a)(2),P_9_104_6_a_2,FAPIIS also identifies—,P_9_104_6_a_2: FAPIIS also identifies—,P_9_104_6_a_2,None,Atomic proposition (no transformation),VALIDATED,PASS,PASS,Declarative/definitional statement.,HIGH
9,9.104-6(i),P_9_104_6_i,"(i) An affiliate that is an immediate owner or subsidiary of the offeror, if any; and","P_9_104_6_i_a: An affiliate that is an immediate owner or subsidiary of the offeror, if any",P_9_104_6_i = P_9_104_6_i_ii,None,Conjunction (Conj): Rule 7,VALIDATED,PASS,PASS,Declarative/definitional statement. Conditional triggers detected: if.,HIGH
9,9.104-6(i)(ii),P_9_104_6_i_ii,(ii) All predecessors of the offeror that held a Federal contract or grant within the last three years. (b),P_9_104_6_i_ii: All predecessors of the offeror that held a Federal contract or grant within the last three years. (b),P_9_104_6_i_ii,None,Atomic proposition (no transformation),VALIDATED,PASS,PASS,Declarative/definitional statement.,HIGH
9,9.104-6(b),P_9_104_6_b,(b),P_9_104_6_b: Subsection (b),P_9_104_6_b = P_9_104_6_b_1 ∧ P_9_104_6_b_2 ∧ P_9_104_6_b_3 ∧ P_9_104_6_b_4 ∧ P_9_104_6_b_5,None,Conjunction (Conj): Rule 7,VALIDATED,PASS,PASS,Declarative/definitional statement.,HIGH
9,9.104-6(b)(1),P_9_104_6_b_1,"When making a responsibility determination, consider all the information available through FAPIIS regarding the offeror and any immediate owner, predecessor, or subsidiary identified for that offeror in FAPIIS, as well as other past performance information on the offeror (see part 42).","P_9_104_6_b_1: When making a responsibility determination, consider all the information available through FAPIIS regarding the offeror and any immediate owner, predecessor, or subsidiary identified for that offeror in FAPIIS, as well as other past performance information on the offeror (see part 42).",P_9_104_6_b_1_cond ⊃ P_9_104_6_b_1,None,Material Implication (Impl): Rule 15 [HIGH-RISK],PENDING_REVIEW,PASS,PASS,Declarative/definitional statement. Conditional triggers detected: when. Material implication used [HIGH-RISK Rule 15].,MEDIUM
9,9.104-6(b)(2),P_9_104_6_b_2,"For evaluation of information available through FAPIIS relating to an affiliate of the offeror, see 9.104-3(c).","P_9_104_6_b_2: For evaluation of information available through FAPIIS relating to an affiliate of the offeror, see 9.104-3(c).",P_9_104_6_b_2,P_9_104_3_c,Atomic proposition (no transformation),VALIDATED,PASS,PASS,Declarative/definitional statement.,HIGH
9,9.104-6(b)(3),P_9_104_6_b_3,"For source selection evaluations of past performance, see 15.305(a)(2). Use sound judgment in determining the weight and relevance of the information contained in FAPIIS and how it relates to the present acquisition.","P_9_104_6_b_3: For source selection evaluations of past performance, see 15.305(a)(2). Use sound judgment in determining the weight and relevance of the information contained in FAPIIS and how it relates to the present acquisition.",P_9_104_6_b_3,P_15_305(a)(2),Atomic proposition (no transformation),VALIDATED,PASS,PASS,Declarative/definitional statement. External references: 15.305(a)(2).,HIGH
9,9.104-6(b)(4),P_9_104_6_b_4,"Since FAPIIS may contain information on any of the offeror's previous contracts and information covering a 5-year period, some of that information might be irrelevant to a determination of present responsibility. For example, a prior administrative action such as debarment, suspension, voluntary exclusion, or administrative agreement, that has expired or otherwise been resolved, or information relating to contracts for completely different products or services, might be irrelevant.","P_9_104_6_b_4: Since FAPIIS may contain information on any of the offeror's previous contracts and information covering a 5-year period, some of that information might be irrelevant to a determination of present responsibility. For example, a prior administrative action such as debarment, suspension, voluntary exclusion, or administrative agreement, that has expired or otherwise been resolved, or information relating to contracts for completely different products or services, might be irrelevant.",P_9_104_6_b_4 ∨ ~P_9_104_6_b_4,None,Addition (Add): Rule 8; Negation (Neg): Rule 10,VALIDATED,PASS,PASS,Permissive authority (may) creates discretionary action. Tautological structure represents unrestricted discretion.,MEDIUM
9,9.104-6(b)(5),P_9_104_6_b_5,"Because FAPIIS is a database that provides information about prime contractors, the contracting officer posts information about a subcontractor, such as trafficking in persons violations, to the record of the prime contractor (see 42.1503(h)(1)(v)). The prime contractor may post in FAPIIS any mitigating factors. Consider any mitigating factors posted in FAPIIS by the prime contractor, such as degree of compliance by the prime contractor with the terms of FAR clause 52.222-50.","P_9_104_6_b_5: Because FAPIIS is a database that provides information about prime contractors, the contracting officer posts information about a subcontractor, such as trafficking in persons violations, to the record of the prime contractor (see 42.1503(h)(1)(v)). The prime contractor may post in FAPIIS any mitigating factors. Consider any mitigating factors posted in FAPIIS by the prime contractor, such as degree of compliance by the prime contractor with the terms of FAR clause 52.222-50.",P_9_104_6_b_5,None,Atomic proposition (no transformation),VALIDATED,PASS,PASS,Declarative/definitional statement.,HIGH
9,9.104-6(c),P_9_104_6_c,"(c) Upon obtaining relevant information from FAPIIS regarding criminal, civil, or administrative proceedings in connection with the award or performance of a Government contract; terminations for default or cause; determinations of nonresponsibility because the contractor does not have a satisfactory performance record or a satisfactory record of integrity and business ethics; or comparable information relating to a grant, unless the contractor has already been debarred, suspended, or has agreed to a voluntary exclusion—","P_9_104_6_c: Upon obtaining relevant information from FAPIIS regarding criminal, civil, or administrative proceedings in connection with the award or performance of a Government contract; terminations for default or cause; determinations of nonresponsibility because the contractor does not have a satisfactory performance record or a satisfactory record of integrity and business ethics; or comparable information relating to a grant, unless the contractor has already been debarred, suspended, or has agreed to a voluntary exclusion—",P_9_104_6_c = P_9_104_6_c_1 ∧ P_9_104_6_c_2,None,Conjunction (Conj): Rule 7,VALIDATED,PASS,PASS,"Prohibition (shall not/do not). Conditional triggers detected: unless, upon.",MEDIUM
9,9.104-6(c)(1),P_9_104_6_c_1,(1) Promptly request from the offeror additional information to demonstrate the offeror's responsibility (but see 9.405); and,P_9_104_6_c_1_a: Promptly request from the offeror additional information to demonstrate the offeror's responsibility (but see 9.405),P_9_104_6_c_1,P_9_405,Atomic proposition (no transformation),VALIDATED,PASS,PASS,Declarative/definitional statement.,HIGH
9,9.104-6(c)(2),P_9_104_6_c_2,"(2) Notify, prior to proceeding with award, in accordance with agency procedures (see 9.406-3(a) and 9.407-3(a)), the agency official responsible for initiating debarment or suspension action, if the information appears appropriate for the official's consideration.","P_9_104_6_c_2: Notify, prior to proceeding with award, in accordance with agency procedures (see 9.406-3(a) and 9.407-3(a)), the agency official responsible for initiating debarment or suspension action, if the information appears appropriate for the official's consideration.",P_9_104_6_c_2_cond ⊃ P_9_104_6_c_2,P_9_406_3_a; P_9_407_3_a,Material Implication (Impl): Rule 15 [HIGH-RISK],PENDING_REVIEW,PASS,PASS,Declarative/definitional statement. Conditional triggers detected: if. Material implication used [HIGH-RISK Rule 15].,MEDIUM
9,9.104-6(d),P_9_104_6_d,"(d) Document the contract file for each contract exceeding the simplified acquisition threshold to indicate how the information in FAPIIS was considered in any responsibility determination, as well as the action that was taken as a result of the information. Document nonresponsibility determinations in FAPIIS in accordance with 9.105-2 (b)(2).","P_9_104_6_d: Document the contract file for each contract exceeding the simplified acquisition threshold to indicate how the information in FAPIIS was considered in any responsibility determination, as well as the action that was taken as a result of the information. Document nonresponsibility determinations in FAPIIS in accordance with 9.105-2 (b)(2).",P_9_104_6_d,P_9_105_2,Atomic proposition (no transformation),VALIDATED,PASS,PASS,Declarative/definitional statement.,HIGH
9,9.104-7,P_9_104_7,9.104-7 Solicitation provisions and contract clauses.,P_9_104_7: 9.104-7 Solicitation provisions and contract clauses.,P_9_104_7 = P_9_104_7_a ∧ P_9_104_7_b ∧ P_9_104_7_c ∧ P_9_104_7_d ∧ P_9_104_7_e,None,Conjunction (Conj): Rule 7,VALIDATED,PASS,PASS,Declarative/definitional statement.,HIGH
9,9.104-7(a),P_9_104_7_a,"(a) Insert the provision at 52.209-5, Certification Regarding Responsibility Matters, in solicitations where the contract value is expected to exceed the simplified acquisition threshold.","P_9_104_7_a: Insert the provision at 52.209-5, Certification Regarding Responsibility Matters, in solicitations where the contract value is expected to exceed the simplified acquisition threshold.",P_9_104_7_a_cond ⊃ P_9_104_7_a,P_52_209_5,Material Implication (Impl): Rule 15 [HIGH-RISK],PENDING_REVIEW,PASS,PASS,Declarative/definitional statement. Conditional triggers detected: where. Material implication used [HIGH-RISK Rule 15]. External references: 52.209-5.,MEDIUM
9,9.104-7(b),P_9_104_7_b,"(b) Insert the provision at 52.209-7, Information Regarding Responsibility Matters, in solicitations where the resultant contract value is expected to exceed $750,000.","P_9_104_7_b: Insert the provision at 52.209-7, Information Regarding Responsibility Matters, in solicitations where the resultant contract value is expected to exceed $750,000.",P_9_104_7_b_cond ⊃ P_9_104_7_b,P_52_209_7,Material Implication (Impl): Rule 15 [HIGH-RISK],PENDING_REVIEW,PASS,PASS,Declarative/definitional statement. Conditional triggers detected: where. Material implication used [HIGH-RISK Rule 15]. External references: 52.209-7.,MEDIUM
9,9.104-7(c),P_9_104_7_c,"(c) Insert the clause at 52.209-9, Updates of Publicly Available Information Regarding Responsibility Matters—","P_9_104_7_c: Insert the clause at 52.209-9, Updates of Publicly Available Information Regarding Responsibility Matters—",P_9_104_7_c = P_9_104_7_c_1 ∧ P_9_104_7_c_2,P_52_209_9,Conjunction (Conj): Rule 7,VALIDATED,PASS,PASS,Declarative/definitional statement. External references: 52.209-9.,HIGH
9,9.104-7(c)(1),P_9_104_7_c_1,"(1) In solicitations where the resultant contract value is expected to exceed $750,000; and","P_9_104_7_c_1_a: In solicitations where the resultant contract value is expected to exceed $750,000",P_9_104_7_c_1_cond ⊃ P_9_104_7_c_1,None,Material Implication (Impl): Rule 15 [HIGH-RISK],PENDING_REVIEW,PASS,PASS,Declarative/definitional statement. Conditional triggers detected: where. Material implication used [HIGH-RISK Rule 15].,MEDIUM
9,9.104-7(c)(2),P_9_104_7_c_2,(2) In contracts in which the offeror checked “has” in paragraph (b) of the provision at 52.209-7.,P_9_104_7_c_2: In contracts in which the offeror checked “has” in paragraph (b) of the provision at 52.209-7.,P_9_104_7_c_2,P_52_209_7,Atomic proposition (no transformation),VALIDATED,PASS,PASS,Declarative/definitional statement. External references: 52.209-7.,HIGH
9,9.104-7(d),P_9_104_7_d,"(d) Insert the provision at 52.209-11, Representation by Corporations Regarding Delinquent Tax Liability or a Felony Conviction under any Federal Law, in all solicitations.","P_9_104_7_d: Insert the provision at 52.209-11, Representation by Corporations Regarding Delinquent Tax Liability or a Felony Conviction under any Federal Law, in all solicitations.",P_9_104_7_d,P_52_209_11,Atomic proposition (no transformation),VALIDATED,PASS,PASS,Declarative/definitional statement. External references: 52.209-11.,HIGH
9,9.104-7(e),P_9_104_7_e,"(e) For agencies receiving funds subject to section 523 of Division B of the Consolidated and Further Continuing Appropriations Act, 2015 (Pub. L. 113-235) and similar provisions in subsequent appropriations acts, insert the provision at 52.209-12, Certification Regarding Tax Matters, in solicitations where the resultant contract value (including options) might exceed $7 million.","P_9_104_7_e: For agencies receiving funds subject to section 523 of Division B of the Consolidated and Further Continuing Appropriations Act, 2015 (Pub. L. 113-235) and similar provisions in subsequent appropriations acts, insert the provision at 52.209-12, Certification Regarding Tax Matters, in solicitations where the resultant contract value (including options) might exceed $7 million.",P_9_104_7_e_cond ⊃ P_9_104_7_e,P_52_209_12,Material Implication (Impl): Rule 15 [HIGH-RISK],PENDING_REVIEW,PASS,PASS,"Declarative/definitional statement. Conditional triggers detected: where, subject_to. Material implication used [HIGH-RISK Rule 15]. External references: 52.209-12.",MEDIUM
9,9.105,P_9_105,9.105 Procedures.,P_9_105: ,P_9_105,None,Atomic proposition (no transformation),VALIDATED,PASS,PASS,Declarative/definitional statement.,HIGH
9,9.105-1,P_9_105_1,9.105-1 Obtaining information.,P_9_105_1: 9.105-1 Obtaining information.,P_9_105_1 = P_9_105_1_a ∧ P_9_105_1_b ∧ P_9_105_1_c ∧ P_9_105_1_d,None,Conjunction (Conj): Rule 7,VALIDATED,PASS,PASS,Declarative/definitional statement.,HIGH
9,9.105-1(a),P_9_105_1_a,"(a) Before determining responsibility, obtain information establishing that a prospective contractor currently meets the standards in 9.104. (b)","P_9_105_1_a: Before determining responsibility, obtain information establishing that a prospective contractor currently meets the standards in 9.104. (b)",P_9_105_1_a_cond ⊃ P_9_105_1_a,P_9_104,Material Implication (Impl): Rule 15 [HIGH-RISK],PENDING_REVIEW,PASS,PASS,Declarative/definitional statement. Conditional triggers detected: before. Material implication used [HIGH-RISK Rule 15].,MEDIUM
9,9.105-1(b),P_9_105_1_b,(b),P_9_105_1_b: Subsection (b),P_9_105_1_b = P_9_105_1_b_1 ∧ P_9_105_1_b_2 ∧ P_9_105_1_b_3,None,Conjunction (Conj): Rule 7,VALIDATED,PASS,PASS,Declarative/definitional statement.,HIGH
9,9.105-1(b)(1),P_9_105_1_b_1,"Generally, obtain information regarding responsibility promptly after a bid opening or receipt of offers.","P_9_105_1_b_1: Generally, obtain information regarding responsibility promptly after a bid opening or receipt of offers.",P_9_105_1_b_1,None,Atomic proposition (no transformation),VALIDATED,PASS,PASS,Declarative/definitional statement. Conditional triggers detected: after.,HIGH
9,9.105-1(b)(2),P_9_105_1_b_2,"For negotiated contracting, especially for research and development, consider obtaining information regarding responsibility before issuing the request for proposals. Limit such requests to information concerning the low bidder or those offerors in range for award.","P_9_105_1_b_2: For negotiated contracting, especially for research and development, consider obtaining information regarding responsibility before issuing the request for proposals. Limit such requests to information concerning the low bidder or those offerors in range for award.",P_9_105_1_b_2_cond ⊃ P_9_105_1_b_2,None,Material Implication (Impl): Rule 15 [HIGH-RISK],PENDING_REVIEW,PASS,PASS,Declarative/definitional statement. Conditional triggers detected: before. Material implication used [HIGH-RISK Rule 15].,MEDIUM
9,9.105-1(b)(3),P_9_105_1_b_3,"To the extent feasible, obtain or update information regarding financial resources and performance capability up to the date of award.","P_9_105_1_b_3: To the extent feasible, obtain or update information regarding financial resources and performance capability up to the date of award.",P_9_105_1_b_3,None,Atomic proposition (no transformation),VALIDATED,PASS,PASS,Declarative/definitional statement.,HIGH
9,9.105-1(c),P_9_105_1_c,"(c) When determining responsibility, consider information available through FAPIIS (see 9.104-6) regarding the offeror and any immediate owner, predecessor, or subsidiary identified for that offeror in FAPIIS. This includes information linked to FAPIIS such as from SAM, and CPARS, as well as any other relevant past performance information on the offeror (see 9.104-1(c) and part 42). In addition, consider using the following sources of information to support such determinations:","P_9_105_1_c: When determining responsibility, consider information available through FAPIIS (see 9.104-6) regarding the offeror and any immediate owner, predecessor, or subsidiary identified for that offeror in FAPIIS. This includes information linked to FAPIIS such as from SAM, and CPARS, as well as any other relevant past performance information on the offeror (see 9.104-1(c) and part 42). In addition, consider using the following sources of information to support such determinations:",P_9_105_1_c = P_9_105_1_c_1 ∧ P_9_105_1_c_2 ∧ P_9_105_1_c_3 ∧ P_9_105_1_c_4,P_42_EXT; P_9_104_1_c; P_9_104_6,Conjunction (Conj): Rule 7,VALIDATED,PASS,PASS,Declarative/definitional statement. Conditional triggers detected: when. External references: Part_42.,HIGH
9,9.105-1(c)(1),P_9_105_1_c_1,"(1) Records and experience data, including verifiable knowledge of personnel within the contracting office, audit offices, contract administration offices, and other contracting offices.","P_9_105_1_c_1: Records and experience data, including verifiable knowledge of personnel within the contracting office, audit offices, contract administration offices, and other contracting offices.",P_9_105_1_c_1,None,Atomic proposition (no transformation),VALIDATED,PASS,PASS,Declarative/definitional statement.,HIGH
9,9.105-1(c)(2),P_9_105_1_c_2,"(2) The prospective contractor, including bid or proposal information (including the certification at 52.209-5 or 52.212-3(h) (see 9.104-5)), questionnaire replies, financial data, information on production equipment, and personnel information.","P_9_105_1_c_2: The prospective contractor, including bid or proposal information (including the certification at 52.209-5 or 52.212-3(h) (see 9.104-5)), questionnaire replies, financial data, information on production equipment, and personnel information.",P_9_105_1_c_2,P_52_209_5; P_52_212_3; P_52_212_3(h); P_9_104_5,Atomic proposition (no transformation),VALIDATED,PASS,PASS,"Declarative/definitional statement. External references: 52.212-3(h), 52.212-3, 52.209-5.",HIGH
9,9.105-1(c)(3),P_9_105_1_c_3,(3) Commercial sources of supplier information of a type offered to buyers in the private sector.,P_9_105_1_c_3: Commercial sources of supplier information of a type offered to buyers in the private sector.,P_9_105_1_c_3,None,Atomic proposition (no transformation),VALIDATED,PASS,PASS,Declarative/definitional statement.,HIGH
9,9.105-1(c)(4),P_9_105_1_c_4,"(4) Other sources, such as publications; suppliers, subcontractors, and customers of the prospective contractor; financial institutions; Government agencies; and business and trade associations.","P_9_105_1_c_4_a: Other sources, such as publications; suppliers, subcontractors, and customers of the prospective contractor; financial institutions; Government agencies; P_9_105_1_c_4_b: business and trade associations.",P_9_105_1_c_4,None,Atomic proposition (no transformation),VALIDATED,PASS,PASS,Declarative/definitional statement.,HIGH
9,9.105-1(d),P_9_105_1_d,(d) Contracting offices and cognizant contract administration offices that become aware of circumstances casting doubt on a contractor's ability to perform contracts successfully must promptly exchange relevant information.,P_9_105_1_d: Contracting offices and cognizant contract administration offices that become aware of circumstances casting doubt on a contractor's ability to perform contracts successfully must promptly exchange relevant information.,P_9_105_1_d,None,Atomic proposition (no transformation),VALIDATED,PASS,PASS,Mandatory requirement (shall/must).,HIGH
9,9.105-2,P_9_105_2,9.105-2 Determinations and documentation.,P_9_105_2: 9.105-2 Determinations and documentation.,P_9_105_2 = P_9_105_2_a ∧ P_9_105_2_b ∧ P_9_105_2_i,None,Conjunction (Conj): Rule 7,VALIDATED,PASS,PASS,Declarative/definitional statement.,HIGH
9,9.105-2(a),P_9_105_2_a,(a) Determinations.,P_9_105_2_a: Determinations.,P_9_105_2_a = P_9_105_2_a_1 ∧ P_9_105_2_a_2,None,Conjunction (Conj): Rule 7,VALIDATED,PASS,PASS,Declarative/definitional statement.,HIGH
9,9.105-2(a)(1),P_9_105_2_a_1,"(1) The contracting officer's signing of a contract constitutes a determination that the prospective contractor is responsible with respect to that contract. Upon rejecting an offer that would otherwise generate an award because the prospective contractor is nonresponsible, sign a determination of nonresponsibility, stating the grounds for nonresponsibility.","P_9_105_2_a_1: The contracting officer's signing of a contract constitutes a determination that the prospective contractor is responsible with respect to that contract. Upon rejecting an offer that would otherwise generate an award because the prospective contractor is nonresponsible, sign a determination of nonresponsibility, stating the grounds for nonresponsibility.",P_9_105_2_a_1_cond ⊃ P_9_105_2_a_1,None,Material Implication (Impl): Rule 15 [HIGH-RISK],PENDING_REVIEW,PASS,PASS,Declarative/definitional statement. Conditional triggers detected: upon. Material implication used [HIGH-RISK Rule 15].,MEDIUM
9,9.105-2(a)(2),P_9_105_2_a_2,"(2) If the contracting officer determines that a responsive small business lacks certain elements of responsibility, comply with the procedures in part 19. If, in response, the Small Business Administration issues a Certificate of Competency for the small business concern (see part 19), award the contract to the concern.","P_9_105_2_a_2: If the contracting officer determines that a responsive small business lacks certain elements of responsibility, comply with the procedures in part 19. If, in response, the Small Business Administration issues a Certificate of Competency for the small business concern (see part 19), award the contract to the concern.",P_9_105_2_a_2_cond ⊃ P_9_105_2_a_2,P_19_EXT,Material Implication (Impl): Rule 15 [HIGH-RISK],PENDING_REVIEW,PASS,PASS,Declarative/definitional statement. Conditional triggers detected: if. Material implication used [HIGH-RISK Rule 15]. External references: Part_19.,MEDIUM
9,9.105-2(b),P_9_105_2_b,(b) Support documentation.,P_9_105_2_b: Support documentation.,P_9_105_2_b = P_9_105_2_b_1 ∧ P_9_105_2_b_2,None,Conjunction (Conj): Rule 7,VALIDATED,PASS,PASS,Declarative/definitional statement.,HIGH
9,9.105-2(b)(1),P_9_105_2_b_1,"(1) Include in the contract file documents and reports supporting a determination of responsibility or nonresponsibility, including the use of FAPIIS information (see 9.104-6) and any applicable Certificate of Competency. (2)","P_9_105_2_b_1: Include in the contract file documents and reports supporting a determination of responsibility or nonresponsibility, including the use of FAPIIS information (see 9.104-6) and any applicable Certificate of Competency. (2)",P_9_105_2_b_1,P_9_104_6,Atomic proposition (no transformation),VALIDATED,PASS,PASS,Declarative/definitional statement.,HIGH
9,9.105-2(b)(2),P_9_105_2_b_2,(2),P_9_105_2_b_2: Subsection (2),P_9_105_2_b_2,None,Atomic proposition (no transformation),VALIDATED,PASS,PASS,Declarative/definitional statement.,HIGH
9,9.105-2(i),P_9_105_2_i,(i) Document the determination of nonresponsibility in FAPIIS (available at https://www.cpars.gov[]) if—,P_9_105_2_i: Document the determination of nonresponsibility in FAPIIS (available at https://www.cpars.gov[]) if—,P_9_105_2_i = P_9_105_2_i_A ∧ P_9_105_2_i_B ∧ P_9_105_2_i_C ∧ P_9_105_2_i_ii ∧ P_9_105_2_i_iii ∧ P_9_105_2_i_iv,None,Conjunction (Conj): Rule 7,VALIDATED,PASS,PASS,Declarative/definitional statement. Conditional triggers detected: if.,HIGH
9,9.105-2(i)(A),P_9_105_2_i_A,(A) The contract is valued at more than the simplified acquisition threshold;,P_9_105_2_i_A: The contract is valued at more than the simplified acquisition threshold;,P_9_105_2_i_A,None,Atomic proposition (no transformation),VALIDATED,PASS,PASS,Declarative/definitional statement.,HIGH
9,9.105-2(i)(B),P_9_105_2_i_B,(B) The determination of nonresponsibility is based on lack of satisfactory performance record or satisfactory record of integrity and business ethics; and,P_9_105_2_i_B: (B) The determination of nonresponsibility is based on lack of satisfactory performance record or satisfactory record of integrity and business ethics; and,P_9_105_2_i_B,None,Atomic proposition (no transformation),VALIDATED,PASS,PASS,Declarative/definitional statement.,HIGH
9,9.105-2(i)(C),P_9_105_2_i_C,(C) The Small Business Administration does not issue a Certificate of Competency.,P_9_105_2_i_C: The Small Business Administration does not issue a Certificate of Competency.,~P_9_105_2_i_C,None,Negation (Neg): Rule 10,VALIDATED,PASS,PASS,Prohibition (shall not/do not).,HIGH
9,9.105-2(i)(ii),P_9_105_2_i_ii,(ii) Submit documentation regarding the nonresponsibility determination within three working days of making the determination.,P_9_105_2_i_ii: Submit documentation regarding the nonresponsibility determination within three working days of making the determination.,P_9_105_2_i_ii,None,Atomic proposition (no transformation),VALIDATED,PASS,PASS,Declarative/definitional statement.,HIGH
9,9.105-2(i)(iii),P_9_105_2_i_iii,"(iii) All information posted in FAPIIS on or after April 15, 2011, except past performance reviews, will be publicly available (see section 3010 of Pub. L. 111-212). FAPIIS consists of two segments—","P_9_105_2_i_iii: All information posted in FAPIIS on or after April 15, 2011, except past performance reviews, will be publicly available (see section 3010 of Pub. L. 111-212). FAPIIS consists of two segments—",P_9_105_2_i_iii = P_9_105_2_i_iii_A ∧ P_9_105_2_i_iii_B,None,Conjunction (Conj): Rule 7,VALIDATED,PASS,PASS,Declarative/definitional statement. Conditional triggers detected: after.,HIGH
9,9.105-2(i)(iii)(A),P_9_105_2_i_iii_A,"(A) The non-public segment, into which Government officials and contractors post information, which can only be viewed by—","P_9_105_2_i_iii_A: The non-public segment, into which Government officials and contractors post information, which can only be viewed by—",P_9_105_2_i_iii_A = P_9_105_2_i_iii_A_1 ∧ P_9_105_2_i_iii_A_2,None,Conjunction (Conj): Rule 7,VALIDATED,PASS,PASS,Declarative/definitional statement.,HIGH
9,9.105-2(i)(iii)(A)(1),P_9_105_2_i_iii_A_1,(1) Government personnel and authorized users performing business on behalf of the Government; or,P_9_105_2_i_iii_A_1_a: Government personnel and authorized users performing business on behalf of the Government,P_9_105_2_i_iii_A_1,None,Atomic proposition (no transformation),VALIDATED,PASS,PASS,Declarative/definitional statement.,HIGH
9,9.105-2(i)(iii)(A)(2),P_9_105_2_i_iii_A_2,"(2) An offeror or contractor, when viewing data on itself; and","P_9_105_2_i_iii_A_2_a: An offeror or contractor, when viewing data on itself",P_9_105_2_i_iii_A_2_cond ⊃ P_9_105_2_i_iii_A_2,None,Material Implication (Impl): Rule 15 [HIGH-RISK],PENDING_REVIEW,PASS,PASS,Declarative/definitional statement. Conditional triggers detected: when. Material implication used [HIGH-RISK Rule 15].,MEDIUM
9,9.105-2(i)(iii)(B),P_9_105_2_i_iii_B,"(B) The publicly-available segment, to which all data in the non-public segment of FAPIIS is automatically transferred after a waiting period of 14 calendar days, except for—","P_9_105_2_i_iii_B: The publicly-available segment, to which all data in the non-public segment of FAPIIS is automatically transferred after a waiting period of 14 calendar days, except for—",P_9_105_2_i_iii_B = P_9_105_2_i_iii_B_1 ∧ P_9_105_2_i_iii_B_2 ∧ P_9_105_2_i_iii_B_3,None,Conjunction (Conj): Rule 7,VALIDATED,PASS,PASS,Declarative/definitional statement. Conditional triggers detected: after.,HIGH
9,9.105-2(i)(iii)(B)(1),P_9_105_2_i_iii_B_1,(1) Past performance reviews required by part 42;,P_9_105_2_i_iii_B_1: Past performance reviews required by part 42;,P_9_105_2_i_iii_B_1,P_42_EXT,Atomic proposition (no transformation),VALIDATED,PASS,PASS,Declarative/definitional statement. External references: Part_42.,HIGH
9,9.105-2(i)(iii)(B)(2),P_9_105_2_i_iii_B_2,"(2) Information that was entered prior to April 15, 2011; or","P_9_105_2_i_iii_B_2_a: Information that was entered prior to April 15, 2011",P_9_105_2_i_iii_B_2,None,Atomic proposition (no transformation),VALIDATED,PASS,PASS,Declarative/definitional statement.,HIGH
9,9.105-2(i)(iii)(B)(3),P_9_105_2_i_iii_B_3,(3) Information that is withdrawn during the 14-calendar-day waiting period by the Government official who posted it in accordance with paragraph (b)(2)(iv) of this section.,P_9_105_2_i_iii_B_3: Information that is withdrawn during the 14-calendar-day waiting period by the Government official who posted it in accordance with paragraph (b)(2)(iv) of this section.,P_9_105_2_i_iii_B_3,None,Atomic proposition (no transformation),VALIDATED,PASS,PASS,Declarative/definitional statement.,HIGH
9,9.105-2(i)(iv),P_9_105_2_i_iv,"(iv) Do not post any information in the non-public segment of FAPIIS covered by a disclosure exemption under the Freedom of Information Act. If the contractor asserts within 7 calendar days, to the Government official who posted the information, that some of the information posted to the non-public segment of FAPIIS is covered by a disclosure exemption under the Freedom of Information Act, the Government official who posted the information must, within 7 calendar days, remove the posting from FAPIIS. Resolve the issue in accordance with agency Freedom of Information Act procedures prior to reposting the releasable information.","P_9_105_2_i_iv: Do not post any information in the non-public segment of FAPIIS covered by a disclosure exemption under the Freedom of Information Act. If the contractor asserts within 7 calendar days, to the Government official who posted the information, that some of the information posted to the non-public segment of FAPIIS is covered by a disclosure exemption under the Freedom of Information Act, the Government official who posted the information must, within 7 calendar days, remove the posting from FAPIIS. Resolve the issue in accordance with agency Freedom of Information Act procedures prior to reposting the releasable information.",P_9_105_2_i_iv_cond ⊃ P_9_105_2_i_iv,None,Material Implication (Impl): Rule 15 [HIGH-RISK],PENDING_REVIEW,PASS,PASS,Mandatory requirement (shall/must). Conditional triggers detected: if. Material implication used [HIGH-RISK Rule 15].,MEDIUM
9,9.105-3,P_9_105_3,"9.105-3 Disclosure of preaward information. Except as provided in part 24 concerning the Freedom of Information Act, do not release or disclose outside the Government information gathered for purposes of determining the responsibility of a prospective contractor. 9.106 [Reserved] 9.107 [Reserved]","P_9_105_3: Except as provided in part 24 concerning the Freedom of Information Act, do not release or disclose outside the Government information gathered for purposes of determining the responsibility of a prospective contractor. 9.106 [Reserved] 9.107 [Reserved]",P_9_105_3_cond ⊃ ~P_9_105_3,P_24_EXT; P_9_106; P_9_107,Material Implication (Impl): Rule 15 [HIGH-RISK]; Negation (Neg): Rule 10,PENDING_REVIEW,PASS,PASS,Prohibition (shall not/do not). Conditional triggers detected: except_as. External references: Part_24.,MEDIUM
9,9.108,P_9_108,9.108 Prohibition on contracting with inverted domestic corporations.,P_9_108: 9.108 Prohibition on contracting with inverted domestic corporations.,P_9_108,None,Atomic proposition (no transformation),VALIDATED,PASS,PASS,Declarative/definitional statement.,HIGH
9,9.108-1,P_9_108_1,"9.108-1 Definitions. As used in this section- Inverted domestic corporation means a foreign incorporated entity that meets the definition of an inverted domestic corporation under 6 U.S.C. 395(b), applied in accordance with the rules and definitions of 6 U.S.C. 395(c). Subsidiary means an entity in which more than 50 percent of the entity is owned—","P_9_108_1: As used in this section- Inverted domestic corporation means a foreign incorporated entity that meets the definition of an inverted domestic corporation under 6 U.S.C. 395(b), applied in accordance with the rules and definitions of 6 U.S.C. 395(c). Subsidiary means an entity in which more than 50 percent of the entity is owned—",P_9_108_1 = P_9_108_1_1 ∧ P_9_108_1_2,None,Conjunction (Conj): Rule 7,VALIDATED,PASS,PASS,Declarative/definitional statement.,HIGH
9,9.108-1(1),P_9_108_1_1,(1) Directly by a parent corporation; or,P_9_108_1_1_a: Directly by a parent corporation,P_9_108_1_1,None,Atomic proposition (no transformation),VALIDATED,PASS,PASS,Declarative/definitional statement.,HIGH
9,9.108-1(2),P_9_108_1_2,(2) Through another subsidiary of a parent corporation.,P_9_108_1_2: Through another subsidiary of a parent corporation.,P_9_108_1_2,None,Atomic proposition (no transformation),VALIDATED,PASS,PASS,Declarative/definitional statement.,HIGH
9,9.108-2,P_9_108_2,"9.108-2 Authority. Section 9.108 implements section 745 of Division D of the Consolidated Appropriations Act, 2008 (Pub. L. 110-161) and its successor provisions in subsequent appropriations acts (and as extended in continuing resolutions).","P_9_108_2: Section 9.108 implements section 745 of Division D of the Consolidated Appropriations Act, 2008 (Pub. L. 110-161) and its successor provisions in subsequent appropriations acts (and as extended in continuing resolutions).",P_9_108_2,P_9_108,Atomic proposition (no transformation),VALIDATED,PASS,PASS,Declarative/definitional statement.,HIGH
9,9.108-3,P_9_108_3,9.108-3 Prohibition.,P_9_108_3: ,P_9_108_3 = P_9_108_3_a ∧ P_9_108_3_b ∧ P_9_108_3_c,None,Conjunction (Conj): Rule 7,VALIDATED,PASS,PASS,Declarative/definitional statement.,HIGH
9,9.108-3(a),P_9_108_3_a,"(a) Do not use appropriated funds, or funds otherwise made available, for contracts with either an inverted domestic corporation, or a subsidiary of such a corporation, except as provided in paragraph (b) of this section and in 9.108-5, Waiver.","P_9_108_3_a: Do not use appropriated funds, or funds otherwise made available, for contracts with either an inverted domestic corporation, or a subsidiary of such a corporation, except as provided in paragraph (b)",P_9_108_3_a_cond ⊃ ~P_9_108_3_a,P_9_108_5,Material Implication (Impl): Rule 15 [HIGH-RISK]; Negation (Neg): Rule 10,PENDING_REVIEW,PASS,PASS,Prohibition (shall not/do not). Conditional triggers detected: except_as.,MEDIUM
9,9.108-3(b),P_9_108_3_b,"(b) This prohibition does not apply to any contract entered into before December 26, 2007, or to any task order issued pursuant to such a contract.","P_9_108_3_b: This prohibition does not apply to any contract entered into before December 26, 2007, or to any task order issued pursuant to such a contract.",~P_9_108_3_b,None,Negation (Neg): Rule 10,VALIDATED,PASS,PASS,Prohibition (shall not/do not). Conditional triggers detected: before.,HIGH
9,9.108-3(c),P_9_108_3_c,"(c) Consult with legal counsel if, during the performance of a contract, a contractor becomes an inverted domestic corporation or a subsidiary of one.","P_9_108_3_c: Consult with legal counsel if, during the performance of a contract, a contractor becomes an inverted domestic corporation or a subsidiary of one.",P_9_108_3_c_cond ⊃ P_9_108_3_c,None,Material Implication (Impl): Rule 15 [HIGH-RISK],PENDING_REVIEW,PASS,PASS,Declarative/definitional statement. Conditional triggers detected: if. Material implication used [HIGH-RISK Rule 15].,MEDIUM
9,9.108-4,P_9_108_4,9.108-4 Representation by the offeror.,P_9_108_4: 9.108-4 Representation by the offeror.,P_9_108_4 = P_9_108_4_a ∧ P_9_108_4_b,None,Conjunction (Conj): Rule 7,VALIDATED,PASS,PASS,Declarative/definitional statement.,HIGH
9,9.108-4(a),P_9_108_4_a,"(a) To be eligible for contract award, an offeror must represent that it is neither an inverted domestic corporation, nor a subsidiary of an inverted domestic corporation. Any offeror that cannot so represent is ineligible for award of a contract, unless waived in accordance with the procedures at 9.108-5.","P_9_108_4_a: To be eligible for contract award, an offeror must represent that it is neither an inverted domestic corporation, nor a subsidiary of an inverted domestic corporation. Any offeror that cannot so represent is ineligible for award of a contract, unless waived in accordance with the procedures at 9.108-5.",~P_9_108_4_a_except ⊃ P_9_108_4_a,P_9_108_5,Material Implication (Impl): Rule 15 [HIGH-RISK]; Negation (Neg): Rule 10,PENDING_REVIEW,PASS,PASS,Mandatory requirement (shall/must). Conditional triggers detected: unless. Material implication used [HIGH-RISK Rule 15].,MEDIUM
9,9.108-4(b),P_9_108_4_b,(b) The contracting officer may rely on an offeror's representation that it is not an inverted domestic corporation unless reason exists to question the representation.,P_9_108_4_b: The contracting officer may rely on an offeror's representation that it is not an inverted domestic corporation unless reason exists to question the representation.,P_9_108_4_b_cond ⊃ (P_9_108_4_b ∨ ~P_9_108_4_b),None,Addition (Add): Rule 8; Material Implication (Impl): Rule 15 [HIGH-RISK]; Negation (Neg): Rule 10,PENDING_REVIEW,PASS,PASS,Permissive authority (may) creates discretionary action. Conditional triggers detected: unless. Material implication used [HIGH-RISK Rule 15]. Tautological structure represents unrestricted discretion.,MEDIUM
9,9.108-5,P_9_108_5,9.108-5 Waiver. An agency head may waive the prohibition in subsection 9.108-3 and the requirement of subsection 9.108-4 for a specific contract if the agency head determines in writing that the waiver is required in the interest of national security and reports the waiver issuance to Congress.,P_9_108_5: An agency head may waive the prohibition in subsection 9.108-3 and the requirement of subsection 9.108-4 for a specific contract if the agency head determines in writing that the waiver is required in the interest of national security and reports the waiver issuance to Congress.,P_9_108_5_cond ⊃ (P_9_108_5 ∨ ~P_9_108_5),P_9_108_3; P_9_108_4,Addition (Add): Rule 8; Material Implication (Impl): Rule 15 [HIGH-RISK]; Negation (Neg): Rule 10,PENDING_REVIEW,PASS,PASS,Permissive authority (may) creates discretionary action. Conditional triggers detected: if. Material implication used [HIGH-RISK Rule 15]. Tautological structure represents unrestricted discretion.,MEDIUM
9,9.108-6,P_9_108_6,9.108-6 Solicitation provision and contract clause.,P_9_108_6: 9.108-6 Solicitation provision and contract clause.,P_9_108_6 = P_9_108_6_a ∧ P_9_108_6_b,None,Conjunction (Conj): Rule 7,VALIDATED,PASS,PASS,Declarative/definitional statement.,HIGH
9,9.108-6(a),P_9_108_6_a,"(a) Include the provision at 52.209-2, Prohibition on Contracting with Inverted Domestic Corporations—Representation, in each solicitation for the acquisition of products or services (including construction).","P_9_108_6_a: Include the provision at 52.209-2, Prohibition on Contracting with Inverted Domestic Corporations—Representation, in each solicitation for the acquisition of products or services (including construction).",P_9_108_6_a,P_52_209_2,Atomic proposition (no transformation),VALIDATED,PASS,PASS,Declarative/definitional statement. External references: 52.209-2.,HIGH
9,9.108-6(b),P_9_108_6_b,"(b) Include the clause at 52.209-10, Prohibition on Contracting with Inverted Domestic Corporations, in each solicitation and contract for the acquisition of products or services (including construction).","P_9_108_6_b: Include the clause at 52.209-10, Prohibition on Contracting with Inverted Domestic Corporations, in each solicitation and contract for the acquisition of products or services (including construction).",P_9_108_6_b,P_52_209_10,Atomic proposition (no transformation),VALIDATED,PASS,PASS,Declarative/definitional statement. External references: 52.209-10.,HIGH
9,9.109,P_9_109,9.109 Prohibition on contracting with an entity involved in activities that violate arms control treaties or agreements with the United States.,P_9_109: 9.109 Prohibition on contracting with an entity involved in activities that violate arms control treaties or agreements with the United States.,P_9_109,None,Atomic proposition (no transformation),VALIDATED,PASS,PASS,Declarative/definitional statement.,HIGH
9,9.109-1,P_9_109_1,9.109-1 Authority. This section implements 22 U.S.C. 2593e[].,P_9_109_1: This section implements 22 U.S.C. 2593e[].,P_9_109_1,None,Atomic proposition (no transformation),VALIDATED,PASS,PASS,Declarative/definitional statement.,HIGH
9,9.109-2,P_9_109_2,"9.109-2 Prohibition. Do not award, renew, or extend a contract with an entity identified as excluded in the System for Award Management, specifically for this subpart, based on involvement in activities that violate arms control treaties or agreements with the United States.","P_9_109_2: Do not award, renew, or extend a contract with an entity identified as excluded in the System for Award Management, specifically for this subpart, based on involvement in activities that violate arms control treaties or agreements with the United States.",~P_9_109_2,None,Negation (Neg): Rule 10,VALIDATED,PASS,PASS,Prohibition (shall not/do not).,HIGH
9,9.109-3,P_9_109_3,"9.109-3 Exception. The prohibition in 9.109-2 does not apply to contracts for the procurement of products or services along a major route of supply to a zone of active combat or major contingency operation, as specified in statute or by the cognizant Combatant Commander, in consultation with the Chief of Mission. As of May 10, 2018, countries along the major route of supply to support operations in Afghanistan are Afghanistan, Georgia, the Kyrgyz Republic, Pakistan, the Republic of Armenia, the Republic of Azerbaijan, the Republic of Kazakhstan, the Republic of Tajikistan, the Republic of Uzbekistan, and Turkmenistan.","P_9_109_3: The prohibition in 9.109-2 does not apply to contracts for the procurement of products or services along a major route of supply to a zone of active combat or major contingency operation, as specified in statute or by the cognizant Combatant Commander, in consultation with the Chief of Mission. As of May 10, 2018, countries along the major route of supply to support operations in Afghanistan are Afghanistan, Georgia, the Kyrgyz Republic, Pakistan, the Republic of Armenia, the Republic of Azerbaijan, the Republic of Kazakhstan, the Republic of Tajikistan, the Republic of Uzbekistan, and Turkmenistan.",(P_9_109_3_a ∧ P_9_109_3_b) ∨ ~(P_9_109_3_a ∧ P_9_109_3_b),P_9_109_2,Conjunction (Conj): Rule 7; Addition (Add): Rule 8; Negation (Neg): Rule 10,VALIDATED,PASS,PASS,Permissive authority (may) creates discretionary action. Tautological structure represents unrestricted discretion.,MEDIUM
9,9.109-4,P_9_109_4,9.109-4 Certification by the offeror.,P_9_109_4: 9.109-4 Certification by the offeror.,P_9_109_4 = P_9_109_4_a ∧ P_9_109_4_i ∧ P_9_109_4_i ∧ P_9_109_4_b ∧ P_9_109_4_c ∧ P_9_109_4_d ∧ P_9_109_4_e,None,Conjunction (Conj): Rule 7,VALIDATED,PASS,PASS,Declarative/definitional statement.,HIGH
9,9.109-4(a),P_9_109_4_a,"(a) To be eligible for contract award, an offeror must—","P_9_109_4_a: To be eligible for contract award, an offeror must—",P_9_109_4_a = P_9_109_4_a_1,None,Conjunction (Conj): Rule 7,VALIDATED,PASS,PASS,Mandatory requirement (shall/must).,HIGH
9,9.109-4(a)(1),P_9_109_4_a_1,(1) Certify that it does not engage and has not engaged in any activity that contributed to or was a significant factor in the President's or Secretary of State's determination that a foreign country is—,P_9_109_4_a_1: Certify that it does not engage and has not engaged in any activity that contributed to or was a significant factor in the President's or Secretary of State's determination that a foreign country is—,~P_9_109_4_a_1,None,Negation (Neg): Rule 10,VALIDATED,PASS,PASS,Prohibition (shall not/do not).,HIGH
9,9.109-4(i),P_9_109_4_i,(i) Waived application under 22 U.S.C. 2593e[](d) or (e); or,P_9_109_4_i_a: Waived application under 22 U.S.C. 2593e[](d) or (e),P_9_109_4_i = P_9_109_4_i_ii ∧ P_9_109_4_i_2 ∧ P_9_109_4_i_3 ∧ P_9_109_4_i_ii ∧ P_9_109_4_i_ii ∧ P_9_109_4_i_2 ∧ P_9_109_4_i_3 ∧ P_9_109_4_i_ii,None,Conjunction (Conj): Rule 7,VALIDATED,PASS,PASS,Declarative/definitional statement.,HIGH
9,9.109-4(i)(ii),P_9_109_4_i_ii,(ii) Determined under 22 U.S.C. 2593e[](g)(2) that the entity has ceased all activities for which measures were imposed under 22 U.S.C. 2593e[](b).,P_9_109_4_i_ii: Determined under 22 U.S.C. 2593e[](g)(2) that the entity has ceased all activities for which measures were imposed under 22 U.S.C. 2593e[](b).,P_9_109_4_i_ii,None,Atomic proposition (no transformation),VALIDATED,PASS,PASS,Declarative/definitional statement.,HIGH
9,9.109-4(i)(2),P_9_109_4_i_2,(2) Similarly certify regarding any entity owned or controlled by the offeror; or,P_9_109_4_i_2_a: Similarly certify regarding any entity owned or controlled by the offeror,P_9_109_4_i_2,None,Atomic proposition (no transformation),VALIDATED,PASS,PASS,Declarative/definitional statement.,HIGH
9,9.109-4(i)(3),P_9_109_4_i_3,(3) Provide with its offer information that the President of the United States has—,P_9_109_4_i_3: Provide with its offer information that the President of the United States has—,P_9_109_4_i_3,None,Atomic proposition (no transformation),VALIDATED,PASS,PASS,Declarative/definitional statement.,HIGH
9,9.109-4(i),P_9_109_4_i_v2,(i) Waived application under 22 U.S.C. 2593e[](d) or (e); or,P_9_109_4_i_a: Waived application under 22 U.S.C. 2593e[](d) or (e),P_9_109_4_i = P_9_109_4_i_ii ∧ P_9_109_4_i_2 ∧ P_9_109_4_i_3 ∧ P_9_109_4_i_ii ∧ P_9_109_4_i_ii ∧ P_9_109_4_i_2 ∧ P_9_109_4_i_3 ∧ P_9_109_4_i_ii,None,Conjunction (Conj): Rule 7,VALIDATED,PASS,PASS,Declarative/definitional statement.,HIGH
9,9.109-4(i)(ii),P_9_109_4_i_ii_v2,(ii) Determined under 22 U.S.C. 2593e[](g)(2) that the entity has ceased all activities for which measures were imposed under 22 U.S.C. 2593e[](b).,P_9_109_4_i_ii: Determined under 22 U.S.C. 2593e[](g)(2) that the entity has ceased all activities for which measures were imposed under 22 U.S.C. 2593e[](b).,P_9_109_4_i_ii,None,Atomic proposition (no transformation),VALIDATED,PASS,PASS,Declarative/definitional statement.,HIGH
9,9.109-4(b),P_9_109_4_b,"(b) If certifying in accordance with 52.209-13(b)(1), the Offeror is required to submit the certification with the offer. It is not included in the annual representations and certifications in the System for Award Management.","P_9_109_4_b: If certifying in accordance with 52.209-13(b)(1), the Offeror is required to submit the certification with the offer. It is not included in the annual representations and certifications in the System for Award Management.",P_9_109_4_b_cond ⊃ P_9_109_4_b,P_52_209_13; P_52_209_13(b)(1),Material Implication (Impl): Rule 15 [HIGH-RISK],PENDING_REVIEW,PASS,PASS,"Declarative/definitional statement. Conditional triggers detected: if. Material implication used [HIGH-RISK Rule 15]. External references: 52.209-13, 52.209-13(b)(1).",MEDIUM
9,9.109-4(c),P_9_109_4_c,(c) The contracting officer may rely on an offeror's certification unless reason exists to question the certification.,P_9_109_4_c: The contracting officer may rely on an offeror's certification unless reason exists to question the certification.,P_9_109_4_c_cond ⊃ (P_9_109_4_c ∨ ~P_9_109_4_c),None,Addition (Add): Rule 8; Material Implication (Impl): Rule 15 [HIGH-RISK]; Negation (Neg): Rule 10,PENDING_REVIEW,PASS,PASS,Permissive authority (may) creates discretionary action. Conditional triggers detected: unless. Material implication used [HIGH-RISK Rule 15]. Tautological structure represents unrestricted discretion.,MEDIUM
9,9.109-4(d),P_9_109_4_d,"(d) Upon the determination of a false certification under 52.209-13, an offeror will be subject to such remedies as suspension or debarment under subpart 9.4, or termination of any contract resulting from the false certification. Debarments pursued as a remedy under subpart 9.4 are for a period of not less than 2 years, inclusive of any suspension period, if suspension precedes a debarment (see 9.406-4(a)(1)(iii) and (a)(2)).","P_9_109_4_d: Upon the determination of a false certification under 52.209-13, an offeror will be subject to such remedies as suspension or debarment under subpart 9.4, or termination of any contract resulting from the false certification. Debarments pursued as a remedy under subpart 9.4 are for a period of not less than 2 years, inclusive of any suspension period, if suspension precedes a debarment (see 9.406-4(a)(1)(iii) and (a)(2)).",P_9_109_4_d_cond ⊃ P_9_109_4_d,P_52_209_13; P_9_406_4_a_1; P_9_EXT,Material Implication (Impl): Rule 15 [HIGH-RISK],PENDING_REVIEW,PASS,PASS,"Declarative/definitional statement. Conditional triggers detected: if, subject_to, upon. Material implication used [HIGH-RISK Rule 15]. External references: 52.209-13, Part_9.",MEDIUM
9,9.109-4(e),P_9_109_4_e,(e) The determinations referenced in 9.109-4(a)(1) are described in the most recent unclassified annual report provided to Congress pursuant to section 403 of the Arms Control and Disarmament Act (22 U.S.C. 2593a). The report is available at https://www.state.gov/bureaus-offices/under-secretary-for-arms-control-…[];,P_9_109_4_e: The determinations referenced in 9.109-4(a)(1) are described in the most recent unclassified annual report provided to Congress pursuant to section 403 of the Arms Control and Disarmament Act (22 U.S.,P_9_109_4_e,P_9_109_4_a_1,Atomic proposition (no transformation),VALIDATED,PASS,PASS,Declarative/definitional statement.,HIGH
9,9.109-5,P_9_109_5,"9.109-5 Solicitation provision. Unless the exception at 9.109-3 applies, include the provision at 52.209-13, Violation of Arms Control Treaties or Agreements—Certification, in each solicitation for the acquisition of products or services (including construction) that exceeds the simplified acquisition threshold, other than solicitations for the acquisition of commercial products or commercial services.","P_9_109_5: Unless the exception at 9.109-3 applies, include the provision at 52.209-13, Violation of Arms Control Treaties or Agreements—Certification, in each solicitation for the acquisition of products or services (including construction) that exceeds the simplified acquisition threshold, other than solicitations for the acquisition of commercial products or commercial services.",~P_9_109_5_except ⊃ P_9_109_5,P_52_209_13; P_9_109_3,Material Implication (Impl): Rule 15 [HIGH-RISK]; Negation (Neg): Rule 10,PENDING_REVIEW,PASS,PASS,Declarative/definitional statement. Conditional triggers detected: unless. Material implication used [HIGH-RISK Rule 15]. External references: 52.209-13.,MEDIUM
9,9.110,P_9_110,9.110 Reserve Officer Training Corps and military recruiting on campus.,P_9_110: 9.110 Reserve Officer Training Corps and military recruiting on campus.,P_9_110,None,Atomic proposition (no transformation),VALIDATED,PASS,PASS,Declarative/definitional statement.,HIGH
9,9.110-1,P_9_110_1,9.110-1 Definitions. As used in this section— Covered agency means–,P_9_110_1: As used in this section— Covered agency means–,P_9_110_1 = P_9_110_1_1 ∧ P_9_110_1_2 ∧ P_9_110_1_3 ∧ P_9_110_1_4 ∧ P_9_110_1_5 ∧ P_9_110_1_6,None,Conjunction (Conj): Rule 7,VALIDATED,PASS,PASS,Declarative/definitional statement.,HIGH
9,9.110-1(1),P_9_110_1_1,(1) The Department of Defense;,P_9_110_1_1: The Department of Defense;,P_9_110_1_1,None,Atomic proposition (no transformation),VALIDATED,PASS,PASS,Declarative/definitional statement.,HIGH
9,9.110-1(2),P_9_110_1_2,"(2) Any department or agency for which regular appropriations are made in a Department of Labor, Health and Human Services, and Education, and Related Agencies Appropriations Act;","P_9_110_1_2_a: Any department or agency for which regular appropriations are made in a Department of Labor, Health and Human Services; P_9_110_1_2_b: Education; P_9_110_1_2_c: Related Agencies Appropriations Act",P_9_110_1_2,None,Atomic proposition (no transformation),VALIDATED,PASS,PASS,Declarative/definitional statement.,HIGH
9,9.110-1(3),P_9_110_1_3,(3) The Department of Homeland Security;,P_9_110_1_3: The Department of Homeland Security;,P_9_110_1_3,None,Atomic proposition (no transformation),VALIDATED,PASS,PASS,Declarative/definitional statement.,HIGH
9,9.110-1(4),P_9_110_1_4,(4) The National Nuclear Security Administration of the Department of Energy;,P_9_110_1_4: The National Nuclear Security Administration of the Department of Energy;,P_9_110_1_4,None,Atomic proposition (no transformation),VALIDATED,PASS,PASS,Declarative/definitional statement.,HIGH
9,9.110-1(5),P_9_110_1_5,(5) The Department of Transportation; or,P_9_110_1_5_a: The Department of Transportation,P_9_110_1_5,None,Atomic proposition (no transformation),VALIDATED,PASS,PASS,Declarative/definitional statement.,HIGH
9,9.110-1(6),P_9_110_1_6,(6) The Central Intelligence Agency. Institution of higher education means an institution that meets the requirements of 20 U.S.C. 1001[] and includes all sub-elements of such an institution.,P_9_110_1_6: The Central Intelligence Agency. Institution of higher education means an institution that meets the requirements of 20 U.S.C. 1001[] and includes all sub-elements of such an institution.,P_9_110_1_6,None,Atomic proposition (no transformation),VALIDATED,PASS,PASS,Declarative/definitional statement.,HIGH
9,9.110-2,P_9_110_2,9.110-2 Authority This section implements 10 U.S.C. 983[].,P_9_110_2: 9.110-2 Authority This section implements 10 U.S.C. 983[].,P_9_110_2,None,Atomic proposition (no transformation),VALIDATED,PASS,PASS,Declarative/definitional statement.,HIGH
9,9.110-3,P_9_110_3,9.110-3 Policy.,P_9_110_3: ,P_9_110_3 = P_9_110_3_a ∧ P_9_110_3_i ∧ P_9_110_3_b,None,Conjunction (Conj): Rule 7,VALIDATED,PASS,PASS,Declarative/definitional statement.,HIGH
9,9.110-3(a),P_9_110_3_a,"(a) Except as provided in paragraph (b) of this section, 10 U.S.C. 983 prohibits a covered agency from providing funds by contract to an institution of higher education if the Secretary of Defense determines that the institution has a policy or practice that prohibits or in effect prevents—","P_9_110_3_a: Except as provided in paragraph (b) of this section, 10 U.S.C. 983 prohibits a covered agency from providing funds by contract to an institution of higher education if the Secretary of Defense determines that the institution has a policy or practice that prohibits or in effect prevents—",P_9_110_3_a = P_9_110_3_a_1 ∧ P_9_110_3_a_2 ∧ P_9_110_3_a_3 ∧ P_9_110_3_a_4,None,Conjunction (Conj): Rule 7,VALIDATED,PASS,PASS,"Declarative/definitional statement. Conditional triggers detected: if, except_as.",MEDIUM
9,9.110-3(a)(1),P_9_110_3_a_1,"(1) The Secretary of a military department from maintaining, establishing, or operating a unit of the Senior Reserve Officer Training Corps (ROTC) at that institution;","P_9_110_3_a_1: The Secretary of a military department from maintaining, establishing, or operating a unit of the Senior Reserve Officer Training Corps (ROTC) at that institution;",P_9_110_3_a_1,None,Atomic proposition (no transformation),VALIDATED,PASS,PASS,Declarative/definitional statement.,HIGH
9,9.110-3(a)(2),P_9_110_3_a_2,(2) A student at that institution from enrolling in a unit of the Senior ROTC at another institution of higher education;,P_9_110_3_a_2: A student at that institution from enrolling in a unit of the Senior ROTC at another institution of higher education;,P_9_110_3_a_2,None,Atomic proposition (no transformation),VALIDATED,PASS,PASS,Declarative/definitional statement.,HIGH
9,9.110-3(a)(3),P_9_110_3_a_3,"(3) The Secretary of a military department or the Secretary of Homeland Security from gaining access to campuses, or access to students (who are 17 years of age or older) on campuses, for purposes of military recruiting in a manner that is at least equal in quality and scope to the access to campuses and to students that is provided to any other employer; or","P_9_110_3_a_3: The Secretary of a military department or the Secretary of Homeland Security from gaining access to campuses, or access to students (who are 17 years of age or older) on campuses, for purposes of military recruiting in a manner that is at least equal in quality and scope to the access to campuses and to students that is provided to any other employer; or",P_9_110_3_a_3,None,Atomic proposition (no transformation),VALIDATED,PASS,PASS,Declarative/definitional statement.,HIGH
9,9.110-3(a)(4),P_9_110_3_a_4,(4) Military recruiters from accessing certain information pertaining to students (who are 17 years of age or older) enrolled at that institution:,P_9_110_3_a_4: Military recruiters from accessing certain information pertaining to students (who are 17 years of age or older) enrolled at that institution:,P_9_110_3_a_4,None,Atomic proposition (no transformation),VALIDATED,PASS,PASS,Declarative/definitional statement.,HIGH
9,9.110-3(i),P_9_110_3_i,"(i) Name, address, and telephone listings.","P_9_110_3_i_a: Name, address; P_9_110_3_i_b: telephone listings.",P_9_110_3_i = P_9_110_3_i_ii,None,Conjunction (Conj): Rule 7,VALIDATED,PASS,PASS,Declarative/definitional statement.,HIGH
9,9.110-3(i)(ii),P_9_110_3_i_ii,"(ii) Date and place of birth, educational level, academic majors, degrees received, and the most recent educational institution enrolled in by the student.","P_9_110_3_i_ii_a: Date and place of birth, educational level, academic majors, degrees received; P_9_110_3_i_ii_b: the most recent educational institution enrolled in by the student.",P_9_110_3_i_ii,None,Atomic proposition (no transformation),VALIDATED,PASS,PASS,Declarative/definitional statement.,HIGH
9,9.110-3(b),P_9_110_3_b,(b) The prohibition in paragraph (a) of this section does not apply to an institution of higher education if the Secretary of Defense determines that—,P_9_110_3_b: The prohibition in paragraph (a) of this section does not apply to an institution of higher education if the Secretary of Defense determines that—,P_9_110_3_b = P_9_110_3_b_1 ∧ P_9_110_3_b_2,None,Conjunction (Conj): Rule 7,VALIDATED,PASS,PASS,Prohibition (shall not/do not). Conditional triggers detected: if.,HIGH
9,9.110-3(b)(1),P_9_110_3_b_1,(1) The institution has ceased the policy or practice described in paragraph (a) of this section; or,P_9_110_3_b_1_a: The institution has ceased the policy or practice described in paragraph (a) of this section,P_9_110_3_b_1,None,Atomic proposition (no transformation),VALIDATED,PASS,PASS,Declarative/definitional statement.,HIGH
9,9.110-3(b)(2),P_9_110_3_b_2,(2) The institution has a long-standing policy of pacifism based on historical religious affiliation.,P_9_110_3_b_2: The institution has a long-standing policy of pacifism based on historical religious affiliation.,P_9_110_3_b_2,None,Atomic proposition (no transformation),VALIDATED,PASS,PASS,Declarative/definitional statement.,HIGH
9,9.110-4,P_9_110_4,9.110-4 Procedures.,P_9_110_4: ,P_9_110_4 = P_9_110_4_a ∧ P_9_110_4_b,None,Conjunction (Conj): Rule 7,VALIDATED,PASS,PASS,Declarative/definitional statement.,HIGH
9,9.110-4(a),P_9_110_4_a,"(a) If the Secretary of Defense determines, pursuant to the procedures at 32 CFR part 216, that an institution of higher education is ineligible to receive funds from a covered agency because of a policy or practice described in 9.110-3, then the Secretary of Defense will create an active exclusion record for the institution in the System for Award Management.","P_9_110_4_a: If the Secretary of Defense determines, pursuant to the procedures at 32 CFR part 216, that an institution of higher education is ineligible to receive funds from a covered agency because of a policy or practice described in 9.110-3, then the Secretary of Defense will create an active exclusion record for the institution in the System for Award Management.",P_9_110_4_a_cond ⊃ P_9_110_4_a,P_216_EXT; P_9_110_3,Material Implication (Impl): Rule 15 [HIGH-RISK],PENDING_REVIEW,PASS,PASS,Declarative/definitional statement. Conditional triggers detected: if. Material implication used [HIGH-RISK Rule 15]. External references: Part_216.,MEDIUM
9,9.110-4(b),P_9_110_4_b,"(b) Upon a determination described in paragraph (a), a covered agency must not solicit offers from, award contracts to, or consent to subcontracts with the institution. This prohibition does not apply to acquisitions at or below the simplified acquisition threshold or to acquisitions of commercial products and commercial services, including commercially available off-the-shelf items.","P_9_110_4_b: Upon a determination described in paragraph (a), a covered agency must not solicit offers from, award contracts to, or consent to subcontracts with the institution. This prohibition does not apply to acquisitions at or below the simplified acquisition threshold or to acquisitions of commercial products and commercial services, including commercially available off-the-shelf items.",~P_9_110_4_b,None,Negation (Neg): Rule 10,VALIDATED,PASS,PASS,Prohibition (shall not/do not). Conditional triggers detected: upon.,HIGH
9,9.110-5,P_9_110_5,"9.110-5 Contract clause. Insert the clause at 52.209-14, Reserve Officer Training Corps and Military Recruiting on Campus, in solicitations and contracts expected to exceed the simplified acquisition threshold, with institutions of higher education, when using funds from a covered agency. Do not insert the clause in solicitations and contracts using part 12 for the acquisition of commercial products and commercial services.","P_9_110_5: Insert the clause at 52.209-14, Reserve Officer Training Corps and Military Recruiting on Campus, in solicitations and contracts expected to exceed the simplified acquisition threshold, with institutions of higher education, when using funds from a covered agency. Do not insert the clause in solicitations and contracts using part 12 for the acquisition of commercial products and commercial services.",~P_9_110_5,P_12_EXT; P_52_209_14,Negation (Neg): Rule 10,VALIDATED,PASS,PASS,"Prohibition (shall not/do not). Conditional triggers detected: when. External references: 52.209-14, Part_12.",HIGH
9,9.200,P_9_200,9.200 Scope of subpart. This subpart implements 10 U.S.C. 3243[] and 41 U.S.C.3311[].,P_9_200: 9.200 Scope of subpart. This subpart implements 10 U.S.C. 3243[] and 41 U.S.C.3311[].,P_9_200,None,Atomic proposition (no transformation),VALIDATED,PASS,PASS,Declarative/definitional statement.,HIGH
9,9.201,P_9_201,9.201 Definitions. As used in this subpart- Qualified bidders list (QBL) means a list of bidders who have had their products examined and tested and who have satisfied all applicable qualification requirements for that product or have otherwise satisfied all applicable qualification requirements. Qualified manufacturers list (QML) means a list of manufacturers who have had their products examined and tested and who have satisfied all applicable qualification requirements for that product.,P_9_201: As used in this subpart- Qualified bidders list (QBL) means a list of bidders who have had their products examined and tested and who have satisfied all applicable qualification requirements for that product or have otherwise satisfied all applicable qualification requirements. Qualified manufacturers list (QML) means a list of manufacturers who have had their products examined and tested and who have satisfied all applicable qualification requirements for that product.,P_9_201,None,Atomic proposition (no transformation),VALIDATED,PASS,PASS,Declarative/definitional statement.,HIGH
9,9.202,P_9_202,9.202 Policy. (a),P_9_202: (a),P_9_202 = P_9_202_a ∧ P_9_202_i ∧ P_9_202_i ∧ P_9_202_i ∧ P_9_202_b ∧ P_9_202_c ∧ P_9_202_d ∧ P_9_202_e ∧ P_9_202_f,None,Conjunction (Conj): Rule 7,VALIDATED,PASS,PASS,Declarative/definitional statement.,HIGH
9,9.202(a),P_9_202_a,(a),P_9_202_a: Subsection (a),P_9_202_a = P_9_202_a_1,None,Conjunction (Conj): Rule 7,VALIDATED,PASS,PASS,Declarative/definitional statement.,HIGH
9,9.202(a)(1),P_9_202_a_1,"Before establishing a qualification requirement, the head of the agency must prepare a written justification—","P_9_202_a_1: Before establishing a qualification requirement, the head of the agency must prepare a written justification—",P_9_202_a_1_cond ⊃ P_9_202_a_1,None,Material Implication (Impl): Rule 15 [HIGH-RISK],PENDING_REVIEW,PASS,PASS,Mandatory requirement (shall/must). Conditional triggers detected: before. Material implication used [HIGH-RISK Rule 15].,MEDIUM
9,9.202(i),P_9_202_i,(i) Not expected to benefit from an absence of additional qualified sources; and,P_9_202_i_a: Not expected to benefit from an absence of additional qualified sources,P_9_202_i = P_9_202_i_ii ∧ P_9_202_i_iii ∧ P_9_202_i_2 ∧ P_9_202_i_3 ∧ P_9_202_i_ii ∧ P_9_202_i_4 ∧ P_9_202_i_ii ∧ P_9_202_i_5 ∧ P_9_202_i_ii ∧ P_9_202_i_iii ∧ P_9_202_i_2 ∧ P_9_202_i_3 ∧ P_9_202_i_ii ∧ P_9_202_i_4 ∧ P_9_202_i_ii ∧ P_9_202_i_5 ∧ P_9_202_i_ii ∧ P_9_202_i_iii ∧ P_9_202_i_2 ∧ P_9_202_i_3 ∧ P_9_202_i_ii ∧ P_9_202_i_4 ∧ P_9_202_i_ii ∧ P_9_202_i_5,None,Conjunction (Conj): Rule 7,VALIDATED,PASS,PASS,Declarative/definitional statement.,HIGH
9,9.202(i)(ii),P_9_202_i_ii,(ii) Required by their contracts to adhere to any restriction on technical data asserted by the potential offeror seeking qualification.,P_9_202_i_ii: Required by their contracts to adhere to any restriction on technical data asserted by the potential offeror seeking qualification.,P_9_202_i_ii,None,Atomic proposition (no transformation),VALIDATED,PASS,PASS,Declarative/definitional statement.,HIGH
9,9.202(i)(iii),P_9_202_i_iii,(iii) Specifying all requirements that a potential offeror (or its product) must satisfy to become qualified.,P_9_202_i_iii: Specifying all requirements that a potential offeror (or its product) must satisfy to become qualified.,P_9_202_i_iii,None,Atomic proposition (no transformation),VALIDATED,PASS,PASS,Mandatory requirement (shall/must).,HIGH
9,9.202(i)(2),P_9_202_i_2,"(2) After considering any comments from the advocate for competition reviewing the determination, the head of the procuring activity may waive the requirements of 9.202(a)(1)(ii) through (5) of this section for up to 2 years with respect to the item subject to the qualification requirement. The waiver authority provided in this paragraph does not apply with respect to qualification requirements contained in a QPL, QML, or QBL.","P_9_202_i_2: After considering any comments from the advocate for competition reviewing the determination, the head of the procuring activity may waive the requirements of 9.202(a)(1)(ii) through (5) of this section for up to 2 years with respect to the item subject to the qualification requirement. The waiver authority provided in this paragraph does not apply with respect to qualification requirements contained in a QPL, QML, or QBL.",P_9_202_i_2_cond ⊃ (P_9_202_i_2 ∨ ~P_9_202_i_2),P_9_202_a_1,Addition (Add): Rule 8; Material Implication (Impl): Rule 15 [HIGH-RISK]; Negation (Neg): Rule 10,PENDING_REVIEW,PASS,PASS,"Permissive authority (may) creates discretionary action. Conditional triggers detected: subject_to, after. Material implication used [HIGH-RISK Rule 15]. Tautological structure represents unrestricted discretion.",MEDIUM
9,9.202(i)(3),P_9_202_i_3,(3) The head of the procuring activity must furnish a copy of the waiver to the head of the agency or other official responsible for actions under paragraph (a)(1) of this section).,P_9_202_i_3: The head of the procuring activity must furnish a copy of the waiver to the head of the agency or other official responsible for actions under paragraph (a)(1) of this section).,P_9_202_i_3,None,Atomic proposition (no transformation),VALIDATED,PASS,PASS,Mandatory requirement (shall/must).,HIGH
9,9.202(i),P_9_202_i_v2,(i) Not expected to benefit from an absence of additional qualified sources; and,P_9_202_i_a: Not expected to benefit from an absence of additional qualified sources,P_9_202_i = P_9_202_i_ii ∧ P_9_202_i_iii ∧ P_9_202_i_2 ∧ P_9_202_i_3 ∧ P_9_202_i_ii ∧ P_9_202_i_4 ∧ P_9_202_i_ii ∧ P_9_202_i_5 ∧ P_9_202_i_ii ∧ P_9_202_i_iii ∧ P_9_202_i_2 ∧ P_9_202_i_3 ∧ P_9_202_i_ii ∧ P_9_202_i_4 ∧ P_9_202_i_ii ∧ P_9_202_i_5 ∧ P_9_202_i_ii ∧ P_9_202_i_iii ∧ P_9_202_i_2 ∧ P_9_202_i_3 ∧ P_9_202_i_ii ∧ P_9_202_i_4 ∧ P_9_202_i_ii ∧ P_9_202_i_5,None,Conjunction (Conj): Rule 7,VALIDATED,PASS,PASS,Declarative/definitional statement.,HIGH
9,9.202(i)(ii),P_9_202_i_ii_v2,(ii) Required by their contracts to adhere to any restriction on technical data asserted by the potential offeror seeking qualification.,P_9_202_i_ii: Required by their contracts to adhere to any restriction on technical data asserted by the potential offeror seeking qualification.,P_9_202_i_ii,None,Atomic proposition (no transformation),VALIDATED,PASS,PASS,Declarative/definitional statement.,HIGH
9,9.202(i)(4),P_9_202_i_4,"(4) If the services in (a)(3)(ii) of this section are under contract, select only those contractors to provide testing and evaluation services that are—","P_9_202_i_4: If the services in (a)(3)(ii) of this section are under contract, select only those contractors to provide testing and evaluation services that are—",P_9_202_i_4_cond ⊃ P_9_202_i_4,None,Material Implication (Impl): Rule 15 [HIGH-RISK],PENDING_REVIEW,PASS,PASS,Declarative/definitional statement. Conditional triggers detected: if. Material implication used [HIGH-RISK Rule 15].,MEDIUM
9,9.202(i),P_9_202_i_v3,(i) Not expected to benefit from an absence of additional qualified sources; and,P_9_202_i_a: Not expected to benefit from an absence of additional qualified sources,P_9_202_i = P_9_202_i_ii ∧ P_9_202_i_iii ∧ P_9_202_i_2 ∧ P_9_202_i_3 ∧ P_9_202_i_ii ∧ P_9_202_i_4 ∧ P_9_202_i_ii ∧ P_9_202_i_5 ∧ P_9_202_i_ii ∧ P_9_202_i_iii ∧ P_9_202_i_2 ∧ P_9_202_i_3 ∧ P_9_202_i_ii ∧ P_9_202_i_4 ∧ P_9_202_i_ii ∧ P_9_202_i_5 ∧ P_9_202_i_ii ∧ P_9_202_i_iii ∧ P_9_202_i_2 ∧ P_9_202_i_3 ∧ P_9_202_i_ii ∧ P_9_202_i_4 ∧ P_9_202_i_ii ∧ P_9_202_i_5,None,Conjunction (Conj): Rule 7,VALIDATED,PASS,PASS,Declarative/definitional statement.,HIGH
9,9.202(i)(ii),P_9_202_i_ii_v3,(ii) Required by their contracts to adhere to any restriction on technical data asserted by the potential offeror seeking qualification.,P_9_202_i_ii: Required by their contracts to adhere to any restriction on technical data asserted by the potential offeror seeking qualification.,P_9_202_i_ii,None,Atomic proposition (no transformation),VALIDATED,PASS,PASS,Declarative/definitional statement.,HIGH
9,9.202(i)(5),P_9_202_i_5,"(5) Promptly inform a potential offeror seeking qualification whether it attained qualification and, in the event it has not, promptly furnish them specific reasons why it did attain qualification. (b)","P_9_202_i_5: Promptly inform a potential offeror seeking qualification whether it attained qualification and, in the event it has not, promptly furnish them specific reasons why it did attain qualification. (b)",P_9_202_i_5,None,Atomic proposition (no transformation),VALIDATED,PASS,PASS,Declarative/definitional statement.,HIGH
9,9.202(b),P_9_202_b,(b),P_9_202_b: Subsection (b),P_9_202_b = P_9_202_b_1 ∧ P_9_202_b_2 ∧ P_9_202_b_3,None,Conjunction (Conj): Rule 7,VALIDATED,PASS,PASS,Declarative/definitional statement.,HIGH
9,9.202(b)(1),P_9_202_b_1,"When justified under the circumstances, the agency activity responsible for establishing a qualification requirement must submit to the advocate for competition for the procuring activity responsible for purchasing the item subject to the qualification requirement, a determination that specifying a qualification requirement is unreasonable.","P_9_202_b_1: When justified under the circumstances, the agency activity responsible for establishing a qualification requirement must submit to the advocate for competition for the procuring activity responsible for purchasing the item subject to the qualification requirement, a determination that specifying a qualification requirement is unreasonable.",P_9_202_b_1_cond ⊃ P_9_202_b_1,None,Material Implication (Impl): Rule 15 [HIGH-RISK],PENDING_REVIEW,PASS,PASS,Mandatory requirement (shall/must). Conditional triggers detected: when. Material implication used [HIGH-RISK Rule 15].,MEDIUM
9,9.202(b)(2),P_9_202_b_2,"After considering any comments from the advocate for competition reviewing the determination, the head of the procuring activity may waive the requirements of 9.202(a)(1)(ii) through (5) of this section for up to 2 years with respect to the item subject to the qualification requirement. The waiver authority provided in this paragraph does not apply with respect to qualification requirements contained in a QPL, QML, or QBL.","P_9_202_b_2: After considering any comments from the advocate for competition reviewing the determination, the head of the procuring activity may waive the requirements of 9.202(a)(1)(ii) through (5) of this section for up to 2 years with respect to the item subject to the qualification requirement. The waiver authority provided in this paragraph does not apply with respect to qualification requirements contained in a QPL, QML, or QBL.",P_9_202_b_2_cond ⊃ (P_9_202_b_2 ∨ ~P_9_202_b_2),None,Addition (Add): Rule 8; Material Implication (Impl): Rule 15 [HIGH-RISK]; Negation (Neg): Rule 10,PENDING_REVIEW,PASS,PASS,Permissive authority (may) creates discretionary action. Conditional triggers detected: after. Material implication used [HIGH-RISK Rule 15]. Tautological structure represents unrestricted discretion.,MEDIUM
9,9.202(b)(3),P_9_202_b_3,The head of the procuring activity must furnish a copy of the waiver to the head of the agency or other official responsible for actions under paragraph (a)(1) of this section).,P_9_202_b_3: The head of the procuring activity must furnish a copy of the waiver to the head of the agency or other official responsible for actions under paragraph (a)(1) of this section).,P_9_202_b_3,None,Atomic proposition (no transformation),VALIDATED,PASS,PASS,Mandatory requirement (shall/must).,HIGH
9,9.202(c),P_9_202_c,"(c) If a potential offeror can demonstrate to the satisfaction of the contracting officer that the potential offeror (or its product) meets qualification standards, or can meet them before the date specified for award of the contract, do not deny the potential offeror the opportunity to submit and have considered an offer for a contract solely because the potential offeror—","P_9_202_c: If a potential offeror can demonstrate to the satisfaction of the contracting officer that the potential offeror (or its product) meets qualification standards, or can meet them before the date specified for award of the contract, do not deny the potential offeror the opportunity to submit and have considered an offer for a contract solely because the potential offeror—",P_9_202_c = P_9_202_c_1 ∧ P_9_202_c_2 ∧ P_9_202_c_3,None,Conjunction (Conj): Rule 7,VALIDATED,PASS,PASS,"Prohibition (shall not/do not). Conditional triggers detected: if, before.",MEDIUM
9,9.202(c)(1),P_9_202_c_1,"(1) Is not on a QPL, QML, or QBL maintained by the Department of Defense (DoD) or the National Aeronautics and Space Administration (NASA); or","P_9_202_c_1_a: Is not on a QPL, QML, or QBL maintained by the Department of Defense (DoD) or the National Aeronautics and Space Administration (NASA)",P_9_202_c_1,None,Atomic proposition (no transformation),VALIDATED,PASS,PASS,Declarative/definitional statement.,HIGH
9,9.202(c)(2),P_9_202_c_2,"(2) Has not been identified as meeting a qualification requirement established after October 19, 1984, by DoD or NASA; or","P_9_202_c_2_a: Has not been identified as meeting a qualification requirement established after October 19, 1984, by DoD or NASA",P_9_202_c_2,None,Atomic proposition (no transformation),VALIDATED,PASS,PASS,Declarative/definitional statement. Conditional triggers detected: after.,HIGH
9,9.202(c)(3),P_9_202_c_3,(3) Has not been identified as meeting a qualification requirement established by a civilian agency (not including NASA).,P_9_202_c_3: Has not been identified as meeting a qualification requirement established by a civilian agency (not including NASA).,P_9_202_c_3,None,Atomic proposition (no transformation),VALIDATED,PASS,PASS,Declarative/definitional statement.,HIGH
9,9.202(d),P_9_202_d,(d) The procedures in part 19 for referring matters to the Small Business Administration are not mandatory on the contracting officer when the basis for a referral would involve a challenge by the offeror to either the validity of the qualification requirement or the offeror's compliance with such requirement.,P_9_202_d: The procedures in part 19 for referring matters to the Small Business Administration are not mandatory on the contracting officer when the basis for a referral would involve a challenge by the offeror,P_9_202_d_cond ⊃ P_9_202_d,P_19_EXT,Material Implication (Impl): Rule 15 [HIGH-RISK],PENDING_REVIEW,PASS,PASS,Declarative/definitional statement. Conditional triggers detected: when. Material implication used [HIGH-RISK Rule 15]. External references: Part_19.,MEDIUM
9,9.202(e),P_9_202_e,"(e) The contracting officer need not delay a proposed award to provide a potential offeror with an opportunity to demonstrate its ability to meet qualification standards. In addition, when approved by the head of an agency or designee, a procurement need not be delayed in order to comply with paragraph (a) of this section.","P_9_202_e: The contracting officer need not delay a proposed award to provide a potential offeror with an opportunity to demonstrate its ability to meet qualification standards. In addition, when approved by the head of an agency or designee, a procurement need not be delayed in order to comply with paragraph (a) of this section.",P_9_202_e_cond ⊃ P_9_202_e,None,Material Implication (Impl): Rule 15 [HIGH-RISK],PENDING_REVIEW,PASS,PASS,Declarative/definitional statement. Conditional triggers detected: when. Material implication used [HIGH-RISK Rule 15].,MEDIUM
9,9.202(f),P_9_202_f,"(f) Within 7 years following enforcement of a QPL, QML, or QBL by DoD or NASA, or within 7 years after any qualification requirement was originally established by a civilian agency other than NASA, the qualification requirement must be examined and revalidated in accordance with the requirements of paragraph (a) of this section. For DoD and NASA, qualification requirements, other than QPL's, QML's, and QBL's, must be examined and revalidated within 7 years after establishment of the requirement under paragraph (a) of this section. Any periods for which a waiver under paragraph (b) of this section is in effect must be excluded in computing the 7 years within which review and revalidation must occur.","P_9_202_f: Within 7 years following enforcement of a QPL, QML, or QBL by DoD or NASA, or within 7 years after any qualification requirement was originally established by a civilian agency other than NASA, the qualification requirement must be examined and revalidated in accordance with the requirements of paragraph (a) of this section. For DoD and NASA, qualification requirements, other than QPL's, QML's, and QBL's, must be examined and revalidated within 7 years after establishment of the requirement under paragraph (a) of this section. Any periods for which a waiver under paragraph (b) of this section is in effect must be excluded in computing the 7 years within which review and revalidation must occur.",P_9_202_f,None,Atomic proposition (no transformation),VALIDATED,PASS,PASS,Mandatory requirement (shall/must). Conditional triggers detected: after.,HIGH
9,9.203,P_9_203,"9.203 QPL’s, QML’s, and QBL’s.","P_9_203_a: 9.203 QPL’s, QML’s; P_9_203_b: QBL’s.",P_9_203 = P_9_203_a ∧ P_9_203_b ∧ P_9_203_c ∧ P_9_203_d,None,Conjunction (Conj): Rule 7,VALIDATED,PASS,PASS,Declarative/definitional statement.,HIGH
9,9.203(a),P_9_203_a,"(a) Qualification and listing in a QPL, QML, or QBL is the process by which products are obtained from manufacturers or distributors, examined and tested for compliance with specification requirements, or manufacturers or potential offerors, are provided an opportunity to demonstrate their abilities to meet the standards specified for qualification. The names of successful products, manufacturers, or potential offerors are included on lists evidencing their status. Generally, qualification is performed in advance and independently of any specific acquisition action. After qualification, the products, manufacturers, or potential offerors are included in a Federal or Military QPL, QML, or QBL. (See 9.202(a)(2) regarding any product, manufacturer, or potential offeror not yet included on an applicable list.)","P_9_203_a: Qualification and listing in a QPL, QML, or QBL is the process by which products are obtained from manufacturers or distributors, examined and tested for compliance with specification requirements, or",P_9_203_a,P_9_202_a_2,Atomic proposition (no transformation),VALIDATED,PASS,PASS,Declarative/definitional statement. Conditional triggers detected: after.,HIGH
9,9.203(b),P_9_203_b,(b) Specifications requiring a qualified product are included—,P_9_203_b: Specifications requiring a qualified product are included—,P_9_203_b = P_9_203_b_1 ∧ P_9_203_b_2,None,Conjunction (Conj): Rule 7,VALIDATED,PASS,PASS,Declarative/definitional statement.,HIGH
9,9.203(b)(1),P_9_203_b_1,"(1) In the General Services Administration Index of Federal Specifications, Standards and Commercial Item Descriptions; and","P_9_203_b_1_a: In the General Services Administration Index of Federal Specifications, Standards and Commercial Item Descriptions",P_9_203_b_1,None,Atomic proposition (no transformation),VALIDATED,PASS,PASS,Declarative/definitional statement.,HIGH
9,9.203(b)(2),P_9_203_b_2,(2) On the Department of Defense Acquisition Streamlining and Standardization Information System (ASSIST) website at https://assist.dla.mil[].,P_9_203_b_2: On the Department of Defense Acquisition Streamlining and Standardization Information System (ASSIST) website at https://assist.dla.mil[].,P_9_203_b_2,None,Atomic proposition (no transformation),VALIDATED,PASS,PASS,Declarative/definitional statement.,HIGH
9,9.203(c),P_9_203_c,(c) Instructions concerning qualification procedures are included in the following publications:,P_9_203_c: Instructions concerning qualification procedures are included in the following publications:,P_9_203_c = P_9_203_c_1 ∧ P_9_203_c_2,None,Conjunction (Conj): Rule 7,VALIDATED,PASS,PASS,Declarative/definitional statement.,HIGH
9,9.203(c)(1),P_9_203_c_1,"(1) Federal Standardization Manual, FSPM-0001.","P_9_203_c_1: Federal Standardization Manual, FSPM-0001.",P_9_203_c_1,None,Atomic proposition (no transformation),VALIDATED,PASS,PASS,Declarative/definitional statement.,HIGH
9,9.203(c)(2),P_9_203_c_2,"(2) Department of Defense Manual 4120.24, Defense Standardization Program (DSP) Procedures, ( www.esd.whs.mil/​Directives/​Issuances/​dodm[] ) as amended by Military Standards 961 and 962 ( https://assist.dla.mil[] ).","P_9_203_c_2: Department of Defense Manual 4120.24, Defense Standardization Program (DSP) Procedures, ( www.esd.whs.mil/​Directives/​Issuances/​dodm[] ) as amended by Military Standards 961 and 962 ( https://assist.dla.mil[] ).",P_9_203_c_2,None,Atomic proposition (no transformation),VALIDATED,PASS,PASS,Declarative/definitional statement.,HIGH
9,9.203(d),P_9_203_d,(d) The publications in paragraphs (b)(1) and (c)(1) of this section may be obtained from the address in 11.201(d)(1).,P_9_203_d: The publications in paragraphs (b)(1) and (c)(1) of this section may be obtained from the address in 11.201(d)(1).,P_9_203_d ∨ ~P_9_203_d,P_11_201(d)(1),Addition (Add): Rule 8; Negation (Neg): Rule 10,VALIDATED,PASS,PASS,Permissive authority (may) creates discretionary action. Tautological structure represents unrestricted discretion. External references: 11.201(d)(1).,MEDIUM
9,9.204,P_9_204,9.204 Responsibilities when establishing qualification requirements.,P_9_204: 9.204 Responsibilities when establishing qualification requirements.,P_9_204 = P_9_204_a ∧ P_9_204_b ∧ P_9_204_i ∧ P_9_204_i,None,Conjunction (Conj): Rule 7,VALIDATED,PASS,PASS,Declarative/definitional statement. Conditional triggers detected: when.,HIGH
9,9.204(a),P_9_204_a,"(a) Arranging publicity. If active competition on anticipated future qualification requirements is likely to be fewer than two manufacturers or the products of two manufacturers, the activity responsible for establishment of the qualification requirements must—","P_9_204_a: Arranging publicity. If active competition on anticipated future qualification requirements is likely to be fewer than two manufacturers or the products of two manufacturers, the activity responsible for establishment of the qualification requirements must—",P_9_204_a = P_9_204_a_1 ∧ P_9_204_a_2,None,Conjunction (Conj): Rule 7,VALIDATED,PASS,PASS,Mandatory requirement (shall/must). Conditional triggers detected: if.,HIGH
9,9.204(a)(1),P_9_204_a_1,(1) Periodically furnish through the Governmentwide point of entry (GPE) a notice seeking additional sources or products for qualification unless the contracting officer determines that such publication would compromise the national security.,P_9_204_a_1: Periodically furnish through the Governmentwide point of entry (GPE) a notice seeking additional sources or products for qualification unless the contracting officer determines that such publication would compromise the national security.,~P_9_204_a_1_except ⊃ P_9_204_a_1,None,Material Implication (Impl): Rule 15 [HIGH-RISK]; Negation (Neg): Rule 10,PENDING_REVIEW,PASS,PASS,Declarative/definitional statement. Conditional triggers detected: unless. Material implication used [HIGH-RISK Rule 15].,MEDIUM
9,9.204(a)(2),P_9_204_a_2,"(2) Bear the cost of conducting the specified testing and evaluation (excluding the costs associated with producing the item or establishing the production, quality control, or other system to be tested and evaluated) for a small business concern or a product manufactured by a small business concern which has met the standards specified for qualification and which could reasonably be expected to compete for a contract for that requirement. However, such costs may be borne only upon a determination in accordance with agency procedures that such additional qualified sources or products are likely to result in cost savings from increased competition for future requirements sufficient to amortize the costs incurred by the agency within a reasonable period, considering the duration and dollar value of anticipated future requirements. A prospective contractor requesting the United States to bear testing and evaluation costs must certify as to its status as a small business concern under section 3 of the Small Business Act in order to receive further consideration.","P_9_204_a_2: Bear the cost of conducting the specified testing and evaluation (excluding the costs associated with producing the item or establishing the production, quality control, or other system to be tested and evaluated) for a small business concern or a product manufactured by a small business concern which has met the standards specified for qualification and which could reasonably be expected to compete for a contract for that requirement. However, such costs may be borne only upon a determination in accordance with agency procedures that such additional qualified sources or products are likely to result in cost savings from increased competition for future requirements sufficient to amortize the costs incurred by the agency within a reasonable period, considering the duration and dollar value of anticipated future requirements. A prospective contractor requesting the United States to bear testing and evaluation costs must certify as to its status as a small business concern under section 3 of the Small Business Act in order to receive further consideration.",P_9_204_a_2_cond ⊃ P_9_204_a_2,None,Material Implication (Impl): Rule 15 [HIGH-RISK],PENDING_REVIEW,PASS,PASS,Mandatory requirement (shall/must). Conditional triggers detected: upon. Material implication used [HIGH-RISK Rule 15].,MEDIUM
9,9.204(b),P_9_204_b,(b) Other responsibilities when establishing qualification requirements.,P_9_204_b: Other responsibilities when establishing qualification requirements.,P_9_204_b = P_9_204_b_1 ∧ P_9_204_b_2 ∧ P_9_204_b_3 ∧ P_9_204_b_4 ∧ P_9_204_b_5 ∧ P_9_204_b_6 ∧ P_9_204_b_7,None,Conjunction (Conj): Rule 7,VALIDATED,PASS,PASS,Declarative/definitional statement. Conditional triggers detected: when.,HIGH
9,9.204(b)(1),P_9_204_b_1,(1) Qualifying products that meet specification requirements.,P_9_204_b_1: Qualifying products that meet specification requirements.,P_9_204_b_1,None,Atomic proposition (no transformation),VALIDATED,PASS,PASS,Declarative/definitional statement.,HIGH
9,9.204(b)(2),P_9_204_b_2,(2) Listing manufacturers and suppliers whose products are qualified in accordance with agency procedures.,P_9_204_b_2: Listing manufacturers and suppliers whose products are qualified in accordance with agency procedures.,P_9_204_b_2,None,Atomic proposition (no transformation),VALIDATED,PASS,PASS,Declarative/definitional statement.,HIGH
9,9.204(b)(3),P_9_204_b_3,"(3) Furnishing QPL's, OML's, or QBL's or the qualification requirements themselves to prospective offerors and the public upon request (see 9.202(a)(2)(i)).","P_9_204_b_3: Furnishing QPL's, OML's, or QBL's or the qualification requirements themselves to prospective offerors and the public upon request (see 9.202(a)(2)(i)).",P_9_204_b_3_cond ⊃ P_9_204_b_3,P_9_202_a_2,Material Implication (Impl): Rule 15 [HIGH-RISK],PENDING_REVIEW,PASS,PASS,Declarative/definitional statement. Conditional triggers detected: upon. Material implication used [HIGH-RISK Rule 15].,MEDIUM
9,9.204(b)(4),P_9_204_b_4,"(4) Clarifying, as necessary, qualification requirements.","P_9_204_b_4: Clarifying, as necessary, qualification requirements.",P_9_204_b_4,None,Atomic proposition (no transformation),VALIDATED,PASS,PASS,Declarative/definitional statement.,HIGH
9,9.204(b)(5),P_9_204_b_5,"(5) In appropriate cases, when requested by the contracting officer, providing concurrence in a decision not to enforce a qualification requirement for a solicitation.","P_9_204_b_5: In appropriate cases, when requested by the contracting officer, providing concurrence in a decision not to enforce a qualification requirement for a solicitation.",P_9_204_b_5_cond ⊃ P_9_204_b_5,None,Material Implication (Impl): Rule 15 [HIGH-RISK],PENDING_REVIEW,PASS,PASS,Declarative/definitional statement. Conditional triggers detected: when. Material implication used [HIGH-RISK Rule 15].,MEDIUM
9,9.204(b)(6),P_9_204_b_6,"(6) Withdrawing or omitting qualification of a listed product, manufacturer or offeror, as necessary.","P_9_204_b_6: Withdrawing or omitting qualification of a listed product, manufacturer or offeror, as necessary.",P_9_204_b_6,None,Atomic proposition (no transformation),VALIDATED,PASS,PASS,Declarative/definitional statement.,HIGH
9,9.204(b)(7),P_9_204_b_7,"(7) Advising persons that furnished any list of products, manufacturers or offerors meeting a qualification requirement and suppliers whose products are on any such list that—","P_9_204_b_7: Advising persons that furnished any list of products, manufacturers or offerors meeting a qualification requirement and suppliers whose products are on any such list that—",P_9_204_b_7,None,Atomic proposition (no transformation),VALIDATED,PASS,PASS,Declarative/definitional statement.,HIGH
9,9.204(i),P_9_204_i,"(i) The manufacturer has modified its product, or changed the material or the processing sufficiently so that the validity of previous qualification is questionable;","P_9_204_i: The manufacturer has modified its product, or changed the material or the processing sufficiently so that the validity of previous qualification is questionable;",P_9_204_i = P_9_204_i_ii ∧ P_9_204_i_iii ∧ P_9_204_i_iv ∧ P_9_204_i_v ∧ P_9_204_i_8 ∧ P_9_204_i_ii ∧ P_9_204_i_iii ∧ P_9_204_i_ii ∧ P_9_204_i_iii ∧ P_9_204_i_iv ∧ P_9_204_i_v ∧ P_9_204_i_8 ∧ P_9_204_i_ii ∧ P_9_204_i_iii,None,Conjunction (Conj): Rule 7,VALIDATED,PASS,PASS,Declarative/definitional statement.,HIGH
9,9.204(i)(ii),P_9_204_i_ii,(ii) The requirements in the specification have been amended or revised sufficiently to affect the character of the product; or,P_9_204_i_ii_a: The requirements in the specification have been amended or revised sufficiently to affect the character of the product,P_9_204_i_ii,None,Atomic proposition (no transformation),VALIDATED,PASS,PASS,Declarative/definitional statement.,HIGH
9,9.204(i)(iii),P_9_204_i_iii,(iii) Circumstances require confirmation that the product conforms with the specification.,P_9_204_i_iii: Circumstances require confirmation that the product conforms with the specification.,P_9_204_i_iii,None,Atomic proposition (no transformation),VALIDATED,PASS,PASS,Declarative/definitional statement.,HIGH
9,9.204(i)(iv),P_9_204_i_iv,(iv) The listing of a product or source does not release the supplier from compliance with the specification; and,P_9_204_i_iv_a: The listing of a product or source does not release the supplier from compliance with the specification,~P_9_204_i_iv,None,Negation (Neg): Rule 10,VALIDATED,PASS,PASS,Prohibition (shall not/do not).,HIGH
9,9.204(i)(v),P_9_204_i_v,"(v) Use of the list for advertising or publicity is permitted. However, the list must not state or imply that a particular product or source is the only product or source of that type qualified, or that the Government in any way recommends or endorses the products or the sources listed.","P_9_204_i_v: Use of the list for advertising or publicity is permitted. However, the list must not state or imply that a particular product or source is the only product or source of that type qualified, or that the Government in any way recommends or endorses the products or the sources listed.",~P_9_204_i_v,None,Negation (Neg): Rule 10,VALIDATED,PASS,PASS,Prohibition (shall not/do not).,HIGH
9,9.204(i)(8),P_9_204_i_8,(8) Reexamining a qualified product or manufacturer when-,P_9_204_i_8: Reexamining a qualified product or manufacturer when-,P_9_204_i_8_cond ⊃ P_9_204_i_8,None,Material Implication (Impl): Rule 15 [HIGH-RISK],PENDING_REVIEW,PASS,PASS,Declarative/definitional statement. Conditional triggers detected: when. Material implication used [HIGH-RISK Rule 15].,MEDIUM
9,9.204(i),P_9_204_i_v2,"(i) The manufacturer has modified its product, or changed the material or the processing sufficiently so that the validity of previous qualification is questionable;","P_9_204_i_v2: The manufacturer has modified its product, or changed the material or the processing sufficiently so that the validity of previous qualification is questionable;",P_9_204_i = P_9_204_i_ii ∧ P_9_204_i_iii ∧ P_9_204_i_iv ∧ P_9_204_i_v ∧ P_9_204_i_8 ∧ P_9_204_i_ii ∧ P_9_204_i_iii ∧ P_9_204_i_ii ∧ P_9_204_i_iii ∧ P_9_204_i_iv ∧ P_9_204_i_v ∧ P_9_204_i_8 ∧ P_9_204_i_ii ∧ P_9_204_i_iii,None,Conjunction (Conj): Rule 7,VALIDATED,PASS,PASS,Declarative/definitional statement.,HIGH
9,9.204(i)(ii),P_9_204_i_ii_v2,(ii) The requirements in the specification have been amended or revised sufficiently to affect the character of the product; or,P_9_204_i_ii_a: The requirements in the specification have been amended or revised sufficiently to affect the character of the product,P_9_204_i_ii,None,Atomic proposition (no transformation),VALIDATED,PASS,PASS,Declarative/definitional statement.,HIGH
9,9.204(i)(iii),P_9_204_i_iii_v2,(iii) Circumstances require confirmation that the product conforms with the specification.,P_9_204_i_iii: Circumstances require confirmation that the product conforms with the specification.,P_9_204_i_iii,None,Atomic proposition (no transformation),VALIDATED,PASS,PASS,Declarative/definitional statement.,HIGH
9,9.205,P_9_205,9.205 Opportunity for qualification before award.,P_9_205: 9.205 Opportunity for qualification before award.,P_9_205 = P_9_205_a ∧ P_9_205_i ∧ P_9_205_b,None,Conjunction (Conj): Rule 7,VALIDATED,PASS,PASS,Declarative/definitional statement. Conditional triggers detected: before.,HIGH
9,9.205(a),P_9_205_a,"(a) If an agency determines that a qualification requirement is necessary, the agency activity responsible for establishing the requirement must—","P_9_205_a: If an agency determines that a qualification requirement is necessary, the agency activity responsible for establishing the requirement must—",P_9_205_a = P_9_205_a_1 ∧ P_9_205_a_2 ∧ P_9_205_a_3,None,Conjunction (Conj): Rule 7,VALIDATED,PASS,PASS,Mandatory requirement (shall/must). Conditional triggers detected: if.,HIGH
9,9.205(a)(1),P_9_205_a_1,(1) Urge manufacturers and other potential sources to demonstrate their ability to meet the standards specified for qualification;,P_9_205_a_1: Urge manufacturers and other potential sources to demonstrate their ability to meet the standards specified for qualification;,P_9_205_a_1,None,Atomic proposition (no transformation),VALIDATED,PASS,PASS,Declarative/definitional statement.,HIGH
9,9.205(a)(2),P_9_205_a_2,"(2) When possible, give sufficient time to arrange for qualification before award; and","P_9_205_a_2_a: When possible, give sufficient time to arrange for qualification before award",P_9_205_a_2_cond ⊃ P_9_205_a_2,None,Material Implication (Impl): Rule 15 [HIGH-RISK],PENDING_REVIEW,PASS,PASS,"Declarative/definitional statement. Conditional triggers detected: when, before. Material implication used [HIGH-RISK Rule 15].",MEDIUM
9,9.205(a)(3),P_9_205_a_3,"(3) Before establishing any qualification requirement, furnish notice through the GPE. The notice must include—","P_9_205_a_3: Before establishing any qualification requirement, furnish notice through the GPE. The notice must include—",P_9_205_a_3_cond ⊃ P_9_205_a_3,None,Material Implication (Impl): Rule 15 [HIGH-RISK],PENDING_REVIEW,PASS,PASS,Mandatory requirement (shall/must). Conditional triggers detected: before. Material implication used [HIGH-RISK Rule 15].,MEDIUM
9,9.205(i),P_9_205_i,(i) A statement of the intent to establish a qualification requirement;,P_9_205_i: A statement of the intent to establish a qualification requirement;,P_9_205_i = P_9_205_i_ii ∧ P_9_205_i_iii ∧ P_9_205_i_iv ∧ P_9_205_i_v ∧ P_9_205_i_vi,None,Conjunction (Conj): Rule 7,VALIDATED,PASS,PASS,Declarative/definitional statement.,HIGH
9,9.205(i)(ii),P_9_205_i_ii,(ii) The specification number and name of the product;,P_9_205_i_ii: The specification number and name of the product;,P_9_205_i_ii,None,Atomic proposition (no transformation),VALIDATED,PASS,PASS,Declarative/definitional statement.,HIGH
9,9.205(i)(iii),P_9_205_i_iii,(iii) The name and address of the activity to which to submit a request for the information and opportunity;,P_9_205_i_iii: The name and address of the activity to which to submit a request for the information and opportunity;,P_9_205_i_iii,None,Atomic proposition (no transformation),VALIDATED,PASS,PASS,Declarative/definitional statement.,HIGH
9,9.205(i)(iv),P_9_205_i_iv,(iv) The anticipated date that the agency will begin awarding contracts subject to the qualification requirement;,P_9_205_i_iv: The anticipated date that the agency will begin awarding contracts subject to the qualification requirement;,P_9_205_i_iv,None,Atomic proposition (no transformation),VALIDATED,PASS,PASS,Declarative/definitional statement. Conditional triggers detected: subject_to.,HIGH
9,9.205(i)(v),P_9_205_i_v,"(v) A precautionary notice that when a product is submitted for qualification testing, the applicant must furnish any specific information that may be requested of the manufacturer before testing will begin; and","P_9_205_i_v: A precautionary notice that when a product is submitted for qualification testing, the applicant must furnish any specific information that may be requested of the manufacturer before testing will begin; and",P_9_205_i_v_cond ⊃ P_9_205_i_v,None,Material Implication (Impl): Rule 15 [HIGH-RISK],PENDING_REVIEW,PASS,PASS,"Mandatory requirement (shall/must). Conditional triggers detected: when, before. Material implication used [HIGH-RISK Rule 15].",MEDIUM
9,9.205(i)(vi),P_9_205_i_vi,(vi) The approximate time period following submission of a product for qualification testing within which the applicant will be notified whether the product passed or failed the qualification testing (see 9.202(a)(5)).,P_9_205_i_vi: The approximate time period following submission of a product for qualification testing within which the applicant will be notified whether the product passed or failed the qualification testing (see 9.202(a)(5)).,P_9_205_i_vi,P_9_202_a_5,Atomic proposition (no transformation),VALIDATED,PASS,PASS,Declarative/definitional statement.,HIGH
9,9.205(b),P_9_205_b,"(b) The activity responsible for establishing a qualification requirement must keep any list maintained of those already qualified open for inclusion of additional products, manufacturers, or other potential sources.","P_9_205_b: The activity responsible for establishing a qualification requirement must keep any list maintained of those already qualified open for inclusion of additional products, manufacturers, or other potential sources.",P_9_205_b,None,Atomic proposition (no transformation),VALIDATED,PASS,PASS,Mandatory requirement (shall/must).,HIGH
9,9.206,P_9_206,9.206 Acquisitions subject to qualification requirements.,P_9_206: 9.206 Acquisitions subject to qualification requirements.,P_9_206,None,Atomic proposition (no transformation),VALIDATED,PASS,PASS,Declarative/definitional statement. Conditional triggers detected: subject_to.,HIGH
9,9.206-1,P_9_206_1,9.206-1 General.,P_9_206_1: ,P_9_206_1 = P_9_206_1_a ∧ P_9_206_1_b ∧ P_9_206_1_c ∧ P_9_206_1_d ∧ P_9_206_1_e,None,Conjunction (Conj): Rule 7,VALIDATED,PASS,PASS,Declarative/definitional statement.,HIGH
9,9.206-1(a),P_9_206_1_a,"(a) Do not enforce any QPL, QML, or QBL without first complying with the requirements of 9.202(a). However, qualification requirements themselves, whether or not previously embodied in a QPL, QML, or QBL, in either of the following categories are enforceable:","P_9_206_1_a: Do not enforce any QPL, QML, or QBL without first complying with the requirements of 9.202(a). However, qualification requirements themselves, whether or not previously embodied in a QPL, QML, or QBL, in either of the following categories are enforceable:",P_9_206_1_a = P_9_206_1_a_1 ∧ P_9_206_1_a_2,P_9_202_a,Conjunction (Conj): Rule 7,VALIDATED,PASS,PASS,Prohibition (shall not/do not).,HIGH
9,9.206-1(a)(1),P_9_206_1_a_1,"(1) Any qualification requirement established by statute prior to October 30, 1984, for civilian agencies (not including NASA).","P_9_206_1_a_1: Any qualification requirement established by statute prior to October 30, 1984, for civilian agencies (not including NASA).",P_9_206_1_a_1,None,Atomic proposition (no transformation),VALIDATED,PASS,PASS,Declarative/definitional statement.,HIGH
9,9.206-1(a)(2),P_9_206_1_a_2,"(2) Any qualification requirement established by statute or administrative action prior to October 19, 1984, for DOD or NASA. Qualification requirements established after the above dates must comply with 9.202(a) to be enforceable.","P_9_206_1_a_2: Any qualification requirement established by statute or administrative action prior to October 19, 1984, for DOD or NASA. Qualification requirements established after the above dates must comply with 9.202(a) to be enforceable.",P_9_206_1_a_2,P_9_202_a,Atomic proposition (no transformation),VALIDATED,PASS,PASS,Mandatory requirement (shall/must). Conditional triggers detected: after.,HIGH
9,9.206-1(b),P_9_206_1_b,"(b) Except when the agency head determines that an emergency exists, whenever an agency elects not to enforce a qualification requirement, the agency may not thereafter enforce that qualification requirement unless the agency complies with 9.202(a).","P_9_206_1_b: Except when the agency head determines that an emergency exists, whenever an agency elects not to enforce a qualification requirement, the agency may not thereafter enforce that qualification requirement unless the agency complies with 9.202(a).",P_9_206_1_b_cond ⊃ ~P_9_206_1_b,P_9_202_a,Material Implication (Impl): Rule 15 [HIGH-RISK]; Negation (Neg): Rule 10,VALIDATED,PASS,PASS,"Prohibition (shall not/do not). Conditional triggers detected: when, unless, except_when.",MEDIUM
9,9.206-1(c),P_9_206_1_c,"(c) If a qualification requirement applies, consider only those offers identified as meeting the requirement or included on the applicable QPL, QML, or QBL, unless an offeror can satisfactorily demonstrate that it or its product, or its subcontractor or its product, can meet the qualification standards before the date specified for award.","P_9_206_1_c: If a qualification requirement applies, consider only those offers identified as meeting the requirement or included on the applicable QPL, QML, or QBL, unless an offeror can satisfactorily demonstrate that it or its product, or its subcontractor or its product, can meet the qualification standards before the date specified for award.",P_9_206_1_c_cond ⊃ P_9_206_1_c,None,Material Implication (Impl): Rule 15 [HIGH-RISK],PENDING_REVIEW,PASS,PASS,"Declarative/definitional statement. Conditional triggers detected: if, unless, before. Material implication used [HIGH-RISK Rule 15].",MEDIUM
9,9.206-1(d),P_9_206_1_d,"(d) If a component of an end item is subject to a qualification requirement, assure that all such components and their qualification requirements are properly identified in the solicitation.","P_9_206_1_d: If a component of an end item is subject to a qualification requirement, assure that all such components and their qualification requirements are properly identified in the solicitation.",P_9_206_1_d_cond ⊃ P_9_206_1_d,None,Material Implication (Impl): Rule 15 [HIGH-RISK],PENDING_REVIEW,PASS,PASS,"Declarative/definitional statement. Conditional triggers detected: if, subject_to. Material implication used [HIGH-RISK Rule 15].",MEDIUM
9,9.206-1(e),P_9_206_1_e,"(e) In acquisitions subject to qualification requirements, take the following steps:","P_9_206_1_e: In acquisitions subject to qualification requirements, take the following steps:",P_9_206_1_e = P_9_206_1_e_1 ∧ P_9_206_1_e_2 ∧ P_9_206_1_e_3 ∧ P_9_206_1_e_4 ∧ P_9_206_1_e_5,None,Conjunction (Conj): Rule 7,VALIDATED,PASS,PASS,Declarative/definitional statement. Conditional triggers detected: subject_to.,HIGH
9,9.206-1(e)(1),P_9_206_1_e_1,"(1) Use presolicitation notices as appropriate to advise potential suppliers before issuing solicitations involving qualification requirements. The notices must identify the specification containing the qualification requirement and establish an allowable time period, consistent with delivery requirements, for prospective offerors to demonstrate their abilities to meet the qualification standards.","P_9_206_1_e_1: Use presolicitation notices as appropriate to advise potential suppliers before issuing solicitations involving qualification requirements. The notices must identify the specification containing the qualification requirement and establish an allowable time period, consistent with delivery requirements, for prospective offerors to demonstrate their abilities to meet the qualification standards.",P_9_206_1_e_1_cond ⊃ P_9_206_1_e_1,None,Material Implication (Impl): Rule 15 [HIGH-RISK],PENDING_REVIEW,PASS,PASS,Mandatory requirement (shall/must). Conditional triggers detected: before. Material implication used [HIGH-RISK Rule 15].,MEDIUM
9,9.206-1(e)(2),P_9_206_1_e_2,(2) Distribute solicitations to prospective contractors whether or not they have been identified as meeting applicable qualification requirements.,P_9_206_1_e_2: Distribute solicitations to prospective contractors whether or not they have been identified as meeting applicable qualification requirements.,P_9_206_1_e_2,None,Atomic proposition (no transformation),VALIDATED,PASS,PASS,Declarative/definitional statement.,HIGH
9,9.206-1(e)(3),P_9_206_1_e_3,"(3) When appropriate, request in accordance with agency procedures that a qualification requirement not be enforced in a particular acquisition and, if granted, so specify in the solicitation (see 9.206-1(b)).","P_9_206_1_e_3: When appropriate, request in accordance with agency procedures that a qualification requirement not be enforced in a particular acquisition and, if granted, so specify in the solicitation (see 9.206-1(b)).",P_9_206_1_e_3_cond ⊃ P_9_206_1_e_3,P_9_206_1_b,Material Implication (Impl): Rule 15 [HIGH-RISK],PENDING_REVIEW,PASS,PASS,"Declarative/definitional statement. Conditional triggers detected: if, when. Material implication used [HIGH-RISK Rule 15].",MEDIUM
9,9.206-1(e)(4),P_9_206_1_e_4,(4) Forward requests from potential suppliers for information on a qualification requirement to the agency activity responsible for establishing the requirement.,P_9_206_1_e_4: Forward requests from potential suppliers for information on a qualification requirement to the agency activity responsible for establishing the requirement.,P_9_206_1_e_4,None,Atomic proposition (no transformation),VALIDATED,PASS,PASS,Declarative/definitional statement.,HIGH
9,9.206-1(e)(5),P_9_206_1_e_5,"(5) Allow the maximum time, consistent with delivery requirements, between issuing the solicitation and the contract award. As a minimum, comply with the time frames specified in part 5 when applicable.","P_9_206_1_e_5: Allow the maximum time, consistent with delivery requirements, between issuing the solicitation and the contract award. As a minimum, comply with the time frames specified in part 5 when applicable.",P_9_206_1_e_5_cond ⊃ P_9_206_1_e_5,P_5_EXT,Material Implication (Impl): Rule 15 [HIGH-RISK],PENDING_REVIEW,PASS,PASS,Declarative/definitional statement. Conditional triggers detected: when. Material implication used [HIGH-RISK Rule 15]. External references: Part_5.,MEDIUM
9,9.206-2,P_9_206_2,"9.206-2 Contract clause. Insert the clause at 52.209-1, Qualification Requirements, in solicitations and contracts when the acquisition is subject to a qualification requirement.","P_9_206_2: 9.206-2 Contract clause. Insert the clause at 52.209-1, Qualification Requirements, in solicitations and contracts when the acquisition is subject to a qualification requirement.",P_9_206_2_cond ⊃ P_9_206_2,P_52_209_1,Material Implication (Impl): Rule 15 [HIGH-RISK],PENDING_REVIEW,PASS,PASS,"Declarative/definitional statement. Conditional triggers detected: when, subject_to. Material implication used [HIGH-RISK Rule 15]. External references: 52.209-1.",MEDIUM
9,9.206-3,P_9_206_3,9.206-3 Competition.,P_9_206_3: ,P_9_206_3 = P_9_206_3_a ∧ P_9_206_3_b,None,Conjunction (Conj): Rule 7,VALIDATED,PASS,PASS,Declarative/definitional statement.,HIGH
9,9.206-3(a),P_9_206_3_a,"(a) Presolicitation. If a qualification requirement applies to an acquisition, review the applicable QPL, QML, or QBL or other identification of those sources meeting the requirement before issuing a solicitation to ascertain whether the number of sources is adequate for competition. If the number of sources is inadequate, request the agency activity which established the requirement to—","P_9_206_3_a: Presolicitation. If a qualification requirement applies to an acquisition, review the applicable QPL, QML, or QBL or other identification of those sources meeting the requirement before issuing a solicitation to ascertain whether the number of sources is adequate for competition. If the number of sources is inadequate, request the agency activity which established the requirement to—",P_9_206_3_a = P_9_206_3_a_1 ∧ P_9_206_3_a_2,None,Conjunction (Conj): Rule 7,VALIDATED,PASS,PASS,"Declarative/definitional statement. Conditional triggers detected: if, before.",MEDIUM
9,9.206-3(a)(1),P_9_206_3_a_1,(1) Indicate the anticipated date on which any sources presently undergoing evaluation will have demonstrated their abilities to meet the qualification to allow for rescheduling; or,P_9_206_3_a_1: Indicate the anticipated date on which any sources presently undergoing evaluation will have demonstrated their abilities to meet the qualification to allow for rescheduling; or,P_9_206_3_a_1,None,Atomic proposition (no transformation),VALIDATED,PASS,PASS,Declarative/definitional statement.,HIGH
9,9.206-3(a)(2),P_9_206_3_a_2,(2) Indicate whether a means other than the qualification requirement is feasible for testing or demonstrating quality assurance.,P_9_206_3_a_2: Indicate whether a means other than the qualification requirement is feasible for testing or demonstrating quality assurance.,P_9_206_3_a_2,None,Atomic proposition (no transformation),VALIDATED,PASS,PASS,Declarative/definitional statement.,HIGH
9,9.206-3(b),P_9_206_3_b,"(b) Postsolicitation. Submit to the agency activity that established the qualification requirement the names and addresses of concerns that expressed interest in the acquisition but are not included on the applicable QPL, QML, or QBL or identified as meeting the qualification requirement. The activity will then assist interested concerns in meeting the standards specified for qualification (see 9.202(a)(3) and (5)).","P_9_206_3_b: Postsolicitation. Submit to the agency activity that established the qualification requirement the names and addresses of concerns that expressed interest in the acquisition but are not included on the applicable QPL, QML, or QBL or identified as meeting the qualification requirement. The activity will then assist interested concerns in meeting the standards specified for qualification (see 9.202(a)(3) and (5)).",P_9_206_3_b,P_9_202_a_3,Atomic proposition (no transformation),VALIDATED,PASS,PASS,Declarative/definitional statement.,HIGH
9,9.207,P_9_207,9.207 Changes in status regarding qualification requirements.,P_9_207: 9.207 Changes in status regarding qualification requirements.,P_9_207 = P_9_207_a ∧ P_9_207_b,None,Conjunction (Conj): Rule 7,VALIDATED,PASS,PASS,Declarative/definitional statement.,HIGH
9,9.207(a),P_9_207_a,"(a) Promptly report to the agency activity that established the qualification requirement any conditions meriting removal or omission from a QPL, QML, or QBL or that affect whether a source should continue as identified as meeting the requirement. These conditions exist when—","P_9_207_a: Promptly report to the agency activity that established the qualification requirement any conditions meriting removal or omission from a QPL, QML, or QBL or that affect whether a source should continue as identified as meeting the requirement. These conditions exist when—",P_9_207_a = P_9_207_a_1 ∧ P_9_207_a_2 ∧ P_9_207_a_3 ∧ P_9_207_a_4 ∧ P_9_207_a_5 ∧ P_9_207_a_6 ∧ P_9_207_a_7 ∧ P_9_207_a_8 ∧ P_9_207_a_9 ∧ P_9_207_a_10,None,Conjunction (Conj): Rule 7,PENDING_REVIEW,PASS,PASS,Advisory requirement (should) - not binding. Conditional triggers detected: when.,MEDIUM
9,9.207(a)(1),P_9_207_a_1,(1) Products or services are submitted for inspection or acceptance that do not meet the qualification requirement;,P_9_207_a_1: Products or services are submitted for inspection or acceptance that do not meet the qualification requirement;,~P_9_207_a_1,None,Negation (Neg): Rule 10,VALIDATED,PASS,PASS,Prohibition (shall not/do not).,HIGH
9,9.207(a)(2),P_9_207_a_2,(2) Products or services were previously rejected and the defects were not corrected when resubmitted for inspection or acceptance;,P_9_207_a_2: Products or services were previously rejected and the defects were not corrected when resubmitted for inspection or acceptance;,P_9_207_a_2_cond ⊃ P_9_207_a_2,None,Material Implication (Impl): Rule 15 [HIGH-RISK],PENDING_REVIEW,PASS,PASS,Declarative/definitional statement. Conditional triggers detected: when. Material implication used [HIGH-RISK Rule 15].,MEDIUM
9,9.207(a)(3),P_9_207_a_3,"(3) A supplier fails to request reevaluation following change of location or ownership of the plant where the product which met the qualification requirement was manufactured (see the clause at 52.209-1, Qualification Requirements);","P_9_207_a_3: A supplier fails to request reevaluation following change of location or ownership of the plant where the product which met the qualification requirement was manufactured (see the clause at 52.209-1, Qualification Requirements);",P_9_207_a_3_cond ⊃ P_9_207_a_3,P_52_209_1,Material Implication (Impl): Rule 15 [HIGH-RISK],PENDING_REVIEW,PASS,PASS,Declarative/definitional statement. Conditional triggers detected: where. Material implication used [HIGH-RISK Rule 15]. External references: 52.209-1.,MEDIUM
9,9.207(a)(4),P_9_207_a_4,(4) A manufacturer of a product which met the qualification requirement has discontinued manufacture of the product;,P_9_207_a_4: A manufacturer of a product which met the qualification requirement has discontinued manufacture of the product;,P_9_207_a_4,None,Atomic proposition (no transformation),VALIDATED,PASS,PASS,Declarative/definitional statement.,HIGH
9,9.207(a)(5),P_9_207_a_5,"(5) A source requests removal from a QPL, QML, or QBL;","P_9_207_a_5: A source requests removal from a QPL, QML, or QBL;",P_9_207_a_5,None,Atomic proposition (no transformation),VALIDATED,PASS,PASS,Declarative/definitional statement.,HIGH
9,9.207(a)(6),P_9_207_a_6,"(6) A condition of meeting the qualification requirement was violated; e.g., advertising or publicity contrary to 9.204(b)(7)(v);","P_9_207_a_6_a: A condition of meeting the qualification requirement was violated; P_9_207_a_6_b: e.g., advertising or publicity contrary to 9.204(b)(7)(v)",P_9_207_a_6 = P_9_207_a_6_a ∨ P_9_207_a_6_b,P_9_204_b_7,Addition (Add): Rule 8,VALIDATED,PASS,PASS,Declarative/definitional statement.,HIGH
9,9.207(a)(7),P_9_207_a_7,(7) A revised specification imposes a new qualification requirement;,P_9_207_a_7: A revised specification imposes a new qualification requirement;,P_9_207_a_7,None,Atomic proposition (no transformation),VALIDATED,PASS,PASS,Declarative/definitional statement.,HIGH
9,9.207(a)(8),P_9_207_a_8,(8) Manufacturing or design changes have been incorporated in the qualification requirement;,P_9_207_a_8: Manufacturing or design changes have been incorporated in the qualification requirement;,P_9_207_a_8,None,Atomic proposition (no transformation),VALIDATED,PASS,PASS,Declarative/definitional statement.,HIGH
9,9.207(a)(9),P_9_207_a_9,(9) The source is listed in the System for Award Management Exclusions (see subpart  9.4); or,P_9_207_a_9_a: The source is listed in the System for Award Management Exclusions (see subpart  9.4),P_9_207_a_9,P_9_EXT,Atomic proposition (no transformation),VALIDATED,PASS,PASS,Declarative/definitional statement. External references: Part_9.,HIGH
9,9.207(a)(10),P_9_207_a_10,(10) Performance of a contract subject to a qualification requirement is otherwise unsatisfactory.,P_9_207_a_10: Performance of a contract subject to a qualification requirement is otherwise unsatisfactory.,P_9_207_a_10,None,Atomic proposition (no transformation),VALIDATED,PASS,PASS,Declarative/definitional statement. Conditional triggers detected: subject_to.,HIGH
9,9.207(b),P_9_207_b,"(b) After considering these or other conditions related to whether a product or source continues to meet the standards specified for qualification, an agency may take appropriate action without advance notification. The agency must, however, promptly notify the affected parties if a product or source is removed from a QPL, QML, or QBL, or will no longer be identified as meeting the standards specified for qualification. This notice must contain specific information why the product or source no longer meets the qualification requirement.","P_9_207_b: After considering these or other conditions related to whether a product or source continues to meet the standards specified for qualification, an agency may take appropriate action without advance notification. The agency must, however, promptly notify the affected parties if a product or source is removed from a QPL, QML, or QBL, or will no longer be identified as meeting the standards specified for qualification. This notice must contain specific information why the product or source no longer meets the qualification requirement.",P_9_207_b_cond ⊃ P_9_207_b,None,Material Implication (Impl): Rule 15 [HIGH-RISK],PENDING_REVIEW,PASS,PASS,"Mandatory requirement (shall/must). Conditional triggers detected: if, after. Material implication used [HIGH-RISK Rule 15].",MEDIUM
9,9.301,P_9_301,9.301 Definition. As used in this subpart— Approval means the contracting officer’s written notification to the contractor accepting the test results of the first article.,P_9_301: As used in this subpart— Approval means the contracting officer’s written notification to the contractor accepting the test results of the first article.,P_9_301,None,Atomic proposition (no transformation),VALIDATED,PASS,PASS,Declarative/definitional statement.,HIGH
9,9.302,P_9_302,"9.302 General. First article testing and approval (testing and approval) ensures that the contractor can furnish a product conforming to all contract requirements for acceptance. Before requiring testing and approval, consider the—","P_9_302: First article testing and approval (testing and approval) ensures that the contractor can furnish a product conforming to all contract requirements for acceptance. Before requiring testing and approval, consider the—",P_9_302 = P_9_302_a ∧ P_9_302_b ∧ P_9_302_c,None,Conjunction (Conj): Rule 7,VALIDATED,PASS,PASS,Declarative/definitional statement. Conditional triggers detected: before.,HIGH
9,9.302(a),P_9_302_a,(a) Impact on cost or time of delivery;,P_9_302_a: Impact on cost or time of delivery;,P_9_302_a,None,Atomic proposition (no transformation),VALIDATED,PASS,PASS,Declarative/definitional statement.,HIGH
9,9.302(b),P_9_302_b,(b) Risk to the Government of foregoing such test; and,P_9_302_b_a: Risk to the Government of foregoing such test,P_9_302_b,None,Atomic proposition (no transformation),VALIDATED,PASS,PASS,Declarative/definitional statement.,HIGH
9,9.302(c),P_9_302_c,"(c) Availability of other, less costly, methods of ensuring the desired quality.","P_9_302_c: Availability of other, less costly, methods of ensuring the desired quality.",P_9_302_c,None,Atomic proposition (no transformation),VALIDATED,PASS,PASS,Declarative/definitional statement.,HIGH
9,9.303,P_9_303,9.303 Use. Testing and approval may be appropriate when-,P_9_303: Testing and approval may be appropriate when-,P_9_303 = P_9_303_a ∧ P_9_303_b ∧ P_9_303_c ∧ P_9_303_d,None,Conjunction (Conj): Rule 7,PENDING_REVIEW,PASS,PASS,Permissive authority (may) creates discretionary action. Conditional triggers detected: when.,MEDIUM
9,9.303(a),P_9_303_a,(a) The contractor has not previously furnished the product to the Government;,P_9_303_a: The contractor has not previously furnished the product to the Government;,P_9_303_a,None,Atomic proposition (no transformation),VALIDATED,PASS,PASS,Declarative/definitional statement.,HIGH
9,9.303(b),P_9_303_b,"(b) The contractor previously furnished the product to the Government, but-","P_9_303_b: The contractor previously furnished the product to the Government, but-",P_9_303_b = P_9_303_b_1 ∧ P_9_303_b_2 ∧ P_9_303_b_3,None,Conjunction (Conj): Rule 7,VALIDATED,PASS,PASS,Declarative/definitional statement.,HIGH
9,9.303(b)(1),P_9_303_b_1,(1) Subsequent changes in processes or specifications have occurred;,P_9_303_b_1: Subsequent changes in processes or specifications have occurred;,P_9_303_b_1,None,Atomic proposition (no transformation),VALIDATED,PASS,PASS,Declarative/definitional statement.,HIGH
9,9.303(b)(2),P_9_303_b_2,(2) Production has been discontinued for an extended period of time; or,P_9_303_b_2_a: Production has been discontinued for an extended period of time,P_9_303_b_2,None,Atomic proposition (no transformation),VALIDATED,PASS,PASS,Declarative/definitional statement.,HIGH
9,9.303(b)(3),P_9_303_b_3,(3) The product acquired under a previous contract developed a problem during its life.,P_9_303_b_3: The product acquired under a previous contract developed a problem during its life.,P_9_303_b_3,None,Atomic proposition (no transformation),VALIDATED,PASS,PASS,Declarative/definitional statement.,HIGH
9,9.303(c),P_9_303_c,(c) The product is described by a performance specification; or,P_9_303_c_a: The product is described by a performance specification,P_9_303_c,None,Atomic proposition (no transformation),VALIDATED,PASS,PASS,Declarative/definitional statement.,HIGH
9,9.303(d),P_9_303_d,(d) An approved first article is essential to serve as a manufacturing standard.,P_9_303_d: An approved first article is essential to serve as a manufacturing standard.,P_9_303_d,None,Atomic proposition (no transformation),VALIDATED,PASS,PASS,Declarative/definitional statement.,HIGH
9,9.304,P_9_304,"9.304 Exceptions. Normally, do not require testing and approval in contracts for—","P_9_304: Normally, do not require testing and approval in contracts for—",P_9_304 = P_9_304_a ∧ P_9_304_b ∧ P_9_304_c ∧ P_9_304_d,None,Conjunction (Conj): Rule 7,VALIDATED,PASS,PASS,Prohibition (shall not/do not).,HIGH
9,9.304(a),P_9_304_a,(a) Research or development;,P_9_304_a: Research or development;,P_9_304_a,None,Atomic proposition (no transformation),VALIDATED,PASS,PASS,Declarative/definitional statement.,HIGH
9,9.304(b),P_9_304_b,"(b) Products requiring qualification before award (e.g., when an applicable qualified products list exists (see subpart  9.2));","P_9_304_b: Products requiring qualification before award (e.g., when an applicable qualified products list exists (see subpart  9.2));",P_9_304_b_cond ⊃ P_9_304_b,P_9_EXT,Material Implication (Impl): Rule 15 [HIGH-RISK],PENDING_REVIEW,PASS,PASS,"Declarative/definitional statement. Conditional triggers detected: when, before. Material implication used [HIGH-RISK Rule 15]. External references: Part_9.",MEDIUM
9,9.304(c),P_9_304_c,(c) Products normally sold in the commercial market; or,P_9_304_c_a: Products normally sold in the commercial market,P_9_304_c,None,Atomic proposition (no transformation),VALIDATED,PASS,PASS,Declarative/definitional statement.,HIGH
9,9.304(d),P_9_304_d,"(d) Products covered by complete and detailed technical specifications, unless the requirements are so novel or exacting that the products might not meet the requirements without testing and approval.","P_9_304_d: Products covered by complete and detailed technical specifications, unless the requirements are so novel or exacting that the products might not meet the requirements without testing and approval.",~P_9_304_d_except ⊃ P_9_304_d,None,Material Implication (Impl): Rule 15 [HIGH-RISK]; Negation (Neg): Rule 10,PENDING_REVIEW,PASS,PASS,Declarative/definitional statement. Conditional triggers detected: unless. Material implication used [HIGH-RISK Rule 15].,MEDIUM
9,9.305,P_9_305,9.305 Risk.,P_9_305: ,P_9_305 = P_9_305_a ∧ P_9_305_b,None,Conjunction (Conj): Rule 7,VALIDATED,PASS,PASS,Declarative/definitional statement.,HIGH
9,9.305(a),P_9_305_a,"(a) To minimize contractor risk, provide sufficient time in the delivery schedule for acquisition of materials and components as well as for production after receipt of first article approval.","P_9_305_a: To minimize contractor risk, provide sufficient time in the delivery schedule for acquisition of materials and components as well as for production after receipt of first article approval.",P_9_305_a,None,Atomic proposition (no transformation),VALIDATED,PASS,PASS,Declarative/definitional statement. Conditional triggers detected: after.,HIGH
9,9.305(b),P_9_305_b,"(b) Notwithstanding paragraph (a), the contracting officer may, before approval of the first article, authorize the contractor to acquire specific materials or components or commence production to the extent necessary to meet the delivery schedule (see Alternate II of the clause at 52.209-3, First Article Approval—Contractor Testing, and Alternate II of the clause at 52.209-4, First Article Approval—Government Testing. Costs incurred based on this authorization are allocable to the contract for—","P_9_305_b: Notwithstanding paragraph (a), the contracting officer may, before approval of the first article, authorize the contractor to acquire specific materials or components or commence production to the extent necessary to meet the delivery schedule (see Alternate II of the clause at 52.209-3, First Article Approval—Contractor Testing, and Alternate II of the clause at 52.209-4, First Article Approval—Government Testing. Costs incurred based on this authorization are allocable to the contract for—",P_9_305_b = P_9_305_b_1 ∧ P_9_305_b_2,P_52_209_3; P_52_209_4,Conjunction (Conj): Rule 7,PENDING_REVIEW,PASS,PASS,"Permissive authority (may) creates discretionary action. Conditional triggers detected: before. External references: 52.209-4, 52.209-3.",MEDIUM
9,9.305(b)(1),P_9_305_b_1,(1) Progress payments; and,P_9_305_b_1_a: Progress payments,P_9_305_b_1,None,Atomic proposition (no transformation),VALIDATED,PASS,PASS,Declarative/definitional statement.,HIGH
9,9.305(b)(2),P_9_305_b_2,(2) Termination settlements if the contract is terminated for the convenience of the Government.,P_9_305_b_2: Termination settlements if the contract is terminated for the convenience of the Government.,P_9_305_b_2_cond ⊃ P_9_305_b_2,None,Material Implication (Impl): Rule 15 [HIGH-RISK],PENDING_REVIEW,PASS,PASS,Declarative/definitional statement. Conditional triggers detected: if. Material implication used [HIGH-RISK Rule 15].,MEDIUM
9,9.306,P_9_306,9.306 Solicitation requirements. Solicitations including a testing and approval requirement must—,P_9_306: 9.306 Solicitation requirements. Solicitations including a testing and approval requirement must—,P_9_306 = P_9_306_a ∧ P_9_306_b ∧ P_9_306_c ∧ P_9_306_d ∧ P_9_306_e ∧ P_9_306_f ∧ P_9_306_g ∧ P_9_306_h ∧ P_9_306_i ∧ P_9_306_j,None,Conjunction (Conj): Rule 7,VALIDATED,PASS,PASS,Mandatory requirement (shall/must).,HIGH
9,9.306(a),P_9_306_a,"(a) Provide, where the contractor is responsible for the first article approval testing—","P_9_306_a: Provide, where the contractor is responsible for the first article approval testing—",P_9_306_a = P_9_306_a_1 ∧ P_9_306_a_2 ∧ P_9_306_a_3,None,Conjunction (Conj): Rule 7,VALIDATED,PASS,PASS,Declarative/definitional statement. Conditional triggers detected: where.,HIGH
9,9.306(a)(1),P_9_306_a_1,(1) The performance or other characteristics that the first article must meet for approval;,P_9_306_a_1: The performance or other characteristics that the first article must meet for approval;,P_9_306_a_1,None,Atomic proposition (no transformation),VALIDATED,PASS,PASS,Mandatory requirement (shall/must).,HIGH
9,9.306(a)(2),P_9_306_a_2,(2) The detailed technical requirements for the tests necessary for approval; and,P_9_306_a_2_a: The detailed technical requirements for the tests necessary for approval,P_9_306_a_2,None,Atomic proposition (no transformation),VALIDATED,PASS,PASS,Declarative/definitional statement.,HIGH
9,9.306(a)(3),P_9_306_a_3,(3) The data the contractor must submit in the first article approval test report;,P_9_306_a_3: The data the contractor must submit in the first article approval test report;,P_9_306_a_3,None,Atomic proposition (no transformation),VALIDATED,PASS,PASS,Mandatory requirement (shall/must).,HIGH
9,9.306(b),P_9_306_b,"(b) Provide, where the Government is responsible for the first article approval testing—","P_9_306_b: Provide, where the Government is responsible for the first article approval testing—",P_9_306_b = P_9_306_b_1 ∧ P_9_306_b_2,None,Conjunction (Conj): Rule 7,VALIDATED,PASS,PASS,Declarative/definitional statement. Conditional triggers detected: where.,HIGH
9,9.306(b)(1),P_9_306_b_1,(1) The performance or other characteristics that the first article must meet for approval; and,P_9_306_b_1_a: The performance or other characteristics that the first article must meet for approval,P_9_306_b_1,None,Atomic proposition (no transformation),VALIDATED,PASS,PASS,Mandatory requirement (shall/must).,HIGH
9,9.306(b)(2),P_9_306_b_2,(2) The tests to which the first article will be subjected for approval;,P_9_306_b_2: The tests to which the first article will be subjected for approval;,P_9_306_b_2,None,Atomic proposition (no transformation),VALIDATED,PASS,PASS,Declarative/definitional statement.,HIGH
9,9.306(c),P_9_306_c,(c) Inform offerors that the requirement may be waived when supplies identical or similar to those called for have previously been delivered by the offeror and accepted by the Government (see 52.209-3(h) and 52.209- 4(i));,P_9_306_c: Inform offerors that the requirement may be waived when supplies identical or similar to those called for have previously been delivered by the offeror and accepted by the Government (see 52.209-3(h) ,P_9_306_c_cond ⊃ (P_9_306_c ∨ ~P_9_306_c),P_52_209; P_52_209_3; P_52_209_3(h),Addition (Add): Rule 8; Material Implication (Impl): Rule 15 [HIGH-RISK]; Negation (Neg): Rule 10,PENDING_REVIEW,PASS,PASS,"Permissive authority (may) creates discretionary action. Conditional triggers detected: when. Material implication used [HIGH-RISK Rule 15]. Tautological structure represents unrestricted discretion. External references: 52.209-3(h), 52.209, 52.209-3.",MEDIUM
9,9.306(d),P_9_306_d,"(d) Permit the submission of alternative offers, i.e., one including and the other excluding testing and approval (if eligible under paragraph (c) of this section);","P_9_306_d: Permit the submission of alternative offers, i.e., one including and the other excluding testing and approval (if eligible under paragraph (c) of this section);",P_9_306_d_cond ⊃ P_9_306_d,None,Material Implication (Impl): Rule 15 [HIGH-RISK],PENDING_REVIEW,PASS,PASS,Declarative/definitional statement. Conditional triggers detected: if. Material implication used [HIGH-RISK Rule 15].,MEDIUM
9,9.306(e),P_9_306_e,"(e) State clearly the first article's relationship to the contract quantity (see paragraph (e) of the clause at 52.209-3, First Article Approval—Contractor Testing, or 52.209-4, First Article Approval—Government Testing);","P_9_306_e: State clearly the first article's relationship to the contract quantity (see paragraph (e) of the clause at 52.209-3, First Article Approval—Contractor Testing, or 52.209-4, First Article Approval—Government Testing);",P_9_306_e,P_52_209_3; P_52_209_4,Atomic proposition (no transformation),VALIDATED,PASS,PASS,"Declarative/definitional statement. External references: 52.209-4, 52.209-3.",HIGH
9,9.306(f),P_9_306_f,(f) Contain a delivery schedule for the production quantity (see 11.403). The delivery schedule may—,P_9_306_f: Contain a delivery schedule for the production quantity (see 11.403). The delivery schedule may—,P_9_306_f = P_9_306_f_1 ∧ P_9_306_f_2,P_11_403,Conjunction (Conj): Rule 7,VALIDATED,PASS,PASS,Permissive authority (may) creates discretionary action. External references: 11.403.,MEDIUM
9,9.306(f)(1),P_9_306_f_1,(1) Be the same whether or not testing and approval is waived; or,P_9_306_f_1_a: Be the same whether or not testing and approval is waived,P_9_306_f_1,None,Atomic proposition (no transformation),VALIDATED,PASS,PASS,Declarative/definitional statement.,HIGH
9,9.306(f)(2),P_9_306_f_2,"(2) Provide for earlier delivery when testing and approval is waived and the Government requires earlier delivery. In the latter case, any resulting difference in delivery schedules must not be an evaluation factor for award. The clause at 52.209-4, First Article Approval—Government Testing, must contain the delivery schedule for the first article;","P_9_306_f_2: Provide for earlier delivery when testing and approval is waived and the Government requires earlier delivery. In the latter case, any resulting difference in delivery schedules must not be an evaluation factor for award. The clause at 52.209-4, First Article Approval—Government Testing, must contain the delivery schedule for the first article;",~P_9_306_f_2,P_52_209_4,Negation (Neg): Rule 10,VALIDATED,PASS,PASS,Prohibition (shall not/do not). Conditional triggers detected: when. External references: 52.209-4.,HIGH
9,9.306(g),P_9_306_g,"(g) Provide for the submission of contract numbers, if any, to document the offeror's eligibility under paragraph (c) of this section;","P_9_306_g: Provide for the submission of contract numbers, if any, to document the offeror's eligibility under paragraph (c) of this section;",P_9_306_g_cond ⊃ P_9_306_g,None,Material Implication (Impl): Rule 15 [HIGH-RISK],PENDING_REVIEW,PASS,PASS,Declarative/definitional statement. Conditional triggers detected: if. Material implication used [HIGH-RISK Rule 15].,MEDIUM
9,9.306(h),P_9_306_h,(h) State whether the approved first article will serve as a manufacturing standard;,P_9_306_h: State whether the approved first article will serve as a manufacturing standard;,P_9_306_h,None,Atomic proposition (no transformation),VALIDATED,PASS,PASS,Declarative/definitional statement.,HIGH
9,9.306(i),P_9_306_i,"(i) Include the Government’s estimated testing costs as an evaluation factor, if appropriate, when the Government is responsible for first article testing; and","P_9_306_i: Include the Government’s estimated testing costs as an evaluation factor, if appropriate, when the Government is responsible for first article testing; and",P_9_306_i_cond ⊃ P_9_306_i,None,Material Implication (Impl): Rule 15 [HIGH-RISK],PENDING_REVIEW,PASS,PASS,"Declarative/definitional statement. Conditional triggers detected: if, when. Material implication used [HIGH-RISK Rule 15].",MEDIUM
9,9.306(j),P_9_306_j,(j) Inform offerors that the prices for first articles and first article tests in relation to production quantities must not be materially unbalanced (see 15.404-1(g)) if first article test items or tests are to be separately priced.,P_9_306_j: Inform offerors that the prices for first articles and first article tests in relation to production quantities must not be materially unbalanced (see 15.404-1(g)) if first article test items or tests are to be separately priced.,P_9_306_j_cond ⊃ ~P_9_306_j,P_15_404_1(g),Material Implication (Impl): Rule 15 [HIGH-RISK]; Negation (Neg): Rule 10,PENDING_REVIEW,PASS,PASS,Prohibition (shall not/do not). Conditional triggers detected: if. External references: 15.404-1(g).,MEDIUM
9,9.307,P_9_307,9.307 Administrative procedures.,P_9_307: 9.307 Administrative procedures.,P_9_307 = P_9_307_a ∧ P_9_307_b,None,Conjunction (Conj): Rule 7,VALIDATED,PASS,PASS,Declarative/definitional statement.,HIGH
9,9.307(a),P_9_307_a,"(a) Before the contractor ships the first article, or the first article test report, to the Government laboratory or other activity responsible for approval, the contract administration office must provide that activity with as much advance notification as is feasible of the forthcoming shipment, and—","P_9_307_a: Before the contractor ships the first article, or the first article test report, to the Government laboratory or other activity responsible for approval, the contract administration office must provide that activity with as much advance notification as is feasible of the forthcoming shipment, and—",P_9_307_a = P_9_307_a_1 ∧ P_9_307_a_2 ∧ P_9_307_a_3,None,Conjunction (Conj): Rule 7,VALIDATED,PASS,PASS,Mandatory requirement (shall/must). Conditional triggers detected: before.,HIGH
9,9.307(a)(1),P_9_307_a_1,"(1) Advise that activity of the contractual requirements for testing and approval, or evaluation, as appropriate;","P_9_307_a_1: Advise that activity of the contractual requirements for testing and approval, or evaluation, as appropriate;",P_9_307_a_1,None,Atomic proposition (no transformation),VALIDATED,PASS,PASS,Declarative/definitional statement.,HIGH
9,9.307(a)(2),P_9_307_a_2,"(2) Call attention to the notice requirement in paragraph (b) of the clause at 52.209-3, First Article Approval—Contractor Testing, or 52.209-4, First Article Approval—Government Testing; and","P_9_307_a_2: Call attention to the notice requirement in paragraph (b) of the clause at 52.209-3, First Article Approval—Contractor Testing, or 52.209-4, First Article Approval—Government Testing; and",P_9_307_a_2,P_52_209_3; P_52_209_4,Atomic proposition (no transformation),VALIDATED,PASS,PASS,"Declarative/definitional statement. External references: 52.209-4, 52.209-3.",HIGH
9,9.307(a)(3),P_9_307_a_3,(3) Request that the activity inform the contract administration office of the date when testing or evaluation will be completed.,P_9_307_a_3: Request that the activity inform the contract administration office of the date when testing or evaluation will be completed.,P_9_307_a_3_cond ⊃ P_9_307_a_3,None,Material Implication (Impl): Rule 15 [HIGH-RISK],PENDING_REVIEW,PASS,PASS,Declarative/definitional statement. Conditional triggers detected: when. Material implication used [HIGH-RISK Rule 15].,MEDIUM
9,9.307(b),P_9_307_b,"(b) The Government laboratory or other activity responsible for first article testing or evaluation must inform the contracting office whether to approve, conditionally approve, or disapprove the first article. The contracting officer must then notify the contractor of the action taken and furnish a copy of the notice to the contract administration office. The notice must include the first article shipment number, when available, and the applicable line item number. Make any necessary changes in the drawings, designs, or specifications only under the Changes clause.","P_9_307_b: The Government laboratory or other activity responsible for first article testing or evaluation must inform the contracting office whether to approve, conditionally approve, or disapprove the first article. The contracting officer must then notify the contractor of the action taken and furnish a copy of the notice to the contract administration office. The notice must include the first article shipment number, when available, and the applicable line item number. Make any necessary changes in the drawings, designs, or specifications only under the Changes clause.",P_9_307_b_cond ⊃ (P_9_307_b_a ∧ P_9_307_b_b),None,Conjunction (Conj): Rule 7; Material Implication (Impl): Rule 15 [HIGH-RISK],PENDING_REVIEW,PASS,PASS,Mandatory requirement (shall/must). Conditional triggers detected: when. Material implication used [HIGH-RISK Rule 15].,MEDIUM
9,9.308,P_9_308,9.308 Contract clauses.,P_9_308: 9.308 Contract clauses.,P_9_308,None,Atomic proposition (no transformation),VALIDATED,PASS,PASS,Declarative/definitional statement.,HIGH
9,9.308-1,P_9_308_1,9.308-1 Testing performed by the contractor. (a),P_9_308_1: 9.308-1 Testing performed by the contractor. (a),P_9_308_1 = P_9_308_1_a ∧ P_9_308_1_i ∧ P_9_308_1_b ∧ P_9_308_1_i,None,Conjunction (Conj): Rule 7,VALIDATED,PASS,PASS,Declarative/definitional statement.,HIGH
9,9.308-1(a),P_9_308_1_a,(a),P_9_308_1_a: Subsection (a),P_9_308_1_a = P_9_308_1_a_1,None,Conjunction (Conj): Rule 7,VALIDATED,PASS,PASS,Declarative/definitional statement.,HIGH
9,9.308-1(a)(1),P_9_308_1_a_1,"Insert the clause at 52.209-3, First Article Approval—Contractor Testing, in solicitations and contracts when intending a fixed-price contract that requires—","P_9_308_1_a_1: Insert the clause at 52.209-3, First Article Approval—Contractor Testing, in solicitations and contracts when intending a fixed-price contract that requires—",P_9_308_1_a_1_cond ⊃ P_9_308_1_a_1,P_52_209_3,Material Implication (Impl): Rule 15 [HIGH-RISK],PENDING_REVIEW,PASS,PASS,Declarative/definitional statement. Conditional triggers detected: when. Material implication used [HIGH-RISK Rule 15]. External references: 52.209-3.,MEDIUM
9,9.308-1(i),P_9_308_1_i,(i) First article approval; and,P_9_308_1_i_a: First article approval,P_9_308_1_i = P_9_308_1_i_ii ∧ P_9_308_1_i_2 ∧ P_9_308_1_i_3 ∧ P_9_308_1_i_ii ∧ P_9_308_1_i_2 ∧ P_9_308_1_i_3 ∧ P_9_308_1_i_ii ∧ P_9_308_1_i_2 ∧ P_9_308_1_i_3 ∧ P_9_308_1_i_ii ∧ P_9_308_1_i_2 ∧ P_9_308_1_i_3,None,Conjunction (Conj): Rule 7,VALIDATED,PASS,PASS,Declarative/definitional statement.,HIGH
9,9.308-1(i)(ii),P_9_308_1_i_ii,(ii) The contractor to conduct the first article test.,P_9_308_1_i_ii: The contractor to conduct the first article test.,P_9_308_1_i_ii,None,Atomic proposition (no transformation),VALIDATED,PASS,PASS,Declarative/definitional statement.,HIGH
9,9.308-1(i)(2),P_9_308_1_i_2,(2) Insert the clause in paragraph (1) with its Alternate I where the contract requires the contractor to produce the first article and the production quantity at the same facility.,P_9_308_1_i_2: Insert the clause in paragraph (1) with its Alternate I where the contract requires the contractor to produce the first article and the production quantity at the same facility.,P_9_308_1_i_2_cond ⊃ P_9_308_1_i_2,None,Material Implication (Impl): Rule 15 [HIGH-RISK],PENDING_REVIEW,PASS,PASS,Declarative/definitional statement. Conditional triggers detected: where. Material implication used [HIGH-RISK Rule 15].,MEDIUM
9,9.308-1(i)(3),P_9_308_1_i_3,(3) Insert the clause in paragraph (1) with its Alternate II where necessary to authorize the contractor to purchase material or to commence production before first article approval.,P_9_308_1_i_3: Insert the clause in paragraph (1) with its Alternate II where necessary to authorize the contractor to purchase material or to commence production before first article approval.,P_9_308_1_i_3_cond ⊃ P_9_308_1_i_3,None,Material Implication (Impl): Rule 15 [HIGH-RISK],PENDING_REVIEW,PASS,PASS,"Declarative/definitional statement. Conditional triggers detected: where, before. Material implication used [HIGH-RISK Rule 15].",MEDIUM
9,9.308-1(b),P_9_308_1_b,(b),P_9_308_1_b: Subsection (b),P_9_308_1_b = P_9_308_1_b_1,None,Conjunction (Conj): Rule 7,VALIDATED,PASS,PASS,Declarative/definitional statement.,HIGH
9,9.308-1(b)(1),P_9_308_1_b_1,"Insert a clause substantially the same as the clause at 52.209-3, First Article Approval—Contractor Testing, in solicitations and contracts when intending a cost-reimbursement contract that requires—","P_9_308_1_b_1: Insert a clause substantially the same as the clause at 52.209-3, First Article Approval—Contractor Testing, in solicitations and contracts when intending a cost-reimbursement contract that requires—",P_9_308_1_b_1_cond ⊃ P_9_308_1_b_1,P_52_209_3,Material Implication (Impl): Rule 15 [HIGH-RISK],PENDING_REVIEW,PASS,PASS,Declarative/definitional statement. Conditional triggers detected: when. Material implication used [HIGH-RISK Rule 15]. External references: 52.209-3.,MEDIUM
9,9.308-1(i),P_9_308_1_i_v2,(i) First article approval; and,P_9_308_1_i_a: First article approval,P_9_308_1_i = P_9_308_1_i_ii ∧ P_9_308_1_i_2 ∧ P_9_308_1_i_3 ∧ P_9_308_1_i_ii ∧ P_9_308_1_i_2 ∧ P_9_308_1_i_3 ∧ P_9_308_1_i_ii ∧ P_9_308_1_i_2 ∧ P_9_308_1_i_3 ∧ P_9_308_1_i_ii ∧ P_9_308_1_i_2 ∧ P_9_308_1_i_3,None,Conjunction (Conj): Rule 7,VALIDATED,PASS,PASS,Declarative/definitional statement.,HIGH
9,9.308-1(i)(ii),P_9_308_1_i_ii_v2,(ii) The contractor to conduct the first article test.,P_9_308_1_i_ii: The contractor to conduct the first article test.,P_9_308_1_i_ii,None,Atomic proposition (no transformation),VALIDATED,PASS,PASS,Declarative/definitional statement.,HIGH
9,9.308-1(i)(2),P_9_308_1_i_2_v2,(2) Insert the clause in paragraph (1) with its Alternate I where the contract requires the contractor to produce the first article and the production quantity at the same facility.,P_9_308_1_i_2: Insert the clause in paragraph (1) with its Alternate I where the contract requires the contractor to produce the first article and the production quantity at the same facility.,P_9_308_1_i_2_cond ⊃ P_9_308_1_i_2,None,Material Implication (Impl): Rule 15 [HIGH-RISK],PENDING_REVIEW,PASS,PASS,Declarative/definitional statement. Conditional triggers detected: where. Material implication used [HIGH-RISK Rule 15].,MEDIUM
9,9.308-1(i)(3),P_9_308_1_i_3_v2,(3) Insert the clause in paragraph (1) with its Alternate II where necessary to authorize the contractor to purchase material or to commence production before first article approval.,P_9_308_1_i_3: Insert the clause in paragraph (1) with its Alternate II where necessary to authorize the contractor to purchase material or to commence production before first article approval.,P_9_308_1_i_3_cond ⊃ P_9_308_1_i_3,None,Material Implication (Impl): Rule 15 [HIGH-RISK],PENDING_REVIEW,PASS,PASS,"Declarative/definitional statement. Conditional triggers detected: where, before. Material implication used [HIGH-RISK Rule 15].",MEDIUM
9,9.308-2,P_9_308_2,9.308-2 Testing performed by the Government. (a),P_9_308_2: 9.308-2 Testing performed by the Government. (a),P_9_308_2 = P_9_308_2_a ∧ P_9_308_2_b ∧ P_9_308_2_i,None,Conjunction (Conj): Rule 7,VALIDATED,PASS,PASS,Declarative/definitional statement.,HIGH
9,9.308-2(a),P_9_308_2_a,(a),P_9_308_2_a: Subsection (a),P_9_308_2_a = P_9_308_2_a_1 ∧ P_9_308_2_a_2 ∧ P_9_308_2_a_3,None,Conjunction (Conj): Rule 7,VALIDATED,PASS,PASS,Declarative/definitional statement.,HIGH
9,9.308-2(a)(1),P_9_308_2_a_1,"Insert the clause at 52.209-4, First Article Approval—Government Testing, in solicitations and contracts when intending a fixed-price contract that requires first article approval and the Government will conduct the first article test.","P_9_308_2_a_1: Insert the clause at 52.209-4, First Article Approval—Government Testing, in solicitations and contracts when intending a fixed-price contract that requires first article approval and the Government will conduct the first article test.",P_9_308_2_a_1_cond ⊃ P_9_308_2_a_1,P_52_209_4,Material Implication (Impl): Rule 15 [HIGH-RISK],PENDING_REVIEW,PASS,PASS,Declarative/definitional statement. Conditional triggers detected: when. Material implication used [HIGH-RISK Rule 15]. External references: 52.209-4.,MEDIUM
9,9.308-2(a)(2),P_9_308_2_a_2,Use the clause with its Alternate I where the contract requires the contractor to produce the first article and the production quantity at the same facility.,P_9_308_2_a_2: Use the clause with its Alternate I where the contract requires the contractor to produce the first article and the production quantity at the same facility.,P_9_308_2_a_2_cond ⊃ P_9_308_2_a_2,None,Material Implication (Impl): Rule 15 [HIGH-RISK],PENDING_REVIEW,PASS,PASS,Declarative/definitional statement. Conditional triggers detected: where. Material implication used [HIGH-RISK Rule 15].,MEDIUM
9,9.308-2(a)(3),P_9_308_2_a_3,Use the clause with its Alternate II where necessary to authorize the contractor to purchase material or to commence production before first article approval.,P_9_308_2_a_3: Use the clause with its Alternate II where necessary to authorize the contractor to purchase material or to commence production before first article approval.,P_9_308_2_a_3_cond ⊃ P_9_308_2_a_3,None,Material Implication (Impl): Rule 15 [HIGH-RISK],PENDING_REVIEW,PASS,PASS,"Declarative/definitional statement. Conditional triggers detected: where, before. Material implication used [HIGH-RISK Rule 15].",MEDIUM
9,9.308-2(b),P_9_308_2_b,(b),P_9_308_2_b: Subsection (b),P_9_308_2_b = P_9_308_2_b_1,None,Conjunction (Conj): Rule 7,VALIDATED,PASS,PASS,Declarative/definitional statement.,HIGH
9,9.308-2(b)(1),P_9_308_2_b_1,"Insert a clause substantially the same as the clause at 52.209-3, First Article Approval—Contractor Testing, in solicitations and contracts when intending a cost-reimbursement contract that requires—","P_9_308_2_b_1: Insert a clause substantially the same as the clause at 52.209-3, First Article Approval—Contractor Testing, in solicitations and contracts when intending a cost-reimbursement contract that requires—",P_9_308_2_b_1_cond ⊃ P_9_308_2_b_1,P_52_209_4,Material Implication (Impl): Rule 15 [HIGH-RISK],PENDING_REVIEW,PASS,PASS,Declarative/definitional statement. Conditional triggers detected: when. Material implication used [HIGH-RISK Rule 15]. External references: 52.209-4.,MEDIUM
9,9.308-2(i),P_9_308_2_i,(i) First article approval; and,P_9_308_2_i_a: First article approval,P_9_308_2_i = P_9_308_2_i_ii ∧ P_9_308_2_i_2 ∧ P_9_308_2_i_3,None,Conjunction (Conj): Rule 7,VALIDATED,PASS,PASS,Declarative/definitional statement.,HIGH
9,9.308-2(i)(ii),P_9_308_2_i_ii,(ii) The Government to conduct the first article test.,P_9_308_2_i_ii: The Government to conduct the first article test.,P_9_308_2_i_ii,None,Atomic proposition (no transformation),VALIDATED,PASS,PASS,Declarative/definitional statement.,HIGH
9,9.308-2(i)(2),P_9_308_2_i_2,"(2) Use a clause substantially the same as the clause at 52.209-4, First Article Approval—Government Testing, with its Alternate I where the contract requires the contractor to produce the first article and the production quantity at the same facility.","P_9_308_2_i_2: Use a clause substantially the same as the clause at 52.209-4, First Article Approval—Government Testing, with its Alternate I where the contract requires the contractor to produce the first article and the production quantity at the same facility.",P_9_308_2_i_2_cond ⊃ P_9_308_2_i_2,P_52_209_4,Material Implication (Impl): Rule 15 [HIGH-RISK],PENDING_REVIEW,PASS,PASS,Declarative/definitional statement. Conditional triggers detected: where. Material implication used [HIGH-RISK Rule 15]. External references: 52.209-4.,MEDIUM
9,9.308-2(i)(3),P_9_308_2_i_3,"(3) Use a clause substantially the same as the clause at 52.209-4, First Article Approval—Government Testing, with its Alternate II where necessary to authorize the contractor to purchase material or to commence production before first article approval.","P_9_308_2_i_3: Use a clause substantially the same as the clause at 52.209-4, First Article Approval—Government Testing, with its Alternate II where necessary to authorize the contractor to purchase material or to commence production before first article approval.",P_9_308_2_i_3_cond ⊃ P_9_308_2_i_3,P_52_209_4,Material Implication (Impl): Rule 15 [HIGH-RISK],PENDING_REVIEW,PASS,PASS,"Declarative/definitional statement. Conditional triggers detected: where, before. Material implication used [HIGH-RISK Rule 15]. External references: 52.209-4.",MEDIUM
9,9.400,P_9_400,9.400 Scope of subpart.,P_9_400: 9.400 Scope of subpart.,P_9_400 = P_9_400_a ∧ P_9_400_b ∧ P_9_400_c,None,Conjunction (Conj): Rule 7,VALIDATED,PASS,PASS,Declarative/definitional statement.,HIGH
9,9.400(a),P_9_400_a,(a) This subpart-,P_9_400_a: This subpart-,P_9_400_a = P_9_400_a_1 ∧ P_9_400_a_2 ∧ P_9_400_a_3,None,Conjunction (Conj): Rule 7,VALIDATED,PASS,PASS,Declarative/definitional statement.,HIGH
9,9.400(a)(1),P_9_400_a_1,(1) Prescribes policies and procedures governing the debarment and suspension of contractors by agencies for the causes given in 9.406-2 and 9.407-2;,P_9_400_a_1: Prescribes policies and procedures governing the debarment and suspension of contractors by agencies for the causes given in 9.406-2 and 9.407-2;,P_9_400_a_1,P_9_406_2; P_9_407_2,Atomic proposition (no transformation),VALIDATED,PASS,PASS,Declarative/definitional statement.,HIGH
9,9.400(a)(2),P_9_400_a_2,"(2) Provides for the listing of contractors debarred, suspended, proposed for debarment, and declared ineligible (see the definition of ""ineligible"" in 2.101); and","P_9_400_a_2_a: Provides for the listing of contractors debarred, suspended, proposed for debarment, and declared ineligible (see the definition of ""ineligible"" in 2.101)",P_9_400_a_2,P_2_101,Atomic proposition (no transformation),VALIDATED,PASS,PASS,Declarative/definitional statement. External references: 2.101.,HIGH
9,9.400(a)(3),P_9_400_a_3,(3) Sets forth the consequences of this listing.,P_9_400_a_3: Sets forth the consequences of this listing.,P_9_400_a_3,None,Atomic proposition (no transformation),VALIDATED,PASS,PASS,Declarative/definitional statement.,HIGH
9,9.400(b),P_9_400_b,"(b) Although this subpart does cover the listing of ineligible contractors (9.404) and the effect of this listing (9.405), it does not prescribe policies and procedures governing declarations of ineligibility except for contractors that have been declared ineligible pursuant to 10 U.S.C. 983 (see 9.110, and 9.405-1(b)).","P_9_400_b: Although this subpart does cover the listing of ineligible contractors (9.404) and the effect of this listing (9.405), it does not prescribe policies and procedures governing declarations of ineligibility except for contractors that have been declared ineligible pursuant to 10 U.S.C. 983 (see 9.110, and 9.405-1(b)).",~(P_9_400_b_a ∧ P_9_400_b_b),P_9_110; P_9_404; P_9_405; P_9_405_1_b,Conjunction (Conj): Rule 7; Negation (Neg): Rule 10,VALIDATED,PASS,PASS,Prohibition (shall not/do not).,HIGH
9,9.400(c),P_9_400_c,"(c) For Federal Acquisition Supply Chain Security Act (FASCSA) orders, see part 40.","P_9_400_c: For Federal Acquisition Supply Chain Security Act (FASCSA) orders, see part 40.",P_9_400_c,P_40_EXT,Atomic proposition (no transformation),VALIDATED,PASS,PASS,Declarative/definitional statement. External references: Part_40.,HIGH
9,9.401,P_9_401,"9.401 Applicability. In accordance with Public Law 103-355, Section 2455 (31 U.S.C. 6101, note), and Executive Order 12689, any debarment, suspension or other Governmentwide exclusion initiated under the Nonprocurement Common Rule implementing Executive Order 12549 on or after August 25, 1995, must be recognized by and effective for Executive Branch agencies as a debarment or suspension under this subpart. Similarly, any debarment, suspension, proposed debarment or other Governmentwide exclusion initiated on or after August 25, 1995, under this subpart must also be recognized by and effective for those agencies and participants as an exclusion under the Nonprocurement Common Rule.","P_9_401: In accordance with Public Law 103-355, Section 2455 (31 U.S.C. 6101, note), and Executive Order 12689, any debarment, suspension or other Governmentwide exclusion initiated under the Nonprocurement Common Rule implementing Executive Order 12549 on or after August 25, 1995, must be recognized by and effective for Executive Branch agencies as a debarment or suspension under this subpart. Similarly, any debarment, suspension, proposed debarment or other Governmentwide exclusion initiated on or after August 25, 1995, under this subpart must also be recognized by and effective for those agencies and participants as an exclusion under the Nonprocurement Common Rule.",P_9_401,None,Atomic proposition (no transformation),VALIDATED,PASS,PASS,Mandatory requirement (shall/must). Conditional triggers detected: after.,HIGH
9,9.402,P_9_402,9.402 Policy.,P_9_402: ,P_9_402 = P_9_402_a ∧ P_9_402_b ∧ P_9_402_c ∧ P_9_402_d ∧ P_9_402_e,None,Conjunction (Conj): Rule 7,VALIDATED,PASS,PASS,Declarative/definitional statement.,HIGH
9,9.402(a),P_9_402_a,"(a) Agencies must solicit offers from, award contracts to, and consent to subcontracts with responsible contractors only. Debarment and suspension are discretionary actions that, taken in accordance with this subpart, are appropriate means to effectuate this policy.","P_9_402_a: Agencies must solicit offers from, award contracts to, and consent to subcontracts with responsible contractors only. Debarment and suspension are discretionary actions that, taken in accordance with this subpart, are appropriate means to effectuate this policy.",P_9_402_a,None,Atomic proposition (no transformation),VALIDATED,PASS,PASS,Mandatory requirement (shall/must).,HIGH
9,9.402(b),P_9_402_b,(b) The serious nature of debarment and suspension requires that these remedies be imposed only in the public interest for the Government's protection and not for purposes of punishment. Agencies must impose debarment or suspension to protect the Government's interest and only for the causes and in accordance with the procedures in this subpart.,P_9_402_b: The serious nature of debarment and suspension requires that these remedies be imposed only in the public interest for the Government's protection and not for purposes of punishment. Agencies must impose debarment or suspension to protect the Government's interest and only for the causes and in accordance with the procedures in this subpart.,P_9_402_b,None,Atomic proposition (no transformation),VALIDATED,PASS,PASS,Mandatory requirement (shall/must).,HIGH
9,9.402(c),P_9_402_c,(c) Agencies are encouraged to establish methods and procedures for coordinating their debarment or suspension actions.,P_9_402_c: Agencies are encouraged to establish methods and procedures for coordinating their debarment or suspension actions.,P_9_402_c,None,Atomic proposition (no transformation),VALIDATED,PASS,PASS,Declarative/definitional statement.,HIGH
9,9.402(d),P_9_402_d,"(d) When more than one agency has an interest in the debarment or suspension of a contractor, the Interagency Suspension and Debarment Committee, established under Executive Order 12549, and authorized by section 873 of the National Defense Authorization Act for Fiscal Year 2009 (Pub. L. 110-417) (31 U.S.C. 6101 note), must resolve the lead agency issue and coordinate such resolution among all interested agencies prior to the initiation of any suspension, debarment, or related administrative action by any agency.","P_9_402_d: When more than one agency has an interest in the debarment or suspension of a contractor, the Interagency Suspension and Debarment Committee, established under Executive Order 12549, and authorized by section 873 of the National Defense Authorization Act for Fiscal Year 2009 (Pub. L. 110-417) (31 U.S.C. 6101 note), must resolve the lead agency issue and coordinate such resolution among all interested agencies prior to the initiation of any suspension, debarment, or related administrative action by any agency.",P_9_402_d_cond ⊃ (P_9_402_d_a ∧ P_9_402_d_b),None,Conjunction (Conj): Rule 7; Material Implication (Impl): Rule 15 [HIGH-RISK],PENDING_REVIEW,PASS,PASS,Mandatory requirement (shall/must). Conditional triggers detected: when. Material implication used [HIGH-RISK Rule 15].,MEDIUM
9,9.402(e),P_9_402_e,(e) Agencies must establish appropriate procedures to implement the policies and procedures of this subpart.,P_9_402_e: Agencies must establish appropriate procedures to implement the policies and procedures of this subpart.,P_9_402_e,None,Atomic proposition (no transformation),VALIDATED,PASS,PASS,Mandatory requirement (shall/must).,HIGH
9,9.403,P_9_403,"9.403 Definitions. As used in this subpart— Administrative agreement means an agreement between an agency suspending and debarring official and the contractor used to resolve a suspension or debarment proceeding, or a potential suspension or debarment proceeding. Affiliates.–","P_9_403: As used in this subpart— Administrative agreement means an agreement between an agency suspending and debarring official and the contractor used to resolve a suspension or debarment proceeding, or a potential suspension or debarment proceeding. Affiliates.–",P_9_403 = P_9_403_1 ∧ P_9_403_i,None,Conjunction (Conj): Rule 7,VALIDATED,PASS,PASS,Declarative/definitional statement.,HIGH
9,9.403(1),P_9_403_1,"(1) Business concerns, organizations, or individuals are affiliates of each other if, directly or indirectly–","P_9_403_1: Business concerns, organizations, or individuals are affiliates of each other if, directly or indirectly–",P_9_403_1_cond ⊃ P_9_403_1,None,Material Implication (Impl): Rule 15 [HIGH-RISK],PENDING_REVIEW,PASS,PASS,Declarative/definitional statement. Conditional triggers detected: if. Material implication used [HIGH-RISK Rule 15].,MEDIUM
9,9.403(i),P_9_403_i,(i) Either one controls or has the power to control the other; or,P_9_403_i_a: Either one controls or has the power to control the other,P_9_403_i = P_9_403_i_ii ∧ P_9_403_i_2 ∧ P_9_403_i_1 ∧ P_9_403_i_2 ∧ P_9_403_i_1 ∧ P_9_403_i_2 ∧ P_9_403_i_1 ∧ P_9_403_i_2 ∧ P_9_403_i_3,None,Conjunction (Conj): Rule 7,VALIDATED,PASS,PASS,Declarative/definitional statement.,HIGH
9,9.403(i)(ii),P_9_403_i_ii,(ii) A third party controls or has the power to control both.,P_9_403_i_ii: A third party controls or has the power to control both.,P_9_403_i_ii,None,Atomic proposition (no transformation),VALIDATED,PASS,PASS,Declarative/definitional statement.,HIGH
9,9.403(i)(2),P_9_403_i_2,"(2) A violation, as determined by the Secretary of Commerce, of any agreement of the group known as the “Coordination Committee” for purposes of the Export Administration Act of 1979 (50 U.S.C. App. 2401, et seq.) or any similar bilateral or multilateral export control agreement.","P_9_403_i_2: A violation, as determined by the Secretary of Commerce, of any agreement of the group known as the “Coordination Committee” for purposes of the Export Administration Act of 1979 (50 U.S.C. App. 2401, et seq.) or any similar bilateral or multilateral export control agreement.",P_9_403_i_2,None,Atomic proposition (no transformation),VALIDATED,PASS,PASS,Declarative/definitional statement.,HIGH
9,9.403(i)(1),P_9_403_i_1,(1) A violation of section 337 of the Tariff Act of 1930 (19 U.S.C. 1337) as determined by the International Trade Commission.,P_9_403_i_1: A violation of section 337 of the Tariff Act of 1930 (19 U.S.C. 1337) as determined by the International Trade Commission.,P_9_403_i_1,None,Atomic proposition (no transformation),VALIDATED,PASS,PASS,Declarative/definitional statement.,HIGH
9,9.403(i)(2),P_9_403_i_2_v2,"(2) A violation, as determined by the Secretary of Commerce, of any agreement of the group known as the “Coordination Committee” for purposes of the Export Administration Act of 1979 (50 U.S.C. App. 2401, et seq.) or any similar bilateral or multilateral export control agreement.","P_9_403_i_2_v2: A violation, as determined by the Secretary of Commerce, of any agreement of the group known as the “Coordination Committee” for purposes of the Export Administration Act of 1979 (50 U.S.C. App. 2401, et seq.) or any similar bilateral or multilateral export control agreement.",P_9_403_i_2,None,Atomic proposition (no transformation),VALIDATED,PASS,PASS,Declarative/definitional statement.,HIGH
9,9.403(i)(1),P_9_403_i_1_v2,(1) A violation of section 337 of the Tariff Act of 1930 (19 U.S.C. 1337) as determined by the International Trade Commission.,P_9_403_i_1: A violation of section 337 of the Tariff Act of 1930 (19 U.S.C. 1337) as determined by the International Trade Commission.,P_9_403_i_1,None,Atomic proposition (no transformation),VALIDATED,PASS,PASS,Declarative/definitional statement.,HIGH
9,9.403(i)(2),P_9_403_i_2_v3,"(2) A violation, as determined by the Secretary of Commerce, of any agreement of the group known as the “Coordination Committee” for purposes of the Export Administration Act of 1979 (50 U.S.C. App. 2401, et seq.) or any similar bilateral or multilateral export control agreement.","P_9_403_i_2_v3: A violation, as determined by the Secretary of Commerce, of any agreement of the group known as the “Coordination Committee” for purposes of the Export Administration Act of 1979 (50 U.S.C. App. 2401, et seq.) or any similar bilateral or multilateral export control agreement.",P_9_403_i_2,None,Atomic proposition (no transformation),VALIDATED,PASS,PASS,Declarative/definitional statement.,HIGH
9,9.403(i)(1),P_9_403_i_1_v3,(1) A violation of section 337 of the Tariff Act of 1930 (19 U.S.C. 1337) as determined by the International Trade Commission.,P_9_403_i_1: A violation of section 337 of the Tariff Act of 1930 (19 U.S.C. 1337) as determined by the International Trade Commission.,P_9_403_i_1,None,Atomic proposition (no transformation),VALIDATED,PASS,PASS,Declarative/definitional statement.,HIGH
9,9.403(i)(2),P_9_403_i_2_v4,"(2) A violation, as determined by the Secretary of Commerce, of any agreement of the group known as the “Coordination Committee” for purposes of the Export Administration Act of 1979 (50 U.S.C. App. 2401, et seq.) or any similar bilateral or multilateral export control agreement.","P_9_403_i_2_v4: A violation, as determined by the Secretary of Commerce, of any agreement of the group known as the “Coordination Committee” for purposes of the Export Administration Act of 1979 (50 U.S.C. App. 2401, et seq.) or any similar bilateral or multilateral export control agreement.",P_9_403_i_2,None,Atomic proposition (no transformation),VALIDATED,PASS,PASS,Declarative/definitional statement.,HIGH
9,9.403(i)(3),P_9_403_i_3,"(3) A knowingly false statement regarding a material element of a certification concerning the foreign content of an item of supply, as determined by the Secretary of the Department or the head of the agency to which such certificate was furnished. Voluntary exclusion means a contractor's written agreement to be excluded for a period under the terms of a settlement between the contractor and the suspending and debarring official of one or more agencies. A voluntary exclusion must have Governmentwide effect.","P_9_403_i_3: A knowingly false statement regarding a material element of a certification concerning the foreign content of an item of supply, as determined by the Secretary of the Department or the head of the agency to which such certificate was furnished. Voluntary exclusion means a contractor's written agreement to be excluded for a period under the terms of a settlement between the contractor and the suspending and debarring official of one or more agencies. A voluntary exclusion must have Governmentwide effect.",P_9_403_i_3,None,Atomic proposition (no transformation),VALIDATED,PASS,PASS,Mandatory requirement (shall/must).,HIGH
9,9.404,P_9_404,9.404 Exclusions in the System for Award Management.,P_9_404: 9.404 Exclusions in the System for Award Management.,P_9_404 = P_9_404_a ∧ P_9_404_b ∧ P_9_404_c ∧ P_9_404_i,None,Conjunction (Conj): Rule 7,VALIDATED,PASS,PASS,Declarative/definitional statement.,HIGH
9,9.404(a),P_9_404_a,(a) The General Services Administration—,P_9_404_a: The General Services Administration—,P_9_404_a = P_9_404_a_1 ∧ P_9_404_a_2,None,Conjunction (Conj): Rule 7,VALIDATED,PASS,PASS,Declarative/definitional statement.,HIGH
9,9.404(a)(1),P_9_404_a_1,"(1) Operates the web-based System for Award Management (SAM) at https://www.sam.gov[], which contains exclusion records; and","P_9_404_a_1_a: Operates the web-based System for Award Management (SAM) at https://www.sam.gov[], which contains exclusion records",P_9_404_a_1,None,Atomic proposition (no transformation),VALIDATED,PASS,PASS,Declarative/definitional statement.,HIGH
9,9.404(a)(2),P_9_404_a_2,(2) Provides technical assistance to Federal agencies in the use of SAM.,P_9_404_a_2: Provides technical assistance to Federal agencies in the use of SAM.,P_9_404_a_2,None,Atomic proposition (no transformation),VALIDATED,PASS,PASS,Declarative/definitional statement.,HIGH
9,9.404(b),P_9_404_b,(b) An exclusion record in SAM contains the—,P_9_404_b: An exclusion record in SAM contains the—,P_9_404_b = P_9_404_b_1 ∧ P_9_404_b_2 ∧ P_9_404_b_3 ∧ P_9_404_b_4 ∧ P_9_404_b_5 ∧ P_9_404_b_6 ∧ P_9_404_b_7 ∧ P_9_404_b_8,None,Conjunction (Conj): Rule 7,VALIDATED,PASS,PASS,Declarative/definitional statement.,HIGH
9,9.404(b)(1),P_9_404_b_1,"(1) Legal business name and physical address of the entities debarred, suspended, proposed for debarment, voluntarily excluded, declared ineligible, or excluded or disqualified under the nonprocurement common rule, with cross-references when more than one name is involved in a single action;","P_9_404_b_1: Legal business name and physical address of the entities debarred, suspended, proposed for debarment, voluntarily excluded, declared ineligible, or excluded or disqualified under the nonprocurement common rule, with cross-references when more than one name is involved in a single action;",P_9_404_b_1_cond ⊃ P_9_404_b_1,None,Material Implication (Impl): Rule 15 [HIGH-RISK],PENDING_REVIEW,PASS,PASS,Declarative/definitional statement. Conditional triggers detected: when. Material implication used [HIGH-RISK Rule 15].,MEDIUM
9,9.404(b)(2),P_9_404_b_2,(2) Name of the agency or other authority taking the action;,P_9_404_b_2: Name of the agency or other authority taking the action;,P_9_404_b_2,None,Atomic proposition (no transformation),VALIDATED,PASS,PASS,Declarative/definitional statement.,HIGH
9,9.404(b)(3),P_9_404_b_3,(3) Cause for the action (see 9.406-2 and 9.407-2 for causes authorized under this subpart) or other statutory or regulatory authority;,P_9_404_b_3: Cause for the action (see 9.406-2 and 9.407-2 for causes authorized under this subpart) or other statutory or regulatory authority;,P_9_404_b_3,P_9_406_2; P_9_407_2,Atomic proposition (no transformation),VALIDATED,PASS,PASS,Declarative/definitional statement.,HIGH
9,9.404(b)(4),P_9_404_b_4,(4) Effect of the action;,P_9_404_b_4: Effect of the action;,P_9_404_b_4,None,Atomic proposition (no transformation),VALIDATED,PASS,PASS,Declarative/definitional statement.,HIGH
9,9.404(b)(5),P_9_404_b_5,(5) Termination date for each listing;,P_9_404_b_5: Termination date for each listing;,P_9_404_b_5,None,Atomic proposition (no transformation),VALIDATED,PASS,PASS,Declarative/definitional statement.,HIGH
9,9.404(b)(6),P_9_404_b_6,(6) Unique Entity Identifier;,P_9_404_b_6: Unique Entity Identifier;,P_9_404_b_6,None,Atomic proposition (no transformation),VALIDATED,PASS,PASS,Declarative/definitional statement.,HIGH
9,9.404(b)(7),P_9_404_b_7,"(7) Social Security Number (SSN), Employer Identification Number (EIN), or other Taxpayer Identification Number (TIN), if available; and","P_9_404_b_7_a: Social Security Number (SSN), Employer Identification Number (EIN), or other Taxpayer Identification Number (TIN), if available",P_9_404_b_7_cond ⊃ P_9_404_b_7,None,Material Implication (Impl): Rule 15 [HIGH-RISK],PENDING_REVIEW,PASS,PASS,Declarative/definitional statement. Conditional triggers detected: if. Material implication used [HIGH-RISK Rule 15].,MEDIUM
9,9.404(b)(8),P_9_404_b_8,(8) Name and telephone number of the agency point of contact for the action.,P_9_404_b_8: Name and telephone number of the agency point of contact for the action.,P_9_404_b_8,None,Atomic proposition (no transformation),VALIDATED,PASS,PASS,Declarative/definitional statement.,HIGH
9,9.404(c),P_9_404_c,(c) Each agency must—,P_9_404_c: Each agency must—,P_9_404_c = P_9_404_c_1 ∧ P_9_404_c_2 ∧ P_9_404_c_3,None,Conjunction (Conj): Rule 7,VALIDATED,PASS,PASS,Mandatory requirement (shall/must).,HIGH
9,9.404(c)(1),P_9_404_c_1,(1) Identify the individual(s) responsible for entering and updating exclusions data in SAM and assign the appropriate roles;,P_9_404_c_1: Identify the individual(s) responsible for entering and updating exclusions data in SAM and assign the appropriate roles;,P_9_404_c_1,None,Atomic proposition (no transformation),VALIDATED,PASS,PASS,Declarative/definitional statement.,HIGH
9,9.404(c)(2),P_9_404_c_2,(2) Remove the exclusion roles in SAM when the individual leaves the organization or changes functions;,P_9_404_c_2: Remove the exclusion roles in SAM when the individual leaves the organization or changes functions;,P_9_404_c_2_cond ⊃ P_9_404_c_2,None,Material Implication (Impl): Rule 15 [HIGH-RISK],PENDING_REVIEW,PASS,PASS,Declarative/definitional statement. Conditional triggers detected: when. Material implication used [HIGH-RISK Rule 15].,MEDIUM
9,9.404(c)(3),P_9_404_c_3,"(3) For each exclusion, including each voluntary exclusion, accomplished by the agency—","P_9_404_c_3: For each exclusion, including each voluntary exclusion, accomplished by the agency—",P_9_404_c_3,None,Atomic proposition (no transformation),VALIDATED,PASS,PASS,Declarative/definitional statement.,HIGH
9,9.404(i),P_9_404_i,(i) Enter the information required by paragraph (b) of this section within 3 business days after the action becomes effective;,P_9_404_i: Enter the information required by paragraph (b) of this section within 3 business days after the action becomes effective;,P_9_404_i = P_9_404_i_ii ∧ P_9_404_i_iii ∧ P_9_404_i_4 ∧ P_9_404_i_5 ∧ P_9_404_i_6,None,Conjunction (Conj): Rule 7,VALIDATED,PASS,PASS,Declarative/definitional statement. Conditional triggers detected: after.,HIGH
9,9.404(i)(ii),P_9_404_i_ii,"(ii) Determine whether it is legally permitted to enter the SSN, EIN, or other TIN, under agency authority to suspend or debar; and","P_9_404_i_ii_a: Determine whether it is legally permitted to enter the SSN, EIN, or other TIN, under agency authority to suspend or debar",P_9_404_i_ii,None,Atomic proposition (no transformation),VALIDATED,PASS,PASS,Declarative/definitional statement.,HIGH
9,9.404(i)(iii),P_9_404_i_iii,"(iii) Update the exclusion record in SAM, generally within 5 business days after modifying or rescinding an action;","P_9_404_i_iii: Update the exclusion record in SAM, generally within 5 business days after modifying or rescinding an action;",P_9_404_i_iii,None,Atomic proposition (no transformation),VALIDATED,PASS,PASS,Declarative/definitional statement. Conditional triggers detected: after.,HIGH
9,9.404(i)(4),P_9_404_i_4,"(4) In accordance with internal retention procedures, maintain records relating to each debarment, suspension, proposed debarment, or voluntary exclusion taken or entered into by the agency;","P_9_404_i_4: In accordance with internal retention procedures, maintain records relating to each debarment, suspension, proposed debarment, or voluntary exclusion taken or entered into by the agency;",P_9_404_i_4,None,Atomic proposition (no transformation),VALIDATED,PASS,PASS,Declarative/definitional statement.,HIGH
9,9.404(i)(5),P_9_404_i_5,"(5) Establish procedures to ensure that the agency does not solicit offers from, award contracts to, or consent to subcontracts with contractors who have an active exclusion record in SAM, except as otherwise provided in this subpart; and","P_9_404_i_5: Establish procedures to ensure that the agency does not solicit offers from, award contracts to, or consent to subcontracts with contractors who have an active exclusion record in SAM, except as otherwise provided in this subpart; and",P_9_404_i_5_cond ⊃ ~P_9_404_i_5,None,Material Implication (Impl): Rule 15 [HIGH-RISK]; Negation (Neg): Rule 10,PENDING_REVIEW,PASS,PASS,Prohibition (shall not/do not). Conditional triggers detected: except_as.,MEDIUM
9,9.404(i)(6),P_9_404_i_6,(6) Direct inquiries concerning listed contractors and other entities to the agency or other authority that took the action.,P_9_404_i_6: Direct inquiries concerning listed contractors and other entities to the agency or other authority that took the action.,P_9_404_i_6,None,Atomic proposition (no transformation),VALIDATED,PASS,PASS,Declarative/definitional statement.,HIGH
9,9.405,P_9_405,9.405 Effect of listing.,P_9_405: 9.405 Effect of listing.,P_9_405 = P_9_405_a ∧ P_9_405_b ∧ P_9_405_c ∧ P_9_405_d ∧ P_9_405_e,None,Conjunction (Conj): Rule 7,VALIDATED,PASS,PASS,Declarative/definitional statement.,HIGH
9,9.405(a),P_9_405_a,"(a) Contractors debarred, suspended, proposed for debarment, or voluntarily excluded, are excluded from receiving contracts, and agencies must not solicit offers from, award contracts to, or consent to subcontracts with these contractors, unless the agency head determines that a compelling reason exists for such action (see 9.405-1(a)(2), 9.405-2, 9.406-1(d), 9.407-1(d), and 26.505(e)). Contractors debarred, suspended, proposed for debarment, or voluntarily excluded, are also excluded from conducting business with the Government as agents or representatives of other contractors.","P_9_405_a: Contractors debarred, suspended, proposed for debarment, or voluntarily excluded, are excluded from receiving contracts, and agencies must not solicit offers from, award contracts to, or consent to subcontracts with these contractors, unless the agency head determines that a compelling reason exists for such action (see 9.405-1(a)(2), 9.405-2, 9.406-1(d), 9.407-1(d), and 26.505(e)). Contractors debarred, suspended, proposed for debarment, or voluntarily excluded, are also excluded from conducting business with the Government as agents or representatives of other contractors.",~P_9_405_a_except ⊃ (P_9_405_a_a ∧ P_9_405_a_b ∧ P_9_405_a_c),P_26_505(e); P_9_405_1_a_2; P_9_405_2; P_9_406_1_d; P_9_407_1_d,Conjunction (Conj): Rule 7; Material Implication (Impl): Rule 15 [HIGH-RISK]; Negation (Neg): Rule 10,PENDING_REVIEW,PASS,PASS,Prohibition (shall not/do not). Conditional triggers detected: unless. Material implication used [HIGH-RISK Rule 15]. External references: 26.505(e).,MEDIUM
9,9.405(b),P_9_405_b,"(b) Contractors and other entities that have an active exclusion record in SAM because they have been declared ineligible based on statutory or other regulatory procedures are excluded from receiving contracts, and if applicable, subcontracts, under the conditions and for the period set forth in the statute or regulation. Do not solicit offers from, award contracts to, or consent to subcontracts with these contractors under those conditions and for that period.","P_9_405_b: Contractors and other entities that have an active exclusion record in SAM because they have been declared ineligible based on statutory or other regulatory procedures are excluded from receiving contracts, and if applicable, subcontracts, under the conditions and for the period set forth in the statute or regulation. Do not solicit offers from, award contracts to, or consent to subcontracts with these contractors under those conditions and for that period.",P_9_405_b_cond ⊃ ~(P_9_405_b_a ∧ P_9_405_b_b),None,Conjunction (Conj): Rule 7; Material Implication (Impl): Rule 15 [HIGH-RISK]; Negation (Neg): Rule 10,PENDING_REVIEW,PASS,PASS,Prohibition (shall not/do not). Conditional triggers detected: if. Material implication used [HIGH-RISK Rule 15].,MEDIUM
9,9.405(c),P_9_405_c,"(c) Do not enter into, renew, or extend contracts with contractors that have been declared ineligible pursuant to 22 U.S.C. 2593e.","P_9_405_c: Do not enter into, renew, or extend contracts with contractors that have been declared ineligible pursuant to 22 U.S.C. 2593e.",~P_9_405_c,None,Negation (Neg): Rule 10,VALIDATED,PASS,PASS,Prohibition (shall not/do not).,HIGH
9,9.405(d),P_9_405_d,"(d) Contractors debarred, suspended, proposed for debarment, or voluntarily excluded, are excluded from acting as individual sureties (see part 28). (e)","P_9_405_d: Contractors debarred, suspended, proposed for debarment, or voluntarily excluded, are excluded from acting as individual sureties (see part 28). (e)",P_9_405_d,P_28_EXT,Atomic proposition (no transformation),VALIDATED,PASS,PASS,Declarative/definitional statement. External references: Part_28.,HIGH
9,9.405(e),P_9_405_e,(e),P_9_405_e: Subsection (e),P_9_405_e = P_9_405_e_1 ∧ P_9_405_e_2 ∧ P_9_405_e_3 ∧ P_9_405_e_4,None,Conjunction (Conj): Rule 7,VALIDATED,PASS,PASS,Declarative/definitional statement.,HIGH
9,9.405(e)(1),P_9_405_e_1,"After the opening of bids or receipt of proposals or quotes, review the exclusion records in SAM.","P_9_405_e_1: After the opening of bids or receipt of proposals or quotes, review the exclusion records in SAM.",P_9_405_e_1,None,Atomic proposition (no transformation),VALIDATED,PASS,PASS,Declarative/definitional statement. Conditional triggers detected: after.,HIGH
9,9.405(e)(2),P_9_405_e_2,Bids received from any listed contractor in response to an invitation for bids must be entered on the abstract of bids and then rejected unless the agency head determines in writing that compelling reason exists to consider the bid.,P_9_405_e_2: Bids received from any listed contractor in response to an invitation for bids must be entered on the abstract of bids and then rejected unless the agency head determines in writing that compelling reason exists to consider the bid.,~P_9_405_e_2_except ⊃ P_9_405_e_2,None,Material Implication (Impl): Rule 15 [HIGH-RISK]; Negation (Neg): Rule 10,PENDING_REVIEW,PASS,PASS,Mandatory requirement (shall/must). Conditional triggers detected: unless. Material implication used [HIGH-RISK Rule 15].,MEDIUM
9,9.405(e)(3),P_9_405_e_3,"Unless the agency head determines in writing that a compelling reason exists otherwise, do not evaluate for award or include in the competitive range proposals, quotations, or offers received from, and do not conduct discussions with, a listed offeror during a period of ineligibility. If the period of ineligibility expires or is terminated prior to award, the contracting officer may, but is not required to, consider such proposals, quotations, or offers.","P_9_405_e_3: Unless the agency head determines in writing that a compelling reason exists otherwise, do not evaluate for award or include in the competitive range proposals, quotations, or offers received from, and do not conduct discussions with, a listed offeror during a period of ineligibility. If the period of ineligibility expires or is terminated prior to award, the contracting officer may, but is not required to, consider such proposals, quotations, or offers.",P_9_405_e_3_cond ⊃ ~P_9_405_e_3,None,Material Implication (Impl): Rule 15 [HIGH-RISK]; Negation (Neg): Rule 10,PENDING_REVIEW,PASS,PASS,Prohibition (shall not/do not). Conditional triggers detected: unless.,MEDIUM
9,9.405(e)(4),P_9_405_e_4,"Immediately prior to award, review again the exclusion records in SAM to ensure that no award is made to a listed contractor.","P_9_405_e_4: Immediately prior to award, review again the exclusion records in SAM to ensure that no award is made to a listed contractor.",P_9_405_e_4,None,Atomic proposition (no transformation),VALIDATED,PASS,PASS,Declarative/definitional statement.,HIGH
9,9.405-1,P_9_405_1,9.405-1 Continuation of current contracts.,P_9_405_1: 9.405-1 Continuation of current contracts.,P_9_405_1 = P_9_405_1_a ∧ P_9_405_1_i ∧ P_9_405_1_b,None,Conjunction (Conj): Rule 7,VALIDATED,PASS,PASS,Declarative/definitional statement.,HIGH
9,9.405-1(a),P_9_405_1_a,"(a) Contractors debarred, suspended, proposed for debarment, or voluntarily excluded .","P_9_405_1_a: Contractors debarred, suspended, proposed for debarment, or voluntarily excluded .",P_9_405_1_a = P_9_405_1_a_1 ∧ P_9_405_1_a_2,None,Conjunction (Conj): Rule 7,VALIDATED,PASS,PASS,Declarative/definitional statement.,HIGH
9,9.405-1(a)(1),P_9_405_1_a_1,"(1) Notwithstanding the debarment, suspension, proposed debarment, or voluntary exclusion, of a contractor, agencies may continue contracts or subcontracts in existence at the time the contractor was debarred, suspended, proposed for debarment, or voluntarily excluded, unless the agency head directs otherwise. A decision as to the type of termination action, if any, to be taken should be made only after review by agency contracting and technical personnel and by counsel to ensure the propriety of the proposed action.","P_9_405_1_a_1: Notwithstanding the debarment, suspension, proposed debarment, or voluntary exclusion, of a contractor, agencies may continue contracts or subcontracts in existence at the time the contractor was debarred, suspended, proposed for debarment, or voluntarily excluded, unless the agency head directs otherwise. A decision as to the type of termination action, if any, to be taken should be made only after review by agency contracting and technical personnel and by counsel to ensure the propriety of the proposed action.",P_9_405_1_a_1_cond ⊃ (P_9_405_1_a_1 ∨ ~P_9_405_1_a_1),None,Addition (Add): Rule 8; Material Implication (Impl): Rule 15 [HIGH-RISK]; Negation (Neg): Rule 10,PENDING_REVIEW,PASS,PASS,"Permissive authority (may) creates discretionary action. Conditional triggers detected: if, unless, after. Material implication used [HIGH-RISK Rule 15]. Tautological structure represents unrestricted discretion.",MEDIUM
9,9.405-1(a)(2),P_9_405_1_a_2,"(2) For contractors debarred, suspended, proposed for debarment, or voluntarily excluded, unless the agency head makes a written determination of the compelling reasons for doing so, ordering activities must not—","P_9_405_1_a_2: For contractors debarred, suspended, proposed for debarment, or voluntarily excluded, unless the agency head makes a written determination of the compelling reasons for doing so, ordering activities must not—",P_9_405_1_a_2_cond ⊃ ~P_9_405_1_a_2,None,Material Implication (Impl): Rule 15 [HIGH-RISK]; Negation (Neg): Rule 10,PENDING_REVIEW,PASS,PASS,Prohibition (shall not/do not). Conditional triggers detected: unless.,MEDIUM
9,9.405-1(i),P_9_405_1_i,(i) Place orders exceeding the guaranteed minimum under indefinite quantity contracts;,P_9_405_1_i: Place orders exceeding the guaranteed minimum under indefinite quantity contracts;,P_9_405_1_i = P_9_405_1_i_ii ∧ P_9_405_1_i_iii,None,Conjunction (Conj): Rule 7,VALIDATED,PASS,PASS,Declarative/definitional statement.,HIGH
9,9.405-1(i)(ii),P_9_405_1_i_ii,"(ii) Place orders under Federal Supply Schedule contracts, blanket purchase agreements, or basic ordering agreements; or","P_9_405_1_i_ii_a: Place orders under Federal Supply Schedule contracts, blanket purchase agreements, or basic ordering agreements",P_9_405_1_i_ii,None,Atomic proposition (no transformation),VALIDATED,PASS,PASS,Declarative/definitional statement.,HIGH
9,9.405-1(i)(iii),P_9_405_1_i_iii,"(iii) Add new work, exercise options, or otherwise extend the duration of current contracts or orders.","P_9_405_1_i_iii: Add new work, exercise options, or otherwise extend the duration of current contracts or orders.",P_9_405_1_i_iii,None,Atomic proposition (no transformation),VALIDATED,PASS,PASS,Declarative/definitional statement.,HIGH
9,9.405-1(b),P_9_405_1_b,"(b) Ineligible contractors. A covered agency, as defined in 9.110-1, must terminate existing contracts and must not place new orders or award new contracts with contractors that have been declared ineligible pursuant to 10 U.S.C. 983 (see 9.110), except for contracts at or below the simplified acquisition threshold or contracts for the acquisition of commercial products and commercial services.","P_9_405_1_b: Ineligible contractors. A covered agency, as defined in 9.110-1, must terminate existing contracts and must not place new orders or award new contracts with contractors that have been declared ineligible pursuant to 10 U.S.C. 983 (see 9.110), except for contracts at or below the simplified acquisition threshold or contracts for the acquisition of commercial products and commercial services.",P_9_405_1_b_cond ⊃ ~P_9_405_1_b,P_9_110; P_9_110_1,Material Implication (Impl): Rule 15 [HIGH-RISK]; Negation (Neg): Rule 10,PENDING_REVIEW,PASS,PASS,Prohibition (shall not/do not).,MEDIUM
9,9.405-2,P_9_405_2,9.405-2 Restrictions on subcontracting.,P_9_405_2: 9.405-2 Restrictions on subcontracting.,P_9_405_2 = P_9_405_2_a ∧ P_9_405_2_b ∧ P_9_405_2_c,None,Conjunction (Conj): Rule 7,VALIDATED,PASS,PASS,Declarative/definitional statement.,HIGH
9,9.405-2(a),P_9_405_2_a,"(a) If an offeror proposes a contractor debarred, suspended, proposed for debarment, or voluntarily excluded, as a subcontractor for any subcontract subject to Government consent (see part 44), do not consent to such subcontracts unless the agency head states in writing the compelling reasons for this approval action. (See 9.405 concerning declarations of ineligibility affecting subcontracting.)","P_9_405_2_a: If an offeror proposes a contractor debarred, suspended, proposed for debarment, or voluntarily excluded, as a subcontractor for any subcontract subject to Government consent (see part 44), do not consent to such subcontracts unless the agency head states in writing the compelling reasons for this approval action. (See 9.405 concerning declarations of ineligibility affecting subcontracting.)",P_9_405_2_a_cond ⊃ ~P_9_405_2_a,P_44_EXT; P_9_405,Material Implication (Impl): Rule 15 [HIGH-RISK]; Negation (Neg): Rule 10,VALIDATED,PASS,PASS,"Prohibition (shall not/do not). Conditional triggers detected: if, unless, subject_to. External references: Part_44.",MEDIUM
9,9.405-2(b),P_9_405_2_b,"(b) The Government suspends or debars contractors to protect the Government's interests. Contractors are prohibited from entering into any subcontract in excess of $45,000, other than a subcontract for a commercially available off-the-shelf item, with a contractor that has been debarred, suspended, proposed for debarment, or voluntarily excluded, unless a compelling reason exists to do so. If a contractor intends to enter into a subcontract in excess of $45,000, other than a subcontract for a commercially available off-the-shelf item, with a party that is debarred, suspended, proposed for debarment, or voluntarily excluded, as evidenced by the party's having an active exclusion record in SAM (see 9.404), a corporate officer or designee of the contractor is required by operation of the clause at 52.209-6, Protecting the Government's Interest when Subcontracting with Contractors Debarred, Suspended, Proposed for Debarment, or Voluntarily Excluded, to notify the contracting officer, in writing, before entering into such subcontract. For contracts for the acquisition of commercial products, the notification requirement applies only for first-tier subcontracts. For all other contracts, the notification requirement applies to subcontracts at any tier. The notice must provide the following:","P_9_405_2_b: The Government suspends or debars contractors to protect the Government's interests. Contractors are prohibited from entering into any subcontract in excess of $45,000, other than a subcontract for a commercially available off-the-shelf item, with a contractor that has been debarred, suspended, proposed for debarment, or voluntarily excluded, unless a compelling reason exists to do so. If a contractor intends to enter into a subcontract in excess of $45,000, other than a subcontract for a commercially available off-the-shelf item, with a party that is debarred, suspended, proposed for debarment, or voluntarily excluded, as evidenced by the party's having an active exclusion record in SAM (see 9.404), a corporate officer or designee of the contractor is required by operation of the clause at 52.209-6, Protecting the Government's Interest when Subcontracting with Contractors Debarred, Suspended, Proposed for Debarment, or Voluntarily Excluded, to notify the contracting officer, in writing, before entering into such subcontract. For contracts for the acquisition of commercial products, the notification requirement applies only for first-tier subcontracts. For all other contracts, the notification requirement applies to subcontracts at any tier. The notice must provide the following:",P_9_405_2_b = P_9_405_2_b_1 ∧ P_9_405_2_b_2 ∧ P_9_405_2_b_3 ∧ P_9_405_2_b_4,P_52_209_6; P_9_404,Conjunction (Conj): Rule 7,VALIDATED,PASS,PASS,"Mandatory requirement (shall/must). Conditional triggers detected: if, when, unless, before. External references: 52.209-6.",MEDIUM
9,9.405-2(b)(1),P_9_405_2_b_1,(1) The name of the subcontractor;,P_9_405_2_b_1: The name of the subcontractor;,P_9_405_2_b_1,None,Atomic proposition (no transformation),VALIDATED,PASS,PASS,Declarative/definitional statement.,HIGH
9,9.405-2(b)(2),P_9_405_2_b_2,(2) The contractor’s knowledge of the reasons for the subcontractor having an active exclusion record in SAM;,P_9_405_2_b_2: The contractor’s knowledge of the reasons for the subcontractor having an active exclusion record in SAM;,P_9_405_2_b_2,None,Atomic proposition (no transformation),VALIDATED,PASS,PASS,Declarative/definitional statement.,HIGH
9,9.405-2(b)(3),P_9_405_2_b_3,(3) The compelling reason(s) for doing business with the subcontractor notwithstanding its having an active exclusion record in SAM; and,P_9_405_2_b_3_a: The compelling reason(s) for doing business with the subcontractor notwithstanding its having an active exclusion record in SAM,P_9_405_2_b_3,None,Atomic proposition (no transformation),VALIDATED,PASS,PASS,Declarative/definitional statement.,HIGH
9,9.405-2(b)(4),P_9_405_2_b_4,"(4) The systems and procedures the contractor has established to ensure that it is fully protecting the Government's interests when dealing with such subcontractor in view of the specific basis for the party's debarment, suspension, proposed debarment, or voluntary exclusion.","P_9_405_2_b_4: The systems and procedures the contractor has established to ensure that it is fully protecting the Government's interests when dealing with such subcontractor in view of the specific basis for the party's debarment, suspension, proposed debarment, or voluntary exclusion.",P_9_405_2_b_4_cond ⊃ P_9_405_2_b_4,None,Material Implication (Impl): Rule 15 [HIGH-RISK],PENDING_REVIEW,PASS,PASS,Declarative/definitional statement. Conditional triggers detected: when. Material implication used [HIGH-RISK Rule 15].,MEDIUM
9,9.405-2(c),P_9_405_2_c,(c) The contractor's compliance with the requirements of 52.209-6 will be reviewed during Contractor Purchasing System Reviews (see part 44).,P_9_405_2_c: The contractor's compliance with the requirements of 52.209-6 will be reviewed during Contractor Purchasing System Reviews (see part 44).,P_9_405_2_c,P_44_EXT; P_52_209_6,Atomic proposition (no transformation),VALIDATED,PASS,PASS,"Declarative/definitional statement. External references: Part_44, 52.209-6.",HIGH
9,9.406,P_9_406,9.406 Debarment.,P_9_406: ,P_9_406,None,Atomic proposition (no transformation),VALIDATED,PASS,PASS,Declarative/definitional statement.,HIGH
9,9.406-1,P_9_406_1,9.406-1 General.,P_9_406_1: ,P_9_406_1 = P_9_406_1_a ∧ P_9_406_1_i ∧ P_9_406_1_i ∧ P_9_406_1_b ∧ P_9_406_1_c ∧ P_9_406_1_d ∧ P_9_406_1_e,None,Conjunction (Conj): Rule 7,VALIDATED,PASS,PASS,Declarative/definitional statement.,HIGH
9,9.406-1(a),P_9_406_1_a,"(a) The suspending and debarring official is responsible for determining whether debarment is in the Government's interest. The suspending and debarring official may, in the public interest, debar a contractor for any of the causes in 9.406-2, using the procedures in 9.406-3. The existence of a cause for debarment, however, does not necessarily require that the contractor be debarred; the seriousness of the contractor's acts or omissions and any remedial measures, mitigating factors, or aggravating factors should be considered in making any debarment decision. Before arriving at any debarment decision, the suspending and debarring official should consider factors such as the following (some of the factors below could apply to individuals such as contractors that are individuals, and are so marked):","P_9_406_1_a: The suspending and debarring official is responsible for determining whether debarment is in the Government's interest. The suspending and debarring official may, in the public interest, debar a contractor for any of the causes in 9.406-2, using the procedures in 9.406-3. The existence of a cause for debarment, however, does not necessarily require that the contractor be debarred; the seriousness of the contractor's acts or omissions and any remedial measures, mitigating factors, or aggravating factors should be considered in making any debarment decision. Before arriving at any debarment decision, the suspending and debarring official should consider factors such as the following (some of the factors below could apply to individuals such as contractors that are individuals, and are so marked):",P_9_406_1_a = P_9_406_1_a_1 ∧ P_9_406_1_a_2 ∧ P_9_406_1_a_3 ∧ P_9_406_1_a_4 ∧ P_9_406_1_a_5 ∧ P_9_406_1_a_6 ∧ P_9_406_1_a_7 ∧ P_9_406_1_a_8,P_9_406_2; P_9_406_3,Conjunction (Conj): Rule 7,PENDING_REVIEW,PASS,PASS,Permissive authority (may) creates discretionary action. Conditional triggers detected: before.,MEDIUM
9,9.406-1(a)(1),P_9_406_1_a_1,(1) Whether the contractor had effective standards of conduct and internal control systems in place at the time of the activity which constitutes cause for debarment or had adopted such procedures prior to any Government investigation of the activity cited as a cause for debarment.,P_9_406_1_a_1: Whether the contractor had effective standards of conduct and internal control systems in place at the time of the activity which constitutes cause for debarment or had adopted such procedures prior to any Government investigation of the activity cited as a cause for debarment.,P_9_406_1_a_1,None,Atomic proposition (no transformation),VALIDATED,PASS,PASS,Declarative/definitional statement.,HIGH
9,9.406-1(a)(2),P_9_406_1_a_2,(2) Whether the contractor (including an individual) brought the activity cited as a cause for debarment to the attention of the appropriate Government agency in a timely manner.,P_9_406_1_a_2: Whether the contractor (including an individual) brought the activity cited as a cause for debarment to the attention of the appropriate Government agency in a timely manner.,P_9_406_1_a_2,None,Atomic proposition (no transformation),VALIDATED,PASS,PASS,Declarative/definitional statement.,HIGH
9,9.406-1(a)(3),P_9_406_1_a_3,"(3) Whether the contractor has fully investigated the circumstances surrounding the cause for debarment (or the individual cooperated with the investigation) and, if so, made the result of the investigation available to the suspending and debarring official.","P_9_406_1_a_3: Whether the contractor has fully investigated the circumstances surrounding the cause for debarment (or the individual cooperated with the investigation) and, if so, made the result of the investigation available to the suspending and debarring official.",P_9_406_1_a_3_cond ⊃ P_9_406_1_a_3,None,Material Implication (Impl): Rule 15 [HIGH-RISK],PENDING_REVIEW,PASS,PASS,Declarative/definitional statement. Conditional triggers detected: if. Material implication used [HIGH-RISK Rule 15].,MEDIUM
9,9.406-1(a)(4),P_9_406_1_a_4,(4) Whether the contractor (including an individual) cooperated fully with Government agencies during the investigation and any court or administrative action.,P_9_406_1_a_4: Whether the contractor (including an individual) cooperated fully with Government agencies during the investigation and any court or administrative action.,P_9_406_1_a_4,None,Atomic proposition (no transformation),VALIDATED,PASS,PASS,Declarative/definitional statement.,HIGH
9,9.406-1(a)(5),P_9_406_1_a_5,"(5) Whether the contractor (including an individual) has paid or has agreed to pay all criminal, civil, and administrative liability for the improper activity, including any investigative or administrative costs incurred by the Government, and has made or agreed to make full restitution.","P_9_406_1_a_5_a: Whether the contractor (including an individual) has paid or has agreed to pay all criminal, civil; P_9_406_1_a_5_b: administrative liability for the improper activity, including any investigative or administrative costs incurred by the Government; P_9_406_1_a_5_c: has made or agreed to make full restitution.",P_9_406_1_a_5,None,Atomic proposition (no transformation),VALIDATED,PASS,PASS,Declarative/definitional statement.,HIGH
9,9.406-1(a)(6),P_9_406_1_a_6,(6) Whether the contractor has taken appropriate disciplinary action against the individuals responsible for the activity which constitutes cause for debarment.,P_9_406_1_a_6: Whether the contractor has taken appropriate disciplinary action against the individuals responsible for the activity which constitutes cause for debarment.,P_9_406_1_a_6,None,Atomic proposition (no transformation),VALIDATED,PASS,PASS,Declarative/definitional statement.,HIGH
9,9.406-1(a)(7),P_9_406_1_a_7,"(7) Whether the contractor (including an individual) has implemented or agreed to implement remedial measures, including any identified by the Government. (8)","P_9_406_1_a_7: Whether the contractor (including an individual) has implemented or agreed to implement remedial measures, including any identified by the Government. (8)",P_9_406_1_a_7,None,Atomic proposition (no transformation),VALIDATED,PASS,PASS,Declarative/definitional statement.,HIGH
9,9.406-1(a)(8),P_9_406_1_a_8,(8),P_9_406_1_a_8: Subsection (8),P_9_406_1_a_8,None,Atomic proposition (no transformation),VALIDATED,PASS,PASS,Declarative/definitional statement.,HIGH
9,9.406-1(i),P_9_406_1_i,"(i) Whether the contractor's management recognizes, accepts, and understands the seriousness of the misconduct giving rise to the cause for debarment and has implemented programs to prevent recurrence.","P_9_406_1_i_a: Whether the contractor's management recognizes, accepts; P_9_406_1_i_b: understands the seriousness of the misconduct giving rise to the cause for debarment and has implemented programs to prevent recurrence.",P_9_406_1_i = P_9_406_1_i_ii ∧ P_9_406_1_i_9 ∧ P_9_406_1_i_10 ∧ P_9_406_1_i_ii ∧ P_9_406_1_i_11 ∧ P_9_406_1_i_12 ∧ P_9_406_1_i_13 ∧ P_9_406_1_i_14 ∧ P_9_406_1_i_15 ∧ P_9_406_1_i_16 ∧ P_9_406_1_i_17 ∧ P_9_406_1_i_ii ∧ P_9_406_1_i_9 ∧ P_9_406_1_i_10 ∧ P_9_406_1_i_ii ∧ P_9_406_1_i_11 ∧ P_9_406_1_i_12 ∧ P_9_406_1_i_13 ∧ P_9_406_1_i_14 ∧ P_9_406_1_i_15 ∧ P_9_406_1_i_16 ∧ P_9_406_1_i_17,None,Conjunction (Conj): Rule 7,VALIDATED,PASS,PASS,Declarative/definitional statement.,HIGH
9,9.406-1(i)(ii),P_9_406_1_i_ii,"(ii) For an individual, whether the individual recognizes, accepts, and understands the seriousness of the misconduct giving rise to the cause for debarment and has adopted practices to prevent recurrence.","P_9_406_1_i_ii_a: For an individual, whether the individual recognizes, accepts; P_9_406_1_i_ii_b: understands the seriousness of the misconduct giving rise to the cause for debarment and has adopted practices to prevent recurrence.",P_9_406_1_i_ii,None,Atomic proposition (no transformation),VALIDATED,PASS,PASS,Declarative/definitional statement.,HIGH
9,9.406-1(i)(9),P_9_406_1_i_9,(9) Whether the contractor (including an individual) has had adequate time to eliminate the circumstances that led to the cause for debarment. (10),P_9_406_1_i_9: Whether the contractor (including an individual) has had adequate time to eliminate the circumstances that led to the cause for debarment. (10),P_9_406_1_i_9,None,Atomic proposition (no transformation),VALIDATED,PASS,PASS,Declarative/definitional statement.,HIGH
9,9.406-1(i)(10),P_9_406_1_i_10,(10),P_9_406_1_i_10: Subsection (10),P_9_406_1_i_10,None,Atomic proposition (no transformation),VALIDATED,PASS,PASS,Declarative/definitional statement.,HIGH
9,9.406-1(i),P_9_406_1_i_v2,"(i) Whether the contractor's management recognizes, accepts, and understands the seriousness of the misconduct giving rise to the cause for debarment and has implemented programs to prevent recurrence.","P_9_406_1_i_a: Whether the contractor's management recognizes, accepts; P_9_406_1_i_b: understands the seriousness of the misconduct giving rise to the cause for debarment and has implemented programs to prevent recurrence.",P_9_406_1_i = P_9_406_1_i_ii ∧ P_9_406_1_i_9 ∧ P_9_406_1_i_10 ∧ P_9_406_1_i_ii ∧ P_9_406_1_i_11 ∧ P_9_406_1_i_12 ∧ P_9_406_1_i_13 ∧ P_9_406_1_i_14 ∧ P_9_406_1_i_15 ∧ P_9_406_1_i_16 ∧ P_9_406_1_i_17 ∧ P_9_406_1_i_ii ∧ P_9_406_1_i_9 ∧ P_9_406_1_i_10 ∧ P_9_406_1_i_ii ∧ P_9_406_1_i_11 ∧ P_9_406_1_i_12 ∧ P_9_406_1_i_13 ∧ P_9_406_1_i_14 ∧ P_9_406_1_i_15 ∧ P_9_406_1_i_16 ∧ P_9_406_1_i_17,None,Conjunction (Conj): Rule 7,VALIDATED,PASS,PASS,Declarative/definitional statement.,HIGH
9,9.406-1(i)(ii),P_9_406_1_i_ii_v2,"(ii) For an individual, whether the individual recognizes, accepts, and understands the seriousness of the misconduct giving rise to the cause for debarment and has adopted practices to prevent recurrence.","P_9_406_1_i_ii_a: For an individual, whether the individual recognizes, accepts; P_9_406_1_i_ii_b: understands the seriousness of the misconduct giving rise to the cause for debarment and has adopted practices to prevent recurrence.",P_9_406_1_i_ii_v2,None,Atomic proposition (no transformation),VALIDATED,PASS,PASS,Declarative/definitional statement.,HIGH
9,9.406-1(i)(11),P_9_406_1_i_11,"(11) Whether the contractor (including an individual) has a pattern or prior history of wrongdoing, the frequency of incidents and/or duration of the wrongdoing, and the actual or potential harm or impact that results, or may result, from the wrongdoing.","P_9_406_1_i_11: Whether the contractor (including an individual) has a pattern or prior history of wrongdoing, the frequency of incidents and/or duration of the wrongdoing, and the actual or potential harm or impact that results, or may result, from the wrongdoing.",(P_9_406_1_i_11_a ∧ P_9_406_1_i_11_b) ∨ ~(P_9_406_1_i_11_a ∧ P_9_406_1_i_11_b),None,Conjunction (Conj): Rule 7; Addition (Add): Rule 8; Negation (Neg): Rule 10,VALIDATED,PASS,PASS,Permissive authority (may) creates discretionary action. Tautological structure represents unrestricted discretion.,MEDIUM
9,9.406-1(i)(12),P_9_406_1_i_12,"(12) Whether and to what extent the contractor (including an individual) planned, initiated, or carried out the wrongdoing, and the kind of positions within the contractor's organization held by the individual involved in the wrongdoing.","P_9_406_1_i_12_a: Whether and to what extent the contractor (including an individual) planned, initiated, or carried out the wrongdoing; P_9_406_1_i_12_b: the kind of positions within the contractor's organization held by the individual involved in the wrongdoing.",P_9_406_1_i_12,None,Atomic proposition (no transformation),VALIDATED,PASS,PASS,Declarative/definitional statement.,HIGH
9,9.406-1(i)(13),P_9_406_1_i_13,(13) Whether the wrongdoing was pervasive within the contractor's organization.,P_9_406_1_i_13: Whether the wrongdoing was pervasive within the contractor's organization.,P_9_406_1_i_13,None,Atomic proposition (no transformation),VALIDATED,PASS,PASS,Declarative/definitional statement.,HIGH
9,9.406-1(i)(14),P_9_406_1_i_14,(14) Whether the individual or the contractor's principals tolerated the offense.,P_9_406_1_i_14: Whether the individual or the contractor's principals tolerated the offense.,P_9_406_1_i_14,None,Atomic proposition (no transformation),VALIDATED,PASS,PASS,Declarative/definitional statement.,HIGH
9,9.406-1(i)(15),P_9_406_1_i_15,(15) Whether the contractor (including an individual) is or has been excluded or disqualified by an agency of the Federal Government or has not been allowed to participate in State or local contracts or assistance agreements on a basis of conduct similar to one or more of the causes for debarment specified in this subpart.,P_9_406_1_i_15: Whether the contractor (including an individual) is or has been excluded or disqualified by an agency of the Federal Government or has not been allowed to participate in State or local contracts or assistance agreements on a basis of conduct similar to one or more of the causes for debarment specified in this subpart.,P_9_406_1_i_15,None,Atomic proposition (no transformation),VALIDATED,PASS,PASS,Declarative/definitional statement.,HIGH
9,9.406-1(i)(16),P_9_406_1_i_16,(16) Whether the contractor (including an individual) has entered into an administrative agreement with a Federal agency or a similar agreement with a State or local government that is not Governmentwide but is based on conduct similar to one or more of the causes for debarment specified in this subpart.,P_9_406_1_i_16: Whether the contractor (including an individual) has entered into an administrative agreement with a Federal agency or a similar agreement with a State or local government that is not Governmentwide but is based on conduct similar to one or more of the causes for debarment specified in this subpart.,P_9_406_1_i_16,None,Atomic proposition (no transformation),VALIDATED,PASS,PASS,Declarative/definitional statement.,HIGH
9,9.406-1(i)(17),P_9_406_1_i_17,(17) Whether any other factors meriting consideration exist for the contractor (including an individual) under the circumstances.,P_9_406_1_i_17: Whether any other factors meriting consideration exist for the contractor (including an individual) under the circumstances.,P_9_406_1_i_17,None,Atomic proposition (no transformation),VALIDATED,PASS,PASS,Declarative/definitional statement.,HIGH
9,9.406-1(b),P_9_406_1_b,"(b) The existence or nonexistence of any aggravating or mitigating factors or remedial measures such as set forth in paragraph (a) of this section is not necessarily determinative of a contractor's present responsibility. Accordingly, if a cause for debarment exists, the contractor has the burden of demonstrating, to the satisfaction of the suspending and debarring official, its present responsibility and that debarment is not necessary.","P_9_406_1_b: The existence or nonexistence of any aggravating or mitigating factors or remedial measures such as set forth in paragraph (a) of this section is not necessarily determinative of a contractor's present responsibility. Accordingly, if a cause for debarment exists, the contractor has the burden of demonstrating, to the satisfaction of the suspending and debarring official, its present responsibility and that debarment is not necessary.",P_9_406_1_b_cond ⊃ P_9_406_1_b,None,Material Implication (Impl): Rule 15 [HIGH-RISK],PENDING_REVIEW,PASS,PASS,Declarative/definitional statement. Conditional triggers detected: if. Material implication used [HIGH-RISK Rule 15].,MEDIUM
9,9.406-1(c),P_9_406_1_c,"(c) Debarment constitutes debarment of all divisions or other organizational elements of the contractor, unless the debarment decision is limited by its terms to specific divisions, organizational elements, or commodities. The suspending and debarring official may extend the debarment decision to include any affiliates of the contractor if they are—","P_9_406_1_c: Debarment constitutes debarment of all divisions or other organizational elements of the contractor, unless the debarment decision is limited by its terms to specific divisions, organizational elements, or commodities. The suspending and debarring official may extend the debarment decision to include any affiliates of the contractor if they are—",P_9_406_1_c = P_9_406_1_c_1 ∧ P_9_406_1_c_2,None,Conjunction (Conj): Rule 7,PENDING_REVIEW,PASS,PASS,"Permissive authority (may) creates discretionary action. Conditional triggers detected: if, unless.",MEDIUM
9,9.406-1(c)(1),P_9_406_1_c_1,(1) Specifically named; and,P_9_406_1_c_1_a: Specifically named,P_9_406_1_c_1,None,Atomic proposition (no transformation),VALIDATED,PASS,PASS,Declarative/definitional statement.,HIGH
9,9.406-1(c)(2),P_9_406_1_c_2,(2) Given written notice of the proposed debarment and an opportunity to respond (see 9.406-3(c)).,P_9_406_1_c_2: Given written notice of the proposed debarment and an opportunity to respond (see 9.406-3(c)).,P_9_406_1_c_2,P_9_406_3_c,Atomic proposition (no transformation),VALIDATED,PASS,PASS,Declarative/definitional statement.,HIGH
9,9.406-1(d),P_9_406_1_d,"(d) A contractor's debarment, or proposed debarment, is effective throughout the executive branch of the Government, unless the agency head or a designee (except see 26.505(e)) states in writing the compelling reasons justifying continued business dealings between that agency and the contractor. (e)","P_9_406_1_d: A contractor's debarment, or proposed debarment, is effective throughout the executive branch of the Government, unless the agency head or a designee (except see 26.505(e)) states in writing the compelling reasons justifying continued business dealings between that agency and the contractor. (e)",~P_9_406_1_d_except ⊃ P_9_406_1_d,P_26_505(e),Material Implication (Impl): Rule 15 [HIGH-RISK]; Negation (Neg): Rule 10,PENDING_REVIEW,PASS,PASS,Declarative/definitional statement. Conditional triggers detected: unless. Material implication used [HIGH-RISK Rule 15]. External references: 26.505(e).,MEDIUM
9,9.406-1(e),P_9_406_1_e,(e),P_9_406_1_e: Subsection (e),P_9_406_1_e = P_9_406_1_e_1 ∧ P_9_406_1_e_2,None,Conjunction (Conj): Rule 7,VALIDATED,PASS,PASS,Declarative/definitional statement.,HIGH
9,9.406-1(e)(1),P_9_406_1_e_1,"When the suspending and debarring official has authority to debar contractors from both contracts pursuant to the Federal Acquisition Regulation in this chapter and contracts for the purchase of Federal personal property pursuant to the Federal Management Regulation (FMR) in 41 CFR part 102-38, that official must consider simultaneously debarring the contractor from the award of acquisition contracts and from the purchase of Federal personal property.","P_9_406_1_e_1: When the suspending and debarring official has authority to debar contractors from both contracts pursuant to the Federal Acquisition Regulation in this chapter and contracts for the purchase of Federal personal property pursuant to the Federal Management Regulation (FMR) in 41 CFR part 102-38, that official must consider simultaneously debarring the contractor from the award of acquisition contracts and from the purchase of Federal personal property.",P_9_406_1_e_1_cond ⊃ P_9_406_1_e_1,None,Material Implication (Impl): Rule 15 [HIGH-RISK],PENDING_REVIEW,PASS,PASS,Declarative/definitional statement. Conditional triggers detected: when. Material implication used [HIGH-RISK Rule 15].,MEDIUM
9,9.406-1(e)(2),P_9_406_1_e_2,A notice debarring a contractor from the award of acquisition contracts and from the purchase of Federal personal property must include the appropriate FAR and FMR citations.,P_9_406_1_e_2: A notice debarring a contractor from the award of acquisition contracts and from the purchase of Federal personal property must include the appropriate FAR and FMR citations.,P_9_406_1_e_2,None,Atomic proposition (no transformation),VALIDATED,PASS,PASS,Mandatory requirement (shall/must).,HIGH
9,9.406-2,P_9_406_2,9.406-2 Causes for debarment. The suspending and debarring official may debar-,P_9_406_2: 9.406-2 Causes for debarment. The suspending and debarring official may debar-,P_9_406_2 = P_9_406_2_a ∧ P_9_406_2_i ∧ P_9_406_2_b ∧ P_9_406_2_i ∧ P_9_406_2_c,None,Conjunction (Conj): Rule 7,VALIDATED,PASS,PASS,Permissive authority (may) creates discretionary action.,MEDIUM
9,9.406-2(a),P_9_406_2_a,(a) A contractor for a conviction of or civil judgment for-,P_9_406_2_a: A contractor for a conviction of or civil judgment for-,P_9_406_2_a = P_9_406_2_a_1,None,Conjunction (Conj): Rule 7,VALIDATED,PASS,PASS,Declarative/definitional statement.,HIGH
9,9.406-2(a)(1),P_9_406_2_a_1,(1) Commission of fraud or a criminal offense in connection with-,P_9_406_2_a_1: Commission of fraud or a criminal offense in connection with-,P_9_406_2_a_1,None,Atomic proposition (no transformation),VALIDATED,PASS,PASS,Declarative/definitional statement.,HIGH
9,9.406-2(i),P_9_406_2_i,"(i) Violation of the terms of a Government contract or subcontract so serious as to justify debarment, such as—","P_9_406_2_i: Violation of the terms of a Government contract or subcontract so serious as to justify debarment, such as—",P_9_406_2_i = P_9_406_2_i_ii ∧ P_9_406_2_i_iii ∧ P_9_406_2_i_2 ∧ P_9_406_2_i_3 ∧ P_9_406_2_i_4 ∧ P_9_406_2_i_5 ∧ P_9_406_2_i_A ∧ P_9_406_2_i_B ∧ P_9_406_2_i_ii ∧ P_9_406_2_i_iii ∧ P_9_406_2_i_iv ∧ P_9_406_2_i_v ∧ P_9_406_2_i_vi ∧ P_9_406_2_i_vii ∧ P_9_406_2_i_2 ∧ P_9_406_2_i_ii ∧ P_9_406_2_i_iii ∧ P_9_406_2_i_2 ∧ P_9_406_2_i_3 ∧ P_9_406_2_i_4 ∧ P_9_406_2_i_5 ∧ P_9_406_2_i_A ∧ P_9_406_2_i_B ∧ P_9_406_2_i_ii ∧ P_9_406_2_i_iii ∧ P_9_406_2_i_iv ∧ P_9_406_2_i_v ∧ P_9_406_2_i_vi ∧ P_9_406_2_i_vii ∧ P_9_406_2_i_2,None,Conjunction (Conj): Rule 7,VALIDATED,PASS,PASS,Declarative/definitional statement.,HIGH
9,9.406-2(i)(ii),P_9_406_2_i_ii,"(ii) Violations of 41 U.S.C. chapter 81, Drug-Free Workplace, as indicated by—","P_9_406_2_i_ii: Violations of 41 U.S.C. chapter 81, Drug-Free Workplace, as indicated by—",P_9_406_2_i_ii = P_9_406_2_i_ii_A ∧ P_9_406_2_i_ii_B ∧ P_9_406_2_i_ii_A ∧ P_9_406_2_i_ii_B,None,Conjunction (Conj): Rule 7,VALIDATED,PASS,PASS,Declarative/definitional statement.,HIGH
9,9.406-2(i)(iii),P_9_406_2_i_iii,"(iii) Intentionally affixing a label bearing a “Made in America” inscription (or any inscription having the same meaning) to a product sold in or shipped to the United States or its outlying areas, when the product was not made in the United States or its outlying areas (see Section 202 of the Defense Production Act (Public Law 102-558)).","P_9_406_2_i_iii: Intentionally affixing a label bearing a “Made in America” inscription (or any inscription having the same meaning) to a product sold in or shipped to the United States or its outlying areas, when the product was not made in the United States or its outlying areas (see Section 202 of the Defense Production Act (Public Law 102-558)).",P_9_406_2_i_iii_cond ⊃ P_9_406_2_i_iii,None,Material Implication (Impl): Rule 15 [HIGH-RISK],PENDING_REVIEW,PASS,PASS,Declarative/definitional statement. Conditional triggers detected: when. Material implication used [HIGH-RISK Rule 15].,MEDIUM
9,9.406-2(i)(2),P_9_406_2_i_2,"(2) A contractor, based on a determination by the Secretary of Homeland Security or the Attorney General of the United States, that the contractor is not in compliance with Immigration and Nationality Act employment provisions (see Executive Order12989, as amended by Executive Order13286). Such determination is not reviewable in the debarment proceedings.","P_9_406_2_i_2: A contractor, based on a determination by the Secretary of Homeland Security or the Attorney General of the United States, that the contractor is not in compliance with Immigration and Nationality Act employment provisions (see Executive Order12989, as amended by Executive Order13286). Such determination is not reviewable in the debarment proceedings.",P_9_406_2_i_2,None,Atomic proposition (no transformation),VALIDATED,PASS,PASS,Declarative/definitional statement.,HIGH
9,9.406-2(i)(3),P_9_406_2_i_3,"(3) Commission of embezzlement, theft, forgery, bribery, falsification or destruction of records, making false statements, tax evasion, violating Federal criminal tax laws, or receiving stolen property;","P_9_406_2_i_3: Commission of embezzlement, theft, forgery, bribery, falsification or destruction of records, making false statements, tax evasion, violating Federal criminal tax laws, or receiving stolen property;",P_9_406_2_i_3,None,Atomic proposition (no transformation),VALIDATED,PASS,PASS,Declarative/definitional statement.,HIGH
9,9.406-2(i)(4),P_9_406_2_i_4,"(4) Intentionally affixing a label bearing a “Made in America” inscription (or any inscription having the same meaning) to a product sold in or shipped to the United States or its outlying areas, when the product was not made in the United States or its outlying areas (see Section 202 of the Defense Production Act (Public Law 102-558)); or","P_9_406_2_i_4: Intentionally affixing a label bearing a “Made in America” inscription (or any inscription having the same meaning) to a product sold in or shipped to the United States or its outlying areas, when the product was not made in the United States or its outlying areas (see Section 202 of the Defense Production Act (Public Law 102-558)); or",P_9_406_2_i_4_cond ⊃ P_9_406_2_i_4,None,Material Implication (Impl): Rule 15 [HIGH-RISK],PENDING_REVIEW,PASS,PASS,Declarative/definitional statement. Conditional triggers detected: when. Material implication used [HIGH-RISK Rule 15].,MEDIUM
9,9.406-2(i)(5),P_9_406_2_i_5,(5) Commission of any other offense indicating a lack of business integrity or business honesty that seriously and directly affects the present responsibility of a Government contractor or subcontractor. (b),P_9_406_2_i_5: Commission of any other offense indicating a lack of business integrity or business honesty that seriously and directly affects the present responsibility of a Government contractor or subcontractor. ,P_9_406_2_i_5,None,Atomic proposition (no transformation),VALIDATED,PASS,PASS,Declarative/definitional statement.,HIGH
9,9.406-2(b),P_9_406_2_b,(b),P_9_406_2_b: Subsection (b),P_9_406_2_b = P_9_406_2_b_1,None,Conjunction (Conj): Rule 7,VALIDATED,PASS,PASS,Declarative/definitional statement.,HIGH
9,9.406-2(b)(1),P_9_406_2_b_1,"A contractor, based upon a preponderance of the evidence, for any of the following—","P_9_406_2_b_1: A contractor, based upon a preponderance of the evidence, for any of the following—",P_9_406_2_b_1_cond ⊃ P_9_406_2_b_1,None,Material Implication (Impl): Rule 15 [HIGH-RISK],PENDING_REVIEW,PASS,PASS,Declarative/definitional statement. Conditional triggers detected: upon. Material implication used [HIGH-RISK Rule 15].,MEDIUM
9,9.406-2(i),P_9_406_2_i_v2,"(i) Violation of the terms of a Government contract or subcontract so serious as to justify debarment, such as—","P_9_406_2_i: Violation of the terms of a Government contract or subcontract so serious as to justify debarment, such as—",P_9_406_2_i = P_9_406_2_i_ii ∧ P_9_406_2_i_iii ∧ P_9_406_2_i_2 ∧ P_9_406_2_i_3 ∧ P_9_406_2_i_4 ∧ P_9_406_2_i_5 ∧ P_9_406_2_i_A ∧ P_9_406_2_i_B ∧ P_9_406_2_i_ii ∧ P_9_406_2_i_iii ∧ P_9_406_2_i_iv ∧ P_9_406_2_i_v ∧ P_9_406_2_i_vi ∧ P_9_406_2_i_vii ∧ P_9_406_2_i_2 ∧ P_9_406_2_i_ii ∧ P_9_406_2_i_iii ∧ P_9_406_2_i_2 ∧ P_9_406_2_i_3 ∧ P_9_406_2_i_4 ∧ P_9_406_2_i_5 ∧ P_9_406_2_i_A ∧ P_9_406_2_i_B ∧ P_9_406_2_i_ii ∧ P_9_406_2_i_iii ∧ P_9_406_2_i_iv ∧ P_9_406_2_i_v ∧ P_9_406_2_i_vi ∧ P_9_406_2_i_vii ∧ P_9_406_2_i_2,None,Conjunction (Conj): Rule 7,VALIDATED,PASS,PASS,Declarative/definitional statement.,HIGH
9,9.406-2(i)(A),P_9_406_2_i_A,(A) Willful failure to perform in accordance with the terms of one or more contracts; or,P_9_406_2_i_A_a: Willful failure to perform in accordance with the terms of one or more contracts,P_9_406_2_i_A,None,Atomic proposition (no transformation),VALIDATED,PASS,PASS,Declarative/definitional statement.,HIGH
9,9.406-2(i)(B),P_9_406_2_i_B,"(B) A history of failure to perform, or of unsatisfactory performance of, one or more contracts.","P_9_406_2_i_B: A history of failure to perform, or of unsatisfactory performance of, one or more contracts.",P_9_406_2_i_B,None,Atomic proposition (no transformation),VALIDATED,PASS,PASS,Declarative/definitional statement.,HIGH
9,9.406-2(i)(ii),P_9_406_2_i_ii_v2,"(ii) Violations of 41 U.S.C. chapter 81, Drug-Free Workplace, as indicated by—","P_9_406_2_i_ii: Violations of 41 U.S.C. chapter 81, Drug-Free Workplace, as indicated by—",P_9_406_2_i_ii = P_9_406_2_i_ii_A ∧ P_9_406_2_i_ii_B ∧ P_9_406_2_i_ii_A ∧ P_9_406_2_i_ii_B,None,Conjunction (Conj): Rule 7,VALIDATED,PASS,PASS,Declarative/definitional statement.,HIGH
9,9.406-2(i)(ii)(A),P_9_406_2_i_ii_A,"(A) Failure to comply with the requirements of the clause at 52.226-7, Drug-Free Workplace; or","P_9_406_2_i_ii_A_a: Failure to comply with the requirements of the clause at 52.226-7, Drug-Free Workplace",P_9_406_2_i_ii_A,P_52_226_7,Atomic proposition (no transformation),VALIDATED,PASS,PASS,Declarative/definitional statement. External references: 52.226-7.,HIGH
9,9.406-2(i)(ii)(B),P_9_406_2_i_ii_B,(B) Such a number of contractor employees convicted of violations of criminal drug statutes occurring in the workplace as to indicate that the contractor has failed to make a good faith effort to provide a drug-free workplace (see 26.504).,P_9_406_2_i_ii_B: (B) Such a number of contractor employees convicted of violations of criminal drug statutes occurring in the workplace as to indicate that the contractor has failed to make a good faith effort to provide a drug-free workplace (see 26.504).,P_9_406_2_i_ii_B,P_26_504,Atomic proposition (no transformation),VALIDATED,PASS,PASS,Declarative/definitional statement. External references: 26.504.,HIGH
9,9.406-2(i)(iii),P_9_406_2_i_iii_v2,"(iii) Intentionally affixing a label bearing a “Made in America” inscription (or any inscription having the same meaning) to a product sold in or shipped to the United States or its outlying areas, when the product was not made in the United States or its outlying areas (see Section 202 of the Defense Production Act (Public Law 102-558)).","P_9_406_2_i_iii_v2: Intentionally affixing a label bearing a “Made in America” inscription (or any inscription having the same meaning) to a product sold in or shipped to the United States or its outlying areas, when the product was not made in the United States or its outlying areas (see Section 202 of the Defense Production Act (Public Law 102-558)).",P_9_406_2_i_iii_cond ⊃ P_9_406_2_i_iii,None,Material Implication (Impl): Rule 15 [HIGH-RISK],PENDING_REVIEW,PASS,PASS,Declarative/definitional statement. Conditional triggers detected: when. Material implication used [HIGH-RISK Rule 15].,MEDIUM
9,9.406-2(i)(iv),P_9_406_2_i_iv,(iv) Commission of an unfair trade practice as defined in 9.403 (see Section 201 of the Defense Production Act (Public Law 102-558)).,P_9_406_2_i_iv: Commission of an unfair trade practice as defined in 9.403 (see Section 201 of the Defense Production Act (Public Law 102-558)).,P_9_406_2_i_iv,P_9_403,Atomic proposition (no transformation),VALIDATED,PASS,PASS,Declarative/definitional statement.,HIGH
9,9.406-2(i)(v),P_9_406_2_i_v,(v) Delinquent Federal taxes in an amount that exceeds the threshold at 9.104-5(a)(2). Federal taxes are considered delinquent for purposes of this provision if both of the following criteria apply:,P_9_406_2_i_v: Delinquent Federal taxes in an amount that exceeds the threshold at 9.104-5(a)(2). Federal taxes are considered delinquent for purposes of this provision if both of the following criteria apply:,P_9_406_2_i_v = P_9_406_2_i_v_A ∧ P_9_406_2_i_v_B,P_9_104_5_a_2,Conjunction (Conj): Rule 7,VALIDATED,PASS,PASS,Declarative/definitional statement. Conditional triggers detected: if.,HIGH
9,9.406-2(i)(v)(A),P_9_406_2_i_v_A,"(A) The tax liability is finally determined. The liability is finally determined if it has been assessed. A liability is not finally determined if a pending administrative or judicial challenge remains. In the case of a judicial challenge to the liability, the liability is not finally determined until all judicial appeal rights have been exhausted.","P_9_406_2_i_v_A: (A) The tax liability is finally determined. The liability is finally determined if it has been assessed. A liability is not finally determined if a pending administrative or judicial challenge remains. In the case of a judicial challenge to the liability, the liability is not finally determined until all judicial appeal rights have been exhausted.",P_9_406_2_i_v_A_cond ⊃ P_9_406_2_i_v_A,None,Material Implication (Impl): Rule 15 [HIGH-RISK],PENDING_REVIEW,PASS,PASS,Declarative/definitional statement. Conditional triggers detected: if. Material implication used [HIGH-RISK Rule 15].,MEDIUM
9,9.406-2(i)(v)(B),P_9_406_2_i_v_B,(B) The taxpayer is delinquent in making payment. A taxpayer is delinquent if the taxpayer has failed to pay the tax liability when full payment was due and required. A taxpayer is not delinquent in cases where enforced collection action is precluded.,P_9_406_2_i_v_B: (B) The taxpayer is delinquent in making payment. A taxpayer is delinquent if the taxpayer has failed to pay the tax liability when full payment was due and required. A taxpayer is not delinquent in cases where enforced collection action is precluded.,P_9_406_2_i_v_B_cond ⊃ P_9_406_2_i_v_B,None,Material Implication (Impl): Rule 15 [HIGH-RISK],PENDING_REVIEW,PASS,PASS,"Declarative/definitional statement. Conditional triggers detected: if, when, where, in_cases_where. Material implication used [HIGH-RISK Rule 15].",MEDIUM
9,9.406-2(i)(vi),P_9_406_2_i_vi,"(vi) Knowing failure by a principal, until 3 years after final payment on any Government contract awarded to the contractor, to timely disclose to the Government, in connection with the award, performance, or closeout of the contract or a subcontract thereunder, credible evidence of—","P_9_406_2_i_vi: Knowing failure by a principal, until 3 years after final payment on any Government contract awarded to the contractor, to timely disclose to the Government, in connection with the award, performance, or closeout of the contract or a subcontract thereunder, credible evidence of—",P_9_406_2_i_vi = P_9_406_2_i_vi_A ∧ P_9_406_2_i_vi_B ∧ P_9_406_2_i_vi_C,None,Conjunction (Conj): Rule 7,VALIDATED,PASS,PASS,Declarative/definitional statement. Conditional triggers detected: after.,HIGH
9,9.406-2(i)(vi)(A),P_9_406_2_i_vi_A,"(A) Violation of Federal criminal law involving fraud, conflict of interest, bribery, or gratuity violations found in Title 18 of the United States Code;","P_9_406_2_i_vi_A: (A) Violation of Federal criminal law involving fraud, conflict of interest, bribery, or gratuity violations found in Title 18 of the United States Code;",P_9_406_2_i_vi_A,None,Atomic proposition (no transformation),VALIDATED,PASS,PASS,Declarative/definitional statement.,HIGH
9,9.406-2(i)(vi)(B),P_9_406_2_i_vi_B,(B) Violation of the civil False Claims Act (31 U.S.C. 3729-3733); or,P_9_406_2_i_vi_B_a: Violation of the civil False Claims Act (31 U.S.C. 3729-3733),P_9_406_2_i_vi_B,None,Atomic proposition (no transformation),VALIDATED,PASS,PASS,Declarative/definitional statement.,HIGH
9,9.406-2(i)(vi)(C),P_9_406_2_i_vi_C,"(C) Significant overpayment(s) on the contract, other than overpayments resulting from contract financing payments as defined in 32.001.","P_9_406_2_i_vi_C: Significant overpayment(s) on the contract, other than overpayments resulting from contract financing payments as defined in 32.001.",P_9_406_2_i_vi_C,P_32_001,Atomic proposition (no transformation),VALIDATED,PASS,PASS,Declarative/definitional statement. External references: 32.001.,HIGH
9,9.406-2(i)(vii),P_9_406_2_i_vii,"(vii) Determination of a false certification under 52.209-13, Violation of Arms Control Treaties or Agreements-Certification.","P_9_406_2_i_vii: Determination of a false certification under 52.209-13, Violation of Arms Control Treaties or Agreements-Certification.",P_9_406_2_i_vii,P_52_209_13,Atomic proposition (no transformation),VALIDATED,PASS,PASS,Declarative/definitional statement. External references: 52.209-13.,HIGH
9,9.406-2(i)(2),P_9_406_2_i_2_v2,"(2) A contractor, based on a determination by the Secretary of Homeland Security or the Attorney General of the United States, that the contractor is not in compliance with Immigration and Nationality Act employment provisions (see Executive Order12989, as amended by Executive Order13286). Such determination is not reviewable in the debarment proceedings.","P_9_406_2_i_2_v2: A contractor, based on a determination by the Secretary of Homeland Security or the Attorney General of the United States, that the contractor is not in compliance with Immigration and Nationality Act employment provisions (see Executive Order12989, as amended by Executive Order13286). Such determination is not reviewable in the debarment proceedings.",P_9_406_2_i_2,None,Atomic proposition (no transformation),VALIDATED,PASS,PASS,Declarative/definitional statement.,HIGH
9,9.406-2(c),P_9_406_2_c,(c) A contractor or subcontractor based on any other cause of so serious or compelling a nature that it affects the present responsibility of the contractor or subcontractor.,P_9_406_2_c: A contractor or subcontractor based on any other cause of so serious or compelling a nature that it affects the present responsibility of the contractor or subcontractor.,P_9_406_2_c,None,Atomic proposition (no transformation),VALIDATED,PASS,PASS,Declarative/definitional statement.,HIGH
9,9.406-3,P_9_406_3,9.406-3 Procedures.,P_9_406_3: ,P_9_406_3 = P_9_406_3_a ∧ P_9_406_3_b ∧ P_9_406_3_i ∧ P_9_406_3_c ∧ P_9_406_3_i ∧ P_9_406_3_i ∧ P_9_406_3_i ∧ P_9_406_3_d ∧ P_9_406_3_i ∧ P_9_406_3_e ∧ P_9_406_3_i ∧ P_9_406_3_f ∧ P_9_406_3_g ∧ P_9_406_3_h,None,Conjunction (Conj): Rule 7,VALIDATED,PASS,PASS,Declarative/definitional statement.,HIGH
9,9.406-3(a),P_9_406_3_a,"(a) Investigation and referral. Agencies must establish procedures for the prompt reporting, investigation, and referral to the suspending and debarring official of matters appropriate for that official's consideration.","P_9_406_3_a_a: Investigation and referral. Agencies must establish procedures for the prompt reporting, investigation; P_9_406_3_a_b: referral to the suspending and debarring official of matters appropriate for that official's consideration.",P_9_406_3_a,None,Atomic proposition (no transformation),VALIDATED,PASS,PASS,Mandatory requirement (shall/must).,HIGH
9,9.406-3(b),P_9_406_3_b,(b) Decision-making process,P_9_406_3_b: Decision-making process,P_9_406_3_b = P_9_406_3_b_1 ∧ P_9_406_3_b_2,None,Conjunction (Conj): Rule 7,VALIDATED,PASS,PASS,Declarative/definitional statement.,HIGH
9,9.406-3(b)(1),P_9_406_3_b_1,"(1) Agencies must establish procedures governing the debarment decision-making process that are as informal as is practicable, consistent with principles of fundamental fairness. These procedures must afford the contractor (and any specifically named affiliates) an opportunity to submit, in person, in writing, or through a representative, information and argument in opposition to the proposed debarment. If the suspending and debarring official extends the opportunity for the contractor to submit material in opposition, then the official should also give a deadline for submission of materials. The suspending and debarring official may use flexible procedures to allow a contractor to present matters in opposition in person or remotely through appropriate technology; if so, the suspending and debarring official should change the notice in paragraph (c)(3)(iv) of this section to include those flexible procedures.","P_9_406_3_b_1: Agencies must establish procedures governing the debarment decision-making process that are as informal as is practicable, consistent with principles of fundamental fairness. These procedures must afford the contractor (and any specifically named affiliates) an opportunity to submit, in person, in writing, or through a representative, information and argument in opposition to the proposed debarment. If the suspending and debarring official extends the opportunity for the contractor to submit material in opposition, then the official should also give a deadline for submission of materials. The suspending and debarring official may use flexible procedures to allow a contractor to present matters in opposition in person or remotely through appropriate technology; if so, the suspending and debarring official should change the notice in paragraph (c)(3)(iv) of this section to include those flexible procedures.",P_9_406_3_b_1_cond ⊃ (P_9_406_3_b_1_a ∧ P_9_406_3_b_1_b),None,Conjunction (Conj): Rule 7; Material Implication (Impl): Rule 15 [HIGH-RISK],PENDING_REVIEW,PASS,PASS,Mandatory requirement (shall/must). Conditional triggers detected: if. Material implication used [HIGH-RISK Rule 15].,MEDIUM
9,9.406-3(b)(2),P_9_406_3_b_2,"(2) In actions not based upon a conviction or civil judgment, if the contractor's submission in opposition raises a genuine dispute over facts material to the proposed debarment, agencies must also—","P_9_406_3_b_2: In actions not based upon a conviction or civil judgment, if the contractor's submission in opposition raises a genuine dispute over facts material to the proposed debarment, agencies must also—",P_9_406_3_b_2_cond ⊃ P_9_406_3_b_2,None,Material Implication (Impl): Rule 15 [HIGH-RISK],PENDING_REVIEW,PASS,PASS,"Mandatory requirement (shall/must). Conditional triggers detected: if, upon. Material implication used [HIGH-RISK Rule 15].",MEDIUM
9,9.406-3(i),P_9_406_3_i,(i) Referring to the notice of proposed debarment;,P_9_406_3_i: Referring to the notice of proposed debarment;,P_9_406_3_i = P_9_406_3_i_ii ∧ P_9_406_3_i_ii ∧ P_9_406_3_i_iii ∧ P_9_406_3_i_2 ∧ P_9_406_3_i_ii ∧ P_9_406_3_i_3 ∧ P_9_406_3_i_ii ∧ P_9_406_3_i_iii ∧ P_9_406_3_i_iv ∧ P_9_406_3_i_v ∧ P_9_406_3_i_vi ∧ P_9_406_3_i_vii ∧ P_9_406_3_i_viii ∧ P_9_406_3_i_ix ∧ P_9_406_3_i_ii ∧ P_9_406_3_i_iii ∧ P_9_406_3_i_3 ∧ P_9_406_3_i_ii ∧ P_9_406_3_i_iii ∧ P_9_406_3_i_iv ∧ P_9_406_3_i_2 ∧ P_9_406_3_i_ii ∧ P_9_406_3_i_ii ∧ P_9_406_3_i_iii ∧ P_9_406_3_i_2 ∧ P_9_406_3_i_ii ∧ P_9_406_3_i_3 ∧ P_9_406_3_i_ii ∧ P_9_406_3_i_iii ∧ P_9_406_3_i_iv ∧ P_9_406_3_i_v ∧ P_9_406_3_i_vi ∧ P_9_406_3_i_vii ∧ P_9_406_3_i_viii ∧ P_9_406_3_i_ix ∧ P_9_406_3_i_ii ∧ P_9_406_3_i_iii ∧ P_9_406_3_i_3 ∧ P_9_406_3_i_ii ∧ P_9_406_3_i_iii ∧ P_9_406_3_i_iv ∧ P_9_406_3_i_2 ∧ P_9_406_3_i_ii ∧ P_9_406_3_i_ii ∧ P_9_406_3_i_iii ∧ P_9_406_3_i_2 ∧ P_9_406_3_i_ii ∧ P_9_406_3_i_3 ∧ P_9_406_3_i_ii ∧ P_9_406_3_i_iii ∧ P_9_406_3_i_iv ∧ P_9_406_3_i_v ∧ P_9_406_3_i_vi ∧ P_9_406_3_i_vii ∧ P_9_406_3_i_viii ∧ P_9_406_3_i_ix ∧ P_9_406_3_i_ii ∧ P_9_406_3_i_iii ∧ P_9_406_3_i_3 ∧ P_9_406_3_i_ii ∧ P_9_406_3_i_iii ∧ P_9_406_3_i_iv ∧ P_9_406_3_i_2 ∧ P_9_406_3_i_ii ∧ P_9_406_3_i_ii ∧ P_9_406_3_i_iii ∧ P_9_406_3_i_2 ∧ P_9_406_3_i_ii ∧ P_9_406_3_i_3 ∧ P_9_406_3_i_ii ∧ P_9_406_3_i_iii ∧ P_9_406_3_i_iv ∧ P_9_406_3_i_v ∧ P_9_406_3_i_vi ∧ P_9_406_3_i_vii ∧ P_9_406_3_i_viii ∧ P_9_406_3_i_ix ∧ P_9_406_3_i_ii ∧ P_9_406_3_i_iii ∧ P_9_406_3_i_3 ∧ P_9_406_3_i_ii ∧ P_9_406_3_i_iii ∧ P_9_406_3_i_iv ∧ P_9_406_3_i_2 ∧ P_9_406_3_i_ii ∧ P_9_406_3_i_ii ∧ P_9_406_3_i_iii ∧ P_9_406_3_i_2 ∧ P_9_406_3_i_ii ∧ P_9_406_3_i_3 ∧ P_9_406_3_i_ii ∧ P_9_406_3_i_iii ∧ P_9_406_3_i_iv ∧ P_9_406_3_i_v ∧ P_9_406_3_i_vi ∧ P_9_406_3_i_vii ∧ P_9_406_3_i_viii ∧ P_9_406_3_i_ix ∧ P_9_406_3_i_ii ∧ P_9_406_3_i_iii ∧ P_9_406_3_i_3 ∧ P_9_406_3_i_ii ∧ P_9_406_3_i_iii ∧ P_9_406_3_i_iv ∧ P_9_406_3_i_2 ∧ P_9_406_3_i_ii ∧ P_9_406_3_i_ii ∧ P_9_406_3_i_iii ∧ P_9_406_3_i_2 ∧ P_9_406_3_i_ii ∧ P_9_406_3_i_3 ∧ P_9_406_3_i_ii ∧ P_9_406_3_i_iii ∧ P_9_406_3_i_iv ∧ P_9_406_3_i_v ∧ P_9_406_3_i_vi ∧ P_9_406_3_i_vii ∧ P_9_406_3_i_viii ∧ P_9_406_3_i_ix ∧ P_9_406_3_i_ii ∧ P_9_406_3_i_iii ∧ P_9_406_3_i_3 ∧ P_9_406_3_i_ii ∧ P_9_406_3_i_iii ∧ P_9_406_3_i_iv ∧ P_9_406_3_i_2,None,Conjunction (Conj): Rule 7,VALIDATED,PASS,PASS,Declarative/definitional statement.,HIGH
9,9.406-3(i)(ii),P_9_406_3_i_ii,(ii) Specifying the reasons for debarment;,P_9_406_3_i_ii: Specifying the reasons for debarment;,P_9_406_3_i_ii,None,Atomic proposition (no transformation),VALIDATED,PASS,PASS,Declarative/definitional statement.,HIGH
9,9.406-3(c),P_9_406_3_c,(c) Notice of proposal to debar. The suspending and debarring official must issue the notice of proposed debarment to the contractor and any specifically named affiliates.,P_9_406_3_c: Notice of proposal to debar. The suspending and debarring official must issue the notice of proposed debarment to the contractor and any specifically named affiliates.,P_9_406_3_c = P_9_406_3_c_1,None,Conjunction (Conj): Rule 7,VALIDATED,PASS,PASS,Mandatory requirement (shall/must).,HIGH
9,9.406-3(c)(1),P_9_406_3_c_1,(1) The written notice must be sent—,P_9_406_3_c_1: The written notice must be sent—,P_9_406_3_c_1,None,Atomic proposition (no transformation),VALIDATED,PASS,PASS,Mandatory requirement (shall/must).,HIGH
9,9.406-3(i),P_9_406_3_i_v2,(i) Referring to the notice of proposed debarment;,P_9_406_3_i: Referring to the notice of proposed debarment;,P_9_406_3_i = P_9_406_3_i_ii ∧ P_9_406_3_i_ii ∧ P_9_406_3_i_iii ∧ P_9_406_3_i_2 ∧ P_9_406_3_i_ii ∧ P_9_406_3_i_3 ∧ P_9_406_3_i_ii ∧ P_9_406_3_i_iii ∧ P_9_406_3_i_iv ∧ P_9_406_3_i_v ∧ P_9_406_3_i_vi ∧ P_9_406_3_i_vii ∧ P_9_406_3_i_viii ∧ P_9_406_3_i_ix ∧ P_9_406_3_i_ii ∧ P_9_406_3_i_iii ∧ P_9_406_3_i_3 ∧ P_9_406_3_i_ii ∧ P_9_406_3_i_iii ∧ P_9_406_3_i_iv ∧ P_9_406_3_i_2 ∧ P_9_406_3_i_ii ∧ P_9_406_3_i_ii ∧ P_9_406_3_i_iii ∧ P_9_406_3_i_2 ∧ P_9_406_3_i_ii ∧ P_9_406_3_i_3 ∧ P_9_406_3_i_ii ∧ P_9_406_3_i_iii ∧ P_9_406_3_i_iv ∧ P_9_406_3_i_v ∧ P_9_406_3_i_vi ∧ P_9_406_3_i_vii ∧ P_9_406_3_i_viii ∧ P_9_406_3_i_ix ∧ P_9_406_3_i_ii ∧ P_9_406_3_i_iii ∧ P_9_406_3_i_3 ∧ P_9_406_3_i_ii ∧ P_9_406_3_i_iii ∧ P_9_406_3_i_iv ∧ P_9_406_3_i_2 ∧ P_9_406_3_i_ii ∧ P_9_406_3_i_ii ∧ P_9_406_3_i_iii ∧ P_9_406_3_i_2 ∧ P_9_406_3_i_ii ∧ P_9_406_3_i_3 ∧ P_9_406_3_i_ii ∧ P_9_406_3_i_iii ∧ P_9_406_3_i_iv ∧ P_9_406_3_i_v ∧ P_9_406_3_i_vi ∧ P_9_406_3_i_vii ∧ P_9_406_3_i_viii ∧ P_9_406_3_i_ix ∧ P_9_406_3_i_ii ∧ P_9_406_3_i_iii ∧ P_9_406_3_i_3 ∧ P_9_406_3_i_ii ∧ P_9_406_3_i_iii ∧ P_9_406_3_i_iv ∧ P_9_406_3_i_2 ∧ P_9_406_3_i_ii ∧ P_9_406_3_i_ii ∧ P_9_406_3_i_iii ∧ P_9_406_3_i_2 ∧ P_9_406_3_i_ii ∧ P_9_406_3_i_3 ∧ P_9_406_3_i_ii ∧ P_9_406_3_i_iii ∧ P_9_406_3_i_iv ∧ P_9_406_3_i_v ∧ P_9_406_3_i_vi ∧ P_9_406_3_i_vii ∧ P_9_406_3_i_viii ∧ P_9_406_3_i_ix ∧ P_9_406_3_i_ii ∧ P_9_406_3_i_iii ∧ P_9_406_3_i_3 ∧ P_9_406_3_i_ii ∧ P_9_406_3_i_iii ∧ P_9_406_3_i_iv ∧ P_9_406_3_i_2 ∧ P_9_406_3_i_ii ∧ P_9_406_3_i_ii ∧ P_9_406_3_i_iii ∧ P_9_406_3_i_2 ∧ P_9_406_3_i_ii ∧ P_9_406_3_i_3 ∧ P_9_406_3_i_ii ∧ P_9_406_3_i_iii ∧ P_9_406_3_i_iv ∧ P_9_406_3_i_v ∧ P_9_406_3_i_vi ∧ P_9_406_3_i_vii ∧ P_9_406_3_i_viii ∧ P_9_406_3_i_ix ∧ P_9_406_3_i_ii ∧ P_9_406_3_i_iii ∧ P_9_406_3_i_3 ∧ P_9_406_3_i_ii ∧ P_9_406_3_i_iii ∧ P_9_406_3_i_iv ∧ P_9_406_3_i_2 ∧ P_9_406_3_i_ii ∧ P_9_406_3_i_ii ∧ P_9_406_3_i_iii ∧ P_9_406_3_i_2 ∧ P_9_406_3_i_ii ∧ P_9_406_3_i_3 ∧ P_9_406_3_i_ii ∧ P_9_406_3_i_iii ∧ P_9_406_3_i_iv ∧ P_9_406_3_i_v ∧ P_9_406_3_i_vi ∧ P_9_406_3_i_vii ∧ P_9_406_3_i_viii ∧ P_9_406_3_i_ix ∧ P_9_406_3_i_ii ∧ P_9_406_3_i_iii ∧ P_9_406_3_i_3 ∧ P_9_406_3_i_ii ∧ P_9_406_3_i_iii ∧ P_9_406_3_i_iv ∧ P_9_406_3_i_2,None,Conjunction (Conj): Rule 7,VALIDATED,PASS,PASS,Declarative/definitional statement.,HIGH
9,9.406-3(i)(ii),P_9_406_3_i_ii_v2,(ii) Specifying the reasons for debarment;,P_9_406_3_i_ii: Specifying the reasons for debarment;,P_9_406_3_i_ii,None,Atomic proposition (no transformation),VALIDATED,PASS,PASS,Declarative/definitional statement.,HIGH
9,9.406-3(i)(iii),P_9_406_3_i_iii,"(iii) Stating the period of debarment, including effective dates; and","P_9_406_3_i_iii_a: Stating the period of debarment, including effective dates",P_9_406_3_i_iii,None,Atomic proposition (no transformation),VALIDATED,PASS,PASS,Declarative/definitional statement.,HIGH
9,9.406-3(i)(2),P_9_406_3_i_2,"(2) If debarment is not imposed, the suspending and debarring official must promptly notify the contractor and any affiliates involved, using the procedures in paragraphs (c)(1) and (2) of this section.","P_9_406_3_i_2: If debarment is not imposed, the suspending and debarring official must promptly notify the contractor and any affiliates involved, using the procedures in paragraphs (c)(1) and (2) of this section.",P_9_406_3_i_2_cond ⊃ P_9_406_3_i_2,None,Material Implication (Impl): Rule 15 [HIGH-RISK],PENDING_REVIEW,PASS,PASS,Mandatory requirement (shall/must). Conditional triggers detected: if. Material implication used [HIGH-RISK Rule 15].,MEDIUM
9,9.406-3(i),P_9_406_3_i_v3,(i) Referring to the notice of proposed debarment;,P_9_406_3_i: Referring to the notice of proposed debarment;,P_9_406_3_i = P_9_406_3_i_ii ∧ P_9_406_3_i_ii ∧ P_9_406_3_i_iii ∧ P_9_406_3_i_2 ∧ P_9_406_3_i_ii ∧ P_9_406_3_i_3 ∧ P_9_406_3_i_ii ∧ P_9_406_3_i_iii ∧ P_9_406_3_i_iv ∧ P_9_406_3_i_v ∧ P_9_406_3_i_vi ∧ P_9_406_3_i_vii ∧ P_9_406_3_i_viii ∧ P_9_406_3_i_ix ∧ P_9_406_3_i_ii ∧ P_9_406_3_i_iii ∧ P_9_406_3_i_3 ∧ P_9_406_3_i_ii ∧ P_9_406_3_i_iii ∧ P_9_406_3_i_iv ∧ P_9_406_3_i_2 ∧ P_9_406_3_i_ii ∧ P_9_406_3_i_ii ∧ P_9_406_3_i_iii ∧ P_9_406_3_i_2 ∧ P_9_406_3_i_ii ∧ P_9_406_3_i_3 ∧ P_9_406_3_i_ii ∧ P_9_406_3_i_iii ∧ P_9_406_3_i_iv ∧ P_9_406_3_i_v ∧ P_9_406_3_i_vi ∧ P_9_406_3_i_vii ∧ P_9_406_3_i_viii ∧ P_9_406_3_i_ix ∧ P_9_406_3_i_ii ∧ P_9_406_3_i_iii ∧ P_9_406_3_i_3 ∧ P_9_406_3_i_ii ∧ P_9_406_3_i_iii ∧ P_9_406_3_i_iv ∧ P_9_406_3_i_2 ∧ P_9_406_3_i_ii ∧ P_9_406_3_i_ii ∧ P_9_406_3_i_iii ∧ P_9_406_3_i_2 ∧ P_9_406_3_i_ii ∧ P_9_406_3_i_3 ∧ P_9_406_3_i_ii ∧ P_9_406_3_i_iii ∧ P_9_406_3_i_iv ∧ P_9_406_3_i_v ∧ P_9_406_3_i_vi ∧ P_9_406_3_i_vii ∧ P_9_406_3_i_viii ∧ P_9_406_3_i_ix ∧ P_9_406_3_i_ii ∧ P_9_406_3_i_iii ∧ P_9_406_3_i_3 ∧ P_9_406_3_i_ii ∧ P_9_406_3_i_iii ∧ P_9_406_3_i_iv ∧ P_9_406_3_i_2 ∧ P_9_406_3_i_ii ∧ P_9_406_3_i_ii ∧ P_9_406_3_i_iii ∧ P_9_406_3_i_2 ∧ P_9_406_3_i_ii ∧ P_9_406_3_i_3 ∧ P_9_406_3_i_ii ∧ P_9_406_3_i_iii ∧ P_9_406_3_i_iv ∧ P_9_406_3_i_v ∧ P_9_406_3_i_vi ∧ P_9_406_3_i_vii ∧ P_9_406_3_i_viii ∧ P_9_406_3_i_ix ∧ P_9_406_3_i_ii ∧ P_9_406_3_i_iii ∧ P_9_406_3_i_3 ∧ P_9_406_3_i_ii ∧ P_9_406_3_i_iii ∧ P_9_406_3_i_iv ∧ P_9_406_3_i_2 ∧ P_9_406_3_i_ii ∧ P_9_406_3_i_ii ∧ P_9_406_3_i_iii ∧ P_9_406_3_i_2 ∧ P_9_406_3_i_ii ∧ P_9_406_3_i_3 ∧ P_9_406_3_i_ii ∧ P_9_406_3_i_iii ∧ P_9_406_3_i_iv ∧ P_9_406_3_i_v ∧ P_9_406_3_i_vi ∧ P_9_406_3_i_vii ∧ P_9_406_3_i_viii ∧ P_9_406_3_i_ix ∧ P_9_406_3_i_ii ∧ P_9_406_3_i_iii ∧ P_9_406_3_i_3 ∧ P_9_406_3_i_ii ∧ P_9_406_3_i_iii ∧ P_9_406_3_i_iv ∧ P_9_406_3_i_2 ∧ P_9_406_3_i_ii ∧ P_9_406_3_i_ii ∧ P_9_406_3_i_iii ∧ P_9_406_3_i_2 ∧ P_9_406_3_i_ii ∧ P_9_406_3_i_3 ∧ P_9_406_3_i_ii ∧ P_9_406_3_i_iii ∧ P_9_406_3_i_iv ∧ P_9_406_3_i_v ∧ P_9_406_3_i_vi ∧ P_9_406_3_i_vii ∧ P_9_406_3_i_viii ∧ P_9_406_3_i_ix ∧ P_9_406_3_i_ii ∧ P_9_406_3_i_iii ∧ P_9_406_3_i_3 ∧ P_9_406_3_i_ii ∧ P_9_406_3_i_iii ∧ P_9_406_3_i_iv ∧ P_9_406_3_i_2,None,Conjunction (Conj): Rule 7,VALIDATED,PASS,PASS,Declarative/definitional statement.,HIGH
9,9.406-3(i)(ii),P_9_406_3_i_ii_v3,(ii) Specifying the reasons for debarment;,P_9_406_3_i_ii: Specifying the reasons for debarment;,P_9_406_3_i_ii,None,Atomic proposition (no transformation),VALIDATED,PASS,PASS,Declarative/definitional statement.,HIGH
9,9.406-3(i)(3),P_9_406_3_i_3,"(3) In any action in which the proposed debarment is not based upon a conviction or civil judgment, the cause for debarment must be established by a preponderance of the evidence.","P_9_406_3_i_3: In any action in which the proposed debarment is not based upon a conviction or civil judgment, the cause for debarment must be established by a preponderance of the evidence.",P_9_406_3_i_3_cond ⊃ P_9_406_3_i_3,None,Material Implication (Impl): Rule 15 [HIGH-RISK],PENDING_REVIEW,PASS,PASS,Mandatory requirement (shall/must). Conditional triggers detected: upon. Material implication used [HIGH-RISK Rule 15].,MEDIUM
9,9.406-3(i),P_9_406_3_i_v4,(i) Referring to the notice of proposed debarment;,P_9_406_3_i: Referring to the notice of proposed debarment;,P_9_406_3_i = P_9_406_3_i_ii ∧ P_9_406_3_i_ii ∧ P_9_406_3_i_iii ∧ P_9_406_3_i_2 ∧ P_9_406_3_i_ii ∧ P_9_406_3_i_3 ∧ P_9_406_3_i_ii ∧ P_9_406_3_i_iii ∧ P_9_406_3_i_iv ∧ P_9_406_3_i_v ∧ P_9_406_3_i_vi ∧ P_9_406_3_i_vii ∧ P_9_406_3_i_viii ∧ P_9_406_3_i_ix ∧ P_9_406_3_i_ii ∧ P_9_406_3_i_iii ∧ P_9_406_3_i_3 ∧ P_9_406_3_i_ii ∧ P_9_406_3_i_iii ∧ P_9_406_3_i_iv ∧ P_9_406_3_i_2 ∧ P_9_406_3_i_ii ∧ P_9_406_3_i_ii ∧ P_9_406_3_i_iii ∧ P_9_406_3_i_2 ∧ P_9_406_3_i_ii ∧ P_9_406_3_i_3 ∧ P_9_406_3_i_ii ∧ P_9_406_3_i_iii ∧ P_9_406_3_i_iv ∧ P_9_406_3_i_v ∧ P_9_406_3_i_vi ∧ P_9_406_3_i_vii ∧ P_9_406_3_i_viii ∧ P_9_406_3_i_ix ∧ P_9_406_3_i_ii ∧ P_9_406_3_i_iii ∧ P_9_406_3_i_3 ∧ P_9_406_3_i_ii ∧ P_9_406_3_i_iii ∧ P_9_406_3_i_iv ∧ P_9_406_3_i_2 ∧ P_9_406_3_i_ii ∧ P_9_406_3_i_ii ∧ P_9_406_3_i_iii ∧ P_9_406_3_i_2 ∧ P_9_406_3_i_ii ∧ P_9_406_3_i_3 ∧ P_9_406_3_i_ii ∧ P_9_406_3_i_iii ∧ P_9_406_3_i_iv ∧ P_9_406_3_i_v ∧ P_9_406_3_i_vi ∧ P_9_406_3_i_vii ∧ P_9_406_3_i_viii ∧ P_9_406_3_i_ix ∧ P_9_406_3_i_ii ∧ P_9_406_3_i_iii ∧ P_9_406_3_i_3 ∧ P_9_406_3_i_ii ∧ P_9_406_3_i_iii ∧ P_9_406_3_i_iv ∧ P_9_406_3_i_2 ∧ P_9_406_3_i_ii ∧ P_9_406_3_i_ii ∧ P_9_406_3_i_iii ∧ P_9_406_3_i_2 ∧ P_9_406_3_i_ii ∧ P_9_406_3_i_3 ∧ P_9_406_3_i_ii ∧ P_9_406_3_i_iii ∧ P_9_406_3_i_iv ∧ P_9_406_3_i_v ∧ P_9_406_3_i_vi ∧ P_9_406_3_i_vii ∧ P_9_406_3_i_viii ∧ P_9_406_3_i_ix ∧ P_9_406_3_i_ii ∧ P_9_406_3_i_iii ∧ P_9_406_3_i_3 ∧ P_9_406_3_i_ii ∧ P_9_406_3_i_iii ∧ P_9_406_3_i_iv ∧ P_9_406_3_i_2 ∧ P_9_406_3_i_ii ∧ P_9_406_3_i_ii ∧ P_9_406_3_i_iii ∧ P_9_406_3_i_2 ∧ P_9_406_3_i_ii ∧ P_9_406_3_i_3 ∧ P_9_406_3_i_ii ∧ P_9_406_3_i_iii ∧ P_9_406_3_i_iv ∧ P_9_406_3_i_v ∧ P_9_406_3_i_vi ∧ P_9_406_3_i_vii ∧ P_9_406_3_i_viii ∧ P_9_406_3_i_ix ∧ P_9_406_3_i_ii ∧ P_9_406_3_i_iii ∧ P_9_406_3_i_3 ∧ P_9_406_3_i_ii ∧ P_9_406_3_i_iii ∧ P_9_406_3_i_iv ∧ P_9_406_3_i_2 ∧ P_9_406_3_i_ii ∧ P_9_406_3_i_ii ∧ P_9_406_3_i_iii ∧ P_9_406_3_i_2 ∧ P_9_406_3_i_ii ∧ P_9_406_3_i_3 ∧ P_9_406_3_i_ii ∧ P_9_406_3_i_iii ∧ P_9_406_3_i_iv ∧ P_9_406_3_i_v ∧ P_9_406_3_i_vi ∧ P_9_406_3_i_vii ∧ P_9_406_3_i_viii ∧ P_9_406_3_i_ix ∧ P_9_406_3_i_ii ∧ P_9_406_3_i_iii ∧ P_9_406_3_i_3 ∧ P_9_406_3_i_ii ∧ P_9_406_3_i_iii ∧ P_9_406_3_i_iv ∧ P_9_406_3_i_2,None,Conjunction (Conj): Rule 7,VALIDATED,PASS,PASS,Declarative/definitional statement.,HIGH
9,9.406-3(i)(ii),P_9_406_3_i_ii_v4,(ii) Specifying the reasons for debarment;,P_9_406_3_i_ii: Specifying the reasons for debarment;,P_9_406_3_i_ii,None,Atomic proposition (no transformation),VALIDATED,PASS,PASS,Declarative/definitional statement.,HIGH
9,9.406-3(i)(iii),P_9_406_3_i_iii_v2,"(iii) Stating the period of debarment, including effective dates; and","P_9_406_3_i_iii_a: Stating the period of debarment, including effective dates",P_9_406_3_i_iii,None,Atomic proposition (no transformation),VALIDATED,PASS,PASS,Declarative/definitional statement.,HIGH
9,9.406-3(i)(iv),P_9_406_3_i_iv,(iv) Advising that the debarment is effective throughout the executive branch of the Government unless the head of an agency or a designee makes the statement called for by 9.406-1(d).,P_9_406_3_i_iv: Advising that the debarment is effective throughout the executive branch of the Government unless the head of an agency or a designee makes the statement called for by 9.406-1(d).,~P_9_406_3_i_iv_except ⊃ P_9_406_3_i_iv,P_9_406_1_d,Material Implication (Impl): Rule 15 [HIGH-RISK]; Negation (Neg): Rule 10,PENDING_REVIEW,PASS,PASS,Declarative/definitional statement. Conditional triggers detected: unless. Material implication used [HIGH-RISK Rule 15].,MEDIUM
9,9.406-3(i)(v),P_9_406_3_i_v,(v) The agency's procedures governing debarment decision making;,P_9_406_3_i_v: The agency's procedures governing debarment decision making;,P_9_406_3_i_v,None,Atomic proposition (no transformation),VALIDATED,PASS,PASS,Declarative/definitional statement.,HIGH
9,9.406-3(i)(vi),P_9_406_3_i_vi,(vi) The effect of the issuance of the notice of proposed debarment;,P_9_406_3_i_vi: The effect of the issuance of the notice of proposed debarment;,P_9_406_3_i_vi,None,Atomic proposition (no transformation),VALIDATED,PASS,PASS,Declarative/definitional statement.,HIGH
9,9.406-3(i)(vii),P_9_406_3_i_vii,(vii) The potential effect of an actual debarment;,P_9_406_3_i_vii: The potential effect of an actual debarment;,P_9_406_3_i_vii,None,Atomic proposition (no transformation),VALIDATED,PASS,PASS,Declarative/definitional statement.,HIGH
9,9.406-3(i)(viii),P_9_406_3_i_viii,"(viii) That in addition to any information and argument in opposition to a proposed debarment, the contractor must identify—","P_9_406_3_i_viii: That in addition to any information and argument in opposition to a proposed debarment, the contractor must identify—",P_9_406_3_i_viii = P_9_406_3_i_viii_A ∧ P_9_406_3_i_viii_B ∧ P_9_406_3_i_viii_C ∧ P_9_406_3_i_viii_D,None,Conjunction (Conj): Rule 7,VALIDATED,PASS,PASS,Mandatory requirement (shall/must).,HIGH
9,9.406-3(i)(viii)(A),P_9_406_3_i_viii_A,(A) Specific facts that contradict the statements contained in the notice of proposed debarment. Include any information about any of the factors listed in 9.406-1(a). A general denial is insufficient to raise a genuine dispute over facts material to the proposed debarment;,P_9_406_3_i_viii_A: (A) Specific facts that contradict the statements contained in the notice of proposed debarment. Include any information about any of the factors listed in 9.406-1(a). A general denial is insufficient to raise a genuine dispute over facts material to the proposed debarment;,P_9_406_3_i_viii_A,P_9_406_1_a,Atomic proposition (no transformation),VALIDATED,PASS,PASS,Declarative/definitional statement.,HIGH
9,9.406-3(i)(viii)(B),P_9_406_3_i_viii_B,"(B) All existing, proposed, or prior exclusions and all similar actions taken by Federal, State, or local agencies, including administrative agreements that affect only those agencies;","P_9_406_3_i_viii_B: (B) All existing, proposed, or prior exclusions and all similar actions taken by Federal, State, or local agencies, including administrative agreements that affect only those agencies;",P_9_406_3_i_viii_B,None,Atomic proposition (no transformation),VALIDATED,PASS,PASS,Declarative/definitional statement.,HIGH
9,9.406-3(i)(viii)(C),P_9_406_3_i_viii_C,(C) All criminal and civil proceedings not included in the notice of proposed debarment that grew out of facts relevant to the cause(s) stated in the notice; and,P_9_406_3_i_viii_C: (C) All criminal and civil proceedings not included in the notice of proposed debarment that grew out of facts relevant to the cause(s) stated in the notice; and,P_9_406_3_i_viii_C,None,Atomic proposition (no transformation),VALIDATED,PASS,PASS,Declarative/definitional statement.,HIGH
9,9.406-3(i)(viii)(D),P_9_406_3_i_viii_D,(D) All of the contractor's affiliates; and,P_9_406_3_i_viii_D_a: All of the contractor's affiliates,P_9_406_3_i_viii_D,None,Atomic proposition (no transformation),VALIDATED,PASS,PASS,Declarative/definitional statement.,HIGH
9,9.406-3(i)(ix),P_9_406_3_i_ix,"(ix) That if the contractor fails to disclose the information in paragraph (c)(3)(viii) of this section, or provides false information, the agency taking the action may seek further criminal, civil, or administrative action against the contractor, as appropriate.","P_9_406_3_i_ix: That if the contractor fails to disclose the information in paragraph (c)(3)(viii) of this section, or provides false information, the agency taking the action may seek further criminal, civil, or administrative action against the contractor, as appropriate.",P_9_406_3_i_ix_cond ⊃ (P_9_406_3_i_ix ∨ ~P_9_406_3_i_ix),None,Addition (Add): Rule 8; Material Implication (Impl): Rule 15 [HIGH-RISK]; Negation (Neg): Rule 10,PENDING_REVIEW,PASS,PASS,Permissive authority (may) creates discretionary action. Conditional triggers detected: if. Material implication used [HIGH-RISK Rule 15]. Tautological structure represents unrestricted discretion.,MEDIUM
9,9.406-3(d),P_9_406_3_d,(d) Suspending and debarring official’s decision.,P_9_406_3_d: Suspending and debarring official’s decision.,P_9_406_3_d = P_9_406_3_d_1 ∧ P_9_406_3_d_2,None,Conjunction (Conj): Rule 7,VALIDATED,PASS,PASS,Declarative/definitional statement.,HIGH
9,9.406-3(d)(1),P_9_406_3_d_1,"(1) In actions based upon a conviction or civil judgment, or in which no genuine dispute exists over material facts, the suspending and debarring official must decide based on all the information in the administrative record, including any contractor submission. If no suspension is in effect, the suspending and debarring official must make a decision within 45 days from the date that the official administrative record is closed, unless the suspending and debarring official extends this period for good cause. The official record closes upon the expiration of the contractor's time to submit information and argument in opposition, including any extensions (see paragraph (b)(1) of this section). (2)","P_9_406_3_d_1: In actions based upon a conviction or civil judgment, or in which no genuine dispute exists over material facts, the suspending and debarring official must decide based on all the information in the administrative record, including any contractor submission. If no suspension is in effect, the suspending and debarring official must make a decision within 45 days from the date that the official administrative record is closed, unless the suspending and debarring official extends this period for good cause. The official record closes upon the expiration of the contractor's time to submit information and argument in opposition, including any extensions (see paragraph (b)(1) of this section). (2)",P_9_406_3_d_1_cond ⊃ P_9_406_3_d_1,None,Material Implication (Impl): Rule 15 [HIGH-RISK],PENDING_REVIEW,PASS,PASS,"Mandatory requirement (shall/must). Conditional triggers detected: if, unless, upon. Material implication used [HIGH-RISK Rule 15].",MEDIUM
9,9.406-3(d)(2),P_9_406_3_d_2,(2),P_9_406_3_d_2: Subsection (2),P_9_406_3_d_2,None,Atomic proposition (no transformation),VALIDATED,PASS,PASS,Declarative/definitional statement.,HIGH
9,9.406-3(i),P_9_406_3_i_v5,(i) Referring to the notice of proposed debarment;,P_9_406_3_i: Referring to the notice of proposed debarment;,P_9_406_3_i = P_9_406_3_i_ii ∧ P_9_406_3_i_ii ∧ P_9_406_3_i_iii ∧ P_9_406_3_i_2 ∧ P_9_406_3_i_ii ∧ P_9_406_3_i_3 ∧ P_9_406_3_i_ii ∧ P_9_406_3_i_iii ∧ P_9_406_3_i_iv ∧ P_9_406_3_i_v ∧ P_9_406_3_i_vi ∧ P_9_406_3_i_vii ∧ P_9_406_3_i_viii ∧ P_9_406_3_i_ix ∧ P_9_406_3_i_ii ∧ P_9_406_3_i_iii ∧ P_9_406_3_i_3 ∧ P_9_406_3_i_ii ∧ P_9_406_3_i_iii ∧ P_9_406_3_i_iv ∧ P_9_406_3_i_2 ∧ P_9_406_3_i_ii ∧ P_9_406_3_i_ii ∧ P_9_406_3_i_iii ∧ P_9_406_3_i_2 ∧ P_9_406_3_i_ii ∧ P_9_406_3_i_3 ∧ P_9_406_3_i_ii ∧ P_9_406_3_i_iii ∧ P_9_406_3_i_iv ∧ P_9_406_3_i_v ∧ P_9_406_3_i_vi ∧ P_9_406_3_i_vii ∧ P_9_406_3_i_viii ∧ P_9_406_3_i_ix ∧ P_9_406_3_i_ii ∧ P_9_406_3_i_iii ∧ P_9_406_3_i_3 ∧ P_9_406_3_i_ii ∧ P_9_406_3_i_iii ∧ P_9_406_3_i_iv ∧ P_9_406_3_i_2 ∧ P_9_406_3_i_ii ∧ P_9_406_3_i_ii ∧ P_9_406_3_i_iii ∧ P_9_406_3_i_2 ∧ P_9_406_3_i_ii ∧ P_9_406_3_i_3 ∧ P_9_406_3_i_ii ∧ P_9_406_3_i_iii ∧ P_9_406_3_i_iv ∧ P_9_406_3_i_v ∧ P_9_406_3_i_vi ∧ P_9_406_3_i_vii ∧ P_9_406_3_i_viii ∧ P_9_406_3_i_ix ∧ P_9_406_3_i_ii ∧ P_9_406_3_i_iii ∧ P_9_406_3_i_3 ∧ P_9_406_3_i_ii ∧ P_9_406_3_i_iii ∧ P_9_406_3_i_iv ∧ P_9_406_3_i_2 ∧ P_9_406_3_i_ii ∧ P_9_406_3_i_ii ∧ P_9_406_3_i_iii ∧ P_9_406_3_i_2 ∧ P_9_406_3_i_ii ∧ P_9_406_3_i_3 ∧ P_9_406_3_i_ii ∧ P_9_406_3_i_iii ∧ P_9_406_3_i_iv ∧ P_9_406_3_i_v ∧ P_9_406_3_i_vi ∧ P_9_406_3_i_vii ∧ P_9_406_3_i_viii ∧ P_9_406_3_i_ix ∧ P_9_406_3_i_ii ∧ P_9_406_3_i_iii ∧ P_9_406_3_i_3 ∧ P_9_406_3_i_ii ∧ P_9_406_3_i_iii ∧ P_9_406_3_i_iv ∧ P_9_406_3_i_2 ∧ P_9_406_3_i_ii ∧ P_9_406_3_i_ii ∧ P_9_406_3_i_iii ∧ P_9_406_3_i_2 ∧ P_9_406_3_i_ii ∧ P_9_406_3_i_3 ∧ P_9_406_3_i_ii ∧ P_9_406_3_i_iii ∧ P_9_406_3_i_iv ∧ P_9_406_3_i_v ∧ P_9_406_3_i_vi ∧ P_9_406_3_i_vii ∧ P_9_406_3_i_viii ∧ P_9_406_3_i_ix ∧ P_9_406_3_i_ii ∧ P_9_406_3_i_iii ∧ P_9_406_3_i_3 ∧ P_9_406_3_i_ii ∧ P_9_406_3_i_iii ∧ P_9_406_3_i_iv ∧ P_9_406_3_i_2 ∧ P_9_406_3_i_ii ∧ P_9_406_3_i_ii ∧ P_9_406_3_i_iii ∧ P_9_406_3_i_2 ∧ P_9_406_3_i_ii ∧ P_9_406_3_i_3 ∧ P_9_406_3_i_ii ∧ P_9_406_3_i_iii ∧ P_9_406_3_i_iv ∧ P_9_406_3_i_v ∧ P_9_406_3_i_vi ∧ P_9_406_3_i_vii ∧ P_9_406_3_i_viii ∧ P_9_406_3_i_ix ∧ P_9_406_3_i_ii ∧ P_9_406_3_i_iii ∧ P_9_406_3_i_3 ∧ P_9_406_3_i_ii ∧ P_9_406_3_i_iii ∧ P_9_406_3_i_iv ∧ P_9_406_3_i_2,None,Conjunction (Conj): Rule 7,VALIDATED,PASS,PASS,Declarative/definitional statement.,HIGH
9,9.406-3(i)(ii),P_9_406_3_i_ii_v5,(ii) Specifying the reasons for debarment;,P_9_406_3_i_ii: Specifying the reasons for debarment;,P_9_406_3_i_ii,None,Atomic proposition (no transformation),VALIDATED,PASS,PASS,Declarative/definitional statement.,HIGH
9,9.406-3(i)(iii),P_9_406_3_i_iii_v3,"(iii) Stating the period of debarment, including effective dates; and","P_9_406_3_i_iii_a: Stating the period of debarment, including effective dates",P_9_406_3_i_iii,None,Atomic proposition (no transformation),VALIDATED,PASS,PASS,Declarative/definitional statement.,HIGH
9,9.406-3(i)(3),P_9_406_3_i_3_v2,"(3) In any action in which the proposed debarment is not based upon a conviction or civil judgment, the cause for debarment must be established by a preponderance of the evidence.","P_9_406_3_i_3: In any action in which the proposed debarment is not based upon a conviction or civil judgment, the cause for debarment must be established by a preponderance of the evidence.",P_9_406_3_i_3_cond ⊃ P_9_406_3_i_3,None,Material Implication (Impl): Rule 15 [HIGH-RISK],PENDING_REVIEW,PASS,PASS,Mandatory requirement (shall/must). Conditional triggers detected: upon. Material implication used [HIGH-RISK Rule 15].,MEDIUM
9,9.406-3(e),P_9_406_3_e,(e) Notice of suspending and debarring official's decision.,P_9_406_3_e: Notice of suspending and debarring official's decision.,P_9_406_3_e = P_9_406_3_e_1,None,Conjunction (Conj): Rule 7,VALIDATED,PASS,PASS,Declarative/definitional statement.,HIGH
9,9.406-3(e)(1),P_9_406_3_e_1,"(1) If the suspending and debarring official decides to impose debarment, the contractor and any affiliates involved must be given prompt notice using the procedures in paragraphs (c)(1) and (2) of this section—","P_9_406_3_e_1: If the suspending and debarring official decides to impose debarment, the contractor and any affiliates involved must be given prompt notice using the procedures in paragraphs (c)(1) and (2) of this section—",P_9_406_3_e_1_cond ⊃ P_9_406_3_e_1,None,Material Implication (Impl): Rule 15 [HIGH-RISK],PENDING_REVIEW,PASS,PASS,Mandatory requirement (shall/must). Conditional triggers detected: if. Material implication used [HIGH-RISK Rule 15].,MEDIUM
9,9.406-3(i),P_9_406_3_i_v6,(i) Referring to the notice of proposed debarment;,P_9_406_3_i: Referring to the notice of proposed debarment;,P_9_406_3_i = P_9_406_3_i_ii ∧ P_9_406_3_i_ii ∧ P_9_406_3_i_iii ∧ P_9_406_3_i_2 ∧ P_9_406_3_i_ii ∧ P_9_406_3_i_3 ∧ P_9_406_3_i_ii ∧ P_9_406_3_i_iii ∧ P_9_406_3_i_iv ∧ P_9_406_3_i_v ∧ P_9_406_3_i_vi ∧ P_9_406_3_i_vii ∧ P_9_406_3_i_viii ∧ P_9_406_3_i_ix ∧ P_9_406_3_i_ii ∧ P_9_406_3_i_iii ∧ P_9_406_3_i_3 ∧ P_9_406_3_i_ii ∧ P_9_406_3_i_iii ∧ P_9_406_3_i_iv ∧ P_9_406_3_i_2 ∧ P_9_406_3_i_ii ∧ P_9_406_3_i_ii ∧ P_9_406_3_i_iii ∧ P_9_406_3_i_2 ∧ P_9_406_3_i_ii ∧ P_9_406_3_i_3 ∧ P_9_406_3_i_ii ∧ P_9_406_3_i_iii ∧ P_9_406_3_i_iv ∧ P_9_406_3_i_v ∧ P_9_406_3_i_vi ∧ P_9_406_3_i_vii ∧ P_9_406_3_i_viii ∧ P_9_406_3_i_ix ∧ P_9_406_3_i_ii ∧ P_9_406_3_i_iii ∧ P_9_406_3_i_3 ∧ P_9_406_3_i_ii ∧ P_9_406_3_i_iii ∧ P_9_406_3_i_iv ∧ P_9_406_3_i_2 ∧ P_9_406_3_i_ii ∧ P_9_406_3_i_ii ∧ P_9_406_3_i_iii ∧ P_9_406_3_i_2 ∧ P_9_406_3_i_ii ∧ P_9_406_3_i_3 ∧ P_9_406_3_i_ii ∧ P_9_406_3_i_iii ∧ P_9_406_3_i_iv ∧ P_9_406_3_i_v ∧ P_9_406_3_i_vi ∧ P_9_406_3_i_vii ∧ P_9_406_3_i_viii ∧ P_9_406_3_i_ix ∧ P_9_406_3_i_ii ∧ P_9_406_3_i_iii ∧ P_9_406_3_i_3 ∧ P_9_406_3_i_ii ∧ P_9_406_3_i_iii ∧ P_9_406_3_i_iv ∧ P_9_406_3_i_2 ∧ P_9_406_3_i_ii ∧ P_9_406_3_i_ii ∧ P_9_406_3_i_iii ∧ P_9_406_3_i_2 ∧ P_9_406_3_i_ii ∧ P_9_406_3_i_3 ∧ P_9_406_3_i_ii ∧ P_9_406_3_i_iii ∧ P_9_406_3_i_iv ∧ P_9_406_3_i_v ∧ P_9_406_3_i_vi ∧ P_9_406_3_i_vii ∧ P_9_406_3_i_viii ∧ P_9_406_3_i_ix ∧ P_9_406_3_i_ii ∧ P_9_406_3_i_iii ∧ P_9_406_3_i_3 ∧ P_9_406_3_i_ii ∧ P_9_406_3_i_iii ∧ P_9_406_3_i_iv ∧ P_9_406_3_i_2 ∧ P_9_406_3_i_ii ∧ P_9_406_3_i_ii ∧ P_9_406_3_i_iii ∧ P_9_406_3_i_2 ∧ P_9_406_3_i_ii ∧ P_9_406_3_i_3 ∧ P_9_406_3_i_ii ∧ P_9_406_3_i_iii ∧ P_9_406_3_i_iv ∧ P_9_406_3_i_v ∧ P_9_406_3_i_vi ∧ P_9_406_3_i_vii ∧ P_9_406_3_i_viii ∧ P_9_406_3_i_ix ∧ P_9_406_3_i_ii ∧ P_9_406_3_i_iii ∧ P_9_406_3_i_3 ∧ P_9_406_3_i_ii ∧ P_9_406_3_i_iii ∧ P_9_406_3_i_iv ∧ P_9_406_3_i_2 ∧ P_9_406_3_i_ii ∧ P_9_406_3_i_ii ∧ P_9_406_3_i_iii ∧ P_9_406_3_i_2 ∧ P_9_406_3_i_ii ∧ P_9_406_3_i_3 ∧ P_9_406_3_i_ii ∧ P_9_406_3_i_iii ∧ P_9_406_3_i_iv ∧ P_9_406_3_i_v ∧ P_9_406_3_i_vi ∧ P_9_406_3_i_vii ∧ P_9_406_3_i_viii ∧ P_9_406_3_i_ix ∧ P_9_406_3_i_ii ∧ P_9_406_3_i_iii ∧ P_9_406_3_i_3 ∧ P_9_406_3_i_ii ∧ P_9_406_3_i_iii ∧ P_9_406_3_i_iv ∧ P_9_406_3_i_2,None,Conjunction (Conj): Rule 7,VALIDATED,PASS,PASS,Declarative/definitional statement.,HIGH
9,9.406-3(i)(ii),P_9_406_3_i_ii_v6,(ii) Specifying the reasons for debarment;,P_9_406_3_i_ii: Specifying the reasons for debarment;,P_9_406_3_i_ii,None,Atomic proposition (no transformation),VALIDATED,PASS,PASS,Declarative/definitional statement.,HIGH
9,9.406-3(i)(iii),P_9_406_3_i_iii_v4,"(iii) Stating the period of debarment, including effective dates; and","P_9_406_3_i_iii_a: Stating the period of debarment, including effective dates",P_9_406_3_i_iii,None,Atomic proposition (no transformation),VALIDATED,PASS,PASS,Declarative/definitional statement.,HIGH
9,9.406-3(i)(iv),P_9_406_3_i_iv_v2,(iv) Advising that the debarment is effective throughout the executive branch of the Government unless the head of an agency or a designee makes the statement called for by 9.406-1(d).,P_9_406_3_i_iv: Advising that the debarment is effective throughout the executive branch of the Government unless the head of an agency or a designee makes the statement called for by 9.406-1(d).,~P_9_406_3_i_iv_except ⊃ P_9_406_3_i_iv,P_9_406_1_d,Material Implication (Impl): Rule 15 [HIGH-RISK]; Negation (Neg): Rule 10,PENDING_REVIEW,PASS,PASS,Declarative/definitional statement. Conditional triggers detected: unless. Material implication used [HIGH-RISK Rule 15].,MEDIUM
9,9.406-3(i)(2),P_9_406_3_i_2_v2,"(2) If debarment is not imposed, the suspending and debarring official must promptly notify the contractor and any affiliates involved, using the procedures in paragraphs (c)(1) and (2) of this section.","P_9_406_3_i_2: If debarment is not imposed, the suspending and debarring official must promptly notify the contractor and any affiliates involved, using the procedures in paragraphs (c)(1) and (2) of this section.",P_9_406_3_i_2_cond ⊃ P_9_406_3_i_2,None,Material Implication (Impl): Rule 15 [HIGH-RISK],PENDING_REVIEW,PASS,PASS,Mandatory requirement (shall/must). Conditional triggers detected: if. Material implication used [HIGH-RISK Rule 15].,MEDIUM
9,9.406-3(f),P_9_406_3_f,(f) Administrative agreements.,P_9_406_3_f: Administrative agreements.,P_9_406_3_f = P_9_406_3_f_1 ∧ P_9_406_3_f_2 ∧ P_9_406_3_f_3,None,Conjunction (Conj): Rule 7,VALIDATED,PASS,PASS,Declarative/definitional statement.,HIGH
9,9.406-3(f)(1),P_9_406_3_f_1,"(1) If the contractor enters into an administrative agreement with the Government in order to resolve a debarment or potential debarment proceeding, the suspending and debarring official must access the website (available at https://www.cpars.gov[], then select FAPIIS), enter the requested information, and upload documentation reflecting the administrative agreement.","P_9_406_3_f_1: If the contractor enters into an administrative agreement with the Government in order to resolve a debarment or potential debarment proceeding, the suspending and debarring official must access the website (available at https://www.cpars.gov[], then select FAPIIS), enter the requested information, and upload documentation reflecting the administrative agreement.",P_9_406_3_f_1_cond ⊃ (P_9_406_3_f_1_a ∧ P_9_406_3_f_1_b),None,Conjunction (Conj): Rule 7; Material Implication (Impl): Rule 15 [HIGH-RISK],PENDING_REVIEW,PASS,PASS,Mandatory requirement (shall/must). Conditional triggers detected: if. Material implication used [HIGH-RISK Rule 15].,MEDIUM
9,9.406-3(f)(2),P_9_406_3_f_2,(2) The suspending and debarring official is responsible for the timely and accurate submission of documentation reflecting the administrative agreement. The submission should be made within 3 working days.,P_9_406_3_f_2: The suspending and debarring official is responsible for the timely and accurate submission of documentation reflecting the administrative agreement. The submission should be made within 3 working days.,P_9_406_3_f_2,None,Atomic proposition (no transformation),PENDING_REVIEW,PASS,PASS,Advisory requirement (should) - not binding.,MEDIUM
9,9.406-3(f)(3),P_9_406_3_f_3,"(3) With regard to information that may be covered by a disclosure exemption under the Freedom of Information Act, the suspending and debarring official must follow the procedures at 9.105-2(b)(2)(iv).","P_9_406_3_f_3: With regard to information that may be covered by a disclosure exemption under the Freedom of Information Act, the suspending and debarring official must follow the procedures at 9.105-2(b)(2)(iv).",P_9_406_3_f_3,P_9_105_2_b_2,Atomic proposition (no transformation),VALIDATED,PASS,PASS,Mandatory requirement (shall/must).,HIGH
9,9.406-3(g),P_9_406_3_g,(g) Voluntary exclusions.,P_9_406_3_g: Voluntary exclusions.,P_9_406_3_g = P_9_406_3_g_1 ∧ P_9_406_3_g_2 ∧ P_9_406_3_g_3,None,Conjunction (Conj): Rule 7,VALIDATED,PASS,PASS,Declarative/definitional statement.,HIGH
9,9.406-3(g)(1),P_9_406_3_g_1,"(1) If the contractor enters into a voluntary exclusion with the Government in order to resolve a debarment or potential debarment matter, the suspending and debarring official must access the website (available at https://www.sam.gov[]) and enter the requested information into the exclusions section of SAM (see 9.404(c)(3)).","P_9_406_3_g_1: If the contractor enters into a voluntary exclusion with the Government in order to resolve a debarment or potential debarment matter, the suspending and debarring official must access the website (available at https://www.sam.gov[]) and enter the requested information into the exclusions section of SAM (see 9.404(c)(3)).",P_9_406_3_g_1_cond ⊃ P_9_406_3_g_1,P_9_404_c_3,Material Implication (Impl): Rule 15 [HIGH-RISK],PENDING_REVIEW,PASS,PASS,Mandatory requirement (shall/must). Conditional triggers detected: if. Material implication used [HIGH-RISK Rule 15].,MEDIUM
9,9.406-3(g)(2),P_9_406_3_g_2,(2) The suspending and debarring official is responsible for the timely and accurate submission of documentation reflecting the voluntary exclusion. The submission should be made within 3 working days.,P_9_406_3_g_2: The suspending and debarring official is responsible for the timely and accurate submission of documentation reflecting the voluntary exclusion. The submission should be made within 3 working days.,P_9_406_3_g_2,None,Atomic proposition (no transformation),PENDING_REVIEW,PASS,PASS,Advisory requirement (should) - not binding.,MEDIUM
9,9.406-3(g)(3),P_9_406_3_g_3,"(3) Regarding information that may be covered by a disclosure exemption under the Freedom of Information Act, the suspending and debarring official must follow the procedures at 9.105-2(b)(2)(iv).","P_9_406_3_g_3: Regarding information that may be covered by a disclosure exemption under the Freedom of Information Act, the suspending and debarring official must follow the procedures at 9.105-2(b)(2)(iv).",P_9_406_3_g_3,P_9_105_2_b_2,Atomic proposition (no transformation),VALIDATED,PASS,PASS,Mandatory requirement (shall/must).,HIGH
9,9.406-3(h),P_9_406_3_h,"(h) Pre-notice letters. Prior to initiating a proposed debarment, the suspending and debarring official has discretion to issue a pre-notice letter. A pre-notice letter is not required to initiate debarment under this subpart. (See 9.403.)","P_9_406_3_h: Pre-notice letters. Prior to initiating a proposed debarment, the suspending and debarring official has discretion to issue a pre-notice letter. A pre-notice letter is not required to initiate debarment under this subpart. (See 9.403.)",P_9_406_3_h,P_9_403,Atomic proposition (no transformation),VALIDATED,PASS,PASS,Declarative/definitional statement.,HIGH
9,9.406-4,P_9_406_4,9.406-4 Period of debarment. (a),P_9_406_4: 9.406-4 Period of debarment. (a),P_9_406_4 = P_9_406_4_a ∧ P_9_406_4_i ∧ P_9_406_4_b ∧ P_9_406_4_c,None,Conjunction (Conj): Rule 7,VALIDATED,PASS,PASS,Declarative/definitional statement.,HIGH
9,9.406-4(a),P_9_406_4_a,(a),P_9_406_4_a: Subsection (a),P_9_406_4_a = P_9_406_4_a_1,None,Conjunction (Conj): Rule 7,VALIDATED,PASS,PASS,Declarative/definitional statement.,HIGH
9,9.406-4(a)(1),P_9_406_4_a_1,"Debarment must be for a period commensurate with the seriousness of the cause(s). Generally, debarment should not exceed 3 years, except that—","P_9_406_4_a_1: Debarment must be for a period commensurate with the seriousness of the cause(s). Generally, debarment should not exceed 3 years, except that—",P_9_406_4_a_1,None,Atomic proposition (no transformation),VALIDATED,PASS,PASS,Mandatory requirement (shall/must).,HIGH
9,9.406-4(i),P_9_406_4_i,"(i) Debarment for violation of the provisions of 41 U.S.C. chapter 81, Drug-Free Workplace (see 26.505) may be for a period not to exceed 5 years;","P_9_406_4_i: Debarment for violation of the provisions of 41 U.S.C. chapter 81, Drug-Free Workplace (see 26.505) may be for a period not to exceed 5 years;",P_9_406_4_i = P_9_406_4_i_ii ∧ P_9_406_4_i_iii ∧ P_9_406_4_i_2,P_26_505,Conjunction (Conj): Rule 7,VALIDATED,PASS,PASS,Permissive authority (may) creates discretionary action. External references: 26.505.,MEDIUM
9,9.406-4(i)(ii),P_9_406_4_i_ii,(ii) Debarments under 9.406-2(b)(2) must be for 1 year unless extended pursuant to paragraph (b) of this section; and,P_9_406_4_i_ii_a: Debarments under 9.406-2(b)(2) must be for 1 year unless extended pursuant to paragraph (b) of this section,~P_9_406_4_i_ii_except ⊃ P_9_406_4_i_ii,P_9_406_2_b_2,Material Implication (Impl): Rule 15 [HIGH-RISK]; Negation (Neg): Rule 10,PENDING_REVIEW,PASS,PASS,Mandatory requirement (shall/must). Conditional triggers detected: unless. Material implication used [HIGH-RISK Rule 15].,MEDIUM
9,9.406-4(i)(iii),P_9_406_4_i_iii,"(iii) Debarments under 9.406-2(b)(1)(vii) must be for a period of not less than 2 years, inclusive of any suspension period, if suspension precedes a debarment (see paragraph (a)(2) of this section).","P_9_406_4_i_iii: Debarments under 9.406-2(b)(1)(vii) must be for a period of not less than 2 years, inclusive of any suspension period, if suspension precedes a debarment (see paragraph (a)(2) of this section).",P_9_406_4_i_iii_cond ⊃ P_9_406_4_i_iii,P_9_406_2_b_1,Material Implication (Impl): Rule 15 [HIGH-RISK],PENDING_REVIEW,PASS,PASS,Mandatory requirement (shall/must). Conditional triggers detected: if. Material implication used [HIGH-RISK Rule 15].,MEDIUM
9,9.406-4(i)(2),P_9_406_4_i_2,"(2) If suspension precedes a debarment, the suspension period factors in determining the debarment period.","P_9_406_4_i_2: If suspension precedes a debarment, the suspension period factors in determining the debarment period.",P_9_406_4_i_2_cond ⊃ P_9_406_4_i_2,None,Material Implication (Impl): Rule 15 [HIGH-RISK],PENDING_REVIEW,PASS,PASS,Declarative/definitional statement. Conditional triggers detected: if. Material implication used [HIGH-RISK Rule 15].,MEDIUM
9,9.406-4(b),P_9_406_4_b,"(b) The suspending and debarring official may extend the debarment for an additional period, if that official determines that an extension is necessary to protect the Government's interest. However, a debarment may not be extended solely on the basis of the facts and circumstances upon which the initial debarment action was based. Debarments under 9.406-2(b)(2) may be extended for additional periods of one year if the Secretary of Homeland Security or the Attorney General determines that the contractor continues to be in violation of the employment provisions of the Immigration and Nationality Act. Upon determining that debarment for an additional period is necessary, the suspension and debarring official must follow the procedures in 9.406-3 to extend the debarment.","P_9_406_4_b: The suspending and debarring official may extend the debarment for an additional period, if that official determines that an extension is necessary to protect the Government's interest. However, a debarment may not be extended solely on the basis of the facts and circumstances upon which the initial debarment action was based. Debarments under 9.406-2(b)(2) may be extended for additional periods of one year if the Secretary of Homeland Security or the Attorney General determines that the contractor continues to be in violation of the employment provisions of the Immigration and Nationality Act. Upon determining that debarment for an additional period is necessary, the suspension and debarring official must follow the procedures in 9.406-3 to extend the debarment.",P_9_406_4_b_cond ⊃ ~P_9_406_4_b,P_9_406_2_b_2; P_9_406_3,Material Implication (Impl): Rule 15 [HIGH-RISK]; Negation (Neg): Rule 10,VALIDATED,PASS,PASS,"Prohibition (shall not/do not). Conditional triggers detected: if, upon.",MEDIUM
9,9.406-4(c),P_9_406_4_c,"(c) The suspending and debarring official may reduce the period or extent of debarment, upon the contractor's request, supported by documentation, for reasons such as—","P_9_406_4_c: The suspending and debarring official may reduce the period or extent of debarment, upon the contractor's request, supported by documentation, for reasons such as—",P_9_406_4_c = P_9_406_4_c_1 ∧ P_9_406_4_c_2 ∧ P_9_406_4_c_3 ∧ P_9_406_4_c_4 ∧ P_9_406_4_c_5,None,Conjunction (Conj): Rule 7,PENDING_REVIEW,PASS,PASS,Permissive authority (may) creates discretionary action. Conditional triggers detected: upon.,MEDIUM
9,9.406-4(c)(1),P_9_406_4_c_1,(1) Newly discovered material evidence;,P_9_406_4_c_1: Newly discovered material evidence;,P_9_406_4_c_1,None,Atomic proposition (no transformation),VALIDATED,PASS,PASS,Declarative/definitional statement.,HIGH
9,9.406-4(c)(2),P_9_406_4_c_2,(2) Reversal of the conviction or civil judgment upon which the debarment was based;,P_9_406_4_c_2: Reversal of the conviction or civil judgment upon which the debarment was based;,P_9_406_4_c_2_cond ⊃ P_9_406_4_c_2,None,Material Implication (Impl): Rule 15 [HIGH-RISK],PENDING_REVIEW,PASS,PASS,Declarative/definitional statement. Conditional triggers detected: upon. Material implication used [HIGH-RISK Rule 15].,MEDIUM
9,9.406-4(c)(3),P_9_406_4_c_3,(3) Bona fide change in ownership or management;,P_9_406_4_c_3: Bona fide change in ownership or management;,P_9_406_4_c_3,None,Atomic proposition (no transformation),VALIDATED,PASS,PASS,Declarative/definitional statement.,HIGH
9,9.406-4(c)(4),P_9_406_4_c_4,(4) Elimination of other causes for which the debarment was imposed; or,P_9_406_4_c_4_a: Elimination of other causes for which the debarment was imposed,P_9_406_4_c_4,None,Atomic proposition (no transformation),VALIDATED,PASS,PASS,Declarative/definitional statement.,HIGH
9,9.406-4(c)(5),P_9_406_4_c_5,(5) Other reasons the suspending and debarring official deems appropriate.,P_9_406_4_c_5: Other reasons the suspending and debarring official deems appropriate.,P_9_406_4_c_5,None,Atomic proposition (no transformation),VALIDATED,PASS,PASS,Declarative/definitional statement.,HIGH
9,9.406-5,P_9_406_5,9.406-5 Scope of debarment.,P_9_406_5: 9.406-5 Scope of debarment.,P_9_406_5 = P_9_406_5_a ∧ P_9_406_5_b ∧ P_9_406_5_c,None,Conjunction (Conj): Rule 7,VALIDATED,PASS,PASS,Declarative/definitional statement.,HIGH
9,9.406-5(a),P_9_406_5_a,"(a) The fraudulent, criminal, or other seriously improper conduct of any officer, director, shareholder, partner, employee, or other individual associated with a contractor may be imputed to the contractor when the conduct occurred in connection with the individual's performance of duties for or on behalf of the contractor, or with the contractor's knowledge, approval, or acquiescence. The contractor's acceptance of the benefits derived from the conduct is evidence of such knowledge, approval, or acquiescence.","P_9_406_5_a: The fraudulent, criminal, or other seriously improper conduct of any officer, director, shareholder, partner, employee, or other individual associated with a contractor may be imputed to the contractor when the conduct occurred in connection with the individual's performance of duties for or on behalf of the contractor, or with the contractor's knowledge, approval, or acquiescence. The contractor's acceptance of the benefits derived from the conduct is evidence of such knowledge, approval, or acquiescence.",P_9_406_5_a_cond ⊃ (P_9_406_5_a ∨ ~P_9_406_5_a),None,Addition (Add): Rule 8; Material Implication (Impl): Rule 15 [HIGH-RISK]; Negation (Neg): Rule 10,PENDING_REVIEW,PASS,PASS,Permissive authority (may) creates discretionary action. Conditional triggers detected: when. Material implication used [HIGH-RISK Rule 15]. Tautological structure represents unrestricted discretion.,MEDIUM
9,9.406-5(b),P_9_406_5_b,"(b) The fraudulent, criminal, or other seriously improper conduct of a contractor may be imputed to any officer, director, shareholder, partner, employee, or other individual associated with the contractor who participated in, knew of, or had reason to know of the contractor’s conduct.","P_9_406_5_b: The fraudulent, criminal, or other seriously improper conduct of a contractor may be imputed to any officer, director, shareholder, partner, employee, or other individual associated with the contractor who participated in, knew of, or had reason to know of the contractor’s conduct.",P_9_406_5_b ∨ ~P_9_406_5_b,None,Addition (Add): Rule 8; Negation (Neg): Rule 10,VALIDATED,PASS,PASS,Permissive authority (may) creates discretionary action. Tautological structure represents unrestricted discretion.,MEDIUM
9,9.406-5(c),P_9_406_5_c,"(c) The fraudulent, criminal, or other seriously improper conduct of one contractor participating in a joint venture or similar arrangement may be imputed to other participating contractors if the conduct occurred for or on behalf of the joint venture or similar arrangement, or with the knowledge, approval, or acquiescence of these contractors. Acceptance of the benefits derived from the conduct is evidence of such knowledge, approval, or acquiescence.","P_9_406_5_c: The fraudulent, criminal, or other seriously improper conduct of one contractor participating in a joint venture or similar arrangement may be imputed to other participating contractors if the conduct occurred for or on behalf of the joint venture or similar arrangement, or with the knowledge, approval, or acquiescence of these contractors. Acceptance of the benefits derived from the conduct is evidence of such knowledge, approval, or acquiescence.",P_9_406_5_c_cond ⊃ (P_9_406_5_c ∨ ~P_9_406_5_c),None,Addition (Add): Rule 8; Material Implication (Impl): Rule 15 [HIGH-RISK]; Negation (Neg): Rule 10,PENDING_REVIEW,PASS,PASS,Permissive authority (may) creates discretionary action. Conditional triggers detected: if. Material implication used [HIGH-RISK Rule 15]. Tautological structure represents unrestricted discretion.,MEDIUM
9,9.407,P_9_407,9.407 Suspension.,P_9_407: ,P_9_407,None,Atomic proposition (no transformation),VALIDATED,PASS,PASS,Declarative/definitional statement.,HIGH
9,9.407-1,P_9_407_1,9.407-1 General.,P_9_407_1: ,P_9_407_1 = P_9_407_1_a ∧ P_9_407_1_b ∧ P_9_407_1_c ∧ P_9_407_1_d ∧ P_9_407_1_e,None,Conjunction (Conj): Rule 7,VALIDATED,PASS,PASS,Declarative/definitional statement.,HIGH
9,9.407-1(a),P_9_407_1_a,"(a) The suspending and debarring official may, in the public interest, suspend a contractor for any of the causes in 9.407-2, using the procedures in 9.407-3. (b)","P_9_407_1_a: The suspending and debarring official may, in the public interest, suspend a contractor for any of the causes in 9.407-2, using the procedures in 9.407-3. (b)",P_9_407_1_a ∨ ~P_9_407_1_a,P_9_407_2; P_9_407_3,Addition (Add): Rule 8; Negation (Neg): Rule 10,VALIDATED,PASS,PASS,Permissive authority (may) creates discretionary action. Tautological structure represents unrestricted discretion.,MEDIUM
9,9.407-1(b),P_9_407_1_b,(b),P_9_407_1_b: Subsection (b),P_9_407_1_b = P_9_407_1_b_1 ∧ P_9_407_1_b_2,None,Conjunction (Conj): Rule 7,VALIDATED,PASS,PASS,Declarative/definitional statement.,HIGH
9,9.407-1(b)(1),P_9_407_1_b_1,"Suspension is a serious action to be imposed based on adequate evidence, pending the completion of an investigation or legal proceedings, when the suspending and debarring official determines that immediate action is necessary to protect the Government's interest. In deciding whether immediate action is necessary to protect the Government's interest, the suspending and debarring official has wide discretion. The suspending and debarring official may infer the necessity for immediate action to protect the Government's interest either from the nature of the circumstances giving rise to a cause for suspension or from potential business relationships or involvement with a program of the Federal Government. In assessing the adequacy of the evidence, agencies should consider how much information is available, how credible it is given the circumstances, whether important allegations are corroborated, and what inferences can reasonably be drawn as a result. This assessment should include an examination of basic documents such as contracts, inspection reports, and correspondence. An indictment or other official findings by Federal, State, or local bodies that determine factual and/or legal matters, constitutes adequate evidence for purposes of suspension actions.","P_9_407_1_b_1: Suspension is a serious action to be imposed based on adequate evidence, pending the completion of an investigation or legal proceedings, when the suspending and debarring official determines that immediate action is necessary to protect the Government's interest. In deciding whether immediate action is necessary to protect the Government's interest, the suspending and debarring official has wide discretion. The suspending and debarring official may infer the necessity for immediate action to protect the Government's interest either from the nature of the circumstances giving rise to a cause for suspension or from potential business relationships or involvement with a program of the Federal Government. In assessing the adequacy of the evidence, agencies should consider how much information is available, how credible it is given the circumstances, whether important allegations are corroborated, and what inferences can reasonably be drawn as a result. This assessment should include an examination of basic documents such as contracts, inspection reports, and correspondence. An indictment or other official findings by Federal, State, or local bodies that determine factual and/or legal matters, constitutes adequate evidence for purposes of suspension actions.",P_9_407_1_b_1_cond ⊃ P_9_407_1_b_1,None,Material Implication (Impl): Rule 15 [HIGH-RISK],PENDING_REVIEW,PASS,PASS,Declarative/definitional statement. Conditional triggers detected: when. Material implication used [HIGH-RISK Rule 15].,MEDIUM
9,9.407-1(b)(2),P_9_407_1_b_2,"The existence of a cause for suspension does not necessarily require that the contractor be suspended. The suspending and debarring official should consider the seriousness of the contractor's acts or omissions and may, but is not required to, consider remedial measures, mitigating factors, or aggravating factors, such as those in 9.406-1(a). A contractor has the burden of promptly presenting to the suspending and debarring official evidence of remedial measures or mitigating factors when it has reason to know that a cause for suspension exists. The existence or nonexistence of any remedial measures or aggravating or mitigating factors is not necessarily determinative of a contractor's present responsibility.","P_9_407_1_b_2: The existence of a cause for suspension does not necessarily require that the contractor be suspended. The suspending and debarring official should consider the seriousness of the contractor's acts or omissions and may, but is not required to, consider remedial measures, mitigating factors, or aggravating factors, such as those in 9.406-1(a). A contractor has the burden of promptly presenting to the suspending and debarring official evidence of remedial measures or mitigating factors when it has reason to know that a cause for suspension exists. The existence or nonexistence of any remedial measures or aggravating or mitigating factors is not necessarily determinative of a contractor's present responsibility.",P_9_407_1_b_2,None,Atomic proposition (no transformation),PENDING_REVIEW,PASS,PASS,Advisory requirement (should) - not binding.,MEDIUM
9,9.407-1(c),P_9_407_1_c,"(c) Suspension constitutes suspension of all divisions or other organizational elements of the contractor, unless the suspension decision is limited by its terms to specific divisions, organizational elements, or commodities. The suspending and debarring official may extend the suspension decision to include any affiliates of the contractor if they are—","P_9_407_1_c: Suspension constitutes suspension of all divisions or other organizational elements of the contractor, unless the suspension decision is limited by its terms to specific divisions, organizational elements, or commodities. The suspending and debarring official may extend the suspension decision to include any affiliates of the contractor if they are—",P_9_407_1_c = P_9_407_1_c_1 ∧ P_9_407_1_c_2,None,Conjunction (Conj): Rule 7,PENDING_REVIEW,PASS,PASS,"Permissive authority (may) creates discretionary action. Conditional triggers detected: if, unless.",MEDIUM
9,9.407-1(c)(1),P_9_407_1_c_1,(1) Specifically named; and,P_9_407_1_c_1_a: Specifically named,P_9_407_1_c_1,None,Atomic proposition (no transformation),VALIDATED,PASS,PASS,Declarative/definitional statement.,HIGH
9,9.407-1(c)(2),P_9_407_1_c_2,(2) Given written notice of the suspension and an opportunity to respond (see 9.407-3(c)).,P_9_407_1_c_2: Given written notice of the suspension and an opportunity to respond (see 9.407-3(c)).,P_9_407_1_c_2,P_9_407_3_c,Atomic proposition (no transformation),VALIDATED,PASS,PASS,Declarative/definitional statement.,HIGH
9,9.407-1(d),P_9_407_1_d,"(d) A contractor's suspension is effective throughout the executive branch of the Government, unless the agency head or a designee (except see 26.505(e)) states in writing the compelling reasons justifying continued business dealings between that agency and the contractor. (e)","P_9_407_1_d: A contractor's suspension is effective throughout the executive branch of the Government, unless the agency head or a designee (except see 26.505(e)) states in writing the compelling reasons justifying continued business dealings between that agency and the contractor. (e)",~P_9_407_1_d_except ⊃ P_9_407_1_d,P_26_505(e),Material Implication (Impl): Rule 15 [HIGH-RISK]; Negation (Neg): Rule 10,PENDING_REVIEW,PASS,PASS,Declarative/definitional statement. Conditional triggers detected: unless. Material implication used [HIGH-RISK Rule 15]. External references: 26.505(e).,MEDIUM
9,9.407-1(e),P_9_407_1_e,(e),P_9_407_1_e: Subsection (e),P_9_407_1_e = P_9_407_1_e_1 ∧ P_9_407_1_e_2,None,Conjunction (Conj): Rule 7,VALIDATED,PASS,PASS,Declarative/definitional statement.,HIGH
9,9.407-1(e)(1),P_9_407_1_e_1,"When the suspending and debarring official has authority to debar contractors from both contracts pursuant to the Federal Acquisition Regulation in this chapter and contracts for the purchase of Federal personal property pursuant to the Federal Management Regulation (FMR) in 41 CFR part 102-38, that official must consider simultaneously debarring the contractor from the award of acquisition contracts and from the purchase of Federal personal property.","P_9_407_1_e_1: When the suspending and debarring official has authority to debar contractors from both contracts pursuant to the Federal Acquisition Regulation in this chapter and contracts for the purchase of Federal personal property pursuant to the Federal Management Regulation (FMR) in 41 CFR part 102-38, that official must consider simultaneously debarring the contractor from the award of acquisition contracts and from the purchase of Federal personal property.",P_9_407_1_e_1_cond ⊃ P_9_407_1_e_1,None,Material Implication (Impl): Rule 15 [HIGH-RISK],PENDING_REVIEW,PASS,PASS,Declarative/definitional statement. Conditional triggers detected: when. Material implication used [HIGH-RISK Rule 15].,MEDIUM
9,9.407-1(e)(2),P_9_407_1_e_2,A notice suspending a contractor from the award of acquisition contracts and from the purchase of Federal personal property must include the appropriate FAR and FMR citations.,P_9_407_1_e_2: A notice suspending a contractor from the award of acquisition contracts and from the purchase of Federal personal property must include the appropriate FAR and FMR citations.,P_9_407_1_e_2,None,Atomic proposition (no transformation),VALIDATED,PASS,PASS,Mandatory requirement (shall/must).,HIGH
9,9.407-2,P_9_407_2,9.407-2 Causes for suspension.,P_9_407_2: 9.407-2 Causes for suspension.,P_9_407_2 = P_9_407_2_a ∧ P_9_407_2_i ∧ P_9_407_2_i ∧ P_9_407_2_i ∧ P_9_407_2_b ∧ P_9_407_2_c,None,Conjunction (Conj): Rule 7,VALIDATED,PASS,PASS,Declarative/definitional statement.,HIGH
9,9.407-2(a),P_9_407_2_a,"(a) The suspending and debarring official may suspend a contractor suspected, upon adequate evidence, of—","P_9_407_2_a: The suspending and debarring official may suspend a contractor suspected, upon adequate evidence, of—",P_9_407_2_a = P_9_407_2_a_1,None,Conjunction (Conj): Rule 7,PENDING_REVIEW,PASS,PASS,Permissive authority (may) creates discretionary action. Conditional triggers detected: upon.,MEDIUM
9,9.407-2(a)(1),P_9_407_2_a_1,(1) Commission of fraud or a criminal offense in connection with-,P_9_407_2_a_1: Commission of fraud or a criminal offense in connection with-,P_9_407_2_a_1,None,Atomic proposition (no transformation),VALIDATED,PASS,PASS,Declarative/definitional statement.,HIGH
9,9.407-2(i),P_9_407_2_i,"(i) Violation of Federal criminal law involving fraud, conflict of interest, bribery, or gratuity violations found in Title 18 of the United States Code;","P_9_407_2_i: Violation of Federal criminal law involving fraud, conflict of interest, bribery, or gratuity violations found in Title 18 of the United States Code;",P_9_407_2_i = P_9_407_2_i_ii ∧ P_9_407_2_i_iii ∧ P_9_407_2_i_2 ∧ P_9_407_2_i_3 ∧ P_9_407_2_i_4 ∧ P_9_407_2_i_ii ∧ P_9_407_2_i_5 ∧ P_9_407_2_i_6 ∧ P_9_407_2_i_7 ∧ P_9_407_2_i_8 ∧ P_9_407_2_i_ii ∧ P_9_407_2_i_iii ∧ P_9_407_2_i_9 ∧ P_9_407_2_i_10 ∧ P_9_407_2_i_ii ∧ P_9_407_2_i_iii ∧ P_9_407_2_i_2 ∧ P_9_407_2_i_3 ∧ P_9_407_2_i_4 ∧ P_9_407_2_i_ii ∧ P_9_407_2_i_5 ∧ P_9_407_2_i_6 ∧ P_9_407_2_i_7 ∧ P_9_407_2_i_8 ∧ P_9_407_2_i_ii ∧ P_9_407_2_i_iii ∧ P_9_407_2_i_9 ∧ P_9_407_2_i_10 ∧ P_9_407_2_i_ii ∧ P_9_407_2_i_iii ∧ P_9_407_2_i_2 ∧ P_9_407_2_i_3 ∧ P_9_407_2_i_4 ∧ P_9_407_2_i_ii ∧ P_9_407_2_i_5 ∧ P_9_407_2_i_6 ∧ P_9_407_2_i_7 ∧ P_9_407_2_i_8 ∧ P_9_407_2_i_ii ∧ P_9_407_2_i_iii ∧ P_9_407_2_i_9 ∧ P_9_407_2_i_10,None,Conjunction (Conj): Rule 7,VALIDATED,PASS,PASS,Declarative/definitional statement.,HIGH
9,9.407-2(i)(ii),P_9_407_2_i_ii,(ii) Violation of the civil False Claims Act (31 U.S.C. 3729-3733); or,P_9_407_2_i_ii_a: Violation of the civil False Claims Act (31 U.S.C. 3729-3733),P_9_407_2_i_ii,None,Atomic proposition (no transformation),VALIDATED,PASS,PASS,Declarative/definitional statement.,HIGH
9,9.407-2(i)(iii),P_9_407_2_i_iii,"(iii) Significant overpayment(s) on the contract, other than overpayments resulting from contract financing payments as defined in 32.001; or","P_9_407_2_i_iii_a: Significant overpayment(s) on the contract, other than overpayments resulting from contract financing payments as defined in 32.001",P_9_407_2_i_iii,P_32_001,Atomic proposition (no transformation),VALIDATED,PASS,PASS,Declarative/definitional statement. External references: 32.001.,HIGH
9,9.407-2(i)(2),P_9_407_2_i_2,(2) Violation of Federal or State antitrust statutes relating to the submission of offers;,P_9_407_2_i_2: Violation of Federal or State antitrust statutes relating to the submission of offers;,P_9_407_2_i_2,None,Atomic proposition (no transformation),VALIDATED,PASS,PASS,Declarative/definitional statement.,HIGH
9,9.407-2(i)(3),P_9_407_2_i_3,"(3) Commission of embezzlement, theft, forgery, bribery, falsification or destruction of records, making false statements, tax evasion, violating Federal criminal tax laws, or receiving stolen property;","P_9_407_2_i_3: Commission of embezzlement, theft, forgery, bribery, falsification or destruction of records, making false statements, tax evasion, violating Federal criminal tax laws, or receiving stolen property;",P_9_407_2_i_3,None,Atomic proposition (no transformation),VALIDATED,PASS,PASS,Declarative/definitional statement.,HIGH
9,9.407-2(i)(4),P_9_407_2_i_4,"(4) Violations of 41 U.S.C. chapter 81, Drug-Free Workplace, as indicated by—","P_9_407_2_i_4: Violations of 41 U.S.C. chapter 81, Drug-Free Workplace, as indicated by—",P_9_407_2_i_4,None,Atomic proposition (no transformation),VALIDATED,PASS,PASS,Declarative/definitional statement.,HIGH
9,9.407-2(i),P_9_407_2_i_v2,"(i) Violation of Federal criminal law involving fraud, conflict of interest, bribery, or gratuity violations found in Title 18 of the United States Code;","P_9_407_2_i_v2: Violation of Federal criminal law involving fraud, conflict of interest, bribery, or gratuity violations found in Title 18 of the United States Code;",P_9_407_2_i = P_9_407_2_i_ii ∧ P_9_407_2_i_iii ∧ P_9_407_2_i_2 ∧ P_9_407_2_i_3 ∧ P_9_407_2_i_4 ∧ P_9_407_2_i_ii ∧ P_9_407_2_i_5 ∧ P_9_407_2_i_6 ∧ P_9_407_2_i_7 ∧ P_9_407_2_i_8 ∧ P_9_407_2_i_ii ∧ P_9_407_2_i_iii ∧ P_9_407_2_i_9 ∧ P_9_407_2_i_10 ∧ P_9_407_2_i_ii ∧ P_9_407_2_i_iii ∧ P_9_407_2_i_2 ∧ P_9_407_2_i_3 ∧ P_9_407_2_i_4 ∧ P_9_407_2_i_ii ∧ P_9_407_2_i_5 ∧ P_9_407_2_i_6 ∧ P_9_407_2_i_7 ∧ P_9_407_2_i_8 ∧ P_9_407_2_i_ii ∧ P_9_407_2_i_iii ∧ P_9_407_2_i_9 ∧ P_9_407_2_i_10 ∧ P_9_407_2_i_ii ∧ P_9_407_2_i_iii ∧ P_9_407_2_i_2 ∧ P_9_407_2_i_3 ∧ P_9_407_2_i_4 ∧ P_9_407_2_i_ii ∧ P_9_407_2_i_5 ∧ P_9_407_2_i_6 ∧ P_9_407_2_i_7 ∧ P_9_407_2_i_8 ∧ P_9_407_2_i_ii ∧ P_9_407_2_i_iii ∧ P_9_407_2_i_9 ∧ P_9_407_2_i_10,None,Conjunction (Conj): Rule 7,VALIDATED,PASS,PASS,Declarative/definitional statement.,HIGH
9,9.407-2(i)(ii),P_9_407_2_i_ii_v2,(ii) Violation of the civil False Claims Act (31 U.S.C. 3729-3733); or,P_9_407_2_i_ii_a: Violation of the civil False Claims Act (31 U.S.C. 3729-3733),P_9_407_2_i_ii,None,Atomic proposition (no transformation),VALIDATED,PASS,PASS,Declarative/definitional statement.,HIGH
9,9.407-2(i)(5),P_9_407_2_i_5,"(5) Intentionally affixing a label bearing a “Made in America” inscription (or any inscription having the same meaning) to a product sold in or shipped to the United States or its outlying areas, when the product was not made in the United States or its outlying areas (see Section 202 of the Defense Production Act (Public Law 102-558));","P_9_407_2_i_5: Intentionally affixing a label bearing a “Made in America” inscription (or any inscription having the same meaning) to a product sold in or shipped to the United States or its outlying areas, when the product was not made in the United States or its outlying areas (see Section 202 of the Defense Production Act (Public Law 102-558));",P_9_407_2_i_5_cond ⊃ P_9_407_2_i_5,None,Material Implication (Impl): Rule 15 [HIGH-RISK],PENDING_REVIEW,PASS,PASS,Declarative/definitional statement. Conditional triggers detected: when. Material implication used [HIGH-RISK Rule 15].,MEDIUM
9,9.407-2(i)(6),P_9_407_2_i_6,(6) Commission of an unfair trade practice as defined in 9.403 (see section 201 of the Defense Production Act (Pub. L. 102-558));,P_9_407_2_i_6: Commission of an unfair trade practice as defined in 9.403 (see section 201 of the Defense Production Act (Pub. L. 102-558));,P_9_407_2_i_6,P_9_403,Atomic proposition (no transformation),VALIDATED,PASS,PASS,Declarative/definitional statement.,HIGH
9,9.407-2(i)(7),P_9_407_2_i_7,(7) Delinquent Federal taxes in an amount that exceeds the threshold at 9.104-5(a)(2). See the criteria at 9.406-2(b)(1)(v) for determination of when taxes are delinquent;,P_9_407_2_i_7: Delinquent Federal taxes in an amount that exceeds the threshold at 9.104-5(a)(2). See the criteria at 9.406-2(b)(1)(v) for determination of when taxes are delinquent;,P_9_407_2_i_7_cond ⊃ P_9_407_2_i_7,P_9_104_5_a_2; P_9_406_2_b_1,Material Implication (Impl): Rule 15 [HIGH-RISK],PENDING_REVIEW,PASS,PASS,Declarative/definitional statement. Conditional triggers detected: when. Material implication used [HIGH-RISK Rule 15].,MEDIUM
9,9.407-2(i)(8),P_9_407_2_i_8,"(8) Knowing failure by a principal, until 3 years after final payment on any Government contract awarded to the contractor, to timely disclose to the Government, in connection with the award, performance, or closeout of the contract or a subcontract thereunder, credible evidence of—","P_9_407_2_i_8: Knowing failure by a principal, until 3 years after final payment on any Government contract awarded to the contractor, to timely disclose to the Government, in connection with the award, performance, or closeout of the contract or a subcontract thereunder, credible evidence of—",P_9_407_2_i_8,None,Atomic proposition (no transformation),VALIDATED,PASS,PASS,Declarative/definitional statement. Conditional triggers detected: after.,HIGH
9,9.407-2(i),P_9_407_2_i_v3,"(i) Violation of Federal criminal law involving fraud, conflict of interest, bribery, or gratuity violations found in Title 18 of the United States Code;","P_9_407_2_i_v3: Violation of Federal criminal law involving fraud, conflict of interest, bribery, or gratuity violations found in Title 18 of the United States Code;",P_9_407_2_i = P_9_407_2_i_ii ∧ P_9_407_2_i_iii ∧ P_9_407_2_i_2 ∧ P_9_407_2_i_3 ∧ P_9_407_2_i_4 ∧ P_9_407_2_i_ii ∧ P_9_407_2_i_5 ∧ P_9_407_2_i_6 ∧ P_9_407_2_i_7 ∧ P_9_407_2_i_8 ∧ P_9_407_2_i_ii ∧ P_9_407_2_i_iii ∧ P_9_407_2_i_9 ∧ P_9_407_2_i_10 ∧ P_9_407_2_i_ii ∧ P_9_407_2_i_iii ∧ P_9_407_2_i_2 ∧ P_9_407_2_i_3 ∧ P_9_407_2_i_4 ∧ P_9_407_2_i_ii ∧ P_9_407_2_i_5 ∧ P_9_407_2_i_6 ∧ P_9_407_2_i_7 ∧ P_9_407_2_i_8 ∧ P_9_407_2_i_ii ∧ P_9_407_2_i_iii ∧ P_9_407_2_i_9 ∧ P_9_407_2_i_10 ∧ P_9_407_2_i_ii ∧ P_9_407_2_i_iii ∧ P_9_407_2_i_2 ∧ P_9_407_2_i_3 ∧ P_9_407_2_i_4 ∧ P_9_407_2_i_ii ∧ P_9_407_2_i_5 ∧ P_9_407_2_i_6 ∧ P_9_407_2_i_7 ∧ P_9_407_2_i_8 ∧ P_9_407_2_i_ii ∧ P_9_407_2_i_iii ∧ P_9_407_2_i_9 ∧ P_9_407_2_i_10,None,Conjunction (Conj): Rule 7,VALIDATED,PASS,PASS,Declarative/definitional statement.,HIGH
9,9.407-2(i)(ii),P_9_407_2_i_ii_v3,(ii) Violation of the civil False Claims Act (31 U.S.C. 3729-3733); or,P_9_407_2_i_ii_a: Violation of the civil False Claims Act (31 U.S.C. 3729-3733),P_9_407_2_i_ii,None,Atomic proposition (no transformation),VALIDATED,PASS,PASS,Declarative/definitional statement.,HIGH
9,9.407-2(i)(iii),P_9_407_2_i_iii_v2,"(iii) Significant overpayment(s) on the contract, other than overpayments resulting from contract financing payments as defined in 32.001; or","P_9_407_2_i_iii_a: Significant overpayment(s) on the contract, other than overpayments resulting from contract financing payments as defined in 32.001",P_9_407_2_i_iii,P_32_001,Atomic proposition (no transformation),VALIDATED,PASS,PASS,Declarative/definitional statement. External references: 32.001.,HIGH
9,9.407-2(i)(9),P_9_407_2_i_9,"(9) Determination of a false certification under 52.209-13, Violation of Arms Control Treaties or Agreements-Certification.","P_9_407_2_i_9: Determination of a false certification under 52.209-13, Violation of Arms Control Treaties or Agreements-Certification.",P_9_407_2_i_9,P_52_209_13,Atomic proposition (no transformation),VALIDATED,PASS,PASS,Declarative/definitional statement. External references: 52.209-13.,HIGH
9,9.407-2(i)(10),P_9_407_2_i_10,(10) Commission of any other offense indicating a lack of business integrity or business honesty that seriously and directly affects the present responsibility of a Government contractor or subcontractor.,P_9_407_2_i_10: Commission of any other offense indicating a lack of business integrity or business honesty that seriously and directly affects the present responsibility of a Government contractor or subcontractor.,P_9_407_2_i_10,None,Atomic proposition (no transformation),VALIDATED,PASS,PASS,Declarative/definitional statement.,HIGH
9,9.407-2(b),P_9_407_2_b,(b) Indictment for any of the causes in paragraph (a) of this section constitutes adequate evidence for suspension.,P_9_407_2_b: Indictment for any of the causes in paragraph (a) of this section constitutes adequate evidence for suspension.,P_9_407_2_b,None,Atomic proposition (no transformation),VALIDATED,PASS,PASS,Declarative/definitional statement.,HIGH
9,9.407-2(c),P_9_407_2_c,(c) The suspending and debarring official may upon adequate evidence also suspend a contractor for any other cause of so serious or compelling a nature that it affects the present responsibility of a Government contractor or subcontractor.,P_9_407_2_c: The suspending and debarring official may upon adequate evidence also suspend a contractor for any other cause of so serious or compelling a nature that it affects the present responsibility of a Government contractor or subcontractor.,P_9_407_2_c_cond ⊃ (P_9_407_2_c ∨ ~P_9_407_2_c),None,Addition (Add): Rule 8; Material Implication (Impl): Rule 15 [HIGH-RISK]; Negation (Neg): Rule 10,PENDING_REVIEW,PASS,PASS,Permissive authority (may) creates discretionary action. Conditional triggers detected: upon. Material implication used [HIGH-RISK Rule 15]. Tautological structure represents unrestricted discretion.,MEDIUM
9,9.407-3,P_9_407_3,9.407-3 Procedures.,P_9_407_3: ,P_9_407_3 = P_9_407_3_a ∧ P_9_407_3_b ∧ P_9_407_3_i ∧ P_9_407_3_c ∧ P_9_407_3_i ∧ P_9_407_3_i ∧ P_9_407_3_i ∧ P_9_407_3_d ∧ P_9_407_3_i ∧ P_9_407_3_i ∧ P_9_407_3_i ∧ P_9_407_3_e ∧ P_9_407_3_f ∧ P_9_407_3_g,None,Conjunction (Conj): Rule 7,VALIDATED,PASS,PASS,Declarative/definitional statement.,HIGH
9,9.407-3(a),P_9_407_3_a,"(a) Investigation and referral. Agencies must establish procedures for the prompt reporting, investigation, and referral to the suspending and debarring official of matters appropriate for that official's consideration.","P_9_407_3_a_a: Investigation and referral. Agencies must establish procedures for the prompt reporting, investigation; P_9_407_3_a_b: referral to the suspending and debarring official of matters appropriate for that official's consideration.",P_9_407_3_a,None,Atomic proposition (no transformation),VALIDATED,PASS,PASS,Mandatory requirement (shall/must).,HIGH
9,9.407-3(b),P_9_407_3_b,(b) Decision-making process.,P_9_407_3_b: Decision-making process.,P_9_407_3_b = P_9_407_3_b_1 ∧ P_9_407_3_b_2,None,Conjunction (Conj): Rule 7,VALIDATED,PASS,PASS,Declarative/definitional statement.,HIGH
9,9.407-3(b)(1),P_9_407_3_b_1,"(1) Agencies must establish procedures governing the suspension decision-making process that are as informal as is practicable, consistent with principles of fundamental fairness. These procedures must afford the contractor (and any specifically named affiliates) an opportunity, following the imposition of suspension, to submit, in person, in writing, or through a representative, information and argument in opposition to the suspension. If the suspending and debarring official extends the opportunity for the contractor to submit material in opposition, then the official should also give a deadline for submission of materials. The suspending and debarring official may use the flexible procedures in 9.406-3(b)(1); if so, the suspending and debarring official should change the notice in paragraph (c)(5) of this section to include those flexible procedures.","P_9_407_3_b_1: Agencies must establish procedures governing the suspension decision-making process that are as informal as is practicable, consistent with principles of fundamental fairness. These procedures must afford the contractor (and any specifically named affiliates) an opportunity, following the imposition of suspension, to submit, in person, in writing, or through a representative, information and argument in opposition to the suspension. If the suspending and debarring official extends the opportunity for the contractor to submit material in opposition, then the official should also give a deadline for submission of materials. The suspending and debarring official may use the flexible procedures in 9.406-3(b)(1); if so, the suspending and debarring official should change the notice in paragraph (c)(5) of this section to include those flexible procedures.",P_9_407_3_b_1_cond ⊃ (P_9_407_3_b_1_a ∧ P_9_407_3_b_1_b),P_9_406_3_b_1,Conjunction (Conj): Rule 7; Material Implication (Impl): Rule 15 [HIGH-RISK],PENDING_REVIEW,PASS,PASS,Mandatory requirement (shall/must). Conditional triggers detected: if. Material implication used [HIGH-RISK Rule 15].,MEDIUM
9,9.407-3(b)(2),P_9_407_3_b_2,"(2) In actions not based on an indictment, if the contractor's submission in opposition raises a genuine dispute over facts material to the suspension and if no determination has been made, on the basis of Department of advice from the Department of Justice, a U.S. Attorney's office, State attorney general's office, or a State or local prosecutor's office, that substantial interests of the Government in pending or contemplated legal proceedings based on the same facts as the suspension would be prejudiced, agencies must also—","P_9_407_3_b_2: In actions not based on an indictment, if the contractor's submission in opposition raises a genuine dispute over facts material to the suspension and if no determination has been made, on the basis of Department of advice from the Department of Justice, a U.S. Attorney's office, State attorney general's office, or a State or local prosecutor's office, that substantial interests of the Government in pending or contemplated legal proceedings based on the same facts as the suspension would be prejudiced, agencies must also—",P_9_407_3_b_2_cond ⊃ P_9_407_3_b_2,None,Material Implication (Impl): Rule 15 [HIGH-RISK],PENDING_REVIEW,PASS,PASS,Mandatory requirement (shall/must). Conditional triggers detected: if. Material implication used [HIGH-RISK Rule 15].,MEDIUM
9,9.407-3(i),P_9_407_3_i,(i) Suspension by any other agency; or,P_9_407_3_i_a: Suspension by any other agency,P_9_407_3_i = P_9_407_3_i_ii ∧ P_9_407_3_i_ii ∧ P_9_407_3_i_2 ∧ P_9_407_3_i_3 ∧ P_9_407_3_i_4 ∧ P_9_407_3_i_5 ∧ P_9_407_3_i_6 ∧ P_9_407_3_i_ii ∧ P_9_407_3_i_7 ∧ P_9_407_3_i_ii ∧ P_9_407_3_i_iii ∧ P_9_407_3_i_iv ∧ P_9_407_3_i_8 ∧ P_9_407_3_i_ii ∧ P_9_407_3_i_iii ∧ P_9_407_3_i_2 ∧ P_9_407_3_i_ii ∧ P_9_407_3_i_iii ∧ P_9_407_3_i_3 ∧ P_9_407_3_i_ii ∧ P_9_407_3_i_4 ∧ P_9_407_3_i_ii ∧ P_9_407_3_i_ii ∧ P_9_407_3_i_2 ∧ P_9_407_3_i_3 ∧ P_9_407_3_i_4 ∧ P_9_407_3_i_5 ∧ P_9_407_3_i_6 ∧ P_9_407_3_i_ii ∧ P_9_407_3_i_7 ∧ P_9_407_3_i_ii ∧ P_9_407_3_i_iii ∧ P_9_407_3_i_iv ∧ P_9_407_3_i_8 ∧ P_9_407_3_i_ii ∧ P_9_407_3_i_iii ∧ P_9_407_3_i_2 ∧ P_9_407_3_i_ii ∧ P_9_407_3_i_iii ∧ P_9_407_3_i_3 ∧ P_9_407_3_i_ii ∧ P_9_407_3_i_4 ∧ P_9_407_3_i_ii ∧ P_9_407_3_i_ii ∧ P_9_407_3_i_2 ∧ P_9_407_3_i_3 ∧ P_9_407_3_i_4 ∧ P_9_407_3_i_5 ∧ P_9_407_3_i_6 ∧ P_9_407_3_i_ii ∧ P_9_407_3_i_7 ∧ P_9_407_3_i_ii ∧ P_9_407_3_i_iii ∧ P_9_407_3_i_iv ∧ P_9_407_3_i_8 ∧ P_9_407_3_i_ii ∧ P_9_407_3_i_iii ∧ P_9_407_3_i_2 ∧ P_9_407_3_i_ii ∧ P_9_407_3_i_iii ∧ P_9_407_3_i_3 ∧ P_9_407_3_i_ii ∧ P_9_407_3_i_4 ∧ P_9_407_3_i_ii ∧ P_9_407_3_i_ii ∧ P_9_407_3_i_2 ∧ P_9_407_3_i_3 ∧ P_9_407_3_i_4 ∧ P_9_407_3_i_5 ∧ P_9_407_3_i_6 ∧ P_9_407_3_i_ii ∧ P_9_407_3_i_7 ∧ P_9_407_3_i_ii ∧ P_9_407_3_i_iii ∧ P_9_407_3_i_iv ∧ P_9_407_3_i_8 ∧ P_9_407_3_i_ii ∧ P_9_407_3_i_iii ∧ P_9_407_3_i_2 ∧ P_9_407_3_i_ii ∧ P_9_407_3_i_iii ∧ P_9_407_3_i_3 ∧ P_9_407_3_i_ii ∧ P_9_407_3_i_4 ∧ P_9_407_3_i_ii ∧ P_9_407_3_i_ii ∧ P_9_407_3_i_2 ∧ P_9_407_3_i_3 ∧ P_9_407_3_i_4 ∧ P_9_407_3_i_5 ∧ P_9_407_3_i_6 ∧ P_9_407_3_i_ii ∧ P_9_407_3_i_7 ∧ P_9_407_3_i_ii ∧ P_9_407_3_i_iii ∧ P_9_407_3_i_iv ∧ P_9_407_3_i_8 ∧ P_9_407_3_i_ii ∧ P_9_407_3_i_iii ∧ P_9_407_3_i_2 ∧ P_9_407_3_i_ii ∧ P_9_407_3_i_iii ∧ P_9_407_3_i_3 ∧ P_9_407_3_i_ii ∧ P_9_407_3_i_4 ∧ P_9_407_3_i_ii ∧ P_9_407_3_i_ii ∧ P_9_407_3_i_2 ∧ P_9_407_3_i_3 ∧ P_9_407_3_i_4 ∧ P_9_407_3_i_5 ∧ P_9_407_3_i_6 ∧ P_9_407_3_i_ii ∧ P_9_407_3_i_7 ∧ P_9_407_3_i_ii ∧ P_9_407_3_i_iii ∧ P_9_407_3_i_iv ∧ P_9_407_3_i_8 ∧ P_9_407_3_i_ii ∧ P_9_407_3_i_iii ∧ P_9_407_3_i_2 ∧ P_9_407_3_i_ii ∧ P_9_407_3_i_iii ∧ P_9_407_3_i_3 ∧ P_9_407_3_i_ii ∧ P_9_407_3_i_4 ∧ P_9_407_3_i_ii ∧ P_9_407_3_i_ii ∧ P_9_407_3_i_2 ∧ P_9_407_3_i_3 ∧ P_9_407_3_i_4 ∧ P_9_407_3_i_5 ∧ P_9_407_3_i_6 ∧ P_9_407_3_i_ii ∧ P_9_407_3_i_7 ∧ P_9_407_3_i_ii ∧ P_9_407_3_i_iii ∧ P_9_407_3_i_iv ∧ P_9_407_3_i_8 ∧ P_9_407_3_i_ii ∧ P_9_407_3_i_iii ∧ P_9_407_3_i_2 ∧ P_9_407_3_i_ii ∧ P_9_407_3_i_iii ∧ P_9_407_3_i_3 ∧ P_9_407_3_i_ii ∧ P_9_407_3_i_4,None,Conjunction (Conj): Rule 7,VALIDATED,PASS,PASS,Declarative/definitional statement.,HIGH
9,9.407-3(i)(ii),P_9_407_3_i_ii,(ii) Debarment by any agency.,P_9_407_3_i_ii: Debarment by any agency.,P_9_407_3_i_ii,None,Atomic proposition (no transformation),VALIDATED,PASS,PASS,Declarative/definitional statement.,HIGH
9,9.407-3(c),P_9_407_3_c,"(c) Notice of suspension. When a contractor and any specifically named affiliates are suspended, the suspending and debarring official must immediately notify them using the procedures in 9.406-3(c)(1) and (2). While describing any irregularities in terms sufficient to place the contractor on notice without disclosing the Government's evidence, the notice must state—","P_9_407_3_c: Notice of suspension. When a contractor and any specifically named affiliates are suspended, the suspending and debarring official must immediately notify them using the procedures in 9.406-3(c)(1) and (2). While describing any irregularities in terms sufficient to place the contractor on notice without disclosing the Government's evidence, the notice must state—",P_9_407_3_c = P_9_407_3_c_1,P_9_406_3_c_1,Conjunction (Conj): Rule 7,VALIDATED,PASS,PASS,Mandatory requirement (shall/must). Conditional triggers detected: when.,HIGH
9,9.407-3(c)(1),P_9_407_3_c_1,(1) That they have been suspended and that the suspension is based on an indictment or other adequate evidence that the contractor has committed irregularities—,P_9_407_3_c_1: That they have been suspended and that the suspension is based on an indictment or other adequate evidence that the contractor has committed irregularities—,P_9_407_3_c_1,None,Atomic proposition (no transformation),VALIDATED,PASS,PASS,Declarative/definitional statement.,HIGH
9,9.407-3(i),P_9_407_3_i_v2,(i) Suspension by any other agency; or,P_9_407_3_i_a: Suspension by any other agency,P_9_407_3_i = P_9_407_3_i_ii ∧ P_9_407_3_i_ii ∧ P_9_407_3_i_2 ∧ P_9_407_3_i_3 ∧ P_9_407_3_i_4 ∧ P_9_407_3_i_5 ∧ P_9_407_3_i_6 ∧ P_9_407_3_i_ii ∧ P_9_407_3_i_7 ∧ P_9_407_3_i_ii ∧ P_9_407_3_i_iii ∧ P_9_407_3_i_iv ∧ P_9_407_3_i_8 ∧ P_9_407_3_i_ii ∧ P_9_407_3_i_iii ∧ P_9_407_3_i_2 ∧ P_9_407_3_i_ii ∧ P_9_407_3_i_iii ∧ P_9_407_3_i_3 ∧ P_9_407_3_i_ii ∧ P_9_407_3_i_4 ∧ P_9_407_3_i_ii ∧ P_9_407_3_i_ii ∧ P_9_407_3_i_2 ∧ P_9_407_3_i_3 ∧ P_9_407_3_i_4 ∧ P_9_407_3_i_5 ∧ P_9_407_3_i_6 ∧ P_9_407_3_i_ii ∧ P_9_407_3_i_7 ∧ P_9_407_3_i_ii ∧ P_9_407_3_i_iii ∧ P_9_407_3_i_iv ∧ P_9_407_3_i_8 ∧ P_9_407_3_i_ii ∧ P_9_407_3_i_iii ∧ P_9_407_3_i_2 ∧ P_9_407_3_i_ii ∧ P_9_407_3_i_iii ∧ P_9_407_3_i_3 ∧ P_9_407_3_i_ii ∧ P_9_407_3_i_4 ∧ P_9_407_3_i_ii ∧ P_9_407_3_i_ii ∧ P_9_407_3_i_2 ∧ P_9_407_3_i_3 ∧ P_9_407_3_i_4 ∧ P_9_407_3_i_5 ∧ P_9_407_3_i_6 ∧ P_9_407_3_i_ii ∧ P_9_407_3_i_7 ∧ P_9_407_3_i_ii ∧ P_9_407_3_i_iii ∧ P_9_407_3_i_iv ∧ P_9_407_3_i_8 ∧ P_9_407_3_i_ii ∧ P_9_407_3_i_iii ∧ P_9_407_3_i_2 ∧ P_9_407_3_i_ii ∧ P_9_407_3_i_iii ∧ P_9_407_3_i_3 ∧ P_9_407_3_i_ii ∧ P_9_407_3_i_4 ∧ P_9_407_3_i_ii ∧ P_9_407_3_i_ii ∧ P_9_407_3_i_2 ∧ P_9_407_3_i_3 ∧ P_9_407_3_i_4 ∧ P_9_407_3_i_5 ∧ P_9_407_3_i_6 ∧ P_9_407_3_i_ii ∧ P_9_407_3_i_7 ∧ P_9_407_3_i_ii ∧ P_9_407_3_i_iii ∧ P_9_407_3_i_iv ∧ P_9_407_3_i_8 ∧ P_9_407_3_i_ii ∧ P_9_407_3_i_iii ∧ P_9_407_3_i_2 ∧ P_9_407_3_i_ii ∧ P_9_407_3_i_iii ∧ P_9_407_3_i_3 ∧ P_9_407_3_i_ii ∧ P_9_407_3_i_4 ∧ P_9_407_3_i_ii ∧ P_9_407_3_i_ii ∧ P_9_407_3_i_2 ∧ P_9_407_3_i_3 ∧ P_9_407_3_i_4 ∧ P_9_407_3_i_5 ∧ P_9_407_3_i_6 ∧ P_9_407_3_i_ii ∧ P_9_407_3_i_7 ∧ P_9_407_3_i_ii ∧ P_9_407_3_i_iii ∧ P_9_407_3_i_iv ∧ P_9_407_3_i_8 ∧ P_9_407_3_i_ii ∧ P_9_407_3_i_iii ∧ P_9_407_3_i_2 ∧ P_9_407_3_i_ii ∧ P_9_407_3_i_iii ∧ P_9_407_3_i_3 ∧ P_9_407_3_i_ii ∧ P_9_407_3_i_4 ∧ P_9_407_3_i_ii ∧ P_9_407_3_i_ii ∧ P_9_407_3_i_2 ∧ P_9_407_3_i_3 ∧ P_9_407_3_i_4 ∧ P_9_407_3_i_5 ∧ P_9_407_3_i_6 ∧ P_9_407_3_i_ii ∧ P_9_407_3_i_7 ∧ P_9_407_3_i_ii ∧ P_9_407_3_i_iii ∧ P_9_407_3_i_iv ∧ P_9_407_3_i_8 ∧ P_9_407_3_i_ii ∧ P_9_407_3_i_iii ∧ P_9_407_3_i_2 ∧ P_9_407_3_i_ii ∧ P_9_407_3_i_iii ∧ P_9_407_3_i_3 ∧ P_9_407_3_i_ii ∧ P_9_407_3_i_4 ∧ P_9_407_3_i_ii ∧ P_9_407_3_i_ii ∧ P_9_407_3_i_2 ∧ P_9_407_3_i_3 ∧ P_9_407_3_i_4 ∧ P_9_407_3_i_5 ∧ P_9_407_3_i_6 ∧ P_9_407_3_i_ii ∧ P_9_407_3_i_7 ∧ P_9_407_3_i_ii ∧ P_9_407_3_i_iii ∧ P_9_407_3_i_iv ∧ P_9_407_3_i_8 ∧ P_9_407_3_i_ii ∧ P_9_407_3_i_iii ∧ P_9_407_3_i_2 ∧ P_9_407_3_i_ii ∧ P_9_407_3_i_iii ∧ P_9_407_3_i_3 ∧ P_9_407_3_i_ii ∧ P_9_407_3_i_4,None,Conjunction (Conj): Rule 7,VALIDATED,PASS,PASS,Declarative/definitional statement.,HIGH
9,9.407-3(i)(ii),P_9_407_3_i_ii_v2,(ii) Debarment by any agency.,P_9_407_3_i_ii: Debarment by any agency.,P_9_407_3_i_ii,None,Atomic proposition (no transformation),VALIDATED,PASS,PASS,Declarative/definitional statement.,HIGH
9,9.407-3(i)(2),P_9_407_3_i_2,(2) That the suspension is for a temporary period pending the completion of an investigation and such legal proceedings as may ensue;,P_9_407_3_i_2: That the suspension is for a temporary period pending the completion of an investigation and such legal proceedings as may ensue;,P_9_407_3_i_2 ∨ ~P_9_407_3_i_2,None,Addition (Add): Rule 8; Negation (Neg): Rule 10,VALIDATED,PASS,PASS,Permissive authority (may) creates discretionary action. Tautological structure represents unrestricted discretion.,MEDIUM
9,9.407-3(i)(3),P_9_407_3_i_3,"(3) The suspending and debarring official may modify or terminate the suspension or leave it in force (for example, see 9.406-4(c) for the reasons for reducing the period or extent of debarment). However, a decision to modify or terminate the suspension must be without prejudice to the subsequent imposition of—","P_9_407_3_i_3: The suspending and debarring official may modify or terminate the suspension or leave it in force (for example, see 9.406-4(c) for the reasons for reducing the period or extent of debarment). However, a decision to modify or terminate the suspension must be without prejudice to the subsequent imposition of—",P_9_407_3_i_3,P_9_406_4_c,Atomic proposition (no transformation),VALIDATED,PASS,PASS,Mandatory requirement (shall/must).,HIGH
9,9.407-3(i)(4),P_9_407_3_i_4,"(4) Prompt written notice of the suspending and debarring official's decision must be sent to the contractor and any affiliates involved, using the procedures in 9.406-3(c)(1) and (2).","P_9_407_3_i_4: Prompt written notice of the suspending and debarring official's decision must be sent to the contractor and any affiliates involved, using the procedures in 9.406-3(c)(1) and (2).",P_9_407_3_i_4,P_9_406_3_c_1,Atomic proposition (no transformation),VALIDATED,PASS,PASS,Mandatory requirement (shall/must).,HIGH
9,9.407-3(i)(5),P_9_407_3_i_5,"(5) That, within 30 days after receipt of the notice, the contractor may submit, in person, in writing, or through a representative, information and argument in opposition to the suspension, including any additional specific information that raises a genuine dispute over the material facts;","P_9_407_3_i_5: That, within 30 days after receipt of the notice, the contractor may submit, in person, in writing, or through a representative, information and argument in opposition to the suspension, including any additional specific information that raises a genuine dispute over the material facts;",P_9_407_3_i_5_cond ⊃ (P_9_407_3_i_5 ∨ ~P_9_407_3_i_5),None,Addition (Add): Rule 8; Material Implication (Impl): Rule 15 [HIGH-RISK]; Negation (Neg): Rule 10,PENDING_REVIEW,PASS,PASS,Permissive authority (may) creates discretionary action. Conditional triggers detected: after. Material implication used [HIGH-RISK Rule 15]. Tautological structure represents unrestricted discretion.,MEDIUM
9,9.407-3(i)(6),P_9_407_3_i_6,(6) That additional proceedings to determine disputed material facts will be conducted unless—,P_9_407_3_i_6: That additional proceedings to determine disputed material facts will be conducted unless—,~P_9_407_3_i_6_except ⊃ P_9_407_3_i_6,None,Material Implication (Impl): Rule 15 [HIGH-RISK]; Negation (Neg): Rule 10,PENDING_REVIEW,PASS,PASS,Declarative/definitional statement. Conditional triggers detected: unless. Material implication used [HIGH-RISK Rule 15].,MEDIUM
9,9.407-3(i),P_9_407_3_i_v3,(i) Suspension by any other agency; or,P_9_407_3_i_a: Suspension by any other agency,P_9_407_3_i = P_9_407_3_i_ii ∧ P_9_407_3_i_ii ∧ P_9_407_3_i_2 ∧ P_9_407_3_i_3 ∧ P_9_407_3_i_4 ∧ P_9_407_3_i_5 ∧ P_9_407_3_i_6 ∧ P_9_407_3_i_ii ∧ P_9_407_3_i_7 ∧ P_9_407_3_i_ii ∧ P_9_407_3_i_iii ∧ P_9_407_3_i_iv ∧ P_9_407_3_i_8 ∧ P_9_407_3_i_ii ∧ P_9_407_3_i_iii ∧ P_9_407_3_i_2 ∧ P_9_407_3_i_ii ∧ P_9_407_3_i_iii ∧ P_9_407_3_i_3 ∧ P_9_407_3_i_ii ∧ P_9_407_3_i_4 ∧ P_9_407_3_i_ii ∧ P_9_407_3_i_ii ∧ P_9_407_3_i_2 ∧ P_9_407_3_i_3 ∧ P_9_407_3_i_4 ∧ P_9_407_3_i_5 ∧ P_9_407_3_i_6 ∧ P_9_407_3_i_ii ∧ P_9_407_3_i_7 ∧ P_9_407_3_i_ii ∧ P_9_407_3_i_iii ∧ P_9_407_3_i_iv ∧ P_9_407_3_i_8 ∧ P_9_407_3_i_ii ∧ P_9_407_3_i_iii ∧ P_9_407_3_i_2 ∧ P_9_407_3_i_ii ∧ P_9_407_3_i_iii ∧ P_9_407_3_i_3 ∧ P_9_407_3_i_ii ∧ P_9_407_3_i_4 ∧ P_9_407_3_i_ii ∧ P_9_407_3_i_ii ∧ P_9_407_3_i_2 ∧ P_9_407_3_i_3 ∧ P_9_407_3_i_4 ∧ P_9_407_3_i_5 ∧ P_9_407_3_i_6 ∧ P_9_407_3_i_ii ∧ P_9_407_3_i_7 ∧ P_9_407_3_i_ii ∧ P_9_407_3_i_iii ∧ P_9_407_3_i_iv ∧ P_9_407_3_i_8 ∧ P_9_407_3_i_ii ∧ P_9_407_3_i_iii ∧ P_9_407_3_i_2 ∧ P_9_407_3_i_ii ∧ P_9_407_3_i_iii ∧ P_9_407_3_i_3 ∧ P_9_407_3_i_ii ∧ P_9_407_3_i_4 ∧ P_9_407_3_i_ii ∧ P_9_407_3_i_ii ∧ P_9_407_3_i_2 ∧ P_9_407_3_i_3 ∧ P_9_407_3_i_4 ∧ P_9_407_3_i_5 ∧ P_9_407_3_i_6 ∧ P_9_407_3_i_ii ∧ P_9_407_3_i_7 ∧ P_9_407_3_i_ii ∧ P_9_407_3_i_iii ∧ P_9_407_3_i_iv ∧ P_9_407_3_i_8 ∧ P_9_407_3_i_ii ∧ P_9_407_3_i_iii ∧ P_9_407_3_i_2 ∧ P_9_407_3_i_ii ∧ P_9_407_3_i_iii ∧ P_9_407_3_i_3 ∧ P_9_407_3_i_ii ∧ P_9_407_3_i_4 ∧ P_9_407_3_i_ii ∧ P_9_407_3_i_ii ∧ P_9_407_3_i_2 ∧ P_9_407_3_i_3 ∧ P_9_407_3_i_4 ∧ P_9_407_3_i_5 ∧ P_9_407_3_i_6 ∧ P_9_407_3_i_ii ∧ P_9_407_3_i_7 ∧ P_9_407_3_i_ii ∧ P_9_407_3_i_iii ∧ P_9_407_3_i_iv ∧ P_9_407_3_i_8 ∧ P_9_407_3_i_ii ∧ P_9_407_3_i_iii ∧ P_9_407_3_i_2 ∧ P_9_407_3_i_ii ∧ P_9_407_3_i_iii ∧ P_9_407_3_i_3 ∧ P_9_407_3_i_ii ∧ P_9_407_3_i_4 ∧ P_9_407_3_i_ii ∧ P_9_407_3_i_ii ∧ P_9_407_3_i_2 ∧ P_9_407_3_i_3 ∧ P_9_407_3_i_4 ∧ P_9_407_3_i_5 ∧ P_9_407_3_i_6 ∧ P_9_407_3_i_ii ∧ P_9_407_3_i_7 ∧ P_9_407_3_i_ii ∧ P_9_407_3_i_iii ∧ P_9_407_3_i_iv ∧ P_9_407_3_i_8 ∧ P_9_407_3_i_ii ∧ P_9_407_3_i_iii ∧ P_9_407_3_i_2 ∧ P_9_407_3_i_ii ∧ P_9_407_3_i_iii ∧ P_9_407_3_i_3 ∧ P_9_407_3_i_ii ∧ P_9_407_3_i_4 ∧ P_9_407_3_i_ii ∧ P_9_407_3_i_ii ∧ P_9_407_3_i_2 ∧ P_9_407_3_i_3 ∧ P_9_407_3_i_4 ∧ P_9_407_3_i_5 ∧ P_9_407_3_i_6 ∧ P_9_407_3_i_ii ∧ P_9_407_3_i_7 ∧ P_9_407_3_i_ii ∧ P_9_407_3_i_iii ∧ P_9_407_3_i_iv ∧ P_9_407_3_i_8 ∧ P_9_407_3_i_ii ∧ P_9_407_3_i_iii ∧ P_9_407_3_i_2 ∧ P_9_407_3_i_ii ∧ P_9_407_3_i_iii ∧ P_9_407_3_i_3 ∧ P_9_407_3_i_ii ∧ P_9_407_3_i_4,None,Conjunction (Conj): Rule 7,VALIDATED,PASS,PASS,Declarative/definitional statement.,HIGH
9,9.407-3(i)(ii),P_9_407_3_i_ii_v3,(ii) Debarment by any agency.,P_9_407_3_i_ii: Debarment by any agency.,P_9_407_3_i_ii,None,Atomic proposition (no transformation),VALIDATED,PASS,PASS,Declarative/definitional statement.,HIGH
9,9.407-3(i)(7),P_9_407_3_i_7,"(7) That, in addition to any information and argument in opposition to a suspension, the contractor must identify–","P_9_407_3_i_7: That, in addition to any information and argument in opposition to a suspension, the contractor must identify–",P_9_407_3_i_7,None,Atomic proposition (no transformation),VALIDATED,PASS,PASS,Mandatory requirement (shall/must).,HIGH
9,9.407-3(i),P_9_407_3_i_v4,(i) Suspension by any other agency; or,P_9_407_3_i_a: Suspension by any other agency,P_9_407_3_i = P_9_407_3_i_ii ∧ P_9_407_3_i_ii ∧ P_9_407_3_i_2 ∧ P_9_407_3_i_3 ∧ P_9_407_3_i_4 ∧ P_9_407_3_i_5 ∧ P_9_407_3_i_6 ∧ P_9_407_3_i_ii ∧ P_9_407_3_i_7 ∧ P_9_407_3_i_ii ∧ P_9_407_3_i_iii ∧ P_9_407_3_i_iv ∧ P_9_407_3_i_8 ∧ P_9_407_3_i_ii ∧ P_9_407_3_i_iii ∧ P_9_407_3_i_2 ∧ P_9_407_3_i_ii ∧ P_9_407_3_i_iii ∧ P_9_407_3_i_3 ∧ P_9_407_3_i_ii ∧ P_9_407_3_i_4 ∧ P_9_407_3_i_ii ∧ P_9_407_3_i_ii ∧ P_9_407_3_i_2 ∧ P_9_407_3_i_3 ∧ P_9_407_3_i_4 ∧ P_9_407_3_i_5 ∧ P_9_407_3_i_6 ∧ P_9_407_3_i_ii ∧ P_9_407_3_i_7 ∧ P_9_407_3_i_ii ∧ P_9_407_3_i_iii ∧ P_9_407_3_i_iv ∧ P_9_407_3_i_8 ∧ P_9_407_3_i_ii ∧ P_9_407_3_i_iii ∧ P_9_407_3_i_2 ∧ P_9_407_3_i_ii ∧ P_9_407_3_i_iii ∧ P_9_407_3_i_3 ∧ P_9_407_3_i_ii ∧ P_9_407_3_i_4 ∧ P_9_407_3_i_ii ∧ P_9_407_3_i_ii ∧ P_9_407_3_i_2 ∧ P_9_407_3_i_3 ∧ P_9_407_3_i_4 ∧ P_9_407_3_i_5 ∧ P_9_407_3_i_6 ∧ P_9_407_3_i_ii ∧ P_9_407_3_i_7 ∧ P_9_407_3_i_ii ∧ P_9_407_3_i_iii ∧ P_9_407_3_i_iv ∧ P_9_407_3_i_8 ∧ P_9_407_3_i_ii ∧ P_9_407_3_i_iii ∧ P_9_407_3_i_2 ∧ P_9_407_3_i_ii ∧ P_9_407_3_i_iii ∧ P_9_407_3_i_3 ∧ P_9_407_3_i_ii ∧ P_9_407_3_i_4 ∧ P_9_407_3_i_ii ∧ P_9_407_3_i_ii ∧ P_9_407_3_i_2 ∧ P_9_407_3_i_3 ∧ P_9_407_3_i_4 ∧ P_9_407_3_i_5 ∧ P_9_407_3_i_6 ∧ P_9_407_3_i_ii ∧ P_9_407_3_i_7 ∧ P_9_407_3_i_ii ∧ P_9_407_3_i_iii ∧ P_9_407_3_i_iv ∧ P_9_407_3_i_8 ∧ P_9_407_3_i_ii ∧ P_9_407_3_i_iii ∧ P_9_407_3_i_2 ∧ P_9_407_3_i_ii ∧ P_9_407_3_i_iii ∧ P_9_407_3_i_3 ∧ P_9_407_3_i_ii ∧ P_9_407_3_i_4 ∧ P_9_407_3_i_ii ∧ P_9_407_3_i_ii ∧ P_9_407_3_i_2 ∧ P_9_407_3_i_3 ∧ P_9_407_3_i_4 ∧ P_9_407_3_i_5 ∧ P_9_407_3_i_6 ∧ P_9_407_3_i_ii ∧ P_9_407_3_i_7 ∧ P_9_407_3_i_ii ∧ P_9_407_3_i_iii ∧ P_9_407_3_i_iv ∧ P_9_407_3_i_8 ∧ P_9_407_3_i_ii ∧ P_9_407_3_i_iii ∧ P_9_407_3_i_2 ∧ P_9_407_3_i_ii ∧ P_9_407_3_i_iii ∧ P_9_407_3_i_3 ∧ P_9_407_3_i_ii ∧ P_9_407_3_i_4 ∧ P_9_407_3_i_ii ∧ P_9_407_3_i_ii ∧ P_9_407_3_i_2 ∧ P_9_407_3_i_3 ∧ P_9_407_3_i_4 ∧ P_9_407_3_i_5 ∧ P_9_407_3_i_6 ∧ P_9_407_3_i_ii ∧ P_9_407_3_i_7 ∧ P_9_407_3_i_ii ∧ P_9_407_3_i_iii ∧ P_9_407_3_i_iv ∧ P_9_407_3_i_8 ∧ P_9_407_3_i_ii ∧ P_9_407_3_i_iii ∧ P_9_407_3_i_2 ∧ P_9_407_3_i_ii ∧ P_9_407_3_i_iii ∧ P_9_407_3_i_3 ∧ P_9_407_3_i_ii ∧ P_9_407_3_i_4 ∧ P_9_407_3_i_ii ∧ P_9_407_3_i_ii ∧ P_9_407_3_i_2 ∧ P_9_407_3_i_3 ∧ P_9_407_3_i_4 ∧ P_9_407_3_i_5 ∧ P_9_407_3_i_6 ∧ P_9_407_3_i_ii ∧ P_9_407_3_i_7 ∧ P_9_407_3_i_ii ∧ P_9_407_3_i_iii ∧ P_9_407_3_i_iv ∧ P_9_407_3_i_8 ∧ P_9_407_3_i_ii ∧ P_9_407_3_i_iii ∧ P_9_407_3_i_2 ∧ P_9_407_3_i_ii ∧ P_9_407_3_i_iii ∧ P_9_407_3_i_3 ∧ P_9_407_3_i_ii ∧ P_9_407_3_i_4,None,Conjunction (Conj): Rule 7,VALIDATED,PASS,PASS,Declarative/definitional statement.,HIGH
9,9.407-3(i)(ii),P_9_407_3_i_ii_v4,(ii) Debarment by any agency.,P_9_407_3_i_ii: Debarment by any agency.,P_9_407_3_i_ii,None,Atomic proposition (no transformation),VALIDATED,PASS,PASS,Declarative/definitional statement.,HIGH
9,9.407-3(i)(iii),P_9_407_3_i_iii,(iii) The suspending and debarring official must make a decision after the conclusion of the proceedings with respect to disputed facts.,P_9_407_3_i_iii: The suspending and debarring official must make a decision after the conclusion of the proceedings with respect to disputed facts.,P_9_407_3_i_iii,None,Atomic proposition (no transformation),VALIDATED,PASS,PASS,Mandatory requirement (shall/must). Conditional triggers detected: after.,HIGH
9,9.407-3(i)(iv),P_9_407_3_i_iv,(iv) All of the contractor's affiliates; and,P_9_407_3_i_iv_a: All of the contractor's affiliates,P_9_407_3_i_iv,None,Atomic proposition (no transformation),VALIDATED,PASS,PASS,Declarative/definitional statement.,HIGH
9,9.407-3(i)(8),P_9_407_3_i_8,"(8) That if the contractor fails to disclose the information in paragraph (c)(7) of this section or provides false information, the agency taking the action may seek further criminal, civil, or administrative action against the contractor, as appropriate.","P_9_407_3_i_8: That if the contractor fails to disclose the information in paragraph (c)(7) of this section or provides false information, the agency taking the action may seek further criminal, civil, or administrative action against the contractor, as appropriate.",P_9_407_3_i_8_cond ⊃ (P_9_407_3_i_8 ∨ ~P_9_407_3_i_8),None,Addition (Add): Rule 8; Material Implication (Impl): Rule 15 [HIGH-RISK]; Negation (Neg): Rule 10,PENDING_REVIEW,PASS,PASS,Permissive authority (may) creates discretionary action. Conditional triggers detected: if. Material implication used [HIGH-RISK Rule 15]. Tautological structure represents unrestricted discretion.,MEDIUM
9,9.407-3(d),P_9_407_3_d,(d) Suspending and debarring official’s decision.,P_9_407_3_d: Suspending and debarring official’s decision.,P_9_407_3_d = P_9_407_3_d_1,None,Conjunction (Conj): Rule 7,VALIDATED,PASS,PASS,Declarative/definitional statement.,HIGH
9,9.407-3(d)(1),P_9_407_3_d_1,"(1) The suspending and debarring official must make a decision based on all the information in the administrative record, including any submission from the contractor, for actions—","P_9_407_3_d_1: The suspending and debarring official must make a decision based on all the information in the administrative record, including any submission from the contractor, for actions—",P_9_407_3_d_1,None,Atomic proposition (no transformation),VALIDATED,PASS,PASS,Mandatory requirement (shall/must).,HIGH
9,9.407-3(i),P_9_407_3_i_v5,(i) Suspension by any other agency; or,P_9_407_3_i_a: Suspension by any other agency,P_9_407_3_i = P_9_407_3_i_ii ∧ P_9_407_3_i_ii ∧ P_9_407_3_i_2 ∧ P_9_407_3_i_3 ∧ P_9_407_3_i_4 ∧ P_9_407_3_i_5 ∧ P_9_407_3_i_6 ∧ P_9_407_3_i_ii ∧ P_9_407_3_i_7 ∧ P_9_407_3_i_ii ∧ P_9_407_3_i_iii ∧ P_9_407_3_i_iv ∧ P_9_407_3_i_8 ∧ P_9_407_3_i_ii ∧ P_9_407_3_i_iii ∧ P_9_407_3_i_2 ∧ P_9_407_3_i_ii ∧ P_9_407_3_i_iii ∧ P_9_407_3_i_3 ∧ P_9_407_3_i_ii ∧ P_9_407_3_i_4 ∧ P_9_407_3_i_ii ∧ P_9_407_3_i_ii ∧ P_9_407_3_i_2 ∧ P_9_407_3_i_3 ∧ P_9_407_3_i_4 ∧ P_9_407_3_i_5 ∧ P_9_407_3_i_6 ∧ P_9_407_3_i_ii ∧ P_9_407_3_i_7 ∧ P_9_407_3_i_ii ∧ P_9_407_3_i_iii ∧ P_9_407_3_i_iv ∧ P_9_407_3_i_8 ∧ P_9_407_3_i_ii ∧ P_9_407_3_i_iii ∧ P_9_407_3_i_2 ∧ P_9_407_3_i_ii ∧ P_9_407_3_i_iii ∧ P_9_407_3_i_3 ∧ P_9_407_3_i_ii ∧ P_9_407_3_i_4 ∧ P_9_407_3_i_ii ∧ P_9_407_3_i_ii ∧ P_9_407_3_i_2 ∧ P_9_407_3_i_3 ∧ P_9_407_3_i_4 ∧ P_9_407_3_i_5 ∧ P_9_407_3_i_6 ∧ P_9_407_3_i_ii ∧ P_9_407_3_i_7 ∧ P_9_407_3_i_ii ∧ P_9_407_3_i_iii ∧ P_9_407_3_i_iv ∧ P_9_407_3_i_8 ∧ P_9_407_3_i_ii ∧ P_9_407_3_i_iii ∧ P_9_407_3_i_2 ∧ P_9_407_3_i_ii ∧ P_9_407_3_i_iii ∧ P_9_407_3_i_3 ∧ P_9_407_3_i_ii ∧ P_9_407_3_i_4 ∧ P_9_407_3_i_ii ∧ P_9_407_3_i_ii ∧ P_9_407_3_i_2 ∧ P_9_407_3_i_3 ∧ P_9_407_3_i_4 ∧ P_9_407_3_i_5 ∧ P_9_407_3_i_6 ∧ P_9_407_3_i_ii ∧ P_9_407_3_i_7 ∧ P_9_407_3_i_ii ∧ P_9_407_3_i_iii ∧ P_9_407_3_i_iv ∧ P_9_407_3_i_8 ∧ P_9_407_3_i_ii ∧ P_9_407_3_i_iii ∧ P_9_407_3_i_2 ∧ P_9_407_3_i_ii ∧ P_9_407_3_i_iii ∧ P_9_407_3_i_3 ∧ P_9_407_3_i_ii ∧ P_9_407_3_i_4 ∧ P_9_407_3_i_ii ∧ P_9_407_3_i_ii ∧ P_9_407_3_i_2 ∧ P_9_407_3_i_3 ∧ P_9_407_3_i_4 ∧ P_9_407_3_i_5 ∧ P_9_407_3_i_6 ∧ P_9_407_3_i_ii ∧ P_9_407_3_i_7 ∧ P_9_407_3_i_ii ∧ P_9_407_3_i_iii ∧ P_9_407_3_i_iv ∧ P_9_407_3_i_8 ∧ P_9_407_3_i_ii ∧ P_9_407_3_i_iii ∧ P_9_407_3_i_2 ∧ P_9_407_3_i_ii ∧ P_9_407_3_i_iii ∧ P_9_407_3_i_3 ∧ P_9_407_3_i_ii ∧ P_9_407_3_i_4 ∧ P_9_407_3_i_ii ∧ P_9_407_3_i_ii ∧ P_9_407_3_i_2 ∧ P_9_407_3_i_3 ∧ P_9_407_3_i_4 ∧ P_9_407_3_i_5 ∧ P_9_407_3_i_6 ∧ P_9_407_3_i_ii ∧ P_9_407_3_i_7 ∧ P_9_407_3_i_ii ∧ P_9_407_3_i_iii ∧ P_9_407_3_i_iv ∧ P_9_407_3_i_8 ∧ P_9_407_3_i_ii ∧ P_9_407_3_i_iii ∧ P_9_407_3_i_2 ∧ P_9_407_3_i_ii ∧ P_9_407_3_i_iii ∧ P_9_407_3_i_3 ∧ P_9_407_3_i_ii ∧ P_9_407_3_i_4 ∧ P_9_407_3_i_ii ∧ P_9_407_3_i_ii ∧ P_9_407_3_i_2 ∧ P_9_407_3_i_3 ∧ P_9_407_3_i_4 ∧ P_9_407_3_i_5 ∧ P_9_407_3_i_6 ∧ P_9_407_3_i_ii ∧ P_9_407_3_i_7 ∧ P_9_407_3_i_ii ∧ P_9_407_3_i_iii ∧ P_9_407_3_i_iv ∧ P_9_407_3_i_8 ∧ P_9_407_3_i_ii ∧ P_9_407_3_i_iii ∧ P_9_407_3_i_2 ∧ P_9_407_3_i_ii ∧ P_9_407_3_i_iii ∧ P_9_407_3_i_3 ∧ P_9_407_3_i_ii ∧ P_9_407_3_i_4,None,Conjunction (Conj): Rule 7,VALIDATED,PASS,PASS,Declarative/definitional statement.,HIGH
9,9.407-3(i)(ii),P_9_407_3_i_ii_v5,(ii) Debarment by any agency.,P_9_407_3_i_ii: Debarment by any agency.,P_9_407_3_i_ii,None,Atomic proposition (no transformation),VALIDATED,PASS,PASS,Declarative/definitional statement.,HIGH
9,9.407-3(i)(iii),P_9_407_3_i_iii_v2,(iii) The suspending and debarring official must make a decision after the conclusion of the proceedings with respect to disputed facts.,P_9_407_3_i_iii: The suspending and debarring official must make a decision after the conclusion of the proceedings with respect to disputed facts.,P_9_407_3_i_iii,None,Atomic proposition (no transformation),VALIDATED,PASS,PASS,Mandatory requirement (shall/must). Conditional triggers detected: after.,HIGH
9,9.407-3(i)(2),P_9_407_3_i_2_v2,(2) That the suspension is for a temporary period pending the completion of an investigation and such legal proceedings as may ensue;,P_9_407_3_i_2: That the suspension is for a temporary period pending the completion of an investigation and such legal proceedings as may ensue;,P_9_407_3_i_2 ∨ ~P_9_407_3_i_2,None,Addition (Add): Rule 8; Negation (Neg): Rule 10,VALIDATED,PASS,PASS,Permissive authority (may) creates discretionary action. Tautological structure represents unrestricted discretion.,MEDIUM
9,9.407-3(i),P_9_407_3_i_v6,(i) Suspension by any other agency; or,P_9_407_3_i_a: Suspension by any other agency,P_9_407_3_i = P_9_407_3_i_ii ∧ P_9_407_3_i_ii ∧ P_9_407_3_i_2 ∧ P_9_407_3_i_3 ∧ P_9_407_3_i_4 ∧ P_9_407_3_i_5 ∧ P_9_407_3_i_6 ∧ P_9_407_3_i_ii ∧ P_9_407_3_i_7 ∧ P_9_407_3_i_ii ∧ P_9_407_3_i_iii ∧ P_9_407_3_i_iv ∧ P_9_407_3_i_8 ∧ P_9_407_3_i_ii ∧ P_9_407_3_i_iii ∧ P_9_407_3_i_2 ∧ P_9_407_3_i_ii ∧ P_9_407_3_i_iii ∧ P_9_407_3_i_3 ∧ P_9_407_3_i_ii ∧ P_9_407_3_i_4 ∧ P_9_407_3_i_ii ∧ P_9_407_3_i_ii ∧ P_9_407_3_i_2 ∧ P_9_407_3_i_3 ∧ P_9_407_3_i_4 ∧ P_9_407_3_i_5 ∧ P_9_407_3_i_6 ∧ P_9_407_3_i_ii ∧ P_9_407_3_i_7 ∧ P_9_407_3_i_ii ∧ P_9_407_3_i_iii ∧ P_9_407_3_i_iv ∧ P_9_407_3_i_8 ∧ P_9_407_3_i_ii ∧ P_9_407_3_i_iii ∧ P_9_407_3_i_2 ∧ P_9_407_3_i_ii ∧ P_9_407_3_i_iii ∧ P_9_407_3_i_3 ∧ P_9_407_3_i_ii ∧ P_9_407_3_i_4 ∧ P_9_407_3_i_ii ∧ P_9_407_3_i_ii ∧ P_9_407_3_i_2 ∧ P_9_407_3_i_3 ∧ P_9_407_3_i_4 ∧ P_9_407_3_i_5 ∧ P_9_407_3_i_6 ∧ P_9_407_3_i_ii ∧ P_9_407_3_i_7 ∧ P_9_407_3_i_ii ∧ P_9_407_3_i_iii ∧ P_9_407_3_i_iv ∧ P_9_407_3_i_8 ∧ P_9_407_3_i_ii ∧ P_9_407_3_i_iii ∧ P_9_407_3_i_2 ∧ P_9_407_3_i_ii ∧ P_9_407_3_i_iii ∧ P_9_407_3_i_3 ∧ P_9_407_3_i_ii ∧ P_9_407_3_i_4 ∧ P_9_407_3_i_ii ∧ P_9_407_3_i_ii ∧ P_9_407_3_i_2 ∧ P_9_407_3_i_3 ∧ P_9_407_3_i_4 ∧ P_9_407_3_i_5 ∧ P_9_407_3_i_6 ∧ P_9_407_3_i_ii ∧ P_9_407_3_i_7 ∧ P_9_407_3_i_ii ∧ P_9_407_3_i_iii ∧ P_9_407_3_i_iv ∧ P_9_407_3_i_8 ∧ P_9_407_3_i_ii ∧ P_9_407_3_i_iii ∧ P_9_407_3_i_2 ∧ P_9_407_3_i_ii ∧ P_9_407_3_i_iii ∧ P_9_407_3_i_3 ∧ P_9_407_3_i_ii ∧ P_9_407_3_i_4 ∧ P_9_407_3_i_ii ∧ P_9_407_3_i_ii ∧ P_9_407_3_i_2 ∧ P_9_407_3_i_3 ∧ P_9_407_3_i_4 ∧ P_9_407_3_i_5 ∧ P_9_407_3_i_6 ∧ P_9_407_3_i_ii ∧ P_9_407_3_i_7 ∧ P_9_407_3_i_ii ∧ P_9_407_3_i_iii ∧ P_9_407_3_i_iv ∧ P_9_407_3_i_8 ∧ P_9_407_3_i_ii ∧ P_9_407_3_i_iii ∧ P_9_407_3_i_2 ∧ P_9_407_3_i_ii ∧ P_9_407_3_i_iii ∧ P_9_407_3_i_3 ∧ P_9_407_3_i_ii ∧ P_9_407_3_i_4 ∧ P_9_407_3_i_ii ∧ P_9_407_3_i_ii ∧ P_9_407_3_i_2 ∧ P_9_407_3_i_3 ∧ P_9_407_3_i_4 ∧ P_9_407_3_i_5 ∧ P_9_407_3_i_6 ∧ P_9_407_3_i_ii ∧ P_9_407_3_i_7 ∧ P_9_407_3_i_ii ∧ P_9_407_3_i_iii ∧ P_9_407_3_i_iv ∧ P_9_407_3_i_8 ∧ P_9_407_3_i_ii ∧ P_9_407_3_i_iii ∧ P_9_407_3_i_2 ∧ P_9_407_3_i_ii ∧ P_9_407_3_i_iii ∧ P_9_407_3_i_3 ∧ P_9_407_3_i_ii ∧ P_9_407_3_i_4 ∧ P_9_407_3_i_ii ∧ P_9_407_3_i_ii ∧ P_9_407_3_i_2 ∧ P_9_407_3_i_3 ∧ P_9_407_3_i_4 ∧ P_9_407_3_i_5 ∧ P_9_407_3_i_6 ∧ P_9_407_3_i_ii ∧ P_9_407_3_i_7 ∧ P_9_407_3_i_ii ∧ P_9_407_3_i_iii ∧ P_9_407_3_i_iv ∧ P_9_407_3_i_8 ∧ P_9_407_3_i_ii ∧ P_9_407_3_i_iii ∧ P_9_407_3_i_2 ∧ P_9_407_3_i_ii ∧ P_9_407_3_i_iii ∧ P_9_407_3_i_3 ∧ P_9_407_3_i_ii ∧ P_9_407_3_i_4,None,Conjunction (Conj): Rule 7,VALIDATED,PASS,PASS,Declarative/definitional statement.,HIGH
9,9.407-3(i)(ii),P_9_407_3_i_ii_v6,(ii) Debarment by any agency.,P_9_407_3_i_ii: Debarment by any agency.,P_9_407_3_i_ii,None,Atomic proposition (no transformation),VALIDATED,PASS,PASS,Declarative/definitional statement.,HIGH
9,9.407-3(i)(iii),P_9_407_3_i_iii_v3,(iii) The suspending and debarring official must make a decision after the conclusion of the proceedings with respect to disputed facts.,P_9_407_3_i_iii: The suspending and debarring official must make a decision after the conclusion of the proceedings with respect to disputed facts.,P_9_407_3_i_iii,None,Atomic proposition (no transformation),VALIDATED,PASS,PASS,Mandatory requirement (shall/must). Conditional triggers detected: after.,HIGH
9,9.407-3(i)(3),P_9_407_3_i_3_v2,"(3) The suspending and debarring official may modify or terminate the suspension or leave it in force (for example, see 9.406-4(c) for the reasons for reducing the period or extent of debarment). However, a decision to modify or terminate the suspension must be without prejudice to the subsequent imposition of—","P_9_407_3_i_3_v2: The suspending and debarring official may modify or terminate the suspension or leave it in force (for example, see 9.406-4(c) for the reasons for reducing the period or extent of debarment). However, a decision to modify or terminate the suspension must be without prejudice to the subsequent imposition of—",P_9_407_3_i_3,P_9_406_4_c,Atomic proposition (no transformation),VALIDATED,PASS,PASS,Mandatory requirement (shall/must).,HIGH
9,9.407-3(i),P_9_407_3_i_v7,(i) Suspension by any other agency; or,P_9_407_3_i_a: Suspension by any other agency,P_9_407_3_i = P_9_407_3_i_ii ∧ P_9_407_3_i_ii ∧ P_9_407_3_i_2 ∧ P_9_407_3_i_3 ∧ P_9_407_3_i_4 ∧ P_9_407_3_i_5 ∧ P_9_407_3_i_6 ∧ P_9_407_3_i_ii ∧ P_9_407_3_i_7 ∧ P_9_407_3_i_ii ∧ P_9_407_3_i_iii ∧ P_9_407_3_i_iv ∧ P_9_407_3_i_8 ∧ P_9_407_3_i_ii ∧ P_9_407_3_i_iii ∧ P_9_407_3_i_2 ∧ P_9_407_3_i_ii ∧ P_9_407_3_i_iii ∧ P_9_407_3_i_3 ∧ P_9_407_3_i_ii ∧ P_9_407_3_i_4 ∧ P_9_407_3_i_ii ∧ P_9_407_3_i_ii ∧ P_9_407_3_i_2 ∧ P_9_407_3_i_3 ∧ P_9_407_3_i_4 ∧ P_9_407_3_i_5 ∧ P_9_407_3_i_6 ∧ P_9_407_3_i_ii ∧ P_9_407_3_i_7 ∧ P_9_407_3_i_ii ∧ P_9_407_3_i_iii ∧ P_9_407_3_i_iv ∧ P_9_407_3_i_8 ∧ P_9_407_3_i_ii ∧ P_9_407_3_i_iii ∧ P_9_407_3_i_2 ∧ P_9_407_3_i_ii ∧ P_9_407_3_i_iii ∧ P_9_407_3_i_3 ∧ P_9_407_3_i_ii ∧ P_9_407_3_i_4 ∧ P_9_407_3_i_ii ∧ P_9_407_3_i_ii ∧ P_9_407_3_i_2 ∧ P_9_407_3_i_3 ∧ P_9_407_3_i_4 ∧ P_9_407_3_i_5 ∧ P_9_407_3_i_6 ∧ P_9_407_3_i_ii ∧ P_9_407_3_i_7 ∧ P_9_407_3_i_ii ∧ P_9_407_3_i_iii ∧ P_9_407_3_i_iv ∧ P_9_407_3_i_8 ∧ P_9_407_3_i_ii ∧ P_9_407_3_i_iii ∧ P_9_407_3_i_2 ∧ P_9_407_3_i_ii ∧ P_9_407_3_i_iii ∧ P_9_407_3_i_3 ∧ P_9_407_3_i_ii ∧ P_9_407_3_i_4 ∧ P_9_407_3_i_ii ∧ P_9_407_3_i_ii ∧ P_9_407_3_i_2 ∧ P_9_407_3_i_3 ∧ P_9_407_3_i_4 ∧ P_9_407_3_i_5 ∧ P_9_407_3_i_6 ∧ P_9_407_3_i_ii ∧ P_9_407_3_i_7 ∧ P_9_407_3_i_ii ∧ P_9_407_3_i_iii ∧ P_9_407_3_i_iv ∧ P_9_407_3_i_8 ∧ P_9_407_3_i_ii ∧ P_9_407_3_i_iii ∧ P_9_407_3_i_2 ∧ P_9_407_3_i_ii ∧ P_9_407_3_i_iii ∧ P_9_407_3_i_3 ∧ P_9_407_3_i_ii ∧ P_9_407_3_i_4 ∧ P_9_407_3_i_ii ∧ P_9_407_3_i_ii ∧ P_9_407_3_i_2 ∧ P_9_407_3_i_3 ∧ P_9_407_3_i_4 ∧ P_9_407_3_i_5 ∧ P_9_407_3_i_6 ∧ P_9_407_3_i_ii ∧ P_9_407_3_i_7 ∧ P_9_407_3_i_ii ∧ P_9_407_3_i_iii ∧ P_9_407_3_i_iv ∧ P_9_407_3_i_8 ∧ P_9_407_3_i_ii ∧ P_9_407_3_i_iii ∧ P_9_407_3_i_2 ∧ P_9_407_3_i_ii ∧ P_9_407_3_i_iii ∧ P_9_407_3_i_3 ∧ P_9_407_3_i_ii ∧ P_9_407_3_i_4 ∧ P_9_407_3_i_ii ∧ P_9_407_3_i_ii ∧ P_9_407_3_i_2 ∧ P_9_407_3_i_3 ∧ P_9_407_3_i_4 ∧ P_9_407_3_i_5 ∧ P_9_407_3_i_6 ∧ P_9_407_3_i_ii ∧ P_9_407_3_i_7 ∧ P_9_407_3_i_ii ∧ P_9_407_3_i_iii ∧ P_9_407_3_i_iv ∧ P_9_407_3_i_8 ∧ P_9_407_3_i_ii ∧ P_9_407_3_i_iii ∧ P_9_407_3_i_2 ∧ P_9_407_3_i_ii ∧ P_9_407_3_i_iii ∧ P_9_407_3_i_3 ∧ P_9_407_3_i_ii ∧ P_9_407_3_i_4 ∧ P_9_407_3_i_ii ∧ P_9_407_3_i_ii ∧ P_9_407_3_i_2 ∧ P_9_407_3_i_3 ∧ P_9_407_3_i_4 ∧ P_9_407_3_i_5 ∧ P_9_407_3_i_6 ∧ P_9_407_3_i_ii ∧ P_9_407_3_i_7 ∧ P_9_407_3_i_ii ∧ P_9_407_3_i_iii ∧ P_9_407_3_i_iv ∧ P_9_407_3_i_8 ∧ P_9_407_3_i_ii ∧ P_9_407_3_i_iii ∧ P_9_407_3_i_2 ∧ P_9_407_3_i_ii ∧ P_9_407_3_i_iii ∧ P_9_407_3_i_3 ∧ P_9_407_3_i_ii ∧ P_9_407_3_i_4,None,Conjunction (Conj): Rule 7,VALIDATED,PASS,PASS,Declarative/definitional statement.,HIGH
9,9.407-3(i)(ii),P_9_407_3_i_ii_v7,(ii) Debarment by any agency.,P_9_407_3_i_ii: Debarment by any agency.,P_9_407_3_i_ii,None,Atomic proposition (no transformation),VALIDATED,PASS,PASS,Declarative/definitional statement.,HIGH
9,9.407-3(i)(4),P_9_407_3_i_4_v2,"(4) Prompt written notice of the suspending and debarring official's decision must be sent to the contractor and any affiliates involved, using the procedures in 9.406-3(c)(1) and (2).","P_9_407_3_i_4: Prompt written notice of the suspending and debarring official's decision must be sent to the contractor and any affiliates involved, using the procedures in 9.406-3(c)(1) and (2).",P_9_407_3_i_4,P_9_406_3_c_1,Atomic proposition (no transformation),VALIDATED,PASS,PASS,Mandatory requirement (shall/must).,HIGH
9,9.407-3(e),P_9_407_3_e,(e) Administrative agreement.,P_9_407_3_e: Administrative agreement.,P_9_407_3_e = P_9_407_3_e_1 ∧ P_9_407_3_e_2 ∧ P_9_407_3_e_3,None,Conjunction (Conj): Rule 7,VALIDATED,PASS,PASS,Declarative/definitional statement.,HIGH
9,9.407-3(e)(1),P_9_407_3_e_1,"(1) If the contractor enters into an administrative agreement with the Government to resolve a suspension or potential suspension proceeding, the suspending and debarring official must access the website (available at https://www.cpars.gov[], then select FAPIIS), enter the requested information, and upload documentation reflecting the administrative agreement.","P_9_407_3_e_1: If the contractor enters into an administrative agreement with the Government to resolve a suspension or potential suspension proceeding, the suspending and debarring official must access the website (available at https://www.cpars.gov[], then select FAPIIS), enter the requested information, and upload documentation reflecting the administrative agreement.",P_9_407_3_e_1_cond ⊃ (P_9_407_3_e_1_a ∧ P_9_407_3_e_1_b),None,Conjunction (Conj): Rule 7; Material Implication (Impl): Rule 15 [HIGH-RISK],PENDING_REVIEW,PASS,PASS,Mandatory requirement (shall/must). Conditional triggers detected: if. Material implication used [HIGH-RISK Rule 15].,MEDIUM
9,9.407-3(e)(2),P_9_407_3_e_2,(2) The suspending and debarring official is responsible for the timely and accurate submission of documentation reflecting the administrative agreement. The submission should be made within 3 working days.,P_9_407_3_e_2: The suspending and debarring official is responsible for the timely and accurate submission of documentation reflecting the administrative agreement. The submission should be made within 3 working days.,P_9_407_3_e_2,None,Atomic proposition (no transformation),PENDING_REVIEW,PASS,PASS,Advisory requirement (should) - not binding.,MEDIUM
9,9.407-3(e)(3),P_9_407_3_e_3,"(3) With regard to information that may be covered by a disclosure exemption under the Freedom of Information Act, the suspending and debarring official must follow the procedures at 9.105-2(b)(2)(iv).","P_9_407_3_e_3: With regard to information that may be covered by a disclosure exemption under the Freedom of Information Act, the suspending and debarring official must follow the procedures at 9.105-2(b)(2)(iv).",P_9_407_3_e_3,P_9_105_2_b_2,Atomic proposition (no transformation),VALIDATED,PASS,PASS,Mandatory requirement (shall/must).,HIGH
9,9.407-3(f),P_9_407_3_f,(f) Voluntary exclusion.,P_9_407_3_f: Voluntary exclusion.,P_9_407_3_f = P_9_407_3_f_1 ∧ P_9_407_3_f_2 ∧ P_9_407_3_f_3,None,Conjunction (Conj): Rule 7,VALIDATED,PASS,PASS,Declarative/definitional statement.,HIGH
9,9.407-3(f)(1),P_9_407_3_f_1,"(1) If the contractor enters into a voluntary exclusion with the Government in order to resolve a suspension or potential suspension proceeding, the suspending and debarring official must access the website (available at https://www.sam.gov[]) and enter the requested information into the exclusions section of SAM (see 9.404(c)(3)).","P_9_407_3_f_1: If the contractor enters into a voluntary exclusion with the Government in order to resolve a suspension or potential suspension proceeding, the suspending and debarring official must access the website (available at https://www.sam.gov[]) and enter the requested information into the exclusions section of SAM (see 9.404(c)(3)).",P_9_407_3_f_1_cond ⊃ P_9_407_3_f_1,P_9_404_c_3,Material Implication (Impl): Rule 15 [HIGH-RISK],PENDING_REVIEW,PASS,PASS,Mandatory requirement (shall/must). Conditional triggers detected: if. Material implication used [HIGH-RISK Rule 15].,MEDIUM
9,9.407-3(f)(2),P_9_407_3_f_2,(2) The suspending and debarring official is responsible for the timely and accurate submission of documentation reflecting the voluntary exclusion. The submission should be made within 3 working days.,P_9_407_3_f_2: The suspending and debarring official is responsible for the timely and accurate submission of documentation reflecting the voluntary exclusion. The submission should be made within 3 working days.,P_9_407_3_f_2,None,Atomic proposition (no transformation),PENDING_REVIEW,PASS,PASS,Advisory requirement (should) - not binding.,MEDIUM
9,9.407-3(f)(3),P_9_407_3_f_3,"(3) Regarding information that may be covered by a disclosure exemption under the Freedom of Information Act, the suspending and debarring official must follow the procedures at 9.105-2(b)(2)(iv).","P_9_407_3_f_3: Regarding information that may be covered by a disclosure exemption under the Freedom of Information Act, the suspending and debarring official must follow the procedures at 9.105-2(b)(2)(iv).",P_9_407_3_f_3,P_9_105_2_b_2,Atomic proposition (no transformation),VALIDATED,PASS,PASS,Mandatory requirement (shall/must).,HIGH
9,9.407-3(g),P_9_407_3_g,"(g) Pre-notice letter. Prior to initiating a suspension, the suspending and debarring official has discretion to issue a pre-notice letter. A pre-notice letter is not required to initiate suspension under this subpart. (See 9.403.)","P_9_407_3_g: Pre-notice letter. Prior to initiating a suspension, the suspending and debarring official has discretion to issue a pre-notice letter. A pre-notice letter is not required to initiate suspension under this subpart. (See 9.403.)",P_9_407_3_g,P_9_403,Atomic proposition (no transformation),VALIDATED,PASS,PASS,Declarative/definitional statement.,HIGH
9,9.407-4,P_9_407_4,9.407-4 Period of suspension.,P_9_407_4: 9.407-4 Period of suspension.,P_9_407_4 = P_9_407_4_a ∧ P_9_407_4_b ∧ P_9_407_4_c,None,Conjunction (Conj): Rule 7,VALIDATED,PASS,PASS,Declarative/definitional statement.,HIGH
9,9.407-4(a),P_9_407_4_a,"(a) Suspension must be for a temporary period pending the completion of an investigation and any ensuing legal proceedings, unless sooner terminated by the suspending and debarring official or as provided in this section.","P_9_407_4_a: Suspension must be for a temporary period pending the completion of an investigation and any ensuing legal proceedings, unless sooner terminated by the suspending and debarring official or as provided in this section.",~P_9_407_4_a_except ⊃ P_9_407_4_a,None,Material Implication (Impl): Rule 15 [HIGH-RISK]; Negation (Neg): Rule 10,PENDING_REVIEW,PASS,PASS,Mandatory requirement (shall/must). Conditional triggers detected: unless. Material implication used [HIGH-RISK Rule 15].,MEDIUM
9,9.407-4(b),P_9_407_4_b,"(b) If legal proceedings are not initiated within 12 months after the date of the suspension notice, the suspension must be terminated unless an office of a U.S. Assistant Attorney General, U.S. Attorney, or other responsible prosecuting official requests its extension, in which case it may be extended for an additional 6 months. In no event may a suspension extend beyond 18 months, unless legal proceedings have been initiated within that period.","P_9_407_4_b: If legal proceedings are not initiated within 12 months after the date of the suspension notice, the suspension must be terminated unless an office of a U.S. Assistant Attorney General, U.S. Attorney, or other responsible prosecuting official requests its extension, in which case it may be extended for an additional 6 months. In no event may a suspension extend beyond 18 months, unless legal proceedings have been initiated within that period.",P_9_407_4_b_cond ⊃ P_9_407_4_b,None,Material Implication (Impl): Rule 15 [HIGH-RISK],PENDING_REVIEW,PASS,PASS,"Mandatory requirement (shall/must). Conditional triggers detected: if, unless, after. Material implication used [HIGH-RISK Rule 15].",MEDIUM
9,9.407-4(c),P_9_407_4_c,"(c) The suspending and debarring official must notify the Department of Justice or other responsible prosecuting official of the proposed termination of the suspension, at least 30 days before the 12-month period expires, to give that official an opportunity to request an extension on the Government's behalf.","P_9_407_4_c: The suspending and debarring official must notify the Department of Justice or other responsible prosecuting official of the proposed termination of the suspension, at least 30 days before the 12-month period expires, to give that official an opportunity to request an extension on the Government's behalf.",~P_9_407_4_c,None,Negation (Neg): Rule 10,VALIDATED,PASS,PASS,Prohibition (shall not/do not). Conditional triggers detected: before.,HIGH
9,9.407-5,P_9_407_5,"9.407-5 Scope of suspension. The scope of suspension must be the same as that for debarment (see 9.406-5), except that the procedures of 9.407-3 must be used in imposing suspension. 9.408 [Reserved]","P_9_407_5: The scope of suspension must be the same as that for debarment (see 9.406-5), except that the procedures of 9.407-3 must be used in imposing suspension. 9.408 [Reserved]",P_9_407_5,P_9_406_5; P_9_407_3; P_9_408,Atomic proposition (no transformation),VALIDATED,PASS,PASS,Mandatory requirement (shall/must).,HIGH
9,9.409,P_9_409,"9.409 Contract clause. Insert the clause at 52.209-6, Protecting the Government's Interest when Subcontracting with Contractors Debarred, Suspended, Proposed for Debarment, or Voluntarily Excluded, in solicitations and contracts where the contract value exceeds $45,000.","P_9_409: Insert the clause at 52.209-6, Protecting the Government's Interest when Subcontracting with Contractors Debarred, Suspended, Proposed for Debarment, or Voluntarily Excluded, in solicitations and contracts where the contract value exceeds $45,000.",P_9_409_cond ⊃ P_9_409,P_52_209_6,Material Implication (Impl): Rule 15 [HIGH-RISK],PENDING_REVIEW,PASS,PASS,"Declarative/definitional statement. Conditional triggers detected: when, where. Material implication used [HIGH-RISK Rule 15]. External references: 52.209-6.",MEDIUM
9,9.500,P_9_500,9.500 Scope of subpart. This subpart:,P_9_500: 9.500 Scope of subpart. This subpart:,P_9_500 = P_9_500_a ∧ P_9_500_b ∧ P_9_500_c,None,Conjunction (Conj): Rule 7,VALIDATED,PASS,PASS,Declarative/definitional statement.,HIGH
9,9.500(a),P_9_500_a,"(a) Prescribes responsibilities, general rules, and procedures for identifying, evaluating, and resolving organizational conflicts of interest;","P_9_500_a_a: Prescribes responsibilities, general rules; P_9_500_a_b: procedures for identifying, evaluating; P_9_500_a_c: resolving organizational conflicts of interest",P_9_500_a,None,Atomic proposition (no transformation),VALIDATED,PASS,PASS,Declarative/definitional statement.,HIGH
9,9.500(b),P_9_500_b,(b) Provides examples to assist contracting officers in applying these rules and procedures to individual contracting situations; and,P_9_500_b_a: Provides examples to assist contracting officers in applying these rules and procedures to individual contracting situations,P_9_500_b,None,Atomic proposition (no transformation),VALIDATED,PASS,PASS,Declarative/definitional statement.,HIGH
9,9.500(c),P_9_500_c,"(c) Implements section 8141 of the 1989 Department of Defense Appropriation Act, Pub.L.100-463, 102 Stat.2270-47 (1988).","P_9_500_c: Implements section 8141 of the 1989 Department of Defense Appropriation Act, Pub.L.100-463, 102 Stat.2270-47 (1988).",P_9_500_c,None,Atomic proposition (no transformation),VALIDATED,PASS,PASS,Declarative/definitional statement.,HIGH
9,9.501,P_9_501,"9.501 Definition. Marketing consultant, as used in this subpart, means any independent contractor who furnishes advice, information, direction, or assistance to an offeror or any other contractor in support of the preparation or submission of an offer for a Government contract by that offeror. An independent contractor is not a marketing consultant when rendering-","P_9_501: Marketing consultant, as used in this subpart, means any independent contractor who furnishes advice, information, direction, or assistance to an offeror or any other contractor in support of the preparation or submission of an offer for a Government contract by that offeror. An independent contractor is not a marketing consultant when rendering-",P_9_501 = P_9_501_1 ∧ P_9_501_2 ∧ P_9_501_3 ∧ P_9_501_4,None,Conjunction (Conj): Rule 7,VALIDATED,PASS,PASS,Declarative/definitional statement. Conditional triggers detected: when.,HIGH
9,9.501(1),P_9_501_1,(1) Services excluded in subpart 37.2;,P_9_501_1: Services excluded in subpart 37.2;,P_9_501_1,P_37_EXT,Atomic proposition (no transformation),VALIDATED,PASS,PASS,Declarative/definitional statement. External references: Part_37.,HIGH
9,9.501(2),P_9_501_2,"(2) Routine engineering and technical services (such as installation, operation, or maintenance of systems, equipment, software, components, or facilities);","P_9_501_2: Routine engineering and technical services (such as installation, operation, or maintenance of systems, equipment, software, components, or facilities);",P_9_501_2,None,Atomic proposition (no transformation),VALIDATED,PASS,PASS,Declarative/definitional statement.,HIGH
9,9.501(3),P_9_501_3,"(3) Routine legal, actuarial, auditing, and accounting services; and","P_9_501_3_a: Routine legal, actuarial, auditing, and accounting services",P_9_501_3,None,Atomic proposition (no transformation),VALIDATED,PASS,PASS,Declarative/definitional statement.,HIGH
9,9.501(4),P_9_501_4,(4) Training services.,P_9_501_4: Training services.,P_9_501_4,None,Atomic proposition (no transformation),VALIDATED,PASS,PASS,Declarative/definitional statement.,HIGH
9,9.502,P_9_502,9.502 Applicability.,P_9_502: ,P_9_502 = P_9_502_a ∧ P_9_502_b ∧ P_9_502_c ∧ P_9_502_d,None,Conjunction (Conj): Rule 7,VALIDATED,PASS,PASS,Declarative/definitional statement.,HIGH
9,9.502(a),P_9_502_a,"(a) This subpart applies to contracts with either profit or nonprofit organizations, including nonprofit organizations created largely or wholly with Government funds.","P_9_502_a: This subpart applies to contracts with either profit or nonprofit organizations, including nonprofit organizations created largely or wholly with Government funds.",P_9_502_a,None,Atomic proposition (no transformation),VALIDATED,PASS,PASS,Declarative/definitional statement.,HIGH
9,9.502(b),P_9_502_b,"(b) The applicability of this subpart is not limited to any particular kind of acquisition. However, organizational conflicts of interest are more likely to occur in contracts involving-","P_9_502_b: The applicability of this subpart is not limited to any particular kind of acquisition. However, organizational conflicts of interest are more likely to occur in contracts involving-",P_9_502_b = P_9_502_b_1 ∧ P_9_502_b_2 ∧ P_9_502_b_3 ∧ P_9_502_b_4,None,Conjunction (Conj): Rule 7,VALIDATED,PASS,PASS,Declarative/definitional statement.,HIGH
9,9.502(b)(1),P_9_502_b_1,(1) Management support services;,P_9_502_b_1: Management support services;,P_9_502_b_1,None,Atomic proposition (no transformation),VALIDATED,PASS,PASS,Declarative/definitional statement.,HIGH
9,9.502(b)(2),P_9_502_b_2,(2) Consultant or other professional services;,P_9_502_b_2: Consultant or other professional services;,P_9_502_b_2,None,Atomic proposition (no transformation),VALIDATED,PASS,PASS,Declarative/definitional statement.,HIGH
9,9.502(b)(3),P_9_502_b_3,(3) Contractor performance of or assistance in technical evaluations; or,P_9_502_b_3_a: Contractor performance of or assistance in technical evaluations,P_9_502_b_3,None,Atomic proposition (no transformation),VALIDATED,PASS,PASS,Declarative/definitional statement.,HIGH
9,9.502(b)(4),P_9_502_b_4,(4) Systems engineering and technical direction work performed by a contractor that does not have overall contractual responsibility for development or production.,P_9_502_b_4: Systems engineering and technical direction work performed by a contractor that does not have overall contractual responsibility for development or production.,~P_9_502_b_4,None,Negation (Neg): Rule 10,VALIDATED,PASS,PASS,Prohibition (shall not/do not).,HIGH
9,9.502(c),P_9_502_c,"(c) An organizational conflict of interest may result when factors create an actual or potential conflict of interest on an instant contract, or when the nature of the work to be performed on the instant contract creates an actual or potential conflict of interest on a future acquisition. In the latter case, some restrictions on future activities of the contractor may be required.","P_9_502_c: An organizational conflict of interest may result when factors create an actual or potential conflict of interest on an instant contract, or when the nature of the work to be performed on the instant contract creates an actual or potential conflict of interest on a future acquisition. In the latter case, some restrictions on future activities of the contractor may be required.",P_9_502_c_cond ⊃ (P_9_502_c ∨ ~P_9_502_c),None,Addition (Add): Rule 8; Material Implication (Impl): Rule 15 [HIGH-RISK]; Negation (Neg): Rule 10,PENDING_REVIEW,PASS,PASS,Permissive authority (may) creates discretionary action. Conditional triggers detected: when. Material implication used [HIGH-RISK Rule 15]. Tautological structure represents unrestricted discretion.,MEDIUM
9,9.502(d),P_9_502_d,(d) Acquisitions subject to unique agency organizational conflict of interest statutes are excluded from the requirements of this subpart.,P_9_502_d: Acquisitions subject to unique agency organizational conflict of interest statutes are excluded from the requirements of this subpart.,P_9_502_d,None,Atomic proposition (no transformation),VALIDATED,PASS,PASS,Declarative/definitional statement. Conditional triggers detected: subject_to.,HIGH
9,9.503,P_9_503,"9.503 Waiver. The agency head or a designee may waive any general rule or procedure of this subpart by determining that its application in a particular situation would not be in the Government's interest. Any request for waiver must be in writing, must set forth the extent of the conflict, and requires approval by the agency head or a designee. Agency heads must not delegate waiver authority below the level of head of a contracting activity.","P_9_503: The agency head or a designee may waive any general rule or procedure of this subpart by determining that its application in a particular situation would not be in the Government's interest. Any request for waiver must be in writing, must set forth the extent of the conflict, and requires approval by the agency head or a designee. Agency heads must not delegate waiver authority below the level of head of a contracting activity.",~(P_9_503_a ∧ P_9_503_b),None,Conjunction (Conj): Rule 7; Negation (Neg): Rule 10,VALIDATED,PASS,PASS,Prohibition (shall not/do not).,HIGH
9,9.504,P_9_504,9.504 Contracting officer responsibilities.,P_9_504: 9.504 Contracting officer responsibilities.,P_9_504 = P_9_504_a ∧ P_9_504_b ∧ P_9_504_c ∧ P_9_504_d ∧ P_9_504_e,None,Conjunction (Conj): Rule 7,VALIDATED,PASS,PASS,Declarative/definitional statement.,HIGH
9,9.504(a),P_9_504_a,"(a) Using the general rules, procedures, and examples in this subpart, contracting officers must analyze planned acquisitions in order to—","P_9_504_a_a: Using the general rules, procedures; P_9_504_a_b: examples in this subpart, contracting officers must analyze planned acquisitions in order to—",P_9_504_a = P_9_504_a_1 ∧ P_9_504_a_2,None,Conjunction (Conj): Rule 7,VALIDATED,PASS,PASS,Mandatory requirement (shall/must).,HIGH
9,9.504(a)(1),P_9_504_a_1,(1) Identify and evaluate potential organizational conflicts of interest as early in the acquisition process as possible; and,P_9_504_a_1_a: Identify and evaluate potential organizational conflicts of interest as early in the acquisition process as possible,P_9_504_a_1,None,Atomic proposition (no transformation),VALIDATED,PASS,PASS,Declarative/definitional statement.,HIGH
9,9.504(a)(2),P_9_504_a_2,"(2) Avoid, neutralize, or mitigate significant potential conflicts before contract award.","P_9_504_a_2: Avoid, neutralize, or mitigate significant potential conflicts before contract award.",P_9_504_a_2_cond ⊃ P_9_504_a_2,None,Material Implication (Impl): Rule 15 [HIGH-RISK],PENDING_REVIEW,PASS,PASS,Declarative/definitional statement. Conditional triggers detected: before. Material implication used [HIGH-RISK Rule 15].,MEDIUM
9,9.504(b),P_9_504_b,(b) Contracting officers should obtain the advice of counsel and the assistance of appropriate technical specialists in evaluating potential conflicts and in developing any necessary solicitation provisions and contract clauses (see 9.506).,P_9_504_b: Contracting officers should obtain the advice of counsel and the assistance of appropriate technical specialists in evaluating potential conflicts and in developing any necessary solicitation provisions and contract clauses (see 9.506).,P_9_504_b,P_9_506,Atomic proposition (no transformation),PENDING_REVIEW,PASS,PASS,Advisory requirement (should) - not binding.,MEDIUM
9,9.504(c),P_9_504_c,"(c) Before issuing a solicitation for a contract that may involve a significant potential conflict, the contracting officer must recommend to the head of the contracting activity a course of action for resolving the conflict (see 9.506).","P_9_504_c: Before issuing a solicitation for a contract that may involve a significant potential conflict, the contracting officer must recommend to the head of the contracting activity a course of action for resolving the conflict (see 9.506).",P_9_504_c_cond ⊃ P_9_504_c,P_9_506,Material Implication (Impl): Rule 15 [HIGH-RISK],PENDING_REVIEW,PASS,PASS,Mandatory requirement (shall/must). Conditional triggers detected: before. Material implication used [HIGH-RISK Rule 15].,MEDIUM
9,9.504(d),P_9_504_d,"(d) In fulfilling their responsibilities for identifying and resolving potential conflicts, contracting officers should avoid creating unnecessary delays, burdensome information requirements, and excessive documentation. The contracting officer's judgment need be formally documented only when a substantive issue concerning potential organizational conflict of interest exists.","P_9_504_d: In fulfilling their responsibilities for identifying and resolving potential conflicts, contracting officers should avoid creating unnecessary delays, burdensome information requirements, and excessive documentation. The contracting officer's judgment need be formally documented only when a substantive issue concerning potential organizational conflict of interest exists.",P_9_504_d_cond ⊃ (P_9_504_d_a ∧ P_9_504_d_b),None,Conjunction (Conj): Rule 7; Material Implication (Impl): Rule 15 [HIGH-RISK],PENDING_REVIEW,PASS,PASS,"Advisory requirement (should) - not binding. Conditional triggers detected: when, only_when. Material implication used [HIGH-RISK Rule 15].",MEDIUM
9,9.504(e),P_9_504_e,"(e) The contracting officer must award the contract to the apparent successful offeror unless a conflict of interest is determined to exist that cannot be avoided or mitigated. Before determining to withhold award based on conflict of interest considerations, the contracting officer must notify the contractor, provide the reasons therefor, and allow the contractor a reasonable opportunity to respond. If the contracting officer finds that it is in the best interest of the United States to award the contract notwithstanding a conflict of interest, a request for waiver must be submitted in accordance with 9.503. The waiver request and decision must be included in the contract file.","P_9_504_e: The contracting officer must award the contract to the apparent successful offeror unless a conflict of interest is determined to exist that cannot be avoided or mitigated. Before determining to withhold award based on conflict of interest considerations, the contracting officer must notify the contractor, provide the reasons therefor, and allow the contractor a reasonable opportunity to respond. If the contracting officer finds that it is in the best interest of the United States to award the contract notwithstanding a conflict of interest, a request for waiver must be submitted in accordance with 9.503. The waiver request and decision must be included in the contract file.",P_9_504_e_cond ⊃ ~(P_9_504_e_a ∧ P_9_504_e_b),P_9_503,Conjunction (Conj): Rule 7; Material Implication (Impl): Rule 15 [HIGH-RISK]; Negation (Neg): Rule 10,PENDING_REVIEW,PASS,PASS,"Prohibition (shall not/do not). Conditional triggers detected: if, unless, before. Material implication used [HIGH-RISK Rule 15].",MEDIUM
9,9.505,P_9_505,"9.505 General rules. The general rules in 9.505-1 through 9.505-4 prescribe limitations on contracting as the means of avoiding, neutralizing, or mitigating organizational conflicts of interest that might otherwise exist in the stated situations. Some illustrative examples are provided in 9.508. Conflicts may arise in situations not expressly covered in this section 9.505 or in the examples in 9.508. Each individual contracting situation should be examined on the basis of its particular facts and the nature of the proposed contract. The exercise of common sense, good judgment, and sound discretion is required in both the decision on whether a significant potential conflict exists and, if it does, the development of an appropriate means for resolving it. The two underlying principles are—","P_9_505: The general rules in 9.505-1 through 9.505-4 prescribe limitations on contracting as the means of avoiding, neutralizing, or mitigating organizational conflicts of interest that might otherwise exist in the stated situations. Some illustrative examples are provided in 9.508. Conflicts may arise in situations not expressly covered in this section 9.505 or in the examples in 9.508. Each individual contracting situation should be examined on the basis of its particular facts and the nature of the proposed contract. The exercise of common sense, good judgment, and sound discretion is required in both the decision on whether a significant potential conflict exists and, if it does, the development of an appropriate means for resolving it. The two underlying principles are—",P_9_505 = P_9_505_a ∧ P_9_505_b,P_9_505_1; P_9_505_4; P_9_508,Conjunction (Conj): Rule 7,PENDING_REVIEW,PASS,PASS,Permissive authority (may) creates discretionary action. Conditional triggers detected: if.,MEDIUM
9,9.505(a),P_9_505_a,(a) Preventing the existence of conflicting roles that might bias a contractor’s judgment; and,P_9_505_a_a: Preventing the existence of conflicting roles that might bias a contractor’s judgment,P_9_505_a,None,Atomic proposition (no transformation),VALIDATED,PASS,PASS,Declarative/definitional statement.,HIGH
9,9.505(b),P_9_505_b,"(b) Preventing unfair competitive advantage. In addition to the other situations described in this subpart, an unfair competitive advantage exists where a contractor competing for award of any Federal contract possesses-","P_9_505_b: Preventing unfair competitive advantage. In addition to the other situations described in this subpart, an unfair competitive advantage exists where a contractor competing for award of any Federal contract possesses-",P_9_505_b = P_9_505_b_1 ∧ P_9_505_b_2,None,Conjunction (Conj): Rule 7,VALIDATED,PASS,PASS,Declarative/definitional statement. Conditional triggers detected: where.,HIGH
9,9.505(b)(1),P_9_505_b_1,(1) Proprietary information that was obtained from a Government official without proper authorization; or,P_9_505_b_1_a: Proprietary information that was obtained from a Government official without proper authorization,P_9_505_b_1,None,Atomic proposition (no transformation),VALIDATED,PASS,PASS,Declarative/definitional statement.,HIGH
9,9.505(b)(2),P_9_505_b_2,"(2) Source selection information (as defined in 2.101) that is relevant to the contract but is not available to all competitors, and such information would assist that contractor in obtaining the contract.",P_9_505_b_2_a: Source selection information (as defined in 2.101) that is relevant to the contract but is not available to all competitors; P_9_505_b_2_b: such information would assist that contractor in obtaining the contract.,P_9_505_b_2,P_2_101,Atomic proposition (no transformation),VALIDATED,PASS,PASS,Declarative/definitional statement. External references: 2.101.,HIGH
9,9.505-1,P_9_505_1,9.505-1 Providing systems engineering and technical direction.,P_9_505_1: 9.505-1 Providing systems engineering and technical direction.,P_9_505_1 = P_9_505_1_a ∧ P_9_505_1_b,None,Conjunction (Conj): Rule 7,VALIDATED,PASS,PASS,Declarative/definitional statement.,HIGH
9,9.505-1(a),P_9_505_1_a,"(a) A contractor that provides systems engineering and technical direction for a system but does not have overall contractual responsibility for its development, its integration, assembly, and checkout, or its production shall not—","P_9_505_1_a: A contractor that provides systems engineering and technical direction for a system but does not have overall contractual responsibility for its development, its integration, assembly, and checkout, or its production shall not—",P_9_505_1_a = P_9_505_1_a_1 ∧ P_9_505_1_a_2,None,Conjunction (Conj): Rule 7,VALIDATED,PASS,PASS,Prohibition (shall not/do not).,HIGH
9,9.505-1(a)(1),P_9_505_1_a_1,(1) Be awarded a contract to supply the system or any of its major components; or,P_9_505_1_a_1_a: Be awarded a contract to supply the system or any of its major components,P_9_505_1_a_1,None,Atomic proposition (no transformation),VALIDATED,PASS,PASS,Declarative/definitional statement.,HIGH
9,9.505-1(a)(2),P_9_505_1_a_2,(2) Be a subcontractor or consultant to a supplier of the system or any of its major components.,P_9_505_1_a_2: Be a subcontractor or consultant to a supplier of the system or any of its major components.,P_9_505_1_a_2,None,Atomic proposition (no transformation),VALIDATED,PASS,PASS,Declarative/definitional statement.,HIGH
9,9.505-1(b),P_9_505_1_b,"(b) Systems engineering includes a combination of substantially all of the following activities: determining specifications, identifying and resolving interface problems, developing test requirements, evaluating test data, and supervising design. Technical direction includes a combination of substantially all of the following activities: developing work statements, determining parameters, directing other contractors' operations, and resolving technical controversies. In performing these activities, a contractor occupies a highly influential and responsible position in determining a system's basic concepts and supervising their execution by other contractors. Therefore this contractor should not be in a position to make decisions favoring its own products or capabilities.","P_9_505_1_b: Systems engineering includes a combination of substantially all of the following activities: determining specifications, identifying and resolving interface problems, developing test requirements, evaluating test data, and supervising design. Technical direction includes a combination of substantially all of the following activities: developing work statements, determining parameters, directing other contractors' operations, and resolving technical controversies. In performing these activities, a contractor occupies a highly influential and responsible position in determining a system's basic concepts and supervising their execution by other contractors. Therefore this contractor should not be in a position to make decisions favoring its own products or capabilities.",P_9_505_1_b,None,Atomic proposition (no transformation),PENDING_REVIEW,PASS,PASS,Advisory requirement (should) - not binding.,MEDIUM
9,9.505-2,P_9_505_2,9.505-2 Preparing specifications or work statements. (a),P_9_505_2: 9.505-2 Preparing specifications or work statements. (a),P_9_505_2 = P_9_505_2_a ∧ P_9_505_2_i ∧ P_9_505_2_b ∧ P_9_505_2_i,None,Conjunction (Conj): Rule 7,VALIDATED,PASS,PASS,Declarative/definitional statement.,HIGH
9,9.505-2(a),P_9_505_2_a,(a),P_9_505_2_a: Subsection (a),P_9_505_2_a = P_9_505_2_a_1,None,Conjunction (Conj): Rule 7,VALIDATED,PASS,PASS,Declarative/definitional statement.,HIGH
9,9.505-2(a)(1),P_9_505_2_a_1,"If a contractor prepares and furnishes complete specifications covering nondevelopmental items, to be used in a competitive acquisition, that contractor shall not be allowed to furnish these items, either as a prime contractor or as a subcontractor, for a reasonable period of time including, at least, the duration of the initial production contract. The restriction in this paragraph (a)(1) must not apply to—","P_9_505_2_a_1: If a contractor prepares and furnishes complete specifications covering nondevelopmental items, to be used in a competitive acquisition, that contractor shall not be allowed to furnish these items, either as a prime contractor or as a subcontractor, for a reasonable period of time including, at least, the duration of the initial production contract. The restriction in this paragraph (a)(1) must not apply to—",P_9_505_2_a_1_cond ⊃ P_9_505_2_a_1,None,Material Implication (Impl): Rule 15 [HIGH-RISK],PENDING_REVIEW,PASS,PASS,Declarative/definitional statement. Conditional triggers detected: if. Material implication used [HIGH-RISK Rule 15].,MEDIUM
9,9.505-2(i),P_9_505_2_i,(i) It is the sole source;,P_9_505_2_i: It is the sole source;,P_9_505_2_i = P_9_505_2_i_ii ∧ P_9_505_2_i_2 ∧ P_9_505_2_i_3 ∧ P_9_505_2_i_ii ∧ P_9_505_2_i_iii ∧ P_9_505_2_i_2 ∧ P_9_505_2_i_3 ∧ P_9_505_2_i_ii ∧ P_9_505_2_i_2 ∧ P_9_505_2_i_3 ∧ P_9_505_2_i_ii ∧ P_9_505_2_i_iii ∧ P_9_505_2_i_2 ∧ P_9_505_2_i_3,None,Conjunction (Conj): Rule 7,VALIDATED,PASS,PASS,Declarative/definitional statement.,HIGH
9,9.505-2(i)(ii),P_9_505_2_i_ii,(ii) It has participated in the development and design work; or,P_9_505_2_i_ii_a: It has participated in the development and design work,P_9_505_2_i_ii,None,Atomic proposition (no transformation),VALIDATED,PASS,PASS,Declarative/definitional statement.,HIGH
9,9.505-2(i)(2),P_9_505_2_i_2,"(2) Agencies should normally prepare their own work statements. When contractor assistance is necessary, the contractor might often be in a position to favor its own products or capabilities. To overcome the possibility of bias, contractors are prohibited from supplying a system or services acquired on the basis of work statements growing out of their services, unless excepted in paragraph (b)(1) of this section.","P_9_505_2_i_2: Agencies should normally prepare their own work statements. When contractor assistance is necessary, the contractor might often be in a position to favor its own products or capabilities. To overcome the possibility of bias, contractors are prohibited from supplying a system or services acquired on the basis of work statements growing out of their services, unless excepted in paragraph (b)(1) of this section.",P_9_505_2_i_2_cond ⊃ P_9_505_2_i_2,None,Material Implication (Impl): Rule 15 [HIGH-RISK],PENDING_REVIEW,PASS,PASS,"Advisory requirement (should) - not binding. Conditional triggers detected: when, unless. Material implication used [HIGH-RISK Rule 15].",MEDIUM
9,9.505-2(i)(3),P_9_505_2_i_3,"(3) For the reasons given in paragraph (a)(3) of this section, no prohibitions are imposed on development and design contractors.","P_9_505_2_i_3: For the reasons given in paragraph (a)(3) of this section, no prohibitions are imposed on development and design contractors.",P_9_505_2_i_3,None,Atomic proposition (no transformation),VALIDATED,PASS,PASS,Declarative/definitional statement.,HIGH
9,9.505-2(b),P_9_505_2_b,(b),P_9_505_2_b: Subsection (b),P_9_505_2_b = P_9_505_2_b_1,None,Conjunction (Conj): Rule 7,VALIDATED,PASS,PASS,Declarative/definitional statement.,HIGH
9,9.505-2(b)(1),P_9_505_2_b_1,"If a contractor prepares, or assists in preparing, a work statement to be used in competitively acquiring a system or services-or provides material leading directly, predictably, and without delay to such a work statement-that contractor may not supply the system, major components of the system, or the services unless—","P_9_505_2_b_1: If a contractor prepares, or assists in preparing, a work statement to be used in competitively acquiring a system or services-or provides material leading directly, predictably, and without delay to such a work statement-that contractor may not supply the system, major components of the system, or the services unless—",P_9_505_2_b_1_cond ⊃ P_9_505_2_b_1,None,Material Implication (Impl): Rule 15 [HIGH-RISK],PENDING_REVIEW,PASS,PASS,Declarative/definitional statement. Conditional triggers detected: if. Material implication used [HIGH-RISK Rule 15].,MEDIUM
9,9.505-2(i),P_9_505_2_i_v2,(i) It is the sole source;,P_9_505_2_i: It is the sole source;,P_9_505_2_i = P_9_505_2_i_ii ∧ P_9_505_2_i_2 ∧ P_9_505_2_i_3 ∧ P_9_505_2_i_ii ∧ P_9_505_2_i_iii ∧ P_9_505_2_i_2 ∧ P_9_505_2_i_3 ∧ P_9_505_2_i_ii ∧ P_9_505_2_i_2 ∧ P_9_505_2_i_3 ∧ P_9_505_2_i_ii ∧ P_9_505_2_i_iii ∧ P_9_505_2_i_2 ∧ P_9_505_2_i_3,None,Conjunction (Conj): Rule 7,VALIDATED,PASS,PASS,Declarative/definitional statement.,HIGH
9,9.505-2(i)(ii),P_9_505_2_i_ii_v2,(ii) It has participated in the development and design work; or,P_9_505_2_i_ii_a: It has participated in the development and design work,P_9_505_2_i_ii,None,Atomic proposition (no transformation),VALIDATED,PASS,PASS,Declarative/definitional statement.,HIGH
9,9.505-2(i)(iii),P_9_505_2_i_iii,(iii) More than one contractor has been involved in preparing the work statement.,P_9_505_2_i_iii: More than one contractor has been involved in preparing the work statement.,P_9_505_2_i_iii,None,Atomic proposition (no transformation),VALIDATED,PASS,PASS,Declarative/definitional statement.,HIGH
9,9.505-2(i)(2),P_9_505_2_i_2_v2,"(2) Agencies should normally prepare their own work statements. When contractor assistance is necessary, the contractor might often be in a position to favor its own products or capabilities. To overcome the possibility of bias, contractors are prohibited from supplying a system or services acquired on the basis of work statements growing out of their services, unless excepted in paragraph (b)(1) of this section.","P_9_505_2_i_2_v2: Agencies should normally prepare their own work statements. When contractor assistance is necessary, the contractor might often be in a position to favor its own products or capabilities. To overcome the possibility of bias, contractors are prohibited from supplying a system or services acquired on the basis of work statements growing out of their services, unless excepted in paragraph (b)(1) of this section.",P_9_505_2_i_2_cond ⊃ P_9_505_2_i_2,None,Material Implication (Impl): Rule 15 [HIGH-RISK],PENDING_REVIEW,PASS,PASS,"Advisory requirement (should) - not binding. Conditional triggers detected: when, unless. Material implication used [HIGH-RISK Rule 15].",MEDIUM
9,9.505-2(i)(3),P_9_505_2_i_3_v2,"(3) For the reasons given in paragraph (a)(3) of this section, no prohibitions are imposed on development and design contractors.","P_9_505_2_i_3: For the reasons given in paragraph (a)(3) of this section, no prohibitions are imposed on development and design contractors.",P_9_505_2_i_3,None,Atomic proposition (no transformation),VALIDATED,PASS,PASS,Declarative/definitional statement.,HIGH
9,9.505-3,P_9_505_3,"9.505-3 Providing evaluation services. Contracts for the evaluation of offers for products or services must not be awarded to a contractor that will evaluate its own offers for products or services, or those of a competitor, without proper safeguards to ensure objectivity to protect the Government's interests.","P_9_505_3: Contracts for the evaluation of offers for products or services must not be awarded to a contractor that will evaluate its own offers for products or services, or those of a competitor, without proper safeguards to ensure objectivity to protect the Government's interests.",~P_9_505_3,None,Negation (Neg): Rule 10,VALIDATED,PASS,PASS,Prohibition (shall not/do not).,HIGH
9,9.505-4,P_9_505_4,9.505-4 Obtaining access to proprietary information.,P_9_505_4: 9.505-4 Obtaining access to proprietary information.,P_9_505_4 = P_9_505_4_a ∧ P_9_505_4_b ∧ P_9_505_4_c,None,Conjunction (Conj): Rule 7,VALIDATED,PASS,PASS,Declarative/definitional statement.,HIGH
9,9.505-4(a),P_9_505_4_a,"(a) When a contractor requires proprietary information from others to perform a Government contract and can use the leverage of the contract to obtain it, the contractor may gain an unfair competitive advantage unless restrictions are imposed. These restrictions protect the information and encourage companies to provide it when necessary for contract performance. They are not intended to protect information—","P_9_505_4_a: When a contractor requires proprietary information from others to perform a Government contract and can use the leverage of the contract to obtain it, the contractor may gain an unfair competitive advantage unless restrictions are imposed. These restrictions protect the information and encourage companies to provide it when necessary for contract performance. They are not intended to protect information—",P_9_505_4_a = P_9_505_4_a_1 ∧ P_9_505_4_a_2,None,Conjunction (Conj): Rule 7,PENDING_REVIEW,PASS,PASS,"Permissive authority (may) creates discretionary action. Conditional triggers detected: when, unless.",MEDIUM
9,9.505-4(a)(1),P_9_505_4_a_1,(1) Furnished voluntarily without limitations on its use; or,P_9_505_4_a_1_a: Furnished voluntarily without limitations on its use,P_9_505_4_a_1,None,Atomic proposition (no transformation),VALIDATED,PASS,PASS,Declarative/definitional statement.,HIGH
9,9.505-4(a)(2),P_9_505_4_a_2,(2) Available to the Government or contractor from other sources without restriction.,P_9_505_4_a_2: Available to the Government or contractor from other sources without restriction.,P_9_505_4_a_2,None,Atomic proposition (no transformation),VALIDATED,PASS,PASS,Declarative/definitional statement.,HIGH
9,9.505-4(b),P_9_505_4_b,(b) A contractor that gains access to proprietary information of other companies in performing advisory and assistance services for the Government must agree with the other companies to protect their information from unauthorized use or disclosure for as long as it remains proprietary and refrain from using the information for any purpose other than that for which it was furnished. The contracting officer must obtain copies of these agreements and ensure that they are properly executed.,P_9_505_4_b: A contractor that gains access to proprietary information of other companies in performing advisory and assistance services for the Government must agree with the other companies to protect their information from unauthorized use or disclosure for as long as it remains proprietary and refrain from using the information for any purpose other than that for which it was furnished. The contracting officer must obtain copies of these agreements and ensure that they are properly executed.,P_9_505_4_b,None,Atomic proposition (no transformation),VALIDATED,PASS,PASS,Mandatory requirement (shall/must).,HIGH
9,9.505-4(c),P_9_505_4_c,"(c) Contractors also obtain proprietary and source selection information by acquiring the services of marketing consultants which, if used in connection with an acquisition, may give the contractor an unfair competitive advantage. Contractors should make inquiries of marketing consultants to ensure that the marketing consultant has provided no unfair competitive advantage.","P_9_505_4_c: Contractors also obtain proprietary and source selection information by acquiring the services of marketing consultants which, if used in connection with an acquisition, may give the contractor an unfair competitive advantage. Contractors should make inquiries of marketing consultants to ensure that the marketing consultant has provided no unfair competitive advantage.",P_9_505_4_c_cond ⊃ (P_9_505_4_c ∨ ~P_9_505_4_c),None,Addition (Add): Rule 8; Material Implication (Impl): Rule 15 [HIGH-RISK]; Negation (Neg): Rule 10,PENDING_REVIEW,PASS,PASS,Permissive authority (may) creates discretionary action. Conditional triggers detected: if. Material implication used [HIGH-RISK Rule 15]. Tautological structure represents unrestricted discretion.,MEDIUM
9,9.506,P_9_506,9.506 Procedures.,P_9_506: ,P_9_506 = P_9_506_a ∧ P_9_506_b ∧ P_9_506_c ∧ P_9_506_d ∧ P_9_506_e,None,Conjunction (Conj): Rule 7,VALIDATED,PASS,PASS,Declarative/definitional statement.,HIGH
9,9.506(a),P_9_506_a,"(a) If information concerning prospective contractors is necessary to identify and evaluate potential organizational conflicts of interest or to develop recommended actions, contracting officers should first seek the information from within the Government or from other readily available sources. Government sources include the files and the knowledge of personnel within the contracting office, other contracting offices, the cognizant contract administration and audit activities and offices concerned with contract financing. Non-Government sources include publications and commercial services, such as credit rating services, trade and financial journals, and business directories and registers.","P_9_506_a: If information concerning prospective contractors is necessary to identify and evaluate potential organizational conflicts of interest or to develop recommended actions, contracting officers should first seek the information from within the Government or from other readily available sources. Government sources include the files and the knowledge of personnel within the contracting office, other contracting offices, the cognizant contract administration and audit activities and offices concerned with contract financing. Non-Government sources include publications and commercial services, such as credit rating services, trade and financial journals, and business directories and registers.",P_9_506_a_cond ⊃ (P_9_506_a_a ∧ P_9_506_a_b),None,Conjunction (Conj): Rule 7; Material Implication (Impl): Rule 15 [HIGH-RISK],PENDING_REVIEW,PASS,PASS,Advisory requirement (should) - not binding. Conditional triggers detected: if. Material implication used [HIGH-RISK Rule 15].,MEDIUM
9,9.506(b),P_9_506_b,"(b) If the contracting officer decides that a particular acquisition involves a significant potential organizational conflict of interest, the contracting officer must, before issuing the solicitation, submit for approval to the chief of the contracting office (unless a higher level official is designated by the agency)—","P_9_506_b: If the contracting officer decides that a particular acquisition involves a significant potential organizational conflict of interest, the contracting officer must, before issuing the solicitation, submit for approval to the chief of the contracting office (unless a higher level official is designated by the agency)—",P_9_506_b = P_9_506_b_1 ∧ P_9_506_b_2 ∧ P_9_506_b_3,None,Conjunction (Conj): Rule 7,VALIDATED,PASS,PASS,"Mandatory requirement (shall/must). Conditional triggers detected: if, unless, before.",MEDIUM
9,9.506(b)(1),P_9_506_b_1,"(1) A written analysis, including a recommended course of action for avoiding, neutralizing, or mitigating the conflict, based on the general rules in 9.505 or on another basis not expressly stated in that section;","P_9_506_b_1: A written analysis, including a recommended course of action for avoiding, neutralizing, or mitigating the conflict, based on the general rules in 9.505 or on another basis not expressly stated in that section;",P_9_506_b_1,P_9_505,Atomic proposition (no transformation),VALIDATED,PASS,PASS,Declarative/definitional statement.,HIGH
9,9.506(b)(2),P_9_506_b_2,(2) A draft solicitation provision (see 9.507-1); and,P_9_506_b_2_a: A draft solicitation provision (see 9.507-1),P_9_506_b_2,P_9_507_1,Atomic proposition (no transformation),VALIDATED,PASS,PASS,Declarative/definitional statement.,HIGH
9,9.506(b)(3),P_9_506_b_3,"(3) If appropriate, a proposed contract clause (see 9.507-2).","P_9_506_b_3: If appropriate, a proposed contract clause (see 9.507-2).",P_9_506_b_3_cond ⊃ P_9_506_b_3,P_9_507_2,Material Implication (Impl): Rule 15 [HIGH-RISK],PENDING_REVIEW,PASS,PASS,Declarative/definitional statement. Conditional triggers detected: if. Material implication used [HIGH-RISK Rule 15].,MEDIUM
9,9.506(c),P_9_506_c,(c) The approving official must—,P_9_506_c: The approving official must—,P_9_506_c = P_9_506_c_1 ∧ P_9_506_c_2 ∧ P_9_506_c_3,None,Conjunction (Conj): Rule 7,VALIDATED,PASS,PASS,Mandatory requirement (shall/must).,HIGH
9,9.506(c)(1),P_9_506_c_1,"(1) Review the contracting officer’s analysis and recommended course of action, including the draft provision and any proposed clause;","P_9_506_c_1: Review the contracting officer’s analysis and recommended course of action, including the draft provision and any proposed clause;",P_9_506_c_1,None,Atomic proposition (no transformation),VALIDATED,PASS,PASS,Declarative/definitional statement.,HIGH
9,9.506(c)(2),P_9_506_c_2,(2) Consider the benefits and detriments to the Government and prospective contractors; and,P_9_506_c_2_a: Consider the benefits and detriments to the Government and prospective contractors,P_9_506_c_2,None,Atomic proposition (no transformation),VALIDATED,PASS,PASS,Declarative/definitional statement.,HIGH
9,9.506(c)(3),P_9_506_c_3,"(3) Approve, modify, or reject the recommendations in writing.","P_9_506_c_3: Approve, modify, or reject the recommendations in writing.",P_9_506_c_3,None,Atomic proposition (no transformation),VALIDATED,PASS,PASS,Declarative/definitional statement.,HIGH
9,9.506(d),P_9_506_d,(d) The contracting officer must—,P_9_506_d: The contracting officer must—,P_9_506_d = P_9_506_d_1 ∧ P_9_506_d_2 ∧ P_9_506_d_3,None,Conjunction (Conj): Rule 7,VALIDATED,PASS,PASS,Mandatory requirement (shall/must).,HIGH
9,9.506(d)(1),P_9_506_d_1,"(1) Include the approved provision(s) and any approved clause(s) in the solicitation or the contract, or both;","P_9_506_d_1: Include the approved provision(s) and any approved clause(s) in the solicitation or the contract, or both;",P_9_506_d_1,None,Atomic proposition (no transformation),VALIDATED,PASS,PASS,Declarative/definitional statement.,HIGH
9,9.506(d)(2),P_9_506_d_2,(2) Consider additional information provided by prospective contractors in response to the solicitation or during negotiations; and,P_9_506_d_2_a: Consider additional information provided by prospective contractors in response to the solicitation or during negotiations,P_9_506_d_2,None,Atomic proposition (no transformation),VALIDATED,PASS,PASS,Declarative/definitional statement.,HIGH
9,9.506(d)(3),P_9_506_d_3,"(3) Before awarding the contract, resolve the conflict or the potential conflict in a manner consistent with the approval or other direction by the head of the contracting activity.","P_9_506_d_3: Before awarding the contract, resolve the conflict or the potential conflict in a manner consistent with the approval or other direction by the head of the contracting activity.",P_9_506_d_3_cond ⊃ P_9_506_d_3,None,Material Implication (Impl): Rule 15 [HIGH-RISK],PENDING_REVIEW,PASS,PASS,Declarative/definitional statement. Conditional triggers detected: before. Material implication used [HIGH-RISK Rule 15].,MEDIUM
9,9.506(e),P_9_506_e,"(e) If, during the effective period of any restriction (see 9.507), a contracting office transfers acquisition responsibility for the item or system involved, it must notify the successor contracting office of the restriction, and send a copy of the contract under which the restriction was imposed.","P_9_506_e: If, during the effective period of any restriction (see 9.507), a contracting office transfers acquisition responsibility for the item or system involved, it must notify the successor contracting office of the restriction, and send a copy of the contract under which the restriction was imposed.",P_9_506_e_cond ⊃ ~(P_9_506_e_a ∧ P_9_506_e_b),P_9_507,Conjunction (Conj): Rule 7; Material Implication (Impl): Rule 15 [HIGH-RISK]; Negation (Neg): Rule 10,PENDING_REVIEW,PASS,PASS,Prohibition (shall not/do not). Conditional triggers detected: if. Material implication used [HIGH-RISK Rule 15].,MEDIUM
9,9.507,P_9_507,9.507 Solicitation provisions and contract clause.,P_9_507: 9.507 Solicitation provisions and contract clause.,P_9_507,None,Atomic proposition (no transformation),VALIDATED,PASS,PASS,Declarative/definitional statement.,HIGH
9,9.507-1,P_9_507_1,"9.507-1 Solicitation provisions. As indicated in the general rules in 9.505, significant potential organizational conflicts of interest are normally resolved by imposing some restraint, appropriate to the nature of the conflict, upon the contractor's eligibility for future contracts or subcontracts. Therefore, affected solicitations must contain a provision that—","P_9_507_1: As indicated in the general rules in 9.505, significant potential organizational conflicts of interest are normally resolved by imposing some restraint, appropriate to the nature of the conflict, upon the contractor's eligibility for future contracts or subcontracts. Therefore, affected solicitations must contain a provision that—",P_9_507_1 = P_9_507_1_a ∧ P_9_507_1_b ∧ P_9_507_1_c ∧ P_9_507_1_d,P_9_505,Conjunction (Conj): Rule 7,VALIDATED,PASS,PASS,Mandatory requirement (shall/must). Conditional triggers detected: upon.,HIGH
9,9.507-1(a),P_9_507_1_a,(a) Invites offerors’ attention to this subpart;,P_9_507_1_a: Invites offerors’ attention to this subpart;,P_9_507_1_a,None,Atomic proposition (no transformation),VALIDATED,PASS,PASS,Declarative/definitional statement.,HIGH
9,9.507-1(b),P_9_507_1_b,(b) States the nature of the potential conflict as seen by the contracting officer;,P_9_507_1_b: States the nature of the potential conflict as seen by the contracting officer;,P_9_507_1_b,None,Atomic proposition (no transformation),VALIDATED,PASS,PASS,Declarative/definitional statement.,HIGH
9,9.507-1(c),P_9_507_1_c,(c) States the nature of the proposed restraint upon future contractor activities; and,P_9_507_1_c_a: States the nature of the proposed restraint upon future contractor activities,P_9_507_1_c_cond ⊃ P_9_507_1_c,None,Material Implication (Impl): Rule 15 [HIGH-RISK],PENDING_REVIEW,PASS,PASS,Declarative/definitional statement. Conditional triggers detected: upon. Material implication used [HIGH-RISK Rule 15].,MEDIUM
9,9.507-1(d),P_9_507_1_d,"(d) Depending on the nature of the acquisition, states whether or not the terms of any proposed clause and the application of this subpart to the contract are subject to negotiation.","P_9_507_1_d: Depending on the nature of the acquisition, states whether or not the terms of any proposed clause and the application of this subpart to the contract are subject to negotiation.",P_9_507_1_d,None,Atomic proposition (no transformation),VALIDATED,PASS,PASS,Declarative/definitional statement. Conditional triggers detected: subject_to.,HIGH
9,9.507-2,P_9_507_2,9.507-2 Contract clause.,P_9_507_2: 9.507-2 Contract clause.,P_9_507_2 = P_9_507_2_a ∧ P_9_507_2_b,None,Conjunction (Conj): Rule 7,VALIDATED,PASS,PASS,Declarative/definitional statement.,HIGH
9,9.507-2(a),P_9_507_2_a,"(a) If, as a condition of award, the contractor's eligibility for future prime contract or subcontract awards will be restricted or the contractor must agree to some other restraint, the solicitation must contain a proposed clause that specifies both the nature and duration of the proposed restraint. The contracting officer must include the clause in the contract, first negotiating the clause's final terms with the successful offeror, if it is appropriate to do so (see 9.506(d)).","P_9_507_2_a: If, as a condition of award, the contractor's eligibility for future prime contract or subcontract awards will be restricted or the contractor must agree to some other restraint, the solicitation must contain a proposed clause that specifies both the nature and duration of the proposed restraint. The contracting officer must include the clause in the contract, first negotiating the clause's final terms with the successful offeror, if it is appropriate to do so (see 9.506(d)).",P_9_507_2_a_cond ⊃ P_9_507_2_a,P_9_506_d,Material Implication (Impl): Rule 15 [HIGH-RISK],PENDING_REVIEW,PASS,PASS,Mandatory requirement (shall/must). Conditional triggers detected: if. Material implication used [HIGH-RISK Rule 15].,MEDIUM
9,9.507-2(b),P_9_507_2_b,"(b) The restraint imposed by a clause must be limited to a fixed term of reasonable duration, sufficient to avoid the circumstance of unfair competitive advantage or potential bias. This period varies. It might end, for example, when the first production contract using the contractor's specifications or work statement is awarded, or it might extend through the entire life of a system for which the contractor has performed systems engineering and technical direction. In every case, the restriction must specify termination by a specific date or upon the occurrence of an identifiable event.","P_9_507_2_b: The restraint imposed by a clause must be limited to a fixed term of reasonable duration, sufficient to avoid the circumstance of unfair competitive advantage or potential bias. This period varies. It might end, for example, when the first production contract using the contractor's specifications or work statement is awarded, or it might extend through the entire life of a system for which the contractor has performed systems engineering and technical direction. In every case, the restriction must specify termination by a specific date or upon the occurrence of an identifiable event.",P_9_507_2_b_cond ⊃ P_9_507_2_b,None,Material Implication (Impl): Rule 15 [HIGH-RISK],PENDING_REVIEW,PASS,PASS,"Mandatory requirement (shall/must). Conditional triggers detected: when, upon. Material implication used [HIGH-RISK Rule 15].",MEDIUM
9,9.508,P_9_508,"9.508 Examples. The examples in paragraphs (a) through (i) of this section illustrate situations in which questions concerning organizational conflicts of interest may arise. They are not all inclusive, but are intended to help the contracting officer apply the general rules in 9.505 to individual contract situations.","P_9_508: The examples in paragraphs (a) through (i) of this section illustrate situations in which questions concerning organizational conflicts of interest may arise. They are not all inclusive, but are intended to help the contracting officer apply the general rules in 9.505 to individual contract situations.",P_9_508 = P_9_508_a ∧ P_9_508_b ∧ P_9_508_c ∧ P_9_508_d ∧ P_9_508_e ∧ P_9_508_f ∧ P_9_508_g ∧ P_9_508_h ∧ P_9_508_i,P_9_505,Conjunction (Conj): Rule 7,VALIDATED,PASS,PASS,Permissive authority (may) creates discretionary action.,MEDIUM
9,9.508(a),P_9_508_a,"(a) Company A agrees to provide systems engineering and technical direction for the Navy on the powerplant for a group of submarines (i.e., turbines, drive shafts, propellers, etc.). Company A should not be allowed to supply any powerplant components. Company A can, however, supply components of the submarine unrelated to the powerplant (e.g., fire control, navigation, etc.). In this example, the system is the powerplant, not the submarine, and the ban on supplying components is limited to those for the system only.","P_9_508_a: Company A agrees to provide systems engineering and technical direction for the Navy on the powerplant for a group of submarines (i.e., turbines, drive shafts, propellers, etc.). Company A should not be allowed to supply any powerplant components. Company A can, however, supply components of the submarine unrelated to the powerplant (e.g., fire control, navigation, etc.). In this example, the system is the powerplant, not the submarine, and the ban on supplying components is limited to those for the system only.",P_9_508_a,None,Atomic proposition (no transformation),PENDING_REVIEW,PASS,PASS,Advisory requirement (should) - not binding.,MEDIUM
9,9.508(b),P_9_508_b,"(b) Company A is the systems engineering and technical direction contractor for system X. After some progress, but before completion, the system is canceled. Later, system Y is developed to achieve the same purposes as system X, but in a fundamentally different fashion. Company B is the systems engineering and technical direction contractor for system Y. Company A may supply system Y or its components.","P_9_508_b: Company A is the systems engineering and technical direction contractor for system X. After some progress, but before completion, the system is canceled. Later, system Y is developed to achieve the same purposes as system X, but in a fundamentally different fashion. Company B is the systems engineering and technical direction contractor for system Y. Company A may supply system Y or its components.",P_9_508_b_cond ⊃ (P_9_508_b ∨ ~P_9_508_b),None,Addition (Add): Rule 8; Material Implication (Impl): Rule 15 [HIGH-RISK]; Negation (Neg): Rule 10,PENDING_REVIEW,PASS,PASS,"Permissive authority (may) creates discretionary action. Conditional triggers detected: before, after. Material implication used [HIGH-RISK Rule 15]. Tautological structure represents unrestricted discretion.",MEDIUM
9,9.508(c),P_9_508_c,"(c) Company A develops new electronic equipment and, as a result of this development, prepares specifications. Company A may supply the equipment.","P_9_508_c: Company A develops new electronic equipment and, as a result of this development, prepares specifications. Company A may supply the equipment.",P_9_508_c ∨ ~P_9_508_c,None,Addition (Add): Rule 8; Negation (Neg): Rule 10,VALIDATED,PASS,PASS,Permissive authority (may) creates discretionary action. Tautological structure represents unrestricted discretion.,MEDIUM
9,9.508(d),P_9_508_d,"(d) XYZ Tool Company and PQR Machinery Company, representing the American Tool Institute, work under Government supervision and control to refine specifications or to clarify the requirements of a specific acquisition. These companies may supply the item.","P_9_508_d: XYZ Tool Company and PQR Machinery Company, representing the American Tool Institute, work under Government supervision and control to refine specifications or to clarify the requirements of a specific acquisition. These companies may supply the item.",P_9_508_d ∨ ~P_9_508_d,None,Addition (Add): Rule 8; Negation (Neg): Rule 10,VALIDATED,PASS,PASS,Permissive authority (may) creates discretionary action. Tautological structure represents unrestricted discretion.,MEDIUM
9,9.508(e),P_9_508_e,"(e) Before an acquisition for information technology is conducted, Company A is awarded a contract to prepare data system specifications and equipment performance criteria to be used as the basis for the equipment competition. Since the specifications are the basis for selection of commercial hardware, a potential conflict of interest exists. Company A should be excluded from the initial follow-on information technology hardware acquisition.","P_9_508_e: Before an acquisition for information technology is conducted, Company A is awarded a contract to prepare data system specifications and equipment performance criteria to be used as the basis for the equipment competition. Since the specifications are the basis for selection of commercial hardware, a potential conflict of interest exists. Company A should be excluded from the initial follow-on information technology hardware acquisition.",P_9_508_e_cond ⊃ P_9_508_e,None,Material Implication (Impl): Rule 15 [HIGH-RISK],PENDING_REVIEW,PASS,PASS,Advisory requirement (should) - not binding. Conditional triggers detected: before. Material implication used [HIGH-RISK Rule 15].,MEDIUM
9,9.508(f),P_9_508_f,"(f) Company A receives a contract to define the detailed performance characteristics an agency will require for purchasing rocket fuels. Company A has not developed the particular fuels. When the definition contract is awarded, it is clear to both parties that the agency will use the performance characteristics arrived at to choose competitively a contractor to develop or produce the fuels. Company A may not be awarded this follow-on contract.","P_9_508_f: Company A receives a contract to define the detailed performance characteristics an agency will require for purchasing rocket fuels. Company A has not developed the particular fuels. When the definition contract is awarded, it is clear to both parties that the agency will use the performance characteristics arrived at to choose competitively a contractor to develop or produce the fuels. Company A may not be awarded this follow-on contract.",~P_9_508_f,None,Negation (Neg): Rule 10,VALIDATED,PASS,PASS,Prohibition (shall not/do not). Conditional triggers detected: when.,HIGH
9,9.508(g),P_9_508_g,(g) Company A receives a contract to prepare a detailed plan for scientific and technical training of an agency’s personnel. It suggests a curriculum that the agency endorses and incorporates in its request for proposals to institutions to establish and conduct the training. Company A may not be awarded a contract to conduct the training.,P_9_508_g: Company A receives a contract to prepare a detailed plan for scientific and technical training of an agency’s personnel. It suggests a curriculum that the agency endorses and incorporates in its request for proposals to institutions to establish and conduct the training. Company A may not be awarded a contract to conduct the training.,~P_9_508_g,None,Negation (Neg): Rule 10,VALIDATED,PASS,PASS,Prohibition (shall not/do not).,HIGH
9,9.508(h),P_9_508_h,(h) Company A is selected to study the use of lasers in communications. The agency intends to ask that firms doing research in the field make proprietary information available to Company A. The contract must require Company A to—,P_9_508_h: Company A is selected to study the use of lasers in communications. The agency intends to ask that firms doing research in the field make proprietary information available to Company A. The contract must require Company A to—,P_9_508_h = P_9_508_h_1 ∧ P_9_508_h_2,None,Conjunction (Conj): Rule 7,VALIDATED,PASS,PASS,Mandatory requirement (shall/must).,HIGH
9,9.508(h)(1),P_9_508_h_1,(1) Enter into agreements with these firms to protect any proprietary information they provide; and,P_9_508_h_1_a: Enter into agreements with these firms to protect any proprietary information they provide,P_9_508_h_1,None,Atomic proposition (no transformation),VALIDATED,PASS,PASS,Declarative/definitional statement.,HIGH
9,9.508(h)(2),P_9_508_h_2,(2) Refrain from using the information in supplying lasers to the Government or for any purpose other than that for which it was intended.,P_9_508_h_2: Refrain from using the information in supplying lasers to the Government or for any purpose other than that for which it was intended.,P_9_508_h_2,None,Atomic proposition (no transformation),VALIDATED,PASS,PASS,Declarative/definitional statement.,HIGH
9,9.508(i),P_9_508_i,(i) An agency that regulates an industry wishes to develop a system for evaluating and processing license applications. Contractor X helps develop the system and process the applications. Contractor X should be prohibited from acting as a consultant to any of the applicants during its period of performance and for a reasonable period thereafter.,P_9_508_i: An agency that regulates an industry wishes to develop a system for evaluating and processing license applications. Contractor X helps develop the system and process the applications. Contractor X should be prohibited from acting as a consultant to any of the applicants during its period of performance and for a reasonable period thereafter.,P_9_508_i,None,Atomic proposition (no transformation),PENDING_REVIEW,PASS,PASS,Advisory requirement (should) - not binding.,MEDIUM
