RFO_Part,Section_Number,Propositional_ID,Natural_Language,Atomic_Propositions,Formal_Logic_Statement,Dependencies,Justification_Rules,Validation_Status,Logical_Check,Real_World_Check,Validation_Notes,Confidence_Level
47,47.000,P_47_000,"This part describes policies and procedures for (1) applying transportation and traffic management considerations in the acquisition of supplies and (2) acquiring transportation or transportation-related services by contract methods other than bills of lading, transportation requests, transportation warrants, and similar transportation forms.",P_47_000: Part 47 describes policies and procedures for transportation in acquisition,P_47_000 = P_47_000_a ∧ P_47_000_b,None,Conjunction (Conj): Rule 7,VALIDATED,PASS,PASS,Parent proposition for Part 47 scope. Two main purposes of the part are conjunctively required.,HIGH
47,47.000(a),P_47_000_a,This part describes policies and procedures for applying transportation and traffic management considerations.,P_47_000_a: Part describes policies and procedures for transportation,P_47_000_a = P_47_000_a_1 ∧ P_47_000_a_2,None,Conjunction (Conj): Rule 7,VALIDATED,PASS,PASS,Parent of (a)(1) and (a)(2). Both scope elements are conjunctive.,HIGH
47,47.000(a)(1),P_47_000_a_1,Applying transportation and traffic management considerations in the acquisition of supplies.,P_47_000_a_1: This part covers applying transportation and traffic management considerations in acquisition of supplies,P_47_000_a_1,None,N/A (atomic statement),VALIDATED,PASS,PASS,Atomic scope statement. Identifies first purpose of Part 47.,HIGH
47,47.000(a)(2),P_47_000_a_2,"Acquiring transportation or transportation-related services by contract methods other than bills of lading, transportation requests, transportation warrants, and similar transportation forms.",P_47_000_a_2: This part covers acquiring transportation services by contract methods other than bills of lading and similar forms,P_47_000_a_2,None,N/A (atomic statement),VALIDATED,PASS,PASS,Atomic scope statement. Identifies second purpose of Part 47. Excludes bill of lading acquisitions from coverage.,HIGH
47,47.000(b),P_47_000_b,"Acquire transportation and transportation services either subject to the FAR or using the bill of lading as the contract under 49 U.S.C. 10721 or 49 U.S.C. 13712. The FAR does not regulate acquisition when the bill of lading is the contract, but section 47.104 provides guidance.",P_47_000_b_a: Transportation acquired subject to FAR or using bill of lading under 49 U.S.C. 10721 or 13712; P_47_000_b_b: FAR does not regulate acquisition when bill of lading is the contract; P_47_000_b_c: Section 47.104 provides guidance on bill of lading method,(P_47_000_b_a) ∧ (P_47_000_b_b ∧ P_47_000_b_c),P_47_104,Conjunction (Conj): Rule 7,VALIDATED,PASS,PASS,Disjunctive acquisition method (FAR or bill of lading) combined with conjunctive guidance statement.,HIGH
47,47.001,P_47_001,Definitions used in this part.,P_47_001: Part 47 definitions apply as used in this part,P_47_001 = P_47_001_BOL ∧ P_47_001_CBL ∧ P_47_001_GBL ∧ P_47_001_carrier ∧ P_47_001_common_carrier ∧ P_47_001_contract_carrier ∧ P_47_001_GRT ∧ P_47_001_HHG ∧ P_47_001_noncontiguous ∧ P_47_001_released_value,None,Conjunction (Conj): Rule 7,VALIDATED,PASS,PASS,Parent proposition for all definitions in 47.001.,HIGH
47,47.001_BOL,P_47_001_BOL,"Bill of lading means a transportation document, used as a receipt of goods, as documentary evidence of title, for clearing customs, and generally used as a contract of carriage.",P_47_001_BOL_a: Bill of lading is a transportation document; P_47_001_BOL_b: Used as receipt of goods; P_47_001_BOL_c: Documentary evidence of title; P_47_001_BOL_d: Used for clearing customs; P_47_001_BOL_e: Generally used as contract of carriage,P_47_001_BOL = P_47_001_BOL_a ∧ P_47_001_BOL_b ∧ P_47_001_BOL_c ∧ P_47_001_BOL_d ∧ P_47_001_BOL_e,None,Conjunction (Conj): Rule 7,VALIDATED,PASS,PASS,Definitional proposition. All elements are conjunctive attributes of a bill of lading.,HIGH
47,47.001_CBL,P_47_001_CBL,"Commercial bill of lading (CBL), unlike the Government bill of lading, is not an accountable transportation document.",P_47_001_CBL: CBL is not an accountable transportation document,~P_47_001_CBL_accountable,None,Negation (Neg): Rule 10,VALIDATED,PASS,PASS,Definitional negation. CBL distinguished from GBL by lack of accountability.,HIGH
47,47.001_GBL,P_47_001_GBL,"Government bill of lading (GBL) is an accountable transportation document, authorized and prepared by a Government official.",P_47_001_GBL_a: GBL is an accountable transportation document; P_47_001_GBL_b: GBL is authorized and prepared by a Government official,P_47_001_GBL = P_47_001_GBL_a ∧ P_47_001_GBL_b,None,Conjunction (Conj): Rule 7,VALIDATED,PASS,PASS,Definitional conjunction. Two mandatory attributes of a GBL.,HIGH
47,47.001_carrier,P_47_001_carrier,Carrier or commercial carrier means a common carrier or a contract carrier.,P_47_001_carrier_a: Entity is a common carrier; P_47_001_carrier_b: Entity is a contract carrier,P_47_001_carrier = P_47_001_carrier_a ∨ P_47_001_carrier_b,None,Disjunction (Disj): Rule 8,VALIDATED,PASS,PASS,Definitional disjunction. Carrier is either common or contract carrier.,HIGH
47,47.001_common_carrier,P_47_001_common_carrier,Common carrier means a person holding itself out to the general public to provide transportation for compensation.,P_47_001_common_carrier: Common carrier is a person providing transportation to general public for compensation,P_47_001_common_carrier,None,N/A (atomic definition),VALIDATED,PASS,PASS,Atomic definitional statement.,HIGH
47,47.001_contract_carrier,P_47_001_contract_carrier,Contract carrier means a person providing transportation for compensation under continuing agreements with one person or a limited number of persons.,P_47_001_contract_carrier: Contract carrier provides transportation for compensation under continuing agreements with limited persons,P_47_001_contract_carrier,None,N/A (atomic definition),VALIDATED,PASS,PASS,Atomic definitional statement. Distinguished from common carrier by limited clientele.,HIGH
47,47.001_GRT,P_47_001_GRT,Government rate tender under 49 U.S.C. 10721 and 13712 means an offer by a common carrier to the United States at a rate below the regulated rate offered to the general public.,P_47_001_GRT_a: Offer by common carrier to United States; P_47_001_GRT_b: Rate below regulated rate offered to general public,P_47_001_GRT = P_47_001_GRT_a ∧ P_47_001_GRT_b,None,Conjunction (Conj): Rule 7,VALIDATED,PASS,PASS,Definitional conjunction. Both elements required.,HIGH
47,47.001_HHG,P_47_001_HHG,"Household goods in accordance with 49 U.S.C. 13102 means personal effects and property used or to be used in a dwelling, when a part of the equipment or supply of such dwelling, and similar property if the transportation is arranged and paid for by the householder or another party.",P_47_001_HHG_a: Goods are personal effects and property used in a dwelling; P_47_001_HHG_b: Goods are part of equipment or supply of dwelling; P_47_001_HHG_c: Transportation arranged and paid for by householder or another party,P_47_001_HHG = P_47_001_HHG_a ∧ P_47_001_HHG_b ∧ P_47_001_HHG_c,None,Conjunction (Conj): Rule 7,VALIDATED,PASS,PASS,Definitional conjunction referencing 49 U.S.C. 13102. All conditions must be met.,HIGH
47,47.001_noncontiguous,P_47_001_noncontiguous,"Noncontiguous domestic trade means transportation (except bulk cargo, forest products, recycled metal scrap, waste paper, and paper waste) subject to Surface Transportation Board regulation involving traffic originating in or destined to Alaska, Hawaii, or a U.S. territory or possession.","P_47_001_noncontiguous_a: Transportation subject to STB regulation; P_47_001_noncontiguous_b: Traffic originates in or destined to Alaska, Hawaii, or U.S. territory; P_47_001_noncontiguous_c: Excludes bulk cargo, forest products, recycled metal scrap, waste paper, paper waste",P_47_001_noncontiguous = P_47_001_noncontiguous_a ∧ P_47_001_noncontiguous_b ∧ ~P_47_001_noncontiguous_c,None,Conjunction (Conj): Rule 7; Negation (Neg): Rule 10,VALIDATED,PASS,PASS,Definitional conjunction with exclusion.,HIGH
47,47.001_released_value,P_47_001_released_value,"Released or declared value means the assigned value of the cargo for reimbursement purposes, not necessarily the actual value. Released value is the maximum amount recoverable by the agency for loss or damage.",P_47_001_released_value_a: Assigned value for reimbursement purposes; P_47_001_released_value_b: May differ from actual value; P_47_001_released_value_c: Maximum recoverable amount for loss or damage,P_47_001_released_value = P_47_001_released_value_a ∧ P_47_001_released_value_b ∧ P_47_001_released_value_c,None,Conjunction (Conj): Rule 7,VALIDATED,PASS,PASS,Definitional conjunction. Three attributes define released/declared value.,HIGH
47,47.002,P_47_002,All Government personnel concerned with the following activities must follow this part as applicable.,P_47_002: All Government personnel concerned with specified activities must follow Part 47,P_47_002 = P_47_002_a ∧ P_47_002_b ∧ P_47_002_c ∧ P_47_002_d ∧ P_47_002_e,None,Conjunction (Conj): Rule 7,VALIDATED,PASS,PASS,Parent proposition. Mandatory requirement applies to all Government personnel for five activity categories.,HIGH
47,47.002(a),P_47_002_a,Acquisition of supplies.,P_47_002_a: Government personnel concerned with acquisition of supplies must follow this part,P_47_002_a,None,N/A (atomic),VALIDATED,PASS,PASS,Atomic applicability statement.,HIGH
47,47.002(b),P_47_002_b,Acquisition of transportation and transportation-related services.,P_47_002_b: Government personnel concerned with acquisition of transportation services must follow this part,P_47_002_b,None,N/A (atomic),VALIDATED,PASS,PASS,Atomic applicability statement.,HIGH
47,47.002(c),P_47_002_c,Transportation assistance and traffic management.,P_47_002_c: Government personnel concerned with transportation assistance must follow this part,P_47_002_c,None,N/A (atomic),VALIDATED,PASS,PASS,Atomic applicability statement.,HIGH
47,47.002(d),P_47_002_d,"Administration of transportation contracts, transportation-related services, and other contracts that involve transportation.",P_47_002_d: Government personnel concerned with administration of transportation contracts must follow this part,P_47_002_d,None,N/A (atomic),VALIDATED,PASS,PASS,Atomic applicability statement.,HIGH
47,47.002(e),P_47_002_e,"Entering into and administering contracts under which payments are made from Government funds for (1) transportation of supplies, (2) transportation-related services, or (3) transportation of contractor personnel and their personal belongings.",P_47_002_e_1: Contracts for transportation of supplies; P_47_002_e_2: Contracts for transportation-related services; P_47_002_e_3: Contracts for transportation of contractor personnel and belongings,P_47_002_e = P_47_002_e_1 ∨ P_47_002_e_2 ∨ P_47_002_e_3,None,Disjunction (Disj): Rule 8,VALIDATED,PASS,PASS,Disjunctive scope. Any of three contract types triggers applicability.,HIGH
47,47.101,P_47_101,Policies for transportation.,P_47_101: Transportation policies,P_47_101 = P_47_101_a ∧ P_47_101_b ∧ P_47_101_c ∧ P_47_101_d ∧ P_47_101_e ∧ P_47_101_f,None,Conjunction (Conj): Rule 7,VALIDATED,PASS,PASS,Parent proposition for all transportation policies in 47.101.,HIGH
47,47.101(a),P_47_101_a,"For domestic shipments, authorize shipments on commercial bills of lading (CBLs). Government bills of lading (GBLs) may be used for international or noncontiguous domestic trade shipments or when otherwise authorized.","P_47_101_a_1: For domestic shipments, authorize CBLs; P_47_101_a_2: GBLs may be used for international or noncontiguous domestic trade; P_47_101_a_3: GBLs may be used when otherwise authorized",P_47_101_a_1 ∧ ((P_47_101_a_2 ∨ P_47_101_a_3) ⊃ (P_47_101_a_GBL ∨ ~P_47_101_a_GBL)),None,Conjunction (Conj): Rule 7; Material Implication (Impl): Rule 15 [HIGH-RISK]; Tautology (Taut): Rule 18,PENDING_REVIEW,PASS,PASS,Mandatory CBL for domestic combined with permissive GBL for international/noncontiguous. May creates discretionary authority. HIGH-RISK due to Rule 15.,MEDIUM
47,47.101(b),P_47_101_b,The contract administration office (CAO) must ensure that instructions to contractors result in the most efficient and economical use of transportation services and equipment. Transportation personnel will assist and provide expertise to the CAO.,P_47_101_b_a: CAO must ensure efficient and economical use of transportation; P_47_101_b_b: Transportation personnel will assist CAO,P_47_101_b = P_47_101_b_a ∧ P_47_101_b_b,None,Conjunction (Conj): Rule 7,VALIDATED,PASS,PASS,Mandatory requirement on CAO combined with declarative assistance statement.,HIGH
47,47.101(c),P_47_101_c,"Obtain traffic management advice and assistance when considering transportation factors required for solicitations and awards, contract administration, modification, and termination, and transportation of property to and from contractors plants.",P_47_101_c_a: Obtain advice for solicitations and awards; P_47_101_c_b: Obtain advice for contract admin/mod/termination; P_47_101_c_c: Obtain advice for transportation of property to/from contractors,P_47_101_c = P_47_101_c_a ∧ P_47_101_c_b ∧ P_47_101_c_c,None,Conjunction (Conj): Rule 7,VALIDATED,PASS,PASS,Conjunctive requirement. All three situations require traffic management advice.,HIGH
47,47.101(d),P_47_101_d,Preferred method is commercial carriers; Government vehicles may be used under specified conditions.,P_47_101_d: Government transportation policy,P_47_101_d = P_47_101_d_1 ∧ P_47_101_d_2,None,Conjunction (Conj): Rule 7,VALIDATED,PASS,PASS,Parent for (d)(1) and (d)(2).,HIGH
47,47.101(d)(1),P_47_101_d_1,"The preferred method of transporting supplies is by commercial carriers. However, Government vehicles may be used if (i) available and not fully utilized, (ii) use results in substantial economies, and (iii) use complies with all applicable statutes, agency policies and regulations.",P_47_101_d_1_a: Preferred method is commercial carriers; P_47_101_d_1_b: Government vehicles available and not fully utilized; P_47_101_d_1_c: Use results in substantial economies; P_47_101_d_1_d: Use complies with statutes and regulations; P_47_101_d_1_e: Government vehicles may be used,P_47_101_d_1_a ∧ ((P_47_101_d_1_b ∧ P_47_101_d_1_c ∧ P_47_101_d_1_d) ⊃ (P_47_101_d_1_e ∨ ~P_47_101_d_1_e)),None,Conjunction (Conj): Rule 7; Material Implication (Impl): Rule 15 [HIGH-RISK]; Tautology (Taut): Rule 18,PENDING_REVIEW,PASS,PASS,Complex: mandatory commercial preference with permissive Government vehicle exception requiring three conjunctive conditions. May creates tautological consequent. HIGH-RISK due to Rule 15.,MEDIUM
47,47.101(d)(2),P_47_101_d_2,"If the three circumstances in (d)(1) apply, Government vehicles may be used for local transportation between installations, pickup/delivery not performed by commercial carriers, emergency supply transport, and program objectives not attainable by commercial carriers.",P_47_101_d_2_a: Three circumstances in (d)(1) apply; P_47_101_d_2_b: Local transportation between installations; P_47_101_d_2_c: Pickup/delivery not performed commercially; P_47_101_d_2_d: Emergency supply transport; P_47_101_d_2_e: Program objectives not attainable commercially,P_47_101_d_2_a ⊃ (P_47_101_d_2_b ∨ P_47_101_d_2_c ∨ P_47_101_d_2_d ∨ P_47_101_d_2_e),P_47_101_d_1,Material Implication (Impl): Rule 15 [HIGH-RISK]; Disjunction (Disj): Rule 8,PENDING_REVIEW,PASS,PASS,"Conditional with disjunctive consequent. If conditions from (d)(1) met, any of four purposes allowed. Non-exhaustive list. HIGH-RISK due to Rule 15.",MEDIUM
47,47.101(e),P_47_101_e,Agencies must not accord preferential treatment to any mode of transportation or to any particular carrier either in awarding or administering contracts for acquisition of supplies or in awarding contracts for acquisition of transportation.,P_47_101_e_a: No preferential treatment to any mode; P_47_101_e_b: No preferential treatment to any carrier; P_47_101_e_c: Applies to supply contract awarding/administration; P_47_101_e_d: Applies to transportation contract awarding,(P_47_101_e_c ∨ P_47_101_e_d) ⊃ (~P_47_101_e_a ∧ ~P_47_101_e_b),None,Material Implication (Impl): Rule 15 [HIGH-RISK]; Negation (Neg): Rule 10; Conjunction (Conj): Rule 7,PENDING_REVIEW,PASS,PASS,Mandatory prohibition. Must not creates negative requirement. Both mode and carrier neutrality required. HIGH-RISK due to Rule 15.,MEDIUM
47,47.101(f),P_47_101_f,"When a contract specifies delivery f.o.b. origin with Government-paid transportation, the contractor must make shipments on bills of lading or other SDDC-prescribed documents, at the direction of or furnished by the CAO or transportation office.",P_47_101_f_a: Contract specifies f.o.b. origin with Government-paid transport; P_47_101_f_b: Contractor uses bills of lading; P_47_101_f_c: Contractor uses SDDC-prescribed documents for seavan containers; P_47_101_f_d: At direction of or furnished by CAO or transportation office,P_47_101_f_a ⊃ ((P_47_101_f_b ∨ P_47_101_f_c) ∧ P_47_101_f_d),None,Material Implication (Impl): Rule 15 [HIGH-RISK]; Disjunction (Disj): Rule 8; Conjunction (Conj): Rule 7,PENDING_REVIEW,PASS,PASS,Conditional requirement. F.o.b. origin with Government-paid transport triggers mandatory BOL or SDDC document use under CAO direction. HIGH-RISK due to Rule 15.,MEDIUM
47,47.103,P_47_103,Transportation payment and audit regulation.,P_47_103: Transportation payment and audit requirements,P_47_103 = P_47_103_1 ∧ P_47_103_2,None,Conjunction (Conj): Rule 7,VALIDATED,PASS,PASS,Parent proposition for 47.103-1 and 47.103-2.,HIGH
47,47.103-1,P_47_103_1,31 U.S.C. 3726 requires all agencies to establish a prepayment audit program. For details see 41 CFR part 102-118.,P_47_103_1_a: 31 U.S.C. 3726 requires all agencies to establish prepayment audit program; P_47_103_1_b: Implementation details in 41 CFR part 102-118,P_47_103_1 = P_47_103_1_a ∧ P_47_103_1_b,None,Conjunction (Conj): Rule 7,VALIDATED,PASS,PASS,Mandatory statutory requirement combined with implementation cross-reference.,HIGH
47,47.103-2,P_47_103_2,"Complete and insert the clause at 52.247-67, Submission of Transportation Documents for Audit, in solicitations and contracts when a cost-reimbursement contract is contemplated and the contract or first-tier subcontract will authorize reimbursement of transportation as a direct charge.",P_47_103_2_a: Cost-reimbursement contract contemplated; P_47_103_2_b: Contract or first-tier subcontract authorizes transportation reimbursement as direct charge; P_47_103_2_c: Insert clause at 52.247-67,(P_47_103_2_a ∧ P_47_103_2_b) ⊃ P_47_103_2_c,None,Material Implication (Impl): Rule 15 [HIGH-RISK]; Conjunction (Conj): Rule 7,PENDING_REVIEW,PASS,PASS,Conditional clause prescription. Both conditions must be met to trigger mandatory insertion. HIGH-RISK due to Rule 15.,MEDIUM
47,47.104,P_47_104,Government rate tenders under sections 10721 and 13712 of the Interstate Commerce Act (49 U.S.C. 10721 and 13712).,P_47_104: Government rate tender requirements,P_47_104 = P_47_104_a ∧ P_47_104_b ∧ P_47_104_1 ∧ P_47_104_2 ∧ P_47_104_3 ∧ P_47_104_4 ∧ P_47_104_5,None,Conjunction (Conj): Rule 7,VALIDATED,PASS,PASS,Parent proposition for Government rate tender section and all subsections.,HIGH
47,47.104(a),P_47_104_a,"This section explains statutory authority for common carriers subject to STB jurisdiction (motor, water, freight forwarder, rail) to offer transport for the account of the United States without charge or at a rate reduced from the applicable commercial rate via Government rate tenders.",P_47_104_a: Common carriers subject to STB may offer reduced rates to United States via Government rate tenders,P_47_104_a,None,N/A (explanatory statement),VALIDATED,PASS,PASS,Explanatory atomic statement describing statutory authority. No operative requirement.,HIGH
47,47.104(b),P_47_104_b,"Reduced rates in Government rate tenders are authorized for transportation provided by a rail carrier, for movement of household goods, and for movement by or with a water carrier in noncontiguous domestic trade.",P_47_104_b_1: Reduced rates authorized for rail carrier transportation; P_47_104_b_2: Reduced rates authorized for household goods movement; P_47_104_b_3: Reduced rates authorized for water carrier in noncontiguous domestic trade,P_47_104_b = P_47_104_b_1 ∨ P_47_104_b_2 ∨ P_47_104_b_3,None,Disjunction (Disj): Rule 8,VALIDATED,PASS,PASS,Disjunctive authorization. Reduced rates apply to any of three categories independently.,HIGH
47,47.104-1,P_47_104_1,Government rate tender procedures.,P_47_104_1: Government rate tender procedures,P_47_104_1 = P_47_104_1_a ∧ P_47_104_1_b,None,Conjunction (Conj): Rule 7,VALIDATED,PASS,PASS,Parent proposition for rate tender procedures.,HIGH
47,47.104-1(a),P_47_104_1_a,49 U.S.C. 10721 and 13712 rates are published in Government rate tenders and apply to shipments moving for the account of the Government on (1) CBLs endorsed to show Government assignment and reimbursement of charges and (2) Government bills of lading.,P_47_104_1_a_1: Rates apply on CBLs endorsed for Government assignment and reimbursement; P_47_104_1_a_2: Rates apply on Government bills of lading,P_47_104_1_a = P_47_104_1_a_1 ∨ P_47_104_1_a_2,[EXTERNAL 49 U.S.C.],Disjunction (Disj): Rule 8,VALIDATED,PASS,PASS,Rates apply on either endorsed CBLs or GBLs. Disjunctive applicability.,HIGH
47,47.104-1(b),P_47_104_1_b,Agencies may negotiate with carriers for additional or revised 49 U.S.C. 10721 and 13712 rates. Only personnel authorized under agency procedures may negotiate such rates.,P_47_104_1_b_a: Agencies may negotiate additional or revised rates; P_47_104_1_b_b: Only authorized personnel may negotiate rates,(P_47_104_1_b_a ∨ ~P_47_104_1_b_a) ∧ P_47_104_1_b_b,None,Tautology (Taut): Rule 18; Conjunction (Conj): Rule 7,PENDING_REVIEW,PASS,PASS,Permissive authority (may) for negotiation combined with mandatory personnel restriction. May creates tautological discretion; restriction on who may negotiate is mandatory.,MEDIUM
47,47.104-2,P_47_104_2,Fixed-price contracts and rate applicability.,P_47_104_2: Fixed-price contract rate rules,P_47_104_2 = P_47_104_2_a ∧ P_47_104_2_b,None,Conjunction (Conj): Rule 7,VALIDATED,PASS,PASS,Parent for f.o.b. destination and f.o.b. origin fixed-price rules.,HIGH
47,47.104-2(a),P_47_104_2_a,F.o.b. destination. 49 U.S.C. 10721 and 13712 rates do not apply to shipments under fixed-price f.o.b. destination contracts (delivered price).,P_47_104_2_a: Rates do not apply to fixed-price f.o.b. destination contracts,~P_47_104_2_a_rates_apply,None,Negation (Neg): Rule 10,VALIDATED,PASS,PASS,Negative statement. Government rates explicitly excluded from f.o.b. destination fixed-price contracts.,HIGH
47,47.104-2(b),P_47_104_2_b,F.o.b. origin. The CO may occasionally require the contractor to prepay freight charges. Contractor must use a CBL and invoice transportation cost as a separate item. The clause at 52.247-1 ensures the Government obtains the benefit of reduced rates.,P_47_104_2_b_a: CO may require contractor to prepay freight; P_47_104_2_b_b: Contractor must use CBL; P_47_104_2_b_c: Contractor must invoice transportation cost separately; P_47_104_2_b_d: Clause at 52.247-1 ensures Government benefit of reduced rates,(P_47_104_2_b_a ∨ ~P_47_104_2_b_a) ∧ (P_47_104_2_b_a ⊃ (P_47_104_2_b_b ∧ P_47_104_2_b_c ∧ P_47_104_2_b_d)),None,Tautology (Taut): Rule 18; Material Implication (Impl): Rule 15 [HIGH-RISK]; Conjunction (Conj): Rule 7,PENDING_REVIEW,PASS,PASS,"Permissive authority for CO to require prepayment, with mandatory requirements if prepayment is required. HIGH-RISK due to Rule 15.",MEDIUM
47,47.104-3,P_47_104_3,Cost-reimbursement contracts and rate applicability.,P_47_104_3: Cost-reimbursement contract rate rules,P_47_104_3 = P_47_104_3_a ∧ P_47_104_3_b ∧ P_47_104_3_c ∧ P_47_104_3_d,None,Conjunction (Conj): Rule 7,VALIDATED,PASS,PASS,Parent for cost-reimbursement rate applicability subsections.,HIGH
47,47.104-3(a),P_47_104_3_a,"49 U.S.C. 10721 and 13712 rates may apply to shipments other than Government shipments if the total benefit accrues to the Government (i.e., Government pays or reimburses freight charges). Rates may apply to CBL shipments in cost-reimbursement contracts where transportation costs are direct and allowable under Part 31.",P_47_104_3_a_1: Total benefit of reduced rates accrues to Government; P_47_104_3_a_2: Rates may apply to CBL shipments in cost-reimbursement contracts; P_47_104_3_a_3: Transportation costs are direct and allowable under Part 31,P_47_104_3_a_1 ⊃ (P_47_104_3_a_2 ∨ ~P_47_104_3_a_2),[EXTERNAL 49 U.S.C.]; [EXTERNAL Part 31],Material Implication (Impl): Rule 15 [HIGH-RISK]; Tautology (Taut): Rule 18,PENDING_REVIEW,PASS,PASS,"Conditional permissive. If total benefit accrues to Government, rates may apply. May creates discretionary tautology. HIGH-RISK due to Rule 15.",MEDIUM
47,47.104-3(b),P_47_104_3_b,"49 U.S.C. 10721 and 13712 rates may apply to household goods and personal effects of contractor employees relocated for Government convenience and direction, with total transportation costs reimbursed by Government.",P_47_104_3_b_1: Contractor employees relocated for Government convenience and direction; P_47_104_3_b_2: Total transportation costs reimbursed by Government; P_47_104_3_b_3: Rates may apply to household goods and personal effects,(P_47_104_3_b_1 ∧ P_47_104_3_b_2) ⊃ (P_47_104_3_b_3 ∨ ~P_47_104_3_b_3),None,Material Implication (Impl): Rule 15 [HIGH-RISK]; Conjunction (Conj): Rule 7; Tautology (Taut): Rule 18,PENDING_REVIEW,PASS,PASS,Conditional permissive. Both relocation conditions must be met for rates to potentially apply. May creates tautological discretion. HIGH-RISK due to Rule 15.,MEDIUM
47,47.104-3(c),P_47_104_3_c,"The clause at 52.247-1, Commercial Bill of Lading Notations, ensures that the Government receives the benefit of lower 49 U.S.C. 10721 and 13712 rates in cost-reimbursement contracts as described in paragraphs (a) and (b).",P_47_104_3_c: Clause at 52.247-1 ensures Government receives benefit of lower rates in cost-reimbursement contracts,P_47_104_3_c,[EXTERNAL 49 U.S.C.],N/A (declarative statement),VALIDATED,PASS,PASS,Declarative statement explaining purpose of clause 52.247-1 in cost-reimbursement context.,HIGH
47,47.104-3(d),P_47_104_3_d,"Contracting officers must (1) include in contracts a statement requiring the contractor to use carriers offering acceptable service at reduced rates if available, and (2) ensure contractors receive the name and location of the transportation officer designated to furnish support when using Government rate tenders.",P_47_104_3_d_1: Include contract statement requiring use of carriers with reduced rates; P_47_104_3_d_2: Ensure contractors receive transportation officer information,P_47_104_3_d = P_47_104_3_d_1 ∧ P_47_104_3_d_2,None,Conjunction (Conj): Rule 7,VALIDATED,PASS,PASS,Mandatory conjunctive requirement. COs must do both actions.,HIGH
47,47.104-4,P_47_104_4,Contract clause for commercial bill of lading notations.,P_47_104_4: Clause prescription for 52.247-1,P_47_104_4 = P_47_104_4_a ∧ P_47_104_4_b,None,Conjunction (Conj): Rule 7,VALIDATED,PASS,PASS,Parent for clause insertion requirements.,HIGH
47,47.104-4(a),P_47_104_4_a,"To ensure application of 49 U.S.C. 10721 and 13712 rates, where authorized, insert the clause at 52.247-1 in solicitations and contracts when the contracts will be (1) cost-reimbursement contracts including those involving household goods movement, or (2) fixed-price f.o.b. origin contracts other than those at or below the SAT.",P_47_104_4_a_1: Contract is cost-reimbursement (including household goods); P_47_104_4_a_2: Contract is fixed-price f.o.b. origin above SAT; P_47_104_4_a_3: Insert clause at 52.247-1,(P_47_104_4_a_1 ∨ P_47_104_4_a_2) ⊃ P_47_104_4_a_3,[EXTERNAL 49 U.S.C.],Material Implication (Impl): Rule 15 [HIGH-RISK]; Disjunction (Disj): Rule 8,PENDING_REVIEW,PASS,PASS,Conditional clause prescription. Either contract type triggers mandatory clause insertion. HIGH-RISK due to Rule 15.,MEDIUM
47,47.104-4(b),P_47_104_4_b,The contracting officer may insert the clause at 52.247-1 in solicitations and contracts made at or below the simplified acquisition threshold when the delivery terms will be f.o.b. origin.,P_47_104_4_b_1: Contract at or below SAT; P_47_104_4_b_2: Delivery terms are f.o.b. origin; P_47_104_4_b_3: CO inserts clause at 52.247-1,(P_47_104_4_b_1 ∧ P_47_104_4_b_2) ⊃ (P_47_104_4_b_3 ∨ ~P_47_104_4_b_3),None,Material Implication (Impl): Rule 15 [HIGH-RISK]; Conjunction (Conj): Rule 7; Tautology (Taut): Rule 18,PENDING_REVIEW,PASS,PASS,"Permissive authority. When both conditions met, CO has discretion to insert clause. May creates tautological consequent. HIGH-RISK due to Rule 15.",MEDIUM
47,47.104-5,P_47_104_5,"When 49 U.S.C. 10721 and 13712 rates apply, transportation offices or contractors, as appropriate, must identify the applicable Government rate tender by endorsement on bills of lading.",P_47_104_5_a: 49 U.S.C. 10721 and 13712 rates apply; P_47_104_5_b: Transportation offices or contractors must identify applicable Government rate tender by endorsement on bills of lading,P_47_104_5_a ⊃ P_47_104_5_b,None,Material Implication (Impl): Rule 15 [HIGH-RISK],PENDING_REVIEW,PASS,PASS,"Conditional mandatory requirement. When rates apply, endorsement on BOLs is required. HIGH-RISK due to Rule 15.",MEDIUM
47,47.200,P_47_200,Scope of subpart 47.2.,P_47_200: Scope of Subpart 47.2,P_47_200 = P_47_200_a ∧ P_47_200_b ∧ P_47_200_c ∧ P_47_200_d,None,Conjunction (Conj): Rule 7,VALIDATED,PASS,PASS,Parent proposition for subpart scope.,HIGH
47,47.200(a),P_47_200_a,"This subpart describes procedures for acquisition by sealed bid or negotiated contracts of (1) freight transportation from rail, motor, domestic water carriers, and freight forwarders, and (2) transportation-related services including stevedoring, storage, packing, marking, and ocean freight forwarding.",P_47_200_a_1: Procedures for freight transportation acquisition; P_47_200_a_2: Procedures for transportation-related services acquisition,P_47_200_a = P_47_200_a_1 ∧ P_47_200_a_2,None,Conjunction (Conj): Rule 7,VALIDATED,PASS,PASS,Conjunctive scope. Both freight and related services covered.,HIGH
47,47.200(b),P_47_200_b,"This subpart does not apply to (1) acquisition of freight transportation from domestic or international air carriers or international ocean carriers, (2) freight transportation acquired by bills of lading, (3) household goods with rates negotiated under 49 U.S.C. 10721 and 13712, or (4) contracts at or below the simplified acquisition threshold.",P_47_200_b_1: Does not apply to air/ocean carrier freight; P_47_200_b_2: Does not apply to BOL freight; P_47_200_b_3: Does not apply to HHG under 49 U.S.C. rates; P_47_200_b_4: Does not apply to contracts at/below SAT,~P_47_200_b_1 ∧ ~P_47_200_b_2 ∧ ~P_47_200_b_3 ∧ ~P_47_200_b_4,[EXTERNAL 49 U.S.C.],Negation (Neg): Rule 10; Conjunction (Conj): Rule 7,VALIDATED,PASS,PASS,Conjunctive exclusions. Four categories excluded from subpart applicability.,HIGH
47,47.200(c),P_47_200_c,"With appropriate modifications, apply the procedures in this subpart as necessary to the acquisition of freight transportation from the carriers listed in paragraph (b)(1) and passenger transportation from any carrier or mode.",P_47_200_c: Apply procedures with modifications to (b)(1) carriers and passenger transportation,P_47_200_c,P_47_200_b,N/A (directive statement),VALIDATED,PASS,PASS,Extension of subpart procedures to excluded carrier types with modifications.,HIGH
47,47.200(d),P_47_200_d,"The procedures in this subpart apply to household goods transportation of persons being relocated at Government expense except when acquired under commuted rate schedules, by DoD under DTR, or under 49 U.S.C. 10721 and 13712 rates.",P_47_200_d_1: Procedures apply to HHG transportation for Government-expense relocation; P_47_200_d_2: Except commuted rate schedules; P_47_200_d_3: Except DoD under DTR; P_47_200_d_4: Except 49 U.S.C. 10721/13712 rates,P_47_200_d_1 ∧ ~P_47_200_d_2 ∧ ~P_47_200_d_3 ∧ ~P_47_200_d_4,None,Conjunction (Conj): Rule 7; Negation (Neg): Rule 10,VALIDATED,PASS,PASS,Applicability with three conjunctive exceptions.,HIGH
47,47.201,P_47_201,"Definitions for subpart 47.2: General freight means supplies, goods, and transportable property not encompassed in household goods or office furniture definitions. Office furniture means furniture, equipment, fixtures, records, and other equipment in Government offices, hospitals, and similar establishments.",P_47_201_a: General freight definition; P_47_201_b: Office furniture definition,P_47_201 = P_47_201_a ∧ P_47_201_b,None,Conjunction (Conj): Rule 7,VALIDATED,PASS,PASS,Two definitional propositions for subpart 47.2.,HIGH
47,47.204,P_47_204,Contracting officers may award single-movement contracts for unique transportation services not otherwise available under carrier tariffs or covered by DoD or GSA contracts.,P_47_204_a: Unique transportation services not available under tariffs or DoD/GSA contracts; P_47_204_b: CO awards single-movement contract,P_47_204_a ⊃ (P_47_204_b ∨ ~P_47_204_b),None,Material Implication (Impl): Rule 15 [HIGH-RISK]; Tautology (Taut): Rule 18,PENDING_REVIEW,PASS,PASS,"Permissive authority. When unique services needed, CO has discretion to award. May creates tautological consequent. HIGH-RISK due to Rule 15.",MEDIUM
47,47.207,P_47_207,Contract clauses and special requirements.,P_47_207: Contract clause and special requirement provisions,P_47_207 = P_47_207_1 ∧ P_47_207_3 ∧ P_47_207_4 ∧ P_47_207_5 ∧ P_47_207_6 ∧ P_47_207_7 ∧ P_47_207_8 ∧ P_47_207_9 ∧ P_47_207_11,None,Conjunction (Conj): Rule 7,VALIDATED,PASS,PASS,Parent for all 47.207 subsections.,HIGH
47,47.207-1,P_47_207_1,Qualifications of offerors.,P_47_207_1: Offeror qualification requirements,P_47_207_1 = P_47_207_1_a ∧ P_47_207_1_d,None,Conjunction (Conj): Rule 7,VALIDATED,PASS,PASS,Parent for offeror qualification clauses.,HIGH
47,47.207-1(a),P_47_207_1_a,"Insert the clause at 52.247-2, Permits, Authorities, or Franchises, when regulated transportation is involved. The clause need not be used when a Federal office move is intrastate and the CO determines it is in the Government interest not to apply the requirement.",P_47_207_1_a_1: Regulated transportation is involved; P_47_207_1_a_2: Insert clause at 52.247-2; P_47_207_1_a_3: Exception for intrastate Federal office move when CO determines exemption in Government interest,P_47_207_1_a_1 ⊃ P_47_207_1_a_2 ∧ (P_47_207_1_a_3 ⊃ ~P_47_207_1_a_2),None,Material Implication (Impl): Rule 15 [HIGH-RISK]; Conjunction (Conj): Rule 7; Negation (Neg): Rule 10,PENDING_REVIEW,PASS,PASS,Conditional clause insertion with exception. Default is to insert when regulated; exception for intrastate Federal moves at CO discretion. HIGH-RISK due to Rule 15.,MEDIUM
47,47.207-1(d),P_47_207_1_d,"Insert the clause at 52.247-5, Familiarization with Conditions, to ensure that offerors become familiar with conditions under which and where the services will be performed.",P_47_207_1_d: Insert clause at 52.247-5 for familiarization with conditions,P_47_207_1_d,None,N/A (mandatory directive),VALIDATED,PASS,PASS,Mandatory clause insertion for familiarization.,HIGH
47,47.207-3,P_47_207_3,"Description of shipment, origin, and destination.",P_47_207_3: Shipment description requirements,P_47_207_3 = P_47_207_3_a ∧ P_47_207_3_b ∧ P_47_207_3_c ∧ P_47_207_3_e,None,Conjunction (Conj): Rule 7,VALIDATED,PASS,PASS,Parent for shipment description requirements.,HIGH
47,47.207-3(a),P_47_207_3_a,Include in solicitations full details regarding the location from which the freight is to be shipped.,P_47_207_3_a: Include full origin location details in solicitations,P_47_207_3_a,None,N/A (mandatory directive),VALIDATED,PASS,PASS,Mandatory solicitation content requirement.,HIGH
47,47.207-3(b),P_47_207_3_b,Include full details regarding delivery points.,P_47_207_3_b: Include full destination details in solicitations,P_47_207_3_b,None,N/A (mandatory directive),VALIDATED,PASS,PASS,Mandatory solicitation content requirement.,HIGH
47,47.207-3(c),P_47_207_3_c,"Include in solicitations (1) an inventory if freight consists of nonbulk items, and (2) the freight classification description from the transportation office. If classification not available, use clear nontechnical description with additional details for complete information.","P_47_207_3_c_1: Include inventory for nonbulk items; P_47_207_3_c_2: Include freight classification description; P_47_207_3_c_3: If classification unavailable, use clear nontechnical description",P_47_207_3_c = P_47_207_3_c_1 ∧ (P_47_207_3_c_2 ∨ P_47_207_3_c_3),None,Conjunction (Conj): Rule 7; Disjunction (Disj): Rule 8,VALIDATED,PASS,PASS,Inventory required conjunctively; classification is disjunctive with fallback nontechnical description.,HIGH
47,47.207-3(e),P_47_207_3_e,"State the actual weight of the freight or a reasonably accurate estimate. Insert the clause at 52.247-8, Estimated Weights or Quantities Not Guaranteed, when weights or quantities are estimates.",P_47_207_3_e_1: State actual weight or accurate estimate; P_47_207_3_e_2: Weights are estimates; P_47_207_3_e_3: Insert clause at 52.247-8,P_47_207_3_e_1 ∧ (P_47_207_3_e_2 ⊃ P_47_207_3_e_3),None,Conjunction (Conj): Rule 7; Material Implication (Impl): Rule 15 [HIGH-RISK],PENDING_REVIEW,PASS,PASS,Mandatory weight statement combined with conditional clause insertion when estimates used. HIGH-RISK due to Rule 15.,MEDIUM
47,47.207-4,P_47_207_4,Specify in the contract the method of determining shipment weights.,P_47_207_4: Weight determination method specification,P_47_207_4 = P_47_207_4_a ∧ P_47_207_4_b,None,Conjunction (Conj): Rule 7,VALIDATED,PASS,PASS,Parent for weight determination subsections.,HIGH
47,47.207-4(a),P_47_207_4_a,"Shipments of freight other than household goods and office furniture. Insert the clause at 52.247-10, Net Weight--General Freight, when weight is not known at shipment time and the contractor is responsible for determining net weight.",P_47_207_4_a_1: Freight is not HHG or office furniture; P_47_207_4_a_2: Weight not known at shipment; P_47_207_4_a_3: Contractor responsible for net weight; P_47_207_4_a_4: Insert clause at 52.247-10,(P_47_207_4_a_1 ∧ P_47_207_4_a_2 ∧ P_47_207_4_a_3) ⊃ P_47_207_4_a_4,None,Material Implication (Impl): Rule 15 [HIGH-RISK]; Conjunction (Conj): Rule 7,PENDING_REVIEW,PASS,PASS,Three conjunctive conditions trigger mandatory clause insertion. HIGH-RISK due to Rule 15.,MEDIUM
47,47.207-4(b),P_47_207_4_b,"Insert the clause at 52.247-11, Net Weight--Household Goods or Office Furniture, when movements of Government employees household goods or relocations of Government offices are involved.",P_47_207_4_b_1: Movement involves Government employees HHG or Government office relocations; P_47_207_4_b_2: Insert clause at 52.247-11,P_47_207_4_b_1 ⊃ P_47_207_4_b_2,None,Material Implication (Impl): Rule 15 [HIGH-RISK],PENDING_REVIEW,PASS,PASS,Conditional clause insertion for HHG/office furniture movements. HIGH-RISK due to Rule 15.,MEDIUM
47,47.207-5,P_47_207_5,Contractor responsibilities for service requirements not normal to transportation.,P_47_207_5: Contractor responsibility specifications,P_47_207_5 = P_47_207_5_a ∧ P_47_207_5_c ∧ P_47_207_5_e,None,Conjunction (Conj): Rule 7,VALIDATED,PASS,PASS,Parent for contractor responsibility subsections.,HIGH
47,47.207-5(a),P_47_207_5_a,"As necessary, specify the type and size of equipment the contractor must furnish. Otherwise, state that the contractor shall furnish clean and sound closed-type equipment of sufficient size.","P_47_207_5_a_1: Specify type and size of equipment as necessary; P_47_207_5_a_2: Default is clean, sound, closed-type equipment of sufficient size",P_47_207_5_a = P_47_207_5_a_1 ∨ P_47_207_5_a_2,None,Disjunction (Disj): Rule 8,VALIDATED,PASS,PASS,Disjunctive: either specify or use default standard.,HIGH
47,47.207-5(c),P_47_207_5_c,"Insert a clause substantially the same as the clause at 52.247-13, Accessorial Services--Moving Contracts, in contracts for transportation of household goods or office furniture.",P_47_207_5_c_1: Contract is for transportation of HHG or office furniture; P_47_207_5_c_2: Insert clause substantially same as 52.247-13,P_47_207_5_c_1 ⊃ P_47_207_5_c_2,None,Material Implication (Impl): Rule 15 [HIGH-RISK],PENDING_REVIEW,PASS,PASS,Conditional clause insertion. HHG/office furniture contract triggers mandatory clause. HIGH-RISK due to Rule 15.,MEDIUM
47,47.207-5(e),P_47_207_5_e,"Insert the clause at 52.247-15, Contractor Responsibility for Loading and Unloading, when the contractor is responsible for loading and unloading shipments.",P_47_207_5_e_1: Contractor responsible for loading and unloading; P_47_207_5_e_2: Insert clause at 52.247-15,P_47_207_5_e_1 ⊃ P_47_207_5_e_2,None,Material Implication (Impl): Rule 15 [HIGH-RISK],PENDING_REVIEW,PASS,PASS,Conditional clause insertion. HIGH-RISK due to Rule 15.,MEDIUM
47,47.207-6,P_47_207_6,Rates and charges requirements.,P_47_207_6: Rate and charge provisions,P_47_207_6 = P_47_207_6_a ∧ P_47_207_6_b ∧ P_47_207_6_c,None,Conjunction (Conj): Rule 7,VALIDATED,PASS,PASS,Parent for rates and charges subsections.,HIGH
47,47.207-6(a),P_47_207_6_a,"Include in solicitation a statement that charges must not exceed the contractor charges for the same service available to the general public or otherwise tendered to the Government. Insert the clause at 52.247-17, Charges.",P_47_207_6_a_1: Charges must not exceed charges to general public; P_47_207_6_a_2: Charges must not exceed charges otherwise tendered to Government; P_47_207_6_a_3: Insert clause at 52.247-17,(~P_47_207_6_a_1 ∨ ~P_47_207_6_a_2) ∧ P_47_207_6_a_3,None,Negation (Neg): Rule 10; Disjunction (Disj): Rule 8; Conjunction (Conj): Rule 7,VALIDATED,PASS,PASS,Negative requirement on charges combined with mandatory clause insertion. Charges capped at lower of public or Government-tendered rate.,HIGH
47,47.207-6(b),P_47_207_6_b,"Include in the solicitation a tabulation listing each required service and the basis for the rate, leaving sufficient space for offerors to insert rates.",P_47_207_6_b: Include tabulation of services and rate bases in solicitation,P_47_207_6_b,None,N/A (mandatory directive),VALIDATED,PASS,PASS,Mandatory solicitation content requirement.,HIGH
47,47.207-6(c),P_47_207_6_c,"Guidelines for tabulation composition including combination of pricing bases, hourly rate basis, graduated weights, multiple origins/destinations, multiple shipments, and additional services.",P_47_207_6_c: Guidelines for tabulation composition covering multiple pricing scenarios,P_47_207_6_c,None,N/A (advisory guidelines),VALIDATED,PASS,PASS,Advisory guidelines for rate tabulation. Multiple scenarios described for proper tabulation structure.,HIGH
47,47.207-7,P_47_207_7,Liability and insurance requirements.,P_47_207_7: Liability and insurance provisions,P_47_207_7 = P_47_207_7_a ∧ P_47_207_7_b ∧ P_47_207_7_c ∧ P_47_207_7_d ∧ P_47_207_7_e ∧ P_47_207_7_f ∧ P_47_207_7_g,None,Conjunction (Conj): Rule 7,VALIDATED,PASS,PASS,Parent for liability and insurance subsections.,HIGH
47,47.207-7(a),P_47_207_7_a,"Specify in the solicitation and contract (1) contractor liability for injury to persons or damage to property other than freight, (2) contractor liability for loss of and/or damage to freight, and (3) the amount of insurance the contractor must maintain.",P_47_207_7_a_1: Specify personal injury/property damage liability; P_47_207_7_a_2: Specify freight loss/damage liability; P_47_207_7_a_3: Specify required insurance amount,P_47_207_7_a = P_47_207_7_a_1 ∧ P_47_207_7_a_2 ∧ P_47_207_7_a_3,None,Conjunction (Conj): Rule 7,VALIDATED,PASS,PASS,Three mandatory specifications required in solicitation and contract.,HIGH
47,47.207-7(b),P_47_207_7_b,"When contractor liability for freight loss/damage is not specified, the usual measure of liability under 49 U.S.C. 11706 applies.",P_47_207_7_b_1: Contractor freight liability not specified; P_47_207_7_b_2: Default liability under 49 U.S.C. 11706 applies,~P_47_207_7_b_1 ⊃ P_47_207_7_b_2,[EXTERNAL 49 U.S.C.],Material Implication (Impl): Rule 15 [HIGH-RISK]; Negation (Neg): Rule 10,PENDING_REVIEW,PASS,PASS,Default rule triggered by absence of specification. HIGH-RISK due to Rule 15.,MEDIUM
47,47.207-7(c),P_47_207_7_c,"Insert the clause at 52.247-21, Contractor Liability for Personal Injury and/or Property Damage.",P_47_207_7_c: Insert clause at 52.247-21,P_47_207_7_c,None,N/A (mandatory directive),VALIDATED,PASS,PASS,Mandatory clause insertion.,HIGH
47,47.207-7(d),P_47_207_7_d,"Insert the clause at 52.247-22, Contractor Liability for Loss of and/or Damage to Freight other than Household Goods, in solicitations and contracts for freight other than household goods.",P_47_207_7_d_1: Contract is for freight other than HHG; P_47_207_7_d_2: Insert clause at 52.247-22,P_47_207_7_d_1 ⊃ P_47_207_7_d_2,None,Material Implication (Impl): Rule 15 [HIGH-RISK],PENDING_REVIEW,PASS,PASS,Conditional clause insertion for non-HHG freight. HIGH-RISK due to Rule 15.,MEDIUM
47,47.207-7(e),P_47_207_7_e,"Insert the clause at 52.247-23, Contractor Liability for Loss of and/or Damage to Household Goods, in solicitations and contracts for transportation of household goods, including appropriate rate per pound.",P_47_207_7_e_1: Contract is for transportation of HHG; P_47_207_7_e_2: Insert clause at 52.247-23 with appropriate rate per pound,P_47_207_7_e_1 ⊃ P_47_207_7_e_2,None,Material Implication (Impl): Rule 15 [HIGH-RISK],PENDING_REVIEW,PASS,PASS,Conditional clause insertion for HHG transportation. HIGH-RISK due to Rule 15.,MEDIUM
47,47.207-7(f),P_47_207_7_f,"When freight is not shipped under rates subject to released or declared value, see 28.313(a) and the clause at 52.228-9, Cargo Insurance.",P_47_207_7_f_1: Freight not under released/declared value rates; P_47_207_7_f_2: Apply 28.313(a) and clause at 52.228-9,P_47_207_7_f_1 ⊃ P_47_207_7_f_2,P_28_313 [EXTERNAL Part 28],Material Implication (Impl): Rule 15 [HIGH-RISK],PENDING_REVIEW,PASS,PASS,"Conditional cross-reference. When freight not under released value, cargo insurance provisions apply. HIGH-RISK due to Rule 15.",MEDIUM
47,47.207-7(g),P_47_207_7_g,"When vehicular liability and/or general public liability insurance required by law are not sufficient for a contract, see 28.313(b) and the clause at 52.228-10, Vehicular and General Public Liability Insurance.",P_47_207_7_g_1: Legal insurance requirements insufficient for contract; P_47_207_7_g_2: Apply 28.313(b) and clause at 52.228-10,P_47_207_7_g_1 ⊃ P_47_207_7_g_2,P_28_313 [EXTERNAL Part 28],Material Implication (Impl): Rule 15 [HIGH-RISK],PENDING_REVIEW,PASS,PASS,Conditional cross-reference for insufficient insurance. HIGH-RISK due to Rule 15.,MEDIUM
47,47.207-8,P_47_207_8,"State clearly the Government responsibilities that have a direct bearing on the contractor performance under the contract, e.g., responsibility to notify the contractor in advance when hazardous materials are included.",P_47_207_8: State Government responsibilities bearing on contractor performance,P_47_207_8,None,N/A (mandatory directive),VALIDATED,PASS,PASS,Mandatory requirement to state Government responsibilities.,HIGH
47,47.207-9,P_47_207_9,"State in detail the responsibilities of the contractor, the contracting agency, and if appropriate the consignee for annotation and distribution of shipping and billing documents. See 41 CFR part 102-118.",P_47_207_9: State responsibilities for shipping and billing document annotation and distribution,P_47_207_9,[EXTERNAL 41 CFR],N/A (mandatory directive),VALIDATED,PASS,PASS,Mandatory requirement with cross-reference to 41 CFR part 102-118.,HIGH
47,47.207-11,P_47_207_11,Volume movements within the contiguous United States.,P_47_207_11: Volume movement provisions,P_47_207_11 = P_47_207_11_a ∧ P_47_207_11_b,None,Conjunction (Conj): Rule 7,VALIDATED,PASS,PASS,Parent for volume movement subsections.,HIGH
47,47.207-11(a),P_47_207_11_a,"For contract administration, a volume movement is (1) for DoD, aggregate shipments of 25+ carloads, 25+ truckloads, or 500,000+ pounds from one origin to one destination during contract period, and (2) for civilian agencies, 50 short tons (100,000 pounds) in aggregate from one origin to one destination during contract period.","P_47_207_11_a_1: DoD volume movement threshold is 25 carloads/truckloads or 500,000 pounds; P_47_207_11_a_2: Civilian agency threshold is 50 short tons (100,000 pounds)",P_47_207_11_a = P_47_207_11_a_1 ∨ P_47_207_11_a_2,None,Disjunction (Disj): Rule 8,VALIDATED,PASS,PASS,Disjunctive definition. Different thresholds apply to DoD vs. civilian agencies.,HIGH
47,47.207-11(b),P_47_207_11_b,"Transportation personnel assigned to or supporting the CAO, or appropriate agency personnel, must report planned and actual volume movements in accordance with agency regulations. DoD reports to SDDC under DoD 4500.9-R.",P_47_207_11_b_1: Transportation personnel must report planned and actual volume movements; P_47_207_11_b_2: DoD activities report to SDDC under DTR,P_47_207_11_b = P_47_207_11_b_1 ∧ P_47_207_11_b_2,[EXTERNAL DoD 4500.9-R],Conjunction (Conj): Rule 7,VALIDATED,PASS,PASS,Mandatory reporting requirement with specific DoD reporting channel.,HIGH
47,47.208,P_47_208,Report of shipment (REPSHIP).,P_47_208: REPSHIP provisions,P_47_208 = P_47_208_1 ∧ P_47_208_2,None,Conjunction (Conj): Rule 7,VALIDATED,PASS,PASS,Parent for REPSHIP subsections.,HIGH
47,47.208-1,P_47_208_1,"Military and as required civilian agency storage and distribution points, depots, and other receiving activities require advance notice of shipments en route from contractors plants. Generally required only for classified, sensitive, controlled, protected material, explosives, hazardous materials, selected shipments requiring movement control, or minimum carload/truckload shipments.","P_47_208_1_a: Advance notice required for military and civilian receiving activities; P_47_208_1_b: Generally required for classified, sensitive, hazardous, or minimum carload/truckload shipments",P_47_208_1 = P_47_208_1_a ∧ P_47_208_1_b,None,Conjunction (Conj): Rule 7,VALIDATED,PASS,PASS,Requirement scope for advance shipment notification. Applies to specific categories of shipments.,HIGH
47,47.208-2,P_47_208_2,"Insert the clause at 52.247-68, Report of Shipment (REPSHIP), in solicitations and contracts requiring advance notice of shipment for safety or security reasons, or where the contract requires carload or truckload shipments to DoD installations or civilian agency facilities.",P_47_208_2_a: Advance notice required for safety/security; P_47_208_2_b: Contract requires carload/truckload shipments to DoD/civilian facilities; P_47_208_2_c: Insert clause at 52.247-68,(P_47_208_2_a ∨ P_47_208_2_b) ⊃ P_47_208_2_c,None,Material Implication (Impl): Rule 15 [HIGH-RISK]; Disjunction (Disj): Rule 8,PENDING_REVIEW,PASS,PASS,Conditional clause insertion. Either trigger condition requires clause. HIGH-RISK due to Rule 15.,MEDIUM
47,47.300,P_47_300,Scope of subpart 47.3.,P_47_300: Scope,P_47_300 = P_47_300_a ∧ P_47_300_b,None,Conjunction (Conj): Rule 7,VALIDATED,PASS,PASS,Parent.,HIGH
47,47.300(a),P_47_300_a,This subpart describes policies for transportation in supply acquisition. Applies to fixed-price contracts.,P_47_300_a: Applies to fixed-price supply contracts,P_47_300_a,None,N/A (scope),VALIDATED,PASS,PASS,Scope limited to fixed-price.,HIGH
47,47.300(b),P_47_300_b,"If special requirement exists for other contract types, use terms as guide for contract coverage and cost minimization.",P_47_300_b_1: Special requirement exists; P_47_300_b_2: Use terms as guide,P_47_300_b_1 ⊃ P_47_300_b_2,None,Material Implication (Impl): Rule 15 [HIGH-RISK],PENDING_REVIEW,PASS,PASS,Conditional guidance for non-fixed-price. HIGH-RISK.,MEDIUM
47,47.301,P_47_301,General requirements.,P_47_301: General,P_47_301 = P_47_301_1 ∧ P_47_301_3,None,Conjunction (Conj): Rule 7,VALIDATED,PASS,PASS,Parent.,HIGH
47,47.301-1,P_47_301_1,CO responsibilities.,P_47_301_1: CO responsibilities,P_47_301_1 = P_47_301_1_a ∧ P_47_301_1_b,None,Conjunction (Conj): Rule 7,VALIDATED,PASS,PASS,Parent.,HIGH
47,47.301-1(a),P_47_301_1_a,Obtain transportation factors for solicitations/awards and contract admin/mod/termination.,P_47_301_1_a_1: Factors for solicitations/awards; P_47_301_1_a_2: Factors for admin/mod/termination,P_47_301_1_a = P_47_301_1_a_1 ∧ P_47_301_1_a_2,None,Conjunction (Conj): Rule 7,VALIDATED,PASS,PASS,Mandatory for both.,HIGH
47,47.301-1(b),P_47_301_1_b,Request transportation office participation for unusual supplies.,P_47_301_1_b: Request participation for unusual supplies,P_47_301_1_b,None,N/A (directive),VALIDATED,PASS,PASS,Mandatory for unusual characteristics.,HIGH
47,47.301-3,P_47_301_3,Using the Defense Transportation System (DTS).,P_47_301_3: DTS requirements,P_47_301_3 = P_47_301_3_a ∧ P_47_301_3_b ∧ P_47_301_3_c,None,Conjunction (Conj): Rule 7,VALIDATED,PASS,PASS,Parent.,HIGH
47,47.301-3(a),P_47_301_3_a,All agencies using military transport must follow DoD 4500.9-R Part II.,P_47_301_3_a_1: Uses military transport; P_47_301_3_a_2: Must follow DTR Part II,P_47_301_3_a_1 ⊃ P_47_301_3_a_2,[EXTERNAL DoD 4500.9-R],Material Implication (Impl): Rule 15 [HIGH-RISK],PENDING_REVIEW,PASS,PASS,Conditional mandatory. HIGH-RISK.,MEDIUM
47,47.301-3(b),P_47_301_3_b,Contracting activities must ensure DTR requirements in contracts and enforce them.,P_47_301_3_b_1: Ensure DTR in contracts; P_47_301_3_b_2: Enforce for controlled shipments,P_47_301_3_b = P_47_301_3_b_1 ∧ P_47_301_3_b_2,None,Conjunction (Conj): Rule 7,VALIDATED,PASS,PASS,Dual mandatory responsibility.,HIGH
47,47.301-3(c),P_47_301_3_c,Designate CAO as DTS point of contact. Contractor shall not ship directly to military terminals without CAO authorization.,P_47_301_3_c_1: Designate CAO; P_47_301_3_c_2: No direct military terminal shipping without authorization,P_47_301_3_c_1 ∧ ~P_47_301_3_c_2_direct,None,Conjunction (Conj): Rule 7; Negation (Neg): Rule 10,VALIDATED,PASS,PASS,CAO designation plus shipping prohibition.,HIGH
47,47.302,P_47_302,Place of delivery - f.o.b. point.,P_47_302: Delivery point policies,P_47_302 = P_47_302_a ∧ P_47_302_b ∧ P_47_302_c,None,Conjunction (Conj): Rule 7,VALIDATED,PASS,PASS,Parent.,HIGH
47,47.302(a),P_47_302_a,47.304-1 and -3 govern CONUS transportation; 47.304-4 governs outside-CONUS.,P_47_302_a_1: CONUS governed by 47.304-1/-3; P_47_302_a_2: Outside-CONUS by 47.304-4,P_47_302_a = P_47_302_a_1 ∧ P_47_302_a_2,None,Conjunction (Conj): Rule 7,VALIDATED,PASS,PASS,Dual governance framework.,HIGH
47,47.302(b),P_47_302_b,Solicit offers and award contracts with delivery terms prescribed in 47.304.,P_47_302_b: Use 47.304 delivery terms,P_47_302_b,P_47_304,N/A (directive),VALIDATED,PASS,PASS,Mandatory compliance with 47.304.,HIGH
47,47.302(c),P_47_302_c,"Delivery term must not dictate place of acceptance, except if acceptance at destination use f.o.b. destination. F.o.b. destination does not alone necessitate acceptance at destination.",P_47_302_c_1: Delivery term shall not dictate acceptance place; P_47_302_c_2: Exception - acceptance at destination requires f.o.b. destination,P_47_302_c_1 ∧ (P_47_302_c_2_accept_dest ⊃ P_47_302_c_2_fob_dest),None,Conjunction (Conj): Rule 7; Material Implication (Impl): Rule 15 [HIGH-RISK],PENDING_REVIEW,PASS,PASS,General prohibition with conditional exception. HIGH-RISK.,MEDIUM
47,47.303,P_47_303,Standard delivery terms and contract clauses.,P_47_303: Standard delivery terms,P_47_303 = P_47_303_1 ∧ P_47_303_2 ∧ P_47_303_3 ∧ P_47_303_4 ∧ P_47_303_5 ∧ P_47_303_6 ∧ P_47_303_7 ∧ P_47_303_8 ∧ P_47_303_9 ∧ P_47_303_10 ∧ P_47_303_11,None,Conjunction (Conj): Rule 7,VALIDATED,PASS,PASS,Parent for all delivery term definitions.,HIGH
47,47.303-1,P_47_303_1,F.o.b. origin delivery term definition and contract clause at 52.247-29.,P_47_303_1_a: F.o.b. origin delivery term definition; P_47_303_1_b: Insert clause at 52.247-29 when delivery term is f.o.b. origin,P_47_303_1 = P_47_303_1_a ∧ P_47_303_1_b,None,Conjunction (Conj): Rule 7,VALIDATED,PASS,PASS,Delivery term definition combined with mandatory clause prescription.,HIGH
47,47.303-2,P_47_303_2,"F.o.b. origin, contractor's facility delivery term definition and contract clause at 52.247-30.","P_47_303_2_a: F.o.b. origin, contractor's facility delivery term definition; P_47_303_2_b: Insert clause at 52.247-30 when delivery term is f.o.b. origin, contractor's facility",P_47_303_2 = P_47_303_2_a ∧ P_47_303_2_b,None,Conjunction (Conj): Rule 7,VALIDATED,PASS,PASS,Delivery term definition combined with mandatory clause prescription.,HIGH
47,47.303-3,P_47_303_3,"F.o.b. origin, freight allowed delivery term definition and contract clause at 52.247-31.","P_47_303_3_a: F.o.b. origin, freight allowed delivery term definition; P_47_303_3_b: Insert clause at 52.247-31 when delivery term is f.o.b. origin, freight allowed",P_47_303_3 = P_47_303_3_a ∧ P_47_303_3_b,None,Conjunction (Conj): Rule 7,VALIDATED,PASS,PASS,Delivery term definition combined with mandatory clause prescription.,HIGH
47,47.303-4,P_47_303_4,"F.o.b. origin, freight prepaid delivery term definition and contract clause at 52.247-32.","P_47_303_4_a: F.o.b. origin, freight prepaid delivery term definition; P_47_303_4_b: Insert clause at 52.247-32 when delivery term is f.o.b. origin, freight prepaid",P_47_303_4 = P_47_303_4_a ∧ P_47_303_4_b,None,Conjunction (Conj): Rule 7,VALIDATED,PASS,PASS,Delivery term definition combined with mandatory clause prescription.,HIGH
47,47.303-5,P_47_303_5,"F.o.b. origin, with differentials delivery term definition and contract clause at 52.247-33.","P_47_303_5_a: F.o.b. origin, with differentials delivery term definition; P_47_303_5_b: Insert clause at 52.247-33 when delivery term is f.o.b. origin, with differentials",P_47_303_5 = P_47_303_5_a ∧ P_47_303_5_b,None,Conjunction (Conj): Rule 7,VALIDATED,PASS,PASS,Delivery term definition combined with mandatory clause prescription.,HIGH
47,47.303-6,P_47_303_6,F.o.b. destination delivery term definition and contract clause at 52.247-34.,P_47_303_6_a: F.o.b. destination delivery term definition; P_47_303_6_b: Insert clause at 52.247-34 when delivery term is f.o.b. destination,P_47_303_6 = P_47_303_6_a ∧ P_47_303_6_b,None,Conjunction (Conj): Rule 7,VALIDATED,PASS,PASS,Delivery term definition combined with mandatory clause prescription.,HIGH
47,47.303-7,P_47_303_7,"F.o.b. destination, within consignee's premises delivery term definition and contract clause at 52.247-35.","P_47_303_7_a: F.o.b. destination, within consignee's premises delivery term definition; P_47_303_7_b: Insert clause at 52.247-35 when delivery term is f.o.b. destination, within consignee's premises",P_47_303_7 = P_47_303_7_a ∧ P_47_303_7_b,None,Conjunction (Conj): Rule 7,VALIDATED,PASS,PASS,Delivery term definition combined with mandatory clause prescription.,HIGH
47,47.303-8,P_47_303_8,"F.a.s. vessel, port of shipment delivery term definition and contract clause at 52.247-36.","P_47_303_8_a: F.a.s. vessel, port of shipment delivery term definition; P_47_303_8_b: Insert clause at 52.247-36 when delivery term is f.a.s. vessel, port of shipment",P_47_303_8 = P_47_303_8_a ∧ P_47_303_8_b,None,Conjunction (Conj): Rule 7,VALIDATED,PASS,PASS,Delivery term definition combined with mandatory clause prescription.,HIGH
47,47.303-9,P_47_303_9,"F.o.b. vessel, port of shipment delivery term definition and contract clause at 52.247-37.","P_47_303_9_a: F.o.b. vessel, port of shipment delivery term definition; P_47_303_9_b: Insert clause at 52.247-37 when delivery term is f.o.b. vessel, port of shipment",P_47_303_9 = P_47_303_9_a ∧ P_47_303_9_b,None,Conjunction (Conj): Rule 7,VALIDATED,PASS,PASS,Delivery term definition combined with mandatory clause prescription.,HIGH
47,47.303-10,P_47_303_10,"F.o.b. inland carrier, point of exportation delivery term definition and contract clause at 52.247-38.","P_47_303_10_a: F.o.b. inland carrier, point of exportation delivery term definition; P_47_303_10_b: Insert clause at 52.247-38 when delivery term is f.o.b. inland carrier, point of exportation",P_47_303_10 = P_47_303_10_a ∧ P_47_303_10_b,None,Conjunction (Conj): Rule 7,VALIDATED,PASS,PASS,Delivery term definition combined with mandatory clause prescription.,HIGH
47,47.303-11,P_47_303_11,"F.o.b. inland point, country of importation delivery term definition and contract clause at 52.247-39.","P_47_303_11_a: F.o.b. inland point, country of importation delivery term definition; P_47_303_11_b: Insert clause at 52.247-39 when delivery term is f.o.b. inland point, country of importation",P_47_303_11 = P_47_303_11_a ∧ P_47_303_11_b,None,Conjunction (Conj): Rule 7,VALIDATED,PASS,PASS,Delivery term definition combined with mandatory clause prescription.,HIGH
47,47.304,P_47_304,Determination of delivery terms.,P_47_304: Delivery term determination,P_47_304 = P_47_304_1 ∧ P_47_304_3 ∧ P_47_304_4 ∧ P_47_304_5,None,Conjunction (Conj): Rule 7,VALIDATED,PASS,PASS,Parent.,HIGH
47,47.304-1,P_47_304_1,General criteria for f.o.b. terms.,P_47_304_1: General determination criteria,P_47_304_1 = P_47_304_1_a ∧ P_47_304_1_b ∧ P_47_304_1_c ∧ P_47_304_1_d ∧ P_47_304_1_e ∧ P_47_304_1_f ∧ P_47_304_1_g,None,Conjunction (Conj): Rule 7,VALIDATED,PASS,PASS,Parent for determination criteria.,HIGH
47,47.304-1(a),P_47_304_1_a,Determine f.o.b. terms based on overall costs.,P_47_304_1_a: Determine terms based on overall costs,P_47_304_1_a,None,N/A (directive),VALIDATED,PASS,PASS,General cost-based determination principle.,HIGH
47,47.304-1(b),P_47_304_1_b,"Specify in solicitations whether offerors must submit f.o.b. origin, destination, or both, or may choose.",P_47_304_1_b: Specify f.o.b. basis in solicitations,P_47_304_1_b,None,N/A (directive),VALIDATED,PASS,PASS,Mandatory solicitation specification.,HIGH
47,47.304-1(c),P_47_304_1_c,"Consider availability of lower Government freight rates for f.o.b. origin. F.o.b. origin permits transit privileges, diversions, special routings, premium transport, reduced rate negotiations, and consolidation.",P_47_304_1_c: Consider Government rate advantages of f.o.b. origin,P_47_304_1_c,None,N/A (advisory),VALIDATED,PASS,PASS,Advisory consideration of f.o.b. origin advantages.,HIGH
47,47.304-1(d),P_47_304_1_d,"When destinations are tentative or unknown, specify f.o.b. origin only.",P_47_304_1_d_1: Destinations tentative or unknown; P_47_304_1_d_2: Specify f.o.b. origin only,P_47_304_1_d_1 ⊃ P_47_304_1_d_2,None,Material Implication (Impl): Rule 15 [HIGH-RISK],PENDING_REVIEW,PASS,PASS,Conditional mandatory. Unknown destinations trigger f.o.b. origin. HIGH-RISK.,MEDIUM
47,47.304-1(e),P_47_304_1_e,"When classified supplies require commercial transport, generally specify f.o.b. origin.",P_47_304_1_e_1: Classified supplies requiring commercial transport; P_47_304_1_e_2: Generally specify f.o.b. origin,P_47_304_1_e_1 ⊃ P_47_304_1_e_2,None,Material Implication (Impl): Rule 15 [HIGH-RISK],PENDING_REVIEW,PASS,PASS,Advisory conditional. Generally indicates recommended but not absolute. HIGH-RISK.,MEDIUM
47,47.304-1(f),P_47_304_1_f,"When acceptance must be at destination, specify f.o.b. destination only.",P_47_304_1_f_1: Acceptance at destination required; P_47_304_1_f_2: Specify f.o.b. destination only,P_47_304_1_f_1 ⊃ P_47_304_1_f_2,None,Material Implication (Impl): Rule 15 [HIGH-RISK],PENDING_REVIEW,PASS,PASS,Conditional mandatory. Destination acceptance triggers f.o.b. destination. HIGH-RISK.,MEDIUM
47,47.304-1(g),P_47_304_1_g,"F.o.b. destination only situations: bulk supplies for outside CONUS, steel/bulk construction for outside CONUS, forest products, perishable/medical supplies, and when f.o.b. origin evaluation costs outweigh benefits.",P_47_304_1_g: Five situations requiring f.o.b. destination only,P_47_304_1_g,None,N/A (advisory list),VALIDATED,PASS,PASS,Enumerated situations for f.o.b. destination. Non-exhaustive.,HIGH
47,47.304-3,P_47_304_3,Shipments from CONUS for overseas delivery.,P_47_304_3: CONUS overseas shipment policy,P_47_304_3 = P_47_304_3_a ∧ P_47_304_3_b ∧ P_47_304_3_c,None,Conjunction (Conj): Rule 7,VALIDATED,PASS,PASS,Parent.,HIGH
47,47.304-3(a),P_47_304_3_a,F.o.b. origin for CONUS-to-overseas may afford lower freight rates and flexibility for port/ocean transport selection.,P_47_304_3_a: F.o.b. origin advantages for overseas delivery,P_47_304_3_a,None,N/A (advisory),VALIDATED,PASS,PASS,Advisory statement on f.o.b. origin advantages.,HIGH
47,47.304-3(b),P_47_304_3_b,"Unless valid reasons to contrary, make CONUS-to-overseas acquisitions f.o.b. origin. Solicitation on other basis requires written justification.",P_47_304_3_b_1: Default is f.o.b. origin for CONUS-to-overseas; P_47_304_3_b_2: Non-f.o.b. origin requires written justification,P_47_304_3_b = P_47_304_3_b_1 ∧ P_47_304_3_b_2,None,Conjunction (Conj): Rule 7,VALIDATED,PASS,PASS,Mandatory default with written justification requirement for deviation.,HIGH
47,47.304-3(c),P_47_304_3_c,"Determine lowest shipping cost by comparing inland, terminal, and ocean costs. Obtain transportation officer advice for export licensing.",P_47_304_3_c: Consider all cost factors for export cargo,P_47_304_3_c,None,N/A (advisory),VALIDATED,PASS,PASS,Cost comparison requirement for export cargo.,HIGH
47,47.304-4,P_47_304_4,Shipments originating outside CONUS.,P_47_304_4: Outside-CONUS origination policy,P_47_304_4 = P_47_304_4_a ∧ P_47_304_4_b,None,Conjunction (Conj): Rule 7,VALIDATED,PASS,PASS,Parent.,HIGH
47,47.304-4(a),P_47_304_4_a,"Unless valid reasons to contrary, use f.o.b. origin or destination whichever more advantageous.",P_47_304_4_a: Use most advantageous f.o.b. term for outside-CONUS,P_47_304_4_a,None,N/A (directive),VALIDATED,PASS,PASS,Cost-advantage determination for outside-CONUS.,HIGH
47,47.304-4(b),P_47_304_4_b,Request transportation officer advice for best place of delivery.,P_47_304_4_b: Request transportation officer advice,P_47_304_4_b,None,N/A (directive),VALIDATED,PASS,PASS,Mandatory consultation.,HIGH
47,47.304-5,P_47_304_5,Exceptions to standard f.o.b. terms.,P_47_304_5: Exceptions,P_47_304_5 = P_47_304_5_a ∧ P_47_304_5_b,None,Conjunction (Conj): Rule 7,VALIDATED,PASS,PASS,Parent.,HIGH
47,47.304-5(a),P_47_304_5_a,"Unusual conditions may dictate other terms including transportation disabilities, mode required, facility availability, supply characteristics, trade customs, Alaska/Hawaii, and program requirements.",P_47_304_5_a: Seven categories of unusual conditions justifying non-standard terms,P_47_304_5_a,None,N/A (advisory list),VALIDATED,PASS,PASS,Enumerated exceptions. Non-exhaustive.,HIGH
47,47.304-5(b),P_47_304_5_b,Obtain transportation officer assistance before issuing solicitations with unusual conditions.,P_47_304_5_b: Get transportation officer help for unusual conditions,P_47_304_5_b,None,N/A (directive),VALIDATED,PASS,PASS,Mandatory consultation.,HIGH
47,47.305,P_47_305,"Solicitation provisions, contract clauses, and transportation factors.",P_47_305: Solicitation/clause/transport provisions,P_47_305 = P_47_305_1 ∧ P_47_305_3 ∧ P_47_305_4 ∧ P_47_305_6,None,Conjunction (Conj): Rule 7,VALIDATED,PASS,PASS,Parent.,HIGH
47,47.305-1,P_47_305_1,"When acquisition is f.o.b. origin or destination, include in solicitations data requirements on modes, rail carriers, number of vehicles, packaging, weights, shipment sizes, container quantities, freight classification, transit benefits, and other requirements.",P_47_305_1: Mandatory solicitation data requirements for f.o.b. acquisitions,P_47_305_1,None,N/A (directive),VALIDATED,PASS,PASS,Comprehensive solicitation content requirement.,HIGH
47,47.305-3,P_47_305_3,F.o.b. origin solicitation requirements.,P_47_305_3: F.o.b. origin solicitation requirements,P_47_305_3 = P_47_305_3_a ∧ P_47_305_3_b ∧ P_47_305_3_c ∧ P_47_305_3_d ∧ P_47_305_3_e ∧ P_47_305_3_f ∧ P_47_305_3_g,None,Conjunction (Conj): Rule 7,VALIDATED,PASS,PASS,Parent.,HIGH
47,47.305-3(a),P_47_305_3_a,Include requirements for delivery in carload or truckload lots f.o.b. carrier equipment.,P_47_305_3_a: Carload/truckload delivery requirements,P_47_305_3_a,None,N/A (directive),VALIDATED,PASS,PASS,Mandatory solicitation content.,HIGH
47,47.305-3(b),P_47_305_3_b,"Require offeror to furnish shipping point location, private siding info, nearest public siding, and quantity per shipping point.",P_47_305_3_b: Required shipping point information from offerors,P_47_305_3_b,None,N/A (directive),VALIDATED,PASS,PASS,Mandatory information requirements.,HIGH
47,47.305-3(c),P_47_305_3_c,"When f.o.b. origin contractor facility not covered by line-haul rate, include charges to deliver to line-haul applicable point.",P_47_305_3_c_1: Facility not covered by line-haul rate; P_47_305_3_c_2: Include charges to line-haul point,P_47_305_3_c_1 ⊃ P_47_305_3_c_2,None,Material Implication (Impl): Rule 15 [HIGH-RISK],PENDING_REVIEW,PASS,PASS,Conditional requirement. HIGH-RISK.,MEDIUM
47,47.305-3(d),P_47_305_3_d,"For f.o.b. origin freight allowed, state basis for transportation charge allowance.",P_47_305_3_d: State freight allowance basis,P_47_305_3_d,None,N/A (directive),VALIDATED,PASS,PASS,Mandatory for freight allowed terms.,HIGH
47,47.305-3(e),P_47_305_3_e,"When Government accepts only f.o.b. origin, state that other-basis offers will be rejected as nonresponsive.",P_47_305_3_e_1: Government accepts only f.o.b. origin; P_47_305_3_e_2: State non-f.o.b. origin offers rejected,P_47_305_3_e_1 ⊃ P_47_305_3_e_2,None,Material Implication (Impl): Rule 15 [HIGH-RISK],PENDING_REVIEW,PASS,PASS,Conditional rejection notice requirement. HIGH-RISK.,MEDIUM
47,47.305-3(f),P_47_305_3_f,Include transportation evaluation methods to determine Government overall cost by adding transportation cost to offer price.,P_47_305_3_f: Include transportation evaluation methods,P_47_305_3_f,None,N/A (directive),VALIDATED,PASS,PASS,Mandatory evaluation methodology inclusion.,HIGH
47,47.305-3(g),P_47_305_3_g,CO may permit offerors to state reimbursable differentials for unfavorable Government routing at shipment time. See clause at 52.247-33.,P_47_305_3_g_1: Unfavorable routing may impose costs; P_47_305_3_g_2: CO may permit reimbursable differentials,P_47_305_3_g_1 ⊃ (P_47_305_3_g_2 ∨ ~P_47_305_3_g_2),None,Material Implication (Impl): Rule 15 [HIGH-RISK]; Tautology (Taut): Rule 18,PENDING_REVIEW,PASS,PASS,Permissive authority for CO to allow differentials. May creates tautological consequent. HIGH-RISK.,MEDIUM
47,47.305-4,P_47_305_4,F.o.b. destination solicitation requirements.,P_47_305_4: F.o.b. destination solicitations,P_47_305_4 = P_47_305_4_a ∧ P_47_305_4_b ∧ P_47_305_4_c,None,Conjunction (Conj): Rule 7,VALIDATED,PASS,PASS,Parent.,HIGH
47,47.305-4(a),P_47_305_4_a,See 47.303 for clause prescriptions.,P_47_305_4_a: Use 47.303 clause prescriptions,P_47_305_4_a,P_47_303,N/A (cross-reference),VALIDATED,PASS,PASS,Cross-reference to delivery term clauses.,HIGH
47,47.305-4(b),P_47_305_4_b,"When Government accepts only f.o.b. destination, state that non-f.o.b. destination offers will be rejected.",P_47_305_4_b_1: Government accepts only f.o.b. destination; P_47_305_4_b_2: Non-f.o.b. destination offers rejected,P_47_305_4_b_1 ⊃ P_47_305_4_b_2,None,Material Implication (Impl): Rule 15 [HIGH-RISK],PENDING_REVIEW,PASS,PASS,Conditional rejection notice. HIGH-RISK.,MEDIUM
47,47.305-4(c),P_47_305_4_c,"When f.o.b. destination with origin inspection/acceptance, insert clause at 52.247-48 for evidence of shipment.",P_47_305_4_c_1: F.o.b. destination with origin inspection/acceptance; P_47_305_4_c_2: Insert clause at 52.247-48,P_47_305_4_c_1 ⊃ P_47_305_4_c_2,None,Material Implication (Impl): Rule 15 [HIGH-RISK],PENDING_REVIEW,PASS,PASS,Conditional clause insertion. HIGH-RISK.,MEDIUM
47,47.305-6,P_47_305_6,Shipments to ports and air terminals.,P_47_305_6: Port/terminal shipment requirements,P_47_305_6 = P_47_305_6_a ∧ P_47_305_6_b ∧ P_47_305_6_c ∧ P_47_305_6_d ∧ P_47_305_6_f ∧ P_47_305_6_g ∧ P_47_305_6_h ∧ P_47_305_6_i ∧ P_47_305_6_j,None,Conjunction (Conj): Rule 7,VALIDATED,PASS,PASS,Parent.,HIGH
47,47.305-6(a),P_47_305_6_a,"For delivery terms 47.303-8 through 47.303-11, require offerors to furnish delivery schedules, maximum quantities, loading capacity, lead time, and port/pier info.",P_47_305_6_a: Required offeror information for port delivery terms,P_47_305_6_a,None,N/A (directive),VALIDATED,PASS,PASS,Mandatory information requirements for export delivery terms.,HIGH
47,47.305-6(b),P_47_305_6_b,"For CONUS-to-overseas, note the CONUS port of loading and overseas water port of debarkation for evaluation.",P_47_305_6_b: Note ports for evaluation,P_47_305_6_b,None,N/A (directive),VALIDATED,PASS,PASS,Mandatory evaluation information.,HIGH
47,47.305-6(c),P_47_305_6_c,CO may list other compatible CONUS ports for evaluation to allow competitive transport costs from remote offerors.,P_47_305_6_c: CO may list additional ports,P_47_305_6_c ∨ ~P_47_305_6_c,None,Tautology (Taut): Rule 18,PENDING_REVIEW,PASS,PASS,Permissive authority. May creates discretion.,MEDIUM
47,47.305-6(d),P_47_305_6_d,"Unless logistics limit ports, allow offerors to nominate additional ports including Alaska and Hawaii.",P_47_305_6_d: Allow offeror port nominations,P_47_305_6_d,None,N/A (directive),VALIDATED,PASS,PASS,Default allowance for port nominations.,HIGH
47,47.305-6(f),P_47_305_6_f,"For DTS shipments, specify TCMD and Export Release requirements. Insert clause at 52.247-52 for DoD terminal transshipment.",P_47_305_6_f_1: TCMD required for DoD terminal shipments; P_47_305_6_f_2: Export Release required for water port shipments; P_47_305_6_f_3: Insert clause at 52.247-52,P_47_305_6_f = P_47_305_6_f_1 ∧ P_47_305_6_f_2 ∧ P_47_305_6_f_3,None,Conjunction (Conj): Rule 7,VALIDATED,PASS,PASS,Three conjunctive requirements for DTS shipments.,HIGH
47,47.305-6(g),P_47_305_6_g,"When no Export Release needed, list only DoD CONUS ports serving overseas destination.",P_47_305_6_g_1: No Export Release required; P_47_305_6_g_2: List only DoD CONUS ports,~P_47_305_6_g_ER ⊃ P_47_305_6_g_2,None,Material Implication (Impl): Rule 15 [HIGH-RISK]; Negation (Neg): Rule 10,PENDING_REVIEW,PASS,PASS,Conditional restriction on port listing. HIGH-RISK.,MEDIUM
47,47.305-6(h),P_47_305_6_h,Specify in the award the U.S. ports of loading affording lowest overall cost to overseas destination.,P_47_305_6_h: Specify lowest-cost ports in award,P_47_305_6_h,None,N/A (directive),VALIDATED,PASS,PASS,Mandatory award specification.,HIGH
47,47.305-6(i),P_47_305_6_i,"For supplies originating outside CONUS, use appropriate f.o.b. term and include evaluation information.",P_47_305_6_i: Use appropriate f.o.b. for outside-CONUS origins,P_47_305_6_i,None,N/A (directive),VALIDATED,PASS,PASS,Directive for outside-CONUS origin supplies.,HIGH
47,47.305-6(j),P_47_305_6_j,"Port of delivery for supplies originating outside U.S. shipped by ocean vessel must derive from U.S.-flag vessel availability, unless other instructions given. See subpart 47.5.",P_47_305_6_j: Port of delivery based on U.S.-flag availability,P_47_305_6_j,None,N/A (directive),VALIDATED,PASS,PASS,Cargo Preference Act compliance for port selection.,HIGH
47,47.305-7,P_47_305_7,"Quantity analysis, direct delivery, and crosshauling reduction.",P_47_305_7: Quantity/delivery optimization,P_47_305_7 = P_47_305_7_a ∧ P_47_305_7_b ∧ P_47_305_7_c,None,Conjunction (Conj): Rule 7,VALIDATED,PASS,PASS,Parent.,HIGH
47,47.305-7(a),P_47_305_7_a,"Requiring activity must consider carload/truckload quantities. When additional quantities lower unit transport costs without impairing schedule, determine if known requirement exists for additional quantities.",P_47_305_7_a_1: Consider carload/truckload quantities; P_47_305_7_a_2: Additional quantities with lower unit costs should be explored,P_47_305_7_a = P_47_305_7_a_1 ∧ P_47_305_7_a_2,None,Conjunction (Conj): Rule 7,VALIDATED,PASS,PASS,Mandatory quantity analysis with economy consideration.,HIGH
47,47.305-7(b),P_47_305_7_b,"When requiring activity normally acquires large quantities for central distribution, consider whether quantities warrant direct delivery and feasibility of direct delivery to using activity.",P_47_305_7_b: Consider direct delivery to reduce transport and handling costs,P_47_305_7_b,None,N/A (advisory),VALIDATED,PASS,PASS,Advisory consideration for direct delivery.,HIGH
47,47.305-7(c),P_47_305_7_c,Select distribution and transshipment facilities intermediate to origins and destinations to minimize crosshauling and backhauling.,P_47_305_7_c: Minimize crosshauling and backhauling in facility selection,P_47_305_7_c,None,N/A (directive),VALIDATED,PASS,PASS,Mandatory optimization of facility selection.,HIGH
47,47.305-8,P_47_305_8,Consolidation of small shipments and stopoff privileges.,P_47_305_8: Consolidation and stopoff,P_47_305_8 = P_47_305_8_a ∧ P_47_305_8_b,None,Conjunction (Conj): Rule 7,VALIDATED,PASS,PASS,Parent.,HIGH
47,47.305-8(a),P_47_305_8_a,Consolidation of small shipments into larger lots frequently results in lower costs. CO after consultation with transportation office and requiring activity may revise delivery schedules for larger quantities.,P_47_305_8_a_1: Consolidation lowers costs; P_47_305_8_a_2: CO may revise schedules after consultation,P_47_305_8_a_1 ∧ (P_47_305_8_a_2 ∨ ~P_47_305_8_a_2),None,Conjunction (Conj): Rule 7; Tautology (Taut): Rule 18,PENDING_REVIEW,PASS,PASS,Factual statement combined with permissive authority. May creates discretion.,MEDIUM
47,47.305-8(b),P_47_305_8_b,"When feasible, consolidate schedules for delivery to multiple destinations. Direct use of stopoff privileges for partial unloading en route.",P_47_305_8_b: Consolidate multi-destination deliveries and use stopoff privileges,P_47_305_8_b,None,N/A (directive),VALIDATED,PASS,PASS,Mandatory when feasible.,HIGH
47,47.305-9,P_47_305_9,Commodity description and freight classification.,P_47_305_9: Commodity/classification requirements,P_47_305_9 = P_47_305_9_a ∧ P_47_305_9_b ∧ P_47_305_9_c ∧ P_47_305_9_d,None,Conjunction (Conj): Rule 7,VALIDATED,PASS,PASS,Parent.,HIGH
47,47.305-9(a),P_47_305_9_a,"Freight rate based on classification in NMFC and UFC. State complete commodity description and packing requirements in solicitation. If classification impracticable, obtain from transportation office.",P_47_305_9_a: State commodity description and packing for proper freight classification,P_47_305_9_a,None,N/A (directive),VALIDATED,PASS,PASS,Mandatory solicitation content for proper classification.,HIGH
47,47.305-9(b),P_47_305_9_b,"For new, nonstandard, or modified supplies, insert provision at 52.247-53, Freight Classification Description. Alert transportation officer to classification negotiation possibilities.",P_47_305_9_b_1: Supplies are new/nonstandard/modified; P_47_305_9_b_2: Insert provision at 52.247-53,P_47_305_9_b_1 ⊃ P_47_305_9_b_2,None,Material Implication (Impl): Rule 15 [HIGH-RISK],PENDING_REVIEW,PASS,PASS,Conditional provision insertion. HIGH-RISK.,MEDIUM
47,47.305-9(c),P_47_305_9_c,Include adequate descriptions of explosives and dangerous supplies per regular freight classification and 49 CFR 172.101 hazardous material description.,P_47_305_9_c_1: Regular freight classification description; P_47_305_9_c_2: 49 CFR 172.101 hazmat description,P_47_305_9_c = P_47_305_9_c_1 ∧ P_47_305_9_c_2,[EXTERNAL 49 CFR],Conjunction (Conj): Rule 7,VALIDATED,PASS,PASS,Dual description requirement for dangerous supplies.,HIGH
47,47.305-9(d),P_47_305_9_d,Furnish freight classification information to the contract administration office.,P_47_305_9_d: Furnish classification info to CAO,P_47_305_9_d,None,N/A (directive),VALIDATED,PASS,PASS,Mandatory information sharing.,HIGH
47,47.305-10,P_47_305_10,"Packing, marking, and consignment instructions.",P_47_305_10: Packing/marking/consignment,P_47_305_10 = P_47_305_10_a ∧ P_47_305_10_b ∧ P_47_305_10_c ∧ P_47_305_10_d,None,Conjunction (Conj): Rule 7,VALIDATED,PASS,PASS,Parent.,HIGH
47,47.305-10(a),P_47_305_10_a,"Include packing and marking requirements to prevent deterioration and damage, and when appropriate, marking per 49 CFR 172.300.",P_47_305_10_a: Include packing/marking requirements,P_47_305_10_a,[EXTERNAL 49 CFR],N/A (directive),VALIDATED,PASS,PASS,Mandatory content requirement.,HIGH
47,47.305-10(b),P_47_305_10_b,"Include complete consignment and marking instructions at contract award. If initially unknown, issue amended instructions under Changes clause.",P_47_305_10_b: Complete consignment instructions at award or via amendment,P_47_305_10_b,None,N/A (directive),VALIDATED,PASS,PASS,"Mandatory, with amendment fallback.",HIGH
47,47.305-10(c),P_47_305_10_c,Issue instructions by telephone or electronic means as necessary. Confirm telephonic in writing; confirm electronic absent receipt confirmation.,P_47_305_10_c: Electronic/telephonic instruction procedures,P_47_305_10_c,None,N/A (directive),VALIDATED,PASS,PASS,Procedural requirement for timely instructions.,HIGH
47,47.305-10(d),P_47_305_10_d,Military shipments must conform to MIL-STD-129 and applicable DoD regulations. Civilian agency shipments per Federal Standard 123.,P_47_305_10_d_1: Military shipments per MIL-STD-129; P_47_305_10_d_2: Civilian per Federal Standard 123,P_47_305_10_d = P_47_305_10_d_1 ∨ P_47_305_10_d_2,None,Disjunction (Disj): Rule 8,VALIDATED,PASS,PASS,Disjunctive based on agency type.,HIGH
47,47.305-11,P_47_305_11,"Options in shipment and delivery. Government may reserve the right to direct alternative destinations, quantities, or modes.",P_47_305_11: Government shipment/delivery options,P_47_305_11 = P_47_305_11_a ∧ P_47_305_11_b ∧ P_47_305_11_c,None,Conjunction (Conj): Rule 7,VALIDATED,PASS,PASS,Parent for three delivery options.,HIGH
47,47.305-11(a),P_47_305_11_a,Government may direct deliveries to other destinations or consignees.,P_47_305_11_a: Government may redirect deliveries,P_47_305_11_a ∨ ~P_47_305_11_a,None,Tautology (Taut): Rule 18,PENDING_REVIEW,PASS,PASS,Permissive authority. May creates discretion.,MEDIUM
47,47.305-11(b),P_47_305_11_b,Government may direct shipments in quantities requiring different transport rates.,P_47_305_11_b: Government may alter quantities,P_47_305_11_b ∨ ~P_47_305_11_b,None,Tautology (Taut): Rule 18,PENDING_REVIEW,PASS,PASS,Permissive authority.,MEDIUM
47,47.305-11(c),P_47_305_11_c,Government may direct shipments by different mode of transportation.,P_47_305_11_c: Government may change transport mode,P_47_305_11_c ∨ ~P_47_305_11_c,None,Tautology (Taut): Rule 18,PENDING_REVIEW,PASS,PASS,Permissive authority.,MEDIUM
47,47.305-12,P_47_305_12,Delivery of Government-furnished property.,P_47_305_12: GFP delivery requirements,P_47_305_12 = P_47_305_12_a ∧ P_47_305_12_b,None,Conjunction (Conj): Rule 7,VALIDATED,PASS,PASS,Parent.,HIGH
47,47.305-12(a),P_47_305_12_a,"When solicitation contemplates GFP and transportation costs factor in evaluation, include clear description, location, and necessary information.",P_47_305_12_a_1: GFP contemplated with transport cost evaluation; P_47_305_12_a_2: Include clear GFP description,P_47_305_12_a_1 ⊃ P_47_305_12_a_2,None,Material Implication (Impl): Rule 15 [HIGH-RISK],PENDING_REVIEW,PASS,PASS,Conditional content requirement. HIGH-RISK.,MEDIUM
47,47.305-12(b),P_47_305_12_b,Describe explosive and dangerous material per regular freight classification and 49 CFR 172.101.,P_47_305_12_b: Dual hazmat description requirement,P_47_305_12_b,[EXTERNAL 49 CFR],N/A (directive),VALIDATED,PASS,PASS,Mandatory dual description.,HIGH
47,47.305-13,P_47_305_13,Transit arrangements.,P_47_305_13: Transit arrangement provisions,P_47_305_13 = P_47_305_13_a,None,Conjunction (Conj): Rule 7,VALIDATED,PASS,PASS,Parent.,HIGH
47,47.305-13(a),P_47_305_13_a,Transit arrangements permit stopping carload/truckload shipments at intermediate points for storage or processing under a single through rate. Consider benefits; restrict to f.o.b. origin. Insert provision at 52.247-56 when transit arrangements might benefit Government.,P_47_305_13_a_1: Transit arrangements permit intermediate stops at through rates; P_47_305_13_a_2: Restrict to f.o.b. origin; P_47_305_13_a_3: Insert provision at 52.247-56 when benefits possible,P_47_305_13_a = P_47_305_13_a_1 ∧ P_47_305_13_a_2 ∧ P_47_305_13_a_3,None,Conjunction (Conj): Rule 7,VALIDATED,PASS,PASS,"Three conjunctive elements: definition, restriction, and clause insertion.",HIGH
47,47.305-14,P_47_305_14,"Generally do not specify particular mode or carrier in solicitations. If program requires particular carrier types, state in solicitation. Obtain specifications from transportation office.",P_47_305_14_1: Generally no mode/carrier specification; P_47_305_14_2: Exception for program requirements,P_47_305_14_1 ∧ (P_47_305_14_program ⊃ P_47_305_14_2),None,Conjunction (Conj): Rule 7; Material Implication (Impl): Rule 15 [HIGH-RISK],PENDING_REVIEW,PASS,PASS,General prohibition with conditional exception. HIGH-RISK.,MEDIUM
47,47.305-15,P_47_305_15,Loading responsibilities of contractors.,P_47_305_15: Contractor loading responsibilities,P_47_305_15 = P_47_305_15_a ∧ P_47_305_15_b,None,Conjunction (Conj): Rule 7,VALIDATED,PASS,PASS,Parent.,HIGH
47,47.305-15(a),P_47_305_15_a,"Contractors responsible for loading, blocking, and bracing carload shipments per AAR standards. Insert clause at 52.247-58 for rail carload shipments.",P_47_305_15_a_1: Contractors responsible per AAR standards; P_47_305_15_a_2: Rail carload possible; P_47_305_15_a_3: Insert clause at 52.247-58,P_47_305_15_a_1 ∧ (P_47_305_15_a_2 ⊃ P_47_305_15_a_3),None,Conjunction (Conj): Rule 7; Material Implication (Impl): Rule 15 [HIGH-RISK],PENDING_REVIEW,PASS,PASS,Mandatory responsibility combined with conditional clause. HIGH-RISK.,MEDIUM
47,47.305-15(b),P_47_305_15_b,"If supply nature or safety/environmental/transportability factors require special securing methods, include detailed specifications coordinated with transportation office.",P_47_305_15_b_1: Special securing needed; P_47_305_15_b_2: Include detailed specifications,P_47_305_15_b_1 ⊃ P_47_305_15_b_2,None,Material Implication (Impl): Rule 15 [HIGH-RISK],PENDING_REVIEW,PASS,PASS,Conditional specification requirement. HIGH-RISK.,MEDIUM
47,47.400,P_47_400,Scope: policies and procedures for implementing 49 U.S.C. 40118 (Fly America Act).,P_47_400: Fly America Act scope,P_47_400,None,N/A (scope),VALIDATED,PASS,PASS,Scope statement.,HIGH
47,47.401,P_47_401,"Definitions: air freight forwarder, gateway airport abroad, gateway airport in the United States, international air transportation, United States, U.S.-flag air carrier.",P_47_401: Subpart 47.4 definitions,P_47_401,None,N/A (definitions),VALIDATED,PASS,PASS,Six definitions for Fly America Act subpart.,HIGH
47,47.402,P_47_402,"Under the Fly America Act, Federal employees, dependents, consultants, contractors, grantees, and others must use U.S.-flag air carriers if available for Government-financed international air travel and transportation.",P_47_402: Mandatory U.S.-flag air carrier use for Government-financed international travel,P_47_402,None,N/A (mandatory policy),VALIDATED,PASS,PASS,Core Fly America Act requirement. Must indicates mandatory.,HIGH
47,47.403,P_47_403,"Guidelines for implementation of the Fly America Act per Comptroller General case B-138942 (March 31, 1981).",P_47_403: Implementation guidelines,P_47_403 = P_47_403_1 ∧ P_47_403_2 ∧ P_47_403_3,None,Conjunction (Conj): Rule 7,VALIDATED,PASS,PASS,Parent for implementation guidelines.,HIGH
47,47.403-1,P_47_403_1,Availability and unavailability of U.S.-flag air carrier service.,P_47_403_1: Availability/unavailability rules,P_47_403_1 = P_47_403_1_a ∧ P_47_403_1_b ∧ P_47_403_1_c ∧ P_47_403_1_d ∧ P_47_403_1_e ∧ P_47_403_1_f,None,Conjunction (Conj): Rule 7,VALIDATED,PASS,PASS,Parent for availability rules.,HIGH
47,47.403-1(a),P_47_403_1_a,"If U.S.-flag air carrier cannot provide needed service or use would not accomplish agency mission, agency may use foreign-flag.",P_47_403_1_a_1: U.S.-flag cannot provide service or would not accomplish mission; P_47_403_1_a_2: Agency may use foreign-flag,P_47_403_1_a_1 ⊃ (P_47_403_1_a_2 ∨ ~P_47_403_1_a_2),None,Material Implication (Impl): Rule 15 [HIGH-RISK]; Tautology (Taut): Rule 18,PENDING_REVIEW,PASS,PASS,Permissive exception. Unavailability or mission need triggers discretion. HIGH-RISK.,MEDIUM
47,47.403-1(b),P_47_403_1_b,"U.S.-flag service is considered available even though (1) foreign-flag is cheaper, (2) agency/traveler prefers foreign-flag, or (3) excess foreign currency is available.",P_47_403_1_b_1: Foreign-flag cheaper; P_47_403_1_b_2: Preference for foreign-flag; P_47_403_1_b_3: Excess foreign currency available; P_47_403_1_b_4: U.S.-flag still considered available,(P_47_403_1_b_1 ∨ P_47_403_1_b_2 ∨ P_47_403_1_b_3) ⊃ P_47_403_1_b_4,None,Material Implication (Impl): Rule 15 [HIGH-RISK]; Disjunction (Disj): Rule 8,PENDING_REVIEW,PASS,PASS,Mandatory availability determination. None of three factors can override U.S.-flag requirement. HIGH-RISK.,MEDIUM
47,47.403-1(c),P_47_403_1_c,"Use U.S.-flag if available. Apply scheduling principles: (1) use U.S.-flag to destination or farthest interchange, (2) use foreign-flag only to nearest U.S.-flag interchange, (3) involuntary rerouting by U.S.-flag permits foreign-flag use.",P_47_403_1_c_1: Use U.S.-flag when available; P_47_403_1_c_2: Scheduling principle - farthest interchange; P_47_403_1_c_3: Foreign-flag only to nearest interchange; P_47_403_1_c_4: Involuntary reroute exception,P_47_403_1_c = P_47_403_1_c_1 ∧ P_47_403_1_c_2 ∧ P_47_403_1_c_3 ∧ P_47_403_1_c_4,None,Conjunction (Conj): Rule 7,VALIDATED,PASS,PASS,Four conjunctive scheduling principles for U.S.-flag carrier use.,HIGH
47,47.403-1(d),P_47_403_1_d,"U.S.-flag passenger service unavailable if (1) gateway abroad as origin/destination with 24+ hour delay, or (2) gateway abroad as interchange with 6+ hour wait or gateway U.S. with 6+ hour extension.",P_47_403_1_d_1: 24-hour delay at gateway origin/destination; P_47_403_1_d_2: 6-hour wait at interchange or U.S. gateway extension,(P_47_403_1_d_1 ∨ P_47_403_1_d_2) ⊃ ~P_47_403_1_d_available,None,Material Implication (Impl): Rule 15 [HIGH-RISK]; Disjunction (Disj): Rule 8; Negation (Neg): Rule 10,PENDING_REVIEW,PASS,PASS,Disjunctive unavailability triggers. Either threshold makes service unavailable. HIGH-RISK.,MEDIUM
47,47.403-1(e),P_47_403_1_e,"For travel between two points outside U.S., U.S.-flag not reasonably available if (1) foreign-flag eliminates 2+ aircraft changes, (2) gateway point with 6+ hour extension, or (3) non-U.S. trip leg with 6+ hour extension.",P_47_403_1_e_1: Foreign-flag eliminates 2+ changes; P_47_403_1_e_2: Gateway 6+ hour extension; P_47_403_1_e_3: Non-U.S. leg 6+ hour extension,(P_47_403_1_e_1 ∨ P_47_403_1_e_2 ∨ P_47_403_1_e_3) ⊃ ~P_47_403_1_e_available,None,Material Implication (Impl): Rule 15 [HIGH-RISK]; Disjunction (Disj): Rule 8; Negation (Neg): Rule 10,PENDING_REVIEW,PASS,PASS,Three disjunctive unavailability triggers for outside-U.S. travel. HIGH-RISK.,MEDIUM
47,47.403-1(f),P_47_403_1_f,"For short-distance travel, U.S.-flag not available when foreign-flag elapsed time is 3 hours or less and U.S.-flag would involve 6+ hours.",P_47_403_1_f_1: Foreign-flag elapsed time 3 hours or less; P_47_403_1_f_2: U.S.-flag involves 6+ hours; P_47_403_1_f_3: U.S.-flag not available,(P_47_403_1_f_1 ∧ P_47_403_1_f_2) ⊃ ~P_47_403_1_f_3,None,Material Implication (Impl): Rule 15 [HIGH-RISK]; Conjunction (Conj): Rule 7; Negation (Neg): Rule 10,PENDING_REVIEW,PASS,PASS,Short-distance exception. Both time conditions must be met. HIGH-RISK.,MEDIUM
47,47.403-2,P_47_403_2,Nothing in the Comptroller General guidelines precludes use of foreign-flag under air transport agreement between U.S. and foreign government consistent with 49 U.S.C. 40101 international aviation policy goals.,P_47_403_2: Air transport agreements permit foreign-flag use,P_47_403_2,[EXTERNAL 49 U.S.C.],N/A (exception/clarification),VALIDATED,PASS,PASS,Treaty/agreement exception to Fly America Act.,HIGH
47,47.403-3,P_47_403_3,Disallowance of expenditures for foreign-flag use.,P_47_403_3: Disallowance rules,P_47_403_3 = P_47_403_3_a ∧ P_47_403_3_b,None,Conjunction (Conj): Rule 7,VALIDATED,PASS,PASS,Parent.,HIGH
47,47.403-3(a),P_47_403_3_a,Agencies must disallow expenditures for foreign-flag international air transportation unless contractor attaches memorandum explaining why U.S.-flag was unavailable or foreign-flag necessary. Statement similar to clause at 52.247-63 satisfies requirement.,P_47_403_3_a_1: Agencies must disallow foreign-flag expenditures; P_47_403_3_a_2: Unless justification memorandum attached; P_47_403_3_a_3: Statement per 52.247-63 satisfies requirement,P_47_403_3_a_1 ∧ (~P_47_403_3_a_2 ⊃ P_47_403_3_a_disallow),P_52_247_63 [EXTERNAL Part 52],Conjunction (Conj): Rule 7; Material Implication (Impl): Rule 15 [HIGH-RISK]; Negation (Neg): Rule 10,PENDING_REVIEW,PASS,PASS,Mandatory disallowance with exception for documented justification. HIGH-RISK.,MEDIUM
47,47.403-3(b),P_47_403_3_b,"For indirect route travel or failure to use available U.S.-flag service, disallowance based on loss of revenues to U.S.-flag carriers per formula in 56 Comp. Gen. 209 (1977).",P_47_403_3_b: Disallowance calculated by Comptroller General formula,P_47_403_3_b,None,N/A (procedural),VALIDATED,PASS,PASS,Procedural formula for disallowance calculation.,HIGH
47,47.404,P_47_404,Air freight forwarders.,P_47_404: Air freight forwarder provisions,P_47_404 = P_47_404_a ∧ P_47_404_b,None,Conjunction (Conj): Rule 7,VALIDATED,PASS,PASS,Parent.,HIGH
47,47.404(a),P_47_404_a,Agencies may use international air freight forwarders for Government-financed property movements. Disallowance rule in 47.403-3(a) applies to air carriers used by forwarders.,P_47_404_a_1: Agencies may use international air freight forwarders; P_47_404_a_2: Disallowance rule applies to forwarder air carriers,(P_47_404_a_1 ∨ ~P_47_404_a_1) ∧ P_47_404_a_2,P_47_403_3_a,Tautology (Taut): Rule 18; Conjunction (Conj): Rule 7,PENDING_REVIEW,PASS,PASS,Permissive forwarder use with mandatory disallowance application.,MEDIUM
47,47.404(b),P_47_404_b,"Agency personnel must inform international air freight forwarders that to facilitate prompt payment, forwarders must submit (1) copy of airway bill showing air carriers used and (2) justification for foreign-flag use similar to clause at 52.247-63.",P_47_404_b_1: Inform forwarders of billing requirements; P_47_404_b_2: Airway bill copy required; P_47_404_b_3: Foreign-flag justification required,P_47_404_b = P_47_404_b_1 ∧ P_47_404_b_2 ∧ P_47_404_b_3,None,Conjunction (Conj): Rule 7,VALIDATED,PASS,PASS,Three mandatory requirements for forwarder billing.,HIGH
47,47.405,P_47_405,Contract clauses for air transportation.,P_47_405: Air transportation clauses,P_47_405 = P_47_405_a ∧ P_47_405_b,None,Conjunction (Conj): Rule 7,VALIDATED,PASS,PASS,Parent.,HIGH
47,47.405(a),P_47_405_a,"Insert clause at 52.247-63, Preference for U.S.-Flag Air Carriers, when contract may involve Government-financed international air transportation. Does not apply to simplified acquisition or commercial products.",P_47_405_a_1: Contract may involve international air transport; P_47_405_a_2: Insert clause at 52.247-63; P_47_405_a_3: Exception for SAP and commercial products,(P_47_405_a_1 ∧ ~P_47_405_a_3) ⊃ P_47_405_a_2,None,Material Implication (Impl): Rule 15 [HIGH-RISK]; Conjunction (Conj): Rule 7; Negation (Neg): Rule 10,PENDING_REVIEW,PASS,PASS,Conditional clause insertion with dual exception. HIGH-RISK.,MEDIUM
47,47.405(b),P_47_405_b,"Insert clause at 52.247-69, Reporting Requirement for U.S.-Flag Air Carriers Regarding Training to Prevent Human Trafficking, in solicitations and contracts with U.S.-flag air carrier for passenger air transportation. Does not apply to DoD or commercial products.",P_47_405_b_1: Contract with U.S.-flag carrier for passenger transport; P_47_405_b_2: Insert clause at 52.247-69; P_47_405_b_3: Exception for DoD and commercial products,(P_47_405_b_1 ∧ ~P_47_405_b_3) ⊃ P_47_405_b_2,None,Material Implication (Impl): Rule 15 [HIGH-RISK]; Conjunction (Conj): Rule 7; Negation (Neg): Rule 10,PENDING_REVIEW,PASS,PASS,Conditional clause insertion with dual exception. HIGH-RISK.,MEDIUM
47,47.500,P_47_500,Scope of subpart 47.5.,P_47_500: Scope,P_47_500 = P_47_500_a ∧ P_47_500_b,None,Conjunction (Conj): Rule 7,VALIDATED,PASS,PASS,Parent.,HIGH
47,47.500(a),P_47_500_a,Policy and procedures for U.S.-flag vessel preference when ocean transportation of supplies required.,P_47_500_a: U.S.-flag vessel preference scope,P_47_500_a,None,N/A (scope),VALIDATED,PASS,PASS,Scope statement.,HIGH
47,47.500(b),P_47_500_b,This subpart does not apply to DoD. DoD policy in DFARS subpart 247.5.,P_47_500_b: Does not apply to DoD,~P_47_500_b_DoD,[EXTERNAL DFARS],Negation (Neg): Rule 10,VALIDATED,PASS,PASS,DoD exclusion with DFARS cross-reference.,HIGH
47,47.501,P_47_501,"Definitions: dry bulk carrier, dry cargo liner, foreign-flag vessel, Government vessel, privately owned U.S.-flag commercial vessel, tanker, U.S.-flag vessel.",P_47_501: Seven definitions for subpart 47.5,P_47_501,None,N/A (definitions),VALIDATED,PASS,PASS,Seven vessel-related definitions.,HIGH
47,47.502,P_47_502,Policy for ocean transportation.,P_47_502: Ocean transport policy,P_47_502 = P_47_502_a ∧ P_47_502_b,None,Conjunction (Conj): Rule 7,VALIDATED,PASS,PASS,Parent.,HIGH
47,47.502(a),P_47_502_a,"Cargo Preference Act of 1954 (46 U.S.C. 55305) requires agencies to ensure contractors transport at least 50% of gross tonnage (computed separately for dry bulk, dry cargo liners, and tankers) on privately owned U.S.-flag commercial vessels, to extent vessels available at fair and reasonable rates, when supplies acquired for U.S. account, furnished to foreign nations, or acquired with U.S. advances/loans/guaranties.",P_47_502_a_1: 50% tonnage on U.S.-flag vessels; P_47_502_a_2: Computed separately by vessel type; P_47_502_a_3: Vessels available at fair rates; P_47_502_a_4: Applies to specified supply categories,P_47_502_a_3 ⊃ (P_47_502_a_1 ∧ P_47_502_a_2 ∧ P_47_502_a_4),[EXTERNAL 46 U.S.C.],Material Implication (Impl): Rule 15 [HIGH-RISK]; Conjunction (Conj): Rule 7,PENDING_REVIEW,PASS,PASS,Cargo Preference Act 1954 core requirement. Conditional on vessel availability at fair rates. HIGH-RISK.,MEDIUM
47,47.502(b),P_47_502_b,Cargo Preference Act of 1904 (10 U.S.C. 2631) requires DoD agencies to use only U.S.-flag vessels for ocean transportation unless not available at fair and reasonable rates.,P_47_502_b_1: DoD supply ocean transport; P_47_502_b_2: Use only U.S.-flag vessels; P_47_502_b_3: Unless unavailable at fair rates,P_47_502_b_1 ⊃ (P_47_502_b_2 ∧ ~P_47_502_b_3),[EXTERNAL 10 U.S.C.],Material Implication (Impl): Rule 15 [HIGH-RISK]; Conjunction (Conj): Rule 7; Negation (Neg): Rule 10,PENDING_REVIEW,PASS,PASS,Stricter DoD requirement - only U.S.-flag unless unavailable. HIGH-RISK.,MEDIUM
47,47.503,P_47_503,Applicability of Cargo Preference Acts.,P_47_503: Cargo Preference applicability,P_47_503 = P_47_503_a ∧ P_47_503_b ∧ P_47_503_c,None,Conjunction (Conj): Rule 7,VALIDATED,PASS,PASS,Parent.,HIGH
47,47.503(a),P_47_503_a,"Cargo Preference Acts apply to Government-owned supplies in Government/contractor/subcontractor possession, non-Government supplies acquired for Government use, and supplies for foreign assistance distribution.",P_47_503_a_1: Government-owned in any possession; P_47_503_a_2: Non-Government acquired for Government use; P_47_503_a_3: Foreign assistance supplies,P_47_503_a = P_47_503_a_1 ∨ P_47_503_a_2 ∨ P_47_503_a_3,P_47_504,Disjunction (Disj): Rule 8,VALIDATED,PASS,PASS,Disjunctive applicability. Any of three cargo categories triggers requirement.,HIGH
47,47.503(b),P_47_503_b,Government-owned supplies for military use must be transported exclusively in U.S.-flag commercial vessels if available at fair and reasonable rates.,P_47_503_b_1: Government-owned for military use; P_47_503_b_2: U.S.-flag available at fair rates; P_47_503_b_3: Must transport exclusively on U.S.-flag,(P_47_503_b_1 ∧ P_47_503_b_2) ⊃ P_47_503_b_3,None,Material Implication (Impl): Rule 15 [HIGH-RISK]; Conjunction (Conj): Rule 7,PENDING_REVIEW,PASS,PASS,Stricter exclusive-use requirement for military supplies. Both conditions required. HIGH-RISK.,MEDIUM
47,47.503(c),P_47_503_c,The 50-percent requirement does not preclude use of U.S.-flag commercial vessels for up to 100% of cargo subject to the 1954 Act.,P_47_503_c: 50% minimum does not cap at 50%,P_47_503_c,None,N/A (clarification),VALIDATED,PASS,PASS,Clarifying statement. No upper limit on U.S.-flag use.,HIGH
47,47.504,P_47_504,Exceptions to subpart 47.5.,P_47_504: Exceptions,P_47_504 = P_47_504_a ∧ P_47_504_b ∧ P_47_504_c ∧ P_47_504_d,None,Conjunction (Conj): Rule 7,VALIDATED,PASS,PASS,Parent for four exception categories.,HIGH
47,47.504(a),P_47_504_a,Shipments aboard vessels as required or authorized by law or treaty.,P_47_504_a: Law/treaty exception,~P_47_504_a_subpart_applies,None,Negation (Neg): Rule 10,VALIDATED,PASS,PASS,Exception for legally mandated vessel use.,HIGH
47,47.504(b),P_47_504_b,Ocean transportation between foreign countries of supplies purchased with foreign currencies under Foreign Assistance Act of 1961 (22 U.S.C. 2353).,P_47_504_b: Foreign currency/Foreign Assistance Act exception,~P_47_504_b_subpart_applies,[EXTERNAL 22 U.S.C.],Negation (Neg): Rule 10,VALIDATED,PASS,PASS,Exception for foreign-currency purchases.,HIGH
47,47.504(c),P_47_504_c,Shipments of classified supplies when classification prohibits use of non-Government vessels.,P_47_504_c: Classified supply exception,~P_47_504_c_subpart_applies,None,Negation (Neg): Rule 10,VALIDATED,PASS,PASS,Exception for classified supplies.,HIGH
47,47.504(d),P_47_504_d,"Subcontracts for commercial products or services. Exception does not apply to grants-in-aid shipments, 46 U.S.C. 55305 shipments, ocean transport/construction subcontracts, or commercial products shipped in direct military support.",P_47_504_d_1: Commercial product/service subcontracts exempted; P_47_504_d_2: Four categories of exceptions to the exception,P_47_504_d_1 ∧ ~P_47_504_d_2,[EXTERNAL 46 U.S.C.],Conjunction (Conj): Rule 7; Negation (Neg): Rule 10,VALIDATED,PASS,PASS,Exception with four carve-backs. Complex nested exclusion structure.,HIGH
47,47.506,P_47_506,"If contractor notifies CO that U.S.-flag commercial vessel not available, seek assistance from transportation activity.",P_47_506_1: Contractor notifies vessel unavailability; P_47_506_2: Seek transportation activity assistance,P_47_506_1 ⊃ P_47_506_2,None,Material Implication (Impl): Rule 15 [HIGH-RISK],PENDING_REVIEW,PASS,PASS,Conditional procedure. Notification triggers mandatory assistance-seeking. HIGH-RISK.,MEDIUM
47,47.507,P_47_507,Contract clauses for ocean transportation.,P_47_507: Ocean transport clauses,P_47_507 = P_47_507_a ∧ P_47_507_b,None,Conjunction (Conj): Rule 7,VALIDATED,PASS,PASS,Parent.,HIGH
47,47.507(a),P_47_507_a,"Insert clause at 52.247-64, Preference for Privately Owned U.S.-Flag Commercial Vessels, in solicitations and contracts involving ocean transport subject to 1954 Act.",P_47_507_a_1: Ocean transport subject to 1954 Act; P_47_507_a_2: Insert clause at 52.247-64,P_47_507_a_1 ⊃ P_47_507_a_2,None,Material Implication (Impl): Rule 15 [HIGH-RISK],PENDING_REVIEW,PASS,PASS,Conditional clause insertion. HIGH-RISK.,MEDIUM
47,47.507(a)(2),P_47_507_a_2,"If statute or agency procedures require exclusive U.S.-flag use, use Alternate I.",P_47_507_a_2_1: Exclusive U.S.-flag required; P_47_507_a_2_2: Use Alternate I,P_47_507_a_2_1 ⊃ P_47_507_a_2_2,None,Material Implication (Impl): Rule 15 [HIGH-RISK],PENDING_REVIEW,PASS,PASS,Conditional alternate clause. HIGH-RISK.,MEDIUM
47,47.507(a)(3),P_47_507_a_3,"Except for ocean transport or construction contracts, use Alternate II if commercial products shipped in direct military support of contingency operations, exercises, or UN/NATO humanitarian/peacekeeping operations.",P_47_507_a_3_1: Commercial products in direct military support; P_47_507_a_3_2: Not ocean transport or construction contract; P_47_507_a_3_3: Use Alternate II,(P_47_507_a_3_1 ∧ P_47_507_a_3_2) ⊃ P_47_507_a_3_3,None,Material Implication (Impl): Rule 15 [HIGH-RISK]; Conjunction (Conj): Rule 7,PENDING_REVIEW,PASS,PASS,Conditional alternate with dual requirement. HIGH-RISK.,MEDIUM
47,47.507(b),P_47_507_b,"The CO may, under agency procedures, insert in solicitations and contracts additional clauses concerning the vessels used.",P_47_507_b: CO may insert additional vessel clauses,P_47_507_b ∨ ~P_47_507_b,None,Tautology (Taut): Rule 18,PENDING_REVIEW,PASS,PASS,Permissive authority. May creates discretion.,MEDIUM
