RFO_Part,Section_Number,Propositional_ID,Natural_Language,Atomic_Propositions,Formal_Logic_Statement,Dependencies,Justification_Rules,Validation_Status,Logical_Check,Real_World_Check,Validation_Notes,Confidence_Level
42,42.000,P_42_000,This part prescribes policies and procedures for assigning and performing contract administration and contract audit services.,P_42_000_a: Part 42 prescribes policies and procedures for assigning and performing contract administration services; P_42_000_b: Part 42 prescribes policies and procedures for assigning and performing contract audit services,P_42_000 = P_42_000_a ∧ P_42_000_b,None,Conjunction (Conj): Rule 7,VALIDATED,PASS,PASS,Scope statement establishes the dual purpose of Part 42. Both administration and audit services are covered.,HIGH
42,42.001,P_42_001,Interagency agreements requirements for preventing duplicate oversight and ensuring payment for services.,P_42_001: Interagency agreement requirements consist of duplicate prevention and payment provisions,P_42_001 = P_42_001_a ∧ P_42_001_b,None,Conjunction (Conj): Rule 7,VALIDATED,PASS,PASS,Parent proposition. Both subparts are mandatory requirements.,HIGH
42,42.001(a),P_42_001_a,"Agencies must use interagency agreements to prevent duplicate audits, reviews, inspections, and examinations of contractors or subcontractors by more than one agency.","P_42_001_a_1: Agencies use interagency agreements; P_42_001_a_2: Interagency agreements prevent duplicate audits, reviews, inspections, and examinations of contractors or subcontractors by more than one agency",P_42_001_a = P_42_001_a_1 ∧ P_42_001_a_2,None,Conjunction (Conj): Rule 7,VALIDATED,PASS,PASS,Mandatory requirement (must). Agencies are required to use interagency agreements as preventive measure against duplicative oversight.,HIGH
42,42.001(b),P_42_001_b,"Subject to the fiscal regulations of the agencies and applicable interagency agreements, the requesting agency must pay the servicing agency for services rendered, in accordance with the Economy Act (31 U.S.C. 1535).",P_42_001_b_1: Fiscal regulations of agencies apply; P_42_001_b_2: Applicable interagency agreements apply; P_42_001_b_3: Requesting agency pays servicing agency for services rendered; P_42_001_b_4: Payment is in accordance with the Economy Act (31 U.S.C. 1535),(P_42_001_b_1 ∧ P_42_001_b_2) ⊃ (P_42_001_b_3 ∧ P_42_001_b_4),None,Material Implication (Impl): Rule 15 [HIGH-RISK]; Conjunction (Conj): Rule 7,PENDING_REVIEW,PASS,PASS,"Conditional requirement: subject to fiscal regulations and interagency agreements, payment is mandatory. Uses material implication because payment obligation is triggered by the governing conditions. Economy Act citation is external statutory dependency.",MEDIUM
42,42.002,P_42_002,Cognizant Federal agency determination requirements.,P_42_002: Cognizant Federal agency requirements consist of determination criteria and continuity provisions,P_42_002 = P_42_002_a ∧ P_42_002_b,None,Conjunction (Conj): Rule 7,VALIDATED,PASS,PASS,Parent proposition combining determination criteria and continuity advisory.,HIGH
42,42.002(a),P_42_002_a,"The cognizant Federal agency is the agency with the largest dollar amount in negotiated contracts, including options, for each contractor business unit, except for educational institutions and nonprofits. The cognizant Federal agency for educational institutions (defined as institutions of higher education at 2 CFR part 200, subpart A, and 20 U.S.C. 1001) and nonprofit organizations (as defined in 2 CFR part 200), the cognizant Federal agency for indirect costs is determined by using the OMB Uniform Guidance at 2 CFR part 200, appendices III and IV, respectively.","P_42_002_a_1: Cognizant Federal agency is agency with largest dollar amount in negotiated contracts including options for each contractor business unit; P_42_002_a_2: Educational institutions and nonprofits are excepted from the general rule; P_42_002_a_3: For educational institutions and nonprofits, cognizance determined by OMB Uniform Guidance at 2 CFR part 200",(~P_42_002_a_2 ⊃ P_42_002_a_1) ∧ (P_42_002_a_2 ⊃ P_42_002_a_3),None,Material Implication (Impl): Rule 15 [HIGH-RISK]; Conjunction (Conj): Rule 7,PENDING_REVIEW,PASS,PASS,Two-track determination: general rule for most contractors (largest dollar amount) and exception path for educational/nonprofit entities via OMB guidance. Material implication used for both conditional paths.,MEDIUM
42,42.002(b),P_42_002_b,"Once a Federal agency assumes cognizance for a contractor, it should remain the cognizant Federal agency for at least 5 years to ensure continuity and ease of administration.",P_42_002_b_1: Federal agency assumes cognizance for a contractor; P_42_002_b_2: Agency remains cognizant for at least 5 years; P_42_002_b_3: Continuity and ease of administration are ensured,P_42_002_b_1 ⊃ (P_42_002_b_2 ∧ P_42_002_b_3),None,Material Implication (Impl): Rule 15 [HIGH-RISK]; Conjunction (Conj): Rule 7,PENDING_REVIEW,PASS,PASS,"Advisory ""should"" indicates recommended practice, not mandatory. Five-year continuity is guidance, not binding. Flagged PENDING_REVIEW per advisory requirement protocol.",MEDIUM
42,42.101,P_42_101,Contract audit responsibilities of the auditor and designation of responsible audit agency.,P_42_101: Contract audit responsibilities encompass auditor duties and agency designation,P_42_101 = P_42_101_a ∧ P_42_101_b,None,Conjunction (Conj): Rule 7,VALIDATED,PASS,PASS,Parent proposition combining auditor responsibilities and agency designation.,HIGH
42,42.101(a),P_42_101_a,"The auditor is responsible for analyzing contractor financial records, reviewing cost control systems, and performing other analyses requiring access to financial records.","P_42_101_a: Auditor responsibilities consist of financial analysis, cost control review, and other record-dependent analyses",P_42_101_a = P_42_101_a_1 ∧ P_42_101_a_2 ∧ P_42_101_a_3,None,Conjunction (Conj): Rule 7,VALIDATED,PASS,PASS,Parent for auditor responsibilities. All three functions are concurrent duties.,HIGH
42,42.101(a)(1),P_42_101_a_1,Analyzing contractor financial records or other related data and advising the requesting activity on the acceptability of the contractor's incurred and estimated costs.,P_42_101_a_1_a: Auditor analyzes contractor financial records or other related data; P_42_101_a_1_b: Auditor advises requesting activity on acceptability of incurred and estimated costs,P_42_101_a_1 = P_42_101_a_1_a ∧ P_42_101_a_1_b,None,Conjunction (Conj): Rule 7,VALIDATED,PASS,PASS,Dual function: analysis and advisory. Both are required components of this responsibility.,HIGH
42,42.101(a)(2),P_42_101_a_2,Reviewing the financial and accounting aspects of the contractor's cost control systems.,P_42_101_a_2: Auditor reviews financial and accounting aspects of contractor cost control systems,P_42_101_a_2,None,Atomic proposition (no transformation required),VALIDATED,PASS,PASS,Single atomic requirement. No logical transformation needed.,HIGH
42,42.101(a)(3),P_42_101_a_3,Performing other analyses and reviews that require access to the contractor's financial and accounting records supporting proposed and incurred costs.,P_42_101_a_3_a: Auditor performs other analyses and reviews; P_42_101_a_3_b: Analyses require access to contractor financial and accounting records supporting proposed and incurred costs,P_42_101_a_3 = P_42_101_a_3_a ∧ P_42_101_a_3_b,None,Conjunction (Conj): Rule 7,VALIDATED,PASS,PASS,Catch-all provision for additional audit functions. Access to records is prerequisite condition.,HIGH
42,42.101(b),P_42_101_b,"Normally, the Defense Contract Audit Agency (DCAA) is the responsible Government audit agency. However, there may be instances where an agency other than DCAA desires cognizance of a particular contractor. In those instances, the two agencies must agree on the most efficient and economical approach to meet contract audit requirements. For educational institutions and nonprofit organizations, audit cognizance will be determined according to the provisions of the OMB Uniform Guidance at 2 CFR part 200.","P_42_101_b_1: DCAA is normally the responsible Government audit agency; P_42_101_b_2: Another agency desires cognizance of a particular contractor; P_42_101_b_3: Two agencies must agree on most efficient and economical approach; P_42_101_b_4: For educational institutions and nonprofits, audit cognizance determined per OMB Uniform Guidance at 2 CFR part 200",P_42_101_b_1 ∧ (P_42_101_b_2 ⊃ P_42_101_b_3) ∧ P_42_101_b_4,None,Conjunction (Conj): Rule 7; Material Implication (Impl): Rule 15 [HIGH-RISK],PENDING_REVIEW,PASS,PASS,Default assignment to DCAA with conditional exception path when another agency seeks cognizance. Educational/nonprofit path follows OMB guidance. Material implication used for the exception condition.,MEDIUM
42,42.102,P_42_102,Assignment of contract audit services procedures.,P_42_102: Assignment procedures consist of requesting and declining audit services,P_42_102 = P_42_102_a ∧ P_42_102_b,None,Conjunction (Conj): Rule 7,VALIDATED,PASS,PASS,Parent proposition for audit service assignment.,HIGH
42,42.102(a),P_42_102_a,Contracting officers may request audit services directly from the responsible audit agency listed in the Directory of Federal Contract Audit Offices. Requests must include a suspense date and identify any information needed by the contracting officer.,P_42_102_a_1: Contracting officers may request audit services directly from responsible audit agency; P_42_102_a_2: Requests must include a suspense date; P_42_102_a_3: Requests must identify information needed by the contracting officer,P_42_102_a_1 ∧ (P_42_102_a_1 ⊃ (P_42_102_a_2 ∧ P_42_102_a_3)),P_42_103,Conjunction (Conj): Rule 7; Material Implication (Impl): Rule 15 [HIGH-RISK],PENDING_REVIEW,PASS,PASS,"Permissive authority (""may"") to request services, but when requests are made, suspense date and information identification are mandatory (""must""). Conditional mandatory requirements triggered by the permissive act.",MEDIUM
42,42.102(b),P_42_102_b,The responsible audit agency may decline requests for services on a case-by-case basis if they lack adequate resources. Declinations must be in writing.,P_42_102_b_1: Audit agency lacks adequate resources; P_42_102_b_2: Audit agency may decline requests for services; P_42_102_b_3: Declinations must be in writing,P_42_102_b_1 ⊃ (P_42_102_b_2 ∨ ~P_42_102_b_2) ∧ (P_42_102_b_2 ⊃ P_42_102_b_3),None,Material Implication (Impl): Rule 15 [HIGH-RISK]; Conjunction (Conj): Rule 7,PENDING_REVIEW,PASS,PASS,"Permissive authority to decline (""may"") conditional on inadequate resources. Tautology represents discretion. Writing requirement is mandatory when declination occurs.",MEDIUM
42,42.103,P_42_103,Contract audit services directory maintenance and access.,P_42_103: Directory provisions consist of maintenance requirements and access information,P_42_103 = P_42_103_a ∧ P_42_103_b,None,Conjunction (Conj): Rule 7,VALIDATED,PASS,PASS,Parent proposition for directory provisions.,HIGH
42,42.103(a),P_42_103_a,DCAA maintains the Directory of Federal Contract Audit Offices. The directory identifies cognizant audit offices and the assigned contractors they have cognizance over. Contract Audit Offices must provide audit cognizance changes to DCAA for directory updates.,P_42_103_a_1: DCAA maintains the Directory of Federal Contract Audit Offices; P_42_103_a_2: Directory identifies cognizant audit offices and assigned contractors; P_42_103_a_3: Contract Audit Offices must provide audit cognizance changes to DCAA for directory updates,P_42_103_a = P_42_103_a_1 ∧ P_42_103_a_2 ∧ P_42_103_a_3,None,Conjunction (Conj): Rule 7,VALIDATED,PASS,PASS,"Three mandatory requirements: maintenance, identification, and change reporting. All are ongoing obligations.",HIGH
42,42.103(b),P_42_103_b,"To obtain the directory or information about audit offices, contact: Defense Contract Audit Agency, ATTN: CMO, Publications Officer, 8725 John J. Kingman Road, Suite 2135, Fort Belvoir, VA 22060-6219.","P_42_103_b: Contact information for obtaining the directory is DCAA at Fort Belvoir, VA",P_42_103_b,None,Atomic proposition (no transformation required),VALIDATED,PASS,PASS,Informational provision. Contact details for directory access. No logical transformation needed.,HIGH
42,42.201,P_42_201,"For each contract assigned for administration, the contract administration office (CAO) will perform specified functions.",P_42_201: CAO responsibilities for assigned contracts consist of three categories of functions,P_42_201 = P_42_201_a ∧ P_42_201_b ∧ P_42_201_c,None,Conjunction (Conj): Rule 7,VALIDATED,PASS,PASS,Parent proposition. All three function categories apply to each assigned contract.,HIGH
42,42.201(a),P_42_201_a,"Perform the functions listed in 42.302(a) to the extent that they apply to the contract, except for the functions specifically withheld.",P_42_201_a_1: CAO performs functions in 42.302(a); P_42_201_a_2: Functions apply to the contract; P_42_201_a_3: Functions specifically withheld are excepted,(P_42_201_a_2 ∧ ~P_42_201_a_3) ⊃ P_42_201_a_1,P_42_302_a,Material Implication (Impl): Rule 15 [HIGH-RISK]; Conjunction (Conj): Rule 7; Negation (Neg): Rule 10,PENDING_REVIEW,PASS,PASS,Conditional: CAO performs 42.302(a) functions when they apply AND are not withheld. Two conditions must both be true for performance obligation to arise.,MEDIUM
42,42.201(b),P_42_201_b,Perform the functions listed in 42.302(b) only when and to the extent specifically authorized by the contracting officer.,P_42_201_b_1: CAO performs functions in 42.302(b); P_42_201_b_2: Functions are specifically authorized by the contracting officer,P_42_201_b_2 ⊃ P_42_201_b_1,P_42_302_b,Material Implication (Impl): Rule 15 [HIGH-RISK],PENDING_REVIEW,PASS,PASS,Conditional: 42.302(b) functions performed only when specifically authorized. Authorization is necessary condition.,MEDIUM
42,42.201(c),P_42_201_c,Request supporting contract administration under 42.202(e) and (f) as required.,P_42_201_c: CAO requests supporting contract administration under 42.202(e) and (f) as required,P_42_201_c,P_42_202,Atomic proposition (no transformation required),VALIDATED,PASS,PASS,Mandatory duty to request supporting administration when needed.,HIGH
42,42.202,P_42_202,"Assignment of contract administration covering delegation, special instructions, additional functions, rescission, secondary delegations, special surveillance, and declination.",P_42_202: Contract administration assignment provisions,P_42_202 = P_42_202_a ∧ P_42_202_b ∧ P_42_202_c ∧ P_42_202_d ∧ P_42_202_e ∧ P_42_202_f ∧ P_42_202_g,None,Conjunction (Conj): Rule 7,VALIDATED,PASS,PASS,Parent proposition. All seven subsections are components of the assignment framework.,HIGH
42,42.202(a),P_42_202_a,Contracting officers may delegate contract administration or specialized support services through interagency agreements or by direct request to the cognizant CAO listed in the CASD. The delegation should include specified elements.,P_42_202_a: Delegation authority and required delegation elements,P_42_202_a = P_42_202_a_1 ∧ P_42_202_a_2 ∧ P_42_202_a_3 ∧ P_42_202_a_4,P_42_203,Conjunction (Conj): Rule 7,PENDING_REVIEW,PASS,PASS,"Parent for delegation elements. ""May"" grants discretionary authority; ""should include"" makes sub-elements advisory. Flagged as PENDING_REVIEW due to advisory ""should.""",MEDIUM
42,42.202(a)(1),P_42_202_a_1,The name and address of the CAO designated to perform the administration (this information must also be entered in the contract).,P_42_202_a_1_a: Delegation includes name and address of designated CAO; P_42_202_a_1_b: CAO information must be entered in the contract,P_42_202_a_1 = P_42_202_a_1_a ∧ P_42_202_a_1_b,None,Conjunction (Conj): Rule 7,VALIDATED,PASS,PASS,"Two requirements: inclusion in delegation and entry in contract. Second part uses mandatory ""must.""",HIGH
42,42.202(a)(2),P_42_202_a_2,"Any special instructions, including any functions withheld or any specific authorization to perform functions listed in 42.302(b).",P_42_202_a_2: Delegation includes special instructions covering withheld functions and specific authorizations for 42.302(b) functions,P_42_202_a_2,None,Atomic proposition (no transformation required),VALIDATED,PASS,PASS,Single requirement for special instructions in delegation.,HIGH
42,42.202(a)(3),P_42_202_a_3,A copy of the contract to be administered.,P_42_202_a_3: Delegation includes a copy of the contract to be administered,P_42_202_a_3,None,Atomic proposition (no transformation required),VALIDATED,PASS,PASS,Single requirement for contract copy inclusion.,HIGH
42,42.202(a)(4),P_42_202_a_4,"Copies of all contracting agency regulations or directives that are incorporated into the contract by reference or otherwise necessary to administer the contract, unless copies have been provided previously.",P_42_202_a_4_a: Regulations/directives incorporated by reference; P_42_202_a_4_b: Regulations/directives otherwise necessary to administer; P_42_202_a_4_c: Copies have not been previously provided,(P_42_202_a_4_a ∨ P_42_202_a_4_b) ∧ P_42_202_a_4_c,None,Disjunction (Add): Rule 8; Conjunction (Conj): Rule 7,VALIDATED,PASS,PASS,"Either type of regulation triggers inclusion requirement, but only if not previously provided. ""Unless"" creates the negative condition.",HIGH
42,42.202(b),P_42_202_b,"As necessary, the contracting officer must advise the contractor (and other activities as appropriate) of any functions withheld from or additional functions delegated to the CAO.",P_42_202_b_1: Functions are withheld from or additional functions delegated to CAO; P_42_202_b_2: Contracting officer advises contractor and other activities,P_42_202_b_1 ⊃ P_42_202_b_2,None,Material Implication (Impl): Rule 15 [HIGH-RISK],PENDING_REVIEW,PASS,PASS,"Conditional mandatory requirement: when changes to delegation occur, CO must advise. ""Must"" makes the notification mandatory when triggered.",MEDIUM
42,42.202(c),P_42_202_c,"For individual contracts or groups of contracts, the contracting officer may delegate additional functions beyond those listed in 42.302 to the CAO, provided that specified conditions are met.",P_42_202_c: Additional delegation authority subject to conditions,P_42_202_c = (P_42_202_c_1 ∧ P_42_202_c_2 ∧ P_42_202_c_3) ⊃ (P_42_202_c ∨ ~P_42_202_c),P_42_302,Material Implication (Impl): Rule 15 [HIGH-RISK]; Conjunction (Conj): Rule 7,PENDING_REVIEW,PASS,PASS,"Permissive ""may"" with conditions. All three conditions must be met for delegation authority. Tautology in consequent represents discretion.",MEDIUM
42,42.202(c)(1),P_42_202_c_1,Prior coordination with the CAO ensures the availability of required resources.,P_42_202_c_1: Prior coordination with CAO ensures availability of required resources,P_42_202_c_1,None,Atomic proposition (no transformation required),VALIDATED,PASS,PASS,Condition for additional delegation. Resource availability must be confirmed.,HIGH
42,42.202(c)(2),P_42_202_c_2,"In the case of authority to issue orders under provisioning procedures in existing contracts and under basic ordering agreements for items and services identified in the schedule, the head of the contracting activity or designee approves the delegation.",P_42_202_c_2_a: Authority involves orders under provisioning procedures or basic ordering agreements; P_42_202_c_2_b: HCA or designee approves the delegation,P_42_202_c_2_a ⊃ P_42_202_c_2_b,None,Material Implication (Impl): Rule 15 [HIGH-RISK],PENDING_REVIEW,PASS,PASS,Additional approval requirement triggered only for provisioning/BOA order authority. HCA approval is elevated requirement.,MEDIUM
42,42.202(c)(3),P_42_202_c_3,The delegation does not require the CAO to undertake new or follow-on acquisitions.,P_42_202_c_3: Delegation does not require CAO to undertake new or follow-on acquisitions,~P_42_202_c_3,None,Negation (Neg): Rule 10,VALIDATED,PASS,PASS,Negative constraint on delegation scope. CAO cannot be required to do new acquisitions through this mechanism.,HIGH
42,42.202(d),P_42_202_d,"The contracting officer at the requesting agency may rescind or recall a delegation to administer a contract or perform a contract administration function, except for the cognizant Federal agency functions identified in 42.302(a). The requesting agency must coordinate with the CAO to establish a reasonable transition period prior to rescinding or recalling the delegation.",P_42_202_d_1: CO may rescind or recall delegation; P_42_202_d_2: Cognizant Federal agency functions in 42.302(a) are excepted; P_42_202_d_3: Agency must coordinate with CAO for reasonable transition period,(~P_42_202_d_2 ⊃ (P_42_202_d_1 ∨ ~P_42_202_d_1)) ∧ (P_42_202_d_1 ⊃ P_42_202_d_3),P_42_302_a,Material Implication (Impl): Rule 15 [HIGH-RISK]; Conjunction (Conj): Rule 7; Negation (Neg): Rule 10,PENDING_REVIEW,PASS,PASS,Permissive authority to rescind (tautology) with exception for cognizant functions and mandatory coordination when rescission occurs.,MEDIUM
42,42.202(e),P_42_202_e,Secondary delegations of contract administration.,P_42_202_e: Secondary delegation provisions,P_42_202_e = P_42_202_e_1 ∧ P_42_202_e_2,None,Conjunction (Conj): Rule 7,VALIDATED,PASS,PASS,Parent for secondary delegation provisions.,HIGH
42,42.202(e)(1),P_42_202_e_1,"A CAO that has been delegated administration of a contract function may request supporting contract administration from the cognizant CAO at the location. The request must be in writing, clearly state the specific administration functions to be performed, and be accompanied by a copy of pertinent contractual and other necessary documents.",P_42_202_e_1_a: CAO may request supporting administration from cognizant CAO; P_42_202_e_1_b: Request must be in writing; P_42_202_e_1_c: Request must clearly state specific functions; P_42_202_e_1_d: Request must be accompanied by pertinent documents,P_42_202_e_1_a ∧ (P_42_202_e_1_a ⊃ (P_42_202_e_1_b ∧ P_42_202_e_1_c ∧ P_42_202_e_1_d)),None,Conjunction (Conj): Rule 7; Material Implication (Impl): Rule 15 [HIGH-RISK],PENDING_REVIEW,PASS,PASS,Permissive authority to request with mandatory requirements when exercised. Three conditions are all mandatory for the request.,MEDIUM
42,42.202(e)(2),P_42_202_e_2,"The prime contractor is responsible for managing its subcontracts. The CAO's review of subcontracts is normally limited to evaluating the prime contractor's management of the subcontracts. Therefore, supporting contract administration may only be used for subcontracts when the Government would otherwise incur undue cost, successful completion is threatened, or it is authorized under paragraph (f) or elsewhere.",P_42_202_e_2_a: Government would otherwise incur undue cost; P_42_202_e_2_b: Successful completion of prime contract is threatened; P_42_202_e_2_c: Authorized under paragraph (f) or elsewhere in regulation,(P_42_202_e_2_a ∨ P_42_202_e_2_b ∨ P_42_202_e_2_c) ⊃ P_42_202_e_2,None,Disjunction (Add): Rule 8; Material Implication (Impl): Rule 15 [HIGH-RISK],PENDING_REVIEW,PASS,PASS,Restrictive condition: supporting administration for subcontracts only when one of three conditions met. Any one condition is sufficient.,MEDIUM
42,42.202(f),P_42_202_f,"For major system acquisitions (see part 34), the contracting officer may designate certain high risk or critical subsystems or components for special surveillance in addition to requesting supporting contract administration. This surveillance must be conducted in a manner consistent with the policy of requesting that the cognizant CAO perform contract administration functions at a contractor's facility.",P_42_202_f_1: Contract involves major system acquisition; P_42_202_f_2: CO designates high risk or critical subsystems for special surveillance; P_42_202_f_3: Surveillance conducted consistent with cognizant CAO policy,P_42_202_f_1 ⊃ ((P_42_202_f_2 ∨ ~P_42_202_f_2) ∧ (P_42_202_f_2 ⊃ P_42_202_f_3)),P_42_002,Material Implication (Impl): Rule 15 [HIGH-RISK]; Conjunction (Conj): Rule 7,PENDING_REVIEW,PASS,PASS,"Conditional permissive authority: for major system acquisitions, CO may (but need not) designate special surveillance. When designated, consistency with CAO policy is mandatory.",MEDIUM
42,42.202(g),P_42_202_g,An agency may decline a request for contract administration services on a case-by-case basis if they lack adequate resources to accomplish the tasks. Declinations must be in writing.,P_42_202_g_1: Agency lacks adequate resources; P_42_202_g_2: Agency may decline request; P_42_202_g_3: Declinations must be in writing,P_42_202_g_1 ⊃ (P_42_202_g_2 ∨ ~P_42_202_g_2) ∧ (P_42_202_g_2 ⊃ P_42_202_g_3),None,Material Implication (Impl): Rule 15 [HIGH-RISK]; Conjunction (Conj): Rule 7,PENDING_REVIEW,PASS,PASS,Permissive authority to decline conditional on resource inadequacy. Writing requirement mandatory when declination occurs.,MEDIUM
42,42.203,P_42_203,The Defense Contract Management Agency (DCMA) maintains the CASD. The directory lists the contact information of those DCMA and other agency offices that offer contract administration services within designated geographic areas and at specified contractor locations. Federal agencies may access CASD on the Internet at https://piee.eb.mil/pcm/xhtml/unauth/index.xhtml.,P_42_203_a: DCMA maintains the CASD; P_42_203_b: Directory lists contact information for offices offering CAS; P_42_203_c: Federal agencies may access CASD online,P_42_203 = P_42_203_a ∧ P_42_203_b ∧ P_42_203_c,None,Conjunction (Conj): Rule 7,VALIDATED,PASS,PASS,Informational section. Three factual statements about the directory.,HIGH
42,42.302(a)(1),P_42_302_a_1,Review the contractor's compensation structure.,P_42_302_a_1: Review the contractor's compensation structure.,P_42_302_a_1,None,Atomic proposition (no transformation required),VALIDATED,PASS,PASS,CAO function (a)(1).,HIGH
42,42.302(a)(2),P_42_302_a_2,Review the contractor's insurance plans.,P_42_302_a_2: Review the contractor's insurance plans.,P_42_302_a_2,None,Atomic proposition (no transformation required),VALIDATED,PASS,PASS,CAO function (a)(2).,HIGH
42,42.302(a)(3),P_42_302_a_3,Conduct post-award orientation conferences.,P_42_302_a_3: Conduct post-award orientation conferences.,P_42_302_a_3,None,Atomic proposition (no transformation required),VALIDATED,PASS,PASS,CAO function (a)(3).,HIGH
42,42.302(a)(4),P_42_302_a_4,"Review and evaluate contractors' proposals under subpart 15.4 and, when the contracting officer will conduct negotiations, furnish comments and recommendations to that officer.","P_42_302_a_4: Review and evaluate contractors' proposals under subpart 15.4 and, when the contracting officer will conduct negotiations, furnish comments and recommendations to that officer.",P_42_302_a_4,None,Conjunction (Conj): Rule 7; Material Implication (Impl): Rule 15 [HIGH-RISK],PENDING_REVIEW,PASS,PASS,CAO function (a)(4). Contains conditional trigger. Multiple conjunctive duties within single function.,MEDIUM
42,42.302(a)(5),P_42_302_a_5,Negotiate forward pricing rate agreements (see part 15 and subpart 42.13).,P_42_302_a_5: Negotiate forward pricing rate agreements (see part 15 and subpart 42.13).,P_42_302_a_5,P_42_1301,Atomic proposition (no transformation required),VALIDATED,PASS,PASS,CAO function (a)(5). Must be performed by cognizant Federal agency - cannot be retained by non-cognizant CO.,HIGH
42,42.302(a)(6),P_42_302_a_6,Negotiate advance agreements pursuant to the contract cost principles in part 31.,P_42_302_a_6: Negotiate advance agreements pursuant to the contract cost principles in part 31.,P_42_302_a_6,None,Atomic proposition (no transformation required),VALIDATED,PASS,PASS,CAO function (a)(6).,HIGH
42,42.302(a)(7),P_42_302_a_7,"Determine the allowability of costs suspended or disapproved as required (see subpart 42.6), direct the suspension or disapproval of costs when there is reason to believe they should be suspended or disapproved, and approve final vouchers.","P_42_302_a_7: Determine the allowability of costs suspended or disapproved as required (see subpart 42.6), direct the suspension or disapproval of costs when there is reason to believe they should be suspended or disapproved, and approve final vouchers.",P_42_302_a_7,P_42_601,Conjunction (Conj): Rule 7,VALIDATED,PASS,PASS,CAO function (a)(7). Multiple conjunctive duties within single function.,HIGH
42,42.302(a)(8),P_42_302_a_8,Issue Notices of Intent to Disallow or not Recognize Costs (see subpart 42.6).,P_42_302_a_8: Issue Notices of Intent to Disallow or not Recognize Costs (see subpart 42.6).,P_42_302_a_8,P_42_601,Atomic proposition (no transformation required),VALIDATED,PASS,PASS,CAO function (a)(8).,HIGH
42,42.302(a)(9),P_42_302_a_9,Establish final indirect cost rates and billing rates for contractors meeting the criteria for contracting officer determination in subpart 42.5.,P_42_302_a_9: Establish final indirect cost rates and billing rates for contractors meeting the criteria for contracting officer determination in subpart 42.5.,P_42_302_a_9,P_42_505,Atomic proposition (no transformation required),VALIDATED,PASS,PASS,CAO function (a)(9). Must be performed by cognizant Federal agency - cannot be retained by non-cognizant CO.,HIGH
42,42.302(a)(10),P_42_302_a_10,"Attempt to resolve issues in controversy, using alternative dispute resolution (ADR) procedures when appropriate (see part 33); prepare findings of fact; and issue decisions under the Disputes clause on matters in which the ACO has the authority to take definitive action.","P_42_302_a_10: Attempt to resolve issues in controversy, using alternative dispute resolution (ADR) procedures when appropriate (see part 33); prepare findings of fact; and issue decisions under the Disputes clause on matters in which the ACO has the authority to take definitive action.",P_42_302_a_10,None,Conjunction (Conj): Rule 7,VALIDATED,PASS,PASS,CAO function (a)(10). Multiple conjunctive duties within single function.,HIGH
42,42.302(a)(11),P_42_302_a_11,"In connection with Cost Accounting Standards (CAS) (see part 30 and 48 CFR chapter 99), determine adequacy and compliance of disclosure statements, determine contractor compliance, and negotiate price adjustments under CAS clauses at 52.230-2, 52.230-3, 52.230-4, 52.230-5, and 52.230-6.","P_42_302_a_11: In connection with Cost Accounting Standards (CAS) (see part 30 and 48 CFR chapter 99), determine adequacy and compliance of disclosure statements, determine contractor compliance, and negotiate price adjustments under CAS clauses at 52.230-2, 52.230-3, 52.230-4, 52.230-5, and 52.230-6.",P_42_302_a_11,None,Conjunction (Conj): Rule 7,VALIDATED,PASS,PASS,CAO function (a)(11). Must be performed by cognizant Federal agency - cannot be retained by non-cognizant CO. Multiple conjunctive duties within single function.,HIGH
42,42.302(a)(12),P_42_302_a_12,Determine the adequacy of the contractor's accounting system. The contractor's accounting system should be adequate during the entire period of contract performance.,P_42_302_a_12: Determine the adequacy of the contractor's accounting system. The contractor's accounting system should be adequate during the entire period of contract performance.,P_42_302_a_12,None,Atomic proposition (no transformation required),VALIDATED,PASS,PASS,CAO function (a)(12). Must be performed by cognizant Federal agency - cannot be retained by non-cognizant CO.,HIGH
42,42.302(a)(13),P_42_302_a_13,Review and approve or disapprove contractor requests for financing payments (see part 32).,P_42_302_a_13: Review and approve or disapprove contractor requests for financing payments (see part 32).,P_42_302_a_13,None,Atomic proposition (no transformation required),VALIDATED,PASS,PASS,CAO function (a)(13).,HIGH
42,42.302(a)(14),P_42_302_a_14,Make payments on assigned contracts when prescribed in agency acquisition regulations.,P_42_302_a_14: Make payments on assigned contracts when prescribed in agency acquisition regulations.,P_42_302_a_14,None,Material Implication (Impl): Rule 15 [HIGH-RISK],PENDING_REVIEW,PASS,PASS,CAO function (a)(14). Contains conditional trigger.,MEDIUM
42,42.302(a)(15),P_42_302_a_15,Manage special bank accounts.,P_42_302_a_15: Manage special bank accounts.,P_42_302_a_15,None,Atomic proposition (no transformation required),VALIDATED,PASS,PASS,CAO function (a)(15).,HIGH
42,42.302(a)(16),P_42_302_a_16,Ensure the contractor notifies the contracting officer in a timely manner of any anticipated overrun or underrun of the estimated cost under cost-reimbursement contracts.,P_42_302_a_16: Ensure the contractor notifies the contracting officer in a timely manner of any anticipated overrun or underrun of the estimated cost under cost-reimbursement contracts.,P_42_302_a_16,None,Material Implication (Impl): Rule 15 [HIGH-RISK],PENDING_REVIEW,PASS,PASS,CAO function (a)(16). Contains conditional trigger.,MEDIUM
42,42.302(a)(17),P_42_302_a_17,Monitor the contractor's financial condition and advise the contracting officer when it jeopardizes contract performance.,P_42_302_a_17: Monitor the contractor's financial condition and advise the contracting officer when it jeopardizes contract performance.,P_42_302_a_17,None,Material Implication (Impl): Rule 15 [HIGH-RISK],PENDING_REVIEW,PASS,PASS,CAO function (a)(17). Contains conditional trigger.,MEDIUM
42,42.302(a)(18),P_42_302_a_18,Analyze quarterly limitation on payments statements and act in accordance with part 32 to recover overpayments from the contractor.,P_42_302_a_18: Analyze quarterly limitation on payments statements and act in accordance with part 32 to recover overpayments from the contractor.,P_42_302_a_18,None,Atomic proposition (no transformation required),VALIDATED,PASS,PASS,CAO function (a)(18).,HIGH
42,42.302(a)(19),P_42_302_a_19,Issue tax exemption forms.,P_42_302_a_19: Issue tax exemption forms.,P_42_302_a_19,None,Atomic proposition (no transformation required),VALIDATED,PASS,PASS,CAO function (a)(19).,HIGH
42,42.302(a)(20),P_42_302_a_20,Ensure processing and execution of duty-free entry certificates.,P_42_302_a_20: Ensure processing and execution of duty-free entry certificates.,P_42_302_a_20,None,Atomic proposition (no transformation required),VALIDATED,PASS,PASS,CAO function (a)(20).,HIGH
42,42.302(a)(21),P_42_302_a_21,"For classified contracts, administer delegated portions of the industrial security program delegated to the CAO (see part 40).","P_42_302_a_21: For classified contracts, administer delegated portions of the industrial security program delegated to the CAO (see part 40).",P_42_302_a_21,None,Material Implication (Impl): Rule 15 [HIGH-RISK],PENDING_REVIEW,PASS,PASS,CAO function (a)(21). Contains conditional trigger.,MEDIUM
42,42.302(a)(22),P_42_302_a_22,"Review and negotiate supplemental agreements in response to contractor work requests under maintenance, overhaul, modification, and repair contracts.","P_42_302_a_22: Review and negotiate supplemental agreements in response to contractor work requests under maintenance, overhaul, modification, and repair contracts.",P_42_302_a_22,None,Atomic proposition (no transformation required),VALIDATED,PASS,PASS,CAO function (a)(22).,HIGH
42,42.302(a)(23),P_42_302_a_23,Negotiate prices and execute supplemental agreements for spare parts and other items selected through provisioning procedures when prescribed by agency acquisition regulations.,P_42_302_a_23: Negotiate prices and execute supplemental agreements for spare parts and other items selected through provisioning procedures when prescribed by agency acquisition regulations.,P_42_302_a_23,None,Material Implication (Impl): Rule 15 [HIGH-RISK],PENDING_REVIEW,PASS,PASS,CAO function (a)(23). Contains conditional trigger.,MEDIUM
42,42.302(a)(24),P_42_302_a_24,"Negotiate and execute settlement of partial and complete contract terminations for convenience, unless stated otherwise by part 49.","P_42_302_a_24: Negotiate and execute settlement of partial and complete contract terminations for convenience, unless stated otherwise by part 49.",P_42_302_a_24,None,Material Implication (Impl): Rule 15 [HIGH-RISK],PENDING_REVIEW,PASS,PASS,CAO function (a)(24). Contains conditional trigger.,MEDIUM
42,42.302(a)(25),P_42_302_a_25,Negotiate and execute settlements of cancellation charges under multiyear contracts.,P_42_302_a_25: Negotiate and execute settlements of cancellation charges under multiyear contracts.,P_42_302_a_25,None,Atomic proposition (no transformation required),VALIDATED,PASS,PASS,CAO function (a)(25).,HIGH
42,42.302(a)(26),P_42_302_a_26,Process and execute novation and change of name agreements under subpart 42.9.,P_42_302_a_26: Process and execute novation and change of name agreements under subpart 42.9.,P_42_302_a_26,P_42_900,Atomic proposition (no transformation required),VALIDATED,PASS,PASS,CAO function (a)(26).,HIGH
42,42.302(a)(27),P_42_302_a_27,Perform property administration (see part 45).,P_42_302_a_27: Perform property administration (see part 45).,P_42_302_a_27,None,Atomic proposition (no transformation required),VALIDATED,PASS,PASS,CAO function (a)(27).,HIGH
42,42.302(a)(28),P_42_302_a_28,"Perform necessary screening, redistribution, and disposal of contractor inventory.","P_42_302_a_28: Perform necessary screening, redistribution, and disposal of contractor inventory.",P_42_302_a_28,None,Atomic proposition (no transformation required),VALIDATED,PASS,PASS,CAO function (a)(28).,HIGH
42,42.302(a)(29),P_42_302_a_29,"Issue contract modifications requiring the contractor to provide packing, crating, and handling services on excess Government property.","P_42_302_a_29: Issue contract modifications requiring the contractor to provide packing, crating, and handling services on excess Government property.",P_42_302_a_29,None,Atomic proposition (no transformation required),VALIDATED,PASS,PASS,CAO function (a)(29).,HIGH
42,42.302(a)(30),P_42_302_a_30,"When contractors request Government property, evaluate requests, ensure screening, evaluate non-interference use, ensure rental payment, and modify contracts for GFP additions.","P_42_302_a_30: When contractors request Government property, evaluate requests, ensure screening, evaluate non-interference use, ensure rental payment, and modify contracts for GFP additions.",P_42_302_a_30,None,Conjunction (Conj): Rule 7,VALIDATED,PASS,PASS,CAO function (a)(30). Multiple conjunctive duties within single function.,HIGH
42,42.302(a)(31),P_42_302_a_31,"Perform production support, surveillance, and status reporting, including timely reporting of potential and actual slippages in contract delivery schedules.","P_42_302_a_31: Perform production support, surveillance, and status reporting, including timely reporting of potential and actual slippages in contract delivery schedules.",P_42_302_a_31,None,Atomic proposition (no transformation required),VALIDATED,PASS,PASS,CAO function (a)(31).,HIGH
42,42.302(a)(32),P_42_302_a_32,Perform preaward surveys (see part 9).,P_42_302_a_32: Perform preaward surveys (see part 9).,P_42_302_a_32,None,Atomic proposition (no transformation required),VALIDATED,PASS,PASS,CAO function (a)(32).,HIGH
42,42.302(a)(33),P_42_302_a_33,Advise and assist contractors regarding priorities and allocations responsibilities and assist contracting offices in processing requests for special assistance and priority ratings.,P_42_302_a_33: Advise and assist contractors regarding priorities and allocations responsibilities and assist contracting offices in processing requests for special assistance and priority ratings.,P_42_302_a_33,None,Atomic proposition (no transformation required),VALIDATED,PASS,PASS,CAO function (a)(33).,HIGH
42,42.302(a)(34),P_42_302_a_34,Monitor contractor industrial labor relations matters; apprise CO and labor relations advisor of actual or potential labor disputes; coordinate removal of material from strikebound plants.,P_42_302_a_34: Monitor contractor industrial labor relations matters; apprise CO and labor relations advisor of actual or potential labor disputes; coordinate removal of material from strikebound plants.,P_42_302_a_34,None,Conjunction (Conj): Rule 7,VALIDATED,PASS,PASS,CAO function (a)(34). Multiple conjunctive duties within single function.,HIGH
42,42.302(a)(35),P_42_302_a_35,"Perform traffic management services, including issuance and control of Government bills of lading and other transportation documents.","P_42_302_a_35: Perform traffic management services, including issuance and control of Government bills of lading and other transportation documents.",P_42_302_a_35,None,Atomic proposition (no transformation required),VALIDATED,PASS,PASS,CAO function (a)(35).,HIGH
42,42.302(a)(36),P_42_302_a_36,Review the adequacy of the contractor's traffic operations.,P_42_302_a_36: Review the adequacy of the contractor's traffic operations.,P_42_302_a_36,None,Atomic proposition (no transformation required),VALIDATED,PASS,PASS,CAO function (a)(36).,HIGH
42,42.302(a)(37),P_42_302_a_37,"Review and evaluate preservation, packaging, and packing.","P_42_302_a_37: Review and evaluate preservation, packaging, and packing.",P_42_302_a_37,None,Atomic proposition (no transformation required),VALIDATED,PASS,PASS,CAO function (a)(37).,HIGH
42,42.302(a)(38),P_42_302_a_38,Ensure contractor compliance with contractual quality assurance requirements (see part 46).,P_42_302_a_38: Ensure contractor compliance with contractual quality assurance requirements (see part 46).,P_42_302_a_38,None,Atomic proposition (no transformation required),VALIDATED,PASS,PASS,CAO function (a)(38).,HIGH
42,42.302(a)(39),P_42_302_a_39,Ensure contractor compliance with contractual safety requirements.,P_42_302_a_39: Ensure contractor compliance with contractual safety requirements.,P_42_302_a_39,None,Atomic proposition (no transformation required),VALIDATED,PASS,PASS,CAO function (a)(39).,HIGH
42,42.302(a)(40),P_42_302_a_40,"Perform engineering surveillance to assess compliance with contractual terms for schedule, cost, and technical performance in design, development, and production.","P_42_302_a_40: Perform engineering surveillance to assess compliance with contractual terms for schedule, cost, and technical performance in design, development, and production.",P_42_302_a_40,None,Atomic proposition (no transformation required),VALIDATED,PASS,PASS,CAO function (a)(40).,HIGH
42,42.302(a)(41),P_42_302_a_41,"Evaluate for adequacy and perform surveillance of contractor engineering efforts and management systems relating to design, development, production, engineering changes, subcontractors, tests, resources, R&M, data control, configuration management, and IR&D.","P_42_302_a_41: Evaluate for adequacy and perform surveillance of contractor engineering efforts and management systems relating to design, development, production, engineering changes, subcontractors, tests, resources, R&M, data control, configuration management, and IR&D.",P_42_302_a_41,None,Atomic proposition (no transformation required),VALIDATED,PASS,PASS,CAO function (a)(41).,HIGH
42,42.302(a)(42),P_42_302_a_42,"Review and evaluate for technical adequacy the contractor's logistics support, maintenance, and modification programs.","P_42_302_a_42: Review and evaluate for technical adequacy the contractor's logistics support, maintenance, and modification programs.",P_42_302_a_42,None,Atomic proposition (no transformation required),VALIDATED,PASS,PASS,CAO function (a)(42).,HIGH
42,42.302(a)(43),P_42_302_a_43,Report to the contracting office any inadequacies noted in specifications.,P_42_302_a_43: Report to the contracting office any inadequacies noted in specifications.,P_42_302_a_43,None,Atomic proposition (no transformation required),VALIDATED,PASS,PASS,CAO function (a)(43).,HIGH
42,42.302(a)(44),P_42_302_a_44,Perform engineering analyses of contractor cost proposals.,P_42_302_a_44: Perform engineering analyses of contractor cost proposals.,P_42_302_a_44,None,Atomic proposition (no transformation required),VALIDATED,PASS,PASS,CAO function (a)(44).,HIGH
42,42.302(a)(45),P_42_302_a_45,Review and analyze contractor-proposed engineering and design studies and submit comments and recommendations to the contracting office.,P_42_302_a_45: Review and analyze contractor-proposed engineering and design studies and submit comments and recommendations to the contracting office.,P_42_302_a_45,None,Atomic proposition (no transformation required),VALIDATED,PASS,PASS,CAO function (a)(45).,HIGH
42,42.302(a)(46),P_42_302_a_46,"Review engineering change proposals for proper classification, need, technical adequacy, producibility, and impact on quality, reliability, schedule, and cost.","P_42_302_a_46: Review engineering change proposals for proper classification, need, technical adequacy, producibility, and impact on quality, reliability, schedule, and cost.",P_42_302_a_46,None,Atomic proposition (no transformation required),VALIDATED,PASS,PASS,CAO function (a)(46).,HIGH
42,42.302(a)(47),P_42_302_a_47,Assist in evaluating and make recommendations for acceptance or rejection of waivers and deviations.,P_42_302_a_47: Assist in evaluating and make recommendations for acceptance or rejection of waivers and deviations.,P_42_302_a_47,None,Atomic proposition (no transformation required),VALIDATED,PASS,PASS,CAO function (a)(47).,HIGH
42,42.302(a)(48),P_42_302_a_48,Evaluate and monitor the contractor's procedures for complying with procedures regarding restrictive markings on data.,P_42_302_a_48: Evaluate and monitor the contractor's procedures for complying with procedures regarding restrictive markings on data.,P_42_302_a_48,None,Atomic proposition (no transformation required),VALIDATED,PASS,PASS,CAO function (a)(48).,HIGH
42,42.302(a)(49),P_42_302_a_49,Monitor the contractor's value engineering program.,P_42_302_a_49: Monitor the contractor's value engineering program.,P_42_302_a_49,None,Atomic proposition (no transformation required),VALIDATED,PASS,PASS,CAO function (a)(49).,HIGH
42,42.302(a)(50),P_42_302_a_50,"Review, approve or disapprove, and maintain surveillance of the contractor's purchasing system (see part 44).","P_42_302_a_50: Review, approve or disapprove, and maintain surveillance of the contractor's purchasing system (see part 44).",P_42_302_a_50,None,Atomic proposition (no transformation required),VALIDATED,PASS,PASS,CAO function (a)(50).,HIGH
42,42.302(a)(51),P_42_302_a_51,Consent to the placement of subcontracts (see part 44).,P_42_302_a_51: Consent to the placement of subcontracts (see part 44).,P_42_302_a_51,None,Atomic proposition (no transformation required),VALIDATED,PASS,PASS,CAO function (a)(51).,HIGH
42,42.302(a)(52),P_42_302_a_52,"Review, evaluate, and approve plant or division-wide small business master subcontracting plans.","P_42_302_a_52: Review, evaluate, and approve plant or division-wide small business master subcontracting plans.",P_42_302_a_52,None,Atomic proposition (no transformation required),VALIDATED,PASS,PASS,CAO function (a)(52).,HIGH
42,42.302(a)(53),P_42_302_a_53,Obtain the contractor's currently approved company- or division-wide plans for small business subcontracting for its commercial products.,P_42_302_a_53: Obtain the contractor's currently approved company- or division-wide plans for small business subcontracting for its commercial products.,P_42_302_a_53,None,Atomic proposition (no transformation required),VALIDATED,PASS,PASS,CAO function (a)(53).,HIGH
42,42.302(a)(54),P_42_302_a_54,Assist the contracting officer in evaluating offeror's proposed small business subcontracting plans.,P_42_302_a_54: Assist the contracting officer in evaluating offeror's proposed small business subcontracting plans.,P_42_302_a_54,None,Atomic proposition (no transformation required),VALIDATED,PASS,PASS,CAO function (a)(54).,HIGH
42,42.302(a)(55),P_42_302_a_55,"By periodic surveillance, ensure contractor compliance with small business subcontracting plans and labor surplus area requirements; maintain documentation; provide advice and assistance.","P_42_302_a_55: By periodic surveillance, ensure contractor compliance with small business subcontracting plans and labor surplus area requirements; maintain documentation; provide advice and assistance.",P_42_302_a_55,None,Conjunction (Conj): Rule 7,VALIDATED,PASS,PASS,CAO function (a)(55). Multiple conjunctive duties within single function.,HIGH
42,42.302(a)(56),P_42_302_a_56,Maintain surveillance of flight operations.,P_42_302_a_56: Maintain surveillance of flight operations.,P_42_302_a_56,None,Atomic proposition (no transformation required),VALIDATED,PASS,PASS,CAO function (a)(56).,HIGH
42,42.302(a)(57),P_42_302_a_57,Assign and perform supporting contract administration.,P_42_302_a_57: Assign and perform supporting contract administration.,P_42_302_a_57,None,Atomic proposition (no transformation required),VALIDATED,PASS,PASS,CAO function (a)(57).,HIGH
42,42.302(a)(58),P_42_302_a_58,Ensure timely submission of required reports.,P_42_302_a_58: Ensure timely submission of required reports.,P_42_302_a_58,None,Atomic proposition (no transformation required),VALIDATED,PASS,PASS,CAO function (a)(58).,HIGH
42,42.302(a)(59),P_42_302_a_59,"Issue administrative changes correcting errors or omissions in typing, address, codes, computations not requiring additional funds, and similar changes (see part 43).","P_42_302_a_59: Issue administrative changes correcting errors or omissions in typing, address, codes, computations not requiring additional funds, and similar changes (see part 43).",P_42_302_a_59,None,Atomic proposition (no transformation required),VALIDATED,PASS,PASS,CAO function (a)(59).,HIGH
42,42.302(a)(60),P_42_302_a_60,Administer and release shipments from the contractor's plants according to shipping instructions with assigned priority order.,P_42_302_a_60: Administer and release shipments from the contractor's plants according to shipping instructions with assigned priority order.,P_42_302_a_60,None,Atomic proposition (no transformation required),VALIDATED,PASS,PASS,CAO function (a)(60).,HIGH
42,42.302(a)(61),P_42_302_a_61,Obtain contractor proposals for contract price adjustments from amended shipping instructions; review on periodic consolidated basis; forward proposals to CO for modification.,P_42_302_a_61: Obtain contractor proposals for contract price adjustments from amended shipping instructions; review on periodic consolidated basis; forward proposals to CO for modification.,P_42_302_a_61,None,Conjunction (Conj): Rule 7,VALIDATED,PASS,PASS,CAO function (a)(61). Multiple conjunctive duties within single function.,HIGH
42,42.302(a)(62),P_42_302_a_62,Negotiate and/or execute supplemental agreements making changes in packaging subcontractors or contract shipping points.,P_42_302_a_62: Negotiate and/or execute supplemental agreements making changes in packaging subcontractors or contract shipping points.,P_42_302_a_62,None,Atomic proposition (no transformation required),VALIDATED,PASS,PASS,CAO function (a)(62).,HIGH
42,42.302(a)(63),P_42_302_a_63,Cancel unilateral purchase orders when rejected by the contractor. Notify the contracting officer when canceled.,P_42_302_a_63: Cancel unilateral purchase orders when rejected by the contractor. Notify the contracting officer when canceled.,P_42_302_a_63,None,Conjunction (Conj): Rule 7,VALIDATED,PASS,PASS,CAO function (a)(63). Multiple conjunctive duties within single function.,HIGH
42,42.302(a)(64),P_42_302_a_64,Negotiate and execute one-time supplemental agreements extending contract delivery schedules up to 90 days on contracts with Criticality Designator C. Notify and obtain concurrence for subsequent extensions.,P_42_302_a_64: Negotiate and execute one-time supplemental agreements extending contract delivery schedules up to 90 days on contracts with Criticality Designator C. Notify and obtain concurrence for subsequent extensions.,P_42_302_a_64,P_42_804,Conjunction (Conj): Rule 7; Material Implication (Impl): Rule 15 [HIGH-RISK],PENDING_REVIEW,PASS,PASS,CAO function (a)(64). Contains conditional trigger. Multiple conjunctive duties within single function.,MEDIUM
42,42.302(a)(65),P_42_302_a_65,Perform administrative closeout procedures (see part 4).,P_42_302_a_65: Perform administrative closeout procedures (see part 4).,P_42_302_a_65,None,Atomic proposition (no transformation required),VALIDATED,PASS,PASS,CAO function (a)(65).,HIGH
42,42.302(a)(66),P_42_302_a_66,Determine that the contractor has a drug-free workplace program and drug-free awareness program (see part 26).,P_42_302_a_66: Determine that the contractor has a drug-free workplace program and drug-free awareness program (see part 26).,P_42_302_a_66,None,Atomic proposition (no transformation required),VALIDATED,PASS,PASS,CAO function (a)(66).,HIGH
42,42.302(a)(67),P_42_302_a_67,"Support the program, product, and project offices for program reviews, status, performance, and actual or anticipated problems.","P_42_302_a_67: Support the program, product, and project offices for program reviews, status, performance, and actual or anticipated problems.",P_42_302_a_67,None,Atomic proposition (no transformation required),VALIDATED,PASS,PASS,CAO function (a)(67).,HIGH
42,42.302(a)(68),P_42_302_a_68,"Monitor the contractor's environmental practices for adverse impact on contract performance or cost, and for compliance with environmental requirements in the contract.","P_42_302_a_68: Monitor the contractor's environmental practices for adverse impact on contract performance or cost, and for compliance with environmental requirements in the contract.",P_42_302_a_68,None,Conjunction (Conj): Rule 7; Material Implication (Impl): Rule 15 [HIGH-RISK],PENDING_REVIEW,PASS,PASS,CAO function (a)(68). Contains conditional trigger. Multiple conjunctive duties within single function.,MEDIUM
42,42.302(a)(69),P_42_302_a_69,"Administer commercial financing provisions and monitor contractor security to ensure continued adequacy to cover outstanding payments, when on-site review is required (see part 32).","P_42_302_a_69: Administer commercial financing provisions and monitor contractor security to ensure continued adequacy to cover outstanding payments, when on-site review is required (see part 32).",P_42_302_a_69,None,Material Implication (Impl): Rule 15 [HIGH-RISK],PENDING_REVIEW,PASS,PASS,CAO function (a)(69). Contains conditional trigger.,MEDIUM
42,42.302(a)(70),P_42_302_a_70,Deobligate excess funds after final price determination.,P_42_302_a_70: Deobligate excess funds after final price determination.,P_42_302_a_70,None,Atomic proposition (no transformation required),VALIDATED,PASS,PASS,CAO function (a)(70).,HIGH
42,42.302(a)(71),P_42_302_a_71,"Ensure that the contractor has implemented the requirements of 52.203-13, Contractor Code of Business Ethics and Conduct.","P_42_302_a_71: Ensure that the contractor has implemented the requirements of 52.203-13, Contractor Code of Business Ethics and Conduct.",P_42_302_a_71,None,Atomic proposition (no transformation required),VALIDATED,PASS,PASS,CAO function (a)(71).,HIGH
42,42.302(a)(11)(i),P_42_302_a_11_i,Determine the adequacy of the contractor's disclosure statements.,P_42_302_a_11_i: Auditor determines adequacy of contractor disclosure statements,P_42_302_a_11_i,None,Atomic proposition (no transformation required),VALIDATED,PASS,PASS,CAS-related duty. Cognizant Federal agency function.,HIGH
42,42.302(a)(11)(ii),P_42_302_a_11_ii,Determine whether disclosure statements are in compliance with CAS and part 31.,P_42_302_a_11_ii: Determine compliance of disclosure statements with CAS and part 31,P_42_302_a_11_ii,None,Atomic proposition (no transformation required),VALIDATED,PASS,PASS,CAS compliance determination. Cognizant Federal agency function.,HIGH
42,42.302(a)(11)(iii),P_42_302_a_11_iii,"Determine the contractor's compliance with CAS and disclosure statements, if applicable.",P_42_302_a_11_iii_a: CAS and disclosure statements are applicable; P_42_302_a_11_iii_b: Determine contractor compliance,P_42_302_a_11_iii_a ⊃ P_42_302_a_11_iii_b,None,Material Implication (Impl): Rule 15 [HIGH-RISK],PENDING_REVIEW,PASS,PASS,Conditional on CAS applicability. Cognizant Federal agency function.,MEDIUM
42,42.302(a)(11)(iv),P_42_302_a_11_iv,"Negotiate price adjustments and execute supplemental agreements under the CAS clauses at 52.230-2, 52.230-3, 52.230-4, 52.230-5, and 52.230-6.",P_42_302_a_11_iv_a: Negotiate price adjustments under CAS clauses; P_42_302_a_11_iv_b: Execute supplemental agreements under CAS clauses,P_42_302_a_11_iv = P_42_302_a_11_iv_a ∧ P_42_302_a_11_iv_b,None,Conjunction (Conj): Rule 7,VALIDATED,PASS,PASS,Dual duty: negotiate and execute. Cognizant Federal agency function.,HIGH
42,42.302(a)(30)(i),P_42_302_a_30_i,"Evaluate contractor's requests for Government property and for changes to existing Government property, and provide appropriate recommendations to the contracting officer.",P_42_302_a_30_i_a: Evaluate contractor requests for Government property; P_42_302_a_30_i_b: Provide recommendations to CO,P_42_302_a_30_i = P_42_302_a_30_i_a ∧ P_42_302_a_30_i_b,None,Conjunction (Conj): Rule 7,VALIDATED,PASS,PASS,Evaluation and recommendation duties for Government property requests.,HIGH
42,42.302(a)(30)(ii),P_42_302_a_30_ii,Ensure required screening of Government property before acquisition by the contractor.,P_42_302_a_30_ii: Ensure required screening of Government property before contractor acquisition,P_42_302_a_30_ii,None,Atomic proposition (no transformation required),VALIDATED,PASS,PASS,Mandatory screening prerequisite.,HIGH
42,42.302(a)(30)(iii),P_42_302_a_30_iii,"Evaluate the use of Government property on a non-interference basis in accordance with the clause at 52.245-9, Use and Charges.",P_42_302_a_30_iii: Evaluate Government property use on non-interference basis per 52.245-9,P_42_302_a_30_iii,None,Atomic proposition (no transformation required),VALIDATED,PASS,PASS,Non-interference evaluation per contract clause.,HIGH
42,42.302(a)(30)(iv),P_42_302_a_30_iv,Ensure contractor payment of any rental due.,P_42_302_a_30_iv: Ensure contractor payment of rental due,P_42_302_a_30_iv,None,Atomic proposition (no transformation required),VALIDATED,PASS,PASS,Rental payment enforcement duty.,HIGH
42,42.302(a)(30)(v),P_42_302_a_30_v,Modify contracts to reflect the addition of Government-furnished property and ensure appropriate consideration.,P_42_302_a_30_v_a: Modify contracts for GFP additions; P_42_302_a_30_v_b: Ensure appropriate consideration,P_42_302_a_30_v = P_42_302_a_30_v_a ∧ P_42_302_a_30_v_b,None,Conjunction (Conj): Rule 7,VALIDATED,PASS,PASS,Dual requirement: modification and consideration for GFP additions.,HIGH
42,42.302(a)(68)(i),P_42_302_a_68_i,"Requesting environmental technical assistance, if needed.",P_42_302_a_68_i_a: Environmental technical assistance is needed; P_42_302_a_68_i_b: CAO requests environmental technical assistance,P_42_302_a_68_i_a ⊃ P_42_302_a_68_i_b,None,Material Implication (Impl): Rule 15 [HIGH-RISK],PENDING_REVIEW,PASS,PASS,Conditional on need for environmental technical assistance.,MEDIUM
42,42.302(a)(68)(ii),P_42_302_a_68_ii,"Monitoring contractor compliance with specifications or other contractual requirements requiring the delivery, use, or furnishing of sustainable products in accordance with the clause at 52.223-23. This occurs as part of the quality assurance procedures set forth in part 46.",P_42_302_a_68_ii: Monitor contractor compliance with sustainable product requirements per 52.223-23 as part of QA procedures per part 46,P_42_302_a_68_ii,None,Atomic proposition (no transformation required),VALIDATED,PASS,PASS,Sustainability compliance monitoring integrated with QA.,HIGH
42,42.302(a)(68)(iii),P_42_302_a_68_iii,"As required in the contract, ensuring that the contractor complies with the reporting requirements relating to recovered material content (see 52.223-9) and biobased products (see 52.223-2) utilized in contract performance.",P_42_302_a_68_iii_a: Contract requires reporting compliance; P_42_302_a_68_iii_b: CAO ensures contractor compliance with recovered material and biobased product reporting,P_42_302_a_68_iii_a ⊃ P_42_302_a_68_iii_b,None,Material Implication (Impl): Rule 15 [HIGH-RISK],PENDING_REVIEW,PASS,PASS,Conditional on contract requirement. Environmental reporting compliance.,MEDIUM
42,42.302(b),P_42_302_b,The CAO may perform the following functions only when and to the extent specifically authorized by the contracting office.,P_42_302_b: Functions requiring specific authorization from contracting office,P_42_302_b,None,Atomic proposition (no transformation required),VALIDATED,PASS,PASS,Parent for specifically authorized functions. All require explicit CO authorization.,HIGH
42,42.302(b)(1),P_42_302_b_1,Negotiate and execute supplemental agreements incorporating contractor proposals from change orders under the Changes clause.,P_42_302_b_1: Negotiate and execute supplemental agreements incorporating contractor proposals from change orders under the Changes clause.,P_42_302_b_1,None,Atomic proposition (no transformation required),VALIDATED,PASS,PASS,Authorized-only CAO function. Requires specific CO authorization before performance.,HIGH
42,42.302(b)(2),P_42_302_b_2,Negotiate prices and execute priced exhibits for unpriced orders under basic ordering agreements.,P_42_302_b_2: Negotiate prices and execute priced exhibits for unpriced orders under basic ordering agreements.,P_42_302_b_2,None,Atomic proposition (no transformation required),VALIDATED,PASS,PASS,Authorized-only CAO function. Requires specific CO authorization before performance.,HIGH
42,42.302(b)(3),P_42_302_b_3,Negotiate and execute supplemental agreements changing contract delivery schedules.,P_42_302_b_3: Negotiate and execute supplemental agreements changing contract delivery schedules.,P_42_302_b_3,None,Atomic proposition (no transformation required),VALIDATED,PASS,PASS,Authorized-only CAO function. Requires specific CO authorization before performance.,HIGH
42,42.302(b)(4),P_42_302_b_4,Negotiate and execute supplemental agreements for deobligation of unexpended dollar balances excess to known requirements.,P_42_302_b_4: Negotiate and execute supplemental agreements for deobligation of unexpended dollar balances excess to known requirements.,P_42_302_b_4,None,Atomic proposition (no transformation required),VALIDATED,PASS,PASS,Authorized-only CAO function. Requires specific CO authorization before performance.,HIGH
42,42.302(b)(5),P_42_302_b_5,Issue amended shipping instructions and negotiate resultant supplemental agreements.,P_42_302_b_5: Issue amended shipping instructions and negotiate resultant supplemental agreements.,P_42_302_b_5,None,Atomic proposition (no transformation required),VALIDATED,PASS,PASS,Authorized-only CAO function. Requires specific CO authorization before performance.,HIGH
42,42.302(b)(6),P_42_302_b_6,Negotiate changes to interim billing prices.,P_42_302_b_6: Negotiate changes to interim billing prices.,P_42_302_b_6,None,Atomic proposition (no transformation required),VALIDATED,PASS,PASS,Authorized-only CAO function. Requires specific CO authorization before performance.,HIGH
42,42.302(b)(7),P_42_302_b_7,Negotiate and definitize adjustments to contract prices from exercise of an economic price adjustment clause (see part 16).,P_42_302_b_7: Negotiate and definitize adjustments to contract prices from exercise of an economic price adjustment clause (see part 16).,P_42_302_b_7,None,Atomic proposition (no transformation required),VALIDATED,PASS,PASS,Authorized-only CAO function. Requires specific CO authorization before performance.,HIGH
42,42.302(b)(8),P_42_302_b_8,"Issue change orders and negotiate and execute supplemental agreements under contracts for ship construction, conversion, and repair.","P_42_302_b_8: Issue change orders and negotiate and execute supplemental agreements under contracts for ship construction, conversion, and repair.",P_42_302_b_8,None,Atomic proposition (no transformation required),VALIDATED,PASS,PASS,Authorized-only CAO function. Requires specific CO authorization before performance.,HIGH
42,42.302(b)(9),P_42_302_b_9,Execute supplemental agreements on firm-fixed-price supply contracts to reduce line item quantities and deobligate excess funds for inconsequential delivery shortages.,P_42_302_b_9: Execute supplemental agreements on firm-fixed-price supply contracts to reduce line item quantities and deobligate excess funds for inconsequential delivery shortages.,P_42_302_b_9,None,Atomic proposition (no transformation required),VALIDATED,PASS,PASS,Authorized-only CAO function. Requires specific CO authorization before performance.,HIGH
42,42.302(b)(10),P_42_302_b_10,Execute supplemental agreements to permit change in place of inspection at origin on firm-fixed-price supply contracts awarded to nonmanufacturers.,P_42_302_b_10: Execute supplemental agreements to permit change in place of inspection at origin on firm-fixed-price supply contracts awarded to nonmanufacturers.,P_42_302_b_10,None,Atomic proposition (no transformation required),VALIDATED,PASS,PASS,Authorized-only CAO function. Requires specific CO authorization before performance.,HIGH
42,42.302(b)(11),P_42_302_b_11,Prepare evaluations of contractor performance in accordance with subpart 42.11.,P_42_302_b_11: Prepare evaluations of contractor performance in accordance with subpart 42.11.,P_42_302_b_11,P_42_1103,Atomic proposition (no transformation required),VALIDATED,PASS,PASS,Authorized-only CAO function. Requires specific CO authorization before performance.,HIGH
42,42.302(b)(9)(i),P_42_302_b_9_i,Determined to be in the best interests of the Government.,P_42_302_b_9_i: Action is determined to be in the best interests of the Government,P_42_302_b_9_i,None,Atomic proposition (no transformation required),VALIDATED,PASS,PASS,Condition for (b)(9) inconsequential delivery shortage action.,HIGH
42,42.302(b)(9)(ii),P_42_302_b_9_ii,Supported by a written request of the contractor.,P_42_302_b_9_ii: Action is supported by written contractor request,P_42_302_b_9_ii,None,Atomic proposition (no transformation required),VALIDATED,PASS,PASS,Condition for (b)(9) requiring contractor written request.,HIGH
42,42.302(b)(9)(iii),P_42_302_b_9_iii,"A total downward contract price adjustment resulting from an inconsequential delivery shortage. This action must not exceed $250.00 or 5 percent of the contract price, whichever is less.",P_42_302_b_9_iii_a: Total downward price adjustment from inconsequential delivery shortage; P_42_302_b_9_iii_b: Adjustment does not exceed $250 or 5% of contract price whichever is less,P_42_302_b_9_iii = P_42_302_b_9_iii_a ∧ P_42_302_b_9_iii_b,None,Conjunction (Conj): Rule 7,VALIDATED,PASS,PASS,Dollar/percentage cap on inconsequential shortage adjustment. Both conditions must be met.,HIGH
42,42.302(c),P_42_302_c,"Any additional contract administration functions not listed in 42.302(a) and (b), or not otherwise delegated, remain the responsibility of the contracting office unless in accordance with 42.202(c) Assignment of contract administration.",P_42_302_c_a: Function not listed in (a) or (b) and not otherwise delegated; P_42_302_c_b: Function remains responsibility of contracting office; P_42_302_c_c: Unless delegated per 42.202(c),(P_42_302_c_a ∧ ~P_42_302_c_c) ⊃ P_42_302_c_b,P_42_302_a; P_42_302_b; P_42_202,Material Implication (Impl): Rule 15 [HIGH-RISK]; Negation (Neg): Rule 10; Conjunction (Conj): Rule 7,PENDING_REVIEW,PASS,PASS,Residual responsibility clause. Functions not enumerated or delegated stay with contracting office unless additional delegation occurs per 42.202(c).,MEDIUM
42,42.401,P_42_401,Contractors with more than one operational location often have corporate-wide policies. CFA may assign CACO.,P_42_401: Contractors with more than one operational location often have corporate-wide policies. CFA may assign CACO.,P_42_401,None,Material Implication (Impl): Rule 15 [HIGH-RISK],PENDING_REVIEW,PASS,PASS,Section 42.401 proposition.,MEDIUM
42,42.402,P_42_402,CACO assignment and location.,P_42_402: CACO assignment and location.,P_42_402,None,Conjunction (Conj): Rule 7,VALIDATED,PASS,PASS,Section 42.402 proposition.,HIGH
42,42.402(a),P_42_402_a,CACO assigned when two+ locations with resident ACOs or agency head approves.,P_42_402_a: CACO assigned when two+ locations with resident ACOs or agency head approves.,P_42_402_a,None,Conjunction (Conj): Rule 7,VALIDATED,PASS,PASS,Section 42.402(a) proposition.,HIGH
42,42.402(a)(1),P_42_402_a_1,Contractor has at least two locations with resident ACOs.,P_42_402_a_1: Contractor has at least two locations with resident ACOs.,P_42_402_a_1,None,Atomic proposition (no transformation required),VALIDATED,PASS,PASS,Section 42.402(a)(1) proposition.,HIGH
42,42.402(a)(2),P_42_402_a_2,Agency head or designee approves. Nonresident ACO considered resident if 75%+ effort.,P_42_402_a_2: Agency head or designee approves. Nonresident ACO considered resident if 75%+ effort.,P_42_402_a_2,P_42_402_a_1,Atomic proposition (no transformation required),VALIDATED,PASS,PASS,Section 42.402(a)(2) proposition.,HIGH
42,42.402(b),P_42_402_b,"CACO decisions based on coordination benefits, sales volume, corporate control, policy impact.","P_42_402_b: CACO decisions based on coordination benefits, sales volume, corporate control, policy impact.",P_42_402_b,None,Conjunction (Conj): Rule 7,VALIDATED,PASS,PASS,Section 42.402(b) proposition.,HIGH
42,42.402(c),P_42_402_c,CASD includes CACO listings.,P_42_402_c: CASD includes CACO listings.,P_42_402_c,P_42_203,Atomic proposition (no transformation required),VALIDATED,PASS,PASS,Section 42.402(c) proposition.,HIGH
42,42.403,P_42_403,CACO responsibilities.,P_42_403: CACO responsibilities.,P_42_403,None,Conjunction (Conj): Rule 7,VALIDATED,PASS,PASS,Section 42.403 proposition.,HIGH
42,42.403(a),P_42_403_a,"CACO performs designated corporate-wide functions including rates, agreements, CAS.","P_42_403_a: CACO performs designated corporate-wide functions including rates, agreements, CAS.",P_42_403_a,P_42_505,Atomic proposition (no transformation required),VALIDATED,PASS,PASS,Section 42.403(a) proposition.,HIGH
42,42.403(b),P_42_403_b,"CACO must utilize audit services, keep ACOs informed, solicit advice.","P_42_403_b: CACO must utilize audit services, keep ACOs informed, solicit advice.",P_42_403_b,None,Conjunction (Conj): Rule 7,VALIDATED,PASS,PASS,Section 42.403(b) proposition.,HIGH
42,42.500,P_42_500,Scope: billing rates and final indirect cost rates.,P_42_500: Scope: billing rates and final indirect cost rates.,P_42_500,None,Conjunction (Conj): Rule 7,VALIDATED,PASS,PASS,Section 42.500 proposition.,HIGH
42,42.501,P_42_501,"Billing rate definition: temporary indirect cost rate, adjusted until final.","P_42_501: Billing rate definition: temporary indirect cost rate, adjusted until final.",P_42_501,None,Conjunction (Conj): Rule 7,VALIDATED,PASS,PASS,Section 42.501 proposition.,HIGH
42,42.502,P_42_502,Purpose of indirect cost rates.,P_42_502: Purpose of indirect cost rates.,P_42_502,None,Conjunction (Conj): Rule 7,VALIDATED,PASS,PASS,Section 42.502 proposition.,HIGH
42,42.502(a),P_42_502_a,"Final rates provide uniformity, economy, timely settlement.","P_42_502_a: Final rates provide uniformity, economy, timely settlement.",P_42_502_a,None,Atomic proposition (no transformation required),VALIDATED,PASS,PASS,Section 42.502(a) proposition.,HIGH
42,42.502(b),P_42_502_b,Billing rates provide interim reimbursement method.,P_42_502_b: Billing rates provide interim reimbursement method.,P_42_502_b,None,Atomic proposition (no transformation required),VALIDATED,PASS,PASS,Section 42.502(b) proposition.,HIGH
42,42.503-1,P_42_503_1,Policy on indirect cost rates.,P_42_503_1: Policy on indirect cost rates.,P_42_503_1,None,Conjunction (Conj): Rule 7,VALIDATED,PASS,PASS,Section 42.503-1 proposition.,HIGH
42,42.503-1(a),P_42_503_1_a,Single agency responsible; rates binding; no duplicate audits.,P_42_503_1_a: Single agency responsible; rates binding; no duplicate audits.,P_42_503_1_a,P_42_505_1,Conjunction (Conj): Rule 7,VALIDATED,PASS,PASS,Section 42.503-1(a) proposition.,HIGH
42,42.503-1(b),P_42_503_1_b,COs must use billing and final rates for reimbursement and progress payments.,P_42_503_1_b: COs must use billing and final rates for reimbursement and progress payments.,P_42_503_1_b,None,Atomic proposition (no transformation required),VALIDATED,PASS,PASS,Section 42.503-1(b) proposition.,HIGH
42,42.503-1(c),P_42_503_1_c,Use final rates for closeout and FPI/redeterminable price negotiation.,P_42_503_1_c: Use final rates for closeout and FPI/redeterminable price negotiation.,P_42_503_1_c,P_42_507,Atomic proposition (no transformation required),VALIDATED,PASS,PASS,Section 42.503-1(c) proposition.,HIGH
42,42.503-2,P_42_503_2,Certificate of indirect costs.,P_42_503_2: Certificate of indirect costs.,P_42_503_2,None,Conjunction (Conj): Rule 7,VALIDATED,PASS,PASS,Section 42.503-2 proposition.,HIGH
42,42.503-2(a),P_42_503_2_a,Government must not accept proposal without contractor cost certification.,P_42_503_2_a: Government must not accept proposal without contractor cost certification.,P_42_503_2_a,None,Material Implication (Impl): Rule 15 [HIGH-RISK],PENDING_REVIEW,PASS,PASS,Section 42.503-2(a) proposition.,MEDIUM
42,42.503-2(b),P_42_503_2_b,Waiver of certification.,P_42_503_2_b: Waiver of certification.,P_42_503_2_b,None,Conjunction (Conj): Rule 7,VALIDATED,PASS,PASS,Section 42.503-2(b) proposition.,HIGH
42,42.503-2(b)(1),P_42_503_2_b_1,Agency head may waive when in US interest with written documented reasons.,P_42_503_2_b_1: Agency head may waive when in US interest with written documented reasons.,P_42_503_2_b_1,None,Material Implication (Impl): Rule 15 [HIGH-RISK],PENDING_REVIEW,PASS,PASS,Section 42.503-2(b)(1) proposition.,MEDIUM
42,42.503-2(b)(2),P_42_503_2_b_2,"Waiver appropriate for foreign governments, state/local, educational, nonprofit.","P_42_503_2_b_2: Waiver appropriate for foreign governments, state/local, educational, nonprofit.",P_42_503_2_b_2,None,Atomic proposition (no transformation required),PENDING_REVIEW,PASS,PASS,Section 42.503-2(b)(2) proposition.,MEDIUM
42,42.503-2(c),P_42_503_2_c,"Without certification or waiver, CO may unilaterally establish rates.","P_42_503_2_c: Without certification or waiver, CO may unilaterally establish rates.",P_42_503_2_c,None,Material Implication (Impl): Rule 15 [HIGH-RISK],PENDING_REVIEW,PASS,PASS,Section 42.503-2(c) proposition.,MEDIUM
42,42.503-2(d),P_42_503_2_d,Consult legal counsel for suspected false certification.,P_42_503_2_d: Consult legal counsel for suspected false certification.,P_42_503_2_d,None,Material Implication (Impl): Rule 15 [HIGH-RISK],PENDING_REVIEW,PASS,PASS,Section 42.503-2(d) proposition.,MEDIUM
42,42.503-2(e),P_42_503_2_e,Penalties for unallowable costs per 42.508.,P_42_503_2_e: Penalties for unallowable costs per 42.508.,P_42_503_2_e,P_42_508,Atomic proposition (no transformation required),VALIDATED,PASS,PASS,Section 42.503-2(e) proposition.,HIGH
42,42.503-2(f),P_42_503_2_f,Use 52.242-4; DOE alternate for M&O.,P_42_503_2_f: Use 52.242-4; DOE alternate for M&O.,P_42_503_2_f,None,Material Implication (Impl): Rule 15 [HIGH-RISK],PENDING_REVIEW,PASS,PASS,Section 42.503-2(f) proposition.,MEDIUM
42,42.504,P_42_504,Billing rates.,P_42_504: Billing rates.,P_42_504,None,Conjunction (Conj): Rule 7,VALIDATED,PASS,PASS,Section 42.504 proposition.,HIGH
42,42.504(a),P_42_504_a,Final rate authority determines billing rates.,P_42_504_a: Final rate authority determines billing rates.,P_42_504_a,P_42_505,Atomic proposition (no transformation required),VALIDATED,PASS,PASS,Section 42.504(a) proposition.,HIGH
42,42.504(b),P_42_504_b,"Billing rates based on reliable data, close to anticipated final, adjusted for unallowable.","P_42_504_b: Billing rates based on reliable data, close to anticipated final, adjusted for unallowable.",P_42_504_b,None,Conjunction (Conj): Rule 7,VALIDATED,PASS,PASS,Section 42.504(b) proposition.,HIGH
42,42.504(c),P_42_504_c,Rates revisable by mutual agreement or unilaterally by CO.,P_42_504_c: Rates revisable by mutual agreement or unilaterally by CO.,P_42_504_c,None,Atomic proposition (no transformation required),VALIDATED,PASS,PASS,Section 42.504(c) proposition.,HIGH
42,42.504(d),P_42_504_d,Billing rate elements not determinative of final settlement.,P_42_504_d: Billing rate elements not determinative of final settlement.,~P_42_504_d,None,Negation (Neg): Rule 10,VALIDATED,PASS,PASS,Section 42.504(d) proposition.,HIGH
42,42.504(e),P_42_504_e,Certified proposal submission enables billing rate revision by mutual agreement.,P_42_504_e: Certified proposal submission enables billing rate revision by mutual agreement.,P_42_504_e,P_42_505_1_b; P_42_505_2,Material Implication (Impl): Rule 15 [HIGH-RISK],PENDING_REVIEW,PASS,PASS,Section 42.504(e) proposition.,MEDIUM
42,42.505,P_42_505,Final indirect cost rates.,P_42_505: Final indirect cost rates.,P_42_505,None,Conjunction (Conj): Rule 7,VALIDATED,PASS,PASS,Section 42.505 proposition.,HIGH
42,42.505(a),P_42_505_a,Two procedures: CO determination or auditor determination.,P_42_505_a: Two procedures: CO determination or auditor determination.,P_42_505_a,P_42_505_1; P_42_505_2,Atomic proposition (no transformation required),VALIDATED,PASS,PASS,Section 42.505(a) proposition.,HIGH
42,42.505(b),P_42_505_b,Contractor submits completion invoice within 120 days of settlement.,P_42_505_b: Contractor submits completion invoice within 120 days of settlement.,P_42_505_b,None,Material Implication (Impl): Rule 15 [HIGH-RISK],PENDING_REVIEW,PASS,PASS,Section 42.505(b) proposition.,MEDIUM
42,42.505(c),P_42_505_c,CO may determine amounts due if contractor fails to submit.,P_42_505_c: CO may determine amounts due if contractor fails to submit.,P_42_505_c,None,Material Implication (Impl): Rule 15 [HIGH-RISK],PENDING_REVIEW,PASS,PASS,Section 42.505(c) proposition.,MEDIUM
42,42.505-1,P_42_505_1,CO determination procedure.,P_42_505_1: CO determination procedure.,P_42_505_1,None,Conjunction (Conj): Rule 7,VALIDATED,PASS,PASS,Section 42.505-1 proposition.,HIGH
42,42.505-1(a),P_42_505_1_a,"Applicability: CACO, resident ACO, CO-determined, educational, state/local, nonprofit units.","P_42_505_1_a: Applicability: CACO, resident ACO, CO-determined, educational, state/local, nonprofit units.",P_42_505_1_a,None,Atomic proposition (no transformation required),VALIDATED,PASS,PASS,Section 42.505-1(a) proposition.,HIGH
42,42.505-1(b),P_42_505_1_b,"Procedures: proposal, audit, team, position, negotiation.","P_42_505_1_b: Procedures: proposal, audit, team, position, negotiation.",P_42_505_1_b,None,Conjunction (Conj): Rule 7,VALIDATED,PASS,PASS,Section 42.505-1(b) proposition.,HIGH
42,42.505-1(b)(1),P_42_505_1_b_1,Contractor submits adequate proposal within six months of fiscal year end.,P_42_505_1_b_1: Contractor submits adequate proposal within six months of fiscal year end.,P_42_505_1_b_1,None,Atomic proposition (no transformation required),VALIDATED,PASS,PASS,Section 42.505-1(b)(1) proposition.,HIGH
42,42.505-1(b)(2),P_42_505_1_b_2,Auditor audits adequate proposal and prepares advisory report.,P_42_505_1_b_2: Auditor audits adequate proposal and prepares advisory report.,P_42_505_1_b_2,None,Material Implication (Impl): Rule 15 [HIGH-RISK],PENDING_REVIEW,PASS,PASS,Section 42.505-1(b)(2) proposition.,MEDIUM
42,42.505-1(b)(3),P_42_505_1_b_3,"CO heads team including auditor, technical staff, significant-interest offices.","P_42_505_1_b_3: CO heads team including auditor, technical staff, significant-interest offices.",P_42_505_1_b_3,None,Conjunction (Conj): Rule 7,VALIDATED,PASS,PASS,Section 42.505-1(b)(3) proposition.,HIGH
42,42.505-1(b)(4),P_42_505_1_b_4,Team develops position; CO cannot resolve costs without documentation and auditor opinion.,P_42_505_1_b_4: Team develops position; CO cannot resolve costs without documentation and auditor opinion.,P_42_505_1_b_4,None,Material Implication (Impl): Rule 15 [HIGH-RISK],PENDING_REVIEW,PASS,PASS,Section 42.505-1(b)(4) proposition.,MEDIUM
42,42.505-1(b)(5),P_42_505_1_b_5,"CO conducts negotiations, prepares agreement/PNM, distributes, notifies of disallowed costs.","P_42_505_1_b_5: CO conducts negotiations, prepares agreement/PNM, distributes, notifies of disallowed costs.",P_42_505_1_b_5,None,Conjunction (Conj): Rule 7,VALIDATED,PASS,PASS,Section 42.505-1(b)(5) proposition.,HIGH
42,42.505-2,P_42_505_2,Auditor determination procedure.,P_42_505_2: Auditor determination procedure.,P_42_505_2,None,Conjunction (Conj): Rule 7,VALIDATED,PASS,PASS,Section 42.505-2 proposition.,HIGH
42,42.505-2(a),P_42_505_2_a,Auditor establishes rates for uncovered units; may also be used by agreement.,P_42_505_2_a: Auditor establishes rates for uncovered units; may also be used by agreement.,P_42_505_2_a,P_42_505_1_a,Atomic proposition (no transformation required),VALIDATED,PASS,PASS,Section 42.505-2(a) proposition.,HIGH
42,42.505-2(b),P_42_505_2_b,"Procedures: proposal, audit, seek agreement, prepare or forward to CO.","P_42_505_2_b: Procedures: proposal, audit, seek agreement, prepare or forward to CO.",P_42_505_2_b,None,Atomic proposition (no transformation required),VALIDATED,PASS,PASS,Section 42.505-2(b) proposition.,HIGH
42,42.505-3,P_42_505_3,Educational institutions.,P_42_505_3: Educational institutions.,P_42_505_3,P_42_202,Conjunction (Conj): Rule 7,VALIDATED,PASS,PASS,Section 42.505-3 proposition.,HIGH
42,42.505-3(a),P_42_505_3_a,Postdetermined rates for educational CR contracts unless predetermined authorized.,P_42_505_3_a: Postdetermined rates for educational CR contracts unless predetermined authorized.,P_42_505_3_a,P_42_505_3_b,Material Implication (Impl): Rule 15 [HIGH-RISK],PENDING_REVIEW,PASS,PASS,Section 42.505-3(a) proposition.,MEDIUM
42,42.505-3(b),P_42_505_3_b,Agencies may use predetermined rates for educational R&D with restrictions.,P_42_505_3_b: Agencies may use predetermined rates for educational R&D with restrictions.,P_42_505_3_b,None,Material Implication (Impl): Rule 15 [HIGH-RISK],PENDING_REVIEW,PASS,PASS,Section 42.505-3(b) proposition.,MEDIUM
42,42.505-4,P_42_505_4,State/local rates per OMB Guidance; binding on all agencies.,P_42_505_4: State/local rates per OMB Guidance; binding on all agencies.,P_42_505_4,None,Atomic proposition (no transformation required),VALIDATED,PASS,PASS,Section 42.505-4 proposition.,HIGH
42,42.505-5,P_42_505_5,Nonprofit rates per OMB Guidance; binding on all agencies.,P_42_505_5: Nonprofit rates per OMB Guidance; binding on all agencies.,P_42_505_5,None,Atomic proposition (no transformation required),VALIDATED,PASS,PASS,Section 42.505-5 proposition.,HIGH
42,42.506,P_42_506,Cost-sharing rates and limitations.,P_42_506: Cost-sharing rates and limitations.,P_42_506,None,Conjunction (Conj): Rule 7,VALIDATED,PASS,PASS,Section 42.506 proposition.,HIGH
42,42.506(a),P_42_506_a,Cost-sharing may use negotiated rate ceiling.,P_42_506_a: Cost-sharing may use negotiated rate ceiling.,P_42_506_a,None,Material Implication (Impl): Rule 15 [HIGH-RISK],PENDING_REVIEW,PASS,PASS,Section 42.506(a) proposition.,MEDIUM
42,42.506(b),P_42_506_b,"Other ceiling situations: new company, declining sales, unrealistic rates.","P_42_506_b: Other ceiling situations: new company, declining sales, unrealistic rates.",P_42_506_b,None,Atomic proposition (no transformation required),VALIDATED,PASS,PASS,Section 42.506(b) proposition.,HIGH
42,42.506(c),P_42_506_c,Contract must provide Government not obligated above ceiling; rates reduced if below.,P_42_506_c: Contract must provide Government not obligated above ceiling; rates reduced if below.,P_42_506_c,None,Conjunction (Conj): Rule 7,VALIDATED,PASS,PASS,Section 42.506(c) proposition.,HIGH
42,42.507,P_42_507,Quick-closeout procedure.,P_42_507: Quick-closeout procedure.,P_42_507,None,Conjunction (Conj): Rule 7,VALIDATED,PASS,PASS,Section 42.507 proposition.,HIGH
42,42.507(a),P_42_507_a,"CO may negotiate early settlement if physically complete, costs insignificant, risk assessed, agreement reachable.","P_42_507_a: CO may negotiate early settlement if physically complete, costs insignificant, risk assessed, agreement reachable.",P_42_507_a,P_42_505,Material Implication (Impl): Rule 15 [HIGH-RISK],PENDING_REVIEW,PASS,PASS,Section 42.507(a) proposition.,MEDIUM
42,42.507(b),P_42_507_b,Quick-closeout determination final for covered contract.,P_42_507_b: Quick-closeout determination final for covered contract.,P_42_507_b,None,Atomic proposition (no transformation required),VALIDATED,PASS,PASS,Section 42.507(b) proposition.,HIGH
42,42.507(c),P_42_507_c,Quick-closeout rates not binding precedent.,P_42_507_c: Quick-closeout rates not binding precedent.,~P_42_507_c,None,Negation (Neg): Rule 10,VALIDATED,PASS,PASS,Section 42.507(c) proposition.,HIGH
42,42.508,P_42_508,Penalties for unallowable costs.,P_42_508: Penalties for unallowable costs.,P_42_508,None,Conjunction (Conj): Rule 7,VALIDATED,PASS,PASS,Section 42.508 proposition.,HIGH
42,42.508-1,P_42_508_1,Scope: implements penalty statutes for contracts over $1M excluding FFP/commercial.,P_42_508_1: Scope: implements penalty statutes for contracts over $1M excluding FFP/commercial.,P_42_508_1,None,Atomic proposition (no transformation required),VALIDATED,PASS,PASS,Section 42.508-1 proposition.,HIGH
42,42.508-2,P_42_508_2,Penalty structure.,P_42_508_2: Penalty structure.,P_42_508_2,None,Conjunction (Conj): Rule 7,VALIDATED,PASS,PASS,Section 42.508-2 proposition.,HIGH
42,42.508-2(a),P_42_508_2_a,Expressly unallowable: allocated+interest. Previously determined: 2x allocated.,P_42_508_2_a: Expressly unallowable: allocated+interest. Previously determined: 2x allocated.,P_42_508_2_a,None,Conjunction (Conj): Rule 7,VALIDATED,PASS,PASS,Section 42.508-2(a) proposition.,HIGH
42,42.508-2(b),P_42_508_2_b,Penalties additional to other legal penalties.,P_42_508_2_b: Penalties additional to other legal penalties.,P_42_508_2_b,None,Atomic proposition (no transformation required),VALIDATED,PASS,PASS,Section 42.508-2(b) proposition.,HIGH
42,42.508-2(c),P_42_508_2_c,Penalties assessable even if costs not paid.,P_42_508_2_c: Penalties assessable even if costs not paid.,P_42_508_2_c,None,Atomic proposition (no transformation required),VALIDATED,PASS,PASS,Section 42.508-2(c) proposition.,HIGH
42,42.508-3,P_42_508_3,CO responsible for penalty/waiver; auditor identifies costs; both refer criminal if knowing.,P_42_508_3: CO responsible for penalty/waiver; auditor identifies costs; both refer criminal if knowing.,P_42_508_3,None,Conjunction (Conj): Rule 7,VALIDATED,PASS,PASS,Section 42.508-3 proposition.,HIGH
42,42.508-4,P_42_508_4,"Absent waiver, CO must assess penalty and issue final decision.","P_42_508_4: Absent waiver, CO must assess penalty and issue final decision.",P_42_508_4,P_42_508_2; P_42_508_6,Material Implication (Impl): Rule 15 [HIGH-RISK],PENDING_REVIEW,PASS,PASS,Section 42.508-4 proposition.,MEDIUM
42,42.508-5,P_42_508_5,"Interest from fiscal year midpoint, Treasury rate, to demand letter date.","P_42_508_5: Interest from fiscal year midpoint, Treasury rate, to demand letter date.",P_42_508_5,None,Conjunction (Conj): Rule 7,VALIDATED,PASS,PASS,Section 42.508-5 proposition.,HIGH
42,42.508-6,P_42_508_6,"Mandatory waiver: withdrawn before audit, costs <=10K, or adequate controls+inadvertent.","P_42_508_6: Mandatory waiver: withdrawn before audit, costs <=10K, or adequate controls+inadvertent.",P_42_508_6,P_42_508_2,Material Implication (Impl): Rule 15 [HIGH-RISK],PENDING_REVIEW,PASS,PASS,Section 42.508-6 proposition.,MEDIUM
42,42.508-7,P_42_508_7,Use 52.242-3 in contracts over $1M excluding FFP/commercial.,P_42_508_7: Use 52.242-3 in contracts over $1M excluding FFP/commercial.,P_42_508_7,None,Material Implication (Impl): Rule 15 [HIGH-RISK],PENDING_REVIEW,PASS,PASS,Section 42.508-7 proposition.,MEDIUM
42,42.600,P_42_600,Scope: notice and disallowance procedures.,P_42_600: Scope: notice and disallowance procedures.,P_42_600,None,Conjunction (Conj): Rule 7,VALIDATED,PASS,PASS,Section 42.600 proposition.,HIGH
42,42.601,P_42_601,Notice of intent to disallow costs.,P_42_601: Notice of intent to disallow costs.,P_42_601,None,Conjunction (Conj): Rule 7,VALIDATED,PASS,PASS,Section 42.601 proposition.,HIGH
42,42.601(a),P_42_601_a,"CO must try discussion; if unable, may issue written notice for CR/FPI/T&M/letter contracts.","P_42_601_a: CO must try discussion; if unable, may issue written notice for CR/FPI/T&M/letter contracts.",P_42_601_a,None,Material Implication (Impl): Rule 15 [HIGH-RISK],PENDING_REVIEW,PASS,PASS,Section 42.601(a) proposition.,MEDIUM
42,42.601(b),P_42_601_b,Purpose: early notification. Contractor may respond; CO must withdraw or decide within 60 days.,P_42_601_b: Purpose: early notification. Contractor may respond; CO must withdraw or decide within 60 days.,P_42_601_b,None,Material Implication (Impl): Rule 15 [HIGH-RISK],PENDING_REVIEW,PASS,PASS,Section 42.601(b) proposition.,MEDIUM
42,42.601(c),P_42_601_c,"Notice minimum: clause ref, contractor/contracts, costs, billing/FPRA impact, dates, recipients, acknowledgment.","P_42_601_c: Notice minimum: clause ref, contractor/contracts, costs, billing/FPRA impact, dates, recipients, acknowledgment.",P_42_601_c,None,Conjunction (Conj): Rule 7,VALIDATED,PASS,PASS,Section 42.601(c) proposition.,HIGH
42,42.601(d),P_42_601_d,CO must furnish copies to all cognizant COs.,P_42_601_d: CO must furnish copies to all cognizant COs.,P_42_601_d,None,Atomic proposition (no transformation required),VALIDATED,PASS,PASS,Section 42.601(d) proposition.,HIGH
42,42.601(e),P_42_601_e,Indirect cost notices require coordination with final settlement authority.,P_42_601_e: Indirect cost notices require coordination with final settlement authority.,P_42_601_e,P_42_505,Material Implication (Impl): Rule 15 [HIGH-RISK],PENDING_REVIEW,PASS,PASS,Section 42.601(e) proposition.,MEDIUM
42,42.601(f),P_42_601_f,"On disagreement, issuing CO withdraws or decides; indirect cost CO decides if indirect involved.","P_42_601_f: On disagreement, issuing CO withdraws or decides; indirect cost CO decides if indirect involved.",P_42_601_f,P_42_505,Material Implication (Impl): Rule 15 [HIGH-RISK],PENDING_REVIEW,PASS,PASS,Section 42.601(f) proposition.,MEDIUM
42,42.602,P_42_602,"Insert 52.242-1 for CR, FPI, or price redetermination contracts.","P_42_602: Insert 52.242-1 for CR, FPI, or price redetermination contracts.",P_42_602,None,Material Implication (Impl): Rule 15 [HIGH-RISK],PENDING_REVIEW,PASS,PASS,Section 42.602 proposition.,MEDIUM
42,42.603,P_42_603,Disallowing costs after incurrence.,P_42_603: Disallowing costs after incurrence.,P_42_603,None,Conjunction (Conj): Rule 7,VALIDATED,PASS,PASS,Section 42.603 proposition.,HIGH
42,42.603(a),P_42_603_a,COs follow agency procedures for direct voucher receipt.,P_42_603_a: COs follow agency procedures for direct voucher receipt.,P_42_603_a,None,Atomic proposition (no transformation required),PENDING_REVIEW,PASS,PASS,Section 42.603(a) proposition.,MEDIUM
42,42.603(b),P_42_603_b,"Auditor may receive/approve/suspend vouchers; contractor may request review, file claim, or both.","P_42_603_b: Auditor may receive/approve/suspend vouchers; contractor may request review, file claim, or both.",P_42_603_b,None,Conjunction (Conj): Rule 7,VALIDATED,PASS,PASS,Section 42.603(b) proposition.,HIGH
42,42.700,P_42_700,Scope: contractor bankruptcy procedures.,P_42_700: Scope: contractor bankruptcy procedures.,P_42_700,None,Atomic proposition (no transformation required),VALIDATED,PASS,PASS,Section 42.700 proposition.,HIGH
42,42.701,P_42_701,CAO must promptly determine bankruptcy impact and protect Government interests.,P_42_701: CAO must promptly determine bankruptcy impact and protect Government interests.,P_42_701,None,Atomic proposition (no transformation required),VALIDATED,PASS,PASS,Section 42.701 proposition.,HIGH
42,42.702,P_42_702,Bankruptcy procedures.,P_42_702: Bankruptcy procedures.,P_42_702,None,Conjunction (Conj): Rule 7,VALIDATED,PASS,PASS,Section 42.702 proposition.,HIGH
42,42.702(a),P_42_702_a,"Agencies must: furnish notice, determine claim, protect interests, furnish info to counsel.","P_42_702_a: Agencies must: furnish notice, determine claim, protect interests, furnish info to counsel.",P_42_702_a,None,Conjunction (Conj): Rule 7,VALIDATED,PASS,PASS,Section 42.702(a) proposition.,HIGH
42,42.702(b),P_42_702_b,CO consults legal counsel before bankruptcy actions whenever possible.,P_42_702_b: CO consults legal counsel before bankruptcy actions whenever possible.,P_42_702_b,None,Atomic proposition (no transformation required),PENDING_REVIEW,PASS,PASS,Section 42.702(b) proposition.,MEDIUM
42,42.703,P_42_703,Insert 52.242-13 in contracts exceeding SAT.,P_42_703: Insert 52.242-13 in contracts exceeding SAT.,P_42_703,None,Material Implication (Impl): Rule 15 [HIGH-RISK],PENDING_REVIEW,PASS,PASS,Section 42.703 proposition.,MEDIUM
42,42.801,P_42_801,"Production surveillance: determine progress, identify delay factors.","P_42_801: Production surveillance: determine progress, identify delay factors.",P_42_801,None,Conjunction (Conj): Rule 7,VALIDATED,PASS,PASS,Section 42.801 proposition.,HIGH
42,42.802,P_42_802,Applies to all contracts except construction and FSS.,P_42_802: Applies to all contracts except construction and FSS.,~P_42_802,None,Negation (Neg): Rule 10,VALIDATED,PASS,PASS,Section 42.802 proposition.,HIGH
42,42.803,P_42_803,Surveillance requirements.,P_42_803: Surveillance requirements.,P_42_803,None,Conjunction (Conj): Rule 7,VALIDATED,PASS,PASS,Section 42.803 proposition.,HIGH
42,42.803(a),P_42_803_a,CAO determines extent based on criticality designator and performance factors.,P_42_803_a: CAO determines extent based on criticality designator and performance factors.,P_42_803_a,P_42_804,Conjunction (Conj): Rule 7,VALIDATED,PASS,PASS,Section 42.803(a) proposition.,HIGH
42,42.803(b),P_42_803_b,Contracts at/below SAT should not normally require surveillance.,P_42_803_b: Contracts at/below SAT should not normally require surveillance.,P_42_803_b,None,Material Implication (Impl): Rule 15 [HIGH-RISK],PENDING_REVIEW,PASS,PASS,Section 42.803(b) proposition.,MEDIUM
42,42.803(c),P_42_803_c,CAOs must maximize use of contractor production control systems.,P_42_803_c: CAOs must maximize use of contractor production control systems.,P_42_803_c,None,Atomic proposition (no transformation required),VALIDATED,PASS,PASS,Section 42.803(c) proposition.,HIGH
42,42.803(d),P_42_803_d,Avoid actions inconsistent with contract or causing claims.,P_42_803_d: Avoid actions inconsistent with contract or causing claims.,~P_42_803_d,None,Negation (Neg): Rule 10,VALIDATED,PASS,PASS,Section 42.803(d) proposition.,HIGH
42,42.804,P_42_804,"Criticality designators: A (critical), B (production line), C (other).","P_42_804: Criticality designators: A (critical), B (production line), C (other).",P_42_804,None,Conjunction (Conj): Rule 7,VALIDATED,PASS,PASS,Section 42.804 proposition.,HIGH
42,42.805,P_42_805,Insert 52.242-2 when production reporting required (not construction/FSS).,P_42_805: Insert 52.242-2 when production reporting required (not construction/FSS).,P_42_805,None,Material Implication (Impl): Rule 15 [HIGH-RISK],PENDING_REVIEW,PASS,PASS,Section 42.805 proposition.,MEDIUM
42,42.900,P_42_900,Scope: novation and change-of-name agreements.,P_42_900: Scope: novation and change-of-name agreements.,P_42_900,None,Conjunction (Conj): Rule 7,VALIDATED,PASS,PASS,Section 42.900 proposition.,HIGH
42,42.901,P_42_901,Responsible CO determined by ACO assignment or largest unsettled balance.,P_42_901: Responsible CO determined by ACO assignment or largest unsettled balance.,P_42_901,P_42_202; P_42_402,Atomic proposition (no transformation required),VALIDATED,PASS,PASS,Section 42.901 proposition.,HIGH
42,42.902,P_42_902,Processing agreements.,P_42_902: Processing agreements.,P_42_902,None,Conjunction (Conj): Rule 7,VALIDATED,PASS,PASS,Section 42.902 proposition.,HIGH
42,42.902(a),P_42_902_a,Contractor submits written request; AbilityOne follows separate process.,P_42_902_a: Contractor submits written request; AbilityOne follows separate process.,P_42_902_a,P_42_901,Atomic proposition (no transformation required),VALIDATED,PASS,PASS,Section 42.902(a) proposition.,HIGH
42,42.902(b),P_42_902_b,"CO identifies info, notifies offices, requests 30-day comments.","P_42_902_b: CO identifies info, notifies offices, requests 30-day comments.",P_42_902_b,P_42_903; P_42_904,Conjunction (Conj): Rule 7,VALIDATED,PASS,PASS,Section 42.902(b) proposition.,HIGH
42,42.902(c),P_42_902_c,"CO determines Government interest based on comments, responsibility, performance factors.","P_42_902_c: CO determines Government interest based on comments, responsibility, performance factors.",P_42_902_c,None,Conjunction (Conj): Rule 7,VALIDATED,PASS,PASS,Section 42.902(c) proposition.,HIGH
42,42.902(d),P_42_902_d,Novation does not preclude other resolution methods.,P_42_902_d: Novation does not preclude other resolution methods.,P_42_902_d,None,Atomic proposition (no transformation required),VALIDATED,PASS,PASS,Section 42.902(d) proposition.,HIGH
42,42.902(e),P_42_902_e,Liability assumption agreements should be referenced in novation.,P_42_902_e: Liability assumption agreements should be referenced in novation.,P_42_902_e,None,Atomic proposition (no transformation required),PENDING_REVIEW,PASS,PASS,Section 42.902(e) proposition.,MEDIUM
42,42.902(f),P_42_902_f,Government counsel must review for legal sufficiency before execution.,P_42_902_f: Government counsel must review for legal sufficiency before execution.,P_42_902_f,None,Material Implication (Impl): Rule 15 [HIGH-RISK],PENDING_REVIEW,PASS,PASS,Section 42.902(f) proposition.,MEDIUM
42,42.902(g),P_42_902_g,CO forwards signed copies and retains in case file.,P_42_902_g: CO forwards signed copies and retains in case file.,P_42_902_g,None,Conjunction (Conj): Rule 7,VALIDATED,PASS,PASS,Section 42.902(g) proposition.,HIGH
42,42.902(h),P_42_902_h,"CO prepares SF-30 with summary, retains, and distributes.","P_42_902_h: CO prepares SF-30 with summary, retains, and distributes.",P_42_902_h,None,Conjunction (Conj): Rule 7,VALIDATED,PASS,PASS,Section 42.902(h) proposition.,HIGH
42,42.903,P_42_903,Applicability of novation agreements.,P_42_903: Applicability of novation agreements.,P_42_903,None,Conjunction (Conj): Rule 7,VALIDATED,PASS,PASS,Section 42.903 proposition.,HIGH
42,42.903(a),P_42_903_a,41 USC 6305 prohibits transfer; Government may recognize successor for asset transfers.,P_42_903_a: 41 USC 6305 prohibits transfer; Government may recognize successor for asset transfers.,P_42_903_a,None,Atomic proposition (no transformation required),VALIDATED,PASS,PASS,Section 42.903(a) proposition.,HIGH
42,42.903(b),P_42_903_b,Novation unnecessary for stock purchase with no legal change in contracting party.,P_42_903_b: Novation unnecessary for stock purchase with no legal change in contracting party.,P_42_903_b,P_42_902,Material Implication (Impl): Rule 15 [HIGH-RISK],PENDING_REVIEW,PASS,PASS,Section 42.903(b) proposition.,MEDIUM
42,42.903(c),P_42_903_c,"Without Government concurrence, original contractor remains obligated; default possible.","P_42_903_c: Without Government concurrence, original contractor remains obligated; default possible.",P_42_903_c,None,Material Implication (Impl): Rule 15 [HIGH-RISK],PENDING_REVIEW,PASS,PASS,Section 42.903(c) proposition.,MEDIUM
42,42.903(d),P_42_903_d,CO must evaluate OCI per part 9; waiver possible if unresolvable but in Government interest.,P_42_903_d: CO must evaluate OCI per part 9; waiver possible if unresolvable but in Government interest.,P_42_903_d,None,Material Implication (Impl): Rule 15 [HIGH-RISK],PENDING_REVIEW,PASS,PASS,Section 42.903(d) proposition.,MEDIUM
42,42.903(e),P_42_903_e,Contractor submits three signed copies of proposed novation with supporting documents.,P_42_903_e: Contractor submits three signed copies of proposed novation with supporting documents.,P_42_903_e,None,Atomic proposition (no transformation required),VALIDATED,PASS,PASS,Section 42.903(e) proposition.,HIGH
42,42.903(f),P_42_903_f,Contractor submits additional documents as available.,P_42_903_f: Contractor submits additional documents as available.,P_42_903_f,None,Atomic proposition (no transformation required),VALIDATED,PASS,PASS,Section 42.903(f) proposition.,HIGH
42,42.903(g),P_42_903_g,CO may modify document list if Government already has documents.,P_42_903_g: CO may modify document list if Government already has documents.,P_42_903_g,None,Material Implication (Impl): Rule 15 [HIGH-RISK],PENDING_REVIEW,PASS,PASS,Section 42.903(g) proposition.,MEDIUM
42,42.903(h),P_42_903_h,"CO executes novation with assumption, waiver, guarantee, and compliance provisions.","P_42_903_h: CO executes novation with assumption, waiver, guarantee, and compliance provisions.",P_42_903_h,None,Conjunction (Conj): Rule 7,VALIDATED,PASS,PASS,Section 42.903(h) proposition.,HIGH
42,42.903(i),P_42_903_i,Prescribed format for corporate all-asset novation agreements.,P_42_903_i: Prescribed format for corporate all-asset novation agreements.,P_42_903_i,None,Atomic proposition (no transformation required),VALIDATED,PASS,PASS,Section 42.903(i) proposition.,HIGH
42,42.904,P_42_904,Change-of-name agreements.,P_42_904: Change-of-name agreements.,P_42_904,None,Conjunction (Conj): Rule 7,VALIDATED,PASS,PASS,Section 42.904 proposition.,HIGH
42,42.904(a),P_42_904_a,Pure name change: parties execute agreement with supporting documents.,P_42_904_a: Pure name change: parties execute agreement with supporting documents.,P_42_904_a,None,Material Implication (Impl): Rule 15 [HIGH-RISK],PENDING_REVIEW,PASS,PASS,Section 42.904(a) proposition.,MEDIUM
42,42.904(b),P_42_904_b,Suggested format for change-of-name agreement.,P_42_904_b: Suggested format for change-of-name agreement.,P_42_904_b,None,Atomic proposition (no transformation required),VALIDATED,PASS,PASS,Section 42.904(b) proposition.,HIGH
42,42.1001,P_42_1001,Suspension and stoppage situations may occur during performance.,P_42_1001: Suspension and stoppage situations may occur during performance.,P_42_1001,None,Atomic proposition (no transformation required),VALIDATED,PASS,PASS,Section 42.1001 proposition.,HIGH
42,42.1002,P_42_1002,CO may order suspension on construction/A-E contracts; unreasonable suspension entitles cost claim.,P_42_1002: CO may order suspension on construction/A-E contracts; unreasonable suspension entitles cost claim.,P_42_1002,None,Material Implication (Impl): Rule 15 [HIGH-RISK],PENDING_REVIEW,PASS,PASS,Section 42.1002 proposition.,MEDIUM
42,42.1003,P_42_1003,Stop-work orders.,P_42_1003: Stop-work orders.,P_42_1003,None,Conjunction (Conj): Rule 7,VALIDATED,PASS,PASS,Section 42.1003 proposition.,HIGH
42,42.1003(a),P_42_1003_a,Stop-work for negotiated FP or CR supply/R&D/service contracts.,P_42_1003_a: Stop-work for negotiated FP or CR supply/R&D/service contracts.,P_42_1003_a,None,Atomic proposition (no transformation required),VALIDATED,PASS,PASS,Section 42.1003(a) proposition.,HIGH
42,42.1003(b),P_42_1003_b,Issue only if advisable and supplemental agreement not feasible; approval above CO; not for termination.,P_42_1003_b: Issue only if advisable and supplemental agreement not feasible; approval above CO; not for termination.,P_42_1003_b,None,Conjunction (Conj): Rule 7,VALIDATED,PASS,PASS,Section 42.1003(b) proposition.,HIGH
42,42.1003(c),P_42_1003_c,"Should include work description, materials instructions, subcontract guidance, cost minimization.","P_42_1003_c: Should include work description, materials instructions, subcontract guidance, cost minimization.",P_42_1003_c,None,Conjunction (Conj): Rule 7,PENDING_REVIEW,PASS,PASS,Section 42.1003(c) proposition.,MEDIUM
42,42.1003(d),P_42_1003_d,CO should discuss with contractor promptly and modify if necessary.,P_42_1003_d: CO should discuss with contractor promptly and modify if necessary.,P_42_1003_d,None,Atomic proposition (no transformation required),PENDING_REVIEW,PASS,PASS,Section 42.1003(d) proposition.,MEDIUM
42,42.1003(e),P_42_1003_e,"Before expiration: terminate, cancel, or extend with agreement.","P_42_1003_e: Before expiration: terminate, cancel, or extend with agreement.",P_42_1003_e,None,Atomic proposition (no transformation required),VALIDATED,PASS,PASS,Section 42.1003(e) proposition.,HIGH
42,42.1004,P_42_1004,Government delay of work.,P_42_1004: Government delay of work.,P_42_1004,None,Conjunction (Conj): Rule 7,VALIDATED,PASS,PASS,Section 42.1004 proposition.,HIGH
42,42.1004(a),P_42_1004_a,52.242-17 provides for delay claim settlement; not applicable if other adjustment exists.,P_42_1004_a: 52.242-17 provides for delay claim settlement; not applicable if other adjustment exists.,P_42_1004_a,None,Material Implication (Impl): Rule 15 [HIGH-RISK],PENDING_REVIEW,PASS,PASS,Section 42.1004(a) proposition.,MEDIUM
42,42.1004(b),P_42_1004_b,Clause does not authorize CO to order delays.,P_42_1004_b: Clause does not authorize CO to order delays.,~P_42_1004_b,None,Negation (Neg): Rule 10,VALIDATED,PASS,PASS,Section 42.1004(b) proposition.,HIGH
42,42.1004(c),P_42_1004_c,CO must act to end unordered delays.,P_42_1004_c: CO must act to end unordered delays.,P_42_1004_c,None,Material Implication (Impl): Rule 15 [HIGH-RISK],PENDING_REVIEW,PASS,PASS,Section 42.1004(c) proposition.,MEDIUM
42,42.1004(d),P_42_1004_d,CO must retain records of delay adjustment negotiations.,P_42_1004_d: CO must retain records of delay adjustment negotiations.,P_42_1004_d,None,Atomic proposition (no transformation required),VALIDATED,PASS,PASS,Section 42.1004(d) proposition.,HIGH
42,42.1005,P_42_1005,Contract clauses.,P_42_1005: Contract clauses.,P_42_1005,None,Conjunction (Conj): Rule 7,VALIDATED,PASS,PASS,Section 42.1005 proposition.,HIGH
42,42.1005(a),P_42_1005_a,Insert 52.242-14 for FP construction/A-E contracts.,P_42_1005_a: Insert 52.242-14 for FP construction/A-E contracts.,P_42_1005_a,None,Material Implication (Impl): Rule 15 [HIGH-RISK],PENDING_REVIEW,PASS,PASS,Section 42.1005(a) proposition.,MEDIUM
42,42.1005(b),P_42_1005_b,CO may insert 52.242-15 for negotiated contracts; Alternate I for CR.,P_42_1005_b: CO may insert 52.242-15 for negotiated contracts; Alternate I for CR.,P_42_1005_b,None,Material Implication (Impl): Rule 15 [HIGH-RISK],PENDING_REVIEW,PASS,PASS,Section 42.1005(b) proposition.,MEDIUM
42,42.1005(c),P_42_1005_c,Insert 52.242-17 for FP non-commercial supplies; optional for services/commercial.,P_42_1005_c: Insert 52.242-17 for FP non-commercial supplies; optional for services/commercial.,P_42_1005_c,None,Material Implication (Impl): Rule 15 [HIGH-RISK],PENDING_REVIEW,PASS,PASS,Section 42.1005(c) proposition.,MEDIUM
42,42.1100,P_42_1100,Scope: recording and maintaining contractor performance information.,P_42_1100: Scope: recording and maintaining contractor performance information.,P_42_1100,None,Atomic proposition (no transformation required),VALIDATED,PASS,PASS,Section 42.1100 proposition.,HIGH
42,42.1101,P_42_1101,Past performance information.,P_42_1101: Past performance information.,P_42_1101,None,Conjunction (Conj): Rule 7,VALIDATED,PASS,PASS,Section 42.1101 proposition.,HIGH
42,42.1101(a),P_42_1101_a,"PPI includes: conformance, cost control, schedule, cooperation, SB subcontracting, reporting, ethics, customer concern.","P_42_1101_a: PPI includes: conformance, cost control, schedule, cooperation, SB subcontracting, reporting, ethics, customer concern.",P_42_1101_a,None,Atomic proposition (no transformation required),VALIDATED,PASS,PASS,Section 42.1101(a) proposition.,HIGH
42,42.1101(b),P_42_1101_b,Agencies must monitor compliance using CPARS metrics; CPARS is official source.,P_42_1101_b: Agencies must monitor compliance using CPARS metrics; CPARS is official source.,P_42_1101_b,None,Conjunction (Conj): Rule 7,VALIDATED,PASS,PASS,Section 42.1101(b) proposition.,HIGH
42,42.1102,P_42_1102,Policy.,P_42_1102: Policy.,P_42_1102,None,Atomic proposition (no transformation required),VALIDATED,PASS,PASS,Section 42.1102 proposition.,HIGH
42,42.1103,P_42_1103,Procedures.,P_42_1103: Procedures.,P_42_1103,None,Conjunction (Conj): Rule 7,VALIDATED,PASS,PASS,Section 42.1103 proposition.,HIGH
42,42.1103(a),P_42_1103_a,"Agencies must assign responsibility, provide for multi-office input, identify roles, address controls.","P_42_1103_a: Agencies must assign responsibility, provide for multi-office input, identify roles, address controls.",P_42_1103_a,None,Conjunction (Conj): Rule 7,VALIDATED,PASS,PASS,Section 42.1103(a) proposition.,HIGH
42,42.1103(b),P_42_1103_b,"Evaluations: clear description, reflect performance, objective facts, tailored, six factors, five-scale ratings.","P_42_1103_b: Evaluations: clear description, reflect performance, objective facts, tailored, six factors, five-scale ratings.",P_42_1103_b,None,Conjunction (Conj): Rule 7,VALIDATED,PASS,PASS,Section 42.1103(b) proposition.,HIGH
42,42.1103(c),P_42_1103_c,Incentive-fee and award-fee evaluations must be entered in CPARS.,P_42_1103_c: Incentive-fee and award-fee evaluations must be entered in CPARS.,P_42_1103_c,None,Conjunction (Conj): Rule 7,VALIDATED,PASS,PASS,Section 42.1103(c) proposition.,HIGH
42,42.1103(d),P_42_1103_d,Provide to contractor ASAP; 14-day comment period; above-CO review for disagreements.,P_42_1103_d: Provide to contractor ASAP; 14-day comment period; above-CO review for disagreements.,P_42_1103_d,None,Conjunction (Conj): Rule 7,VALIDATED,PASS,PASS,Section 42.1103(d) proposition.,HIGH
42,42.1103(e),P_42_1103_e,Electronic CPARS submission; available within 14 days; contractor comments; classified exception.,P_42_1103_e: Electronic CPARS submission; available within 14 days; contractor comments; classified exception.,P_42_1103_e,None,Conjunction (Conj): Rule 7,PENDING_REVIEW,PASS,PASS,Section 42.1103(e) proposition.,MEDIUM
42,42.1103(f),P_42_1103_f,Use CPARS data within 3 years (6 for construction/A-E) and SAM reports.,P_42_1103_f: Use CPARS data within 3 years (6 for construction/A-E) and SAM reports.,P_42_1103_f,None,Conjunction (Conj): Rule 7,VALIDATED,PASS,PASS,Section 42.1103(f) proposition.,HIGH
42,42.1103(g),P_42_1103_g,FAPIIS reporting within 3 days of specified events; publicly available.,P_42_1103_g: FAPIIS reporting within 3 days of specified events; publicly available.,P_42_1103_g,None,Conjunction (Conj): Rule 7,VALIDATED,PASS,PASS,Section 42.1103(g) proposition.,HIGH
42,42.1104,P_42_1104,Insert 52.242-5 when 52.219-9 is used.,P_42_1104: Insert 52.242-5 when 52.219-9 is used.,P_42_1104,None,Material Implication (Impl): Rule 15 [HIGH-RISK],PENDING_REVIEW,PASS,PASS,Section 42.1104 proposition.,MEDIUM
42,Table 42-1,P_42_T1,Evaluation Ratings Definitions (five-tier).,P_42_T1: Evaluation Ratings Definitions (five-tier).,P_42_T1,None,Conjunction (Conj): Rule 7,VALIDATED,PASS,PASS,Section Table 42-1 proposition.,HIGH
42,Table 42-1(a),P_42_T1_a,Exceptional rating definition.,P_42_T1_a: Exceptional rating definition.,P_42_T1_a,None,Atomic proposition (no transformation required),VALIDATED,PASS,PASS,Section Table 42-1(a) proposition.,HIGH
42,Table 42-1(b),P_42_T1_b,Very Good rating definition.,P_42_T1_b: Very Good rating definition.,P_42_T1_b,None,Atomic proposition (no transformation required),VALIDATED,PASS,PASS,Section Table 42-1(b) proposition.,HIGH
42,Table 42-1(c),P_42_T1_c,Satisfactory rating definition.,P_42_T1_c: Satisfactory rating definition.,P_42_T1_c,None,Atomic proposition (no transformation required),VALIDATED,PASS,PASS,Section Table 42-1(c) proposition.,HIGH
42,Table 42-1(d),P_42_T1_d,Marginal rating definition.,P_42_T1_d: Marginal rating definition.,P_42_T1_d,None,Atomic proposition (no transformation required),VALIDATED,PASS,PASS,Section Table 42-1(d) proposition.,HIGH
42,Table 42-1(e),P_42_T1_e,Unsatisfactory rating definition.,P_42_T1_e: Unsatisfactory rating definition.,P_42_T1_e,None,Atomic proposition (no transformation required),VALIDATED,PASS,PASS,Section Table 42-1(e) proposition.,HIGH
42,Table 42-2,P_42_T2,Small Business Subcontracting Evaluation Ratings (five-tier).,P_42_T2: Small Business Subcontracting Evaluation Ratings (five-tier).,P_42_T2,None,Conjunction (Conj): Rule 7,VALIDATED,PASS,PASS,Section Table 42-2 proposition.,HIGH
42,Table 42-2(a),P_42_T2_a,Exceptional SB rating definition.,P_42_T2_a: Exceptional SB rating definition.,P_42_T2_a,None,Atomic proposition (no transformation required),VALIDATED,PASS,PASS,Section Table 42-2(a) proposition.,HIGH
42,Table 42-2(b),P_42_T2_b,Very Good SB rating definition.,P_42_T2_b: Very Good SB rating definition.,P_42_T2_b,None,Atomic proposition (no transformation required),VALIDATED,PASS,PASS,Section Table 42-2(b) proposition.,HIGH
42,Table 42-2(c),P_42_T2_c,Satisfactory SB rating definition.,P_42_T2_c: Satisfactory SB rating definition.,P_42_T2_c,None,Atomic proposition (no transformation required),VALIDATED,PASS,PASS,Section Table 42-2(c) proposition.,HIGH
42,Table 42-2(d),P_42_T2_d,Marginal SB rating definition.,P_42_T2_d: Marginal SB rating definition.,P_42_T2_d,None,Atomic proposition (no transformation required),VALIDATED,PASS,PASS,Section Table 42-2(d) proposition.,HIGH
42,Table 42-2(e),P_42_T2_e,Unsatisfactory SB rating definition.,P_42_T2_e: Unsatisfactory SB rating definition.,P_42_T2_e,None,Atomic proposition (no transformation required),VALIDATED,PASS,PASS,Section Table 42-2(e) proposition.,HIGH
42,42.1201,P_42_1201,"CO must respond in writing within 30 days to small business requests; if unable, notify of expected date. Excludes Disputes decisions.","P_42_1201: CO must respond in writing within 30 days to small business requests; if unable, notify of expected date. Excludes Disputes decisions.",P_42_1201,None,Material Implication (Impl): Rule 15 [HIGH-RISK],PENDING_REVIEW,PASS,PASS,Section 42.1201 proposition.,MEDIUM
42,42.1301,P_42_1301,FPRA procedures.,P_42_1301: FPRA procedures.,P_42_1301,None,Conjunction (Conj): Rule 7,VALIDATED,PASS,PASS,Section 42.1301 proposition.,HIGH
42,42.1301(a),P_42_1301_a,"CO, ACO, or contractor may initiate FPRA; normally for significant-volume contractors.","P_42_1301_a: CO, ACO, or contractor may initiate FPRA; normally for significant-volume contractors.",P_42_1301_a,None,Material Implication (Impl): Rule 15 [HIGH-RISK],PENDING_REVIEW,PASS,PASS,Section 42.1301(a) proposition.,MEDIUM
42,42.1301(b),P_42_1301_b,ACO obtains proposal with current data (no certification required); invites auditor; prepares PNM.,P_42_1301_b: ACO obtains proposal with current data (no certification required); invites auditor; prepares PNM.,P_42_1301_b,None,Conjunction (Conj): Rule 7,VALIDATED,PASS,PASS,Section 42.1301(b) proposition.,HIGH
42,42.1301(c),P_42_1301_c,"FPRA must cover expiration, application, monitoring; cancellable by either party; change reporting required.","P_42_1301_c: FPRA must cover expiration, application, monitoring; cancellable by either party; change reporting required.",P_42_1301_c,None,Conjunction (Conj): Rule 7,VALIDATED,PASS,PASS,Section 42.1301(c) proposition.,HIGH
42,42.1301(d),P_42_1301_d,Invalid FPRA: contractor should submit new proposal; ACO issues FPRR or provides rate support.,P_42_1301_d: Invalid FPRA: contractor should submit new proposal; ACO issues FPRR or provides rate support.,P_42_1301_d,P_42_1301_c,Atomic proposition (no transformation required),PENDING_REVIEW,PASS,PASS,Section 42.1301(d) proposition.,MEDIUM
42,42.1301(e),P_42_1301_e,"ACO may negotiate continuous updates with terms for notification, application, monitoring.","P_42_1301_e: ACO may negotiate continuous updates with terms for notification, application, monitoring.",P_42_1301_e,None,Material Implication (Impl): Rule 15 [HIGH-RISK],PENDING_REVIEW,PASS,PASS,Section 42.1301(e) proposition.,MEDIUM
