RFO_Part,Section_Number,Propositional_ID,Natural_Language,Atomic_Propositions,Formal_Logic_Statement,Dependencies,Justification_Rules,Validation_Status,Logical_Check,Real_World_Check,Validation_Notes,Confidence_Level
2,2.000(a)(1),P_2_000_a_1,This part defines words and terms that are frequently used in the FAR.,P_2_000_a_1: Part 2 defines words and terms frequently used in the FAR,P_2_000_a_1,None,Atomic proposition (no operator required),VALIDATED,PASS,PASS,Simple declarative statement establishing Part 2 scope for definitions.,HIGH
2,2.000(a)(2),P_2_000_a_2,This part provides cross-references to other definitions in the FAR of the same word or term.,P_2_000_a_2: Part 2 provides cross-references to other FAR definitions,P_2_000_a_2,None,Atomic proposition (no operator required),VALIDATED,PASS,PASS,Declarative statement of Part 2 cross-referencing function.,HIGH
2,2.000(a)(3),P_2_000_a_3,This part provides for the incorporation of these definitions in solicitations and contracts by reference.,P_2_000_a_3: Part 2 provides for incorporation of definitions by reference,P_2_000_a_3,None,Atomic proposition (no operator required),VALIDATED,PASS,PASS,Establishes incorporation by reference mechanism for Part 2 definitions.,HIGH
2,2.000(a),P_2_000_a,This part (1) defines words and terms frequently used in the FAR; (2) provides cross-references to other definitions; and (3) provides for incorporation of definitions by reference.,P_2_000_a: Part 2 serves three functions for FAR definitions,P_2_000_a = P_2_000_a_1 ∧ P_2_000_a_2 ∧ P_2_000_a_3,None,Conjunction (Conj): Rule 7,VALIDATED,PASS,PASS,Parent proposition. All three functions are conjunctive requirements of Part 2.,HIGH
2,2.000(b),P_2_000_b,"Other parts, subparts, and sections of this regulation (48 CFR chapter 1) may define other words or terms and those definitions only apply to the part, subpart, or section where the word or term is defined.",P_2_000_b_a: Other parts may define other words or terms; P_2_000_b_b: Those definitions only apply to the part/subpart/section where defined,P_2_000_b_a ⊃ P_2_000_b_b,None,Material Implication (Impl): Rule 15 [HIGH-RISK],PENDING_REVIEW,PASS,PASS,"Permissive ""may"" grants authority for other parts to define terms. When they do, definitions are scope-limited. HIGH-RISK due to implication capturing conditional scope limitation.",MEDIUM
2,2.000,P_2_000,"Scope of part. This part defines words and terms, provides cross-references, provides for incorporation by reference, and establishes that other parts may define terms with limited scope.",P_2_000: Scope of Part 2,P_2_000 = P_2_000_a ∧ P_2_000_b,None,Conjunction (Conj): Rule 7,VALIDATED,PASS,PASS,Parent proposition for Section 2.000.,HIGH
2,2.101_intro,P_2_101_intro,"A word or a term, defined in this section, has the same meaning throughout this chapter (the FAR) unless the context clearly requires a different meaning or another FAR part provides a different definition. If defined differently elsewhere, this section includes a cross-reference and that other definition applies in its own scope.",P_2_101_intro_a: Term defined here has same meaning throughout FAR; P_2_101_intro_b: Context clearly requires different meaning; P_2_101_intro_c: Another FAR part provides different definition; P_2_101_intro_d: Cross-reference to other definition is included; P_2_101_intro_e: Other part definition applies in its own scope,(~P_2_101_intro_b ∧ ~P_2_101_intro_c) ⊃ P_2_101_intro_a; P_2_101_intro_c ⊃ (P_2_101_intro_d ∧ P_2_101_intro_e),P_2_000_b,Material Implication (Impl): Rule 15 [HIGH-RISK]; Conjunction (Conj): Rule 7; Negation (Neg): Rule 10,PENDING_REVIEW,PASS,PASS,Complex conditional establishing default applicability of Part 2 definitions across the FAR with two exception conditions. HIGH-RISK due to nested conditionals with negation.,MEDIUM
2,2.101,P_2_101_Acquisition,"""Acquisition"" means the acquiring by contract with appropriated funds of supplies or services (including construction) by and for the use of the Federal Government through purchase or lease. Acquisition begins at the point when agency needs are established and includes the description of requirements, solicitation and selection of sources, award of contracts, contract financing, contract performance, contract administration, and related technical and management functions.",P_2_101_Acquisition: Acquisition is defined as stated,P_2_101_Acquisition,None,Atomic proposition (definitional equivalence),VALIDATED,PASS,PASS,"Definitional proposition establishing meaning of ""Acquisition"" for FAR usage. Broad definitional scope covering the entire acquisition lifecycle.",HIGH
2,2.101,P_2_101_AcquisitionPlanning,"""Acquisition planning"" means the process by which the efforts of all personnel responsible for an acquisition are coordinated and integrated through a comprehensive plan for fulfilling the agency need in a timely manner and at a reasonable cost.",P_2_101_AcquisitionPlanning: Acquisition planning is defined as stated,P_2_101_AcquisitionPlanning,None,Atomic proposition (definitional equivalence),VALIDATED,PASS,PASS,"Definitional proposition establishing meaning of ""Acquisition planning"" for FAR usage.",HIGH
2,2.101,P_2_101_AAC,"""Activity Address Code (AAC)"" means a distinct six-position code consisting of alpha and/or numeric characters assigned to identify specific agency offices, units, activities, or organizations by GSA for civilian agencies and by DoD for defense agencies.",P_2_101_AAC: Activity Address Code (AAC) is defined as stated,P_2_101_AAC,None,Atomic proposition (definitional equivalence),VALIDATED,PASS,PASS,"Definitional proposition establishing meaning of ""Activity Address Code (AAC)"" for FAR usage.",HIGH
2,2.101,P_2_101_AdequateEvidence,"""Adequate evidence"" means information sufficient to support the reasonable belief that a particular act or omission has occurred.",P_2_101_AdequateEvidence: Adequate evidence is defined as stated,P_2_101_AdequateEvidence,None,Atomic proposition (definitional equivalence),VALIDATED,PASS,PASS,"Definitional proposition establishing meaning of ""Adequate evidence"" for FAR usage.",HIGH
2,2.101,P_2_101_AdvisoryAssistanceServices,"""Advisory and assistance services"" means those services provided under contract by nongovernmental sources to support or improve organizational policy development, decision-making, management, program management, or R&D activities. All are classified as: (1) Management and professional support services; (2) Studies, analyses and evaluations; (3) Engineering and technical services.","P_2_101_AdvisoryAssistanceServices_1: Management and professional support services; P_2_101_AdvisoryAssistanceServices_2: Studies, analyses and evaluations; P_2_101_AdvisoryAssistanceServices_3: Engineering and technical services",P_2_101_AdvisoryAssistanceServices = P_2_101_AdvisoryAssistanceServices_1 ∨ P_2_101_AdvisoryAssistanceServices_2 ∨ P_2_101_AdvisoryAssistanceServices_3,P_9_505_1_b,Disjunction (Add): Rule 8,VALIDATED,PASS,PASS,"Definitional proposition with disjunctive sub-elements for ""Advisory and assistance services"". Any single element satisfies the definition. Three mutually exclusive classification categories. Reference to 9.505-1(b) for engineering and technical services.",HIGH
2,2.101,P_2_101_Affiliates,"""Affiliates"" means associated business concerns or individuals if, directly or indirectly, either one controls or can control the other; or a third party controls or can control both.",P_2_101_Affiliates_a: One entity controls or can control the other; P_2_101_Affiliates_b: Third party controls or can control both,P_2_101_Affiliates = P_2_101_Affiliates_a ∨ P_2_101_Affiliates_b,P_9_403; P_2_101_SmallBusinessConcern,Disjunction (Add): Rule 8,VALIDATED,PASS,PASS,"Definitional proposition with disjunctive sub-elements for ""Affiliates"". Any single element satisfies the definition. Context-specific overrides for subpart 9.4 and size determinations.",HIGH
2,2.101,P_2_101_AgencyHead,"""Agency head"" or ""head of the agency"" means the Secretary, Attorney General, Administrator, Governor, Chairperson, or other chief official of an executive agency, including any deputy or assistant chief official.",P_2_101_AgencyHead: Agency head is defined as stated,P_2_101_AgencyHead,None,Atomic proposition (definitional equivalence),VALIDATED,PASS,PASS,"Definitional proposition establishing meaning of ""Agency head"" for FAR usage.",HIGH
2,2.101,P_2_101_Alternate,"""Alternate"" means a substantive variation of a basic provision or clause prescribed for use in a defined circumstance.",P_2_101_Alternate: Alternate is defined as stated,P_2_101_Alternate,P_52_105_a,Atomic proposition (definitional equivalence),VALIDATED,PASS,PASS,"Definitional proposition establishing meaning of ""Alternate"" for FAR usage.",HIGH
2,2.101,P_2_101_ArchitectEngineerServices,"""Architect-engineer services"" as defined in 40 U.S.C. 1102, means (1) Professional A-E services requiring licensure; (2) Professional A-E services associated with real property; and (3) Other professional A-E services logically performed by the profession.",P_2_101_ArchitectEngineerServices_1: Licensed professional A-E services; P_2_101_ArchitectEngineerServices_2: A-E services associated with real property; P_2_101_ArchitectEngineerServices_3: Other A-E professional services,P_2_101_ArchitectEngineerServices = P_2_101_ArchitectEngineerServices_1 ∨ P_2_101_ArchitectEngineerServices_2 ∨ P_2_101_ArchitectEngineerServices_3,None,Disjunction (Add): Rule 8,VALIDATED,PASS,PASS,"Definitional proposition with disjunctive sub-elements for ""Architect-engineer services"". Any single element satisfies the definition. Statutory definition from 40 U.S.C. 1102.",HIGH
2,2.101,P_2_101_AssignmentOfClaims,"""Assignment of claims"" means the transfer by the contractor to a financing institution of its right to be paid by the Government for contract performance, as security for a loan.",P_2_101_AssignmentOfClaims: Assignment of claims is defined as stated,P_2_101_AssignmentOfClaims,None,Atomic proposition (definitional equivalence),VALIDATED,PASS,PASS,"Definitional proposition establishing meaning of ""Assignment of claims"" for FAR usage.",HIGH
2,2.101,P_2_101_AssistedAcquisition,"""Assisted acquisition"" means a type of interagency acquisition where a servicing agency performs acquisition activities on a requesting agency's behalf.",P_2_101_AssistedAcquisition: Assisted acquisition is defined as stated,P_2_101_AssistedAcquisition,P_2_101_InteragencyAcquisition,Atomic proposition (definitional equivalence),VALIDATED,PASS,PASS,"Definitional proposition establishing meaning of ""Assisted acquisition"" for FAR usage.",HIGH
2,2.101,P_2_101_BasicResearch,"""Basic research"" means research directed toward increasing knowledge in science, with the primary aim of fuller knowledge rather than practical application.",P_2_101_BasicResearch: Basic research is defined as stated,P_2_101_BasicResearch,None,Atomic proposition (definitional equivalence),VALIDATED,PASS,PASS,"Definitional proposition establishing meaning of ""Basic research"" for FAR usage.",HIGH
2,2.101,P_2_101_BestValue,"""Best value"" means the expected outcome of an acquisition that provides the greatest overall benefit in response to the requirement, in the Government's estimation.",P_2_101_BestValue: Best value is defined as stated,P_2_101_BestValue,None,Atomic proposition (definitional equivalence),VALIDATED,PASS,PASS,"Definitional proposition establishing meaning of ""Best value"" for FAR usage.",HIGH
2,2.101,P_2_101_BidSample,"""Bid sample"" means a product sample required to be submitted by an offeror to show characteristics that cannot adequately be described by specifications or the solicitation.",P_2_101_BidSample: Bid sample is defined as stated,P_2_101_BidSample,None,Atomic proposition (definitional equivalence),VALIDATED,PASS,PASS,"Definitional proposition establishing meaning of ""Bid sample"" for FAR usage.",HIGH
2,2.101,P_2_101_BiobasedProduct,"""Biobased product"" means a product determined by USDA to be a commercial or industrial product (other than food or feed) composed in whole or significant part of biological products.",P_2_101_BiobasedProduct: Biobased product is defined as stated,P_2_101_BiobasedProduct,None,Atomic proposition (definitional equivalence),VALIDATED,PASS,PASS,"Definitional proposition establishing meaning of ""Biobased product"" for FAR usage.",HIGH
2,2.101,P_2_101_BroadAgencyAnnouncement,"""Broad agency announcement"" means a general announcement of an agency's research interest including criteria for selecting proposals and soliciting all capable offerors.",P_2_101_BroadAgencyAnnouncement: Broad agency announcement is defined as stated,P_2_101_BroadAgencyAnnouncement,P_6_102_d_2,Atomic proposition (definitional equivalence),VALIDATED,PASS,PASS,"Definitional proposition establishing meaning of ""Broad agency announcement"" for FAR usage.",HIGH
2,2.101,P_2_101_BuildingOrWork,"""Building or work"" means construction activity as distinguished from manufacturing, furnishing of materials, or servicing. Includes buildings, structures, and improvements of all types. Manufacturing is not ""building"" or ""work"" unless conducted at the site.",P_2_101_BuildingOrWork: Building or work is defined as stated,P_2_101_BuildingOrWork,None,Atomic proposition (definitional equivalence),VALIDATED,PASS,PASS,"Definitional proposition establishing meaning of ""Building or work"" for FAR usage.",HIGH
2,2.101,P_2_101_BusinessUnit,"""Business unit"" means any segment of an organization, or an entire business organization that is not divided into segments.",P_2_101_BusinessUnit: Business unit is defined as stated,P_2_101_BusinessUnit,None,Atomic proposition (definitional equivalence),VALIDATED,PASS,PASS,"Definitional proposition establishing meaning of ""Business unit"" for FAR usage.",HIGH
2,2.101,P_2_101_CertifiedCostPricingData,"""Certified cost or pricing data"" means ""cost or pricing data"" required to be submitted under FAR 15.403-4 and 15.403-5 and certified under 15.406-2.",P_2_101_CertifiedCostPricingData: Certified cost or pricing data is defined as stated,P_2_101_CertifiedCostPricingData,P_15_403_4; P_15_403_5; P_15_406_2,Atomic proposition (definitional equivalence),VALIDATED,PASS,PASS,"Definitional proposition establishing meaning of ""Certified cost or pricing data"" for FAR usage.",HIGH
2,2.101,P_2_101_ChangeOfNameAgreement,"""Change-of-name agreement"" means a legal instrument executed by the contractor and the Government recognizing a legal name change without disturbing contractual rights and obligations.",P_2_101_ChangeOfNameAgreement: Change-of-name agreement is defined as stated,P_2_101_ChangeOfNameAgreement,None,Atomic proposition (definitional equivalence),VALIDATED,PASS,PASS,"Definitional proposition establishing meaning of ""Change-of-name agreement"" for FAR usage.",HIGH
2,2.101,P_2_101_ChangeOrder,"""Change order"" means a written order, signed by the contracting officer, directing the contractor to make a change authorized by the Changes clause without the contractor's consent.",P_2_101_ChangeOrder: Change order is defined as stated,P_2_101_ChangeOrder,None,Atomic proposition (definitional equivalence),VALIDATED,PASS,PASS,"Definitional proposition establishing meaning of ""Change order"" for FAR usage.",HIGH
2,2.101,P_2_101_ChiefAcquisitionOfficer,"""Chief Acquisition Officer"" means an executive level acquisition official responsible for agency acquisition performance created pursuant to 41 U.S.C. 1702.",P_2_101_ChiefAcquisitionOfficer: Chief Acquisition Officer is defined as stated,P_2_101_ChiefAcquisitionOfficer,None,Atomic proposition (definitional equivalence),VALIDATED,PASS,PASS,"Definitional proposition establishing meaning of ""Chief Acquisition Officer"" for FAR usage.",HIGH
2,2.101,P_2_101_ChiefOfMission,"""Chief of mission"" means the principal officer in charge of a US diplomatic mission or office abroad designated by the Secretary of State as diplomatic in nature.",P_2_101_ChiefOfMission: Chief of mission is defined as stated,P_2_101_ChiefOfMission,None,Atomic proposition (definitional equivalence),VALIDATED,PASS,PASS,"Definitional proposition establishing meaning of ""Chief of mission"" for FAR usage.",HIGH
2,2.101,P_2_101_Claim,"""Claim"" means a written demand or assertion by a contracting party seeking payment of money in a sum certain, adjustment of contract terms, or other relief. Demands exceeding $100,000 must be certified under 41 U.S.C. chapter 71. Routine payment requests not in dispute are not claims.",P_2_101_Claim: Claim is defined as stated,P_2_101_Claim,P_33_206_a,Atomic proposition (definitional equivalence),VALIDATED,PASS,PASS,"Definitional proposition establishing meaning of ""Claim"" for FAR usage. Includes both positive inclusion and negative exclusions. Dollar threshold trigger for certification.",HIGH
2,2.101,P_2_101_ClassifiedAcquisition,"""Classified acquisition"" means an acquisition in which offerors must have access to classified information to properly submit an offer, understand requirements, or perform the contract.",P_2_101_ClassifiedAcquisition: Classified acquisition is defined as stated,P_2_101_ClassifiedAcquisition,None,Atomic proposition (definitional equivalence),VALIDATED,PASS,PASS,"Definitional proposition establishing meaning of ""Classified acquisition"" for FAR usage.",HIGH
2,2.101,P_2_101_ClassifiedContract,"""Classified contract"" means any contract in which the contractor or employees must have access to classified information during performance. A contract may be classified even if the contract document is unclassified.",P_2_101_ClassifiedContract: Classified contract is defined as stated,P_2_101_ClassifiedContract,None,Atomic proposition (definitional equivalence),VALIDATED,PASS,PASS,"Definitional proposition establishing meaning of ""Classified contract"" for FAR usage.",HIGH
2,2.101,P_2_101_CognizantFederalAgency,"""Cognizant Federal agency"" means the Federal agency responsible on behalf of all Federal agencies for establishing final indirect cost rates, forward pricing rates, and administering CAS for all contracts in a business unit.",P_2_101_CognizantFederalAgency: Cognizant Federal agency is defined as stated,P_2_101_CognizantFederalAgency,None,Atomic proposition (definitional equivalence),VALIDATED,PASS,PASS,"Definitional proposition establishing meaning of ""Cognizant Federal agency"" for FAR usage.",HIGH
2,2.101,P_2_101_CombatantCommander,"""Combatant commander"" means the commander of a unified or specified combatant command established per 10 U.S.C. 161.",P_2_101_CombatantCommander: Combatant commander is defined as stated,P_2_101_CombatantCommander,None,Atomic proposition (definitional equivalence),VALIDATED,PASS,PASS,"Definitional proposition establishing meaning of ""Combatant commander"" for FAR usage.",HIGH
2,2.101,P_2_101_CAGECode,"""Commercial and Government Entity (CAGE) code"" means (1) identifier assigned by DLA to US entities; or (2) identifier assigned by NATO/NSPA to non-US entities (NCAGE code).",P_2_101_CAGECode_1: DLA-assigned identifier for US entities; P_2_101_CAGECode_2: NATO/NSPA-assigned identifier for non-US entities,P_2_101_CAGECode = P_2_101_CAGECode_1 ∨ P_2_101_CAGECode_2,None,Disjunction (Add): Rule 8,VALIDATED,PASS,PASS,"Definitional proposition with disjunctive sub-elements for ""Commercial and Government Entity (CAGE) code"". Any single element satisfies the definition. Two disjunctive assignment authorities based on entity location.",HIGH
2,2.101,P_2_101_CommercialComponent,"""Commercial component"" means any component that is a commercial product.",P_2_101_CommercialComponent: Commercial component is defined as stated,P_2_101_CommercialComponent,P_2_101_CommercialProduct,Atomic proposition (definitional equivalence),VALIDATED,PASS,PASS,"Definitional proposition establishing meaning of ""Commercial component"" for FAR usage.",HIGH
2,2.101,P_2_101_CommercialComputerSoftware,"""Commercial computer software"" means any computer software that is a commercial product or commercial service.",P_2_101_CommercialComputerSoftware: Commercial computer software is defined as stated,P_2_101_CommercialComputerSoftware,P_2_101_CommercialProduct; P_2_101_CommercialService,Atomic proposition (definitional equivalence),VALIDATED,PASS,PASS,"Definitional proposition establishing meaning of ""Commercial computer software"" for FAR usage.",HIGH
2,2.101,P_2_101_CommercialProduct,"""Commercial product"" means (1) product customarily used by the public, sold/offered for sale; (2) technology-evolved product from (1); (3) product in (1)/(2) with minor modifications; (4) combination of (1)-(3) customarily sold together; (5) inter-affiliate transfer of (1)-(4); or (6) nondevelopmental item privately developed and sold to multiple governments.",P_2_101_CommercialProduct_1: Customarily used product sold/offered to public; P_2_101_CommercialProduct_2: Technology-evolved product; P_2_101_CommercialProduct_3: Modified product; P_2_101_CommercialProduct_4: Combination product; P_2_101_CommercialProduct_5: Inter-affiliate transferred product; P_2_101_CommercialProduct_6: Nondevelopmental item sold to governments,P_2_101_CommercialProduct = P_2_101_CommercialProduct_1 ∨ P_2_101_CommercialProduct_2 ∨ P_2_101_CommercialProduct_3 ∨ P_2_101_CommercialProduct_4 ∨ P_2_101_CommercialProduct_5 ∨ P_2_101_CommercialProduct_6,P_2_101_NondevelopmentalItem,Disjunction (Add): Rule 8,VALIDATED,PASS,PASS,"Definitional proposition with disjunctive sub-elements for ""Commercial product"". Any single element satisfies the definition. Six disjunctive pathways. Key statutory definition for commercial item determination.",HIGH
2,2.101,P_2_101_CommercialService,"""Commercial service"" means (1) support services for commercial product where source provides similar services to public; (2) services sold competitively at catalog/market prices; or (3) inter-affiliate transfer of (1)/(2) services.",P_2_101_CommercialService_1: Support services for commercial product; P_2_101_CommercialService_2: Competitively sold services at catalog/market prices; P_2_101_CommercialService_3: Inter-affiliate transferred services,P_2_101_CommercialService = P_2_101_CommercialService_1 ∨ P_2_101_CommercialService_2 ∨ P_2_101_CommercialService_3,P_2_101_CommercialProduct,Disjunction (Add): Rule 8,VALIDATED,PASS,PASS,"Definitional proposition with disjunctive sub-elements for ""Commercial service"". Any single element satisfies the definition.",HIGH
2,2.101,P_2_101_CommonItem,"""Common item"" means material common to the Government contract and the contractor's other work.",P_2_101_CommonItem: Common item is defined as stated,P_2_101_CommonItem,P_52_246_26,Atomic proposition (definitional equivalence),VALIDATED,PASS,PASS,"Definitional proposition establishing meaning of ""Common item"" for FAR usage.",HIGH
2,2.101,P_2_101_Component,"""Component"" means any item supplied to the Government as part of an end item or another component, with context-specific definitions for Part 25 and related clauses.",P_2_101_Component: Component is defined as stated,P_2_101_Component,P_25_003; P_52_225_1; P_52_225_3; P_52_225_9; P_52_225_11; P_52_225_21; P_52_225_23,Atomic proposition (definitional equivalence),VALIDATED,PASS,PASS,"Definitional proposition establishing meaning of ""Component"" for FAR usage.",HIGH
2,2.101,P_2_101_ComputerDatabase,"""Computer database"" means a collection of recorded information for being stored in, processed, and operated on by a computer. Does not include computer software.",P_2_101_ComputerDatabase: Computer database is defined as stated,P_2_101_ComputerDatabase,None,Atomic proposition (definitional equivalence),VALIDATED,PASS,PASS,"Definitional proposition establishing meaning of ""Computer database"" for FAR usage.",HIGH
2,2.101,P_2_101_ComputerSoftwareDocumentation,"""Computer software documentation"" means owner's manuals, user's manuals, installation instructions, operating instructions, and similar items that explain software capabilities or provide usage instructions.",P_2_101_ComputerSoftwareDocumentation: Computer software documentation is defined as stated,P_2_101_ComputerSoftwareDocumentation,None,Atomic proposition (definitional equivalence),VALIDATED,PASS,PASS,"Definitional proposition establishing meaning of ""Computer software documentation"" for FAR usage.",HIGH
2,2.101,P_2_101_ConsentToSubcontract,"""Consent to subcontract"" means the contracting officer's written consent for the prime contractor to enter into a particular subcontract.",P_2_101_ConsentToSubcontract: Consent to subcontract is defined as stated,P_2_101_ConsentToSubcontract,None,Atomic proposition (definitional equivalence),VALIDATED,PASS,PASS,"Definitional proposition establishing meaning of ""Consent to subcontract"" for FAR usage.",HIGH
2,2.101,P_2_101_Consolidation,"""Consolidation"" means a solicitation for a single/multiple-award contract, task/delivery order to satisfy (i) two or more requirements previously under separate lower-cost contracts; or (ii) construction at two or more discrete sites.",P_2_101_Consolidation_1_i: Two or more supply/service requirements previously under separate contracts; P_2_101_Consolidation_1_ii: Construction at two or more discrete sites,P_2_101_Consolidation = P_2_101_Consolidation_1_i ∨ P_2_101_Consolidation_1_ii,None,Disjunction (Add): Rule 8,VALIDATED,PASS,PASS,"Definitional proposition with disjunctive sub-elements for ""Consolidation"". Any single element satisfies the definition. Broader than bundling. Either pathway qualifies as consolidation.",HIGH
2,2.101,P_2_101_Construction,"""Construction"" means construction, alteration, or repair of buildings, structures, or other real property. Does not include manufacture of personal property.",P_2_101_Construction: Construction is defined as stated,P_2_101_Construction,P_22_502,Atomic proposition (definitional equivalence),VALIDATED,PASS,PASS,"Definitional proposition establishing meaning of ""Construction"" for FAR usage. Exception for subpart 22.5.",HIGH
2,2.101,P_2_101_CONUS,"""Contiguous United States (CONUS)"" means the 48 contiguous States and the District of Columbia.",P_2_101_CONUS: Contiguous United States (CONUS) is defined as stated,P_2_101_CONUS,None,Atomic proposition (definitional equivalence),VALIDATED,PASS,PASS,"Definitional proposition establishing meaning of ""Contiguous United States (CONUS)"" for FAR usage.",HIGH
2,2.101,P_2_101_ContingencyOperation,"""Contingency operation"" means a military operation that (1) is designated by SECDEF as involving military actions against an enemy; or (2) results in call to active duty during war or national emergency.",P_2_101_ContingencyOperation_1: SECDEF-designated operation against enemy; P_2_101_ContingencyOperation_2: Call to active duty during war/national emergency,P_2_101_ContingencyOperation = P_2_101_ContingencyOperation_1 ∨ P_2_101_ContingencyOperation_2,None,Disjunction (Add): Rule 8,VALIDATED,PASS,PASS,"Definitional proposition with disjunctive sub-elements for ""Contingency operation"". Any single element satisfies the definition. Statutory definition from 10 U.S.C. 101(a)(13).",HIGH
2,2.101,P_2_101_ContinuedPortion,"""Continued portion of the contract"" means the portion of a contract that the contractor must continue to perform following a partial termination.",P_2_101_ContinuedPortion: Continued portion of the contract is defined as stated,P_2_101_ContinuedPortion,None,Atomic proposition (definitional equivalence),VALIDATED,PASS,PASS,"Definitional proposition establishing meaning of ""Continued portion of the contract"" for FAR usage.",HIGH
2,2.101,P_2_101_Contract,"""Contract"" means a mutually binding legal relationship obligating the seller to furnish supplies or services and the buyer to pay for them. Includes all types of commitments obligating the Government to an expenditure of appropriated funds. Does not include grants and cooperative agreements.",P_2_101_Contract: Contract is defined as stated,P_2_101_Contract,P_16,Atomic proposition (definitional equivalence),VALIDATED,PASS,PASS,"Definitional proposition establishing meaning of ""Contract"" for FAR usage. Broad definition encompassing bilateral instruments, awards, job orders, letter contracts, purchase orders, and modifications.",HIGH
2,2.101,P_2_101_ContractAdminOffice,"""Contract administration office"" means an office that performs (1) assigned postaward administration functions; and (2) assigned preaward functions.",P_2_101_ContractAdminOffice_1: Postaward administration functions; P_2_101_ContractAdminOffice_2: Preaward functions,P_2_101_ContractAdminOffice = P_2_101_ContractAdminOffice_1 ∧ P_2_101_ContractAdminOffice_2,None,Conjunction (Conj): Rule 7,VALIDATED,PASS,PASS,"Definitional proposition with conjunctive sub-elements for ""Contract administration office"". All elements required.",HIGH
2,2.101,P_2_101_ContractClause,"""Contract clause"" or ""clause"" means a term or condition used in contracts or in both solicitations and contracts, applying after award or both before and after award.",P_2_101_ContractClause: Contract clause is defined as stated,P_2_101_ContractClause,None,Atomic proposition (definitional equivalence),VALIDATED,PASS,PASS,"Definitional proposition establishing meaning of ""Contract clause"" for FAR usage.",HIGH
2,2.101,P_2_101_ContractModification,"""Contract modification"" means any written change in the terms of a contract.",P_2_101_ContractModification: Contract modification is defined as stated,P_2_101_ContractModification,P_43_103,Atomic proposition (definitional equivalence),VALIDATED,PASS,PASS,"Definitional proposition establishing meaning of ""Contract modification"" for FAR usage.",HIGH
2,2.101,P_2_101_Contracting,"""Contracting"" means purchasing, renting, leasing, or otherwise obtaining supplies or services from nonfederal sources. Does not include making grants or cooperative agreements.",P_2_101_Contracting: Contracting is defined as stated,P_2_101_Contracting,None,Atomic proposition (definitional equivalence),VALIDATED,PASS,PASS,"Definitional proposition establishing meaning of ""Contracting"" for FAR usage.",HIGH
2,2.101,P_2_101_ContractingActivity,"""Contracting activity"" means an element of an agency designated by the agency head and delegated broad authority regarding acquisition functions.",P_2_101_ContractingActivity: Contracting activity is defined as stated,P_2_101_ContractingActivity,None,Atomic proposition (definitional equivalence),VALIDATED,PASS,PASS,"Definitional proposition establishing meaning of ""Contracting activity"" for FAR usage.",HIGH
2,2.101,P_2_101_ContractingOffice,"""Contracting office"" means an office that awards or executes a contract for supplies or services and performs postaward functions not assigned to a contract administration office.",P_2_101_ContractingOffice: Contracting office is defined as stated,P_2_101_ContractingOffice,P_48_001,Atomic proposition (definitional equivalence),VALIDATED,PASS,PASS,"Definitional proposition establishing meaning of ""Contracting office"" for FAR usage.",HIGH
2,2.101,P_2_101_COR,"""Contracting officer's representative (COR)"" means an individual designated and authorized in writing by the contracting officer to perform specific technical or administrative functions.",P_2_101_COR: Contracting officer's representative (COR) is defined as stated,P_2_101_COR,None,Atomic proposition (definitional equivalence),VALIDATED,PASS,PASS,"Definitional proposition establishing meaning of ""Contracting officer's representative (COR)"" for FAR usage.",HIGH
2,2.101,P_2_101_Conviction,"""Conviction"" means a judgment or conviction of a criminal offense by any court of competent jurisdiction, including upon a plea of nolo contendere.",P_2_101_Conviction: Conviction is defined as stated,P_2_101_Conviction,P_9_403; P_26_503,Atomic proposition (definitional equivalence),VALIDATED,PASS,PASS,"Definitional proposition establishing meaning of ""Conviction"" for FAR usage. Separate definitions for subpart 9.4 and subpart 26.5.",HIGH
2,2.101,P_2_101_CostOrPricingData,"""Cost or pricing data"" means all facts that prudent buyers and sellers would reasonably expect to affect price negotiations significantly. Factual, not judgmental; verifiable. Includes vendor quotations, nonrecurring costs, production changes, business prospects, unit-cost trends, make-or-buy decisions, estimated resources, and management decisions.",P_2_101_CostOrPricingData: Cost or pricing data is defined as stated,P_2_101_CostOrPricingData,None,Atomic proposition (definitional equivalence),VALIDATED,PASS,PASS,"Definitional proposition establishing meaning of ""Cost or pricing data"" for FAR usage. Statutory definition. Eight enumerated items are illustrative, not exhaustive.",HIGH
2,2.101,P_2_101_CostRealism,"""Cost realism"" means costs in an offeror's proposal (1) are realistic for the work; (2) reflect clear understanding of requirements; and (3) are consistent with the technical proposal.",P_2_101_CostRealism_1: Costs realistic for work; P_2_101_CostRealism_2: Reflect understanding of requirements; P_2_101_CostRealism_3: Consistent with technical proposal,P_2_101_CostRealism = P_2_101_CostRealism_1 ∧ P_2_101_CostRealism_2 ∧ P_2_101_CostRealism_3,None,Conjunction (Conj): Rule 7,VALIDATED,PASS,PASS,"Definitional proposition with conjunctive sub-elements for ""Cost realism"". All elements required. Three-part conjunctive test.",HIGH
2,2.101,P_2_101_CostSharing,"""Cost sharing"" means an explicit arrangement under which the contractor bears some of the burden of reasonable, allocable, and allowable contract cost.",P_2_101_CostSharing: Cost sharing is defined as stated,P_2_101_CostSharing,None,Atomic proposition (definitional equivalence),VALIDATED,PASS,PASS,"Definitional proposition establishing meaning of ""Cost sharing"" for FAR usage.",HIGH
2,2.101,P_2_101_CustomsTerritory,"""Customs territory of the United States"" means the 50 States, the District of Columbia, and Puerto Rico.",P_2_101_CustomsTerritory: Customs territory of the United States is defined as stated,P_2_101_CustomsTerritory,None,Atomic proposition (definitional equivalence),VALIDATED,PASS,PASS,"Definitional proposition establishing meaning of ""Customs territory of the United States"" for FAR usage.",HIGH
2,2.101,P_2_101_CoveredTerritoryBusiness,"""Covered territory business"" means a small business concern with its principal office in the USVI, American Samoa, Guam, or the CNMI.",P_2_101_CoveredTerritoryBusiness: Covered territory business is defined as stated,P_2_101_CoveredTerritoryBusiness,P_2_101_SmallBusinessConcern,Atomic proposition (definitional equivalence),VALIDATED,PASS,PASS,"Definitional proposition establishing meaning of ""Covered territory business"" for FAR usage.",HIGH
2,2.101,P_2_101_DataOtherThanCertified,"""Data other than certified cost or pricing data"" means pricing data, cost data, and judgmental information necessary for the CO to determine fair and reasonable price or cost realism. May include identical data types as certified cost or pricing data, without the certification.",P_2_101_DataOtherThanCertified: Data other than certified cost or pricing data is defined as stated,P_2_101_DataOtherThanCertified,P_2_101_CertifiedCostPricingData; P_15_408,Atomic proposition (definitional equivalence),VALIDATED,PASS,PASS,"Definitional proposition establishing meaning of ""Data other than certified cost or pricing data"" for FAR usage.",HIGH
2,2.101,P_2_101_Day,"""Day"" means, unless otherwise specified, a calendar day.",P_2_101_Day: Day is defined as stated,P_2_101_Day,None,Atomic proposition (definitional equivalence),VALIDATED,PASS,PASS,"Definitional proposition establishing meaning of ""Day"" for FAR usage.",HIGH
2,2.101,P_2_101_Debarment,"""Debarment"" means action taken by a suspending and debarring official under 9.406 to exclude a contractor from Government contracting for a reasonable, specified period.",P_2_101_Debarment: Debarment is defined as stated,P_2_101_Debarment,P_9_406,Atomic proposition (definitional equivalence),VALIDATED,PASS,PASS,"Definitional proposition establishing meaning of ""Debarment"" for FAR usage.",HIGH
2,2.101,P_2_101_DeliveryOrder,"""Delivery order"" means an order for supplies placed against an established contract or with Government sources.",P_2_101_DeliveryOrder: Delivery order is defined as stated,P_2_101_DeliveryOrder,None,Atomic proposition (definitional equivalence),VALIDATED,PASS,PASS,"Definitional proposition establishing meaning of ""Delivery order"" for FAR usage.",HIGH
2,2.101,P_2_101_Depreciation,"""Depreciation"" means a charge to current operations distributing the cost of a tangible capital asset, less estimated residual value, over estimated useful life. Does not involve valuation.",P_2_101_Depreciation: Depreciation is defined as stated,P_2_101_Depreciation,None,Atomic proposition (definitional equivalence),VALIDATED,PASS,PASS,"Definitional proposition establishing meaning of ""Depreciation"" for FAR usage.",HIGH
2,2.101,P_2_101_DescriptiveLiterature,"""Descriptive literature"" means information provided by an offeror showing a product's characteristics or explaining its operation. Includes only information needed to evaluate acceptability.",P_2_101_DescriptiveLiterature: Descriptive literature is defined as stated,P_2_101_DescriptiveLiterature,None,Atomic proposition (definitional equivalence),VALIDATED,PASS,PASS,"Definitional proposition establishing meaning of ""Descriptive literature"" for FAR usage.",HIGH
2,2.101,P_2_101_DesignToCost,"""Design-to-cost"" means a concept establishing cost elements as management goals to achieve the best balance between life-cycle cost, acceptable performance, and schedule.",P_2_101_DesignToCost: Design-to-cost is defined as stated,P_2_101_DesignToCost,None,Atomic proposition (definitional equivalence),VALIDATED,PASS,PASS,"Definitional proposition establishing meaning of ""Design-to-cost"" for FAR usage.",HIGH
2,2.101,P_2_101_DesignatedOperationalArea,"""Designated operational area"" means a geographic area designated by the combatant commander for the conduct or support of specified military operations.",P_2_101_DesignatedOperationalArea: Designated operational area is defined as stated,P_2_101_DesignatedOperationalArea,None,Atomic proposition (definitional equivalence),VALIDATED,PASS,PASS,"Definitional proposition establishing meaning of ""Designated operational area"" for FAR usage.",HIGH
2,2.101,P_2_101_DirectAcquisition,"""Direct acquisition"" means a type of interagency acquisition where a requesting agency places an order directly against a servicing agency's indefinite-delivery contract.",P_2_101_DirectAcquisition: Direct acquisition is defined as stated,P_2_101_DirectAcquisition,P_2_101_InteragencyAcquisition,Atomic proposition (definitional equivalence),VALIDATED,PASS,PASS,"Definitional proposition establishing meaning of ""Direct acquisition"" for FAR usage.",HIGH
2,2.101,P_2_101_DirectCost,"""Direct cost"" means any cost identified specifically with a particular final cost objective.",P_2_101_DirectCost: Direct cost is defined as stated,P_2_101_DirectCost,None,Atomic proposition (definitional equivalence),VALIDATED,PASS,PASS,"Definitional proposition establishing meaning of ""Direct cost"" for FAR usage.",HIGH
2,2.101,P_2_101_DisasterResponseRegistry,"""Disaster Response Registry"" means a voluntary registry of contractors willing to perform disaster or emergency relief activities per 6 U.S.C. 796.",P_2_101_DisasterResponseRegistry: Disaster Response Registry is defined as stated,P_2_101_DisasterResponseRegistry,P_26_205,Atomic proposition (definitional equivalence),VALIDATED,PASS,PASS,"Definitional proposition establishing meaning of ""Disaster Response Registry"" for FAR usage.",HIGH
2,2.101,P_2_101_DrugFreeWorkplace,"""Drug-free workplace"" means the site(s) for contract work performance where employees are prohibited from unlawful manufacture, distribution, dispensing, possession, or use of a controlled substance.",P_2_101_DrugFreeWorkplace: Drug-free workplace is defined as stated,P_2_101_DrugFreeWorkplace,None,Atomic proposition (definitional equivalence),VALIDATED,PASS,PASS,"Definitional proposition establishing meaning of ""Drug-free workplace"" for FAR usage.",HIGH
2,2.101,P_2_101_EVMS,"""Earned value management system"" means a project management tool integrating project scope of work with cost, schedule and performance elements for optimum planning and control.",P_2_101_EVMS: Earned value management system is defined as stated,P_2_101_EVMS,None,Atomic proposition (definitional equivalence),VALIDATED,PASS,PASS,"Definitional proposition establishing meaning of ""Earned value management system"" for FAR usage.",HIGH
2,2.101,P_2_101_EDWOSB,"""EDWOSB concern"" see definition of ""Women-Owned Small Business (WOSB) Program"" in this section.",P_2_101_EDWOSB: EDWOSB concern is defined by cross-reference,P_2_101_EDWOSB = P_2_101_WOSBProgram,P_2_101_WOSBProgram,Biconditional (Bicond): Rule 17,VALIDATED,PASS,PASS,"Cross-reference definition. ""EDWOSB concern"" defined by reference to another term/section.",HIGH
2,2.101,P_2_101_EffectiveDateTermination,"""Effective date of termination"" means the date on which the notice of termination requires the contractor to stop performance. If notice received after the fixed date, effective date is the date of receipt.",P_2_101_EffectiveDateTermination: Effective date of termination is defined as stated,P_2_101_EffectiveDateTermination,None,Atomic proposition (definitional equivalence),VALIDATED,PASS,PASS,"Definitional proposition establishing meaning of ""Effective date of termination"" for FAR usage. Conditional: if notice received late, receipt date controls.",HIGH
2,2.101,P_2_101_ElectronicCommerce,"""Electronic commerce"" means electronic techniques for accomplishing business transactions including email, World Wide Web, electronic bulletin boards, purchase cards, EFT, and EDI.",P_2_101_ElectronicCommerce: Electronic commerce is defined as stated,P_2_101_ElectronicCommerce,None,Atomic proposition (definitional equivalence),VALIDATED,PASS,PASS,"Definitional proposition establishing meaning of ""Electronic commerce"" for FAR usage.",HIGH
2,2.101,P_2_101_EDI,"""Electronic data interchange (EDI)"" means a technique for electronically transferring and storing formatted information between computers using established formats and codes.",P_2_101_EDI: Electronic data interchange (EDI) is defined as stated,P_2_101_EDI,None,Atomic proposition (definitional equivalence),VALIDATED,PASS,PASS,"Definitional proposition establishing meaning of ""Electronic data interchange (EDI)"" for FAR usage.",HIGH
2,2.101,P_2_101_EFT,"""Electronic Funds Transfer (EFT)"" means any transfer of funds, other than cash/check/paper, initiated through an electronic terminal, telephone, computer, or magnetic tape. Includes ACH, Fedwire, ATM, and POS transfers.",P_2_101_EFT: Electronic Funds Transfer (EFT) is defined as stated,P_2_101_EFT,None,Atomic proposition (definitional equivalence),VALIDATED,PASS,PASS,"Definitional proposition establishing meaning of ""Electronic Funds Transfer (EFT)"" for FAR usage.",HIGH
2,2.101,P_2_101_EFTIndicator,"""EFT indicator"" means a four-character suffix to the unique entity identifier for identifying alternative EFT accounts in SAM.",P_2_101_EFTIndicator: EFT indicator is defined as stated,P_2_101_EFTIndicator,P_2_101_UniqueEntityIdentifier,Atomic proposition (definitional equivalence),VALIDATED,PASS,PASS,"Definitional proposition establishing meaning of ""EFT indicator"" for FAR usage.",HIGH
2,2.101,P_2_101_Emergency,"""Emergency"" means any occasion for which the President determines Federal assistance is needed to supplement State and local efforts to save lives and protect property, or avert a catastrophe (42 U.S.C. 5122).",P_2_101_Emergency: Emergency is defined as stated,P_2_101_Emergency,None,Atomic proposition (definitional equivalence),VALIDATED,PASS,PASS,"Definitional proposition establishing meaning of ""Emergency"" for FAR usage. Used in specific sections: 6.208, 13.201, 13.500, 18.001, 18.202, 18.203, and subpart 26.2.",HIGH
2,2.101,P_2_101_EndProduct,"""End product"" means supplies delivered under a line item of a Government contract. Context-specific definitions for Part 25 and related clauses.",P_2_101_EndProduct: End product is defined as stated,P_2_101_EndProduct,P_25_003; P_52_225_1; P_52_225_3; P_52_225_5,Atomic proposition (definitional equivalence),VALIDATED,PASS,PASS,"Definitional proposition establishing meaning of ""End product"" for FAR usage.",HIGH
2,2.101,P_2_101_ExcessPersonalProperty,"""Excess personal property"" means any personal property under Federal agency control that the agency head determines is not required for its needs.",P_2_101_ExcessPersonalProperty: Excess personal property is defined as stated,P_2_101_ExcessPersonalProperty,None,Atomic proposition (definitional equivalence),VALIDATED,PASS,PASS,"Definitional proposition establishing meaning of ""Excess personal property"" for FAR usage.",HIGH
2,2.101,P_2_101_ExecutiveAgency,"""Executive agency"" means an executive department, military department, or independent establishment per 5 U.S.C. 101, 102, and 104(1), and any wholly owned Government corporation per 31 U.S.C. 9101.",P_2_101_ExecutiveAgency: Executive agency is defined as stated,P_2_101_ExecutiveAgency,None,Atomic proposition (definitional equivalence),VALIDATED,PASS,PASS,"Definitional proposition establishing meaning of ""Executive agency"" for FAR usage.",HIGH
2,2.101,P_2_101_FacilitiesCapitalCostOfMoney,"""Facilities capital cost of money"" means ""cost of money as an element of the cost of facilities capital"" per 48 CFR 9904.414.",P_2_101_FacilitiesCapitalCostOfMoney: Facilities capital cost of money is defined as stated,P_2_101_FacilitiesCapitalCostOfMoney,None,Atomic proposition (definitional equivalence),VALIDATED,PASS,PASS,"Definitional proposition establishing meaning of ""Facilities capital cost of money"" for FAR usage.",HIGH
2,2.101,P_2_101_FederalAgency,"""Federal agency"" means any executive agency or independent establishment in the legislative or judicial branch (except Senate, House, Architect of the Capitol).",P_2_101_FederalAgency: Federal agency is defined as stated,P_2_101_FederalAgency,None,Atomic proposition (definitional equivalence),VALIDATED,PASS,PASS,"Definitional proposition establishing meaning of ""Federal agency"" for FAR usage.",HIGH
2,2.101,P_2_101_FederallyControlledFacilities,"""Federally-controlled facilities"" means (1) Federally-owned buildings/leased space; (2) Federally-controlled shared commercial space; (3) GOCO facilities; and (4) M&O contract facilities.",P_2_101_FederallyControlledFacilities_1: Federally-owned buildings/leased space; P_2_101_FederallyControlledFacilities_2: Shared commercial space; P_2_101_FederallyControlledFacilities_3: GOCO facilities; P_2_101_FederallyControlledFacilities_4: M&O contract facilities,P_2_101_FederallyControlledFacilities = P_2_101_FederallyControlledFacilities_1 ∨ P_2_101_FederallyControlledFacilities_2 ∨ P_2_101_FederallyControlledFacilities_3 ∨ P_2_101_FederallyControlledFacilities_4,None,Disjunction (Add): Rule 8,VALIDATED,PASS,PASS,"Definitional proposition with disjunctive sub-elements for ""Federally-controlled facilities"". Any single element satisfies the definition. Four disjunctive categories.",HIGH
2,2.101,P_2_101_FederallyControlledInfoSystem,"""Federally-controlled information system"" means an information system used or operated by a Federal agency, or by a contractor on behalf of the agency.",P_2_101_FederallyControlledInfoSystem: Federally-controlled information system is defined as stated,P_2_101_FederallyControlledInfoSystem,None,Atomic proposition (definitional equivalence),VALIDATED,PASS,PASS,"Definitional proposition establishing meaning of ""Federally-controlled information system"" for FAR usage.",HIGH
2,2.101,P_2_101_FinalIndirectCostRate,"""Final indirect cost rate"" means the indirect cost rate established and agreed upon by the Government and contractor as not subject to change.",P_2_101_FinalIndirectCostRate: Final indirect cost rate is defined as stated,P_2_101_FinalIndirectCostRate,None,Atomic proposition (definitional equivalence),VALIDATED,PASS,PASS,"Definitional proposition establishing meaning of ""Final indirect cost rate"" for FAR usage.",HIGH
2,2.101,P_2_101_FirstArticle,"""First article"" means a preproduction model, initial production sample, test sample, first lot, pilot lot, or pilot models.",P_2_101_FirstArticle: First article is defined as stated,P_2_101_FirstArticle,None,Atomic proposition (definitional equivalence),VALIDATED,PASS,PASS,"Definitional proposition establishing meaning of ""First article"" for FAR usage.",HIGH
2,2.101,P_2_101_FirstArticleTesting,"""First article testing"" means testing and evaluating the first article for conformance with contract requirements before or in the initial stage of production.",P_2_101_FirstArticleTesting: First article testing is defined as stated,P_2_101_FirstArticleTesting,None,Atomic proposition (definitional equivalence),VALIDATED,PASS,PASS,"Definitional proposition establishing meaning of ""First article testing"" for FAR usage.",HIGH
2,2.101,P_2_101_FOB,"""F.o.b."" means free on board. Determines (1) responsibility/basis for freight charges; and (2) unless otherwise agreed, the point of title transfer.",P_2_101_FOB_1: Freight charge responsibility; P_2_101_FOB_2: Title transfer point,P_2_101_FOB = P_2_101_FOB_1 ∧ P_2_101_FOB_2,P_47_303,Conjunction (Conj): Rule 7,VALIDATED,PASS,PASS,"Definitional proposition with conjunctive sub-elements for ""F.o.b."". All elements required. Reference to 47.303 for other F.o.b. types.",HIGH
2,2.101,P_2_101_FOBDestination,"""F.o.b. destination"" means free on board at destination. Seller is responsible for shipping cost and risk of loss unless contract provides otherwise.",P_2_101_FOBDestination: F.o.b. destination is defined as stated,P_2_101_FOBDestination,P_52_247_34,Atomic proposition (definitional equivalence),VALIDATED,PASS,PASS,"Definitional proposition establishing meaning of ""F.o.b. destination"" for FAR usage.",HIGH
2,2.101,P_2_101_FOBOrigin,"""F.o.b. origin"" means free on board at origin. Buyer is responsible for shipping cost and risk of loss unless contract provides otherwise.",P_2_101_FOBOrigin: F.o.b. origin is defined as stated,P_2_101_FOBOrigin,P_52_247_29,Atomic proposition (definitional equivalence),VALIDATED,PASS,PASS,"Definitional proposition establishing meaning of ""F.o.b. origin"" for FAR usage.",HIGH
2,2.101,P_2_101_ForwardPricingRateAgreement,"""Forward pricing rate agreement"" means a written agreement negotiated between contractor and Government making certain rates available during a specified period for pricing contracts or modifications.",P_2_101_ForwardPricingRateAgreement: Forward pricing rate agreement is defined as stated,P_2_101_ForwardPricingRateAgreement,None,Atomic proposition (definitional equivalence),VALIDATED,PASS,PASS,"Definitional proposition establishing meaning of ""Forward pricing rate agreement"" for FAR usage.",HIGH
2,2.101,P_2_101_ForwardPricingRateRecommendation,"""Forward pricing rate recommendation"" means a rate set unilaterally by the ACO for Government use in negotiations when FPRA negotiations have not been completed.",P_2_101_ForwardPricingRateRecommendation: Forward pricing rate recommendation is defined as stated,P_2_101_ForwardPricingRateRecommendation,None,Atomic proposition (definitional equivalence),VALIDATED,PASS,PASS,"Definitional proposition establishing meaning of ""Forward pricing rate recommendation"" for FAR usage.",HIGH
2,2.101,P_2_101_Freight,"""Freight"" means supplies, goods, and transportable property.",P_2_101_Freight: Freight is defined as stated,P_2_101_Freight,None,Atomic proposition (definitional equivalence),VALIDATED,PASS,PASS,"Definitional proposition establishing meaning of ""Freight"" for FAR usage.",HIGH
2,2.101,P_2_101_FullAndOpenCompetition,"""Full and open competition"" means that all responsible sources are permitted to compete.",P_2_101_FullAndOpenCompetition: Full and open competition is defined as stated,P_2_101_FullAndOpenCompetition,None,Atomic proposition (definitional equivalence),VALIDATED,PASS,PASS,"Definitional proposition establishing meaning of ""Full and open competition"" for FAR usage.",HIGH
2,2.101,P_2_101_GAExpense,"""G&A expense"" means any management, financial, and other expense incurred by or allocated to a business unit for general management and administration of the business unit as a whole.",P_2_101_GAExpense: G&A expense is defined as stated,P_2_101_GAExpense,None,Atomic proposition (definitional equivalence),VALIDATED,PASS,PASS,"Definitional proposition establishing meaning of ""G&A expense"" for FAR usage.",HIGH
2,2.101,P_2_101_GWAC,"""GWAC"" means a task-order or delivery-order contract for IT established for Governmentwide use, operated (1) by an OMB-designated executive agent; or (2) under a GSA delegation of procurement authority.",P_2_101_GWAC_1: OMB-designated executive agent; P_2_101_GWAC_2: GSA delegation,P_2_101_GWAC = P_2_101_GWAC_1 ∨ P_2_101_GWAC_2,None,Disjunction (Add): Rule 8,VALIDATED,PASS,PASS,"Definitional proposition with disjunctive sub-elements for ""GWAC"". Any single element satisfies the definition. Economy Act does not apply to GWAC orders.",HIGH
2,2.101,P_2_101_GovtPurchaseCard,"""Governmentwide commercial purchase card"" means a purchase card issued to authorized agency personnel to acquire and pay for supplies and services.",P_2_101_GovtPurchaseCard: Governmentwide commercial purchase card is defined as stated,P_2_101_GovtPurchaseCard,None,Atomic proposition (definitional equivalence),VALIDATED,PASS,PASS,"Definitional proposition establishing meaning of ""Governmentwide commercial purchase card"" for FAR usage.",HIGH
2,2.101,P_2_101_GPE,"""Governmentwide point of entry (GPE)"" means the single electronic access point for Government business opportunities at https://www.sam.gov.",P_2_101_GPE: Governmentwide point of entry (GPE) is defined as stated,P_2_101_GPE,None,Atomic proposition (definitional equivalence),VALIDATED,PASS,PASS,"Definitional proposition establishing meaning of ""Governmentwide point of entry (GPE)"" for FAR usage.",HIGH
2,2.101,P_2_101_HeadOfAgency,"""Head of the agency"" see ""agency head"".",P_2_101_HeadOfAgency: Head of the agency is defined by cross-reference,P_2_101_HeadOfAgency = P_2_101_AgencyHead,P_2_101_AgencyHead,Biconditional (Bicond): Rule 17,VALIDATED,PASS,PASS,"Cross-reference definition. ""Head of the agency"" defined by reference to another term/section.",HIGH
2,2.101,P_2_101_HeadContractingActivity,"""Head of the contracting activity"" means the official with overall responsibility for managing the contracting activity.",P_2_101_HeadContractingActivity: Head of the contracting activity is defined as stated,P_2_101_HeadContractingActivity,None,Atomic proposition (definitional equivalence),VALIDATED,PASS,PASS,"Definitional proposition establishing meaning of ""Head of the contracting activity"" for FAR usage.",HIGH
2,2.101,P_2_101_HBCU,"""Historically black college or university"" means an institution meeting 34 CFR 608.2 requirements as determined by the Secretary of Education.",P_2_101_HBCU: Historically black college or university is defined as stated,P_2_101_HBCU,None,Atomic proposition (definitional equivalence),VALIDATED,PASS,PASS,"Definitional proposition establishing meaning of ""Historically black college or university"" for FAR usage.",HIGH
2,2.101,P_2_101_HUBZone,"""HUBZone"" means a historically underutilized business zone as defined in 13 CFR 126.103.",P_2_101_HUBZone: HUBZone is defined as stated,P_2_101_HUBZone,None,Atomic proposition (definitional equivalence),VALIDATED,PASS,PASS,"Definitional proposition establishing meaning of ""HUBZone"" for FAR usage.",HIGH
2,2.101,P_2_101_HUBZoneContract,"""HUBZone contract"" means a contract awarded to an SBA-certified HUBZone SBC through (1) sole-source; (2) set-aside; (3) full and open with price preference; or (4) reserve in multiple-award solicitation.",P_2_101_HUBZoneContract_1: Sole-source; P_2_101_HUBZoneContract_2: Set-aside; P_2_101_HUBZoneContract_3: Full and open with price preference; P_2_101_HUBZoneContract_4: Reserve in multiple-award,P_2_101_HUBZoneContract = P_2_101_HUBZoneContract_1 ∨ P_2_101_HUBZoneContract_2 ∨ P_2_101_HUBZoneContract_3 ∨ P_2_101_HUBZoneContract_4,P_2_101_HUBZoneSBC,Disjunction (Add): Rule 8,VALIDATED,PASS,PASS,"Definitional proposition with disjunctive sub-elements for ""HUBZone contract"". Any single element satisfies the definition. Four disjunctive procurement methods.",HIGH
2,2.101,P_2_101_HUBZoneSBC,"""HUBZone small business concern"" means a small business concern certified by SBA and designated in DSBS per 13 CFR 126.200 and 126.103.",P_2_101_HUBZoneSBC: HUBZone small business concern is defined as stated,P_2_101_HUBZoneSBC,P_2_101_SmallBusinessConcern,Atomic proposition (definitional equivalence),VALIDATED,PASS,PASS,"Definitional proposition establishing meaning of ""HUBZone small business concern"" for FAR usage.",HIGH
2,2.101,P_2_101_HumanitarianPeacekeeping,"""Humanitarian or peacekeeping operation"" means a military operation supporting humanitarian/disaster assistance or UN peacekeeping (chapter VI or VII). Excludes routine training, force rotation, or stationing.",P_2_101_HumanitarianPeacekeeping: Humanitarian or peacekeeping operation is defined as stated,P_2_101_HumanitarianPeacekeeping,None,Atomic proposition (definitional equivalence),VALIDATED,PASS,PASS,"Definitional proposition establishing meaning of ""Humanitarian or peacekeeping operation"" for FAR usage.",HIGH
2,2.101,P_2_101_InWriting,"""In writing"" means any worded or numbered expression that can be read, reproduced, and later communicated, including electronically transmitted and stored information.",P_2_101_InWriting: In writing is defined as stated,P_2_101_InWriting,None,Atomic proposition (definitional equivalence),VALIDATED,PASS,PASS,"Definitional proposition establishing meaning of ""In writing"" for FAR usage.",HIGH
2,2.101,P_2_101_IndirectCost,"""Indirect cost"" means any cost not directly identified with a single final cost objective, but identified with two or more final cost objectives or an intermediate cost objective.",P_2_101_IndirectCost: Indirect cost is defined as stated,P_2_101_IndirectCost,None,Atomic proposition (definitional equivalence),VALIDATED,PASS,PASS,"Definitional proposition establishing meaning of ""Indirect cost"" for FAR usage.",HIGH
2,2.101,P_2_101_IndirectCostRate,"""Indirect cost rate"" means the percentage or dollar factor expressing the ratio of indirect expense to direct labor cost, manufacturing cost, or another appropriate base.",P_2_101_IndirectCostRate: Indirect cost rate is defined as stated,P_2_101_IndirectCostRate,P_2_101_FinalIndirectCostRate,Atomic proposition (definitional equivalence),VALIDATED,PASS,PASS,"Definitional proposition establishing meaning of ""Indirect cost rate"" for FAR usage.",HIGH
2,2.101,P_2_101_Ineligible,"""Ineligible"" means excluded from Government contracting pursuant to statutory, Executive order, or regulatory authority other than 48 CFR chapter 1.",P_2_101_Ineligible: Ineligible is defined as stated,P_2_101_Ineligible,None,Atomic proposition (definitional equivalence),VALIDATED,PASS,PASS,"Definitional proposition establishing meaning of ""Ineligible"" for FAR usage. Six illustrative exclusion authorities enumerated.",HIGH
2,2.101,P_2_101_ICT,"""ICT"" means information technology and other equipment, systems, technologies, or processes for creation, manipulation, storage, display, receipt, or transmission of electronic data and information.",P_2_101_ICT: ICT is defined as stated,P_2_101_ICT,None,Atomic proposition (definitional equivalence),VALIDATED,PASS,PASS,"Definitional proposition establishing meaning of ""ICT"" for FAR usage.",HIGH
2,2.101,P_2_101_InformationSecurity,"""Information security"" means protecting information and information systems from unauthorized access/use/disclosure/disruption/modification/destruction to provide (1) integrity; (2) confidentiality; and (3) availability.",P_2_101_InformationSecurity_1: Integrity; P_2_101_InformationSecurity_2: Confidentiality; P_2_101_InformationSecurity_3: Availability,P_2_101_InformationSecurity = P_2_101_InformationSecurity_1 ∧ P_2_101_InformationSecurity_2 ∧ P_2_101_InformationSecurity_3,None,Conjunction (Conj): Rule 7,VALIDATED,PASS,PASS,"Definitional proposition with conjunctive sub-elements for ""Information security"". All elements required. CIA triad. All three elements are conjunctive requirements.",HIGH
2,2.101,P_2_101_Inspection,"""Inspection"" means examining and testing supplies or services to determine conformance with contract requirements.",P_2_101_Inspection: Inspection is defined as stated,P_2_101_Inspection,None,Atomic proposition (definitional equivalence),VALIDATED,PASS,PASS,"Definitional proposition establishing meaning of ""Inspection"" for FAR usage.",HIGH
2,2.101,P_2_101_Insurance,"""Insurance"" means a contract providing that for a stipulated consideration, one party undertakes to indemnify another against loss from an unknown or contingent event.",P_2_101_Insurance: Insurance is defined as stated,P_2_101_Insurance,None,Atomic proposition (definitional equivalence),VALIDATED,PASS,PASS,"Definitional proposition establishing meaning of ""Insurance"" for FAR usage.",HIGH
2,2.101,P_2_101_InteragencyAcquisition,"""Interagency acquisition"" means a procedure by which a requesting agency obtains supplies or services from a servicing agency, by assisted or direct acquisition. Includes (1) Economy Act acquisitions; and (2) non-Economy Act acquisitions under other statutory authorities.",P_2_101_InteragencyAcquisition_1: Economy Act acquisitions; P_2_101_InteragencyAcquisition_2: Non-Economy Act acquisitions,P_2_101_InteragencyAcquisition = P_2_101_InteragencyAcquisition_1 ∨ P_2_101_InteragencyAcquisition_2,None,Disjunction (Add): Rule 8,VALIDATED,PASS,PASS,"Definitional proposition with disjunctive sub-elements for ""Interagency acquisition"". Any single element satisfies the definition.",HIGH
2,2.101,P_2_101_Invoice,"""Invoice"" means a contractor's bill or written request for payment under the contract for supplies delivered or services performed.",P_2_101_Invoice: Invoice is defined as stated,P_2_101_Invoice,P_2_101_ProperInvoice,Atomic proposition (definitional equivalence),VALIDATED,PASS,PASS,"Definitional proposition establishing meaning of ""Invoice"" for FAR usage.",HIGH
2,2.101,P_2_101_IrrevocableLetterOfCredit,"""Irrevocable letter of credit"" means a written commitment by a federally insured financial institution to pay all or part of a stated amount upon the Government's written demand. Cannot be revoked or conditioned.",P_2_101_IrrevocableLetterOfCredit: Irrevocable letter of credit is defined as stated,P_2_101_IrrevocableLetterOfCredit,None,Atomic proposition (definitional equivalence),VALIDATED,PASS,PASS,"Definitional proposition establishing meaning of ""Irrevocable letter of credit"" for FAR usage.",HIGH
2,2.101,P_2_101_LaborSurplusArea,"""Labor surplus area"" means a geographical area identified by the Department of Labor per 20 CFR part 654 as an area of concentrated unemployment or underemployment.",P_2_101_LaborSurplusArea: Labor surplus area is defined as stated,P_2_101_LaborSurplusArea,None,Atomic proposition (definitional equivalence),VALIDATED,PASS,PASS,"Definitional proposition establishing meaning of ""Labor surplus area"" for FAR usage.",HIGH
2,2.101,P_2_101_LaborSurplusAreaConcern,"""Labor surplus area concern"" means a concern that with its first-tier subcontractors will perform substantially in labor surplus areas (costs exceed 50% of contract price in labor surplus areas).",P_2_101_LaborSurplusAreaConcern: Labor surplus area concern is defined as stated,P_2_101_LaborSurplusAreaConcern,P_2_101_LaborSurplusArea,Atomic proposition (definitional equivalence),VALIDATED,PASS,PASS,"Definitional proposition establishing meaning of ""Labor surplus area concern"" for FAR usage.",HIGH
2,2.101,P_2_101_LatentDefect,"""Latent defect"" means a defect that exists at the time of acceptance but cannot be discovered by a reasonable inspection.",P_2_101_LatentDefect: Latent defect is defined as stated,P_2_101_LatentDefect,None,Atomic proposition (definitional equivalence),VALIDATED,PASS,PASS,"Definitional proposition establishing meaning of ""Latent defect"" for FAR usage.",HIGH
2,2.101,P_2_101_LineItem,"""Line item"" means the basic structural element in a procurement instrument that describes and organizes the required product or service for pricing, delivery, inspection, acceptance, invoicing, and payment.",P_2_101_LineItem: Line item is defined as stated,P_2_101_LineItem,None,Atomic proposition (definitional equivalence),VALIDATED,PASS,PASS,"Definitional proposition establishing meaning of ""Line item"" for FAR usage.",HIGH
2,2.101,P_2_101_LineItemNumber,"""Line item number"" means either a numeric or alphanumeric format to identify a line item.",P_2_101_LineItemNumber: Line item number is defined as stated,P_2_101_LineItemNumber,None,Atomic proposition (definitional equivalence),VALIDATED,PASS,PASS,"Definitional proposition establishing meaning of ""Line item number"" for FAR usage.",HIGH
2,2.101,P_2_101_MajorDisaster,"""Major disaster"" means any natural catastrophe or fire, flood, or explosion causing damage of sufficient severity for major disaster assistance under the Stafford Act (42 U.S.C. 5122).",P_2_101_MajorDisaster: Major disaster is defined as stated,P_2_101_MajorDisaster,None,Atomic proposition (definitional equivalence),VALIDATED,PASS,PASS,"Definitional proposition establishing meaning of ""Major disaster"" for FAR usage.",HIGH
2,2.101,P_2_101_MajorSystem,"""Major system"" means a combination of elements producing capabilities to fulfill a mission need. A system is major if (1) DoD system exceeding specified R&D/acquisition thresholds; (2) civilian agency system exceeding $3M or agency-established threshold; or (3) designated by the agency head.",P_2_101_MajorSystem_1: DoD system exceeding dollar thresholds; P_2_101_MajorSystem_2: Civilian agency system exceeding $3M; P_2_101_MajorSystem_3: Designated by agency head,P_2_101_MajorSystem = P_2_101_MajorSystem_1 ∨ P_2_101_MajorSystem_2 ∨ P_2_101_MajorSystem_3,None,Disjunction (Add): Rule 8,VALIDATED,PASS,PASS,"Definitional proposition with disjunctive sub-elements for ""Major system"". Any single element satisfies the definition.",HIGH
2,2.101,P_2_101_MakeOrBuyProgram,"""Make-or-buy program"" means the contractor's written plan identifying major items to be produced in-house and those to be subcontracted.",P_2_101_MakeOrBuyProgram: Make-or-buy program is defined as stated,P_2_101_MakeOrBuyProgram,None,Atomic proposition (definitional equivalence),VALIDATED,PASS,PASS,"Definitional proposition establishing meaning of ""Make-or-buy program"" for FAR usage.",HIGH
2,2.101,P_2_101_ManufacturedEndProduct,"""Manufactured end product"" means any end product in PSC 1000-9999, except for specifically enumerated PSCs for lumber, agricultural supplies, live animals, subsistence, crude plant/animal materials, ores, minerals, and additive metals.",P_2_101_ManufacturedEndProduct: Manufactured end product is defined as stated,P_2_101_ManufacturedEndProduct,None,Atomic proposition (definitional equivalence),VALIDATED,PASS,PASS,"Definitional proposition establishing meaning of ""Manufactured end product"" for FAR usage. Ten specific PSC exclusions enumerated.",HIGH
2,2.101,P_2_101_MarketResearch,"""Market research"" means collecting and analyzing information about capabilities within the market to satisfy agency needs.",P_2_101_MarketResearch: Market research is defined as stated,P_2_101_MarketResearch,None,Atomic proposition (definitional equivalence),VALIDATED,PASS,PASS,"Definitional proposition establishing meaning of ""Market research"" for FAR usage.",HIGH
2,2.101,P_2_101_MasterSolicitation,"""Master solicitation"" means a document containing special clauses and provisions essential for the acquisition of a specific type of supply or service acquired repetitively.",P_2_101_MasterSolicitation: Master solicitation is defined as stated,P_2_101_MasterSolicitation,None,Atomic proposition (definitional equivalence),VALIDATED,PASS,PASS,"Definitional proposition establishing meaning of ""Master solicitation"" for FAR usage.",HIGH
2,2.101,P_2_101_May,"""May"" denotes the permissive. However, ""no person may..."" means that no person is required, authorized, or permitted to do the act described.",P_2_101_May: May is defined as stated,P_2_101_May,None,Atomic proposition (definitional equivalence),VALIDATED,PASS,PASS,"Definitional proposition establishing meaning of ""May"" for FAR usage. Key modal verb definition. ""May"" = permissive authority. ""No person may"" = prohibitive.",HIGH
2,2.101,P_2_101_MicroPurchase,"""Micro-purchase"" means an acquisition of supplies or services with aggregate amount not exceeding the micro-purchase threshold using subpart 12.4 procedures.",P_2_101_MicroPurchase: Micro-purchase is defined as stated,P_2_101_MicroPurchase,P_2_101_MicroPurchaseThreshold,Atomic proposition (definitional equivalence),VALIDATED,PASS,PASS,"Definitional proposition establishing meaning of ""Micro-purchase"" for FAR usage.",HIGH
2,2.101,P_2_101_MicroPurchaseThreshold,"""Micro-purchase threshold"" means $15,000, with exceptions for construction ($2,000), service contracts ($2,500), contingency/emergency operations ($25,000/$40,000 inside/outside US), and higher education ($15,000 or higher).",P_2_101_MicroPurchaseThreshold: Micro-purchase threshold is defined as stated,P_2_101_MicroPurchaseThreshold,None,Atomic proposition (definitional equivalence),VALIDATED,PASS,PASS,"Definitional proposition establishing meaning of ""Micro-purchase threshold"" for FAR usage. Multiple context-specific thresholds.",HIGH
2,2.101,P_2_101_MinorityInstitution,"""Minority Institution"" means an institution meeting the requirements of Section 365(3) of the Higher Education Act (20 U.S.C. 1067k), including Hispanic-serving institutions.",P_2_101_MinorityInstitution: Minority Institution is defined as stated,P_2_101_MinorityInstitution,None,Atomic proposition (definitional equivalence),VALIDATED,PASS,PASS,"Definitional proposition establishing meaning of ""Minority Institution"" for FAR usage.",HIGH
2,2.101,P_2_101_MAC,"""Multi-agency contract (MAC)"" means a task-order or delivery-order contract established by one agency for use by Government agencies to obtain supplies and services, consistent with the Economy Act.",P_2_101_MAC: Multi-agency contract (MAC) is defined as stated,P_2_101_MAC,P_17_502_2,Atomic proposition (definitional equivalence),VALIDATED,PASS,PASS,"Definitional proposition establishing meaning of ""Multi-agency contract (MAC)"" for FAR usage.",HIGH
2,2.101,P_2_101_MultipleAwardContract,"""Multiple-award contract"" means (1) a Multiple Award Schedule contract issued by GSA or agencies with GSA-granted authority; (2) a multiple-award task/delivery-order contract per FAR subpart 16.5; or (3) any other IDIQ contract with two or more sources.",P_2_101_MultipleAwardContract_1: GSA Schedule contracts; P_2_101_MultipleAwardContract_2: FAR subpart 16.5 task/delivery-order contracts; P_2_101_MultipleAwardContract_3: Other IDIQ with 2+ sources,P_2_101_MultipleAwardContract = P_2_101_MultipleAwardContract_1 ∨ P_2_101_MultipleAwardContract_2 ∨ P_2_101_MultipleAwardContract_3,None,Disjunction (Add): Rule 8,VALIDATED,PASS,PASS,"Definitional proposition with disjunctive sub-elements for ""Multiple-award contract"". Any single element satisfies the definition.",HIGH
2,2.101,P_2_101_Must,"""Must"" see ""shall"".",P_2_101_Must: Must is defined by cross-reference,P_2_101_Must = P_2_101_Shall,P_2_101_Shall,Biconditional (Bicond): Rule 17,VALIDATED,PASS,PASS,"Cross-reference definition. ""Must"" defined by reference to another term/section.",HIGH
2,2.101,P_2_101_NationalDefense,"""National defense"" means any activity related to programs for military or atomic energy production/construction, military assistance, stockpiling, or space.",P_2_101_NationalDefense: National defense is defined as stated,P_2_101_NationalDefense,P_11_601,Atomic proposition (definitional equivalence),VALIDATED,PASS,PASS,"Definitional proposition establishing meaning of ""National defense"" for FAR usage. Separate definition for subpart 11.6.",HIGH
2,2.101,P_2_101_NeutralPerson,"""Neutral person"" means an impartial third party serving as mediator, fact finder, or arbitrator, with no official, financial, or personal conflict of interest unless disclosed and agreed.",P_2_101_NeutralPerson: Neutral person is defined as stated,P_2_101_NeutralPerson,None,Atomic proposition (definitional equivalence),VALIDATED,PASS,PASS,"Definitional proposition establishing meaning of ""Neutral person"" for FAR usage.",HIGH
2,2.101,P_2_101_NondevelopmentalItem,"""Nondevelopmental item"" means (1) a previously developed item in use by a Federal, State, local, or foreign government; (2) item in (1) requiring only minor commercial modifications; or (3) item being produced not yet in use.",P_2_101_NondevelopmentalItem_1: Previously developed item in use; P_2_101_NondevelopmentalItem_2: Item requiring minor modifications; P_2_101_NondevelopmentalItem_3: Item in production not yet in use,P_2_101_NondevelopmentalItem = P_2_101_NondevelopmentalItem_1 ∨ P_2_101_NondevelopmentalItem_2 ∨ P_2_101_NondevelopmentalItem_3,None,Disjunction (Add): Rule 8,VALIDATED,PASS,PASS,"Definitional proposition with disjunctive sub-elements for ""Nondevelopmental item"". Any single element satisfies the definition.",HIGH
2,2.101,P_2_101_NovationAgreement,"""Novation agreement"" means a legal instrument (1) executed by the contractor (transferor), successor (transferee), and Government; and (2) by which the transferor guarantees performance, transferee assumes obligations, and Government recognizes the transfer.","P_2_101_NovationAgreement_1: Executed by transferor, transferee, and Government; P_2_101_NovationAgreement_2: Guarantees, assumptions, and recognition of transfer",P_2_101_NovationAgreement = P_2_101_NovationAgreement_1 ∧ P_2_101_NovationAgreement_2,None,Conjunction (Conj): Rule 7,VALIDATED,PASS,PASS,"Definitional proposition with conjunctive sub-elements for ""Novation agreement"". All elements required.",HIGH
2,2.101,P_2_101_Offer,"""Offer"" means a response to a solicitation that, if accepted, would bind the offeror to perform. Includes bids and proposals but not quotations.",P_2_101_Offer: Offer is defined as stated,P_2_101_Offer,None,Atomic proposition (definitional equivalence),VALIDATED,PASS,PASS,"Definitional proposition establishing meaning of ""Offer"" for FAR usage.",HIGH
2,2.101,P_2_101_Offeror,"""Offeror"" means an entity that makes an offer or bid.",P_2_101_Offeror: Offeror is defined as stated,P_2_101_Offeror,None,Atomic proposition (definitional equivalence),VALIDATED,PASS,PASS,"Definitional proposition establishing meaning of ""Offeror"" for FAR usage.",HIGH
2,2.101,P_2_101_OSDBU,"""OSDBU"" means the Office of Small Business Programs when referring to the Department of Defense.",P_2_101_OSDBU: OSDBU is defined as stated,P_2_101_OSDBU,None,Atomic proposition (definitional equivalence),VALIDATED,PASS,PASS,"Definitional proposition establishing meaning of ""OSDBU"" for FAR usage.",HIGH
2,2.101,P_2_101_OMBUniformGuidance,"""OMB Uniform Guidance at 2 CFR part 200"" is the abbreviated title for Uniform Administrative Requirements, Cost Principles, and Audit Requirements for Federal Awards, superseding OMB Circulars A-21, A-87, A-89, A-102, A-110, A-122, A-133, and Circular A-50.",P_2_101_OMBUniformGuidance: OMB Uniform Guidance at 2 CFR part 200 is defined as stated,P_2_101_OMBUniformGuidance,None,Atomic proposition (definitional equivalence),VALIDATED,PASS,PASS,"Definitional proposition establishing meaning of ""OMB Uniform Guidance at 2 CFR part 200"" for FAR usage.",HIGH
2,2.101,P_2_101_Option,"""Option"" means a unilateral right in a contract for the Government to purchase additional supplies/services or extend the contract term for a specified time.",P_2_101_Option: Option is defined as stated,P_2_101_Option,None,Atomic proposition (definitional equivalence),VALIDATED,PASS,PASS,"Definitional proposition establishing meaning of ""Option"" for FAR usage.",HIGH
2,2.101,P_2_101_OCI,"""Organizational conflict of interest"" means that because of other activities or relationships, a person is unable or potentially unable to render impartial assistance, or objectivity is impaired, or has an unfair competitive advantage.",P_2_101_OCI: Organizational conflict of interest is defined as stated,P_2_101_OCI,None,Atomic proposition (definitional equivalence),VALIDATED,PASS,PASS,"Definitional proposition establishing meaning of ""Organizational conflict of interest"" for FAR usage.",HIGH
2,2.101,P_2_101_OutlyingAreas,"""Outlying areas"" means (1) Commonwealths: Puerto Rico, Northern Mariana Islands; (2) Territories: American Samoa, Guam, US Virgin Islands; and (3) Minor outlying islands: Baker, Howland, Jarvis, Johnston, Kingman, Midway, Navassa, Palmyra, Wake.",P_2_101_OutlyingAreas: Outlying areas is defined as stated,P_2_101_OutlyingAreas,None,Atomic proposition (definitional equivalence),VALIDATED,PASS,PASS,"Definitional proposition establishing meaning of ""Outlying areas"" for FAR usage. Three categories of outlying areas enumerated.",HIGH
2,2.101,P_2_101_Overtime,"""Overtime"" means time worked by a contractor's employee in excess of the normal workweek.",P_2_101_Overtime: Overtime is defined as stated,P_2_101_Overtime,None,Atomic proposition (definitional equivalence),VALIDATED,PASS,PASS,"Definitional proposition establishing meaning of ""Overtime"" for FAR usage.",HIGH
2,2.101,P_2_101_OvertimePremium,"""Overtime premium"" means the difference between the regular rate of pay and the higher overtime rate. Does not include shift premium.",P_2_101_OvertimePremium: Overtime premium is defined as stated,P_2_101_OvertimePremium,None,Atomic proposition (definitional equivalence),VALIDATED,PASS,PASS,"Definitional proposition establishing meaning of ""Overtime premium"" for FAR usage.",HIGH
2,2.101,P_2_101_PartialTermination,"""Partial termination"" means the termination of a part, but not all, of the work not yet completed and accepted.",P_2_101_PartialTermination: Partial termination is defined as stated,P_2_101_PartialTermination,None,Atomic proposition (definitional equivalence),VALIDATED,PASS,PASS,"Definitional proposition establishing meaning of ""Partial termination"" for FAR usage.",HIGH
2,2.101,P_2_101_PastPerformance,"""Past performance"" means an offeror's or contractor's performance on active and physically completed contracts.",P_2_101_PastPerformance: Past performance is defined as stated,P_2_101_PastPerformance,P_4_804_4,Atomic proposition (definitional equivalence),VALIDATED,PASS,PASS,"Definitional proposition establishing meaning of ""Past performance"" for FAR usage.",HIGH
2,2.101,P_2_101_PBA,"""Performance-based acquisition (PBA)"" means an acquisition structured around the results to be achieved rather than the manner of work performance.",P_2_101_PBA: Performance-based acquisition (PBA) is defined as stated,P_2_101_PBA,None,Atomic proposition (definitional equivalence),VALIDATED,PASS,PASS,"Definitional proposition establishing meaning of ""Performance-based acquisition (PBA)"" for FAR usage.",HIGH
2,2.101,P_2_101_PWS,"""Performance Work Statement (PWS)"" means a statement of work for performance-based acquisitions describing required results in clear, specific, objective terms with measurable outcomes.",P_2_101_PWS: Performance Work Statement (PWS) is defined as stated,P_2_101_PWS,None,Atomic proposition (definitional equivalence),VALIDATED,PASS,PASS,"Definitional proposition establishing meaning of ""Performance Work Statement (PWS)"" for FAR usage.",HIGH
2,2.101,P_2_101_PersonalProperty,"""Personal property"" means property of any kind except real property, records of the Federal Government, and naval vessels (battleships, cruisers, aircraft carriers, destroyers, and submarines).",P_2_101_PersonalProperty: Personal property is defined as stated,P_2_101_PersonalProperty,None,Atomic proposition (definitional equivalence),VALIDATED,PASS,PASS,"Definitional proposition establishing meaning of ""Personal property"" for FAR usage.",HIGH
2,2.101,P_2_101_PersonalServicesContract,"""Personal services contract"" means a contract that, by its terms or as administered, makes contractor personnel appear to be Government employees.",P_2_101_PersonalServicesContract: Personal services contract is defined as stated,P_2_101_PersonalServicesContract,P_37_104,Atomic proposition (definitional equivalence),VALIDATED,PASS,PASS,"Definitional proposition establishing meaning of ""Personal services contract"" for FAR usage.",HIGH
2,2.101,P_2_101_PlantClearanceOfficer,"""Plant clearance officer"" means an authorized representative of the CO responsible for screening, redistributing, and disposing of contractor inventory.",P_2_101_PlantClearanceOfficer: Plant clearance officer is defined as stated,P_2_101_PlantClearanceOfficer,None,Atomic proposition (definitional equivalence),VALIDATED,PASS,PASS,"Definitional proposition establishing meaning of ""Plant clearance officer"" for FAR usage.",HIGH
2,2.101,P_2_101_PowerOfAttorney,"""Power of attorney"" means the authority given one person or corporation to act for and obligate another.",P_2_101_PowerOfAttorney: Power of attorney is defined as stated,P_2_101_PowerOfAttorney,P_28_001,Atomic proposition (definitional equivalence),VALIDATED,PASS,PASS,"Definitional proposition establishing meaning of ""Power of attorney"" for FAR usage.",HIGH
2,2.101,P_2_101_PreawardSurvey,"""Preaward survey"" means an evaluation of a prospective contractor's capability to perform a proposed contract.",P_2_101_PreawardSurvey: Preaward survey is defined as stated,P_2_101_PreawardSurvey,None,Atomic proposition (definitional equivalence),VALIDATED,PASS,PASS,"Definitional proposition establishing meaning of ""Preaward survey"" for FAR usage.",HIGH
2,2.101,P_2_101_PreponderanceEvidence,"""Preponderance of the evidence"" means proof by information that, compared with opposing information, leads to the conclusion that the fact at issue is more probably true than not.",P_2_101_PreponderanceEvidence: Preponderance of the evidence is defined as stated,P_2_101_PreponderanceEvidence,None,Atomic proposition (definitional equivalence),VALIDATED,PASS,PASS,"Definitional proposition establishing meaning of ""Preponderance of the evidence"" for FAR usage.",HIGH
2,2.101,P_2_101_Pricing,"""Pricing"" means the process of establishing a reasonable amount to be paid for supplies or services.",P_2_101_Pricing: Pricing is defined as stated,P_2_101_Pricing,None,Atomic proposition (definitional equivalence),VALIDATED,PASS,PASS,"Definitional proposition establishing meaning of ""Pricing"" for FAR usage.",HIGH
2,2.101,P_2_101_Principal,"""Principal"" means an officer, director, owner, partner, or person with primary management or supervisory responsibilities within a business entity.",P_2_101_Principal: Principal is defined as stated,P_2_101_Principal,None,Atomic proposition (definitional equivalence),VALIDATED,PASS,PASS,"Definitional proposition establishing meaning of ""Principal"" for FAR usage.",HIGH
2,2.101,P_2_101_Procurement,"""Procurement"" see ""acquisition"".",P_2_101_Procurement: Procurement is defined by cross-reference,P_2_101_Procurement = P_2_101_Acquisition,P_2_101_Acquisition,Biconditional (Bicond): Rule 17,VALIDATED,PASS,PASS,"Cross-reference definition. ""Procurement"" defined by reference to another term/section.",HIGH
2,2.101,P_2_101_ProcuringActivity,"""Procuring activity"" means a component of an executive agency having a significant acquisition function. Synonymous with ""contracting activity"" unless agency regulations specify otherwise.",P_2_101_ProcuringActivity: Procuring activity is defined as stated,P_2_101_ProcuringActivity,P_2_101_ContractingActivity,Atomic proposition (definitional equivalence),VALIDATED,PASS,PASS,"Definitional proposition establishing meaning of ""Procuring activity"" for FAR usage.",HIGH
2,2.101,P_2_101_Products,"""Products"" has the same meaning as ""supplies"".",P_2_101_Products: Products is defined by cross-reference,P_2_101_Products = P_2_101_Supplies,P_2_101_Supplies,Biconditional (Bicond): Rule 17,VALIDATED,PASS,PASS,"Cross-reference definition. ""Products"" defined by reference to another term/section.",HIGH
2,2.101,P_2_101_ProjectedAverageLoss,"""Projected average loss"" means the estimated long-term average loss per period for periods of comparable exposure to risk of loss.",P_2_101_ProjectedAverageLoss: Projected average loss is defined as stated,P_2_101_ProjectedAverageLoss,None,Atomic proposition (definitional equivalence),VALIDATED,PASS,PASS,"Definitional proposition establishing meaning of ""Projected average loss"" for FAR usage.",HIGH
2,2.101,P_2_101_ProperInvoice,"""Proper invoice"" means an invoice that meets the minimum standards specified in 32.905(b).",P_2_101_ProperInvoice: Proper invoice is defined as stated,P_2_101_ProperInvoice,P_32_905_b,Atomic proposition (definitional equivalence),VALIDATED,PASS,PASS,"Definitional proposition establishing meaning of ""Proper invoice"" for FAR usage.",HIGH
2,2.101,P_2_101_PurchaseOrder,"""Purchase order"" when issued by the Government, means an offer by the Government to buy supplies or services using simplified procedures.",P_2_101_PurchaseOrder: Purchase order is defined as stated,P_2_101_PurchaseOrder,P_12_201_1; P_13,Atomic proposition (definitional equivalence),VALIDATED,PASS,PASS,"Definitional proposition establishing meaning of ""Purchase order"" for FAR usage.",HIGH
2,2.101,P_2_101_QualificationRequirement,"""Qualification requirement"" means a Government requirement for testing or quality assurance that must be completed before award.",P_2_101_QualificationRequirement: Qualification requirement is defined as stated,P_2_101_QualificationRequirement,None,Atomic proposition (definitional equivalence),VALIDATED,PASS,PASS,"Definitional proposition establishing meaning of ""Qualification requirement"" for FAR usage.",HIGH
2,2.101,P_2_101_QPL,"""Qualified products list (QPL)"" means a list of products that have been examined, tested, and satisfied all applicable qualification requirements.",P_2_101_QPL: Qualified products list (QPL) is defined as stated,P_2_101_QPL,None,Atomic proposition (definitional equivalence),VALIDATED,PASS,PASS,"Definitional proposition establishing meaning of ""Qualified products list (QPL)"" for FAR usage.",HIGH
2,2.101,P_2_101_QualifyingOfferor,"""Qualifying offeror"" means an offeror that is responsible, submits a technically acceptable proposal, and the CO has no reason to believe would offer other than fair and reasonable pricing.",P_2_101_QualifyingOfferor: Qualifying offeror is defined as stated,P_2_101_QualifyingOfferor,None,Atomic proposition (definitional equivalence),VALIDATED,PASS,PASS,"Definitional proposition establishing meaning of ""Qualifying offeror"" for FAR usage.",HIGH
2,2.101,P_2_101_ReceivingReport,"""Receiving report"" means written evidence indicating Government acceptance of supplies or services.",P_2_101_ReceivingReport: Receiving report is defined as stated,P_2_101_ReceivingReport,P_32_905_c,Atomic proposition (definitional equivalence),VALIDATED,PASS,PASS,"Definitional proposition establishing meaning of ""Receiving report"" for FAR usage.",HIGH
2,2.101,P_2_101_RecoveredMaterial,"""Recovered material"" means waste materials and by-products recovered from solid waste, excluding those generated from and reused within original manufacturing (42 U.S.C. 6903).",P_2_101_RecoveredMaterial: Recovered material is defined as stated,P_2_101_RecoveredMaterial,None,Atomic proposition (definitional equivalence),VALIDATED,PASS,PASS,"Definitional proposition establishing meaning of ""Recovered material"" for FAR usage.",HIGH
2,2.101,P_2_101_RegisteredSAM,"""Registered in SAM"" means (1) all mandatory info entered into SAM; (2) Core, Assertions, Representations sections completed; (3) Government validated all mandatory fields; and (4) Government marked the record Active.",P_2_101_RegisteredSAM_1: Mandatory info entered; P_2_101_RegisteredSAM_2: Registration sections completed; P_2_101_RegisteredSAM_3: Government validation; P_2_101_RegisteredSAM_4: Record marked Active,P_2_101_RegisteredSAM = P_2_101_RegisteredSAM_1 ∧ P_2_101_RegisteredSAM_2 ∧ P_2_101_RegisteredSAM_3 ∧ P_2_101_RegisteredSAM_4,P_2_101_SAM,Conjunction (Conj): Rule 7,VALIDATED,PASS,PASS,"Definitional proposition with conjunctive sub-elements for ""Registered in SAM"". All elements required. Four-part conjunctive requirement. All conditions must be met for valid SAM registration.",HIGH
2,2.101,P_2_101_RequestingAgency,"""Requesting agency"" means the agency that has the requirement for an interagency acquisition.",P_2_101_RequestingAgency: Requesting agency is defined as stated,P_2_101_RequestingAgency,P_2_101_InteragencyAcquisition,Atomic proposition (definitional equivalence),VALIDATED,PASS,PASS,"Definitional proposition establishing meaning of ""Requesting agency"" for FAR usage.",HIGH
2,2.101,P_2_101_ResidualValue,"""Residual value"" means the proceeds, less removal and disposal costs, realized upon disposition of a tangible capital asset.",P_2_101_ResidualValue: Residual value is defined as stated,P_2_101_ResidualValue,None,Atomic proposition (definitional equivalence),VALIDATED,PASS,PASS,"Definitional proposition establishing meaning of ""Residual value"" for FAR usage.",HIGH
2,2.101,P_2_101_ResponsibleAuditAgency,"""Responsible audit agency"" means the agency responsible for performing all required contract audit services at a business unit.",P_2_101_ResponsibleAuditAgency: Responsible audit agency is defined as stated,P_2_101_ResponsibleAuditAgency,None,Atomic proposition (definitional equivalence),VALIDATED,PASS,PASS,"Definitional proposition establishing meaning of ""Responsible audit agency"" for FAR usage.",HIGH
2,2.101,P_2_101_ResponsibleProspectiveContractor,"""Responsible prospective contractor"" means a contractor that meets the standards in 9.104.",P_2_101_ResponsibleProspectiveContractor: Responsible prospective contractor is defined as stated,P_2_101_ResponsibleProspectiveContractor,P_9_104,Atomic proposition (definitional equivalence),VALIDATED,PASS,PASS,"Definitional proposition establishing meaning of ""Responsible prospective contractor"" for FAR usage.",HIGH
2,2.101,P_2_101_ReverseAuction,"""Reverse auction"" means the process for obtaining pricing in which offerors see competing prices without identity disclosure and may submit lower prices until close.",P_2_101_ReverseAuction: Reverse auction is defined as stated,P_2_101_ReverseAuction,None,Atomic proposition (definitional equivalence),VALIDATED,PASS,PASS,"Definitional proposition establishing meaning of ""Reverse auction"" for FAR usage.",HIGH
2,2.101,P_2_101_Scrap,"""Scrap"" means personal property that has no value except its basic metallic, mineral, or organic content.",P_2_101_Scrap: Scrap is defined as stated,P_2_101_Scrap,None,Atomic proposition (definitional equivalence),VALIDATED,PASS,PASS,"Definitional proposition establishing meaning of ""Scrap"" for FAR usage.",HIGH
2,2.101,P_2_101_Segment,"""Segment"" means one of two or more divisions of an organization reporting to a home office, responsible for profit and/or producing a product or service. Includes GOCO facilities, joint ventures, and subsidiaries.",P_2_101_Segment: Segment is defined as stated,P_2_101_Segment,None,Atomic proposition (definitional equivalence),VALIDATED,PASS,PASS,"Definitional proposition establishing meaning of ""Segment"" for FAR usage.",HIGH
2,2.101,P_2_101_SelfInsurance,"""Self-insurance"" means the assumption or retention of risk of loss by the contractor, whether voluntarily or involuntarily. Includes the deductible portion of purchased insurance.",P_2_101_SelfInsurance: Self-insurance is defined as stated,P_2_101_SelfInsurance,None,Atomic proposition (definitional equivalence),VALIDATED,PASS,PASS,"Definitional proposition establishing meaning of ""Self-insurance"" for FAR usage.",HIGH
2,2.101,P_2_101_SeniorProcurementExecutive,"""Senior procurement executive"" means the individual appointed per 41 U.S.C. 1702(c) responsible for management direction of the executive agency's acquisition system.",P_2_101_SeniorProcurementExecutive: Senior procurement executive is defined as stated,P_2_101_SeniorProcurementExecutive,None,Atomic proposition (definitional equivalence),VALIDATED,PASS,PASS,"Definitional proposition establishing meaning of ""Senior procurement executive"" for FAR usage.",HIGH
2,2.101,P_2_101_SDVOSB,"""SDVOSB concern"" means a small business concern (1) not less than 51% owned and controlled by one or more service-disabled veterans, with management controlled by same; or (2) eligible under the SDVOSB Program per 13 CFR part 128.",P_2_101_SDVOSB_1: 51% veteran-owned and veteran-managed; P_2_101_SDVOSB_2: SDVOSB Program eligible,P_2_101_SDVOSB = P_2_101_SDVOSB_1 ∨ P_2_101_SDVOSB_2,P_2_101_SmallBusinessConcern,Disjunction (Add): Rule 8,VALIDATED,PASS,PASS,"Definitional proposition with disjunctive sub-elements for ""SDVOSB concern"". Any single element satisfies the definition.",HIGH
2,2.101,P_2_101_SDVOSBEligible,"""SDVOSB concern eligible under SDVOSB Program"" means an SDVOSB concern that (1) is SBA-certified per 13 CFR 128.300 (effective Jan 1, 2024); or (2) represented as SDVOSB in SAM and applied for certification by Dec 31, 2023.",P_2_101_SDVOSBEligible_1: SBA-certified; P_2_101_SDVOSBEligible_2: Represented in SAM with pending application,P_2_101_SDVOSBEligible = P_2_101_SDVOSBEligible_1 ∨ P_2_101_SDVOSBEligible_2,P_2_101_SDVOSB; P_2_101_SAM,Disjunction (Add): Rule 8,VALIDATED,PASS,PASS,"Definitional proposition with disjunctive sub-elements for ""SDVOSB concern eligible under SDVOSB Program"". Any single element satisfies the definition.",HIGH
2,2.101,P_2_101_SDVOSBProgram,"""SDVOSB Program"" means a program authorizing COs to limit competition, including sole-source, to eligible SDVOSB concerns.",P_2_101_SDVOSBProgram: SDVOSB Program is defined as stated,P_2_101_SDVOSBProgram,P_2_101_SDVOSBEligible,Atomic proposition (definitional equivalence),VALIDATED,PASS,PASS,"Definitional proposition establishing meaning of ""SDVOSB Program"" for FAR usage.",HIGH
2,2.101,P_2_101_ServicingAgency,"""Servicing agency"" means the agency that will conduct an assisted acquisition on behalf of the requesting agency.",P_2_101_ServicingAgency: Servicing agency is defined as stated,P_2_101_ServicingAgency,P_2_101_AssistedAcquisition,Atomic proposition (definitional equivalence),VALIDATED,PASS,PASS,"Definitional proposition establishing meaning of ""Servicing agency"" for FAR usage.",HIGH
2,2.101,P_2_101_Shall,"""Shall"" denotes the imperative.",P_2_101_Shall: Shall is defined as stated,P_2_101_Shall,None,Atomic proposition (definitional equivalence),VALIDATED,PASS,PASS,"Definitional proposition establishing meaning of ""Shall"" for FAR usage. Key modal verb definition. ""Shall"" = mandatory requirement.",HIGH
2,2.101,P_2_101_Shipment,"""Shipment"" means freight transported or to be transported.",P_2_101_Shipment: Shipment is defined as stated,P_2_101_Shipment,None,Atomic proposition (definitional equivalence),VALIDATED,PASS,PASS,"Definitional proposition establishing meaning of ""Shipment"" for FAR usage.",HIGH
2,2.101,P_2_101_ShopDrawings,"""Shop drawings"" means drawings submitted by the construction contractor showing (1) proposed fabrication and assembly of structural elements; and/or (2) installation details of materials or equipment.",P_2_101_ShopDrawings_1: Fabrication and assembly of structural elements; P_2_101_ShopDrawings_2: Installation details,P_2_101_ShopDrawings = P_2_101_ShopDrawings_1 ∨ P_2_101_ShopDrawings_2,None,Disjunction (Add): Rule 8,VALIDATED,PASS,PASS,"Definitional proposition with disjunctive sub-elements for ""Shop drawings"". Any single element satisfies the definition.",HIGH
2,2.101,P_2_101_Should,"""Should"" means an expected course of action or policy to be followed unless inappropriate for a particular circumstance.",P_2_101_Should: Should is defined as stated,P_2_101_Should,None,Atomic proposition (definitional equivalence),VALIDATED,PASS,PASS,"Definitional proposition establishing meaning of ""Should"" for FAR usage. Key modal verb definition. ""Should"" = advisory/recommended, not mandatory.",HIGH
2,2.101,P_2_101_Signature,"""Signature"" means the discrete, verifiable symbol of an individual indicating present intention to authenticate a writing. Includes electronic symbols.",P_2_101_Signature: Signature is defined as stated,P_2_101_Signature,None,Atomic proposition (definitional equivalence),VALIDATED,PASS,PASS,"Definitional proposition establishing meaning of ""Signature"" for FAR usage.",HIGH
2,2.101,P_2_101_SimplifiedAcqProcedures,"""Simplified acquisition procedures"" means the methods prescribed in part 13 for making purchases.",P_2_101_SimplifiedAcqProcedures: Simplified acquisition procedures is defined as stated,P_2_101_SimplifiedAcqProcedures,P_13,Atomic proposition (definitional equivalence),VALIDATED,PASS,PASS,"Definitional proposition establishing meaning of ""Simplified acquisition procedures"" for FAR usage.",HIGH
2,2.101,P_2_101_SimplifiedAcqThreshold,"""Simplified acquisition threshold"" means $350,000, with exceptions for contingency/emergency operations ($1M/$2M inside/outside US) and humanitarian/peacekeeping operations ($650,000 outside US).",P_2_101_SimplifiedAcqThreshold: Simplified acquisition threshold is defined as stated,P_2_101_SimplifiedAcqThreshold,None,Atomic proposition (definitional equivalence),VALIDATED,PASS,PASS,"Definitional proposition establishing meaning of ""Simplified acquisition threshold"" for FAR usage. Multiple context-specific thresholds.",HIGH
2,2.101,P_2_101_SingleGPE,"""Single, Governmentwide point of entry"" means the one point of entry designated by OFPP for electronic access to procurement opportunities Governmentwide.","P_2_101_SingleGPE: Single, Governmentwide point of entry is defined as stated",P_2_101_SingleGPE,None,Atomic proposition (definitional equivalence),VALIDATED,PASS,PASS,"Definitional proposition establishing meaning of ""Single, Governmentwide point of entry"" for FAR usage.",HIGH
2,2.101,P_2_101_SmallBusinessConcern,"""Small business concern"" means a concern, including affiliates, that is independently owned and operated, not dominant in its field, and qualified as small under 13 CFR part 121.",P_2_101_SmallBusinessConcern: Small business concern is defined as stated,P_2_101_SmallBusinessConcern,P_19_102,Atomic proposition (definitional equivalence),VALIDATED,PASS,PASS,"Definitional proposition establishing meaning of ""Small business concern"" for FAR usage.",HIGH
2,2.101,P_2_101_SmallBusinessSubcontractor,"""Small business subcontractor"" means a concern that does not exceed the size standard for the NAICS code that the prime contractor determines best describes the subcontract product or service.",P_2_101_SmallBusinessSubcontractor: Small business subcontractor is defined as stated,P_2_101_SmallBusinessSubcontractor,None,Atomic proposition (definitional equivalence),VALIDATED,PASS,PASS,"Definitional proposition establishing meaning of ""Small business subcontractor"" for FAR usage.",HIGH
2,2.101,P_2_101_SmallBusinessTeamingArrangement,"""Small Business Teaming Arrangement"" means an arrangement where (i) two or more small businesses formed a joint venture; or (ii) a small business offeror agrees with one or more others to act as subcontractors under a Government contract.",P_2_101_SmallBusinessTeamingArrangement_i: Joint venture of two or more SBCs; P_2_101_SmallBusinessTeamingArrangement_ii: Prime with SBC subcontractors,P_2_101_SmallBusinessTeamingArrangement = P_2_101_SmallBusinessTeamingArrangement_i ∨ P_2_101_SmallBusinessTeamingArrangement_ii,None,Disjunction (Add): Rule 8,VALIDATED,PASS,PASS,"Definitional proposition with disjunctive sub-elements for ""Small Business Teaming Arrangement"". Any single element satisfies the definition.",HIGH
2,2.101,P_2_101_SmallDisadvantagedBusiness,"""Small disadvantaged business concern"" means a small business concern that (1) is at least 51% unconditionally owned by socially and economically disadvantaged US citizens with net worth not exceeding the threshold; and (2) management and daily operations controlled by individuals meeting those criteria.",P_2_101_SmallDisadvantagedBusiness_1: Ownership by socially/economically disadvantaged citizens; P_2_101_SmallDisadvantagedBusiness_2: Management/operations controlled by qualifying individuals,P_2_101_SmallDisadvantagedBusiness = P_2_101_SmallDisadvantagedBusiness_1 ∧ P_2_101_SmallDisadvantagedBusiness_2,P_2_101_SmallBusinessConcern,Conjunction (Conj): Rule 7,VALIDATED,PASS,PASS,"Definitional proposition with conjunctive sub-elements for ""Small disadvantaged business concern"". All elements required.",HIGH
2,2.101,P_2_101_SoleSourceAcquisition,"""Sole source acquisition"" means a contract entered into or proposed after soliciting and negotiating with only one source.",P_2_101_SoleSourceAcquisition: Sole source acquisition is defined as stated,P_2_101_SoleSourceAcquisition,None,Atomic proposition (definitional equivalence),VALIDATED,PASS,PASS,"Definitional proposition establishing meaning of ""Sole source acquisition"" for FAR usage.",HIGH
2,2.101,P_2_101_Solicitation,"""Solicitation"" means any request to submit offers or quotations to the Government. Sealed bid = ""invitations for bids."" Negotiated = ""requests for proposals."" Simplified = quotation or offer.",P_2_101_Solicitation: Solicitation is defined as stated,P_2_101_Solicitation,None,Atomic proposition (definitional equivalence),VALIDATED,PASS,PASS,"Definitional proposition establishing meaning of ""Solicitation"" for FAR usage.",HIGH
2,2.101,P_2_101_SolicitationProvision,"""Solicitation provision"" means a term or condition used only in solicitations and applying only before contract award.",P_2_101_SolicitationProvision: Solicitation provision is defined as stated,P_2_101_SolicitationProvision,None,Atomic proposition (definitional equivalence),VALIDATED,PASS,PASS,"Definitional proposition establishing meaning of ""Solicitation provision"" for FAR usage.",HIGH
2,2.101,P_2_101_SourceSelectionInformation,"""Source selection information"" means any of specified types of information prepared for evaluating bids/proposals that has not been previously made public. Includes bid prices, proposed costs, source selection plans, technical evaluation plans, evaluations, competitive range determinations, rankings, panel reports, and other case-by-case designated information.",P_2_101_SourceSelectionInformation: Source selection information is defined as stated,P_2_101_SourceSelectionInformation,None,Atomic proposition (definitional equivalence),VALIDATED,PASS,PASS,"Definitional proposition establishing meaning of ""Source selection information"" for FAR usage. Ten enumerated categories of protected information.",HIGH
2,2.101,P_2_101_SpecialCompetency,"""Special competency"" means a special or unique capability developed incidental to FFRDC primary functions to meet some special need.",P_2_101_SpecialCompetency: Special competency is defined as stated,P_2_101_SpecialCompetency,P_2_101_FFRDC,Atomic proposition (definitional equivalence),VALIDATED,PASS,PASS,"Definitional proposition establishing meaning of ""Special competency"" for FAR usage.",HIGH
2,2.101,P_2_101_SpecialTestEquipment,"""Special test equipment"" means integrated test units engineered for special purpose testing under a contract. Does not include material, special tooling, real property, or general-purpose equipment.",P_2_101_SpecialTestEquipment: Special test equipment is defined as stated,P_2_101_SpecialTestEquipment,None,Atomic proposition (definitional equivalence),VALIDATED,PASS,PASS,"Definitional proposition establishing meaning of ""Special test equipment"" for FAR usage.",HIGH
2,2.101,P_2_101_SpecialTooling,"""Special tooling"" means jigs, dies, fixtures, molds, patterns, taps, gauges and components, of such specialized nature that use is limited to particular supplies or services. Does not include material, special test equipment, real property, or machine tools.",P_2_101_SpecialTooling: Special tooling is defined as stated,P_2_101_SpecialTooling,None,Atomic proposition (definitional equivalence),VALIDATED,PASS,PASS,"Definitional proposition establishing meaning of ""Special tooling"" for FAR usage.",HIGH
2,2.101,P_2_101_StateLocalTaxes,"""State and local taxes"" means taxes levied by the States, DC, outlying areas, or their political subdivisions.",P_2_101_StateLocalTaxes: State and local taxes is defined as stated,P_2_101_StateLocalTaxes,None,Atomic proposition (definitional equivalence),VALIDATED,PASS,PASS,"Definitional proposition establishing meaning of ""State and local taxes"" for FAR usage.",HIGH
2,2.101,P_2_101_SOO,"""Statement of Objectives (SOO)"" means a Government-prepared document in the solicitation stating overall performance objectives. Used when Government intends to provide maximum flexibility for innovative approaches.",P_2_101_SOO: Statement of Objectives (SOO) is defined as stated,P_2_101_SOO,None,Atomic proposition (definitional equivalence),VALIDATED,PASS,PASS,"Definitional proposition establishing meaning of ""Statement of Objectives (SOO)"" for FAR usage.",HIGH
2,2.101,P_2_101_SublineItem,"""Subline item"" means a subset of a line item.",P_2_101_SublineItem: Subline item is defined as stated,P_2_101_SublineItem,P_2_101_LineItem,Atomic proposition (definitional equivalence),VALIDATED,PASS,PASS,"Definitional proposition establishing meaning of ""Subline item"" for FAR usage.",HIGH
2,2.101,P_2_101_SubstantialEvidence,"""Substantial evidence"" means information sufficient to support the reasonable belief that a particular act or omission has occurred.",P_2_101_SubstantialEvidence: Substantial evidence is defined as stated,P_2_101_SubstantialEvidence,None,Atomic proposition (definitional equivalence),VALIDATED,PASS,PASS,"Definitional proposition establishing meaning of ""Substantial evidence"" for FAR usage.",HIGH
2,2.101,P_2_101_SubstantiallyAsFollows,"""Substantially as follows"" means authorization is granted to prepare a variation of a provision or clause for peculiar requirements, provided the variation includes the salient features and is not inconsistent with the FAR provision or clause.",P_2_101_SubstantiallyAsFollows: Substantially as follows is defined as stated,P_2_101_SubstantiallyAsFollows,None,Atomic proposition (definitional equivalence),VALIDATED,PASS,PASS,"Definitional proposition establishing meaning of ""Substantially as follows"" for FAR usage.",HIGH
2,2.101,P_2_101_SupplementalAgreement,"""Supplemental agreement"" means a contract modification accomplished by mutual action of the parties.",P_2_101_SupplementalAgreement: Supplemental agreement is defined as stated,P_2_101_SupplementalAgreement,None,Atomic proposition (definitional equivalence),VALIDATED,PASS,PASS,"Definitional proposition establishing meaning of ""Supplemental agreement"" for FAR usage.",HIGH
2,2.101,P_2_101_Supplies,"""Supplies"" means all property except land or interest in land. Includes public works, buildings, facilities, ships, aircraft, machine tools, and installation/alteration thereof.",P_2_101_Supplies: Supplies is defined as stated,P_2_101_Supplies,None,Atomic proposition (definitional equivalence),VALIDATED,PASS,PASS,"Definitional proposition establishing meaning of ""Supplies"" for FAR usage.",HIGH
2,2.101,P_2_101_SupportingDiplomaticMission,"""Supporting a diplomatic or consular mission"" means performing outside the United States under a contract administered by Federal agency personnel subject to the direction of a Chief of Mission.",P_2_101_SupportingDiplomaticMission: Supporting a diplomatic or consular mission is defined as stated,P_2_101_SupportingDiplomaticMission,P_2_101_ChiefOfMission,Atomic proposition (definitional equivalence),VALIDATED,PASS,PASS,"Definitional proposition establishing meaning of ""Supporting a diplomatic or consular mission"" for FAR usage.",HIGH
2,2.101,P_2_101_Surety,"""Surety"" means an individual or corporation legally liable for the debt, default, or failure of a principal. Types: (1) individual surety; (2) corporate surety; (3) cosurety.",P_2_101_Surety_1: Individual surety; P_2_101_Surety_2: Corporate surety; P_2_101_Surety_3: Cosurety,P_2_101_Surety = P_2_101_Surety_1 ∨ P_2_101_Surety_2 ∨ P_2_101_Surety_3,None,Disjunction (Add): Rule 8,VALIDATED,PASS,PASS,"Definitional proposition with disjunctive sub-elements for ""Surety"". Any single element satisfies the definition.",HIGH
2,2.101,P_2_101_SurplusProperty,"""Surplus property"" means excess personal property not required by any Federal agency as determined by the GSA Administrator.",P_2_101_SurplusProperty: Surplus property is defined as stated,P_2_101_SurplusProperty,P_2_101_ExcessPersonalProperty,Atomic proposition (definitional equivalence),VALIDATED,PASS,PASS,"Definitional proposition establishing meaning of ""Surplus property"" for FAR usage.",HIGH
2,2.101,P_2_101_SuspendingDebarringOfficial,"""Suspending and debarring official"" means (1) an agency head; or (2) a designee authorized by the agency head to impose suspension and/or debarment.",P_2_101_SuspendingDebarringOfficial_1: Agency head; P_2_101_SuspendingDebarringOfficial_2: Authorized designee,P_2_101_SuspendingDebarringOfficial = P_2_101_SuspendingDebarringOfficial_1 ∨ P_2_101_SuspendingDebarringOfficial_2,P_2_101_AgencyHead,Disjunction (Add): Rule 8,VALIDATED,PASS,PASS,"Definitional proposition with disjunctive sub-elements for ""Suspending and debarring official"". Any single element satisfies the definition.",HIGH
2,2.101,P_2_101_Suspension,"""Suspension"" means action taken by a suspending and debarring official under 9.407 to temporarily disqualify a contractor from Government contracting.",P_2_101_Suspension: Suspension is defined as stated,P_2_101_Suspension,P_9_407,Atomic proposition (definitional equivalence),VALIDATED,PASS,PASS,"Definitional proposition establishing meaning of ""Suspension"" for FAR usage.",HIGH
2,2.101,P_2_101_SAM,"""System for Award Management (SAM)"" means the primary Government repository for awardee information and centralized system for contracting, grants, and assistance. Includes (1) data from prospective awardees; (2) annual representations and certifications; and (3) identification of excluded parties.",P_2_101_SAM_1: Prospective awardee data; P_2_101_SAM_2: Annual representations and certifications; P_2_101_SAM_3: Excluded parties identification,P_2_101_SAM = P_2_101_SAM_1 ∧ P_2_101_SAM_2 ∧ P_2_101_SAM_3,P_4_12,Conjunction (Conj): Rule 7,VALIDATED,PASS,PASS,"Definitional proposition with conjunctive sub-elements for ""System for Award Management (SAM)"". All elements required.",HIGH
2,2.101,P_2_101_TaskOrder,"""Task order"" means an order for services placed against an established contract or with Government sources.",P_2_101_TaskOrder: Task order is defined as stated,P_2_101_TaskOrder,None,Atomic proposition (definitional equivalence),VALIDATED,PASS,PASS,"Definitional proposition establishing meaning of ""Task order"" for FAR usage.",HIGH
2,2.101,P_2_101_TIN,"""Taxpayer Identification Number (TIN)"" means the number required by the IRS for reporting. May be a Social Security Number or an Employer Identification Number.",P_2_101_TIN: Taxpayer Identification Number (TIN) is defined as stated,P_2_101_TIN,None,Atomic proposition (definitional equivalence),VALIDATED,PASS,PASS,"Definitional proposition establishing meaning of ""Taxpayer Identification Number (TIN)"" for FAR usage.",HIGH
2,2.101,P_2_101_TechnicalData,"""Technical data"" means recorded information of a scientific or technical nature. Does not include computer software or financial/administrative/management data.",P_2_101_TechnicalData: Technical data is defined as stated,P_2_101_TechnicalData,None,Atomic proposition (definitional equivalence),VALIDATED,PASS,PASS,"Definitional proposition establishing meaning of ""Technical data"" for FAR usage.",HIGH
2,2.101,P_2_101_TerminatedPortion,"""Terminated portion of the contract"" means the portion of a contract that the contractor is not to perform following a partial termination.",P_2_101_TerminatedPortion: Terminated portion of the contract is defined as stated,P_2_101_TerminatedPortion,None,Atomic proposition (definitional equivalence),VALIDATED,PASS,PASS,"Definitional proposition establishing meaning of ""Terminated portion of the contract"" for FAR usage.",HIGH
2,2.101,P_2_101_TerminationForConvenience,"""Termination for convenience"" means the exercise of the Government's right to completely or partially terminate performance when it is in the Government's interest.",P_2_101_TerminationForConvenience: Termination for convenience is defined as stated,P_2_101_TerminationForConvenience,None,Atomic proposition (definitional equivalence),VALIDATED,PASS,PASS,"Definitional proposition establishing meaning of ""Termination for convenience"" for FAR usage.",HIGH
2,2.101,P_2_101_TerminationForDefault,"""Termination for default"" means the exercise of the Government's right to terminate because of the contractor's actual or anticipated failure to perform.",P_2_101_TerminationForDefault: Termination for default is defined as stated,P_2_101_TerminationForDefault,None,Atomic proposition (definitional equivalence),VALIDATED,PASS,PASS,"Definitional proposition establishing meaning of ""Termination for default"" for FAR usage.",HIGH
2,2.101,P_2_101_TerminationInventory,"""Termination inventory"" means any property purchased, supplied, manufactured, furnished, or otherwise acquired for the performance of a contract subsequently terminated.",P_2_101_TerminationInventory: Termination inventory is defined as stated,P_2_101_TerminationInventory,None,Atomic proposition (definitional equivalence),VALIDATED,PASS,PASS,"Definitional proposition establishing meaning of ""Termination inventory"" for FAR usage.",HIGH
2,2.101,P_2_101_UnallowableCost,"""Unallowable cost"" means any cost that, under the provisions of any pertinent law, regulation, or contract, cannot be included in prices, cost-reimbursements, or settlements under a Government contract to which it is allocable.",P_2_101_UnallowableCost: Unallowable cost is defined as stated,P_2_101_UnallowableCost,None,Atomic proposition (definitional equivalence),VALIDATED,PASS,PASS,"Definitional proposition establishing meaning of ""Unallowable cost"" for FAR usage. Negation inherent in the definition (cost that CANNOT be included).",HIGH
2,2.101,P_2_101_UniqueInnovativeConcept,"""Unique and innovative concept"", when used relative to an unsolicited research proposal, means that (1) in the opinion and knowledge of the Government evaluator, the meritorious proposal (i) is the product of original thinking submitted confidentially by one source; (ii) contains new, novel, or changed concepts, approaches, or methods; (iii) was not submitted previously by another; and (iv) is not otherwise available within the Federal Government. (2) The term does not mean the source has sole capability of performing the research.","P_2_101_UniqueInnovativeConcept_1_i: Product of original thinking submitted confidentially by one source; P_2_101_UniqueInnovativeConcept_1_ii: Contains new, novel, or changed concepts; P_2_101_UniqueInnovativeConcept_1_iii: Not submitted previously by another; P_2_101_UniqueInnovativeConcept_1_iv: Not otherwise available within Federal Government; P_2_101_UniqueInnovativeConcept_2: Does not mean sole capability",P_2_101_UniqueInnovativeConcept = (P_2_101_UniqueInnovativeConcept_1_i ∧ P_2_101_UniqueInnovativeConcept_1_ii ∧ P_2_101_UniqueInnovativeConcept_1_iii ∧ P_2_101_UniqueInnovativeConcept_1_iv) ∧ ~P_2_101_UniqueInnovativeConcept_2,P_2_101_UnsolicitedProposal,Conjunction (Conj): Rule 7; Negation (Neg): Rule 10,VALIDATED,PASS,PASS,Definitional proposition with four conjunctive criteria plus an explicit exclusion. All four conditions under (1) must be met in the Government evaluator's opinion. The exclusion in (2) clarifies the term does not imply sole-source capability.,HIGH
2,2.101,P_2_101_UniqueEntityIdentifier,"""Unique entity identifier"" means the identifier required for registration in SAM.",P_2_101_UniqueEntityIdentifier: Unique entity identifier is defined as stated,P_2_101_UniqueEntityIdentifier,P_2_101_SAM,Atomic proposition (definitional equivalence),VALIDATED,PASS,PASS,"Definitional proposition establishing meaning of ""Unique entity identifier"" for FAR usage.",HIGH
2,2.101,P_2_101_UnitedStates,"""United States"" means, when used in a geographic sense, the 50 States and the District of Columbia, with context-specific definitions for 12 other parts/subparts.",P_2_101_UnitedStates: United States is defined as stated,P_2_101_UnitedStates,None,Atomic proposition (definitional equivalence),VALIDATED,PASS,PASS,"Definitional proposition establishing meaning of ""United States"" for FAR usage. Twelve context-specific cross-references enumerated for different parts.",HIGH
2,2.101,P_2_101_UnsolicitedProposal,"""Unsolicited proposal"" means a written proposal for a new or innovative idea submitted to an agency on the offeror's initiative for the purpose of obtaining a contract, not in response to any Government solicitation or program.",P_2_101_UnsolicitedProposal: Unsolicited proposal is defined as stated,P_2_101_UnsolicitedProposal,None,Atomic proposition (definitional equivalence),VALIDATED,PASS,PASS,"Definitional proposition establishing meaning of ""Unsolicited proposal"" for FAR usage.",HIGH
2,2.101,P_2_101_ValueEngineering,"""Value engineering"" means an analysis of functions to improve performance, reliability, quality, safety, and life-cycle costs (41 U.S.C. 1711).",P_2_101_ValueEngineering: Value engineering is defined as stated,P_2_101_ValueEngineering,P_52_248_2,Atomic proposition (definitional equivalence),VALIDATED,PASS,PASS,"Definitional proposition establishing meaning of ""Value engineering"" for FAR usage.",HIGH
2,2.101,P_2_101_VECP,"""VECP"" means a proposal that (1)(i) requires a change to the contract to implement; and (ii) results in reducing overall projected cost without impairing essential functions, provided no change in (A) end item quantities only, (B) R&D test quantities due solely to prior testing, or (C) contract type only.","P_2_101_VECP_1: Requires contract change and reduces cost without impairing function; P_2_101_VECP_2: For clauses 52.248-2 and 52.248-3, see specific definitions",P_2_101_VECP = P_2_101_VECP_1 ∧ P_2_101_VECP_2,P_52_248_2; P_52_248_3,Conjunction (Conj): Rule 7,VALIDATED,PASS,PASS,"Definitional proposition with conjunctive sub-elements for ""VECP"". All elements required. Conjunctive requirements with three negative exceptions.",HIGH
2,2.101,P_2_101_VeteranOwnedSBC,"""Veteran-owned small business concern"" means a small business concern (1) not less than 51% owned and controlled by one or more veterans; and (2) management and daily operations controlled by one or more veterans.",P_2_101_VeteranOwnedSBC_1: 51% veteran-owned; P_2_101_VeteranOwnedSBC_2: Veteran-managed,P_2_101_VeteranOwnedSBC = P_2_101_VeteranOwnedSBC_1 ∧ P_2_101_VeteranOwnedSBC_2,P_2_101_SmallBusinessConcern,Conjunction (Conj): Rule 7,VALIDATED,PASS,PASS,"Definitional proposition with conjunctive sub-elements for ""Veteran-owned small business concern"". All elements required.",HIGH
2,2.101,P_2_101_VirginMaterial,"""Virgin material"" means (1) previously unused raw material; or (2) any undeveloped resource that is or will become a source of raw materials.",P_2_101_VirginMaterial_1: Previously unused raw material; P_2_101_VirginMaterial_2: Undeveloped resource,P_2_101_VirginMaterial = P_2_101_VirginMaterial_1 ∨ P_2_101_VirginMaterial_2,None,Disjunction (Add): Rule 8,VALIDATED,PASS,PASS,"Definitional proposition with disjunctive sub-elements for ""Virgin material"". Any single element satisfies the definition.",HIGH
2,2.101,P_2_101_VoluntaryConsensusStandards,"""Voluntary consensus standards"" means common and repeated use of rules, conditions, guidelines or characteristics for products or related processes, developed by domestic and international voluntary consensus standard making bodies.",P_2_101_VoluntaryConsensusStandards: Voluntary consensus standards is defined as stated,P_2_101_VoluntaryConsensusStandards,None,Atomic proposition (definitional equivalence),VALIDATED,PASS,PASS,"Definitional proposition establishing meaning of ""Voluntary consensus standards"" for FAR usage.",HIGH
2,2.101,P_2_101_Warranty,"""Warranty"" means a promise or affirmation given by a contractor to the Government regarding the nature, usefulness, or condition of the supplies or performance of services.",P_2_101_Warranty: Warranty is defined as stated,P_2_101_Warranty,None,Atomic proposition (definitional equivalence),VALIDATED,PASS,PASS,"Definitional proposition establishing meaning of ""Warranty"" for FAR usage.",HIGH
2,2.101,P_2_101_WomenOwnedSBC,"""Women-owned small business concern"" means (1) a small business concern at least 51% owned by one or more women, with management controlled by women; or (2) a concern eligible under the WOSB Program per 13 CFR part 127.",P_2_101_WomenOwnedSBC_1: 51% women-owned and women-managed; P_2_101_WomenOwnedSBC_2: WOSB Program eligible,P_2_101_WomenOwnedSBC = P_2_101_WomenOwnedSBC_1 ∨ P_2_101_WomenOwnedSBC_2,P_2_101_SmallBusinessConcern,Disjunction (Add): Rule 8,VALIDATED,PASS,PASS,"Definitional proposition with disjunctive sub-elements for ""Women-owned small business concern"". Any single element satisfies the definition.",HIGH
2,2.101,P_2_101_WOSBProgram,"""WOSB Program"" means a program authorizing COs to limit competition, including sole-source, to EDWOSB and WOSB concerns eligible under the WOSB Program for NAICS codes where SBA has determined underrepresentation.",P_2_101_WOSBProgram: WOSB Program is defined as stated,P_2_101_WOSBProgram,P_2_101_WomenOwnedSBC,Atomic proposition (definitional equivalence),VALIDATED,PASS,PASS,"Definitional proposition establishing meaning of ""WOSB Program"" for FAR usage. Includes three sub-definitions: (1) Program itself; (2) EDWOSB concern; (3) WOSB concern eligible under the Program.",HIGH
2,2.101,P_2_101_WritingOrWritten,"""Writing or written"" see ""in writing"".",P_2_101_WritingOrWritten: Writing or written is defined by cross-reference,P_2_101_WritingOrWritten = P_2_101_InWriting,P_2_101_InWriting,Biconditional (Bicond): Rule 17,VALIDATED,PASS,PASS,"Cross-reference definition. ""Writing or written"" defined by reference to another term/section.",HIGH
2,2.101,P_2_101_Bundling,"""Bundling"" means a subset of consolidation that combines two or more requirements previously under separate smaller contracts into a single solicitation likely unsuitable for small business due to (i) diversity/size/specialized nature; (ii) aggregate dollar value; (iii) geographical dispersion; or (iv) any combination.",P_2_101_Bundling_a: Combines 2+ requirements from separate smaller contracts; P_2_101_Bundling_b: Likely unsuitable for small business award; P_2_101_Bundling_c_i: Due to diversity/size/specialized nature; P_2_101_Bundling_c_ii: Due to aggregate dollar value; P_2_101_Bundling_c_iii: Due to geographical dispersion; P_2_101_Bundling_c_iv: Due to combination of factors,P_2_101_Bundling = P_2_101_Bundling_a ∧ P_2_101_Bundling_b ∧ (P_2_101_Bundling_c_i ∨ P_2_101_Bundling_c_ii ∨ P_2_101_Bundling_c_iii ∨ P_2_101_Bundling_c_iv),P_2_101_Consolidation; P_2_101_SmallBusinessConcern,Conjunction (Conj): Rule 7; Disjunction (Add): Rule 8,VALIDATED,PASS,PASS,"Complex definition requiring all three elements conjunctively, with the cause element being disjunctive. Bundling is a subset of consolidation.",HIGH
2,2.101,P_2_101_ClassifiedInformation,"""Classified information"" means any knowledge or documentary material that (1)(i) is owned by/produced by/for/under control of the USG; or (ii) classified by DOE as privately generated restricted data; and (2) must be protected against unauthorized disclosure.",P_2_101_ClassifiedInformation_1_i: Owned/produced by USG; P_2_101_ClassifiedInformation_1_ii: DOE-classified restricted data; P_2_101_ClassifiedInformation_2: Must be protected,P_2_101_ClassifiedInformation = (P_2_101_ClassifiedInformation_1_i ∨ P_2_101_ClassifiedInformation_1_ii) ∧ P_2_101_ClassifiedInformation_2,None,Conjunction (Conj): Rule 7; Disjunction (Add): Rule 8,VALIDATED,PASS,PASS,Two-part test: origin/ownership (disjunctive) AND protection requirement (conjunctive).,HIGH
2,2.101,P_2_101_COTS,"""Commercially available off-the-shelf item"" or ""COTS item"" means any item that is (i) a commercial product per paragraph (1); (ii) sold in substantial quantities commercially; and (iii) offered to Government without modification. Does not include bulk cargo.",P_2_101_COTS_a: Commercial product per (1); P_2_101_COTS_b: Sold in substantial commercial quantities; P_2_101_COTS_c: Offered without modification; P_2_101_COTS_d: Bulk cargo excluded,P_2_101_COTS = P_2_101_COTS_a ∧ P_2_101_COTS_b ∧ P_2_101_COTS_c ∧ ~P_2_101_COTS_d,P_2_101_CommercialProduct,Conjunction (Conj): Rule 7; Negation (Neg): Rule 10,VALIDATED,PASS,PASS,Three-part conjunctive test plus exclusion. Narrower than commercial product definition.,HIGH
2,2.101,P_2_101_ComputerSoftware,"""Computer software"" means (1)(i) computer programs and (ii) recorded information enabling program production. (2) Does not include databases or documentation.",P_2_101_ComputerSoftware_1_i: Computer programs; P_2_101_ComputerSoftware_1_ii: Recorded info enabling production; P_2_101_ComputerSoftware_2: Excludes databases and documentation,P_2_101_ComputerSoftware = (P_2_101_ComputerSoftware_1_i ∨ P_2_101_ComputerSoftware_1_ii) ∧ ~P_2_101_ComputerSoftware_2,P_2_101_ComputerDatabase; P_2_101_ComputerSoftwareDocumentation,Disjunction (Add): Rule 8; Conjunction (Conj): Rule 7; Negation (Neg): Rule 10,VALIDATED,PASS,PASS,Inclusion (disjunctive) combined with exclusion (negation).,HIGH
2,2.101,P_2_101_ContractingOfficer,"""Contracting officer"" means a person with authority to enter into, administer, and/or terminate contracts and make related determinations. Includes authorized representatives. Reference to ACO or TCO does not (1) require duty at a particular office, or (2) restrict a CO in performance of properly assigned duties.",P_2_101_ContractingOfficer_a: Person with authority over contracts; P_2_101_ContractingOfficer_b: Includes authorized representatives; P_2_101_ContractingOfficer_1: No requirement for specific office; P_2_101_ContractingOfficer_2: No restriction on properly assigned duties,P_2_101_ContractingOfficer = (P_2_101_ContractingOfficer_a ∨ P_2_101_ContractingOfficer_b) ∧ P_2_101_ContractingOfficer_1 ∧ P_2_101_ContractingOfficer_2,None,Conjunction (Conj): Rule 7; Disjunction (Add): Rule 8,VALIDATED,PASS,PASS,"Definition encompasses CO proper and authorized representatives, with two negation qualifiers ensuring flexibility.",HIGH
2,2.101,P_2_101_FFRDC,"""Federally Funded Research and Development Centers"" means activities sponsored by Government for R&D that receive 70%+ Government funding, and (1) long-term relationship contemplated; (2) Government owns/funds most facilities; and (3) access beyond normal contractual relationships.",P_2_101_FFRDC_base: Government-sponsored R&D with 70%+ funding; P_2_101_FFRDC_1: Long-term relationship; P_2_101_FFRDC_2: Government facility ownership; P_2_101_FFRDC_3: Enhanced access,P_2_101_FFRDC = P_2_101_FFRDC_base ∧ P_2_101_FFRDC_1 ∧ P_2_101_FFRDC_2 ∧ P_2_101_FFRDC_3,None,Conjunction (Conj): Rule 7,VALIDATED,PASS,PASS,Four-part conjunctive test. All conditions must be met.,HIGH
2,2.101,P_2_101_InformationTechnology,"""Information technology"" means equipment/systems for automatic data/info processing. (1) Used by agency directly or by contractor. (2) Includes computers, peripherals, software, firmware, services. (3) Does not include incidental or embedded IT (e.g., HVAC thermostats, medical equipment).",P_2_101_InformationTechnology_base: Equipment/systems for data processing; P_2_101_InformationTechnology_1: Agency or contractor use; P_2_101_InformationTechnology_2: Includes computers/software/services; P_2_101_InformationTechnology_3: Excludes incidental/embedded IT,P_2_101_InformationTechnology = P_2_101_InformationTechnology_base ∧ P_2_101_InformationTechnology_1 ∧ P_2_101_InformationTechnology_2 ∧ ~P_2_101_InformationTechnology_3,None,Conjunction (Conj): Rule 7; Negation (Neg): Rule 10,VALIDATED,PASS,PASS,Base definition with inclusion and exclusion criteria. Embedded IT exclusion is practically significant.,HIGH
2,2.101,P_2_101_InherentlyGovtFunction,"""Inherently governmental function"" means a function so intimately related to public interest as to mandate Government performance. Requires exercise of discretion or making value judgments. (1) Involves interpretation/execution of laws. (2) Does not normally include advisory or ministerial functions.",P_2_101_InherentlyGovtFunction_a: Requires exercise of Government authority discretion; P_2_101_InherentlyGovtFunction_b: Requires value judgments for Government; P_2_101_InherentlyGovtFunction_1: Involves law interpretation/execution; P_2_101_InherentlyGovtFunction_2: Excludes advisory/ministerial functions,P_2_101_InherentlyGovtFunction = (P_2_101_InherentlyGovtFunction_a ∨ P_2_101_InherentlyGovtFunction_b) ∧ P_2_101_InherentlyGovtFunction_1 ∧ ~P_2_101_InherentlyGovtFunction_2,None,Disjunction (Add): Rule 8; Conjunction (Conj): Rule 7; Negation (Neg): Rule 10,PENDING_REVIEW,PASS,PASS,"Policy determination, not legal. Disjunctive trigger, conjunctive with law interpretation, exclusion for advisory/ministerial. Qualifier ""normally"" in (2) introduces ambiguity.",MEDIUM
2,2.201,P_2_201,"Insert the clause at 52.202-1, Definitions, in solicitations and contracts that exceed the simplified acquisition threshold.",P_2_201_a: Insert clause 52.202-1 (Definitions); P_2_201_b: Applies to solicitations and contracts exceeding SAT,P_2_201_b ⊃ P_2_201_a,P_52_202_1; P_2_101_SimplifiedAcqThreshold,Material Implication (Impl): Rule 15 [HIGH-RISK],PENDING_REVIEW,PASS,PASS,"Mandatory ""shall"" (implied by imperative ""Insert"") triggered by threshold condition. When solicitation/contract exceeds SAT, clause 52.202-1 must be included. HIGH-RISK due to material implication.",MEDIUM
2,2.101,P_2_101,"Definitions. This section provides definitions for words and terms used throughout the FAR, encompassing the introductory applicability rule and all individual definition terms from ""Acquisition"" through ""Writing or written"".",P_2_101: Section 2.101 provides comprehensive FAR definitions,P_2_101 = P_2_101_intro ∧ (conjunction of all individual definition propositions),P_2_000,Conjunction (Conj): Rule 7,VALIDATED,PASS,PASS,Parent proposition for all definitions in Section 2.101. All definitions are conjunctive components of the section.,HIGH
