"RFO_Part","Section_Number","Propositional_ID","Natural_Language","Atomic_Propositions","Formal_Logic_Statement","Dependencies","Justification_Rules","Validation_Status","Logical_Check","Real_World_Check","Validation_Notes","Confidence_Level"
"17","17.000","P_17_000","This part prescribes policies and procedures for the acquisition of supplies and services through special contracting methods, including- (a) Multiyear contracting; (b) Options; (c) Leader company contracting; (d) Interagency acquisitions; (e) Management and operating contracts; and (f) Reverse auctions.","P_17_000_a: This part prescribes policies and procedures for multiyear contracting; P_17_000_b: This part prescribes policies and procedures for options; P_17_000_c: This part prescribes policies and procedures for leader company contracting; P_17_000_d: This part prescribes policies and procedures for interagency acquisitions; P_17_000_e: This part prescribes policies and procedures for management and operating contracts; P_17_000_f: This part prescribes policies and procedures for reverse auctions","P_17_000 = P_17_000_a ∧ P_17_000_b ∧ P_17_000_c ∧ P_17_000_d ∧ P_17_000_e ∧ P_17_000_f","None","Conjunction (Conj): Rule 7","PENDING_REVIEW","PASS","PASS","Scope section establishes six special contracting methods covered by Part 17. All six are conjunctive components of the part's coverage.","HIGH"
"17","17.101","P_17_101","This subpart prescribes policies and procedures for acquiring supplies or services through multiyear contracting, as authorized by 10 U.S.C. 3501 and 41 U.S.C. 3903. It addresses requirements for presolicitation planning, solicitation content, evaluation and award, funding, and cancellation provisions unique to multiyear contracts.","P_17_101_a: This subpart prescribes policies and procedures for acquiring supplies or services through multiyear contracting; P_17_101_b: Multiyear contracting is authorized by 10 U.S.C. 3501 and 41 U.S.C. 3903; P_17_101_c: The subpart addresses requirements for presolicitation planning, solicitation content, evaluation and award, funding, and cancellation provisions unique to multiyear contracts","P_17_101 = P_17_101_a ∧ P_17_101_b ∧ P_17_101_c","None","Conjunction (Conj): Rule 7","PENDING_REVIEW","PASS","PASS","Authority section establishes statutory basis and scope of Subpart 17.1. References external statutes (10 U.S.C. 3501; 41 U.S.C. 3903) not formalized in FAR.","HIGH"
"17","17.102","P_17_102","As used in this subpart- Cancellation means the cancellation (within a contractually specified time) of the total requirements of all remaining program years. Cancellation results when the contracting officer- (1) Notifies the contractor of nonavailability of funds for contract performance for any subsequent program year; or (2) Fails to notify the contractor that funds are available for performance of the succeeding program year requirement. Cancellation ceiling means the maximum cancellation charge that the contractor can receive if the contract is cancelled. Cancellation charge means the amount of unrecovered costs which would have been recouped through amortization over the full term of the contract, including the canceled term. Multiyear contract means a contract for the purchase of supplies or services for more than 1, but not more than 5 program years. A multiyear contract may provide that performance under the contract during the second and subsequent years of the contract is contingent upon the appropriation of funds, and (if it does so provide) may provide for a cancellation payment to be made to the contractor if appropriations are not made. The key distinguishing difference between multiyear contracts and multiple year contracts is that multiyear contracts buy more than 1 year's requirement (of a product or service) without establishing and having to exercise an option for each program year after the first. Nonrecurring costs means costs that are generally incurred on a one-time basis and include such costs as plant or equipment relocation, plant rearrangement, special tooling and special test equipment, preproduction engineering, preliminary design effort, initial spoilage and rework, and specialized work force training. Recurring costs means costs that vary with the quantity being produced, such as labor and materials, and are the ongoing expenses associated with its production and maintenance.","P_17_102_a: Cancellation means the cancellation (within a contractually specified time) of the total requirements of all remaining program years; P_17_102_b: Cancellation results when the contracting officer notifies the contractor of nonavailability of funds for contract performance for any subsequent program year or fails to notify the contractor that funds are available for performance of the succeeding program year requirement; P_17_102_c: Cancellation ceiling means the maximum cancellation charge that the contractor can receive if the contract is cancelled; P_17_102_d: Cancellation charge means the amount of unrecovered costs which would have been recouped through amortization over the full term of the contract, including the canceled term; P_17_102_e: Multiyear contract means a contract for the purchase of supplies or services for more than 1, but not more than 5 program years; P_17_102_f: A multiyear contract may provide that performance during the second and subsequent years is contingent upon the appropriation of funds, and may provide for a cancellation payment if appropriations are not made; P_17_102_g: The key distinguishing difference between multiyear contracts and multiple year contracts is that multiyear contracts buy more than 1 year's requirement without establishing and having to exercise an option for each program year after the first; P_17_102_h: Nonrecurring costs means costs that are generally incurred on a one-time basis and include such costs as plant or equipment relocation, plant rearrangement, special tooling and special test equipment, preproduction engineering, preliminary design effort, initial spoilage and rework, and specialized work force training; P_17_102_i: Recurring costs means costs that vary with the quantity being produced, such as labor and materials, and are the ongoing expenses associated with its production and maintenance","P_17_102 = P_17_102_a ∧ P_17_102_b ∧ P_17_102_c ∧ P_17_102_d ∧ P_17_102_e ∧ P_17_102_f ∧ P_17_102_g ∧ P_17_102_h ∧ P_17_102_i","None","Conjunction (Conj): Rule 7; Disjunction (Add): Rule 8 for P_17_102_b","PENDING_REVIEW","PASS","PASS","Definitions section with six defined terms. P_17_102_b uses internal disjunction (notifies nonavailability OR fails to notify availability). P_17_102_f captures permissive 'may provide' language. Extensive definition section; all terms must hold simultaneously as definitions.","HIGH"
"17","17.103","P_17_103","Presolicitation requirements for multiyear contracting, encompassing policy, procedures, and solicitation requirements.","P_17_103: Presolicitation requirements for multiyear contracting encompass policy, procedures, and solicitations","P_17_103 = P_17_103_1 ∧ P_17_103_2 ∧ P_17_103_3","P_17_103_1; P_17_103_2; P_17_103_3","Conjunction (Conj): Rule 7","PENDING_REVIEW","PASS","PASS","Parent proposition aggregating three subsections of presolicitation requirements. Created per Parent Proposition Rule to prevent dangling references.","HIGH"
"17","17.103-1","P_17_103_1","Presolicitation policy for multiyear contracting, covering civilian agencies and DoD/NASA/Coast Guard separately.","P_17_103_1: Presolicitation policy for multiyear contracting covers civilian agencies and DoD/NASA/Coast Guard","P_17_103_1 = P_17_103_1_a ∧ P_17_103_1_b","P_17_103_1_a; P_17_103_1_b","Conjunction (Conj): Rule 7","PENDING_REVIEW","PASS","PASS","Parent for 17.103-1. Two parallel tracks: civilian agencies (paragraph a) and defense agencies (paragraph b).","HIGH"
"17","17.103-1(a)","P_17_103_1_a","Except for DoD, NASA, and the Coast Guard, the contracting officer may enter into a multiyear contract if the head of the contracting activity determines that- (1) The need for the supplies or services is reasonably firm and continuing throughout the contract period; and (2) A multiyear contract will serve the best interest of the Government by either encouraging competition or promoting economy in program administration, performance, and operation.","P_17_103_1_a_cond: The agency is not DoD, NASA, or the Coast Guard; P_17_103_1_a_1: The head of the contracting activity determines the need for the supplies or services is reasonably firm and continuing throughout the contract period; P_17_103_1_a_2: The head of the contracting activity determines a multiyear contract will serve the best interest of the Government by either encouraging competition or promoting economy in program administration, performance, and operation; P_17_103_1_a_result: The contracting officer may enter into a multiyear contract","(P_17_103_1_a_cond ∧ P_17_103_1_a_1 ∧ P_17_103_1_a_2) ⊃ P_17_103_1_a_result","None","Material Implication (Impl): Rule 15; Conjunction (Conj): Rule 7","PENDING_REVIEW","PASS","PASS","Conditional: civilian agencies may enter multiyear contracts when HCA makes two determinations. 'May' indicates permissive authority. The disjunction 'encouraging competition or promoting economy' is embedded within P_17_103_1_a_2. HIGH-RISK rule (Material Implication) used; verified antecedent/consequent ordering.","MEDIUM"
"17","17.103-1(b)","P_17_103_1_b","For DoD, NASA, and the Coast Guard, the head of the agency may enter into a multiyear contract for supplies if- (1) The contract will save significant costs compared to using annual contracts, or will provide necessary stability to the defense industrial base not otherwise achievable through annual contracts; (2) The required purchase amounts are expected to remain substantially unchanged throughout the contract period, in terms of production and procurement rates and total quantities; (3) The agency head is reasonably expected to request sufficient funding throughout the contract period at a level required to avoid contract cancellation; (4) The design of the supplies is stable, and technical risks are not excessive; (5) Both the contract cost estimates and projected cost avoidance through the use of a multiyear contract are realistic; (6) For Department of Defense purchases, the contract will promote national security of the United States; and (7) For Department of Defense contracts valued at $500,000,000 or more, the Secretary certifies that the conditions in 10 U.S.C. 3501(i)(3) subparagraphs (C) through (F) will be met.","P_17_103_1_b_cond: The agency is DoD, NASA, or the Coast Guard; P_17_103_1_b_1: The contract will save significant costs compared to using annual contracts, or will provide necessary stability to the defense industrial base not otherwise achievable through annual contracts; P_17_103_1_b_2: The required purchase amounts are expected to remain substantially unchanged throughout the contract period; P_17_103_1_b_3: The agency head is reasonably expected to request sufficient funding throughout the contract period at a level required to avoid contract cancellation; P_17_103_1_b_4: The design of the supplies is stable, and technical risks are not excessive; P_17_103_1_b_5: Both the contract cost estimates and projected cost avoidance through the use of a multiyear contract are realistic; P_17_103_1_b_6: For Department of Defense purchases, the contract will promote national security of the United States; P_17_103_1_b_7: For Department of Defense contracts valued at $500,000,000 or more, the Secretary certifies that the conditions in 10 U.S.C. 3501(i)(3) subparagraphs (C) through (F) will be met; P_17_103_1_b_result: The head of the agency may enter into a multiyear contract for supplies","(P_17_103_1_b_cond ∧ P_17_103_1_b_1 ∧ P_17_103_1_b_2 ∧ P_17_103_1_b_3 ∧ P_17_103_1_b_4 ∧ P_17_103_1_b_5 ∧ P_17_103_1_b_6 ∧ P_17_103_1_b_7) ⊃ P_17_103_1_b_result","None","Material Implication (Impl): Rule 15; Conjunction (Conj): Rule 7","PENDING_REVIEW","PASS","PASS","Complex conditional with seven conjunctive conditions for defense agency multiyear authority. P_17_103_1_b_1 contains internal disjunction (save costs OR provide stability). P_17_103_1_b_6 and P_17_103_1_b_7 have nested conditions (DoD-only and threshold-specific). 'May' indicates permissive authority. HIGH-RISK rule (Material Implication) used; verified ordering. References external statute 10 U.S.C. 3501(i)(3).","MEDIUM"
"17","17.103-2","P_17_103_2","Procedures for multiyear contracting presolicitation, covering method of contracting and funding.","P_17_103_2: Procedures cover method of contracting and funding for multiyear presolicitation","P_17_103_2 = P_17_103_2_a ∧ P_17_103_2_b","P_17_103_2_a; P_17_103_2_b","Conjunction (Conj): Rule 7","PENDING_REVIEW","PASS","PASS","Parent proposition for 17.103-2 subsections.","HIGH"
"17","17.103-2(a)","P_17_103_2_a","(a) Method of contracting. The specific requirement should guide the selection of the contracting method.","P_17_103_2_a: The specific requirement should guide the selection of the contracting method","P_17_103_2_a","None","Simplification (Simp): Rule 6","PENDING_REVIEW","PASS","PASS","Advisory statement using 'should' - recommended, not mandatory. Single atomic proposition.","HIGH"
"17","17.103-2(b)","P_17_103_2_b","(b) Funding. (1) Agency funding of multiyear contracts must follow the policies in OMB Circular A-11 (Preparation, Submission, and Execution of the Budget) and other applicable guidance on funding multiyear contracts. (2) Multiyear contracts for fixed assets should be either- (i) Fully funded; or (ii) Funded in economically or programmatically viable stages.","P_17_103_2_b_1: Agency funding of multiyear contracts must follow the policies in OMB Circular A-11 and other applicable guidance on funding multiyear contracts; P_17_103_2_b_2: Multiyear contracts for fixed assets should be either fully funded or funded in economically or programmatically viable stages","P_17_103_2_b = P_17_103_2_b_1 ∧ P_17_103_2_b_2","None","Conjunction (Conj): Rule 7; Disjunction (Add): Rule 8 for P_17_103_2_b_2","PENDING_REVIEW","PASS","PASS","P_17_103_2_b_1 is mandatory ('must'). P_17_103_2_b_2 is advisory ('should') with internal disjunction (fully funded OR staged funding). References external OMB Circular A-11.","HIGH"
"17","17.103-3","P_17_103_3","Solicitation requirements for multiyear contracts.","P_17_103_3: Solicitation requirements for multiyear contracts encompass required content and comparison methodology","P_17_103_3 = P_17_103_3_a ∧ P_17_103_3_b","P_17_103_3_a; P_17_103_3_b","Conjunction (Conj): Rule 7","PENDING_REVIEW","PASS","PASS","Parent proposition for solicitation requirements.","HIGH"
"17","17.103-3(a)","P_17_103_3_a","(a) In solicitations for multiyear contracts, the contracting officer must include- (1) The supply or service requirements for the first program year, and the entire multiyear contract period, broken down by program year; (2) A statement that if the Government only needs the first-year requirements, evaluation will be based on first year pricing; (3) A provision requiring a cancellation ceiling (as a percentage or dollar amount) and applicable dates for each program year that could be cancelled; and (4) A statement that the Government will not award less than the first program year requirements.","P_17_103_3_a_1: The contracting officer must include supply or service requirements for the first program year, and the entire multiyear contract period, broken down by program year; P_17_103_3_a_2: The contracting officer must include a statement that if the Government only needs the first-year requirements, evaluation will be based on first year pricing; P_17_103_3_a_3: The contracting officer must include a provision requiring a cancellation ceiling (as a percentage or dollar amount) and applicable dates for each program year that could be cancelled; P_17_103_3_a_4: The contracting officer must include a statement that the Government will not award less than the first program year requirements","MultiyearSolicitation ⊃ (P_17_103_3_a_1 ∧ P_17_103_3_a_2 ∧ P_17_103_3_a_3 ∧ P_17_103_3_a_4)","None","Material Implication (Impl): Rule 15; Conjunction (Conj): Rule 7","PENDING_REVIEW","PASS","PASS","CORRECTED: Section is conditional on issuing solicitations for multiyear contracts. Four mandatory content requirements under the condition. P_17_103_3_a_2 contains embedded conditional about first-year-only evaluation. HIGH-RISK rule (Impl); verified.","MEDIUM"
"17","17.103-3(b)","P_17_103_3_b","(b) The solicitation must explain how the Government will compare offers for the first year against offers for the entire multiyear period. This applies to both sealed bidding and negotiated acquisitions.","P_17_103_3_b: The solicitation must explain how the Government will compare offers for the first year against offers for the entire multiyear period, applying to both sealed bidding and negotiated acquisitions","P_17_103_3_b","P_14; P_15","Simplification (Simp): Rule 6","PENDING_REVIEW","PASS","PASS","Mandatory solicitation requirement. References sealed bidding (Part 14) and negotiated acquisitions (Part 15) as cross-part dependencies.","HIGH"
"17","17.104","P_17_104","Evaluation and award requirements for multiyear contracts.","P_17_104: Evaluation and award requirements encompass general procedures, cancellation provisions, congressional notification, funding at award, and special DoD/NASA/Coast Guard procedures","P_17_104 = P_17_104_1 ∧ P_17_104_2 ∧ P_17_104_3 ∧ P_17_104_4 ∧ P_17_104_5","P_17_104_1; P_17_104_2; P_17_104_3; P_17_104_4; P_17_104_5","Conjunction (Conj): Rule 7","PENDING_REVIEW","PASS","PASS","Parent proposition aggregating five subsections of evaluation and award requirements.","HIGH"
"17","17.104-1","P_17_104_1","Contracting officers must follow the appropriate acquisition policies and procedures (such as those in parts 14 and 15). In addition, contracting officers must comply with the requirements unique to multiyear contracting in this section, including cancellation procedures, congressional notification, and funding obligations at award.","P_17_104_1_a: Contracting officers must follow the appropriate acquisition policies and procedures (such as those in parts 14 and 15); P_17_104_1_b: Contracting officers must comply with the requirements unique to multiyear contracting in this section, including cancellation procedures, congressional notification, and funding obligations at award","P_17_104_1 = P_17_104_1_a ∧ P_17_104_1_b","P_14; P_15; P_17_104_2; P_17_104_3; P_17_104_4","Conjunction (Conj): Rule 7","PENDING_REVIEW","PASS","PASS","Two mandatory requirements in conjunction. References Parts 14 and 15 for general procedures, and internal sections 17.104-2 through 17.104-4 for multiyear-specific requirements.","HIGH"
"17","17.104-2","P_17_104_2","Cancellation provisions for multiyear contracts, covering procedures for setting and revising cancellation ceilings and dates.","P_17_104_2: Cancellation provisions cover procedures and revisions","P_17_104_2 = P_17_104_2_a ∧ P_17_104_2_b","P_17_104_2_a; P_17_104_2_b","Conjunction (Conj): Rule 7","PENDING_REVIEW","PASS","PASS","Parent proposition for cancellation provisions subsections.","HIGH"
"17","17.104-2(a)","P_17_104_2_a","(a) Cancellation procedures. (1) All program years except the first are subject to cancellation. (2) For each program year subject to cancellation, the contracting officer must- (i) Set a cancellation ceiling; (ii) Not include amounts for requirements from prior program years; and (iii) Lower the cancellation ceiling proportionally as requirements are completed. (3) When calculating cancellation ceilings, the contracting officer must- (i) Estimate reasonable startup costs, learning curve costs, and other nonrecurring costs; and (ii) Not include labor, materials, or other costs related to future program years. (4) Set specific cancellation dates for each program year based on production needs and funding availability. These dates must be in the contract schedule.","P_17_104_2_a_1: All program years except the first are subject to cancellation; P_17_104_2_a_2i: For each program year subject to cancellation, the contracting officer must set a cancellation ceiling; P_17_104_2_a_2ii: For each program year subject to cancellation, the contracting officer must not include amounts for requirements from prior program years; P_17_104_2_a_2iii: For each program year subject to cancellation, the contracting officer must lower the cancellation ceiling proportionally as requirements are completed; P_17_104_2_a_3i: When calculating cancellation ceilings, the contracting officer must estimate reasonable startup costs, learning curve costs, and other nonrecurring costs; P_17_104_2_a_3ii: When calculating cancellation ceilings, the contracting officer must not include labor, materials, or other costs related to future program years; P_17_104_2_a_4: The contracting officer must set specific cancellation dates for each program year based on production needs and funding availability, and these dates must be in the contract schedule","P_17_104_2_a_1 ∧ (ProgramYearSubjectToCancellation ⊃ (P_17_104_2_a_2i ∧ P_17_104_2_a_2ii ∧ P_17_104_2_a_2iii)) ∧ (CalculatingCeilings ⊃ (P_17_104_2_a_3i ∧ P_17_104_2_a_3ii)) ∧ P_17_104_2_a_4","P_17_102","Conjunction (Conj): Rule 7; Material Implication (Impl): Rule 15","PENDING_REVIEW","PASS","PASS","CORRECTED: Multiple conditional requirements. P_17_104_2_a_1: all years except first are cancellable. P_17_104_2_a_2: when program year subject to cancellation ⊃ three requirements. P_17_104_2_a_3: when calculating ceilings ⊃ two requirements. P_17_104_2_a_4: must set cancellation dates. HIGH-RISK rule (Impl); verified.","MEDIUM"
"17","17.104-2(b)","P_17_104_2_b","(b) Revising ceilings or dates. The contracting officer may revise cancellation ceilings or dates after solicitation release when necessary. For sealed bidding, changes must be made by amendment before bid opening. In negotiated acquisitions, discussions may reveal a need for changes before final award.","P_17_104_2_b_1: The contracting officer may revise cancellation ceilings or dates after solicitation release when necessary; P_17_104_2_b_2: For sealed bidding, changes must be made by amendment before bid opening; P_17_104_2_b_3: In negotiated acquisitions, discussions may reveal a need for changes before final award","(NecessaryRevision ⊃ P_17_104_2_b_1) ∧ (SealedBidding ⊃ P_17_104_2_b_2) ∧ (NegotiatedAcquisition ⊃ P_17_104_2_b_3)","P_14; P_15","Material Implication (Impl): Rule 15; Conjunction (Conj): Rule 7","PENDING_REVIEW","PASS","PASS","CORRECTED: Three conditional provisions. Permissive revision when necessary, with method-specific procedures. Sealed bidding requires amendment before bid opening. Negotiated acquisitions allow discussion-driven changes. References Part 14, Part 15. HIGH-RISK rule (Impl); verified.","MEDIUM"
"17","17.104-3","P_17_104_3","(a) Except for DoD, NASA, and the Coast Guard, a multiyear contract with a cancellation ceiling over $20 million may not be awarded until the agency head notifies Congress in writing. (b) For DoD, NASA, and the Coast Guard, when the ceiling is over $200 million, the agency head must notify the House and Senate armed services and appropriations committees in writing. (c) The contract may not be awarded until 31 days after notification.","P_17_104_3_a: Except for DoD, NASA, and the Coast Guard, a multiyear contract with a cancellation ceiling over $20 million may not be awarded until the agency head notifies Congress in writing; P_17_104_3_b: For DoD, NASA, and the Coast Guard, when the cancellation ceiling is over $200 million, the agency head must notify the House and Senate armed services and appropriations committees in writing; P_17_104_3_c: The contract may not be awarded until 31 days after notification","((~DoD_NASA_CG ∧ CeilingOver20M) ⊃ P_17_104_3_a) ∧ ((DoD_NASA_CG ∧ CeilingOver200M) ⊃ P_17_104_3_b) ∧ P_17_104_3_c","None","Material Implication (Impl): Rule 15; Conjunction (Conj): Rule 7","PENDING_REVIEW","PASS","PASS","CORRECTED: Two conditional notification requirements based on agency type and ceiling amount. Non-DoD/NASA/CG: ceiling > $20M ⊃ must notify Congress. DoD/NASA/CG: ceiling > $200M ⊃ must notify armed services/appropriations committees. P_17_104_3_c: 31-day waiting period is unconditional once notification triggers. HIGH-RISK rule (Impl); verified.","MEDIUM"
"17","17.104-4","P_17_104_4","(a) At award, obligated funds must cover either- (1) The full contract period; or (2) The first fiscal year plus any potential cancellation and termination costs. (b) The contract must state the funded amount for the first program year and any amounts for cancellation or termination.","P_17_104_4_a_1: At award, obligated funds cover the full contract period; P_17_104_4_a_2: At award, obligated funds cover the first fiscal year plus any potential cancellation and termination costs; P_17_104_4_b: The contract must state the funded amount for the first program year and any amounts for cancellation or termination","P_17_104_4 = (P_17_104_4_a_1 ∨ P_17_104_4_a_2) ∧ P_17_104_4_b","P_17_102","Conjunction (Conj): Rule 7; Disjunction (Add): Rule 8","PENDING_REVIEW","PASS","PASS","Funding at award has disjunctive funding requirement (full period OR first year plus cancellation costs) conjoined with mandatory contract statement. References cancellation definitions in 17.102.","HIGH"
"17","17.104-5","P_17_104_5","(a) Participation by subcontractors and suppliers. To the extent practicable, structure multiyear contracts to attract and retain a diverse defense industrial base. (b) Protection of existing authority. To the extent practicable, multiyear contracting must not limit an agency's ability to maintain competition or terminate contracts based on performance deficiencies related to cost, quality, or schedule. (c) Property. Multiyear contracts must be- (1) Firm-fixed-price; (2) Fixed-price with economic price adjustment; or (3) Fixed-price incentive. (d) Level unit prices. Where appropriate, the contracting officer should negotiate level unit prices for the items to be delivered in each program year.","P_17_104_5_a: To the extent practicable, structure multiyear contracts to attract and retain a diverse defense industrial base; P_17_104_5_b: To the extent practicable, multiyear contracting must not limit an agency's ability to maintain competition or terminate contracts based on performance deficiencies related to cost, quality, or schedule; P_17_104_5_c: Multiyear contracts must be firm-fixed-price, or fixed-price with economic price adjustment, or fixed-price incentive; P_17_104_5_d: Where appropriate, the contracting officer should negotiate level unit prices for the items to be delivered in each program year","P_17_104_5 = P_17_104_5_a ∧ P_17_104_5_b ∧ P_17_104_5_c ∧ P_17_104_5_d","P_16","Conjunction (Conj): Rule 7; Disjunction (Add): Rule 8 for P_17_104_5_c","PENDING_REVIEW","PASS","PASS","Four conjunctive requirements for DoD/NASA/Coast Guard. P_17_104_5_a and P_17_104_5_d are advisory ('should'/'to the extent practicable'). P_17_104_5_b uses negation ('must not limit'). P_17_104_5_c has tripartite disjunction for contract types. References Part 16 for contract types.","HIGH"
"17","17.105","P_17_105","(a) Termination vs. cancellation. The termination for convenience procedure applies to any Government contract, including multiyear contracts. Termination differs from cancellation in these ways: (1) Timing. Termination can occur anytime during the contract life, while cancellation happens between fiscal years. (2) Quantity. Termination can apply to total or partial quantities, while cancellation must apply to all quantities for future fiscal years. (b) Funding limitations upon termination. If funds are not available to continue a multiyear contract into the next fiscal year, the contract must be canceled or terminated. If the Government terminates the entire contract for convenience, including all cancellable requirements, the Government obligation is no more than: (1) The amount specified as available for contract performance; plus (2) The applicable cancellation ceiling.","P_17_105_a_1: Termination can occur anytime during the contract life, while cancellation happens between fiscal years; P_17_105_a_2: Termination can apply to total or partial quantities, while cancellation must apply to all quantities for future fiscal years; P_17_105_b_cond: Funds are not available to continue a multiyear contract into the next fiscal year; P_17_105_b_result: The contract must be canceled or terminated; P_17_105_b_2: If the Government terminates the entire contract for convenience, including all cancellable requirements, the Government obligation is no more than the amount specified as available for contract performance plus the applicable cancellation ceiling","P_17_105 = P_17_105_a_1 ∧ P_17_105_a_2 ∧ (P_17_105_b_cond ⊃ P_17_105_b_result) ∧ P_17_105_b_2","P_17_102","Conjunction (Conj): Rule 7; Material Implication (Impl): Rule 15","PENDING_REVIEW","PASS","PASS","Distinguishes termination from cancellation with two definitional comparisons and a conditional funding rule. P_17_105_b uses implication: if no funds available, then must cancel or terminate. References 17.102 definitions. HIGH-RISK rule (Material Implication) used; verified.","MEDIUM"
"17","17.106","P_17_106","(a) The contracting officer must insert the clause at 52.217-2, Cancellation Under Multiyear Contracts, in solicitations and contracts when a multiyear contract is contemplated. (b) When the production period may cause an offeror to include a labor or material cost contingency in the contract price, consider using an economic price adjustment clause (see part 16). (c) For service contracts, the contracting officer- (1) Must include the clause at 52.222-43, Fair Labor Standards Act and Service Contract Labor Standards-Price Adjustment (Multiple Year and Option Contracts), when the contract includes the clause at 52.222-41, Service Contract Labor Standards; (2) May modify the clause at 52.222-43 in overseas contracts when laws, regulations, or international agreements require contractors to pay higher wage rates; or (3) May use an economic price adjustment clause authorized by part 16, when price changes require coverage and are not already addressed by the clause at 52.222-43.","P_17_106_a: The contracting officer must insert the clause at 52.217-2, Cancellation Under Multiyear Contracts, in solicitations and contracts when a multiyear contract is contemplated; P_17_106_b: When the production period may cause an offeror to include a labor or material cost contingency in the contract price, consider using an economic price adjustment clause (see part 16); P_17_106_c_1: For service contracts, the contracting officer must include the clause at 52.222-43 when the contract includes the clause at 52.222-41; P_17_106_c_2: The contracting officer may modify the clause at 52.222-43 in overseas contracts when laws, regulations, or international agreements require contractors to pay higher wage rates; P_17_106_c_3: The contracting officer may use an economic price adjustment clause authorized by part 16, when price changes require coverage and are not already addressed by the clause at 52.222-43","(MultiyearContemplated ⊃ P_17_106_a) ∧ (ProductionPeriodRisk ⊃ P_17_106_b) ∧ (ServiceContract ⊃ (P_17_106_c_1 ∧ (P_17_106_c_2 ∨ P_17_106_c_3)))","P_52_217_2; P_52_222_43; P_52_222_41; P_16","Material Implication (Impl): Rule 15; Conjunction (Conj): Rule 7; Disjunction (Add): Rule 8","PENDING_REVIEW","PASS","PASS","CORRECTED: Three conditional clause insertion requirements. P_17_106_a: multiyear contemplated ⊃ insert 52.217-2. P_17_106_b: production period risk ⊃ consider EPA clause. P_17_106_c: service contract ⊃ clause requirements with alternatives. Cross-references 52.217-2, 52.222-41, 52.222-43, Part 16. Source text has apparent editorial artifact ""in not already addressed"" corrected to ""are not already addressed"" in source.","MEDIUM"
"17","17.200","P_17_200","This subpart prescribes policies and procedures for the use of options in contracts. (a) Except as provided in agency regulations, this subpart does not apply to contracts for- (1) Construction, alteration, or repair (including dredging, excavating, and painting) of buildings, bridges, roads, or other real property; (2) Architect-engineer services; or (3) Research and development services. (b) Agencies may still use options in these contracts according to their own regulations.","P_17_200_a: This subpart prescribes policies and procedures for the use of options in contracts; P_17_200_b: Except as provided in agency regulations, this subpart does not apply to contracts for construction, alteration, or repair of buildings, bridges, roads, or other real property; P_17_200_c: Except as provided in agency regulations, this subpart does not apply to contracts for architect-engineer services; P_17_200_d: Except as provided in agency regulations, this subpart does not apply to contracts for research and development services; P_17_200_e: Agencies may still use options in these contracts according to their own regulations","P_17_200 = P_17_200_a ∧ (~P_17_200_b ∧ ~P_17_200_c ∧ ~P_17_200_d) ∧ P_17_200_e","None","Conjunction (Conj): Rule 7; De Morgan's Rule (DM): Rule 9","PENDING_REVIEW","PASS","PASS","Scope with three exclusions (negations) and a permissive override for agency regulations. HIGH-RISK rule (De Morgan's) used for exclusion structure; verified each negation. The exclusions carve out three contract types from subpart applicability.","MEDIUM"
"17","17.201","P_17_201","Presolicitation requirements for options, covering use of options and contract requirements.","P_17_201: Presolicitation covers use of options and contract requirements","P_17_201 = P_17_201_1 ∧ P_17_201_2","P_17_201_1; P_17_201_2","Conjunction (Conj): Rule 7","PENDING_REVIEW","PASS","PASS","Parent proposition for 17.201 subsections.","HIGH"
"17","17.201-1(a)","P_17_201_1_a","(a) In contracting by sealed bidding or negotiation, the contracting officer may add options to contracts when beneficial to the Government, within the limitations in paragraphs (b) and (c). For sealed bidding, before including the provision at 52.217-5, Evaluation of Options, the contracting officer must document in writing that there is a probability that the Government will exercise the options.","P_17_201_1_a_1: In contracting by sealed bidding or negotiation, the contracting officer may add options to contracts when beneficial to the Government; P_17_201_1_a_2: For sealed bidding, before including the provision at 52.217-5, the contracting officer must document in writing that there is a probability that the Government will exercise the options","(BeneficialToGovernment ⊃ P_17_201_1_a_1) ∧ (SealedBidding ⊃ P_17_201_1_a_2)","P_52_217_5; P_17_201_1_b; P_17_201_1_c","Material Implication (Impl): Rule 15; Conjunction (Conj): Rule 7","PENDING_REVIEW","PASS","PASS","CORRECTED: Two conditional statements. General permissive: when beneficial ⊃ may add options. Sealed bidding specific: must document probability of exercise before including 52.217-5. References 52.217-5 and limitations in paragraphs (b) and (c). HIGH-RISK rule (Impl); verified.","MEDIUM"
"17","17.201-1(b)","P_17_201_1_b","(b) Inclusion of an option is normally not beneficial to the Government when the contracting officer determines that: (1) The Government's needs involve- (i) Minimum economic quantities (enough volume to permit the recovery of startup costs and the production of supplies at reasonable prices); and (ii) Delivery needs far enough in the future to allow for a new competitive contract. (2) An indefinite quantity or requirements contract better meets the government's needs. However, these contract types may still include options if appropriate.","P_17_201_1_b_1: Inclusion of an option is normally not beneficial when the Government's needs involve minimum economic quantities and delivery needs far enough in the future to allow for a new competitive contract; P_17_201_1_b_2: Inclusion of an option is normally not beneficial when an indefinite quantity or requirements contract better meets the government's needs; P_17_201_1_b_3: However, indefinite quantity or requirements contract types may still include options if appropriate","(P_17_201_1_b_1 ∨ P_17_201_1_b_2) ⊃ ~P_17_201_1_a_1; P_17_201_1_b_3","P_17_201_1_a","Material Implication (Impl): Rule 15; Disjunction (Add): Rule 8","PENDING_REVIEW","PASS","PASS","Guidance on when options are not beneficial. Two conditions (disjunctive) lead to implication that options are not beneficial. P_17_201_1_b_3 provides exception to P_17_201_1_b_2. 'Normally' indicates advisory, not absolute. HIGH-RISK rule (Material Implication) used; verified.","MEDIUM"
"17","17.201-1(c)","P_17_201_1_c","(c) The contracting officer must not use options when- (1) Price or availability of necessary material or labor is not reasonably foreseeable, introducing significant risk into option pricing; or (2) Market prices for the supplies or services are likely to change significantly.","P_17_201_1_c_1: The contracting officer must not use options when price or availability of necessary material or labor is not reasonably foreseeable, introducing significant risk into option pricing; P_17_201_1_c_2: The contracting officer must not use options when market prices for the supplies or services are likely to change significantly","(P_17_201_1_c_1 ∨ P_17_201_1_c_2) ⊃ ~OptionsUsed","None","Material Implication (Impl): Rule 15; Disjunction (Add): Rule 8","PENDING_REVIEW","PASS","PASS","Prohibitory rule: either condition triggers prohibition on options. Uses disjunctive antecedent with negated consequent. 'Must not' is mandatory prohibition. HIGH-RISK rule (Material Implication) used; verified.","MEDIUM"
"17","17.201-1","P_17_201_1","Use of options in contracts, covering permissive authority, limitations, and prohibitions.","P_17_201_1: Use of options covers authority, limitations, and prohibitions","P_17_201_1 = P_17_201_1_a ∧ P_17_201_1_b ∧ P_17_201_1_c","P_17_201_1_a; P_17_201_1_b; P_17_201_1_c","Conjunction (Conj): Rule 7","PENDING_REVIEW","PASS","PASS","Parent proposition for 17.201-1.","HIGH"
"17","17.201-2","P_17_201_2","(a) The contract must clearly state limits on- (1) The additional supplies or services the Government may purchase including the number, type, frequency or duration; or (2) The contract duration, including any extensions. (b) The contracting officer must- (1) Specify in the contract the period within which the option may be exercised, allowing adequate lead time for the contractor to ensure continuous production; and (2) Follow any statutory limits on contract duration (for example, under the Service Contract Labor Standards statute-see part 22).","P_17_201_2_a: The contract must clearly state limits on the additional supplies or services the Government may purchase or the contract duration, including any extensions; P_17_201_2_b_1: The contracting officer must specify in the contract the period within which the option may be exercised, allowing adequate lead time for the contractor to ensure continuous production; P_17_201_2_b_2: The contracting officer must follow any statutory limits on contract duration","P_17_201_2 = P_17_201_2_a ∧ P_17_201_2_b_1 ∧ P_17_201_2_b_2","P_22","Conjunction (Conj): Rule 7","PENDING_REVIEW","PASS","PASS","Three mandatory contract requirements. P_17_201_2_a has internal disjunction (supplies/services limits OR duration limits). References Part 22 for Service Contract Labor Standards.","HIGH"
"17","17.202","P_17_202","(a) Prior to awarding the basic contract, the contracting officer must evaluate offers for option quantities or periods included in the solicitation. (b)(1) The contracting officer may skip the evaluation of option quantities when such evaluation would not benefit the Government. This exception should be reserved for rare instances. (2) This decision must be- (i) In writing; (ii) Approved at least one level above the contracting officer; and (iii) Included in the contract file.","P_17_202_a: Prior to awarding the basic contract, the contracting officer must evaluate offers for option quantities or periods included in the solicitation; P_17_202_b_cond: The contracting officer determines evaluation of option quantities would not benefit the Government; P_17_202_b_result: The contracting officer may skip the evaluation of option quantities; P_17_202_b_2i: The decision to skip evaluation must be in writing; P_17_202_b_2ii: The decision must be approved at least one level above the contracting officer; P_17_202_b_2iii: The decision must be included in the contract file","P_17_202 = P_17_202_a ∧ (P_17_202_b_cond ⊃ (P_17_202_b_result ∧ P_17_202_b_2i ∧ P_17_202_b_2ii ∧ P_17_202_b_2iii))","None","Conjunction (Conj): Rule 7; Material Implication (Impl): Rule 15","PENDING_REVIEW","PASS","PASS","Mandatory evaluation requirement with conditional exception. Exception requires three documentation requirements. 'Should be reserved for rare instances' is advisory. HIGH-RISK rule used; verified.","MEDIUM"
"17","17.203","P_17_203","Solicitation provisions and contract clauses for options.","P_17_203: Solicitation provisions and contract clauses for options","P_17_203 = P_17_203_a ∧ P_17_203_b ∧ P_17_203_c ∧ P_17_203_d ∧ P_17_203_e ∧ P_17_203_f ∧ P_17_203_g","P_17_203_a; P_17_203_b; P_17_203_c; P_17_203_d; P_17_203_e; P_17_203_f; P_17_203_g","Conjunction (Conj): Rule 7","PENDING_REVIEW","PASS","PASS","Parent proposition for seven clause insertion requirements (paragraphs a through g).","HIGH"
"17","17.203(a)","P_17_203_a","(a) Insert a provision substantially the same as the provision at 52.217-3, Evaluation Exclusive of Options, in solicitations when the solicitation includes an option clause but does not include the provision described in either paragraph (b) or (c) of this section.","P_17_203_a_cond: The solicitation includes an option clause but does not include the provision described in paragraph (b) or (c); P_17_203_a_result: Insert a provision substantially the same as the provision at 52.217-3, Evaluation Exclusive of Options","P_17_203_a_cond ⊃ P_17_203_a_result","P_52_217_3; P_17_203_b; P_17_203_c","Material Implication (Impl): Rule 15","PENDING_REVIEW","PASS","PASS","Conditional clause insertion: option clause present AND neither (b) nor (c) provision triggers 52.217-3 insertion. HIGH-RISK rule used; verified.","MEDIUM"
"17","17.203(b)","P_17_203_b","(b) Insert a provision substantially the same as the provision at 52.217-4, Evaluation of Options Exercised at Time of Contract Award, in solicitations when- (1) The solicitation includes an option clause; and (2) The contracting officer determines there is a reasonable likelihood of option exercised when the contract is awarded.","P_17_203_b_1: The solicitation includes an option clause; P_17_203_b_2: The contracting officer determines there is a reasonable likelihood of option exercised when the contract is awarded; P_17_203_b_result: Insert a provision substantially the same as the provision at 52.217-4, Evaluation of Options Exercised at Time of Contract Award","(P_17_203_b_1 ∧ P_17_203_b_2) ⊃ P_17_203_b_result","P_52_217_4","Material Implication (Impl): Rule 15; Conjunction (Conj): Rule 7","PENDING_REVIEW","PASS","PASS","Conditional clause insertion with two conjunctive conditions. HIGH-RISK rule used; verified.","MEDIUM"
"17","17.203(c)","P_17_203_c","(c) Insert a provision substantially the same as the provision at 52.217-5, Evaluation of Options, in solicitations when- (1) The solicitation includes an option clause; and (2) The contracting officer determines there is a reasonable likelihood of exercise, and the option will not be exercised at the time of contract award.","P_17_203_c_1: The solicitation includes an option clause; P_17_203_c_2: The contracting officer determines there is a reasonable likelihood of exercise and the option will not be exercised at the time of contract award; P_17_203_c_result: Insert a provision substantially the same as the provision at 52.217-5, Evaluation of Options","(P_17_203_c_1 ∧ P_17_203_c_2) ⊃ P_17_203_c_result","P_52_217_5","Material Implication (Impl): Rule 15; Conjunction (Conj): Rule 7","PENDING_REVIEW","PASS","PASS","Conditional clause insertion. Differs from (b) in that option will NOT be exercised at award time. HIGH-RISK rule used; verified.","MEDIUM"
"17","17.203(d)","P_17_203_d","(d) Insert a provision substantially the same as the clause at 52.217-6, Option for Increased Quantity, in solicitations and contracts, except those for services, when adding an option is appropriate (see 17.201), and the option quantity appears as a percentage of the basic contract quantity or as additional quantities of a specific line item.","P_17_203_d_cond1: Adding an option is appropriate per 17.201; P_17_203_d_cond2: The option quantity appears as a percentage of the basic contract quantity or as additional quantities of a specific line item; P_17_203_d_cond3: The contract is not for services; P_17_203_d_result: Insert a provision substantially the same as the clause at 52.217-6, Option for Increased Quantity","(P_17_203_d_cond1 ∧ P_17_203_d_cond2 ∧ P_17_203_d_cond3) ⊃ P_17_203_d_result","P_52_217_6; P_17_201","Material Implication (Impl): Rule 15; Conjunction (Conj): Rule 7","PENDING_REVIEW","PASS","PASS","Conditional clause insertion with three conditions including exclusion for services. References 17.201 and 52.217-6. HIGH-RISK rule used; verified.","MEDIUM"
"17","17.203(e)","P_17_203_e","(e) Insert a provision substantially the same as the clause at 52.217-7, Option for Increased Quantity-Separately Priced Line Item, in solicitations and contracts, except those for services, when adding an option is appropriate (see 17.201), and the option quantity appears as a separate line item with the same name as a corresponding basic line item.","P_17_203_e_cond1: Adding an option is appropriate per 17.201; P_17_203_e_cond2: The option quantity appears as a separate line item with the same name as a corresponding basic line item; P_17_203_e_cond3: The contract is not for services; P_17_203_e_result: Insert a provision substantially the same as the clause at 52.217-7, Option for Increased Quantity-Separately Priced Line Item","(P_17_203_e_cond1 ∧ P_17_203_e_cond2 ∧ P_17_203_e_cond3) ⊃ P_17_203_e_result","P_52_217_7; P_17_201","Material Implication (Impl): Rule 15; Conjunction (Conj): Rule 7","PENDING_REVIEW","PASS","PASS","Conditional clause insertion. Parallel to (d) but for separately priced line items. References 17.201 and 52.217-7. HIGH-RISK rule used; verified.","MEDIUM"
"17","17.203(f)","P_17_203_f","(f) Insert a provision substantially the same as the clause at 52.217-8, Options to Extend Services, in solicitations and contracts for services when adding an option is appropriate. (See 17.201 and part 37).","P_17_203_f_cond: The contract is for services and adding an option is appropriate per 17.201; P_17_203_f_result: Insert a provision substantially the same as the clause at 52.217-8, Options to Extend Services","P_17_203_f_cond ⊃ P_17_203_f_result","P_52_217_8; P_17_201; P_37","Material Implication (Impl): Rule 15","PENDING_REVIEW","PASS","PASS","Conditional clause insertion for service contracts. References 17.201, 52.217-8, and Part 37. HIGH-RISK rule used; verified.","MEDIUM"
"17","17.203(g)","P_17_203_g","(g) Insert a provision substantially the same as the clause at 52.217-9, Option to Extend the Term of the Contract, in solicitations and contracts when adding an option is appropriate (see 17.201) and the contract needs to include any of these elements: (1) A requirement for the Government to give the contractor advance written notice of intent to extend; (2) A statement that an extension of the contract also extends the option; or (3) A specific limit on the total contract duration.","P_17_203_g_cond1: Adding an option is appropriate per 17.201; P_17_203_g_cond2: The contract needs to include a requirement for advance written notice of intent to extend, or a statement that an extension also extends the option, or a specific limit on the total contract duration; P_17_203_g_result: Insert a provision substantially the same as the clause at 52.217-9, Option to Extend the Term of the Contract","(P_17_203_g_cond1 ∧ P_17_203_g_cond2) ⊃ P_17_203_g_result","P_52_217_9; P_17_201","Material Implication (Impl): Rule 15; Conjunction (Conj): Rule 7; Disjunction (Add): Rule 8","PENDING_REVIEW","PASS","PASS","Conditional clause insertion with tripartite disjunction in second condition (any of three elements). References 17.201 and 52.217-9. HIGH-RISK rule used; verified.","MEDIUM"
"17","17.204","P_17_204","Postaward requirements for options.","P_17_204: Postaward requirements for options","P_17_204 = P_17_204_1","P_17_204_1","Simplification (Simp): Rule 6","PENDING_REVIEW","PASS","PASS","Parent proposition for 17.204 with single subsection.","HIGH"
"17","17.204-1","P_17_204_1","(a) If the contract includes an economic price adjustment clause and the contractor requests a price revision, the contracting officer must determine how the adjustment affects option prices before exercising the option. (b) The contracting officer may exercise options only after- (1) Providing written notice to the contractor of the Government's intention to exercise the option, within the time specified in the contract; (2) Confirming that funds are available; and (3) Determining that- (i) The option fulfills an existing Government requirement; (ii) The option was synopsized as required, unless exempt (see part 5); (iii) The Contractor does not have an active exclusion record in the System for Award Management (see part 9); (iv) The contractor's performance on the current contract has been acceptable (for example, satisfactory or better performance ratings); (v) After reviewing price and other factors, the option price is fair and reasonable based on current market conditions and exercise of the option is in the Government's best interest; and (vi) The option exercise complies with the requirements of part 6 for full and open competition, i.e., the option was evaluated as part of the initial competition and is exercisable at an amount specified in or reasonably determinable from the terms of the contract.","P_17_204_1_a_cond: The contract includes an economic price adjustment clause and the contractor requests a price revision; P_17_204_1_a_result: The contracting officer must determine how the adjustment affects option prices before exercising the option; P_17_204_1_b_1: The contracting officer provides written notice to the contractor of the Government's intention to exercise the option, within the time specified in the contract; P_17_204_1_b_2: Funds are confirmed available; P_17_204_1_b_3i: The option fulfills an existing Government requirement; P_17_204_1_b_3ii: The option was synopsized as required, unless exempt (see part 5); P_17_204_1_b_3iii: The Contractor does not have an active exclusion record in the System for Award Management (see part 9); P_17_204_1_b_3iv: The contractor's performance on the current contract has been acceptable; P_17_204_1_b_3v: After reviewing price and other factors, the option price is fair and reasonable based on current market conditions and exercise of the option is in the Government's best interest; P_17_204_1_b_3vi: The option exercise complies with the requirements of part 6 for full and open competition","P_17_204_1 = (P_17_204_1_a_cond ⊃ P_17_204_1_a_result) ∧ ((P_17_204_1_b_1 ∧ P_17_204_1_b_2 ∧ P_17_204_1_b_3i ∧ P_17_204_1_b_3ii ∧ P_17_204_1_b_3iii ∧ P_17_204_1_b_3iv ∧ P_17_204_1_b_3v ∧ P_17_204_1_b_3vi) ⊃ OptionExercised)","P_5; P_6; P_9; P_16","Material Implication (Impl): Rule 15; Conjunction (Conj): Rule 7","PENDING_REVIEW","PASS","PASS","Complex section with conditional price adjustment requirement and eight conjunctive prerequisites for option exercise. Cross-references Parts 5 (synopsis), 6 (competition), 9 (SAM exclusions), and 16 (economic price adjustment). P_17_204_1_b_3ii has internal exception ('unless exempt'). P_17_204_1_b_3vi restates full and open competition requirement. HIGH-RISK rule (Material Implication) used twice; verified both.","MEDIUM"
"17","17.401","P_17_401","Leader company contracting is an extraordinary acquisition technique, limited to special circumstances, and may only be used in accordance with agency procedures. Under this technique, a developer or sole producer of a product or system is designated as the leader company. The leader company is responsible for furnishing assistance and proprietary know-how under an approved contract to one or more designated follower companies. The purpose is to enable those follower companies to qualify as sources of supply for the product or system, thereby expanding the industrial base and promoting competition.","P_17_401_a: Leader company contracting is an extraordinary acquisition technique, limited to special circumstances; P_17_401_b: Leader company contracting may only be used in accordance with agency procedures; P_17_401_c: A developer or sole producer of a product or system is designated as the leader company; P_17_401_d: The leader company is responsible for furnishing assistance and proprietary know-how under an approved contract to one or more designated follower companies; P_17_401_e: The purpose is to enable those follower companies to qualify as sources of supply for the product or system, thereby expanding the industrial base and promoting competition","P_17_401 = P_17_401_a ∧ P_17_401_b ∧ P_17_401_c ∧ P_17_401_d ∧ P_17_401_e","None","Conjunction (Conj): Rule 7","PENDING_REVIEW","PASS","PASS","Policy statement defining leader company contracting. P_17_401_b restricts usage to agency procedures. Five conjunctive components describe the technique, its constraints, and purpose.","HIGH"
"17","17.500","P_17_500","(a) This subpart prescribes policies and procedures for all interagency acquisitions under any authority, except as provided in paragraph (c) of this section. When nondefense agencies acquire supplies or services on behalf of the Department of Defense, the requirements in subpart 17.7 also apply. (b) This subpart applies to interagency acquisitions as defined in 2.101, when an agency: (1) Requires supplies or services and uses another agency's contract; or (2) Requests another agency to provide acquisition assistance, including but not limited to awarding or administering a contract, task order, or delivery order. (c) This subpart does not apply to- (1) Reimbursable work performed by one agency's employees for another agency (except acquisition assistance), or interagency activities where contracting is not the primary purpose; or (2) Orders at or below $750,000 issued against Federal Supply Schedules.","P_17_500_a: This subpart prescribes policies and procedures for all interagency acquisitions under any authority, except as provided in paragraph (c); P_17_500_a_2: When nondefense agencies acquire supplies or services on behalf of DoD, the requirements in subpart 17.7 also apply; P_17_500_b_1: This subpart applies when an agency requires supplies or services and uses another agency's contract; P_17_500_b_2: This subpart applies when an agency requests another agency to provide acquisition assistance; P_17_500_c_1: This subpart does not apply to reimbursable work performed by one agency's employees for another agency (except acquisition assistance), or interagency activities where contracting is not the primary purpose; P_17_500_c_2: This subpart does not apply to orders at or below $750,000 issued against Federal Supply Schedules","P_17_500 = P_17_500_a ∧ P_17_500_a_2 ∧ (P_17_500_b_1 ∨ P_17_500_b_2) ∧ ~P_17_500_c_1 ∧ ~P_17_500_c_2","P_2_101; P_17_700; P_8","Conjunction (Conj): Rule 7; Disjunction (Add): Rule 8; De Morgan's Rule (DM): Rule 9","PENDING_REVIEW","PASS","PASS","Scope section with applicability conditions and two exclusions. References 2.101 (definitions), subpart 17.7 (DoD interagency), and Part 8 (FSS). $750,000 threshold for FSS exclusion. HIGH-RISK rule (De Morgan's) used for exclusions; verified.","MEDIUM"
"17","17.501","P_17_501","(a) Interagency acquisitions are usually conducted through indefinite-delivery contracts. (b) An interagency acquisition must not be used to circumvent statutory or regulatory restrictions on the obligation or use of funds. (c) An interagency acquisition must not conflict with another agency's statutory authority or responsibility. For example, the Administrator of General Services has authority under 40 U.S.C. ""Public Buildings, Property, and Works"" and 41 U.S.C. division C of subtitle I (""Procurement"").","P_17_501_a: Interagency acquisitions are usually conducted through indefinite-delivery contracts; P_17_501_b: An interagency acquisition must not be used to circumvent statutory or regulatory restrictions on the obligation or use of funds; P_17_501_c: An interagency acquisition must not conflict with another agency's statutory authority or responsibility","P_17_501 = P_17_501_a ∧ P_17_501_b ∧ P_17_501_c","None","Conjunction (Conj): Rule 7","PENDING_REVIEW","PASS","PASS","Three general rules. P_17_501_a is descriptive ('usually'). P_17_501_b and P_17_501_c are prohibitions ('must not'). External statutory references (40 U.S.C.; 41 U.S.C.) not formalized.","HIGH"
"17","17.502","P_17_502","Procedures for interagency acquisitions.","P_17_502: Procedures for interagency acquisitions","P_17_502 = P_17_502_1 ∧ P_17_502_2","P_17_502_1; P_17_502_2","Conjunction (Conj): Rule 7","PENDING_REVIEW","PASS","PASS","Parent proposition for interagency acquisition procedures.","HIGH"
"17","17.502-1","P_17_502_1","General procedures for interagency acquisitions, covering assisted acquisitions, direct acquisitions, and business-case analysis.","P_17_502_1: General procedures cover assisted acquisitions, direct acquisitions, and business-case analysis","P_17_502_1 = P_17_502_1_a ∧ P_17_502_1_b","P_17_502_1_a; P_17_502_1_b","Conjunction (Conj): Rule 7","PENDING_REVIEW","PASS","PASS","Parent for 17.502-1 subsections.","HIGH"
"17","17.502-1(a)","P_17_502_1_a","(a) Written agreement on responsibility for management and administration. (1) Assisted acquisitions. (i) Before issuing a solicitation, both the servicing agency and requesting agency must sign a written interagency agreement that establishes the basic terms and conditions governing the relationship, which must include- (A) The roles and responsibilities for acquisition planning; (B) Contract execution; and (C) Administration and management of the contract(s) or order(s). (ii) The requesting agency must- (A) Provide the servicing agency for incorporation into the order or contract, any unique requesting agency terms, conditions and applicable agency-specific statutes, regulations, directives, and other applicable requirements, or (B) Inform the servicing agency contracting officer in writing that there are no special requirements beyond the FAR. (iii) For assisted acquisitions for the Department of Defense, also see subpart 17.6. (iv) Agencies should follow applicable Office of Federal Procurement Policy guidance on Interagency Acquisitions when creating these agreements. (v) Both agencies must keep the signed agreement in their files along with sufficient documentation to permit a proper audit. (2) Direct acquisitions. When the requesting agency administers the order itself, no written agreement with the servicing agency is required.","P_17_502_1_a_1i: Before issuing a solicitation, both the servicing agency and requesting agency must sign a written interagency agreement establishing basic terms and conditions; P_17_502_1_a_1i_A: The agreement must include roles and responsibilities for acquisition planning; P_17_502_1_a_1i_B: The agreement must include contract execution; P_17_502_1_a_1i_C: The agreement must include administration and management of the contract(s) or order(s); P_17_502_1_a_1ii_A: The requesting agency must provide unique terms, conditions and applicable agency-specific requirements; P_17_502_1_a_1ii_B: Or inform the servicing agency contracting officer in writing that there are no special requirements beyond the FAR; P_17_502_1_a_1iii: For assisted acquisitions for DoD, also see subpart 17.6; P_17_502_1_a_1iv: Agencies should follow applicable OFPP guidance on Interagency Acquisitions; P_17_502_1_a_1v: Both agencies must keep the signed agreement in their files with sufficient documentation for proper audit; P_17_502_1_a_2: For direct acquisitions, when the requesting agency administers the order itself, no written agreement with the servicing agency is required","(AssistedAcquisition ⊃ (P_17_502_1_a_1i ∧ P_17_502_1_a_1i_A ∧ P_17_502_1_a_1i_B ∧ P_17_502_1_a_1i_C ∧ (P_17_502_1_a_1ii_A ∨ P_17_502_1_a_1ii_B) ∧ P_17_502_1_a_1iii ∧ P_17_502_1_a_1iv ∧ P_17_502_1_a_1v)) ∧ (DirectAcquisition ⊃ P_17_502_1_a_2)","P_17_600","Material Implication (Impl): Rule 15; Conjunction (Conj): Rule 7; Disjunction (Add): Rule 8","PENDING_REVIEW","PASS","PASS","CORRECTED: Two conditional branches. Assisted acquisitions ⊃ multiple mandatory agreement requirements. Direct acquisitions ⊃ no written agreement required (exemption). P_17_502_1_a_1ii has disjunction (provide unique terms OR inform no special requirements). P_17_502_1_a_1iv is advisory (should). References Subpart 17.6 for DoD. HIGH-RISK rule (Impl); verified.","MEDIUM"
"17","17.502-1(b)","P_17_502_1_b","(b) Business-case analysis requirements for establishing a multi-agency contract or governmentwide acquisition contract. In accordance with section 865 of Public Law 110-417, the agency business case must address how the contract will be administered, analyze all direct and indirect costs of awarding and administering the contract, and describe the impact the contract will have on the Government's ability to leverage its purchasing power. For example, the analysis should address whether the new contract could dilute the effectiveness of existing contracts. For additional requirements see OMB Memorandum M-19-13.","P_17_502_1_b_1: The agency business case must address how the contract will be administered; P_17_502_1_b_2: The agency business case must analyze all direct and indirect costs of awarding and administering the contract; P_17_502_1_b_3: The agency business case must describe the impact on the Government's ability to leverage its purchasing power","P_17_502_1_b = P_17_502_1_b_1 ∧ P_17_502_1_b_2 ∧ P_17_502_1_b_3","None","Conjunction (Conj): Rule 7","PENDING_REVIEW","PASS","PASS","Three mandatory elements of business-case analysis. References Public Law 110-417 section 865 and OMB Memorandum M-19-13 (external, not formalized).","HIGH"
"17","17.502-2","P_17_502_2","The Economy Act requirements for interagency acquisitions.","P_17_502_2: Economy Act requirements cover authority, D&F requirements, and payment procedures","P_17_502_2 = P_17_502_2_a ∧ P_17_502_2_b ∧ P_17_502_2_c","P_17_502_2_a; P_17_502_2_b; P_17_502_2_c","Conjunction (Conj): Rule 7","PENDING_REVIEW","PASS","PASS","Parent for Economy Act subsections.","HIGH"
"17","17.502-2(a)","P_17_502_2_a","(a) The Economy Act (31 U.S.C. 1535)- (1) Authorizes agencies to enter into agreements to obtain supplies or services from other agencies. The FAR applies when one agency uses another agency's contract. If the transaction between agencies does not result in a contract or order, the FAR does not apply; (2) Allows orders between major organizational units within the same agency. Agencies should address the procedures for these intra-agency transactions in agency regulations; and (3) Applies when more specific statutory authority does not exist, such as 40 U.S.C. 501 for Federal Supply Schedules (see part 8) or 40 U.S.C. 11302(e) for Governmentwide acquisition contracts (GWACs).","P_17_502_2_a_1: The Economy Act authorizes agencies to enter into agreements to obtain supplies or services from other agencies; P_17_502_2_a_1b: The FAR applies when one agency uses another agency's contract; P_17_502_2_a_1c: If the transaction between agencies does not result in a contract or order, the FAR does not apply; P_17_502_2_a_2: The Economy Act allows orders between major organizational units within the same agency; P_17_502_2_a_3: The Economy Act applies when more specific statutory authority does not exist","P_17_502_2_a_1 ∧ (UsesAnotherAgencyContract ⊃ P_17_502_2_a_1b) ∧ (~ContractOrOrder ⊃ ~P_17_502_2_a_1b) ∧ P_17_502_2_a_2 ∧ (~MoreSpecificAuthority ⊃ P_17_502_2_a_3)","P_8","Conjunction (Conj): Rule 7; Material Implication (Impl): Rule 15","PENDING_REVIEW","PASS","PASS","CORRECTED: Three embedded conditionals. P_17_502_2_a_1b: uses another agency contract ⊃ FAR applies. P_17_502_2_a_1c: no contract/order ⊃ FAR does not apply (contrapositive of 1b). P_17_502_2_a_3: no more specific authority ⊃ Economy Act applies. References 31 U.S.C. 1535, 40 U.S.C. 501, 40 U.S.C. 11302(e), Part 8. HIGH-RISK rule (Impl); verified.","MEDIUM"
"17","17.502-2(b)","P_17_502_2_b","(b) Each Economy Act order must be supported by a determination and findings (D&F) that must: (1) State that the inter-agency acquisition is in the best interest of the Government; (2) State that the supplies or services cannot be obtained as conveniently or cheaply by contracting directly with a private source; and (3) State which one (or more) of these conditions is true: (i) The servicing agency has an existing contract that was created before this order and meets the same needs. (ii) The servicing agency has expertise or abilities to enter a contract that is not available within the requesting agency. (4) The D&F must be approved by a contracting officer from the requesting agency with authority to contract for these supplies or services. Alternatively, an official designated by the agency head may approve it. If the servicing agency is not subject to the FAR, approval may not be delegated below the senior procurement executive of the requesting agency. (5) The requesting agency must send a copy of the D&F to the servicing agency with their order request.","P_17_502_2_b_1: The D&F must state that the inter-agency acquisition is in the best interest of the Government; P_17_502_2_b_2: The D&F must state that the supplies or services cannot be obtained as conveniently or cheaply by contracting directly with a private source; P_17_502_2_b_3: The D&F must state which one or more of these conditions is true: the servicing agency has an existing contract meeting the same needs, or the servicing agency has expertise or abilities not available within the requesting agency; P_17_502_2_b_4: The D&F must be approved by a contracting officer from the requesting agency or an official designated by the agency head; P_17_502_2_b_4b: If the servicing agency is not subject to the FAR, approval may not be delegated below the senior procurement executive of the requesting agency; P_17_502_2_b_5: The requesting agency must send a copy of the D&F to the servicing agency with their order request","P_17_502_2_b = P_17_502_2_b_1 ∧ P_17_502_2_b_2 ∧ P_17_502_2_b_3 ∧ P_17_502_2_b_4 ∧ P_17_502_2_b_4b ∧ P_17_502_2_b_5","None","Conjunction (Conj): Rule 7; Disjunction (Add): Rule 8; Material Implication (Impl): Rule 15","PENDING_REVIEW","PASS","PASS","Five mandatory D&F requirements plus conditional delegation restriction. P_17_502_2_b_3 has internal disjunction (existing contract OR expertise). P_17_502_2_b_4 has disjunction (CO approval OR designated official). P_17_502_2_b_4b is conditional (non-FAR servicing agency ⊃ no delegation below SPE). HIGH-RISK rule used; verified.","MEDIUM"
"17","17.502-2(c)","P_17_502_2_c","(c) Payment. (1) The servicing agency may request advance payment for estimated costs in writing. Adjustments based on actual costs must be made as agreed to by the agencies. (2) If the servicing agency approves, the requesting agency may pay actual costs after receiving the supplies or services. (3) Bills rendered or advance payment requests must not be subject to audit or certification in advance of payment. (4) The servicing agency must not charge, and the requesting agency must not pay, any fee exceeding the actual cost (or estimated cost if actual cost is unknown) of entering into and administering the contract or agreement under which the order is filled.","P_17_502_2_c_1: The servicing agency may request advance payment for estimated costs in writing, with adjustments based on actual costs as agreed by the agencies; P_17_502_2_c_2: If the servicing agency approves, the requesting agency may pay actual costs after receiving the supplies or services; P_17_502_2_c_3: Bills rendered or advance payment requests must not be subject to audit or certification in advance of payment; P_17_502_2_c_4: The servicing agency must not charge, and the requesting agency must not pay, any fee exceeding the actual cost (or estimated cost if actual cost is unknown) of entering into and administering the contract or agreement","P_17_502_2_c_1 ∧ (ServicingAgencyApproves ⊃ P_17_502_2_c_2) ∧ P_17_502_2_c_3 ∧ P_17_502_2_c_4","None","Conjunction (Conj): Rule 7; Material Implication (Impl): Rule 15","PENDING_REVIEW","PASS","PASS","CORRECTED: P_17_502_2_c_2 is conditional: if servicing agency approves ⊃ requesting agency may pay actual costs. P_17_502_2_c_1 is permissive. P_17_502_2_c_3 and c_4 are prohibitions (must not). HIGH-RISK rule (Impl); verified.","MEDIUM"
"17","17.503","P_17_503","(a) Before placing an order for supplies or services with another Government agency, the requesting agency must follow the procedures in 17.502-1 and, if under the Economy Act, 17.502-2. (b) The order may be placed on any form or document that both agencies accept. The order should include- (1) A description of the supplies or services required; (2) Delivery requirements; (3) A funds citation; (4) A payment provision (see 17.502-2(c) for Economy Act orders); and (5) Acquisition authority as appropriate (see 17.503(d)). (c) The requesting and servicing agencies should agree to procedures for resolving disagreements that may arise under interagency acquisitions. When appropriate, this may include using a third-party forum. If a third party is proposed, that party should provide their written consent. (d) When an interagency acquisition requires the servicing agency to award a contract, these additional procedures apply: (1) If law or regulation requires a justification and approval or a D&F (other than the requesting agency's D&F required in 17.502-2(c)), the servicing agency must prepare and issue it. The requesting agency must provide any information needed for the justification and approval or D&F. (2) The requesting agency must provide other necessary assistance, such as information or special contract terms needed to comply with any conditions or limitations on the requesting agency's funds. (3) The servicing agency is responsible for compliance with all other legal or regulatory requirements for the contract, including- (i) Having proper legal authority for the contract action; and (ii) Following all competition requirements in part 6. If the servicing agency is not subject to the FAR, the requesting agency must verify that contracts used to meet its requirements contain provisions protecting the Government from inappropriate charges (for example, provisions required by part 31). The requesting agency must also verify that adequate contract administration will be provided. (e) Nonsponsoring Federal agencies may use a Federally Funded Research and Development Center (FFRDC) only if the terms of the FFRDC's sponsoring agreement allow work from agencies other than the sponsor. Work given to the FFRDC requires the sponsor's acceptance and must fall within the FFRDC's purpose, mission, general scope of effort, or special expertise. (See part 35 and part 6 for procedures when using other than full and open competition.) The nonsponsoring agency must provide documentation to the sponsoring agency showing that the requested work would not place the FFRDC in direct competition with domestic private industry.","P_17_503_a: Before placing an order, the requesting agency must follow the procedures in 17.502-1 and, if under the Economy Act, 17.502-2; P_17_503_b: The order may be placed on any form both agencies accept and should include description, delivery requirements, funds citation, payment provision, and acquisition authority; P_17_503_c: The agencies should agree to procedures for resolving disagreements, which may include a third-party forum with written consent; P_17_503_d_1: If law or regulation requires a justification and approval or a D&F, the servicing agency must prepare and issue it, and the requesting agency must provide any information needed; P_17_503_d_2: The requesting agency must provide other necessary assistance, such as information or special contract terms needed to comply with any conditions or limitations on the requesting agency's funds; P_17_503_d_3: The servicing agency is responsible for compliance with all other legal or regulatory requirements, including having proper legal authority and following all competition requirements in part 6; if the servicing agency is not subject to the FAR, the requesting agency must verify that contracts contain provisions protecting the Government from inappropriate charges (e.g., provisions required by part 31) and that adequate contract administration will be provided; P_17_503_e: Nonsponsoring Federal agencies may use an FFRDC only if the sponsoring agreement allows work from other agencies, the work requires the sponsor's acceptance and must fall within the FFRDC's purpose, mission, general scope of effort, or special expertise, and the nonsponsoring agency must provide documentation showing the work would not place the FFRDC in direct competition with domestic private industry","P_17_503_a ∧ P_17_503_b ∧ P_17_503_c ∧ (ServicingAgencyAwardsContract ⊃ (P_17_503_d_1 ∧ P_17_503_d_2 ∧ P_17_503_d_3)) ∧ (UseFFRDC ⊃ P_17_503_e)","P_17_502_1; P_17_502_2; P_17_502_2_c; P_6; P_31; P_35","Conjunction (Conj): Rule 7; Material Implication (Impl): Rule 15","PENDING_REVIEW","PASS","PASS","CORRECTED: Restored truncated content in d(1) second sentence, d(2) detail, d(3)(i)-(ii) non-FAR servicing agency clause with part 31 reference, and e FFRDC detail including sponsor acceptance, scope limitations, part 35/6 references, and domestic private industry competition restriction. Two conditional structures: ServicingAgencyAwardsContract ⊃ additional procedures; UseFFRDC ⊃ sponsoring agreement terms. P_17_503_b and c are advisory (should). References Parts 6, 31, 35. HIGH-RISK rule (Impl); verified.","MEDIUM"
"17","17.504","P_17_504","(a) The senior procurement executive for each executive agency must submit an annual report on interagency acquisitions to the Director of OMB, as directed by OMB. (b) The contracting officer for the servicing agency must ensure all service contractor reporting requirements are met in accordance with part 4.","P_17_504_a: The senior procurement executive for each executive agency must submit an annual report on interagency acquisitions to the Director of OMB; P_17_504_b: The contracting officer for the servicing agency must ensure all service contractor reporting requirements are met in accordance with part 4","P_17_504 = P_17_504_a ∧ P_17_504_b","P_4","Conjunction (Conj): Rule 7","PENDING_REVIEW","PASS","PASS","Two mandatory reporting requirements. References Part 4 for contractor reporting.","HIGH"
"17","17.600","P_17_600","(a) Compliance with this subpart is required in addition to the policies and procedures for interagency acquisitions in subpart 17.5. This subpart establishes policies and procedures specifically for acquisitions of supplies and services by nondefense agencies on behalf of the Department of Defense (DoD). (b) This subpart implements Public Law 110-181, section 801, as amended (10 U.S.C. 3201 note prec.).","P_17_600_a: Compliance with this subpart is required in addition to subpart 17.5; P_17_600_b: This subpart establishes policies and procedures for acquisitions by nondefense agencies on behalf of DoD; P_17_600_c: This subpart implements Public Law 110-181, section 801, as amended (10 U.S.C. 3201 note prec.)","P_17_600 = P_17_600_a ∧ P_17_600_b ∧ P_17_600_c","P_17_500","Conjunction (Conj): Rule 7","PENDING_REVIEW","PASS","PASS","Scope section requiring compliance with both Subpart 17.5 and this subpart. References external statute.","HIGH"
"17","17.601","P_17_601","As used in this subpart- Department of Defense (DoD) acquisition official means- (1) A DoD contracting officer; or (2) Any other DoD official authorized to approve a direct acquisition or an assisted acquisition on behalf of DoD. Nondefense agency means any department or agency of the Federal Government other than the Department of Defense. Nondefense agency that is an element of the intelligence community means the agencies identified in 50 U.S.C. 3003(4).","P_17_601_a: DoD acquisition official means a DoD contracting officer or any other DoD official authorized to approve a direct acquisition or an assisted acquisition on behalf of DoD; P_17_601_b: Nondefense agency means any department or agency of the Federal Government other than the Department of Defense; P_17_601_c: Nondefense agency that is an element of the intelligence community means the agencies identified in 50 U.S.C. 3003(4)","P_17_601 = P_17_601_a ∧ P_17_601_b ∧ P_17_601_c","None","Conjunction (Conj): Rule 7; Disjunction (Add): Rule 8 for P_17_601_a","PENDING_REVIEW","PASS","PASS","Three definitions. P_17_601_a has internal disjunction (CO OR other authorized official). References external statute 50 U.S.C. 3003(4).","HIGH"
"17","17.602","P_17_602","(a) This subpart applies to all acquisitions made by nondefense agencies on behalf of DoD. (b) This subpart does not apply to contracts entered into by a nondefense agency that is an element of the intelligence community for a joint program that meets the needs of both DoD and the nondefense agency.","P_17_602_a: This subpart applies to all acquisitions made by nondefense agencies on behalf of DoD; P_17_602_b: This subpart does not apply to contracts entered into by a nondefense agency that is an element of the intelligence community for a joint program that meets the needs of both DoD and the nondefense agency","P_17_602 = P_17_602_a ∧ ~P_17_602_b","P_17_601","Conjunction (Conj): Rule 7","PENDING_REVIEW","PASS","PASS","Applicability with one exclusion for intelligence community joint programs. References definitions in 17.601.","HIGH"
"17","17.603","P_17_603","(a) A DoD acquisition official may request a nondefense agency to conduct an acquisition on behalf of DoD above the simplified acquisition threshold only if the head of the nondefense agency has certified that the agency will comply with applicable procurement requirements for that fiscal year, except when waived as provided by paragraph (e). (b) A nondefense agency is compliant with applicable procurement requirements if its procurement policies, procedures, and internal controls for acquisitions on behalf of DoD, and their administration, adequately ensure the nondefense agency complies with- (1) The Federal Acquisition Regulation and other laws and regulations that apply to procurements of supplies and services by Federal agencies; and (2) Laws and regulations that apply to procurements of supplies and services made by DoD through other Federal agencies, including DoD financial management regulations, the Defense Federal Acquisition Regulation Supplement (DFARS), DoD class deviations, and the DFARS Procedures, Guidance, and Information (PGI). (The DFARS, DoD class deviations, and PGI are available at: http://www.acq.osd.mil/dpap/dars). (c) Within 30 days of the beginning of each fiscal year, submit nondefense agency certifications of compliance to the Principal Director, Defense Pricing and Contracting at: Department of Defense, Office of the Under Secretary of Defense (Acquisition and Sustainment), Defense Pricing and Contracting, Contract Policy, Room 3B938, 3060 Defense Pentagon, Washington DC 20301-3060. (d)(1) The DoD acquisition official must provide the servicing nondefense agency contracting officer with any DoD-unique terms, conditions, other related statutes, regulations, directives, or other applicable requirements for incorporation into the order or contract. (2) If there are no DoD-unique requirements beyond the FAR, the DoD acquisition official must inform the servicing nondefense agency contracting officer in writing. (3) Nondefense agency contracting officers are responsible for ensuring support provided in response to DoD's request complies with paragraph (b) of this section. (e) Waiver. The limitation in paragraph (a) of this section does not apply to acquisitions of supplies and services on behalf of DoD by a nondefense agency during any fiscal year for which the Under Secretary of Defense for Acquisition and Sustainment (USD(A&S)) has determined in writing that it is necessary in DoD's interest to acquire supplies and services through the nondefense agency during that fiscal year. The written determination must identify the acquisition categories to which the waiver applies. (f) Nondefense agency certifications, waivers, and additional information are available at https://www.acq.osd.mil/asda/dpc/cp/policy/interagency-acquisition.html","P_17_603_a: A DoD acquisition official may request a nondefense agency to conduct an acquisition on behalf of DoD above the SAT only if the nondefense agency head has certified compliance for that fiscal year, except when waived per paragraph (e); P_17_603_b: A nondefense agency is compliant if its procurement policies, procedures, and internal controls adequately ensure compliance with the FAR, other applicable laws, and DoD-specific requirements including DFARS, class deviations, and PGI; P_17_603_c: Within 30 days of the beginning of each fiscal year, submit nondefense agency certifications of compliance to the Principal Director, Defense Pricing and Contracting; P_17_603_d_1: The DoD acquisition official must provide the servicing nondefense agency CO with any DoD-unique terms, conditions and requirements; P_17_603_d_2: If there are no DoD-unique requirements beyond the FAR, the DoD acquisition official must inform the servicing nondefense agency CO in writing; P_17_603_d_3: Nondefense agency COs are responsible for ensuring support complies with paragraph (b); P_17_603_e: The limitation in paragraph (a) does not apply during any fiscal year for which the Under Secretary of Defense for Acquisition and Sustainment has determined in writing that acquisition through the nondefense agency is necessary in DoD's interest; P_17_603_f: Nondefense agency certifications, waivers, and additional information are available at the DPAP website","((AboveSAT ∧ ~P_17_603_e) ⊃ P_17_603_a) ∧ (ComplianceTest ⊃ P_17_603_b) ∧ P_17_603_c ∧ P_17_603_d_1 ∧ P_17_603_d_2 ∧ P_17_603_d_3 ∧ P_17_603_e ∧ P_17_603_f","P_17_601; P_17_602","Material Implication (Impl): Rule 15; Conjunction (Conj): Rule 7; De Morgan's Rule (DM): Rule 9","PENDING_REVIEW","PASS","PASS","CORRECTED: P_17_603_a is critical conditional with exception: (above SAT ∧ ~waived) ⊃ must have certification. P_17_603_b defines compliance (conditional definition). P_17_603_e provides waiver mechanism that negates the condition in (a). References DFARS, PGI, DPAP website (external). ""Only if"" language requires P ⊃ Q direction. HIGH-RISK rules (Impl, DM); verified. CORRECTED: Expanded USD(A&S) to full title per word-for-word requirement. CORRECTED: Restored full mailing address in (c), expanded FAR/DFARS reference in (b) to match source structure with (1) and (2) sub-requirements, and replaced ""DPAP website"" with actual URL in (f). CORRECTED: Restored (b) intro ""for acquisitions on behalf of DoD, and their administration"", (b)(2) DARS URL, (d)(1) full terms/directives/incorporation language, (d)(3) ""in response to DoD's request"" and ""of this section"", (e) full ""acquisitions of supplies and services"" and ""during that fiscal year"".","MEDIUM"
"17","17.700","P_17_700","This subpart establishes policies and procedures for management and operating contracts for the Department of Energy and any other agencies with the necessary statutory authority.","P_17_700: This subpart establishes policies and procedures for management and operating contracts for DOE and agencies with necessary statutory authority","P_17_700","None","Simplification (Simp): Rule 6","PENDING_REVIEW","PASS","PASS","Scope statement. Single atomic proposition.","HIGH"
"17","17.701","P_17_701","Management and operating contract means an agreement where the Government contracts for the operation, maintenance, or support, on its behalf, of a Government-owned or -controlled research, development, special production, or testing facility that primarily serves one or more major programs of the Federal agency.","P_17_701: Management and operating contract means an agreement where the Government contracts for the operation, maintenance, or support, on its behalf, of a Government-owned or -controlled research, development, special production, or testing facility that primarily serves one or more major programs of the Federal agency","P_17_701","None","Simplification (Simp): Rule 6","PENDING_REVIEW","PASS","PASS","Single definition. Complex but atomic as a definitional statement.","HIGH"
"17","17.702","P_17_702","Presolicitation requirements for management and operating contracts.","P_17_702: Presolicitation requirements for management and operating contracts","P_17_702 = P_17_702_1 ∧ P_17_702_2","P_17_702_1; P_17_702_2","Conjunction (Conj): Rule 7","PENDING_REVIEW","PASS","PASS","Parent for 17.702 subsections.","HIGH"
"17","17.702-1","P_17_702_1","The head of an agency, without power of delegation, and with statutory authority, may authorize contracting officers, in writing, to enter into or renew management and operating contracts. This authorization must comply with the agency's statutory authority or 41 U.S.C. chapter 33, and the agency's regulations for such contracts. Every authorized contract must state this authorization on its face.","P_17_702_1_a: The head of an agency, without power of delegation, and with statutory authority, may authorize contracting officers, in writing, to enter into or renew management and operating contracts; P_17_702_1_b: This authorization must comply with the agency's statutory authority or 41 U.S.C. chapter 33, and the agency's regulations; P_17_702_1_c: Every authorized contract must state this authorization on its face","P_17_702_1 = P_17_702_1_a ∧ P_17_702_1_b ∧ P_17_702_1_c","None","Conjunction (Conj): Rule 7","PENDING_REVIEW","PASS","PASS","Three conjunctive requirements for M&O contract authorization. P_17_702_1_a restricts authority to agency head only (no delegation). P_17_702_1_b requires statutory compliance. P_17_702_1_c requires face-of-contract statement.","HIGH"
"17","17.702-2","P_17_702_2","(a) Management and operating contracts must not be authorized for- (1) Functions involving direction, supervision, or control of Government personnel, except supervision related to training; (2) Functions involving the exercise of police or regulatory powers in the Government's name, other than guard or plant protection services; (3) Functions determining basic Government policies; (4) Day-to-day staff or management functions of the agency or any of its elements; or (5) Functions that can be better accomplished by the use or rental of Government property under subpart 45.3, Authorizing the Use and Rental of Government Property. (b) Since an authorization under 17.702-1 is considered sufficient proof of compliance with paragraph (a) above, nothing in paragraph (a) affects the validity or legality of such an authorization. (c) For use of project labor agreements, see part 22.","P_17_702_2_a_1: M&O contracts must not be authorized for functions involving direction, supervision, or control of Government personnel, except supervision related to training; P_17_702_2_a_2: M&O contracts must not be authorized for functions involving the exercise of police or regulatory powers in the Government's name, other than guard or plant protection services; P_17_702_2_a_3: M&O contracts must not be authorized for functions determining basic Government policies; P_17_702_2_a_4: M&O contracts must not be authorized for day-to-day staff or management functions of the agency; P_17_702_2_a_5: M&O contracts must not be authorized for functions that can be better accomplished by the use or rental of Government property under subpart 45.3; P_17_702_2_b: An authorization under 17.702-1 is considered sufficient proof of compliance with paragraph (a); P_17_702_2_c: For use of project labor agreements, see part 22","P_17_702_2 = (~P_17_702_2_a_1 ∧ ~P_17_702_2_a_2 ∧ ~P_17_702_2_a_3 ∧ ~P_17_702_2_a_4 ∧ ~P_17_702_2_a_5) ∧ P_17_702_2_b ∧ P_17_702_2_c","P_17_702_1; P_45_3; P_22","Conjunction (Conj): Rule 7; De Morgan's Rule (DM): Rule 9","PENDING_REVIEW","PASS","PASS","Five prohibitions (negations) for M&O contract scope, plus safe harbor provision and cross-reference. P_17_702_2_a_1 and a_2 have exceptions (training supervision; guard services). P_17_702_2_b creates legal safe harbor for existing authorizations. References subpart 45.3 and Part 22. HIGH-RISK rule (De Morgan's) used; verified each negation.","MEDIUM"
"17","17.703","P_17_703","(a) Effective performance under management and operating contracts typically requires high expertise levels and continuity in operations and personnel. Due to program requirements and the unusual or unique nature of work performed under these contracts, the Government often has limited ability to create competition or replace a contractor. Therefore, contracting officers must take extraordinary steps before award to ensure that- (1) The prospective contractor has sufficient technical and managerial capacity, (2) Organizational conflicts of interest are adequately addressed; and (3) The contract gives the Government broad and continuing rights to involve itself in technical and managerial decision making about performance, when necessary. (b) The contracting officer must review each management and operating contract, following agency procedures, at appropriate intervals and at least once every 5 years. (1) The review should determine if meaningful improvement in performance or cost might reasonably be achieved. (2) Any extension or renewal of a management and operating contract must be authorized at a level within the agency no lower than the level at which the original contract was authorized under 17.702-1. (c) Replacing an incumbent contractor is usually based largely on expectations of meaningful improvement in performance or cost. When reviewing contractor performance, contracting officers should consider- (1) The incumbent contractor's overall performance, specifically including technical, administrative, and cost performance; (2) The potential impact of changing contractors on program needs, including safety, national defense, and mobilization considerations; and (3) Whether qualified offerors are likely to compete for the contract.","P_17_703_a_1: Contracting officers must ensure the prospective contractor has sufficient technical and managerial capacity; P_17_703_a_2: Contracting officers must ensure organizational conflicts of interest are adequately addressed; P_17_703_a_3: Contracting officers must ensure the contract gives the Government broad and continuing rights to involve itself in technical and managerial decision making about performance, when necessary; P_17_703_b: The contracting officer must review each management and operating contract at appropriate intervals and at least once every 5 years; P_17_703_b_1: The review should determine if meaningful improvement in performance or cost might reasonably be achieved; P_17_703_b_2: Any extension or renewal must be authorized at a level no lower than the level at which the original contract was authorized under 17.702-1; P_17_703_c_1: The incumbent contractor's overall performance, specifically including technical, administrative, and cost performance; P_17_703_c_2: The potential impact of changing contractors on program needs, including safety, national defense, and mobilization considerations; P_17_703_c_3: Whether qualified offerors are likely to compete for the contract","(P_17_703_a_1 ∧ P_17_703_a_2 ∧ P_17_703_a_3) ∧ (P_17_703_b ∧ P_17_703_b_1 ∧ P_17_703_b_2) ∧ (ReviewingPerformance ⊃ (P_17_703_c_1 ∧ P_17_703_c_2 ∧ P_17_703_c_3))","P_17_702_1","Conjunction (Conj): Rule 7; Material Implication (Impl): Rule 15","PENDING_REVIEW","PASS","PASS","CORRECTED: Restored ""specifically including technical, administrative, and cost performance"" in c(1) and ""including safety, national defense, and mobilization considerations"" in c(2). Also restored ""performed under these contracts"" in (a) context and ""of a management and operating contract"" in (b)(2). Nine conjunctive requirements across three groups: pre-award steps (a), periodic review (b), and replacement considerations (c). P_17_703_b_1 and c_1-c_3 are advisory (should). P_17_703_b_2 references 17.702-1. HIGH-RISK rule (Impl); verified.","MEDIUM"
"17","17.800","P_17_800","This subpart prescribes policies and procedures for conducting reverse auctions and using reverse auction service providers.","P_17_800: This subpart prescribes policies and procedures for conducting reverse auctions and using reverse auction service providers","P_17_800","None","Simplification (Simp): Rule 6","PENDING_REVIEW","PASS","PASS","Scope statement. Single atomic proposition.","HIGH"
"17","17.801","P_17_801","As used in this subpart- Government data means any information, document, media, or machine-readable material regardless of physical form or characteristics, that is created or obtained by the Government in the course of official Government business. Government-related data means any information, document, media, or machine-readable material regardless of physical form or characteristics that is created or obtained by a contractor through the storage, processing, or communication of Government data. This does not include a contractor's business records (e.g., financial records, legal records, etc.) or data such as operating procedures, software coding, or algorithms that are not uniquely applied to the Government data. Reverse auction service provider means a commercial or Government entity that provides a means for conducting reverse auctions when acquiring supplies or services to be used by the Government.","P_17_801_a: Government data means any information, document, media, or machine-readable material regardless of physical form or characteristics, that is created or obtained by the Government in the course of official Government business; P_17_801_b: Government-related data means any information, document, media, or machine-readable material regardless of physical form or characteristics that is created or obtained by a contractor through the storage, processing, or communication of Government data, excluding a contractor's business records or data not uniquely applied to the Government data; P_17_801_c: Reverse auction service provider means a commercial or Government entity that provides a means for conducting reverse auctions when acquiring supplies or services to be used by the Government","P_17_801 = P_17_801_a ∧ P_17_801_b ∧ P_17_801_c","None","Conjunction (Conj): Rule 7","PENDING_REVIEW","PASS","PASS","Three definitions. P_17_801_b has internal exclusion (does not include business records or non-unique data). All definitions must hold simultaneously.","HIGH"
"17","17.802","P_17_802","Presolicitation requirements for reverse auctions.","P_17_802: Presolicitation covers policy, applicability, and service provider requirements","P_17_802 = P_17_802_1 ∧ P_17_802_2 ∧ P_17_802_3","P_17_802_1; P_17_802_2; P_17_802_3","Conjunction (Conj): Rule 7","PENDING_REVIEW","PASS","PASS","Parent proposition for reverse auction presolicitation.","HIGH"
"17","17.802-1","P_17_802_1","Policy for reverse auctions, covering appropriateness, procedures, commercial provider acquisition, solicitation requirements, provider qualifications, and contracting officer authority.","P_17_802_1: Reverse auction policy covers appropriateness, procedures, provider acquisition, solicitation requirements, provider qualifications, and CO authority","P_17_802_1 = P_17_802_1_a ∧ P_17_802_1_b ∧ P_17_802_1_c ∧ P_17_802_1_d ∧ P_17_802_1_e ∧ P_17_802_1_f","P_17_802_1_a; P_17_802_1_b; P_17_802_1_c; P_17_802_1_d; P_17_802_1_e; P_17_802_1_f","Conjunction (Conj): Rule 7","PENDING_REVIEW","PASS","PASS","Parent for 17.802-1 paragraphs (a) through (f).","HIGH"
"17","17.802-1(a)","P_17_802_1_a","(a) Reverse auctions may be appropriate when market research shows that- (1) A competitive marketplace exists for the supplies and/or services being acquired; (2) Multiple offerors can meet the agency's requirement; and (3) The nature of the supplies and/or services (such as clearly defined specifications or less complex requirements) supports an iterative bidding process.","P_17_802_1_a_1: Market research shows a competitive marketplace exists; P_17_802_1_a_2: Multiple offerors can meet the agency's requirement; P_17_802_1_a_3: The nature of the supplies and/or services supports an iterative bidding process; P_17_802_1_a_result: Reverse auctions may be appropriate","(P_17_802_1_a_1 ∧ P_17_802_1_a_2 ∧ P_17_802_1_a_3) ⊃ P_17_802_1_a_result","None","Material Implication (Impl): Rule 15; Conjunction (Conj): Rule 7","PENDING_REVIEW","PASS","PASS","Three conjunctive conditions for reverse auction appropriateness. 'May be appropriate' indicates permissive, not mandatory. HIGH-RISK rule used; verified.","MEDIUM"
"17","17.802-1(b)","P_17_802_1_b","(b) The reverse auction process is used to obtain pricing for an acquisition. When using reverse auctions, contracting officers must still follow the appropriate acquisition policies and procedures (such as those in parts 8, 13, 15 or 16).","P_17_802_1_b_1: The reverse auction process is used to obtain pricing for an acquisition; P_17_802_1_b_2: When using reverse auctions, contracting officers must still follow the appropriate acquisition policies and procedures (such as those in parts 8, 13, 15 or 16)","P_17_802_1_b_1 ∧ (UsingReverseAuction ⊃ P_17_802_1_b_2)","P_8; P_13; P_15; P_16","Conjunction (Conj): Rule 7; Material Implication (Impl): Rule 15","PENDING_REVIEW","PASS","PASS","CORRECTED: P_17_802_1_b_2 is conditional: when using reverse auctions ⊃ must follow appropriate acquisition policies. P_17_802_1_b_1 is definitional. Cross-references Parts 8, 13, 15, and 16.","HIGH"
"17","17.802-1(c)","P_17_802_1_c","(c) When acquiring reverse auction services from a commercial provider, agencies must- (1) Use competitive procedures, unless an exception applies; (2) Detail the provider's fee structure in the resulting contract or agreement; and (3) Make the contract or agreement details, including the fee structure, available to contracting officers to consider when deciding whether to use that provider, as required by subpart 17.802-3.","P_17_802_1_c_1: Agencies must use competitive procedures when acquiring reverse auction services from a commercial provider, unless an exception applies; P_17_802_1_c_2: Agencies must detail the provider's fee structure in the resulting contract or agreement; P_17_802_1_c_3: Agencies must make the contract or agreement details, including the fee structure, available to contracting officers","AcquiringFromCommercialProvider ⊃ (P_17_802_1_c_1 ∧ P_17_802_1_c_2 ∧ P_17_802_1_c_3)","P_17_802_3","Material Implication (Impl): Rule 15; Conjunction (Conj): Rule 7","PENDING_REVIEW","PASS","PASS","CORRECTED: Entire section is conditional on acquiring from commercial provider. Three mandatory requirements under the condition. P_17_802_1_c_1 has internal exception clause (unless exception applies). References 17.802-3. HIGH-RISK rule (Impl); verified.","MEDIUM"
"17","17.802-1(d)","P_17_802_1_d","(d) When acquiring reverse auction services, the contracting officer must ensure the solicitation and contract include- (1) Descriptions of Government data and Government-related data. (2) Data ownership, licensing, delivery, and disposition instructions for relevant types of Government data and Government-related data (such as DD Form 1423, Contract Data Requirements List, work statement task, line item). (3) Disposition instructions that must allow for data transition in commercially available or open and non-proprietary format and for permanent records according to National Archives and Records Administration guidance.","P_17_802_1_d_1: The solicitation and contract must include descriptions of Government data and Government-related data; P_17_802_1_d_2: The solicitation and contract must include data ownership, licensing, delivery, and disposition instructions for relevant types of Government data and Government-related data (such as DD Form 1423, Contract Data Requirements List, work statement task, line item); P_17_802_1_d_3: Disposition instructions must allow for data transition in commercially available or open and non-proprietary format and for permanent records per NARA guidance","AcquiringReverseAuctionServices ⊃ (P_17_802_1_d_1 ∧ P_17_802_1_d_2 ∧ P_17_802_1_d_3)","P_17_801","Material Implication (Impl): Rule 15; Conjunction (Conj): Rule 7","PENDING_REVIEW","PASS","PASS","CORRECTED: Entire section is conditional on acquiring reverse auction services. Three mandatory data-related solicitation/contract requirements under the condition. References definitions in 17.801. HIGH-RISK rule (Impl); verified. CORRECTED: Restored ""(such as DD Form 1423, Contract Data Requirements List, work statement task, line item)"" in (2).","MEDIUM"
"17","17.802-1(e)","P_17_802_1_e","(e) Contracting officers must only use reverse auction service providers that- (1) Do not claim or imply they can or will obtain a Government contract for auction participants; (2) Allow entities to register for free as potential offerors for Government reverse auctions on their platform; (3) Allow each entity, during registration, to sign a proprietary data protection agreement with the provider that does not affect Government solicitation or contract terms; (4) Protect from unauthorized use or disclosure and do not release outside the Government- (i) All contractor bid or proposal information and source selection information related to providing reverse auction services to the Government; (ii) All information generated to support issuing a task order, delivery order, or order under a blanket purchase agreement; and (iii) Information an offeror identifies as restricted from duplication, use, or disclosure for any purpose except evaluating the reverse auction participant's price or proposal; (5) Allow offerors to see the successive lowest price(s) offered in the auction without revealing offerors' identities; (6) At the close of each auction- (i) Provide the Government with the apparent successful offer, including information that separately identifies the offeror's price and the price for each provider fee or charge in the total price; and (ii) Provide the Government with all information and documentation received from offerors responding to the reverse auction; (7) Do not participate as an offeror in any reverse auction they host for the Government. This prohibition includes participation by any entity with which the provider has a relationship creating an actual or potential conflict of interest; and (8) Assert no rights or license in the data gathered or generated during a reverse auction.","P_17_802_1_e_1: The provider does not claim or imply it can obtain a Government contract for auction participants; P_17_802_1_e_2: The provider allows free registration as potential offerors; P_17_802_1_e_3: The provider allows entities to sign a proprietary data protection agreement that does not affect Government terms; P_17_802_1_e_4: The provider protects from unauthorized use or disclosure all contractor bid/proposal information, task/delivery order information, and restricted offeror information; P_17_802_1_e_5: The provider allows offerors to see successive lowest prices without revealing identities; P_17_802_1_e_6: At close, the provider provides the Government with the apparent successful offer with separate price/fee identification and all offeror information and documentation; P_17_802_1_e_7: The provider does not participate as an offeror in any reverse auction it hosts, including entities with conflicts of interest; P_17_802_1_e_8: The provider asserts no rights or license in data gathered or generated during a reverse auction","P_17_802_1_e = P_17_802_1_e_1 ∧ P_17_802_1_e_2 ∧ P_17_802_1_e_3 ∧ P_17_802_1_e_4 ∧ P_17_802_1_e_5 ∧ P_17_802_1_e_6 ∧ P_17_802_1_e_7 ∧ P_17_802_1_e_8","None","Conjunction (Conj): Rule 7","PENDING_REVIEW","PASS","PASS","Eight mandatory qualifications for reverse auction service providers. All eight must be satisfied (conjunction). P_17_802_1_e_1, e_7, and e_8 use negation (provider must NOT do certain things). P_17_802_1_e_4 has three sub-items of protected information. P_17_802_1_e_6 has two sub-items for close-of-auction requirements. Largest single proposition in Part 17. CORRECTED: Restored ""relationship creating an actual or potential"" per word-for-word requirement. CORRECTED: Restored 'for any purpose except evaluating the reverse auction participant's price or proposal' in (4)(iii). CORRECTED: Restored ""to the Government"" in (4)(i), ""in the total price"" in (6)(i), and separated (7) ""This prohibition includes"" as distinct sentence per source.","HIGH"
"17","17.802-1(f)","P_17_802_1_f","(f) Only a contracting officer may- (1) Exclude an offeror from participating in an auction; (2) Determine the awardee(s) of any reverse auction; or (3) Determine that the offeror is a responsible prospective contractor (see part 9).","P_17_802_1_f_1: Only a contracting officer may exclude an offeror from participating in an auction; P_17_802_1_f_2: Only a contracting officer may determine the awardee(s) of any reverse auction; P_17_802_1_f_3: Only a contracting officer may determine that the offeror is a responsible prospective contractor","P_17_802_1_f = P_17_802_1_f_1 ∧ P_17_802_1_f_2 ∧ P_17_802_1_f_3","P_9","Conjunction (Conj): Rule 7","PENDING_REVIEW","PASS","PASS","Three exclusive authorities reserved to contracting officers. 'Only' establishes exclusivity. References Part 9 for responsibility determination.","HIGH"
"17","17.802-2","P_17_802_2","Reverse auction processes must not be used for- (a) Design-build construction contracts (see part 36); (b) Procurements for architect-engineer services subject to 40 U.S.C. chapter 11 (see part 36); (c) Procurements using sealed bidding procedures (see part 14); or (d) Acquisition of personal protective equipment, in accordance with Sections 813 and 814 of the National Defense Authorization Act (NDAA) for Fiscal Year (FY) 2017 (Pub. L. 114-328); Section 882 of the NDAA for FY 2018 (Pub. L. 115-91); and Section 880 of the John S. McCain NDAA for FY 2019 (Pub. L. 115-232, 41 U.S.C. 3701 note).","P_17_802_2_a: Reverse auctions must not be used for design-build construction contracts; P_17_802_2_b: Reverse auctions must not be used for procurements for architect-engineer services subject to 40 U.S.C. chapter 11; P_17_802_2_c: Reverse auctions must not be used for procurements using sealed bidding procedures; P_17_802_2_d: Reverse auctions must not be used for acquisition of personal protective equipment per NDAA FY 2017 sections 813/814, NDAA FY 2018 section 882, and NDAA FY 2019 section 880","P_17_802_2 = ~P_17_802_2_a ∧ ~P_17_802_2_b ∧ ~P_17_802_2_c ∧ ~P_17_802_2_d","P_36; P_14","Conjunction (Conj): Rule 7; De Morgan's Rule (DM): Rule 9","PENDING_REVIEW","PASS","PASS","Four prohibitions on reverse auction use. All are negations. References Part 36 (construction/A-E), Part 14 (sealed bidding), and multiple NDAA provisions. HIGH-RISK rule (De Morgan's) used; verified each negation. CORRECTED: Expanded first NDAA reference to full ""National Defense Authorization Act (NDAA) for Fiscal Year (FY)"" per source.","MEDIUM"
"17","17.802-3","P_17_802_3","When considering using a reverse auction service provider, the contracting officer must- (a) Conduct market research of available sources of reverse auction services (such as existing agency contracts or agreements, commercial service providers, or Government service providers); (b) Evaluate the fee structure for each reverse auction service provider; and (c) Document in the contract file that using a reverse auction service provider is cost effective.","P_17_802_3_a: The contracting officer must conduct market research of available sources of reverse auction services; P_17_802_3_b: The contracting officer must evaluate the fee structure for each reverse auction service provider; P_17_802_3_c: The contracting officer must document in the contract file that using a reverse auction service provider is cost effective","ConsideringReverseAuctionProvider ⊃ (P_17_802_3_a ∧ P_17_802_3_b ∧ P_17_802_3_c)","None","Material Implication (Impl): Rule 15; Conjunction (Conj): Rule 7","PENDING_REVIEW","PASS","PASS","CORRECTED: Entire section is conditional on considering a reverse auction service provider. Three mandatory requirements under the condition. HIGH-RISK rule (Impl); verified.","MEDIUM"
"17","17.803","P_17_803","(a) When conducting a reverse auction, the contracting officer must- (1) Not reveal the identity of offeror(s) except for the awardee's identity after making an award from the auction; (2) Allow offerors to continually revise their prices downward during the reverse auction until it closes; and (3) Allow an offeror to withdraw an offer before the auction closes. (b) When using reverse auction service providers, contracting officers must- (1) Include contact information, including the contracting officer name and email address, in the synopsis and solicitation so offerors can contact the contracting officer directly with questions; (2) Upon receiving a successful offer, verify that any provider fees or charges in the price match the provider's fee structure; and (3) Include in the contract file any information and/or documentation received by the reverse auction service provider from offerors responding to the reverse auction. (c) If only one offeror participates in an auction, the contracting officer may- (1) Cancel the auction and document the contract file with evidence of single offeror participation; or (2) Accept the offer, but only if the price is determined to be fair and reasonable.","P_17_803_a_1: The contracting officer must not reveal the identity of offeror(s) except for the awardee's identity after award; P_17_803_a_2: The contracting officer must allow offerors to continually revise prices downward until the auction closes; P_17_803_a_3: The contracting officer must allow an offeror to withdraw an offer before the auction closes; P_17_803_b_1: When using providers, the contracting officer must include contact information in the synopsis and solicitation; P_17_803_b_2: Upon receiving a successful offer, verify provider fees match the fee structure; P_17_803_b_3: Include in the contract file all information received by the provider from offerors; P_17_803_c_cond: Only one offeror participates in an auction; P_17_803_c_1: The contracting officer may cancel the auction and document single offeror participation; P_17_803_c_2: The contracting officer may accept the offer only if the price is fair and reasonable","P_17_803 = (P_17_803_a_1 ∧ P_17_803_a_2 ∧ P_17_803_a_3) ∧ (P_17_803_b_1 ∧ P_17_803_b_2 ∧ P_17_803_b_3) ∧ (P_17_803_c_cond ⊃ (P_17_803_c_1 ∨ P_17_803_c_2))","None","Conjunction (Conj): Rule 7; Material Implication (Impl): Rule 15; Disjunction (Add): Rule 8","PENDING_REVIEW","PASS","PASS","Nine components across three groups. (a) mandatory auction conduct rules; (b) mandatory provider-related rules; (c) conditional single-offeror handling with disjunctive options (cancel OR accept if fair/reasonable). P_17_803_a_1 uses negation. P_17_803_c_2 has additional condition (fair and reasonable). HIGH-RISK rule used; verified. CORRECTED: Restored ""from the auction"" in (a)(1), ""so offerors can contact the contracting officer directly with questions"" in (b)(1), and ""responding to the reverse auction"" in (b)(3).","MEDIUM"
"17","17.804","P_17_804","(a) Insert the provision at 52.217-10, Reverse Auction, in solicitations when using a reverse auction to award a contract or blanket purchase agreement. (b) Insert the clause at 52.217-11, Reverse Auction-Orders, in solicitations and contracts for a multiple-award contract or blanket purchase agreement when a reverse auction may be used to place orders under the basic contract or blanket purchase agreement. (c) Insert the clause at 52.217-12, Reverse Auction Services, in all solicitations and contracts for the purchase of reverse auction services.","P_17_804_a_cond: Using a reverse auction to award a contract or BPA; P_17_804_a_result: Insert the provision at 52.217-10, Reverse Auction; P_17_804_b_cond: A multiple-award contract or BPA where a reverse auction may be used to place orders; P_17_804_b_result: Insert the clause at 52.217-11, Reverse Auction-Orders; P_17_804_c: Insert the clause at 52.217-12, Reverse Auction Services, in all solicitations and contracts for the purchase of reverse auction services","P_17_804 = (P_17_804_a_cond ⊃ P_17_804_a_result) ∧ (P_17_804_b_cond ⊃ P_17_804_b_result) ∧ P_17_804_c","P_52_217_10; P_52_217_11; P_52_217_12","Material Implication (Impl): Rule 15; Conjunction (Conj): Rule 7","PENDING_REVIEW","PASS","PASS","Three clause insertion requirements. P_17_804_a and b are conditional. P_17_804_c is unconditional for all reverse auction service procurements. References Part 52 clauses (52.217-10, 52.217-11, 52.217-12). HIGH-RISK rule used; verified.","MEDIUM"
