RFO_Part,Section_Number,Propositional_ID,Natural_Language,Atomic_Propositions,Formal_Logic_Statement,Dependencies,Justification_Rules,Validation_Status,Logical_Check,Real_World_Check,Validation_Notes,Confidence_Level
22,22.001,P_22_001,"As used in this part, the following terms are defined for application of labor laws to government acquisitions.",P_22_001 (definitions section parent),P_22_001_def_Administrator ^ P_22_001_def_AgencyLaborAdvisor ^ P_22_001_def_e98 ^ P_22_001_def_NormalWorkweek ^ P_22_001_def_Secretary ^ P_22_001_def_ServiceContract ^ P_22_001_def_ServiceEmployee ^ P_22_001_def_WageDeterminations,None,Conjunction (Conj): Rule 7,VALIDATED,PASS,PASS,Parent aggregating all defined terms in 22.001.,HIGH
22,22.001_def_Administrator,P_22_001_def_Administrator,"Administrator or Administrator, Wage and Hour Division, as used in this part, means the Administrator, Wage and Hour Division, U.S. Department of Labor, Washington, DC 20210 or an authorized representative.",P_22_001_def_Administrator_a (Administrator of WHD DOL); P_22_001_def_Administrator_b (or authorized representative),P_22_001_def_Administrator <-> (P_22_001_def_Administrator_a v P_22_001_def_Administrator_b),None,Biconditional (Bicond): Rule 17; Addition (Add): Rule 8,VALIDATED,PASS,PASS,Definitional biconditional. Either the Administrator personally or authorized representative satisfies definition.,HIGH
22,22.001_def_AgencyLaborAdvisor,P_22_001_def_AgencyLaborAdvisor,Agency labor advisor means an individual responsible for advising contracting agency officials on Federal contract labor matters.,P_22_001_def_AgencyLaborAdvisor (individual advising on Federal contract labor matters),P_22_001_def_AgencyLaborAdvisor <-> AdvisesOnFederalContractLaborMatters,None,Biconditional (Bicond): Rule 17,VALIDATED,PASS,PASS,Simple definitional biconditional. Single atomic.,HIGH
22,22.001_def_e98,P_22_001_def_e98,"e98 means the Department of Labor's approved electronic application (https://www.sam.gov), whereby a contracting officer submits pertinent information to the Department of Labor and requests a Service Contract Labor Standards statute wage determination directly from the Wage and Hour Division.",P_22_001_def_e98_a (DOL approved electronic application at SAM.gov); P_22_001_def_e98_b (CO submits info to DOL); P_22_001_def_e98_c (CO requests SCLS wage determination from WHD),P_22_001_def_e98 <-> (P_22_001_def_e98_a ^ P_22_001_def_e98_b ^ P_22_001_def_e98_c),None,Biconditional (Bicond): Rule 17; Conjunction (Conj): Rule 7,VALIDATED,PASS,PASS,Definitional biconditional. All three elements collectively define the e98 system.,HIGH
22,22.001_def_NormalWorkweek,P_22_001_def_NormalWorkweek,"Normal workweek, as used in this subpart, means, generally, a workweek of 40 hours. Outside the United States and its outlying areas, a workweek longer than 40 hours is considered normal if conditions (1) and (2) are met.",P_22_001_def_NormalWorkweek (parent with domestic default and foreign exception),Workweek40hrs ^ (OutsideUS -> (P_22_001_def_NormalWorkweek_1 ^ P_22_001_def_NormalWorkweek_2)),None,Conjunction (Conj): Rule 7; Material Implication (Impl): Rule 15 [HIGH-RISK],PENDING_REVIEW,PASS,PASS,Domestic default is 40 hours. Foreign exception uses conditional: if outside US then both conditions must hold. HIGH-RISK rule used for conditional.,MEDIUM
22,22.001_def_NormalWorkweek(1),P_22_001_def_NormalWorkweek_1,"The workweek does not exceed the norm for the area, as determined by local custom, tradition, or law.","P_22_001_def_NormalWorkweek_1 (workweek does not exceed area norm per local custom, tradition, or law)",P_22_001_def_NormalWorkweek_1 <-> ~ExceedsAreaNorm(LocalCustom v LocalTradition v LocalLaw),None,Biconditional (Bicond): Rule 17; Negation (Neg): Rule 10; Addition (Add): Rule 8,VALIDATED,PASS,PASS,Condition requires workweek not exceed norm. Norm determined by any of three disjunctive sources.,HIGH
22,22.001_def_NormalWorkweek(2),P_22_001_def_NormalWorkweek_2,The hours worked in excess of 40 in the workweek are not compensated at a premium rate of pay.,P_22_001_def_NormalWorkweek_2 (excess hours not compensated at premium rate),P_22_001_def_NormalWorkweek_2 <-> ~PremiumRateForExcessHours,None,Biconditional (Bicond): Rule 17; Negation (Neg): Rule 10,VALIDATED,PASS,PASS,Straightforward negation condition. Premium pay for excess hours disqualifies normal workweek status.,HIGH
22,22.001_def_Secretary,P_22_001_def_Secretary,"Secretary means the Secretary of Labor, U.S. Department of Labor, unless specified otherwise.",P_22_001_def_Secretary (Secretary = Secretary of Labor DOL unless specified otherwise),P_22_001_def_Secretary <-> (SecretaryOfLabor ^ ~SpecifiedOtherwise),None,Biconditional (Bicond): Rule 17; Conjunction (Conj): Rule 7; Negation (Neg): Rule 10,VALIDATED,PASS,PASS,Default definition with override capability.,HIGH
22,22.001_def_ServiceContract,P_22_001_def_ServiceContract,"Service contract means any Government contract, or subcontract thereunder, the principal purpose of which is to furnish services in the United States through the use of service employees, except as exempted by 41 U.S.C. chapter 67, Service Contract Labor Standards; see 22.1002-1(c) through (f).",P_22_001_def_ServiceContract_a (Government contract or subcontract); P_22_001_def_ServiceContract_b (principal purpose furnish services in US); P_22_001_def_ServiceContract_c (through service employees); P_22_001_def_ServiceContract_d (except exempted by 41 USC ch 67),P_22_001_def_ServiceContract <-> ((P_22_001_def_ServiceContract_a ^ P_22_001_def_ServiceContract_b ^ P_22_001_def_ServiceContract_c) ^ ~P_22_001_def_ServiceContract_d),P_22_1002_1_c; P_22_1002_1_d; P_22_1002_1_e; P_22_1002_1_f,Biconditional (Bicond): Rule 17; Conjunction (Conj): Rule 7; Negation (Neg): Rule 10,VALIDATED,PASS,PASS,Three conjunctive criteria with negation for exemptions. External deps to 22.1002-1(c)-(f).,MEDIUM
22,22.001_def_ServiceEmployee,P_22_001_def_ServiceEmployee,"Service employee means any person engaged in the performance of a service contract other than any person employed in a bona fide executive, administrative, or professional capacity, as those terms are defined in 29 CFR part 541. The term includes all such persons regardless of any contractual relationship alleged to exist between a contractor or subcontractor and such persons.",P_22_001_def_ServiceEmployee_a (person engaged in service contract performance); P_22_001_def_ServiceEmployee_b (not in bona fide exec/admin/professional capacity per 29 CFR 541); P_22_001_def_ServiceEmployee_c (includes all regardless of alleged contractual relationship),P_22_001_def_ServiceEmployee <-> (P_22_001_def_ServiceEmployee_a ^ P_22_001_def_ServiceEmployee_b ^ P_22_001_def_ServiceEmployee_c),P_22_001_def_ServiceContract,Biconditional (Bicond): Rule 17; Conjunction (Conj): Rule 7,VALIDATED,PASS,PASS,Definitional biconditional with three conjunctive elements. Anti-avoidance clause in element c.,MEDIUM
22,22.001_def_WageDeterminations,P_22_001_def_WageDeterminations,Wage Determinations at SAM.gov means the Government internet website for both Construction Wage Rate Requirements statute and Service Contract Labor Standards statute wage determinations available at https://www.sam.gov.,P_22_001_def_WageDeterminations (Government website at SAM.gov for CWRR and SCLS wage determinations),P_22_001_def_WageDeterminations <-> (GovWebsite_SAM ^ CWRR_WageDeterminations ^ SCLS_WageDeterminations),None,Biconditional (Bicond): Rule 17; Conjunction (Conj): Rule 7,VALIDATED,PASS,PASS,Simple definitional biconditional. Dual purpose for both construction and service contract wage determinations.,HIGH
22,22.101-1,P_22_101_1,Agencies must maintain sound relations with industry and labor to ensure prompt receipt of information and that the Government obtains needed supplies and services without delay.,P_22_101_1 (parent of labor relations requirements),P_22_101_1_a ^ P_22_101_1_b,None,Conjunction (Conj): Rule 7,VALIDATED,PASS,PASS,Parent proposition. Both objectives conjunctively required.,HIGH
22,22.101-1(a),P_22_101_1_a,Agencies must maintain sound relations with industry and labor to ensure prompt receipt of information involving labor relations that may adversely affect the Government acquisition process.,P_22_101_1_a (prompt receipt of labor relations information affecting acquisition process),SoundRelations -> PromptReceiptOfLaborInfo,None,Material Implication (Impl): Rule 15 [HIGH-RISK],PENDING_REVIEW,PASS,PASS,Mandatory obligation (must). Sound relations is the means; prompt information receipt is the end.,MEDIUM
22,22.101-1(b),P_22_101_1_b,That the Government obtains needed supplies and services without delay. All matters regarding labor relations must be handled in accordance with agency procedures.,P_22_101_1_b_1 (Government obtains supplies/services without delay); P_22_101_1_b_2 (labor relations handled per agency procedures),P_22_101_1_b_1 ^ P_22_101_1_b_2,None,Conjunction (Conj): Rule 7,VALIDATED,PASS,PASS,Two mandatory requirements combined conjunctively.,HIGH
22,22.101-2,P_22_101_2,"Contractors must perform all contracts, so far as practicable, without using overtime, particularly as a regular employment practice, except when lower overall costs to the Government will result or when it is necessary to meet urgent program needs. Any approved overtime, extra-pay shifts, and multishifts should be scheduled to achieve these objectives.",P_22_101_2_a (perform without overtime so far as practicable); P_22_101_2_b (exception: lower overall costs); P_22_101_2_c (exception: urgent program needs); P_22_101_2_d (approved overtime scheduled to achieve objectives),(~(P_22_101_2_b v P_22_101_2_c) -> P_22_101_2_a) ^ ((P_22_101_2_b v P_22_101_2_c) -> P_22_101_2_d),None,Material Implication (Impl): Rule 15 [HIGH-RISK]; Conjunction (Conj): Rule 7; Negation (Neg): Rule 10; Addition (Add): Rule 8,PENDING_REVIEW,PASS,PASS,Default no overtime. Two disjunctive exceptions. Advisory 'should' for scheduling. Complex mandatory/permissive interaction.,MEDIUM
22,22.102-1,P_22_102_1,Solicitations normally must not specify delivery or performance schedules that may require overtime at Government expense.,P_22_102_1 (solicitations must not specify schedules requiring overtime at Gov expense normally),NormalCircumstances -> ~(SolicitationSchedule_RequiresOvertimeAtGovExpense),None,Material Implication (Impl): Rule 15 [HIGH-RISK]; Negation (Neg): Rule 10,PENDING_REVIEW,PASS,PASS,Qualified mandatory prohibition. 'Normally' introduces advisory flexibility.,MEDIUM
22,22.102-2,P_22_102_2,Contract clause requirements for labor dispute notification and overtime premium payment.,P_22_102_2 (parent of contract clause requirements),P_22_102_2_a ^ P_22_102_2_b,None,Conjunction (Conj): Rule 7,VALIDATED,PASS,PASS,Parent proposition aggregating two clause insertion requirements.,HIGH
22,22.102-2(a),P_22_102_2_a,"The head of the contracting activity may designate programs or requirements for which it is necessary that contractors be required to notify the Government of actual or potential labor disputes that are delaying or threaten to delay the timely contract performance. Insert the clause 52.222-1, Notice to the Government of Labor Disputes, in solicitations and contracts that involve programs or requirements that have been so designated.",P_22_102_2_a_1 (HCA may designate programs requiring labor dispute notification); P_22_102_2_a_2 (insert clause 52.222-1 when designated),(HCA_MayDesignate -> (Designate v ~Designate)) ^ (HCA_Designated -> InsertClause52_222_1),None,Material Implication (Impl): Rule 15 [HIGH-RISK]; Conjunction (Conj): Rule 7; Tautology (Taut): Rule 18,PENDING_REVIEW,PASS,PASS,"HCA has discretionary authority (may) to designate. Once designated, clause insertion is mandatory.",MEDIUM
22,22.102-2(b),P_22_102_2_b,"The contracting officer must include the clause at 52.222-2, Payment for Overtime Premiums, in solicitations and contracts when a cost-reimbursement contract is contemplated and the contract amount is expected to exceed the simplified acquisition threshold; unless (a) a cost-reimbursement contract for operation of vessels is contemplated, or (b) a cost-plus-incentive-fee contract that will provide a swing from the target fee of at least plus or minus 3 percent and a contractor's share of at least 10 percent is contemplated.",P_22_102_2_b_1 (CR contract contemplated); P_22_102_2_b_2 (exceeds SAT); P_22_102_2_b_3 (must include 52.222-2); P_22_102_2_b_4 (exception: CR for vessels); P_22_102_2_b_5 (exception: CPIF >=3% swing >=10% share),(P_22_102_2_b_1 ^ P_22_102_2_b_2 ^ ~P_22_102_2_b_4 ^ ~P_22_102_2_b_5) -> P_22_102_2_b_3,None,Material Implication (Impl): Rule 15 [HIGH-RISK]; Conjunction (Conj): Rule 7; Negation (Neg): Rule 10,PENDING_REVIEW,PASS,PASS,Conditional with conjunctive antecedent and two negated exceptions. Clause insertion mandatory when conditions met and no exceptions apply.,MEDIUM
22,22.103,P_22_103,Evaluation and award requirements regarding overtime considerations in negotiations.,P_22_103 (parent),P_22_103_a ^ P_22_103_b,None,Conjunction (Conj): Rule 7,VALIDATED,PASS,PASS,Parent aggregating negotiation guidance and overtime request requirements.,HIGH
22,22.103(a),P_22_103_a,"In negotiating contracts, contracting officers should, consistent with the Government's needs, attempt to ascertain overtime extent and negotiate without premiums or obtain from other sources.",P_22_103_a (parent of negotiation guidance),P_22_103_a_1 ^ P_22_103_a_2,None,Conjunction (Conj): Rule 7,VALIDATED,PASS,PASS,Parent. Advisory 'should' noted. Both subitems conjunctively describe approach.,HIGH
22,22.103(a)(1),P_22_103_a_1,Ascertain the extent that offers are based on the payment of overtime and shift premiums.,P_22_103_a_1 (CO should ascertain overtime/shift premium extent in offers),NegotiatingContract -> AscertainOvertimeExtent,None,Material Implication (Impl): Rule 15 [HIGH-RISK],PENDING_REVIEW,PASS,PASS,Advisory (should) conditional. Not binding but expected practice.,MEDIUM
22,22.103(a)(2),P_22_103_a_2,Negotiate contract prices or estimated costs without these premiums or obtain the requirement from other sources.,P_22_103_a_2_a (negotiate without premiums); P_22_103_a_2_b (obtain from other sources),NegotiatingContract -> (P_22_103_a_2_a v P_22_103_a_2_b),None,Material Implication (Impl): Rule 15 [HIGH-RISK]; Addition (Add): Rule 8,PENDING_REVIEW,PASS,PASS,Advisory disjunctive outcome. Either negotiate out premiums or find alternative sources.,MEDIUM
22,22.103(b),P_22_103_b,"When it becomes apparent during negotiations of applicable contracts (see 22.102-2(b)) that overtime will be required in contract performance, the contracting officer must secure from the contractor a request for all overtime to be used during the life of the contract, to the extent that the overtime can be estimated with reasonable certainty. The contractor's request must contain the information required by paragraph (b) of the clause at 52.222-2.",P_22_103_b_1 (overtime apparent during negotiations); P_22_103_b_2 (CO must secure contractor overtime request); P_22_103_b_3 (estimable with reasonable certainty); P_22_103_b_4 (request must contain info per 52.222-2(b)),(P_22_103_b_1 ^ P_22_103_b_3) -> (P_22_103_b_2 ^ P_22_103_b_4),P_22_102_2_b,Material Implication (Impl): Rule 15 [HIGH-RISK]; Conjunction (Conj): Rule 7,PENDING_REVIEW,PASS,PASS,Mandatory conditional. Overtime apparent + estimable triggers CO obligation to secure request with specified content.,MEDIUM
22,22.104-1,P_22_104_1,Postaward general requirements for labor dispute handling and reporting.,P_22_104_1 (parent),P_22_104_1_a ^ P_22_104_1_b ^ P_22_104_1_c,None,Conjunction (Conj): Rule 7,VALIDATED,PASS,PASS,Parent aggregating three postaward requirements.,HIGH
22,22.104-1(a),P_22_104_1_a,"Agencies must remain impartial concerning any dispute between labor and contractor management and not undertake the conciliation, mediation, or arbitration of a labor dispute. To the extent practicable, agencies should ensure that the parties to the dispute use all available methods for resolving the dispute, including the services of the NLRB, FMCS, NMB and other appropriate agencies.",P_22_104_1_a_1 (must remain impartial); P_22_104_1_a_2 (must not conciliate/mediate/arbitrate); P_22_104_1_a_3 (should ensure parties use all available dispute resolution),P_22_104_1_a_1 ^ ~(Conciliate v Mediate v Arbitrate) ^ P_22_104_1_a_3,None,Conjunction (Conj): Rule 7; Negation (Neg): Rule 10; Addition (Add): Rule 8,VALIDATED,PASS,PASS,Two mandatory (must) and one advisory (should). Impartiality and non-intervention mandatory; encouraging resolution advisory.,HIGH
22,22.104-1(b),P_22_104_1_b,The head of the contracting activity may designate programs or requirements for which it is necessary that contractors be required to notify the Government of actual or potential labor disputes that are delaying or threaten to delay the timely contract performance.,P_22_104_1_b (HCA may designate programs requiring contractor labor dispute notification),HCA_Authority -> (DesignatePrograms v ~DesignatePrograms),None,Tautology (Taut): Rule 18; Material Implication (Impl): Rule 15 [HIGH-RISK],PENDING_REVIEW,PASS,PASS,Permissive 'may' = discretionary authority. Tautology captures discretion.,MEDIUM
22,22.104-1(c),P_22_104_1_c,"The office administering the contract must report, in accordance with agency procedures, any potential or actual labor disputes that may interfere with performing any contracts under its cognizance. If a contract contains the clause at 52.222-1, the contractor also must report any actual or potential dispute that may delay contract performance.","P_22_104_1_c_1 (admin office must report labor disputes per agency procedures); P_22_104_1_c_2 (if clause 52.222-1 included, contractor must also report)",P_22_104_1_c_1 ^ (Clause52_222_1_Included -> P_22_104_1_c_2),P_22_102_2_a,Conjunction (Conj): Rule 7; Material Implication (Impl): Rule 15 [HIGH-RISK],PENDING_REVIEW,PASS,PASS,Dual reporting requirement. Admin office always mandatory. Contractor conditional on clause presence.,MEDIUM
22,22.104-2,P_22_104_2,Overtime approval requirements and procedures.,P_22_104_2 (parent),P_22_104_2_a ^ P_22_104_2_b ^ P_22_104_2_c ^ P_22_104_2_d ^ P_22_104_2_e ^ P_22_104_2_f ^ P_22_104_2_g ^ P_22_104_2_h ^ P_22_104_2_i,None,Conjunction (Conj): Rule 7,VALIDATED,PASS,PASS,Parent aggregating all overtime approval paragraphs (a)-(i).,HIGH
22,22.104-2(a),P_22_104_2_a,The contracting officer must review the contractor's request for overtime. Approval of the use of overtime may be granted by an agency approving official after determining in writing that overtime is necessary to meet criteria (1)-(3).,P_22_104_2_a (parent of overtime criteria),CO_ReviewRequired ^ (WrittenDetermination ^ (P_22_104_2_a_1 v P_22_104_2_a_2 v P_22_104_2_a_3) -> (OvertimeApproval v ~OvertimeApproval)),None,Conjunction (Conj): Rule 7; Material Implication (Impl): Rule 15 [HIGH-RISK]; Addition (Add): Rule 8; Tautology (Taut): Rule 18,PENDING_REVIEW,PASS,PASS,CO review mandatory. Approval permissive (may) requiring written determination and at least one of three criteria.,MEDIUM
22,22.104-2(a)(1),P_22_104_2_a_1,Meet essential delivery or performance schedules.,P_22_104_2_a_1 (overtime necessary to meet essential delivery/performance schedules),OvertimeNecessary_EssentialSchedules,None,Conjunction (Conj): Rule 7,VALIDATED,PASS,PASS,One of three disjunctive overtime approval criteria.,HIGH
22,22.104-2(a)(2),P_22_104_2_a_2,Make up for delays beyond the control and without the fault or negligence of the contractor.,P_22_104_2_a_2_a (delays beyond contractor control); P_22_104_2_a_2_b (without contractor fault/negligence),P_22_104_2_a_2_a ^ P_22_104_2_a_2_b,None,Conjunction (Conj): Rule 7,VALIDATED,PASS,PASS,Conjunctive: both beyond control AND without fault required.,HIGH
22,22.104-2(a)(3),P_22_104_2_a_3,Eliminate foreseeable extended production bottlenecks that cannot be eliminated in any other way.,P_22_104_2_a_3_a (foreseeable extended bottleneck); P_22_104_2_a_3_b (cannot be eliminated otherwise),P_22_104_2_a_3_a ^ P_22_104_2_a_3_b,None,Conjunction (Conj): Rule 7,VALIDATED,PASS,PASS,Conjunctive: foreseeability and no alternative remedy. Last-resort justification.,HIGH
22,22.104-2(b),P_22_104_2_b,Approval by the designated official of use and total dollar amount of overtime is required before inclusion of an amount in paragraph (a) of the clause at 52.222-2.,P_22_104_2_b (approval required before overtime amount in clause 52.222-2(a)),IncludeOvertimeInClause52_222_2_a -> DesignatedOfficialApproval_Prior,P_22_102_2_b,Material Implication (Impl): Rule 15 [HIGH-RISK],PENDING_REVIEW,PASS,PASS,Mandatory prerequisite. Approval must precede clause inclusion.,MEDIUM
22,22.104-2(c),P_22_104_2_c,Contracting officer approval of payment of overtime premiums is required for time-and-materials and labor-hour contracts (see paragraph (a)(8) of the clause at 52.232-7).,P_22_104_2_c (CO approval required for T&M/LH overtime premiums),(T_and_M v LaborHour) -> CO_ApprovalRequired_OvertimePremiums,None,Material Implication (Impl): Rule 15 [HIGH-RISK]; Addition (Add): Rule 8,PENDING_REVIEW,PASS,PASS,Conditional with disjunctive antecedent. Either T&M or LH triggers mandatory CO approval.,MEDIUM
22,22.104-2(d),P_22_104_2_d,No approvals are required for paying overtime premiums under other types of contracts.,P_22_104_2_d (no approval for other contract types),~(T_and_M v LaborHour v CostReimbursement) -> ~ApprovalRequired,P_22_104_2_b; P_22_104_2_c,Material Implication (Impl): Rule 15 [HIGH-RISK]; Negation (Neg): Rule 10,PENDING_REVIEW,PASS,PASS,"Negated conditional. For contract types not covered by (b) or (c), no approval needed.",MEDIUM
22,22.104-2(e),P_22_104_2_e,"Approvals by the agency approving official may be for an individual contract, project, program, plant, division, or company, as practical.",P_22_104_2_e (approval scope flexibility),AgencyApproval -> (Contract v Project v Program v Plant v Division v Company),P_22_104_2_a,Material Implication (Impl): Rule 15 [HIGH-RISK]; Addition (Add): Rule 8,PENDING_REVIEW,PASS,PASS,Permissive scope flexibility. Six disjunctive scope options.,MEDIUM
22,22.104-2(f),P_22_104_2_f,"During contract performance, contractor requests for overtime exceeding the amount authorized by paragraph (a) of the clause at 52.222-2 must be submitted to the office administering the contract. That office reviews and if approved forwards to CO. If CO determines overtime should be approved, CO must request agency approving official approval and modify the clause.",P_22_104_2_f_1 (submit excess request to admin office); P_22_104_2_f_2 (admin office reviews/forwards); P_22_104_2_f_3 (CO determines approval); P_22_104_2_f_4 (CO requests agency official approval); P_22_104_2_f_5 (CO modifies clause),ExceedsAuthorized -> P_22_104_2_f_1 ^ (AdminApproves -> P_22_104_2_f_2) ^ (CO_Determines -> (P_22_104_2_f_4 ^ P_22_104_2_f_5)),P_22_104_2_a; P_22_104_2_b,Material Implication (Impl): Rule 15 [HIGH-RISK]; Conjunction (Conj): Rule 7,PENDING_REVIEW,PASS,PASS,Multi-step sequential process with cascading implications. Complex conditional chain with multiple actors.,LOW
22,22.104-2(g),P_22_104_2_g,"Overtime premiums at Government expense should not be approved when the contractor is already obligated, without the right to additional compensation, to meet the required delivery date.",P_22_104_2_g_1 (contractor already obligated); P_22_104_2_g_2 (no right to additional compensation); P_22_104_2_g_3 (overtime should not be approved),(P_22_104_2_g_1 ^ P_22_104_2_g_2) -> P_22_104_2_g_3,None,Material Implication (Impl): Rule 15 [HIGH-RISK]; Conjunction (Conj): Rule 7,PENDING_REVIEW,PASS,PASS,Advisory prohibition (should not). Contractor obligation without additional compensation rights discourages overtime at Gov expense.,MEDIUM
22,22.104-2(h),P_22_104_2_h,"When overtime is authorized, the admin office and auditor should periodically review overtime use for allowability per Part 31. Only overtime premiums for individually evaluated and confirmed departments shall be considered for approval.",P_22_104_2_h_1 (periodic review by admin office and auditor); P_22_104_2_h_2 (allowability per Part 31); P_22_104_2_h_3 (only individually evaluated departments approved),OvertimeAuthorized -> (P_22_104_2_h_1 ^ P_22_104_2_h_2 ^ P_22_104_2_h_3),P_31,Material Implication (Impl): Rule 15 [HIGH-RISK]; Conjunction (Conj): Rule 7,PENDING_REVIEW,PASS,PASS,Mixed advisory/mandatory. Review is advisory (should). Individual evaluation is mandatory (shall). External dep to Part 31.,MEDIUM
22,22.104-2(i),P_22_104_2_i,"Approvals for using overtime shall ordinarily be prospective, but, if justified by emergency circumstances, approvals may be retroactive.",P_22_104_2_i_1 (ordinarily prospective); P_22_104_2_i_2 (emergency may justify retroactive),P_22_104_2_i_1 ^ (EmergencyCircumstances -> (Retroactive v ~Retroactive)),None,Conjunction (Conj): Rule 7; Material Implication (Impl): Rule 15 [HIGH-RISK]; Tautology (Taut): Rule 18,PENDING_REVIEW,PASS,PASS,Default prospective (mandatory shall ordinarily). Emergency exception permissive (may). Tautology captures discretion.,MEDIUM
22,22.201-1,P_22_201_1,"Executive Order 11755, December 29, 1973, as amended by Executive Order 12608 and 12943, does not prohibit the contractor from employing certain persons as stated in paragraph (b) of clause 52.222-3.",P_22_201_1 (EO 11755 amended permits certain employment per 52.222-3(b)),EO_11755_Amended -> ~ProhibitEmployment_52_222_3_b,None,Material Implication (Impl): Rule 15 [HIGH-RISK]; Negation (Neg): Rule 10,PENDING_REVIEW,PASS,PASS,Negative implication: EO permits (does not prohibit) employment of certain persons per clause.,MEDIUM
22,22.201-2,P_22_201_2,"Insert clause 52.222-3, Convict Labor, in solicitations and contracts above MPT, when performed in US/territories; unless exceptions (a)-(c) apply.",P_22_201_2_1 (above MPT); P_22_201_2_2 (performed in US/territories); P_22_201_2_3 (insert 52.222-3),(P_22_201_2_1 ^ P_22_201_2_2 ^ ~P_22_201_2_a ^ ~P_22_201_2_b ^ ~P_22_201_2_c) -> P_22_201_2_3,None,Material Implication (Impl): Rule 15 [HIGH-RISK]; Conjunction (Conj): Rule 7; Negation (Neg): Rule 10,PENDING_REVIEW,PASS,PASS,Mandatory clause insertion with conjunctive conditions and three negated exceptions.,MEDIUM
22,22.201-2_except,P_22_201_2_except,Exceptions to convict labor clause insertion.,P_22_201_2_except (parent),P_22_201_2_a v P_22_201_2_b v P_22_201_2_c,None,Addition (Add): Rule 8,VALIDATED,PASS,PASS,Disjunctive parent. Any one exception removes requirement.,HIGH
22,22.201-2(a),P_22_201_2_a,Contract subject to 41 U.S.C. chapter 65 with separate convict labor prohibition.,P_22_201_2_a (subject to 41 USC ch 65),SubjectTo_41USC_Ch65 -> ~RequireClause52_222_3,P_22_602,Material Implication (Impl): Rule 15 [HIGH-RISK]; Negation (Neg): Rule 10,PENDING_REVIEW,PASS,PASS,Separate statute exception.,MEDIUM
22,22.201-2(b),P_22_201_2_b,"Supplies or services purchased from Federal Prison Industries, Inc.",P_22_201_2_b (purchased from FPI),PurchaseFromFPI -> ~RequireClause52_222_3,P_8_6,Material Implication (Impl): Rule 15 [HIGH-RISK]; Negation (Neg): Rule 10,PENDING_REVIEW,PASS,PASS,FPI exception. Separately governed.,MEDIUM
22,22.201-2(c),P_22_201_2_c,"Purchase from State prison of finished supplies available on open market or from existing stocks, not requiring special fabrication.",P_22_201_2_c_1 (State prison); P_22_201_2_c_2 (finished/open market/existing stocks); P_22_201_2_c_3 (not special fabrication),(P_22_201_2_c_1 ^ P_22_201_2_c_2 ^ P_22_201_2_c_3) -> ~RequireClause52_222_3,None,Material Implication (Impl): Rule 15 [HIGH-RISK]; Conjunction (Conj): Rule 7; Negation (Neg): Rule 10,PENDING_REVIEW,PASS,PASS,Three conjunctive conditions for State prison exception.,MEDIUM
22,22.301-1,P_22_301_1,"General provisions of 40 U.S.C. chapter 37, CWHSSA.",P_22_301_1 (parent),P_22_301_1_a ^ P_22_301_1_b ^ P_22_301_1_c ^ P_22_301_1_d,None,Conjunction (Conj): Rule 7,VALIDATED,PASS,PASS,Parent of four CWHSSA general provisions.,HIGH
22,22.301-1(a),P_22_301_1_a,40 U.S.C. ch 37 requires certain contracts contain a clause: no laborer/mechanic >40 hrs/week without 1.5x basic rate of pay.,P_22_301_1_a_1 (certain contracts must contain clause); P_22_301_1_a_2 (>40 hrs triggers 1.5x pay),CertainContracts -> (ClauseRequired ^ (WorkOver40hrs -> Pay_1_5x)),None,Material Implication (Impl): Rule 15 [HIGH-RISK]; Conjunction (Conj): Rule 7,PENDING_REVIEW,PASS,PASS,Statutory requirement with nested conditional. Certain contracts trigger clause with overtime pay condition.,MEDIUM
22,22.301-1(b),P_22_301_1_b,"Secretary under 40 U.S.C. 3706, on own initiative or agency request, may provide limitations and allow variations, tolerances, and exemptions.",P_22_301_1_b_1 (on initiative or request); P_22_301_1_b_2 (may provide limitations/variations/tolerances/exemptions),(SecretaryInitiative v AgencyRequest) -> (P_22_301_1_b_2 v ~P_22_301_1_b_2),None,Material Implication (Impl): Rule 15 [HIGH-RISK]; Addition (Add): Rule 8; Tautology (Taut): Rule 18,PENDING_REVIEW,PASS,PASS,Permissive (may). Secretary discretion on initiative or request.,MEDIUM
22,22.301-1(c),P_22_301_1_c,"Secretary may make variations, tolerances, exemptions from 29 CFR when necessary/proper in public interest or to prevent injustice/undue hardship.",P_22_301_1_c_1 (may vary/exempt from 29 CFR); P_22_301_1_c_2 (public interest); P_22_301_1_c_3 (prevent injustice/hardship),(P_22_301_1_c_2 v P_22_301_1_c_3) -> (P_22_301_1_c_1 v ~P_22_301_1_c_1),None,Material Implication (Impl): Rule 15 [HIGH-RISK]; Addition (Add): Rule 8; Tautology (Taut): Rule 18,PENDING_REVIEW,PASS,PASS,Permissive with disjunctive trigger.,MEDIUM
22,22.301-1(d),P_22_301_1_d,"In this subpart, laborers or mechanics includes apprentices, trainees, helpers, watchmen, guards, firefighters, fireguards, dredging/rock excavation workers, but excludes seamen.",P_22_301_1_d_1 (inclusive list); P_22_301_1_d_2 (excludes seamen),LaborersMechanics_22_3 <-> (P_22_301_1_d_1 ^ ~Seaman),None,Biconditional (Bicond): Rule 17; Conjunction (Conj): Rule 7; Negation (Neg): Rule 10,VALIDATED,PASS,PASS,Definitional biconditional with explicit seaman exclusion.,HIGH
22,22.301-2,P_22_301_2,"Insert clause 52.222-4, CWHSSA Overtime Compensation, when contract may employ laborers/mechanics, subject to exceptions (a)-(g).",P_22_301_2 (parent),(EmploysLaborersMechanics ^ ~(P_22_301_2_a v P_22_301_2_b v P_22_301_2_c v P_22_301_2_d v P_22_301_2_e v P_22_301_2_f v P_22_301_2_g)) -> InsertClause52_222_4,None,Material Implication (Impl): Rule 15 [HIGH-RISK]; Conjunction (Conj): Rule 7; Negation (Neg): Rule 10,PENDING_REVIEW,PASS,PASS,Mandatory clause insertion with seven disjunctive exceptions.,MEDIUM
22,22.301-2_except,P_22_301_2_except,CWHSSA clause exceptions.,P_22_301_2_except (parent),P_22_301_2_a v P_22_301_2_b v P_22_301_2_c v P_22_301_2_d v P_22_301_2_e v P_22_301_2_f v P_22_301_2_g,None,Addition (Add): Rule 8,VALIDATED,PASS,PASS,Disjunctive exception parent.,HIGH
22,22.301-2(a),P_22_301_2_a,"Valued at or below $150,000.",P_22_301_2_a (contract <= $150K),Value_LTE_150K -> ~Clause52_222_4,None,Material Implication (Impl): Rule 15 [HIGH-RISK]; Negation (Neg): Rule 10,VALIDATED,PASS,PASS,Dollar threshold exception.,HIGH
22,22.301-2(b),P_22_301_2_b,For commercial products and commercial services.,P_22_301_2_b (commercial products/services),(CommercialProducts v CommercialServices) -> ~Clause52_222_4,None,Material Implication (Impl): Rule 15 [HIGH-RISK]; Addition (Add): Rule 8; Negation (Neg): Rule 10,VALIDATED,PASS,PASS,Commercial item exception.,HIGH
22,22.301-2(c),P_22_301_2_c,For transportation or the transmission of intelligence.,P_22_301_2_c (transportation/intelligence transmission),(Transportation v IntelTransmission) -> ~Clause52_222_4,None,Material Implication (Impl): Rule 15 [HIGH-RISK]; Addition (Add): Rule 8; Negation (Neg): Rule 10,VALIDATED,PASS,PASS,Subject matter exception.,HIGH
22,22.301-2(d),P_22_301_2_d,"Performed outside US, Puerto Rico, American Samoa, Guam, USVI, Johnston Island, Wake Island, and outer Continental Shelf.",P_22_301_2_d (outside US/territories),OutsideUS_Territories -> ~Clause52_222_4,None,Material Implication (Impl): Rule 15 [HIGH-RISK]; Negation (Neg): Rule 10,VALIDATED,PASS,PASS,Geographic exception.,HIGH
22,22.301-2(e),P_22_301_2_e,Work solely under 41 U.S.C. chapter 65.,P_22_301_2_e (solely under 41 USC ch 65),SolelyUnder_41USC_Ch65 -> ~Clause52_222_4,P_22_602,Material Implication (Impl): Rule 15 [HIGH-RISK]; Negation (Neg): Rule 10,PENDING_REVIEW,PASS,PASS,Statutory overlap exception.,MEDIUM
22,22.301-2(f),P_22_301_2_f,Supplies with incidental services not requiring substantial employment of laborers/mechanics.,P_22_301_2_f_1 (supply contract); P_22_301_2_f_2 (incidental services); P_22_301_2_f_3 (no substantial labor employment),(P_22_301_2_f_1 ^ P_22_301_2_f_2 ^ P_22_301_2_f_3) -> ~Clause52_222_4,None,Material Implication (Impl): Rule 15 [HIGH-RISK]; Conjunction (Conj): Rule 7; Negation (Neg): Rule 10,PENDING_REVIEW,PASS,PASS,Conjunctive exception. Judgment on substantial.,MEDIUM
22,22.301-2(g),P_22_301_2_g,Exempt under regulations of the Secretary of Labor (29 CFR 5.15).,P_22_301_2_g (exempt per SOL regs),Exempt_29CFR_5_15 -> ~Clause52_222_4,P_22_301_1_b; P_22_301_1_c,Material Implication (Impl): Rule 15 [HIGH-RISK]; Negation (Neg): Rule 10,PENDING_REVIEW,PASS,PASS,Catch-all regulatory exception.,MEDIUM
22,22.302,P_22_302,CWHSSA postaward requirements.,P_22_302 (parent),P_22_302_a ^ P_22_302_b ^ P_22_302_c ^ P_22_302_d ^ P_22_302_e,None,Conjunction (Conj): Rule 7,VALIDATED,PASS,PASS,Parent of five postaward provisions.,HIGH
22,22.302(a),P_22_302_a,"When overtime computation discloses underpayments, contractor must pay unpaid wages to employee and liquidated damages to Government.",P_22_302_a_1 (underpayments disclosed); P_22_302_a_2 (pay unpaid wages); P_22_302_a_3 (pay liquidated damages),P_22_302_a_1 -> (P_22_302_a_2 ^ P_22_302_a_3),None,Material Implication (Impl): Rule 15 [HIGH-RISK]; Conjunction (Conj): Rule 7,PENDING_REVIEW,PASS,PASS,Mandatory dual obligation triggered by underpayment discovery.,MEDIUM
22,22.302(b),P_22_302_b,CO must assess liquidated damages at rate per 29 CFR 5.5(b)(2) per employee per calendar day of violation. DOL adjusts annually by Jan 15.,P_22_302_b_1 (rate per 29 CFR 5.5(b)(2)); P_22_302_b_2 (per employee per day); P_22_302_b_3 (annual inflation adjustment Jan 15),OvertimeViolation -> (P_22_302_b_1 ^ P_22_302_b_2) ^ P_22_302_b_3,None,Material Implication (Impl): Rule 15 [HIGH-RISK]; Conjunction (Conj): Rule 7,PENDING_REVIEW,PASS,PASS,Mandatory assessment with specified methodology and annual adjustment.,MEDIUM
22,22.302(c),P_22_302_c,"If contractor noncompliant and withheld funds insufficient, make payments in priority order.",P_22_302_c (parent: payment priority),(NonCompliance ^ InsufficientFunds) -> (P_22_302_c_1 ^ P_22_302_c_2),None,Material Implication (Impl): Rule 15 [HIGH-RISK]; Conjunction (Conj): Rule 7,PENDING_REVIEW,PASS,PASS,Conditional triggering ordered payment priority.,MEDIUM
22,22.302(c)(1),P_22_302_c_1,Pay laborers and mechanics owed wages (or prorate if insufficient).,P_22_302_c_1_a (pay owed wages first); P_22_302_c_1_b (prorate if needed),Priority1 -> (PayWages v ProrateWages),None,Material Implication (Impl): Rule 15 [HIGH-RISK]; Addition (Add): Rule 8,PENDING_REVIEW,PASS,PASS,First priority: worker wages.,MEDIUM
22,22.302(c)(2),P_22_302_c_2,Pay liquidated damages.,P_22_302_c_2 (second priority),Priority2 -> PayLiquidatedDamages,P_22_302_c_1,Material Implication (Impl): Rule 15 [HIGH-RISK],PENDING_REVIEW,PASS,PASS,Second priority after wages.,MEDIUM
22,22.302(d),P_22_302_d,"If agency head finds damages incorrect or contractor inadvertently violated with due care, may take actions (1)-(3).",P_22_302_d (parent),(IncorrectDamages v (InadvertentViolation ^ DueCare)) -> (P_22_302_d_1 v P_22_302_d_2 v P_22_302_d_3 v ~Action),P_22_302_a,Material Implication (Impl): Rule 15 [HIGH-RISK]; Addition (Add): Rule 8; Conjunction (Conj): Rule 7; Tautology (Taut): Rule 18,PENDING_REVIEW,PASS,PASS,Permissive (may) with disjunctive trigger and disjunctive discretionary actions.,MEDIUM
22,22.302(d)(1),P_22_302_d_1,Reduce liquidated damages of $500 or less.,P_22_302_d_1 (may reduce <= $500),(Damages_LTE_500 ^ P_22_302_d) -> (Reduce v ~Reduce),P_22_302_d,Material Implication (Impl): Rule 15 [HIGH-RISK]; Tautology (Taut): Rule 18,PENDING_REVIEW,PASS,PASS,Permissive reduction. $500 threshold.,MEDIUM
22,22.302(d)(2),P_22_302_d_2,Release from liability for damages of $500 or less.,P_22_302_d_2 (may release <= $500),(Damages_LTE_500 ^ P_22_302_d) -> (Release v ~Release),P_22_302_d,Material Implication (Impl): Rule 15 [HIGH-RISK]; Tautology (Taut): Rule 18,PENDING_REVIEW,PASS,PASS,Permissive full release. Same threshold.,MEDIUM
22,22.302(d)(3),P_22_302_d_3,Recommend Secretary reduce or waive damages over $500.,P_22_302_d_3 (may recommend > $500),(Damages_GT_500 ^ P_22_302_d) -> (Recommend v ~Recommend),P_22_302_d; P_22_001_def_Secretary,Material Implication (Impl): Rule 15 [HIGH-RISK]; Tautology (Taut): Rule 18,PENDING_REVIEW,PASS,PASS,Permissive recommendation. Agency head recommends; Secretary decides.,MEDIUM
22,22.302(e),P_22_302_e,Construction contract procedures in 22.404-2 also apply to CWHSSA investigations on non-construction contracts.,P_22_302_e (22.404-2 procedures apply to non-construction CWHSSA investigations),CWHSSA_Investigation_NonConstruction -> Apply_22_404_2,P_22_404_2,Material Implication (Impl): Rule 15 [HIGH-RISK],PENDING_REVIEW,PASS,PASS,Cross-application of construction investigation procedures.,MEDIUM
22,22.401,P_22_401,"Definitions for Subpart 22.4, Labor Standards for Construction.",P_22_401 (parent),P_22_401_def_Apprentice ^ P_22_401_def_Construction ^ P_22_401_def_LaborersMechanics ^ P_22_401_def_PublicBuildingWork ^ P_22_401_def_SiteOfWork ^ P_22_401_def_Trainee ^ P_22_401_def_Wages,None,Conjunction (Conj): Rule 7,VALIDATED,PASS,PASS,Parent of all Subpart 22.4 definitions.,HIGH
22,22.401_def_Apprentice,P_22_401_def_Apprentice,Apprentice means a person meeting criteria (1) or (2).,P_22_401_def_Apprentice (parent),Apprentice <-> (P_22_401_def_Apprentice_1 v P_22_401_def_Apprentice_2),None,Biconditional (Bicond): Rule 17; Addition (Add): Rule 8,VALIDATED,PASS,PASS,Disjunctive qualification paths.,HIGH
22,22.401_def_Apprentice(1),P_22_401_def_Apprentice_1,Employed and individually registered in bona fide apprenticeship program registered with OATELS or recognized State agency.,P_22_401_def_Apprentice_1_a (employed/registered); P_22_401_def_Apprentice_1_b (OATELS or State agency),P_22_401_def_Apprentice_1_a ^ (OATELS v StateAgency),None,Conjunction (Conj): Rule 7; Addition (Add): Rule 8,VALIDATED,PASS,PASS,Conjunctive employment/registration with disjunctive program source.,HIGH
22,22.401_def_Apprentice(2),P_22_401_def_Apprentice_2,"First 90 days probationary, not individually registered, but certified eligible by OATELS or State agency.",P_22_401_def_Apprentice_2_a (first 90 days); P_22_401_def_Apprentice_2_b (not registered); P_22_401_def_Apprentice_2_c (certified eligible),P_22_401_def_Apprentice_2_a ^ P_22_401_def_Apprentice_2_b ^ P_22_401_def_Apprentice_2_c,None,Conjunction (Conj): Rule 7,VALIDATED,PASS,PASS,Three conjunctive conditions for probationary status.,HIGH
22,22.401_def_Construction,P_22_401_def_Construction,"Construction, alteration, or repair means all types of work done by laborers/mechanics on a building or work at the site, including types (1)-(5).",P_22_401_def_Construction (parent),P_22_401_def_Construction_1 ^ P_22_401_def_Construction_2 ^ P_22_401_def_Construction_3 ^ P_22_401_def_Construction_4 ^ P_22_401_def_Construction_5,None,Conjunction (Conj): Rule 7,VALIDATED,PASS,PASS,Parent of five inclusive work types.,HIGH
22,22.401_def_Construction(1),P_22_401_def_Construction_1,"Altering, remodeling, installation on site of items fabricated off-site.",P_22_401_def_Construction_1 (alter/remodel/install on-site),Construction_Includes_AlterRemodeInstall,None,Conjunction (Conj): Rule 7,VALIDATED,PASS,PASS,Inclusive element.,HIGH
22,22.401_def_Construction(2),P_22_401_def_Construction_2,Painting and decorating.,P_22_401_def_Construction_2 (paint/decorate),Construction_Includes_PaintDecorate,None,Conjunction (Conj): Rule 7,VALIDATED,PASS,PASS,Inclusive element.,HIGH
22,22.401_def_Construction(3),P_22_401_def_Construction_3,Manufacturing or furnishing materials on the site of the work.,P_22_401_def_Construction_3 (on-site manufacturing),Construction_Includes_ManufactureOnSite,None,Conjunction (Conj): Rule 7,VALIDATED,PASS,PASS,On-site requirement is critical distinction.,HIGH
22,22.401_def_Construction(4),P_22_401_def_Construction_4,Transportation of materials between site-of-work locations per definition paragraphs (1)(i)/(ii) and paragraph (2).,P_22_401_def_Construction_4 (transport between defined sites),Construction_Includes_TransportBetweenSites,P_22_401_def_SiteOfWork,Conjunction (Conj): Rule 7,VALIDATED,PASS,PASS,Cross-ref to site-of-work definition.,MEDIUM
22,22.401_def_Construction(5),P_22_401_def_Construction_5,Transportation of building portions between secondary site (1)(ii) and primary site (1)(i).,P_22_401_def_Construction_5 (transport secondary to primary),Construction_Includes_TransportSecondaryToPrimary,P_22_401_def_SiteOfWork,Conjunction (Conj): Rule 7,VALIDATED,PASS,PASS,Cross-ref to site-of-work definition paragraphs.,MEDIUM
22,22.401_def_LaborersMechanics,P_22_401_def_LaborersMechanics,Laborers or mechanics definition.,P_22_401_def_LaborersMechanics (parent),P_22_401_def_LaborersMechanics_1 ^ P_22_401_def_LaborersMechanics_2,None,Conjunction (Conj): Rule 7,VALIDATED,PASS,PASS,Parent of inclusive (1) and exclusive (2) definitions.,HIGH
22,22.401_def_LaborersMechanics(1),P_22_401_def_LaborersMechanics_1,Means (inclusive categories).,P_22_401_def_LaborersMechanics_1 (parent),P_22_401_def_LaborersMechanics_1_i v P_22_401_def_LaborersMechanics_1_ii v P_22_401_def_LaborersMechanics_1_iii v P_22_401_def_LaborersMechanics_1_iv,None,Addition (Add): Rule 8,VALIDATED,PASS,PASS,Disjunctive. Any category satisfies.,HIGH
22,22.401_def_LaborersMechanics(1)(i),P_22_401_def_LaborersMechanics_1_i,"Workers at any tier whose duties are manual or physical (including tools/trade work), distinguished from mental or managerial.",P_22_401_def_LaborersMechanics_1_i (manual/physical duties),ManualPhysicalDuties ^ ~MentalManagerial,None,Conjunction (Conj): Rule 7; Negation (Neg): Rule 10,VALIDATED,PASS,PASS,"Core definition. Substance-based: duties control, not title.",HIGH
22,22.401_def_LaborersMechanics(1)(ii),P_22_401_def_LaborersMechanics_1_ii,"Apprentices, trainees, helpers, and for CWHSSA contracts: watchmen, guards, firefighters, fireguards, dredging/rock excavation workers (but not seamen).",P_22_401_def_LaborersMechanics_1_ii_a (apprentices/trainees/helpers always); P_22_401_def_LaborersMechanics_1_ii_b (watchmen/guards/etc. for CWHSSA only); P_22_401_def_LaborersMechanics_1_ii_c (excludes seamen),P_22_401_def_LaborersMechanics_1_ii_a ^ (CWHSSA -> P_22_401_def_LaborersMechanics_1_ii_b) ^ ~Seaman,P_22_301_1,Conjunction (Conj): Rule 7; Material Implication (Impl): Rule 15 [HIGH-RISK]; Negation (Neg): Rule 10,PENDING_REVIEW,PASS,PASS,Mixed unconditional/conditional inclusion. Watchmen etc. only under CWHSSA. Seaman exclusion universal.,MEDIUM
22,22.401_def_LaborersMechanics(1)(iii),P_22_401_def_LaborersMechanics_1_iii,"Working foremen >20% time on laborer/mechanic duties, not meeting 29 CFR 541, for time so spent.",P_22_401_def_LaborersMechanics_1_iii_a (>20% time); P_22_401_def_LaborersMechanics_1_iii_b (~29 CFR 541); P_22_401_def_LaborersMechanics_1_iii_c (time-limited),P_22_401_def_LaborersMechanics_1_iii_a ^ P_22_401_def_LaborersMechanics_1_iii_b ^ P_22_401_def_LaborersMechanics_1_iii_c,None,Conjunction (Conj): Rule 7,VALIDATED,PASS,PASS,Three conjunctive. Time-limited application.,HIGH
22,22.401_def_LaborersMechanics(1)(iv),P_22_401_def_LaborersMechanics_1_iv,Every person performing laborer/mechanic duties regardless of alleged contractual relationship.,P_22_401_def_LaborersMechanics_1_iv (substance over form),PerformsLaborerDuties -> LaborerMechanic_Regardless,None,Material Implication (Impl): Rule 15 [HIGH-RISK],PENDING_REVIEW,PASS,PASS,"Anti-avoidance. Performance controls, not contractual labels.",MEDIUM
22,22.401_def_LaborersMechanics(2),P_22_401_def_LaborersMechanics_2,"Excludes workers with primarily executive, supervisory (except (1)(iii)), admin, or clerical duties. Persons in bona fide exec/admin/professional capacity per 29 CFR 541 excluded.",P_22_401_def_LaborersMechanics_2_a (excludes exec/supervisory/admin/clerical); P_22_401_def_LaborersMechanics_2_b (except foremen per (1)(iii)); P_22_401_def_LaborersMechanics_2_c (29 CFR 541 exclusion),(Exec v Supervisory v Admin v Clerical) ^ ~P_22_401_def_LaborersMechanics_1_iii -> ~LaborerMechanic,P_22_401_def_LaborersMechanics_1_iii,Material Implication (Impl): Rule 15 [HIGH-RISK]; Conjunction (Conj): Rule 7; Negation (Neg): Rule 10,PENDING_REVIEW,PASS,PASS,Exclusion with foreman carve-out. 29 CFR 541 external criteria.,MEDIUM
22,22.401_def_PublicBuildingWork,P_22_401_def_PublicBuildingWork,Public building or public work means building or work constructed/repaired directly by authority of or with funds of a Federal agency to serve public interest regardless of title.,P_22_401_def_PublicBuildingWork_a (construction/repair); P_22_401_def_PublicBuildingWork_b (Federal authority/funds); P_22_401_def_PublicBuildingWork_c (public interest); P_22_401_def_PublicBuildingWork_d (title irrelevant),PublicBuildingWork <-> (P_22_401_a ^ P_22_401_b ^ P_22_401_c ^ P_22_401_d),None,Biconditional (Bicond): Rule 17; Conjunction (Conj): Rule 7,VALIDATED,PASS,PASS,Four conjunctive elements. Title ownership irrelevant.,HIGH
22,22.401_def_SiteOfWork,P_22_401_def_SiteOfWork,Site of the work (parent).,P_22_401_def_SiteOfWork (parent),P_22_401_def_SiteOfWork_1 ^ P_22_401_def_SiteOfWork_2 ^ P_22_401_def_SiteOfWork_3,None,Conjunction (Conj): Rule 7,VALIDATED,PASS,PASS,"Parent: means (1), includes (2), excludes (3).",HIGH
22,22.401_def_SiteOfWork(1),P_22_401_def_SiteOfWork_1,Means primary and secondary sites.,P_22_401_def_SiteOfWork_1 (parent),P_22_401_def_SiteOfWork_1_i ^ P_22_401_def_SiteOfWork_1_ii,None,Conjunction (Conj): Rule 7,VALIDATED,PASS,PASS,Two-part means.,HIGH
22,22.401_def_SiteOfWork(1)(i),P_22_401_def_SiteOfWork_1_i,Primary site: physical place where construction will remain when complete.,P_22_401_def_SiteOfWork_1_i (primary site),PrimarySite <-> PhysicalPlaceConstructionRemains,None,Biconditional (Bicond): Rule 17,VALIDATED,PASS,PASS,Core primary site definition.,HIGH
22,22.401_def_SiteOfWork(1)(ii),P_22_401_def_SiteOfWork_1_ii,"Secondary site: any other site with significant portion constructed, provided located in US and established specifically for the contract/project.",P_22_401_def_SiteOfWork_1_ii_a (significant portion constructed); P_22_401_def_SiteOfWork_1_ii_b (in US); P_22_401_def_SiteOfWork_1_ii_c (established for contract),SecondarySite <-> (P_22_401_1_ii_a ^ P_22_401_1_ii_b ^ P_22_401_1_ii_c),None,Biconditional (Bicond): Rule 17; Conjunction (Conj): Rule 7,VALIDATED,PASS,PASS,Three conjunctive conditions for secondary site.,HIGH
22,22.401_def_SiteOfWork(2),P_22_401_def_SiteOfWork_2,"Except per (3), includes fabrication plants, mobile factories, batch plants, borrow pits, etc., if dedicated exclusively/nearly so and adjacent/virtually adjacent to primary or secondary site.",P_22_401_def_SiteOfWork_2_a (facilities); P_22_401_def_SiteOfWork_2_b (dedicated exclusively/nearly); P_22_401_def_SiteOfWork_2_c (adjacent/virtually adjacent),(P_22_401_2_a ^ P_22_401_2_b ^ P_22_401_2_c ^ ~P_22_401_def_SiteOfWork_3) -> SiteOfWork_Included,P_22_401_def_SiteOfWork_3,Material Implication (Impl): Rule 15 [HIGH-RISK]; Conjunction (Conj): Rule 7; Negation (Neg): Rule 10,PENDING_REVIEW,PASS,PASS,Conditional inclusion with three conditions and exception carve-out for (3).,MEDIUM
22,22.401_def_SiteOfWork(3),P_22_401_def_SiteOfWork_3,"Does not include permanent home offices, branch plants, fabrication plants, or tool yards determined without regard to a Federal contract. Excludes pre-existing commercial supplier facilities not on project site even if temporarily dedicated.",P_22_401_def_SiteOfWork_3_a (permanent facilities independent of contract); P_22_401_def_SiteOfWork_3_b (pre-existing supplier facilities),(PermanentFacility_NoContractRegard v PreExistingSupplier_NotOnSite) -> ~SiteOfWork,None,Material Implication (Impl): Rule 15 [HIGH-RISK]; Addition (Add): Rule 8; Negation (Neg): Rule 10,PENDING_REVIEW,PASS,PASS,Exclusion. Prevents overbroad site-of-work coverage.,MEDIUM
22,22.401_def_Trainee,P_22_401_def_Trainee,"Trainee: registered, receiving OJT in construction occupation, program pre-approved by DOL ETA OATELS, meeting standards, certified.",P_22_401_def_Trainee_a (registered/receiving OJT); P_22_401_def_Trainee_b (construction); P_22_401_def_Trainee_c (pre-approved by DOL); P_22_401_def_Trainee_d (meets standards/certified),Trainee <-> (P_22_401_a ^ P_22_401_b ^ P_22_401_c ^ P_22_401_d),None,Biconditional (Bicond): Rule 17; Conjunction (Conj): Rule 7,VALIDATED,PASS,PASS,Four conjunctive requirements. Pre-approval and certification both needed.,HIGH
22,22.401_def_Wages,P_22_401_def_Wages,Wages: basic hourly rate; irrevocable contributions to bona fide fringe benefit funds; reasonably anticipated fringe benefit costs per enforceable written commitment. Enumerated fringes. Excludes benefits required by other law.,P_22_401_def_Wages_a (basic hourly rate); P_22_401_def_Wages_b (irrevocable fringe contributions); P_22_401_def_Wages_c (anticipated fringe costs); P_22_401_def_Wages_d (enumerated fringes); P_22_401_def_Wages_e (excludes legally required benefits),Wages <-> ((P_22_401_a v P_22_401_b v P_22_401_c) ^ P_22_401_d ^ ~P_22_401_e),None,Biconditional (Bicond): Rule 17; Addition (Add): Rule 8; Conjunction (Conj): Rule 7; Negation (Neg): Rule 10,VALIDATED,PASS,PASS,"Complex. Three disjunctive wage components, enumerated fringes, exclusion for legally mandated benefits.",MEDIUM
22,22.402-1,P_22_402_1,Applicability of Subpart 22.4.,P_22_402_1 (parent),P_22_402_1_a ^ P_22_402_1_b,None,Conjunction (Conj): Rule 7,VALIDATED,PASS,PASS,Parent: construction (a) and nonconstruction with some construction (b).,HIGH
22,22.402-1(a),P_22_402_1_a,"Contracts in excess of $2,000 for construction work.",P_22_402_1_a (parent: >$2K construction),P_22_402_1_a_1 ^ P_22_402_1_a_2,None,Conjunction (Conj): Rule 7,VALIDATED,PASS,PASS,Parent: applicability (1) and non-applicability (2).,HIGH
22,22.402-1(a)(1),P_22_402_1_a_1,Requirements apply in these circumstances.,P_22_402_1_a_1 (parent: apply),P_22_402_1_a_1_i ^ P_22_402_1_a_1_ii ^ P_22_402_1_a_1_iii_fab ^ P_22_402_1_a_1_iii_paint,None,Conjunction (Conj): Rule 7,VALIDATED,PASS,PASS,Parent of applicability criteria.,HIGH
22,22.402-1(a)(1)(i),P_22_402_1_a_1_i,"Only if construction at particular site where wage rates can be determined, only to work by laborers/mechanics at the site.",P_22_402_1_a_1_i_a (particular site for locality wages); P_22_402_1_a_1_i_b (laborers/mechanics at site),(ParticularSite ^ WageRatesDeterminable ^ LaborersMechanicsAtSite) -> SubpartApplies,None,Material Implication (Impl): Rule 15 [HIGH-RISK]; Conjunction (Conj): Rule 7,PENDING_REVIEW,PASS,PASS,Conjunctive applicability conditions.,MEDIUM
22,22.402-1(a)(1)(ii),P_22_402_1_a_1_ii,To dismantling/demolition/removal if part of construction contract or construction anticipated by another contract per subpart 37.3.,P_22_402_1_a_1_ii_a (dismantling/demolition/removal); P_22_402_1_a_1_ii_b (part of contract or anticipated per 37.3),(DismantleDemolishRemove ^ (PartOfContract v AnticipatedPer37_3)) -> SubpartApplies,P_37_3,Material Implication (Impl): Rule 15 [HIGH-RISK]; Conjunction (Conj): Rule 7; Addition (Add): Rule 8,PENDING_REVIEW,PASS,PASS,Demolition applicability with disjunctive contract linkage.,MEDIUM
22,22.402-1(a)(1)(iii)_fab,P_22_402_1_a_1_iii_fab,To manufacture/fabrication of construction materials on site by contractor/subcontractor under contract subject to this subpart.,P_22_402_1_a_1_iii_fab (on-site fabrication),(OnSiteFabrication ^ SubjectToSubpart) -> SubpartApplies,None,Material Implication (Impl): Rule 15 [HIGH-RISK]; Conjunction (Conj): Rule 7,PENDING_REVIEW,PASS,PASS,On-site manufacturing applicability.,MEDIUM
22,22.402-1(a)(1)(iii)_paint,P_22_402_1_a_1_iii_paint,"To painting of public buildings/works, whether original construction or alteration/repair.",P_22_402_1_a_1_iii_paint (painting regardless of context),PaintingPublicBuildings -> SubpartApplies,None,Material Implication (Impl): Rule 15 [HIGH-RISK],PENDING_REVIEW,PASS,PASS,Broad painting applicability.,MEDIUM
22,22.402-1(a)(2),P_22_402_1_a_2,Requirements do not apply to these circumstances.,P_22_402_1_a_2 (parent: non-applicability),P_22_402_1_a_2_i v P_22_402_1_a_2_ii v P_22_402_1_a_2_iii v P_22_402_1_a_2_iv,None,Addition (Add): Rule 8,VALIDATED,PASS,PASS,Disjunctive exclusions.,HIGH
22,22.402-1(a)(2)(i),P_22_402_1_a_2_i,Manufacturing components off-site or delivery by commercial supplier.,P_22_402_1_a_2_i (off-site commercial manufacturing/delivery),OffSiteManufacturing_CommercialSupplier -> ~SubpartApplies,None,Material Implication (Impl): Rule 15 [HIGH-RISK]; Negation (Neg): Rule 10,VALIDATED,PASS,PASS,Off-site excluded.,HIGH
22,22.402-1(a)(2)(ii),P_22_402_1_a_2_ii,Construction inseparable from R&D or that is itself the subject of R&D.,P_22_402_1_a_2_ii_a (inseparable from R&D); P_22_402_1_a_2_ii_b (subject of R&D),(InseparableFromRD v SubjectOfRD) -> ~SubpartApplies,None,Material Implication (Impl): Rule 15 [HIGH-RISK]; Addition (Add): Rule 8; Negation (Neg): Rule 10,PENDING_REVIEW,PASS,PASS,R&D exception. Disjunctive trigger.,MEDIUM
22,22.402-1(a)(2)(iii),P_22_402_1_a_2_iii,Railroad employees under Railway Labor Act CBAs.,P_22_402_1_a_2_iii (railroad/RLA/CBA employees),RailroadEmployee_RLA_CBA -> ~SubpartApplies,None,Material Implication (Impl): Rule 15 [HIGH-RISK]; Negation (Neg): Rule 10,VALIDATED,PASS,PASS,Statutory exception.,HIGH
22,22.402-1(a)(2)(iv),P_22_402_1_a_2_iv,"Employees at permanent facilities not at site. However, if they go to site and perform construction, requirements apply for actual time (travel excluded unless transporting materials).",P_22_402_1_a_2_iv_a (permanent facility not at site = excluded); P_22_402_1_a_2_iv_b (at site performing construction = applies for that time); P_22_402_1_a_2_iv_c (travel excluded unless transporting materials),PermanentFacility -> ~SubpartApplies ^ (GoToSite ^ PerformConstruction -> SubpartApplies_TimeSpent) ^ (Travel ^ ~TransportMaterials -> ~SubpartApplies),P_22_401_def_SiteOfWork,Material Implication (Impl): Rule 15 [HIGH-RISK]; Conjunction (Conj): Rule 7; Negation (Neg): Rule 10,PENDING_REVIEW,PASS,PASS,Complex multi-conditional. Default exclusion with re-inclusion for actual site time. Travel nuance.,LOW
22,22.402-1(b),P_22_402_1_b,Nonconstruction contracts >$2K involving some construction.,P_22_402_1_b (parent),P_22_402_1_b_1 ^ P_22_402_1_b_2,None,Conjunction (Conj): Rule 7,VALIDATED,PASS,PASS,Parent: applicability (1) and non-applicability (2).,HIGH
22,22.402-1(b)(1),P_22_402_1_b_1,Requirements apply if all three conditions met.,P_22_402_1_b_1 (parent),(P_22_402_1_b_1_i ^ P_22_402_1_b_1_ii ^ P_22_402_1_b_1_iii) -> SubpartApplies_Nonconst,None,Material Implication (Impl): Rule 15 [HIGH-RISK]; Conjunction (Conj): Rule 7,PENDING_REVIEW,PASS,PASS,Three conjunctive conditions.,MEDIUM
22,22.402-1(b)(1)(i),P_22_402_1_b_1_i,Construction on public building or public work.,P_22_402_1_b_1_i (on public building/work),ConstructionOnPublicBuildingWork,P_22_401_def_PublicBuildingWork,Conjunction (Conj): Rule 7,VALIDATED,PASS,PASS,First condition.,HIGH
22,22.402-1(b)(1)(ii),P_22_402_1_b_1_ii,Specific requirements for substantial construction exceeding CWRR threshold (substantial = type/quantity not just value ratio).,P_22_402_1_b_1_ii_a (specific requirements); P_22_402_1_b_1_ii_b (substantial exceeding threshold); P_22_402_1_b_1_ii_c (substantial = type/quantity),P_22_402_1_b_1_ii_a ^ P_22_402_1_b_1_ii_b ^ P_22_402_1_b_1_ii_c,None,Conjunction (Conj): Rule 7,VALIDATED,PASS,PASS,Second condition with interpretive guidance on substantial.,HIGH
22,22.402-1(b)(1)(iii),P_22_402_1_b_1_iii,Construction physically or functionally separate and capable of segregated performance.,P_22_402_1_b_1_iii_a (physically/functionally separate); P_22_402_1_b_1_iii_b (capable of segregation),(PhysicallySeparate v FunctionallySeparate) ^ CapableOfSegregation,None,Conjunction (Conj): Rule 7; Addition (Add): Rule 8,VALIDATED,PASS,PASS,Third condition. Disjunctive separability plus conjunctive segregation.,HIGH
22,22.402-1(b)(2),P_22_402_1_b_2,Requirements do not apply if (i) or (ii).,P_22_402_1_b_2 (parent),P_22_402_1_b_2_i v P_22_402_1_b_2_ii,None,Addition (Add): Rule 8,VALIDATED,PASS,PASS,Disjunctive exceptions.,HIGH
22,22.402-2,P_22_402_2,Copeland Act provisions.,P_22_402_2 (parent),P_22_402_2_a ^ P_22_402_2_b,None,Conjunction (Conj): Rule 7,VALIDATED,PASS,PASS,Parent: Anti-Kickback + compliance statement.,HIGH
22,22.402-2(a),P_22_402_2_a,"Copeland Anti-Kickback Act (18 USC 874, 40 USC 3145) prohibits inducing persons employed in construction/repair of US-financed public works to surrender compensation.",P_22_402_2_a_1 (unlawful to induce); P_22_402_2_a_2 (person in construction/repair of public works); P_22_402_2_a_3 (US financed); P_22_402_2_a_4 (surrender compensation),(P_22_402_2_a_2 ^ P_22_402_2_a_3) -> ~Induce_SurrenderCompensation,None,Material Implication (Impl): Rule 15 [HIGH-RISK]; Conjunction (Conj): Rule 7; Negation (Neg): Rule 10,PENDING_REVIEW,PASS,PASS,Statutory prohibition. Conjunctive scope triggers absolute prohibition.,MEDIUM
22,22.402-2(b),P_22_402_2_b,Copeland Act requires weekly compliance statement on wages paid.,P_22_402_2_b (weekly compliance statement),ContractorSubcontractor -> WeeklyComplianceStatement,None,Material Implication (Impl): Rule 15 [HIGH-RISK],PENDING_REVIEW,PASS,PASS,Mandatory weekly reporting.,MEDIUM
22,22.402-3,P_22_402_3,Construction Wage Rate Requirements statute.,P_22_402_3 (parent),P_22_402_3_a ^ P_22_402_3_b,None,Conjunction (Conj): Rule 7,VALIDATED,PASS,PASS,Parent: CWRR requirement + wage determination procedures.,HIGH
22,22.402-3(a),P_22_402_3_a,40 USC ch 31 subch IV (formerly Davis-Bacon) requires contracts >$2K for construction/alteration/repair of public works in US must contain clause 52.222-6 requiring prevailing wages for laborers/mechanics at site.,P_22_402_3_a_1 (>$2K); P_22_402_3_a_2 (US/DC party); P_22_402_3_a_3 (construction of public works in US); P_22_402_3_a_4 (must include 52.222-6); P_22_402_3_a_5 (prevailing wage floor at site),(P_22_402_3_a_1 ^ P_22_402_3_a_2 ^ P_22_402_3_a_3) -> (P_22_402_3_a_4 ^ P_22_402_3_a_5),P_22_001_def_Secretary,Material Implication (Impl): Rule 15 [HIGH-RISK]; Conjunction (Conj): Rule 7,PENDING_REVIEW,PASS,PASS,Core Davis-Bacon requirement. Three conjunctive conditions trigger clause insertion and wage floor.,MEDIUM
22,22.402-3(b),P_22_402_3_b,CO must incorporate only appropriate wage determinations and designate applicable work.,P_22_402_3_b (parent),CO_IncorporateWD ^ CO_DesignateWork ^ P_22_402_3_b_1 ^ P_22_402_3_b_2,None,Conjunction (Conj): Rule 7,VALIDATED,PASS,PASS,Parent: general obligation + specific procedures.,HIGH
22,22.402-3(b)(1),P_22_402_3_b_1,"If no general WD on SAM.gov, agency must submit SF 308 to DOL for project WD.",P_22_402_3_b_1 (no general WD triggers SF 308 request),~GeneralWD_SAM -> SubmitSF308_DOL,P_22_001_def_WageDeterminations,Material Implication (Impl): Rule 15 [HIGH-RISK]; Negation (Neg): Rule 10,PENDING_REVIEW,PASS,PASS,Conditional mandatory. Absence triggers request.,MEDIUM
22,22.402-3(b)(1)(i),P_22_402_3_b_1_i,Project WD expires in 180 calendar days.,P_22_402_3_b_1_i (180-day expiration),ProjectWD -> Expires180Days,None,Material Implication (Impl): Rule 15 [HIGH-RISK],VALIDATED,PASS,PASS,Fixed timeframe rule.,HIGH
22,22.402-3(b)(1)(ii),P_22_402_3_b_1_ii,"If award not made before expiration, CO must request extension.",P_22_402_3_b_1_ii (no award + expired = request extension),(~AwardMade ^ WD_Expired) -> CO_RequestExtension,P_22_402_3_b_1_i,Material Implication (Impl): Rule 15 [HIGH-RISK]; Conjunction (Conj): Rule 7; Negation (Neg): Rule 10,PENDING_REVIEW,PASS,PASS,Mandatory conditional triggered by non-award before expiration.,MEDIUM
22,22.402-3(b)(2),P_22_402_3_b_2,CO must not include project WD in contracts/options other than those for which issued.,P_22_402_3_b_2 (project WD only for issued contracts),ProjectWD -> ~IncludeInOtherContracts,None,Material Implication (Impl): Rule 15 [HIGH-RISK]; Negation (Neg): Rule 10,VALIDATED,PASS,PASS,Mandatory prohibition on repurposing project WDs.,HIGH
22,22.402-4,P_22_402_4,"Solicitation provision and contract clauses implementing labor standards for contracts involving construction.","P_22_402_4 = Parent proposition aggregating all clause insertion requirements for construction labor standards contracts.","P_22_402_4_a ^ P_22_402_4_b ^ P_22_402_4_c ^ P_22_402_4_d ^ P_22_402_4_e ^ P_22_402_4_f ^ P_22_402_4_g","DEFERRED","Conjunction (Conj): Rule 7","VALIDATED","PASS","PASS","Parent proposition. All subsections represent distinct clause insertion requirements that collectively implement labor standards. Conjunctive aggregation is appropriate since each addresses a different scenario or clause set.","HIGH"
22,22.402-4(a),P_22_402_4_a,"Insert the following clauses in solicitations and contracts in excess of $2,000 for construction within the United States: 52.222-6, 52.222-7, 52.222-8, 52.222-9, 52.222-10, 52.222-11, 52.222-12, 52.222-13, 52.222-14, 52.222-15.","P_22_402_4_a_a: Solicitation or contract is in excess of $2,000; P_22_402_4_a_b: Contract is for construction within the United States; P_22_402_4_a_c: The listed clauses (52.222-6 through 52.222-15) must be inserted","(P_22_402_4_a_a ^ P_22_402_4_a_b) -> P_22_402_4_a_c","P_52_222_6; P_52_222_7; P_52_222_8; P_52_222_9; P_52_222_10; P_52_222_11; P_52_222_12; P_52_222_13; P_52_222_14; P_52_222_15","Material Implication (Impl): Rule 15 [HIGH-RISK]; Conjunction (Conj): Rule 7","PENDING_REVIEW","PASS","PASS","Conditional trigger: contract value >$2,000 AND construction within US triggers mandatory clause insertion. HIGH-RISK flagged for implication. All 10 clauses required as conjunction. Parent of (a)(1)-(a)(10).","MEDIUM"
22,22.402-4(a)(1),P_22_402_4_a_1,"52.222-6, Construction Wage Rate Requirements.","P_22_402_4_a_1: Clause 52.222-6, Construction Wage Rate Requirements, must be inserted.","P_22_402_4_a_1","P_52_222_6","None","VALIDATED","PASS","PASS","Atomic clause insertion requirement. Part of conjunctive set under parent (a).","HIGH"
22,22.402-4(a)(2),P_22_402_4_a_2,"52.222-7, Withholding of Funds.","P_22_402_4_a_2: Clause 52.222-7, Withholding of Funds, must be inserted.","P_22_402_4_a_2","P_52_222_7","None","VALIDATED","PASS","PASS","Atomic clause insertion requirement.","HIGH"
22,22.402-4(a)(3),P_22_402_4_a_3,"52.222-8, Payrolls and Basic Records.","P_22_402_4_a_3: Clause 52.222-8, Payrolls and Basic Records, must be inserted.","P_22_402_4_a_3","P_52_222_8","None","VALIDATED","PASS","PASS","Atomic clause insertion requirement.","HIGH"
22,22.402-4(a)(4),P_22_402_4_a_4,"52.222-9, Apprentices and Trainees.","P_22_402_4_a_4: Clause 52.222-9, Apprentices and Trainees, must be inserted.","P_22_402_4_a_4","P_52_222_9","None","VALIDATED","PASS","PASS","Atomic clause insertion requirement.","HIGH"
22,22.402-4(a)(5),P_22_402_4_a_5,"52.222-10, Compliance with Copeland Act Requirements.","P_22_402_4_a_5: Clause 52.222-10, Compliance with Copeland Act Requirements, must be inserted.","P_22_402_4_a_5","P_52_222_10","None","VALIDATED","PASS","PASS","Atomic clause insertion requirement.","HIGH"
22,22.402-4(a)(6),P_22_402_4_a_6,"52.222-11, Subcontracts (Labor Standards).","P_22_402_4_a_6: Clause 52.222-11, Subcontracts (Labor Standards), must be inserted.","P_22_402_4_a_6","P_52_222_11","None","VALIDATED","PASS","PASS","Atomic clause insertion requirement.","HIGH"
22,22.402-4(a)(7),P_22_402_4_a_7,"52.222-12, Contract Termination-Debarment.","P_22_402_4_a_7: Clause 52.222-12, Contract Termination-Debarment, must be inserted.","P_22_402_4_a_7","P_52_222_12","None","VALIDATED","PASS","PASS","Atomic clause insertion requirement.","HIGH"
22,22.402-4(a)(8),P_22_402_4_a_8,"52.222-13, Compliance with Construction Wage Rate Requirements and Related Regulations.","P_22_402_4_a_8: Clause 52.222-13, Compliance with CWRR and Related Regulations, must be inserted.","P_22_402_4_a_8","P_52_222_13","None","VALIDATED","PASS","PASS","Atomic clause insertion requirement.","HIGH"
22,22.402-4(a)(9),P_22_402_4_a_9,"52.222-14, Disputes Concerning Labor Standards.","P_22_402_4_a_9: Clause 52.222-14, Disputes Concerning Labor Standards, must be inserted.","P_22_402_4_a_9","P_52_222_14","None","VALIDATED","PASS","PASS","Atomic clause insertion requirement.","HIGH"
22,22.402-4(a)(10),P_22_402_4_a_10,"52.222-15, Certification of Eligibility.","P_22_402_4_a_10: Clause 52.222-15, Certification of Eligibility, must be inserted.","P_22_402_4_a_10","P_52_222_15","None","VALIDATED","PASS","PASS","Atomic clause insertion requirement.","HIGH"
22,22.402-4(b),P_22_402_4_b,"Insert the clause 52.222-16, Approval of Wage Rates, in solicitations and contracts in excess of $2,000 for cost-reimbursement construction to be performed within the United States, except for contracts with a State or political subdivision thereof.","P_22_402_4_b_a: Solicitation or contract is in excess of $2,000; P_22_402_4_b_b: Contract is for cost-reimbursement construction within the US; P_22_402_4_b_c: Contract is not with a State or political subdivision; P_22_402_4_b_d: Clause 52.222-16 must be inserted","(P_22_402_4_b_a ^ P_22_402_4_b_b ^ P_22_402_4_b_c) -> P_22_402_4_b_d","P_52_222_16","Material Implication (Impl): Rule 15 [HIGH-RISK]; Conjunction (Conj): Rule 7","PENDING_REVIEW","PASS","PASS","Three conditions conjunctively trigger clause insertion: >$2K, cost-reimbursement construction in US, and not a State/subdivision contract. Exception modeled as negated condition in antecedent. HIGH-RISK for implication.","MEDIUM"
22,22.402-4(c),P_22_402_4_c,"A contract that is not primarily for construction may contain a requirement for some construction work to be performed in the United States. If under 22.402-1(b) the requirements of this subpart apply to the construction work, insert in such solicitations and contracts the applicable construction labor standards clauses required in this section and identify the item or items of construction work to which the clauses apply.","P_22_402_4_c_a: Contract is not primarily for construction but contains construction work requirement in US; P_22_402_4_c_b: Requirements of subpart apply under 22.402-1(b); P_22_402_4_c_c: Applicable construction labor standards clauses must be inserted; P_22_402_4_c_d: Items of construction work must be identified","(P_22_402_4_c_a ^ P_22_402_4_c_b) -> (P_22_402_4_c_c ^ P_22_402_4_c_d)","P_22_402_1_b","Material Implication (Impl): Rule 15 [HIGH-RISK]; Conjunction (Conj): Rule 7","PENDING_REVIEW","PASS","PASS","Mixed-requirement contract triggers two obligations: insert clauses AND identify construction items. Conditional on subpart applicability under 22.402-1(b). HIGH-RISK for implication.","MEDIUM"
22,22.402-4(d),P_22_402_4_d,"Insert the clause at 52.222-30, Construction Wage Rate Requirements-Price Adjustment (None or Separately Specified Pricing Method), in solicitations and contracts if the contract is expected to be a fixed-price or cost-reimbursable type contract subject to CWRR with option provisions.","P_22_402_4_d = Parent proposition for clause 52.222-30 insertion conditions.","P_22_402_4_d_1 v P_22_402_4_d_2","P_52_222_30","Addition (Add): Rule 8","VALIDATED","PASS","PASS","Parent with disjunctive structure. Either condition (d)(1) fixed-price or (d)(2) cost-reimbursable triggers the clause insertion requirement.","HIGH"
22,22.402-4(d)(1),P_22_402_4_d_1,"A fixed-price contract subject to the Construction Wage Rate Requirements statute that will contain option provisions by which the contracting officer may extend the term of the contract, and the contracting officer determines the most appropriate contract price adjustment method is the method at 22.404-1(h)(6)(i) or (ii).","P_22_402_4_d_1_a: Fixed-price contract subject to CWRR statute; P_22_402_4_d_1_b: Contract will contain option provisions to extend term; P_22_402_4_d_1_c: CO determines most appropriate method is at 22.404-1(h)(6)(i) or (ii)","P_22_402_4_d_1_a ^ P_22_402_4_d_1_b ^ P_22_402_4_d_1_c","P_22_404_1_h_6_i; P_22_404_1_h_6_ii","Conjunction (Conj): Rule 7; Addition (Add): Rule 8","VALIDATED","PASS","PASS","Three conjunctive conditions define when 52.222-30 applies to fixed-price contracts. The pricing method determination is itself disjunctive ((i) or (ii)).","HIGH"
22,22.402-4(d)(2),P_22_402_4_d_2,"A cost-reimbursable type contract subject to the Construction Wage Rate Requirements statute that will contain option provisions by which the contracting officer may extend the term of the contract.","P_22_402_4_d_2_a: Cost-reimbursable contract subject to CWRR statute; P_22_402_4_d_2_b: Contract will contain option provisions to extend term","P_22_402_4_d_2_a ^ P_22_402_4_d_2_b","DEFERRED","Conjunction (Conj): Rule 7","VALIDATED","PASS","PASS","Two conjunctive conditions for cost-reimbursable contracts. Simpler than (d)(1) since no pricing method determination required.","HIGH"
22,22.402-4(e),P_22_402_4_e,"Insert the clause at 52.222-31, Construction Wage Rate Requirements-Price Adjustment (Percentage Method), in solicitations and contracts if the contract is expected to be a fixed-price contract subject to the Construction Wage Rate Requirements statute that will contain option provisions by which the contracting officer may extend the term of the contract, and the contracting officer determines the most appropriate contract price adjustment method is the method at 22.404-1(h)(6)(iii).","P_22_402_4_e_a: Fixed-price contract subject to CWRR statute; P_22_402_4_e_b: Contract will contain option provisions to extend term; P_22_402_4_e_c: CO determines most appropriate method is at 22.404-1(h)(6)(iii); P_22_402_4_e_d: Clause 52.222-31 must be inserted","(P_22_402_4_e_a ^ P_22_402_4_e_b ^ P_22_402_4_e_c) -> P_22_402_4_e_d","P_52_222_31; P_22_404_1_h_6_iii","Material Implication (Impl): Rule 15 [HIGH-RISK]; Conjunction (Conj): Rule 7","PENDING_REVIEW","PASS","PASS","Three conjunctive conditions trigger clause insertion. Parallels (d)(1) structure but specifies percentage method. HIGH-RISK for implication.","MEDIUM"
22,22.402-4(f),P_22_402_4_f,"Insert the clause at 52.222-32, Construction Wage Rate Requirements-Price Adjustment (Actual Method), in solicitations and contracts if the contract is expected to be a fixed-price contract subject to the Construction Wage Rate Requirements statute that will contain option provisions by which the contracting officer may extend the term of the contract, and the contracting officer determines the most appropriate method to establish contract price is the method at 22.404-1(h)(6)(iv).","P_22_402_4_f_a: Fixed-price contract subject to CWRR statute; P_22_402_4_f_b: Contract will contain option provisions to extend term; P_22_402_4_f_c: CO determines most appropriate method is at 22.404-1(h)(6)(iv); P_22_402_4_f_d: Clause 52.222-32 must be inserted","(P_22_402_4_f_a ^ P_22_402_4_f_b ^ P_22_402_4_f_c) -> P_22_402_4_f_d","P_52_222_32; P_22_404_1_h_6_iv","Material Implication (Impl): Rule 15 [HIGH-RISK]; Conjunction (Conj): Rule 7","PENDING_REVIEW","PASS","PASS","Three conjunctive conditions trigger clause insertion. Parallels (d)(1) and (e) structure but specifies actual method. HIGH-RISK for implication.","MEDIUM"
22,22.402-4(g),P_22_402_4_g,"Insert the provision at 52.222-5, Construction Wage Rate Requirements-Secondary Site of the Work, in solicitations in excess of $2,000 for construction within the United States.","P_22_402_4_g_a: Solicitation is in excess of $2,000; P_22_402_4_g_b: Solicitation is for construction within the US; P_22_402_4_g_c: Provision 52.222-5 must be inserted","(P_22_402_4_g_a ^ P_22_402_4_g_b) -> P_22_402_4_g_c","P_52_222_5","Material Implication (Impl): Rule 15 [HIGH-RISK]; Conjunction (Conj): Rule 7","PENDING_REVIEW","PASS","PASS","Two conjunctive conditions trigger provision insertion. Note: this is a provision (solicitation only), not a clause. HIGH-RISK for implication.","MEDIUM"
22,22.402-5,P_22_402_5,"Executive Order (E.O.) 13658 established minimum wages for certain workers at $10.10 per hour. The E.O. 13658 rate has increased each year since 2015, rising to $11.25 on January 1, 2022. As of January 30, 2022, E.O. 13658 is superseded by E.O. 14026 to the extent that it is inconsistent with E.O. 14026; the minimum wage rate for certain workers is increased to $15.00 per hour. The wage rate is subject to annual increases by an amount determined by the Secretary of Labor. See subpart 22.19. The clause at 52.222-55, Minimum Wages for Contractor Workers under Executive Order 14026, requires the E.O. 14026 minimum wage rate to be paid if it is higher than other minimum wage rates, such as the subpart 22.4 statutory wage determination amount.","P_22_402_5_a: E.O. 13658 established minimum wage at $10.10/hr; P_22_402_5_b: E.O. 13658 is superseded by E.O. 14026 to extent of inconsistency as of January 30, 2022; P_22_402_5_c: E.O. 14026 minimum wage rate is $15.00/hr; P_22_402_5_d: Wage rate subject to annual increases determined by Secretary of Labor; P_22_402_5_e: Clause 52.222-55 requires E.O. 14026 rate to be paid if higher than other minimum wage rates","P_22_402_5_a ^ P_22_402_5_b ^ (P_22_402_5_b -> P_22_402_5_c) ^ P_22_402_5_d ^ ((P_22_402_5_c > OtherMinWageRate) -> P_22_402_5_e)","P_22_19; P_52_222_55","Conjunction (Conj): Rule 7; Material Implication (Impl): Rule 15 [HIGH-RISK]","PENDING_REVIEW","PASS","PASS","Declarative/descriptive section with embedded conditional: E.O. 14026 rate must be paid if higher than other rates. The supersession relationship and annual increase mechanism are factual statements. Uses 'will' (declarative) and 'requires' (mandatory). Comparison operator (>) is outside standard propositional logic operators but necessary for regulatory meaning. HIGH-RISK for implication.","MEDIUM"
22,22.403,P_22_403,"Evaluation and award.","P_22_403 = Parent proposition for evaluation and award procedures.","P_22_403_a ^ P_22_403_b ^ P_22_403_c ^ P_22_403_d ^ P_22_403_e ^ P_22_403_f","DEFERRED","Conjunction (Conj): Rule 7","VALIDATED","PASS","PASS","Parent aggregating all evaluation and award subsections. All represent distinct procedural requirements.","HIGH"
22,22.403(a),P_22_403_a,"Wage determination modification procedures.","P_22_403_a = Parent proposition for wage determination modification procedures.","P_22_403_a_1 ^ P_22_403_a_2 ^ P_22_403_a_3","DEFERRED","Conjunction (Conj): Rule 7","VALIDATED","PASS","PASS","Parent aggregating three procedural subsections on wage determination modifications.","HIGH"
22,22.403(a)(1),P_22_403_a_1,"The Department of Labor may modify a wage determination to make it current by specifying only the items being changed or by reissuing the entire determination with changes incorporated.","P_22_403_a_1_a: DOL may modify a wage determination; P_22_403_a_1_b: Modification by specifying only changed items; P_22_403_a_1_c: Modification by reissuing entire determination with changes","P_22_403_a_1_a -> (P_22_403_a_1_b v P_22_403_a_1_c)","DEFERRED","Material Implication (Impl): Rule 15 [HIGH-RISK]; Addition (Add): Rule 8","PENDING_REVIEW","PASS","PASS","Permissive 'may' grants DOL authority to modify. Two disjunctive methods available. Modeled as implication with disjunctive consequent since DOL has discretion. Could also be modeled as tautology per 'may' rule, but the disjunctive methods are the substantive content here.","MEDIUM"
22,22.403(a)(2),P_22_403_a_2,"All project wage determination modifications expire on the same day as the original determination. The need to include a modification of a project wage determination for the primary site of the work in a solicitation is determined by the time of receipt of the modification by the contracting agency. Therefore, the contracting agency must annotate the modification of the project wage determination with the date and time immediately upon receipt.","P_22_403_a_2_a: Project WD modifications expire same day as original; P_22_403_a_2_b: Inclusion need determined by time of receipt by contracting agency; P_22_403_a_2_c: Agency must annotate modification with date and time immediately upon receipt","P_22_403_a_2_a ^ P_22_403_a_2_b ^ (P_22_403_a_2_b -> P_22_403_a_2_c)","DEFERRED","Conjunction (Conj): Rule 7; Material Implication (Impl): Rule 15 [HIGH-RISK]","PENDING_REVIEW","PASS","PASS","First two atomics are declarative facts. Third is a mandatory obligation triggered by the receipt-timing rule. The 'therefore' establishes causal linkage between the timing rule and the annotation requirement. HIGH-RISK for implication.","MEDIUM"
22,22.403(a)(3),P_22_403_a_3,"The need for inclusion of the modification of a general wage determination for the primary site of the work in a solicitation is determined by the date the modified wage determination is published on the Wage Determinations at SAM.gov, or by the date the agency receives actual written notice of the modification from the Department of Labor, whichever occurs first. During the course of the solicitation, the contracting officer must monitor the Wage Determinations at SAM.gov website to determine whether the applicable wage determination has been revised. Revisions published on the Wage Determinations at SAM.gov website or otherwise communicated to the contracting officer within the timeframes prescribed at 22.403(b) and (c) are applicable and must be included in the resulting contract. Monitoring can be accomplished by use of the Wage Determinations at SAM.gov website's Alert Service.","P_22_403_a_3_a: General WD modification inclusion determined by SAM.gov publication date or agency receipt of written notice, whichever first; P_22_403_a_3_b: CO must monitor SAM.gov during solicitation; P_22_403_a_3_c: Revisions within prescribed timeframes at 22.403(b) and (c) must be included in resulting contract; P_22_403_a_3_d: Monitoring can use SAM.gov Alert Service","P_22_403_a_3_a ^ P_22_403_a_3_b ^ P_22_403_a_3_c ^ P_22_403_a_3_d","P_22_403_b; P_22_403_c","Conjunction (Conj): Rule 7","VALIDATED","PASS","PASS","Four conjunctive requirements. First establishes the effective date rule (disjunctive triggers with 'whichever first' qualifier). Second and third are mandatory obligations. Fourth is informational/advisory. Cross-references to (b) and (c) for timeframes.","HIGH"
22,22.403(b),P_22_403_b,"The following applies when contracting by sealed bidding.","P_22_403_b = Parent proposition for sealed bidding wage determination modification procedures.","P_22_403_b_1 ^ P_22_403_b_2 ^ P_22_403_b_3 ^ P_22_403_b_4 ^ P_22_403_b_5 ^ P_22_403_b_6","DEFERRED","Conjunction (Conj): Rule 7","VALIDATED","PASS","PASS","Parent aggregating sealed bidding subsections. Conditional context: all apply only when contracting by sealed bidding.","HIGH"
22,22.403(b)(1),P_22_403_b_1,"A written action modifying a wage determination must be effective if received/published per timing requirements.","P_22_403_b_1 = Parent proposition for effectiveness timing of wage determination modifications in sealed bidding.","P_22_403_b_1_i v P_22_403_b_1_ii","DEFERRED","Addition (Add): Rule 8","VALIDATED","PASS","PASS","Parent with disjunctive structure. Either timing condition satisfies effectiveness requirement.","HIGH"
22,22.403(b)(1)(i),P_22_403_b_1_i,"It is received by the contracting agency, or is published on the Wage Determinations at SAM.gov, 10 or more calendar days before the date of bid opening.","P_22_403_b_1_i_a: Modification received by contracting agency 10+ calendar days before bid opening; P_22_403_b_1_i_b: Modification published on SAM.gov 10+ calendar days before bid opening; P_22_403_b_1_i_c: Modification is effective","(P_22_403_b_1_i_a v P_22_403_b_1_i_b) -> P_22_403_b_1_i_c","DEFERRED","Material Implication (Impl): Rule 15 [HIGH-RISK]; Addition (Add): Rule 8","PENDING_REVIEW","PASS","PASS","Disjunctive antecedent (receipt OR publication) with 10-day minimum lead time triggers effectiveness. HIGH-RISK for implication.","MEDIUM"
22,22.403(b)(1)(ii),P_22_403_b_1_ii,"It is received by the contracting agency, or is published on the Wage Determinations at SAM.gov, less than 10 calendar days before the date of bid opening, unless the contracting officer finds that there is not reasonable time available before bid opening to notify the prospective bidders. If the contracting officer finds that there is not reasonable time to notify bidders, a written report of the finding must be placed in the contract file and must be made available to the Department of Labor upon request.","P_22_403_b_1_ii_a: Modification received/published <10 calendar days before bid opening; P_22_403_b_1_ii_b: CO finds no reasonable time to notify bidders; P_22_403_b_1_ii_c: Modification is effective; P_22_403_b_1_ii_d: Written report of finding must be placed in contract file; P_22_403_b_1_ii_e: Report must be available to DOL upon request","(P_22_403_b_1_ii_a ^ ~P_22_403_b_1_ii_b) -> P_22_403_b_1_ii_c ^ (P_22_403_b_1_ii_b -> (P_22_403_b_1_ii_d ^ P_22_403_b_1_ii_e))","DEFERRED","Material Implication (Impl): Rule 15 [HIGH-RISK]; Conjunction (Conj): Rule 7; Negation (Neg): Rule 10","PENDING_REVIEW","PASS","PASS","Complex conditional. Default: <10 day receipt is effective unless CO finds no reasonable time. Exception pathway: if CO makes finding, modification not effective but documentation requirements triggered. Two separate implications. HIGH-RISK for multiple implications.","LOW"
22,22.403(b)(2),P_22_403_b_2,"All written actions modifying wage determinations received by the contracting agency after bid opening, or modifications to general wage determinations published on the Wage Determinations at SAM.gov after bid opening, shall not be effective and shall not be included in the solicitation (but see paragraph (b)(6) of this section).","P_22_403_b_2_a: Modification received after bid opening; P_22_403_b_2_b: Modification published on SAM.gov after bid opening; P_22_403_b_2_c: Modification is not effective; P_22_403_b_2_d: Modification shall not be included in solicitation","(P_22_403_b_2_a v P_22_403_b_2_b) -> (P_22_403_b_2_c ^ P_22_403_b_2_d)","P_22_403_b_6","Material Implication (Impl): Rule 15 [HIGH-RISK]; Negation (Neg): Rule 10; Conjunction (Conj): Rule 7","PENDING_REVIEW","PASS","PASS","Post-bid-opening modifications are ineffective. Disjunctive trigger, conjunctive prohibition. Exception at (b)(6) noted as dependency. 'Shall not' modeled as negation. HIGH-RISK for implication.","MEDIUM"
22,22.403(b)(3),P_22_403_b_3,"If an effective modification of the wage determination for the primary site of the work is received by the contracting officer before bid opening, the contracting officer must postpone the bid opening, if necessary, to allow a reasonable time to amend the solicitation to incorporate the modification and permit bidders to amend their bids. If the modification does not change the wage rates and would not warrant amended bids, the contracting officer must amend the solicitation to include the number and date of the modification.","P_22_403_b_3_a: Effective modification received before bid opening; P_22_403_b_3_b: Modification changes wage rates or warrants amended bids; P_22_403_b_3_c: CO must postpone bid opening if necessary and allow time for solicitation amendment and bid amendments; P_22_403_b_3_d: Modification does not change wage rates and would not warrant amended bids; P_22_403_b_3_e: CO must amend solicitation to include modification number and date","(P_22_403_b_3_a ^ P_22_403_b_3_b) -> P_22_403_b_3_c ^ (P_22_403_b_3_a ^ P_22_403_b_3_d) -> P_22_403_b_3_e","DEFERRED","Material Implication (Impl): Rule 15 [HIGH-RISK]; Conjunction (Conj): Rule 7","PENDING_REVIEW","PASS","PASS","Two conditional pathways based on whether modification changes rates. If changes: postpone and amend. If no changes: just amend with number/date. Both triggered by effective modification before bid opening. HIGH-RISK for dual implications.","MEDIUM"
22,22.403(b)(4),P_22_403_b_4,"Effective modification received after bid opening but before award.","P_22_403_b_4 = Parent proposition for post-bid-opening, pre-award modification procedures.","P_22_403_b_4_i v P_22_403_b_4_ii v P_22_403_b_4_iii","DEFERRED","Addition (Add): Rule 8","VALIDATED","PASS","PASS","Parent with disjunctive structure. CO has three options when effective modification received after bid opening but before award.","HIGH"
22,22.403(b)(4)(i),P_22_403_b_4_i,"Award the contract, incorporate the new determination to be effective on the date of contract award, and equitably adjust the contract price for any increased or decreased cost of performance resulting from any changed wage rates.","P_22_403_b_4_i_a: Award the contract; P_22_403_b_4_i_b: Incorporate new determination effective on award date; P_22_403_b_4_i_c: Equitably adjust contract price for changed wage rate costs","P_22_403_b_4_i_a ^ P_22_403_b_4_i_b ^ P_22_403_b_4_i_c","DEFERRED","Conjunction (Conj): Rule 7","VALIDATED","PASS","PASS","Three conjunctive actions under option (i): award, incorporate, and adjust. All three required if this option is selected.","HIGH"
22,22.403(b)(4)(ii),P_22_403_b_4_ii,"Award the contract and modify it to include the number and date of the new determination, if the new determination for the primary site of the work does not change any wage rates.","P_22_403_b_4_ii_a: New determination does not change wage rates; P_22_403_b_4_ii_b: Award the contract; P_22_403_b_4_ii_c: Modify to include number and date of new determination","P_22_403_b_4_ii_a -> (P_22_403_b_4_ii_b ^ P_22_403_b_4_ii_c)","DEFERRED","Material Implication (Impl): Rule 15 [HIGH-RISK]; Conjunction (Conj): Rule 7","PENDING_REVIEW","PASS","PASS","Conditional on no wage rate changes. If no changes, award and include identification data only. HIGH-RISK for implication.","MEDIUM"
22,22.403(b)(4)(iii),P_22_403_b_4_iii,"Cancel the solicitation, but only in accordance with 14.404-1.","P_22_403_b_4_iii_a: Cancel the solicitation; P_22_403_b_4_iii_b: Cancellation must be in accordance with 14.404-1","P_22_403_b_4_iii_a ^ P_22_403_b_4_iii_b","P_14_404_1","Conjunction (Conj): Rule 7","VALIDATED","PASS","PASS","Cancellation option constrained by 14.404-1 requirements. Both the action and the compliance requirement are conjunctive.","HIGH"
22,22.403(b)(5),P_22_403_b_5,"If an effective modification is received by the contracting officer after award, the contracting officer must modify the contract to incorporate the wage modification retroactive to the date of award and equitably adjust the contract price for any increased or decreased cost of performance resulting from any changed wage rates. If the modification does not change any wage rates and would not warrant contract price adjustment, the contracting officer must modify the contract to include the number and date of the modification.","P_22_403_b_5_a: Effective modification received after award; P_22_403_b_5_b: Modification changes wage rates; P_22_403_b_5_c: Modify contract to incorporate WD retroactive to award date and equitably adjust price; P_22_403_b_5_d: Modification does not change rates and would not warrant price adjustment; P_22_403_b_5_e: Modify contract to include number and date of modification","(P_22_403_b_5_a ^ P_22_403_b_5_b) -> P_22_403_b_5_c ^ (P_22_403_b_5_a ^ P_22_403_b_5_d) -> P_22_403_b_5_e","DEFERRED","Material Implication (Impl): Rule 15 [HIGH-RISK]; Conjunction (Conj): Rule 7","PENDING_REVIEW","PASS","PASS","Dual conditional pathways paralleling (b)(3) structure. If rates changed: retroactive modification and price adjustment. If no changes: identification-only modification. HIGH-RISK for dual implications.","MEDIUM"
22,22.403(b)(6),P_22_403_b_6,"If an award is not made within 90 days after bid opening, any modification to a general wage determination which is published on the Wage Determinations at SAM.gov before award, shall be effective for any resultant contract unless an extension of the 90-day period is obtained from the Administrator, Wage and Hour Division. An agency head may request such an extension from the Administrator. The request must be supported by a written finding, which must include a brief statement of factual support, that the extension is necessary and proper in the public interest to prevent injustice, undue hardship, or to avoid serious impairment in the conduct of Government business. The contracting officer must follow the procedures in paragraph (b)(4) of this section.","P_22_403_b_6_a: Award not made within 90 days after bid opening; P_22_403_b_6_b: Modification published on SAM.gov before award; P_22_403_b_6_c: Modification shall be effective; P_22_403_b_6_d: Extension of 90-day period obtained from Administrator; P_22_403_b_6_e: Agency head may request extension; P_22_403_b_6_f: Request must be supported by written finding with factual support; P_22_403_b_6_g: CO must follow (b)(4) procedures","(P_22_403_b_6_a ^ P_22_403_b_6_b ^ ~P_22_403_b_6_d) -> P_22_403_b_6_c ^ (P_22_403_b_6_e -> (P_22_403_b_6_e v ~P_22_403_b_6_e)) ^ (P_22_403_b_6_e -> P_22_403_b_6_f) ^ P_22_403_b_6_g","P_22_403_b_4","Material Implication (Impl): Rule 15 [HIGH-RISK]; Conjunction (Conj): Rule 7; Negation (Neg): Rule 10; Tautology (Taut): Rule 18","PENDING_REVIEW","PASS","PASS","Complex section. Default rule: >90 days without award makes SAM.gov modifications effective unless extension obtained. Exception modeled as negated condition. Agency head 'may' request extension (tautology/discretion). Extension request carries mandatory documentation requirements. CO must follow (b)(4). HIGH-RISK for multiple implications.","LOW"
22,22.403(c),P_22_403_c,"The following applies when contracting by negotiation.","P_22_403_c = Parent proposition for negotiation-based wage determination modification procedures.","P_22_403_c_1 ^ P_22_403_c_2 ^ P_22_403_c_3","DEFERRED","Conjunction (Conj): Rule 7","VALIDATED","PASS","PASS","Parent aggregating negotiation subsections. Conditional context: all apply only when contracting by negotiation.","HIGH"
22,22.403(c)(1),P_22_403_c_1,"All written actions modifying wage determinations received by the contracting agency before contract award, or modifications to general wage determinations published on the Wage Determinations at SAM.gov before award, shall be effective.","P_22_403_c_1_a: Modification received by agency before award; P_22_403_c_1_b: Modification published on SAM.gov before award; P_22_403_c_1_c: Modification shall be effective","(P_22_403_c_1_a v P_22_403_c_1_b) -> P_22_403_c_1_c","DEFERRED","Material Implication (Impl): Rule 15 [HIGH-RISK]; Addition (Add): Rule 8","PENDING_REVIEW","PASS","PASS","Simpler than sealed bidding equivalent. Disjunctive trigger (receipt OR publication) before award makes modification effective. No timing thresholds like sealed bidding's 10-day rule. HIGH-RISK for implication.","MEDIUM"
22,22.403(c)(2),P_22_403_c_2,"Effective modification received before award procedures.","P_22_403_c_2 = Parent proposition for pre-award effective modification procedures in negotiation.","P_22_403_c_2_i v P_22_403_c_2_ii","DEFERRED","Addition (Add): Rule 8","VALIDATED","PASS","PASS","Parent with disjunctive structure based on whether modification changes wage rates.","HIGH"
22,22.403(c)(2)(i),P_22_403_c_2_i,"If the new determination for the primary site of the work changes any wage rates, amend the solicitation to incorporate the new determination and furnish the wage rate information to all prospective offerors that were sent a solicitation if the closing date for receipt of proposals has not yet occurred, or to all offerors that have not been eliminated from the competition if the closing date has passed. All offerors to whom wage rate information has been furnished must be given reasonable opportunity to amend their proposals.","P_22_403_c_2_i_a: New determination changes wage rates; P_22_403_c_2_i_b: Amend solicitation to incorporate new determination; P_22_403_c_2_i_c: Closing date has not occurred; P_22_403_c_2_i_d: Furnish to all prospective offerors sent solicitation; P_22_403_c_2_i_e: Closing date has passed; P_22_403_c_2_i_f: Furnish to all offerors not eliminated; P_22_403_c_2_i_g: All furnished offerors must have reasonable opportunity to amend proposals","P_22_403_c_2_i_a -> (P_22_403_c_2_i_b ^ ((P_22_403_c_2_i_c -> P_22_403_c_2_i_d) ^ (P_22_403_c_2_i_e -> P_22_403_c_2_i_f)) ^ P_22_403_c_2_i_g)","DEFERRED","Material Implication (Impl): Rule 15 [HIGH-RISK]; Conjunction (Conj): Rule 7","PENDING_REVIEW","PASS","PASS","Nested conditional structure. Top-level: if rates change, amend solicitation. Secondary: distribution depends on whether closing date passed. Regardless of distribution path, offerors get opportunity to amend. Complex but logically sound. HIGH-RISK for nested implications.","LOW"
22,22.403(c)(2)(ii),P_22_403_c_2_ii,"If the new determination for the primary site of the work does not change any wage rates, amend the solicitation to include the number and date of the new determination and award the contract.","P_22_403_c_2_ii_a: New determination does not change wage rates; P_22_403_c_2_ii_b: Amend solicitation to include number and date; P_22_403_c_2_ii_c: Award the contract","P_22_403_c_2_ii_a -> (P_22_403_c_2_ii_b ^ P_22_403_c_2_ii_c)","DEFERRED","Material Implication (Impl): Rule 15 [HIGH-RISK]; Conjunction (Conj): Rule 7","PENDING_REVIEW","PASS","PASS","Simple conditional. No rate changes: amend for identification and proceed to award. HIGH-RISK for implication.","MEDIUM"
22,22.403(c)(3),P_22_403_c_3,"If an effective wage modification is received by the contracting officer after award, the contracting officer must follow the procedures in paragraph (b)(5) of this section.","P_22_403_c_3_a: Effective modification received after award in negotiated acquisition; P_22_403_c_3_b: CO must follow (b)(5) procedures","P_22_403_c_3_a -> P_22_403_c_3_b","P_22_403_b_5","Material Implication (Impl): Rule 15 [HIGH-RISK]","PENDING_REVIEW","PASS","PASS","Cross-reference to sealed bidding post-award procedure. Negotiation post-award follows same process as sealed bidding post-award. HIGH-RISK for implication.","MEDIUM"
22,22.403(d),P_22_403_d,"If a solicitation is amended after issuance to add the wage determination for the primary site of the work (see 22.402-3(c)).","P_22_403_d = Parent proposition for procedures when solicitation amended to add wage determination.","P_22_403_d_1 ^ P_22_403_d_2","P_22_402_3_c","Conjunction (Conj): Rule 7","VALIDATED","PASS","PASS","Parent with two subsections covering sealed bidding and negotiation approaches. Cross-reference to 22.402-3(c).","HIGH"
22,22.403(d)(1),P_22_403_d_1,"In sealed bidding, bids may not be opened until a reasonable time after the wage determination for the primary site of the work has been furnished to all bidders.","P_22_403_d_1_a: Contracting by sealed bidding; P_22_403_d_1_b: WD has been furnished to all bidders; P_22_403_d_1_c: Reasonable time has elapsed after furnishing; P_22_403_d_1_d: Bids may not be opened until conditions met","P_22_403_d_1_a -> (~(P_22_403_d_1_b ^ P_22_403_d_1_c) -> ~P_22_403_d_1_d)","DEFERRED","Material Implication (Impl): Rule 15 [HIGH-RISK]; Negation (Neg): Rule 10","PENDING_REVIEW","PASS","PASS","Prohibition on bid opening until both conditions satisfied: WD furnished AND reasonable time elapsed. 'May not' modeled as negation conditional. HIGH-RISK for nested implications.","MEDIUM"
22,22.403(d)(2),P_22_403_d_2,"In negotiated acquisitions, the contracting officer may open proposals and conduct negotiations before obtaining the wage determination for the primary site of the work. However, the contracting officer must incorporate the wage determination for the primary site of the work into the solicitation before submission of best and final offers.","P_22_403_d_2_a: Contracting by negotiation; P_22_403_d_2_b: CO may open proposals and negotiate before obtaining WD; P_22_403_d_2_c: CO must incorporate WD into solicitation before BAFOs","P_22_403_d_2_a -> ((P_22_403_d_2_b v ~P_22_403_d_2_b) ^ P_22_403_d_2_c)","DEFERRED","Material Implication (Impl): Rule 15 [HIGH-RISK]; Tautology (Taut): Rule 18; Conjunction (Conj): Rule 7","PENDING_REVIEW","PASS","PASS","Two-part structure: permissive 'may' (tautology for opening/negotiating before WD) conjuncted with mandatory 'must' (incorporate before BAFOs). The discretion is on early activity; the constraint is absolute. HIGH-RISK for implication.","MEDIUM"
22,22.403(e),P_22_403_e,"The following written notifications by the Department of Labor must be effective immediately if received by the contracting officer prior to award.","P_22_403_e = Parent proposition for immediately effective DOL notifications.","P_22_403_e_1 v P_22_403_e_2 v P_22_403_e_3","DEFERRED","Addition (Add): Rule 8","VALIDATED","PASS","PASS","Parent with disjunctive structure. Any of three notification types is immediately effective if received before award.","HIGH"
22,22.403(e)(1),P_22_403_e_1,"A wage determination found to contain clerical errors.","P_22_403_e_1_a: DOL notification of clerical errors in WD; P_22_403_e_1_b: Received before award; P_22_403_e_1_c: Immediately effective","(P_22_403_e_1_a ^ P_22_403_e_1_b) -> P_22_403_e_1_c","DEFERRED","Material Implication (Impl): Rule 15 [HIGH-RISK]; Conjunction (Conj): Rule 7","PENDING_REVIEW","PASS","PASS","Receipt before award triggers immediate effectiveness for clerical error corrections. HIGH-RISK for implication.","MEDIUM"
22,22.403(e)(2),P_22_403_e_2,"A solicitation includes the wrong wage determination or the wrong rate schedule.","P_22_403_e_2_a: DOL notification of wrong WD or wrong rate schedule in solicitation; P_22_403_e_2_b: Received before award; P_22_403_e_2_c: Immediately effective","(P_22_403_e_2_a ^ P_22_403_e_2_b) -> P_22_403_e_2_c","DEFERRED","Material Implication (Impl): Rule 15 [HIGH-RISK]; Conjunction (Conj): Rule 7","PENDING_REVIEW","PASS","PASS","Receipt before award triggers immediate effectiveness for wrong WD/rate schedule corrections. HIGH-RISK for implication.","MEDIUM"
22,22.403(e)(3),P_22_403_e_3,"A wage determination is withdrawn by the Administrative Review Board.","P_22_403_e_3_a: DOL notification of WD withdrawal by ARB; P_22_403_e_3_b: Received before award; P_22_403_e_3_c: Immediately effective","(P_22_403_e_3_a ^ P_22_403_e_3_b) -> P_22_403_e_3_c","DEFERRED","Material Implication (Impl): Rule 15 [HIGH-RISK]; Conjunction (Conj): Rule 7","PENDING_REVIEW","PASS","PASS","Receipt before award triggers immediate effectiveness for ARB-withdrawn WD. HIGH-RISK for implication.","MEDIUM"
22,22.403(f),P_22_403_f,"For appealing a denial of reconsideration of a wage determination see 22.402-3(e).","P_22_403_f: Appeals of denial of reconsideration of wage determination are addressed at 22.402-3(e).","P_22_403_f","P_22_402_3_e","None","VALIDATED","PASS","PASS","Cross-reference only. Directs to 22.402-3(e) for appeal procedures. No independent substantive requirement.","HIGH"
22,22.404,P_22_404,"Postaward.","P_22_404 = Parent proposition for all postaward requirements.","P_22_404_1 ^ P_22_404_2","DEFERRED","Conjunction (Conj): Rule 7","VALIDATED","PASS","PASS","Parent aggregating administration and enforcement subsections.","HIGH"
22,22.404-1,P_22_404_1,"Administration.","P_22_404_1 = Parent proposition for postaward administration.","P_22_404_1_a ^ P_22_404_1_b ^ P_22_404_1_c ^ P_22_404_1_d ^ P_22_404_1_e ^ P_22_404_1_f ^ P_22_404_1_g ^ P_22_404_1_h","DEFERRED","Conjunction (Conj): Rule 7","VALIDATED","PASS","PASS","Parent aggregating eight administration subsections.","HIGH"
22,22.404-1(a),P_22_404_1_a,"Contractor notification requirements.","P_22_404_1_a = Parent for contractor notification.","P_22_404_1_a_1 ^ P_22_404_1_a_2","DEFERRED","Conjunction (Conj): Rule 7","VALIDATED","PASS","PASS","Parent aggregating two notification requirements.","HIGH"
22,22.404-1(a)(1),P_22_404_1_a_1,"The contracting officer must furnish to the contractor, Department of Labor Form WH-1321, Notice to Employees Working on Federal and Federally Financed Construction Projects, for posting with the wage rates. The name, address, and telephone number of the Government officer responsible for the administration of the contract must be indicated in the poster to inform workers to whom they may submit complaints or raise questions concerning labor standards.","P_22_404_1_a_1_a: CO must furnish WH-1321 poster to contractor; P_22_404_1_a_1_b: Poster must be posted with wage rates; P_22_404_1_a_1_c: Government officer name/address/phone must be indicated in poster","P_22_404_1_a_1_a ^ P_22_404_1_a_1_b ^ P_22_404_1_a_1_c","DEFERRED","Conjunction (Conj): Rule 7","VALIDATED","PASS","PASS","Three mandatory conjunctive requirements. All use 'must'.","HIGH"
22,22.404-1(a)(2),P_22_404_1_a_2,"In accordance with the requirements of the clause at 52.222-11, Subcontracts (Labor Standards), the contractor and subcontractors at any tier are required to submit a fully executed SF 1413, Statement and Acknowledgment, upon award of each subcontract.","P_22_404_1_a_2_a: Clause 52.222-11 applies; P_22_404_1_a_2_b: Contractor and subcontractors at any tier must submit fully executed SF 1413; P_22_404_1_a_2_c: Submission upon award of each subcontract","P_22_404_1_a_2_a -> (P_22_404_1_a_2_b ^ P_22_404_1_a_2_c)","P_52_222_11","Material Implication (Impl): Rule 15 [HIGH-RISK]; Conjunction (Conj): Rule 7","PENDING_REVIEW","PASS","PASS","Conditional on 52.222-11 applicability. Mandatory submission at each subcontract award.","MEDIUM"
22,22.404-1(b),P_22_404_1_b,"Before construction begins, the contracting officer must inform the contractor of the labor standards clauses and wage determination requirements of the contract and of the contractor's and any subcontractor's responsibilities under the contract. Unless it is clear that the contractor is fully aware of the requirements, the contracting officer must issue an explanatory letter and/or arrange a conference with the contractor promptly after award of the contract.","P_22_404_1_b_a: Before construction begins; P_22_404_1_b_b: CO must inform contractor of labor standards clauses and WD requirements; P_22_404_1_b_c: CO must inform of contractor/subcontractor responsibilities; P_22_404_1_b_d: Contractor not clearly fully aware; P_22_404_1_b_e: CO must issue explanatory letter and/or arrange conference promptly after award","P_22_404_1_b_a -> (P_22_404_1_b_b ^ P_22_404_1_b_c) ^ (P_22_404_1_b_d -> P_22_404_1_b_e)","DEFERRED","Material Implication (Impl): Rule 15 [HIGH-RISK]; Conjunction (Conj): Rule 7","PENDING_REVIEW","PASS","PASS","Two-part: mandatory pre-construction briefing, plus conditional letter/conference if awareness uncertain. 'Unless it is clear' = negated certainty trigger.","MEDIUM"
22,22.404-1(c),P_22_404_1_c,"Contract award without required wage determination.","P_22_404_1_c = Parent for missing WD corrective procedures.","P_22_404_1_c_1 ^ P_22_404_1_c_2","DEFERRED","Conjunction (Conj): Rule 7","VALIDATED","PASS","PASS","Parent aggregating two scenarios: award without WD and WD unavailable.","HIGH"
22,22.404-1(c)(1),P_22_404_1_c_1,"If contract award is made without the required wage determination (i.e., incorporating no determination, containing a clearly inapplicable general wage determination, or containing a project determination which is inapplicable because of an inaccurate description of the project or its location), the contracting officer must take corrective action.","P_22_404_1_c_1 = Parent. Award without required WD triggers corrective options.","P_22_404_1_c_1_i v P_22_404_1_c_1_ii","DEFERRED","Addition (Add): Rule 8","VALIDATED","PASS","PASS","Parent with disjunctive structure. Two corrective options: modify or terminate.","HIGH"
22,22.404-1(c)(1)(i),P_22_404_1_c_1_i,"Modify the contract to incorporate the required wage determination (retroactive to the date of award), and equitably adjust the contract price if appropriate.","P_22_404_1_c_1_i_a: Modify contract to incorporate required WD retroactive to award date; P_22_404_1_c_1_i_b: Equitably adjust price if appropriate","P_22_404_1_c_1_i_a ^ (P_22_404_1_c_1_i_b v ~P_22_404_1_c_1_i_b)","DEFERRED","Conjunction (Conj): Rule 7; Tautology (Taut): Rule 18","VALIDATED","PASS","PASS","Modification mandatory; price adjustment discretionary ('if appropriate' = tautology).","HIGH"
22,22.404-1(c)(1)(ii),P_22_404_1_c_1_ii,"Terminate the contract.","P_22_404_1_c_1_ii: Terminate the contract.","P_22_404_1_c_1_ii","DEFERRED","None","VALIDATED","PASS","PASS","Atomic. Alternative corrective option.","HIGH"
22,22.404-1(c)(2),P_22_404_1_c_2,"If a required wage determination (valid determination in effect on the date of award) is not available, the contracting officer must expeditiously request a wage determination from the Department of Labor, including a statement explaining the circumstances and giving the date of the contract award.","P_22_404_1_c_2_a: Required valid WD not available; P_22_404_1_c_2_b: CO must expeditiously request WD from DOL; P_22_404_1_c_2_c: Request must include explanatory statement and award date","P_22_404_1_c_2_a -> (P_22_404_1_c_2_b ^ P_22_404_1_c_2_c)","DEFERRED","Material Implication (Impl): Rule 15 [HIGH-RISK]; Conjunction (Conj): Rule 7","PENDING_REVIEW","PASS","PASS","Unavailability triggers two conjunctive obligations.","MEDIUM"
22,22.404-1(d),P_22_404_1_d,"If any laborer or mechanic is to be employed in a classification that is not listed in the wage determination applicable to the contract, the contracting officer, pursuant to the clause at 52.222-6, must require that the contractor submit SF 1444, Request for Authorization of Additional Classification and Rate.","P_22_404_1_d_a: Laborer/mechanic to be employed in unlisted classification; P_22_404_1_d_b: CO must require SF 1444 submission per 52.222-6; P_22_404_1_d_c: SF 1444 must contain proposed classification and minimum wage rate including fringe benefits","P_22_404_1_d_a -> (P_22_404_1_d_b ^ P_22_404_1_d_c)","P_52_222_6","Material Implication (Impl): Rule 15 [HIGH-RISK]; Conjunction (Conj): Rule 7","PENDING_REVIEW","PASS","PASS","Unlisted classification triggers SF 1444 process. Parent of (d)(1)-(d)(4).","MEDIUM"
22,22.404-1(d)(1),P_22_404_1_d_1,"Upon receipt of SF 1444, CO must review against criteria.","P_22_404_1_d_1 = Parent for SF 1444 review criteria.","P_22_404_1_d_1_i ^ P_22_404_1_d_1_ii ^ P_22_404_1_d_1_iii","DEFERRED","Conjunction (Conj): Rule 7","VALIDATED","PASS","PASS","Parent aggregating three review criteria. All must be evaluated.","HIGH"
22,22.404-1(d)(1)(i),P_22_404_1_d_1_i,"The classification is appropriate and the work to be performed by the classification is not performed by any classification contained in the applicable wage determination.","P_22_404_1_d_1_i_a: Classification is appropriate; P_22_404_1_d_1_i_b: Work not performed by any existing WD classification","P_22_404_1_d_1_i_a ^ P_22_404_1_d_1_i_b","DEFERRED","Conjunction (Conj): Rule 7","VALIDATED","PASS","PASS","Two conjunctive sub-criteria: appropriateness AND non-duplication.","HIGH"
22,22.404-1(d)(1)(ii),P_22_404_1_d_1_ii,"The classification is utilized in the area by the construction industry.","P_22_404_1_d_1_ii: Classification utilized in area by construction industry.","P_22_404_1_d_1_ii","DEFERRED","None","VALIDATED","PASS","PASS","Atomic criterion. Area-based industry utilization test.","HIGH"
22,22.404-1(d)(1)(iii),P_22_404_1_d_1_iii,"The proposed wage rate, including any fringe benefits, bears a reasonable relationship to the wage rates in the wage determination in the contract.","P_22_404_1_d_1_iii: Proposed wage rate including fringes bears reasonable relationship to WD rates.","P_22_404_1_d_1_iii","DEFERRED","None","VALIDATED","PASS","PASS","Atomic criterion. Reasonableness test for proposed rate.","HIGH"
22,22.404-1(d)(2),P_22_404_1_d_2,"If the criteria in (d)(1) are met and the contractor and the laborers or mechanics to be employed in the additional classification (if known) or their representatives agree to the proposed additional classification, and the contracting officer approves, the contracting officer must submit a report (including a copy of SF 1444) to the Administrator, Wage and Hour Division, for approval, modification, or disapproval.","P_22_404_1_d_2_a: (d)(1) criteria met; P_22_404_1_d_2_b: Contractor and affected workers/representatives agree; P_22_404_1_d_2_c: CO approves; P_22_404_1_d_2_d: CO must submit report with SF 1444 to Administrator","(P_22_404_1_d_2_a ^ P_22_404_1_d_2_b ^ P_22_404_1_d_2_c) -> P_22_404_1_d_2_d","P_22_404_1_d_1","Material Implication (Impl): Rule 15 [HIGH-RISK]; Conjunction (Conj): Rule 7","PENDING_REVIEW","PASS","PASS","Three conjunctive conditions trigger mandatory report submission. Administrator retains final authority.","MEDIUM"
22,22.404-1(d)(3),P_22_404_1_d_3,"If the contractor, the laborers or mechanics or their representatives, and the contracting officer do not agree on the proposed additional classification, or if the criteria are not met, the contracting officer must submit a report (including SF 1444) with all parties' views and CO recommendation to the Administrator for determination.","P_22_404_1_d_3_a: Parties disagree; P_22_404_1_d_3_b: (d)(1) criteria not met; P_22_404_1_d_3_c: CO must submit report with all views and recommendation to Administrator","(P_22_404_1_d_3_a v P_22_404_1_d_3_b) -> P_22_404_1_d_3_c","P_22_404_1_d_1","Material Implication (Impl): Rule 15 [HIGH-RISK]; Addition (Add): Rule 8","PENDING_REVIEW","PASS","PASS","Disjunctive trigger: disagreement OR unmet criteria. Enhanced report requirements vs (d)(2).","MEDIUM"
22,22.404-1(d)(4),P_22_404_1_d_4,"Administrator action on additional classification.","P_22_404_1_d_4 = Parent for Administrator action and CO follow-up.","P_22_404_1_d_4_i ^ P_22_404_1_d_4_ii","DEFERRED","Conjunction (Conj): Rule 7","VALIDATED","PASS","PASS","Parent aggregating Administrator timeline and CO notification.","HIGH"
22,22.404-1(d)(4)(i),P_22_404_1_d_4_i,"Within 30 days of receipt, the Administrator, Wage and Hour Division, will complete action and advise the contracting officer, or will notify the contracting officer that additional time is necessary.","P_22_404_1_d_4_i_a: Within 30 days of receipt; P_22_404_1_d_4_i_b: Administrator completes action and advises CO; P_22_404_1_d_4_i_c: Administrator notifies CO additional time needed","P_22_404_1_d_4_i_a -> (P_22_404_1_d_4_i_b v P_22_404_1_d_4_i_c)","DEFERRED","Material Implication (Impl): Rule 15 [HIGH-RISK]; Addition (Add): Rule 8","PENDING_REVIEW","PASS","PASS","30-day timeline with disjunctive outcome: complete action OR notify of delay. 'Will' = declarative/descriptive.","MEDIUM"
22,22.404-1(d)(4)(ii),P_22_404_1_d_4_ii,"Upon receipt of the Department of Labor's action, the contracting officer must forward a copy of the action to the contractor, directing that the classification and wage rate be posted in accordance with paragraph (a) of the clause at 52.222-6 and that workers in the affected classification receive no less than the minimum rate indicated from the first day on which work under the contract was performed in the classification.","P_22_404_1_d_4_ii_a: CO receives DOL action; P_22_404_1_d_4_ii_b: CO must forward copy to contractor; P_22_404_1_d_4_ii_c: Direct posting per 52.222-6(a); P_22_404_1_d_4_ii_d: Workers must receive no less than minimum rate from first day of work in classification","P_22_404_1_d_4_ii_a -> (P_22_404_1_d_4_ii_b ^ P_22_404_1_d_4_ii_c ^ P_22_404_1_d_4_ii_d)","P_52_222_6","Material Implication (Impl): Rule 15 [HIGH-RISK]; Conjunction (Conj): Rule 7","PENDING_REVIEW","PASS","PASS","Receipt of DOL action triggers three conjunctive obligations: forward, direct posting, ensure minimum rate retroactive to first day.","MEDIUM"
22,22.404-1(e),P_22_404_1_e,"In each option to extend the term of the contract, if any laborer or mechanic is to be employed during the option in a classification that is not listed (or no longer listed) on the wage determination incorporated in that option, the contracting officer must require that the contractor submit a request for conformance using the procedures noted in paragraph (d) of this section.","P_22_404_1_e_a: Option to extend term being exercised; P_22_404_1_e_b: Laborer/mechanic to be employed in classification not listed in option WD; P_22_404_1_e_c: CO must require conformance request per (d) procedures","(P_22_404_1_e_a ^ P_22_404_1_e_b) -> P_22_404_1_e_c","P_22_404_1_d","Material Implication (Impl): Rule 15 [HIGH-RISK]; Conjunction (Conj): Rule 7","PENDING_REVIEW","PASS","PASS","Option extension with unlisted classification triggers same (d) conformance process. Cross-reference to (d).","MEDIUM"
22,22.404-1(f),P_22_404_1_f,"Payroll examination and records retention.","P_22_404_1_f = Parent for payroll review requirements.","P_22_404_1_f_1 ^ P_22_404_1_f_2 ^ P_22_404_1_f_3","DEFERRED","Conjunction (Conj): Rule 7","VALIDATED","PASS","PASS","Parent aggregating payroll examination, privacy protection, and apprentice/trainee review.","HIGH"
22,22.404-1(f)(1),P_22_404_1_f_1,"The contracting officer must examine the payrolls and payroll statements submitted in accordance with the clause at 52.222-8, to ensure compliance with the contract requirements. The contracting agency must retain payrolls and statements of compliance for 3 years after completion of the contract and make them available when requested by the Department of Labor at any time during that period. Submitted payrolls must not be returned to a contractor or subcontractor for any reasons, but copies thereof may be furnished to the contractor or subcontractor who submitted them, or to a higher tier contractor or subcontractor. Particular attention should be given to the following items.","P_22_404_1_f_1_a: CO must examine payrolls per 52.222-8; P_22_404_1_f_1_b: Agency must retain payrolls 3 years after completion; P_22_404_1_f_1_c: Must make available to DOL upon request during retention period; P_22_404_1_f_1_d: Payrolls must not be returned; P_22_404_1_f_1_e: Copies may be furnished to submitting contractor or higher tier","P_22_404_1_f_1_a ^ P_22_404_1_f_1_b ^ P_22_404_1_f_1_c ^ ~P_22_404_1_f_1_d_return ^ (P_22_404_1_f_1_e v ~P_22_404_1_f_1_e)","P_52_222_8","Conjunction (Conj): Rule 7; Negation (Neg): Rule 10; Tautology (Taut): Rule 18","PENDING_REVIEW","PASS","PASS","Multiple conjunctive obligations with one prohibition (no return) and one permissive (may furnish copies). 'Should' in final sentence re: particular attention items is advisory, noted. Parent of (f)(1)(i)-(v).","MEDIUM"
22,22.404-1(f)(1)(i),P_22_404_1_f_1_i,"Correctness of classifications and rates.","P_22_404_1_f_1_i: Particular attention to correctness of classifications and rates.","P_22_404_1_f_1_i","DEFERRED","None","PENDING_REVIEW","PASS","PASS","Advisory item ('should'). Not mandatory in isolation but indicates compliance focus area.","MEDIUM"
22,22.404-1(f)(1)(ii),P_22_404_1_f_1_ii,"Fringe benefits payments.","P_22_404_1_f_1_ii: Particular attention to fringe benefits payments.","P_22_404_1_f_1_ii","DEFERRED","None","PENDING_REVIEW","PASS","PASS","Advisory item ('should'). Compliance focus area.","MEDIUM"
22,22.404-1(f)(1)(iii),P_22_404_1_f_1_iii,"Hours worked.","P_22_404_1_f_1_iii: Particular attention to hours worked.","P_22_404_1_f_1_iii","DEFERRED","None","PENDING_REVIEW","PASS","PASS","Advisory item ('should'). Compliance focus area.","MEDIUM"
22,22.404-1(f)(1)(iv),P_22_404_1_f_1_iv,"Deductions.","P_22_404_1_f_1_iv: Particular attention to deductions.","P_22_404_1_f_1_iv","DEFERRED","None","PENDING_REVIEW","PASS","PASS","Advisory item ('should'). Compliance focus area.","MEDIUM"
22,22.404-1(f)(1)(v),P_22_404_1_f_1_v,"Disproportionate employment ratios of laborers, apprentices, or trainees, to journeyman.","P_22_404_1_f_1_v: Particular attention to disproportionate employment ratios.","P_22_404_1_f_1_v","DEFERRED","None","PENDING_REVIEW","PASS","PASS","Advisory item ('should'). Compliance focus area. Ratio monitoring between classifications.","MEDIUM"
22,22.404-1(f)(2),P_22_404_1_f_2,"Contractor payroll records in the Government's possession must be carefully protected from any public disclosure which is not required by law, since payroll records may contain information in which the contractor's employees have a privacy interest, as well as information in which the contractor may have a proprietary interest that the Government may be obliged to protect. Questions concerning release of this information may involve the Freedom of Information Act (FOIA).","P_22_404_1_f_2_a: Payroll records must be protected from public disclosure not required by law; P_22_404_1_f_2_b: Records may contain employee privacy interests; P_22_404_1_f_2_c: Records may contain contractor proprietary interests; P_22_404_1_f_2_d: FOIA may apply to release questions","P_22_404_1_f_2_a ^ P_22_404_1_f_2_b ^ P_22_404_1_f_2_c ^ P_22_404_1_f_2_d","DEFERRED","Conjunction (Conj): Rule 7","VALIDATED","PASS","PASS","Mandatory protection obligation with declarative context. First atomic is mandatory ('must'). Remaining atomics are informational/declarative providing rationale.","HIGH"
22,22.404-1(f)(3),P_22_404_1_f_3,"Apprentice/trainee record review.","P_22_404_1_f_3 = Parent for apprentice/trainee compliance review.","P_22_404_1_f_3_i ^ P_22_404_1_f_3_ii","DEFERRED","Conjunction (Conj): Rule 7","VALIDATED","PASS","PASS","Parent aggregating review obligation and corrective action.","HIGH"
22,22.404-1(f)(3)(i),P_22_404_1_f_3_i,"The contracting officer must review the contractor's employment and payment records of apprentices and trainees made available pursuant to the clause at 52.222-8, Payrolls and Basic Records, to ensure that the contractor has complied with the clause at 52.222-9, Apprentices and Trainees.","P_22_404_1_f_3_i_a: CO must review apprentice/trainee employment and payment records per 52.222-8; P_22_404_1_f_3_i_b: Review purpose is to ensure compliance with 52.222-9","P_22_404_1_f_3_i_a ^ P_22_404_1_f_3_i_b","P_52_222_8; P_52_222_9","Conjunction (Conj): Rule 7","VALIDATED","PASS","PASS","Mandatory review obligation. Cross-references both 52.222-8 (records source) and 52.222-9 (compliance standard).","HIGH"
22,22.404-1(f)(3)(ii),P_22_404_1_f_3_ii,"If a contractor has classified employees as apprentices or trainees without complying with the requirements of the clause at 52.222-9, the contracting officer must reject the classification and require the contractor to pay the affected employees at the rates applicable to the classification of the work actually performed.","P_22_404_1_f_3_ii_a: Contractor classified employees as apprentices/trainees without 52.222-9 compliance; P_22_404_1_f_3_ii_b: CO must reject the classification; P_22_404_1_f_3_ii_c: CO must require payment at actual work classification rates","P_22_404_1_f_3_ii_a -> (P_22_404_1_f_3_ii_b ^ P_22_404_1_f_3_ii_c)","P_52_222_9","Material Implication (Impl): Rule 15 [HIGH-RISK]; Conjunction (Conj): Rule 7","PENDING_REVIEW","PASS","PASS","Non-compliance triggers two mandatory corrective actions: reject classification AND require proper payment.","MEDIUM"
22,22.404-1(g),P_22_404_1_g,"For purposes of the clause at 52.222-6, if the interested parties (i.e. contractor, contracting officer, and employees or their representative) cannot agree on the 'cash equivalent,' the contracting officer must submit the question for final determination to the Department of Labor as prescribed by agency procedures. The information submitted must include a comparison of payments/contributions/costs in the WD with those made or proposed by the contractor, and the comments and recommendations of the contracting officer.","P_22_404_1_g_a: Interested parties cannot agree on cash equivalent under 52.222-6; P_22_404_1_g_b: CO must submit question to DOL per agency procedures; P_22_404_1_g_c: Submission must include comparison of WD payments with contractor's payments/proposals; P_22_404_1_g_d: Submission must include CO comments and recommendations","P_22_404_1_g_a -> (P_22_404_1_g_b ^ P_22_404_1_g_c ^ P_22_404_1_g_d)","P_52_222_6","Material Implication (Impl): Rule 15 [HIGH-RISK]; Conjunction (Conj): Rule 7","PENDING_REVIEW","PASS","PASS","Disagreement on cash equivalent triggers mandatory DOL referral with three content requirements.","MEDIUM"
22,22.404-1(h),P_22_404_1_h,"Modifying a contract to exercise an option to extend the term.","P_22_404_1_h = Parent for option extension WD procedures.","P_22_404_1_h_1 ^ P_22_404_1_h_2 ^ P_22_404_1_h_3 ^ P_22_404_1_h_4 ^ P_22_404_1_h_5 ^ P_22_404_1_h_6","DEFERRED","Conjunction (Conj): Rule 7","VALIDATED","PASS","PASS","Parent aggregating six subsections on option extension wage determination procedures.","HIGH"
22,22.404-1(h)(1),P_22_404_1_h_1,"Each time the contracting officer exercises an option to extend the term of a contract for construction, or a contract that includes substantial and segregable construction work, the contracting officer must modify the contract to incorporate the most current wage determination.","P_22_404_1_h_1_a: CO exercises option to extend construction contract or contract with substantial/segregable construction; P_22_404_1_h_1_b: CO must modify contract to incorporate most current WD","P_22_404_1_h_1_a -> P_22_404_1_h_1_b","DEFERRED","Material Implication (Impl): Rule 15 [HIGH-RISK]","PENDING_REVIEW","PASS","PASS","Option exercise triggers mandatory WD incorporation.","MEDIUM"
22,22.404-1(h)(2),P_22_404_1_h_2,"Modified wage determination effective if conditions met.","P_22_404_1_h_2 = Parent for WD effectiveness conditions.","P_22_404_1_h_2_i v P_22_404_1_h_2_ii","DEFERRED","Addition (Add): Rule 8","VALIDATED","PASS","PASS","Parent with disjunctive structure. Either condition satisfies effectiveness.","HIGH"
22,22.404-1(h)(2)(i),P_22_404_1_h_2_i,"The contracting agency receives a written action from the Department of Labor prior to exercise of the option, or within 45 days after submission of a wage determination request whichever is later.","P_22_404_1_h_2_i_a: Agency receives written DOL action before option exercise; P_22_404_1_h_2_i_b: Agency receives written DOL action within 45 days of WD request; P_22_404_1_h_2_i_c: Whichever is later applies; P_22_404_1_h_2_i_d: Modified WD is effective","(P_22_404_1_h_2_i_a v P_22_404_1_h_2_i_b) -> P_22_404_1_h_2_i_d","DEFERRED","Material Implication (Impl): Rule 15 [HIGH-RISK]; Addition (Add): Rule 8","PENDING_REVIEW","PASS","PASS","Disjunctive timing conditions with 'whichever is later' qualifier. Either receipt path triggers effectiveness. The 'later' qualifier means the effective deadline is the more generous of the two.","MEDIUM"
22,22.404-1(h)(2)(ii),P_22_404_1_h_2_ii,"The Department of Labor publishes the modification to a general wage determination on the Wage Determinations at SAM.gov before exercise of the option.","P_22_404_1_h_2_ii_a: DOL publishes WD modification on SAM.gov before option exercise; P_22_404_1_h_2_ii_b: Modified WD is effective","P_22_404_1_h_2_ii_a -> P_22_404_1_h_2_ii_b","DEFERRED","Material Implication (Impl): Rule 15 [HIGH-RISK]","PENDING_REVIEW","PASS","PASS","Publication before option exercise triggers effectiveness.","MEDIUM"
22,22.404-1(h)(3),P_22_404_1_h_3,"If the contracting officer receives an effective modified wage determination either before or after execution of the contract modification to exercise the option, the contracting officer must modify the contract to incorporate the modified wage determination, and any changed wage rates, effective as of the date that the option to extend was effective.","P_22_404_1_h_3_a: CO receives effective modified WD (before or after option execution); P_22_404_1_h_3_b: CO must modify contract to incorporate modified WD; P_22_404_1_h_3_c: Changed wage rates effective as of option effective date","P_22_404_1_h_3_a -> (P_22_404_1_h_3_b ^ P_22_404_1_h_3_c)","DEFERRED","Material Implication (Impl): Rule 15 [HIGH-RISK]; Conjunction (Conj): Rule 7","PENDING_REVIEW","PASS","PASS","Receipt of effective modified WD triggers mandatory incorporation with retroactive effective date. Timing of receipt (before/after execution) does not change obligation.","MEDIUM"
22,22.404-1(h)(4),P_22_404_1_h_4,"The contracting officer must select the most current wage determination(s) from the same schedule(s) as the wage determination(s) incorporated into the contract.","P_22_404_1_h_4_a: CO must select most current WD; P_22_404_1_h_4_b: Selection from same schedule(s) as original contract WD","P_22_404_1_h_4_a ^ P_22_404_1_h_4_b","DEFERRED","Conjunction (Conj): Rule 7","VALIDATED","PASS","PASS","Two conjunctive requirements: currency AND schedule consistency.","HIGH"
22,22.404-1(h)(5),P_22_404_1_h_5,"If a contract with an option to extend the term of the contract has indefinite-delivery or indefinite-quantity construction requirements, the contracting officer must incorporate the wage determination incorporated into the contract at the exercise of the option into task orders issued during that option period. The wage determination will be effective for the complete period of performance of those task orders without further revision.","P_22_404_1_h_5_a: IDIQ construction contract with option to extend; P_22_404_1_h_5_b: CO must incorporate option-exercise WD into task orders during option period; P_22_404_1_h_5_c: WD effective for complete TO performance without further revision","P_22_404_1_h_5_a -> (P_22_404_1_h_5_b ^ P_22_404_1_h_5_c)","DEFERRED","Material Implication (Impl): Rule 15 [HIGH-RISK]; Conjunction (Conj): Rule 7","PENDING_REVIEW","PASS","PASS","IDIQ-specific rule. WD at option exercise flows to all task orders in that period and locks for full TO performance. No mid-TO WD updates.","MEDIUM"
22,22.404-1(h)(6),P_22_404_1_h_6,"The contracting officer must include in fixed-price contracts a clause that specifies one of the following methods to provide an allowance for increases or decreases in labor costs from current wage determination at option exercise.","P_22_404_1_h_6 = Parent for fixed-price price adjustment methods.","P_22_404_1_h_6_i v P_22_404_1_h_6_ii v P_22_404_1_h_6_iii v P_22_404_1_h_6_iv","DEFERRED","Addition (Add): Rule 8","VALIDATED","PASS","PASS","Parent with disjunctive structure. CO must select one of four methods.","HIGH"
22,22.404-1(h)(6)(i),P_22_404_1_h_6_i,"The contracting officer may provide the offerors the opportunity to bid or propose separate prices for each option period. The contracting officer must not further adjust the contract price as a result of the incorporation of a new or revised wage determination at the exercise of each option to extend the term of the contract. Generally, this method is used in construction-only contracts (with options to extend the term) that are not expected to exceed a total of 3 years.","P_22_404_1_h_6_i_a: CO may provide opportunity to bid/propose separate prices per option period; P_22_404_1_h_6_i_b: CO must not further adjust price at option exercise for new WD; P_22_404_1_h_6_i_c: Generally used for construction-only contracts not exceeding 3 years total","(P_22_404_1_h_6_i_a v ~P_22_404_1_h_6_i_a) ^ ~P_22_404_1_h_6_i_b_adjust ^ P_22_404_1_h_6_i_c","DEFERRED","Tautology (Taut): Rule 18; Negation (Neg): Rule 10; Conjunction (Conj): Rule 7","PENDING_REVIEW","PASS","PASS","'May' = discretion on offering separate pricing. 'Must not' = prohibition on further adjustment. Advisory guidance on typical use case. Method (i): separate pricing.","MEDIUM"
22,22.404-1(h)(6)(ii),P_22_404_1_h_6_ii,"The contracting officer may include in the contract a separately specified pricing method that permits an adjustment to the contract price or contract labor unit price at the exercise of each option to extend the term of the contract. At the time of option exercise, the contracting officer must incorporate a new wage determination into the contract, and must apply the specific pricing method to calculate the contract price adjustment. The contracting officer must not further adjust the contract price as a result of the incorporation of the new or revised wage determination.","P_22_404_1_h_6_ii_a: CO may include separately specified pricing method; P_22_404_1_h_6_ii_b: At option exercise CO must incorporate new WD; P_22_404_1_h_6_ii_c: CO must apply specified pricing method to calculate adjustment; P_22_404_1_h_6_ii_d: CO must not further adjust price beyond method result","(P_22_404_1_h_6_ii_a v ~P_22_404_1_h_6_ii_a) ^ P_22_404_1_h_6_ii_b ^ P_22_404_1_h_6_ii_c ^ ~P_22_404_1_h_6_ii_d_adjust","DEFERRED","Tautology (Taut): Rule 18; Conjunction (Conj): Rule 7; Negation (Neg): Rule 10","PENDING_REVIEW","PASS","PASS","'May' for method selection, 'must' for incorporation and application, 'must not' for further adjustment. Method (ii): specified pricing formula.","MEDIUM"
22,22.404-1(h)(6)(iii),P_22_404_1_h_6_iii,"The contracting officer may provide for a contract price adjustment based solely on a percentage rate determined by the contracting officer using a published economic indicator incorporated into the solicitation and resulting contract. At the exercise of each option, the CO will apply the percentage rate to the portion of contract price designated as labor costs subject to CWRR. The CO must insert 50 percent as the estimated labor portion unless a different percentage is more appropriate. This percentage adjustment must be the only adjustment to cover increases in wages and/or benefits from new or revised WD at option exercise.","P_22_404_1_h_6_iii_a: CO may provide percentage rate adjustment based on published economic indicator; P_22_404_1_h_6_iii_b: At option exercise CO applies percentage to designated labor cost portion; P_22_404_1_h_6_iii_c: Default labor portion is 50 percent unless CO determines different percentage more appropriate before solicitation; P_22_404_1_h_6_iii_d: Percentage adjustment must be only adjustment for wage/benefit changes from new WD","(P_22_404_1_h_6_iii_a v ~P_22_404_1_h_6_iii_a) ^ P_22_404_1_h_6_iii_b ^ P_22_404_1_h_6_iii_c ^ P_22_404_1_h_6_iii_d","DEFERRED","Tautology (Taut): Rule 18; Conjunction (Conj): Rule 7","PENDING_REVIEW","PASS","PASS","'May' for method selection. 'Will' for application (declarative). 'Must' for 50% default and exclusivity of adjustment. Method (iii): economic indicator percentage.","MEDIUM"
22,22.404-1(h)(6)(iv),P_22_404_1_h_6_iv,"The contracting officer may provide a computation method to adjust the contract price to reflect the contractor's actual increase or decrease in wages and fringe benefits (combined) to the extent that the increase is made to comply with, or the decrease is voluntarily made as a result of incorporation of, a new or revised wage determination at the exercise of the option. Generally, this method is appropriate for use only if contract requirements are predominately services subject to the Service Contract Labor Standards statute and the construction requirements are substantial and segregable.","P_22_404_1_h_6_iv_a: CO may provide actual increase/decrease computation method; P_22_404_1_h_6_iv_b: Adjustment reflects contractor's actual wage and fringe benefit changes from new WD at option exercise; P_22_404_1_h_6_iv_c: Generally appropriate only for predominately service contracts with substantial segregable construction","(P_22_404_1_h_6_iv_a v ~P_22_404_1_h_6_iv_a) ^ P_22_404_1_h_6_iv_b ^ P_22_404_1_h_6_iv_c","DEFERRED","Tautology (Taut): Rule 18; Conjunction (Conj): Rule 7","PENDING_REVIEW","PASS","PASS","'May' for method selection. Actual-cost basis rather than formula. Advisory guidance on appropriate use cases (predominately services). Method (iv): actual computation.","MEDIUM"
22,22.404-2,P_22_404_2,"Enforcement.","P_22_404_2 = Parent for enforcement requirements.","P_22_404_2_a ^ P_22_404_2_b ^ P_22_404_2_c","DEFERRED","Conjunction (Conj): Rule 7","VALIDATED","PASS","PASS","Parent aggregating policy, compliance checking, and investigations.","HIGH"
22,22.404-2(a),P_22_404_2_a,"Contracting agencies are responsible for ensuring the full and impartial enforcement of labor standards in the administration of construction contracts. Contracting agencies must maintain an effective program that must include the following.","P_22_404_2_a_a: Agencies responsible for full impartial enforcement of labor standards; P_22_404_2_a_b: Agencies must maintain effective enforcement program","P_22_404_2_a_a ^ P_22_404_2_a_b ^ P_22_404_2_a_1 ^ P_22_404_2_a_2 ^ P_22_404_2_a_3 ^ P_22_404_2_a_4","DEFERRED","Conjunction (Conj): Rule 7","VALIDATED","PASS","PASS","Parent with embedded mandatory program elements. All four program elements required ('must include').","HIGH"
22,22.404-2(a)(1),P_22_404_2_a_1,"Ensuring that contractors and subcontractors are informed, before commencement of work, of their obligations under the labor standards clauses of the contract.","P_22_404_2_a_1: Ensure contractors/subcontractors informed of obligations before work commences.","P_22_404_2_a_1","DEFERRED","None","VALIDATED","PASS","PASS","Atomic program element. Pre-work notification obligation.","HIGH"
22,22.404-2(a)(2),P_22_404_2_a_2,"Adequate payroll reviews, on-site inspections, and employee interviews to determine compliance by the contractor and subcontractors, and prompt initiation of corrective action when required.","P_22_404_2_a_2_a: Adequate payroll reviews; P_22_404_2_a_2_b: On-site inspections; P_22_404_2_a_2_c: Employee interviews to determine compliance; P_22_404_2_a_2_d: Prompt corrective action when required","P_22_404_2_a_2_a ^ P_22_404_2_a_2_b ^ P_22_404_2_a_2_c ^ P_22_404_2_a_2_d","DEFERRED","Conjunction (Conj): Rule 7","VALIDATED","PASS","PASS","Four conjunctive program elements for active compliance monitoring and correction.","HIGH"
22,22.404-2(a)(3),P_22_404_2_a_3,"Prompt investigation and disposition of complaints.","P_22_404_2_a_3: Prompt investigation and disposition of complaints.","P_22_404_2_a_3","DEFERRED","None","VALIDATED","PASS","PASS","Atomic program element. Complaint handling requirement.","HIGH"
22,22.404-2(a)(4),P_22_404_2_a_4,"Prompt submission of all reports required by the regulations on labor standards for contracts involving construction in this part.","P_22_404_2_a_4: Prompt submission of all required labor standards reports.","P_22_404_2_a_4","DEFERRED","None","VALIDATED","PASS","PASS","Atomic program element. Reporting requirement.","HIGH"
22,22.404-2(b),P_22_404_2_b,"The contracting officer must make checks and investigations on all contracts covered by this subpart as may be necessary to ensure compliance with the labor standards requirement of the contract.","P_22_404_2_b_a: CO must make checks and investigations on all covered contracts; P_22_404_2_b_b: As necessary to ensure labor standards compliance","P_22_404_2_b_a ^ P_22_404_2_b_b","DEFERRED","Conjunction (Conj): Rule 7","VALIDATED","PASS","PASS","Parent for compliance checking. Mandatory obligation with necessity qualifier. Covers (b)(1) regular and (b)(2) special checks.","HIGH"
22,22.404-2(b)(1),P_22_404_2_b_1,"Regular compliance checks include the following activities.","P_22_404_2_b_1 = Parent for regular compliance check activities.","P_22_404_2_b_1_i ^ P_22_404_2_b_1_ii ^ P_22_404_2_b_1_iii ^ P_22_404_2_b_1_iv","DEFERRED","Conjunction (Conj): Rule 7","VALIDATED","PASS","PASS","Parent aggregating four regular check activities.","HIGH"
22,22.404-2(b)(1)(i),P_22_404_2_b_1_i,"Employee interviews to determine correctness of classifications, rates of pay, fringe benefits payments, and hours worked. (See Standard Form 1445.)","P_22_404_2_b_1_i_a: Employee interviews; P_22_404_2_b_1_i_b: Determine correctness of classifications, rates, fringe benefits, hours","P_22_404_2_b_1_i_a ^ P_22_404_2_b_1_i_b","DEFERRED","Conjunction (Conj): Rule 7","VALIDATED","PASS","PASS","Interview activity with four compliance verification areas. SF 1445 reference is informational.","HIGH"
22,22.404-2(b)(1)(ii),P_22_404_2_b_1_ii,"On-site inspections to check type of work performed, number and classification of workers, and fulfillment of posting requirements.","P_22_404_2_b_1_ii_a: On-site inspections; P_22_404_2_b_1_ii_b: Check work type, worker count/classification, posting compliance","P_22_404_2_b_1_ii_a ^ P_22_404_2_b_1_ii_b","DEFERRED","Conjunction (Conj): Rule 7","VALIDATED","PASS","PASS","Inspection activity with three verification areas.","HIGH"
22,22.404-2(b)(1)(iii),P_22_404_2_b_1_iii,"Payroll reviews to ensure that payrolls of prime contractors and subcontractors have been submitted on time and are complete and in compliance with contract requirements.","P_22_404_2_b_1_iii_a: Payroll reviews; P_22_404_2_b_1_iii_b: Verify timeliness of prime and sub payroll submissions; P_22_404_2_b_1_iii_c: Verify completeness and compliance","P_22_404_2_b_1_iii_a ^ P_22_404_2_b_1_iii_b ^ P_22_404_2_b_1_iii_c","DEFERRED","Conjunction (Conj): Rule 7","VALIDATED","PASS","PASS","Payroll review activity with timeliness, completeness, and compliance verification.","HIGH"
22,22.404-2(b)(1)(iv),P_22_404_2_b_1_iv,"Comparison of the information in this paragraph (b) with available data, including daily inspector's report and daily logs of construction, to ensure consistency.","P_22_404_2_b_1_iv_a: Compare compliance check information with available data; P_22_404_2_b_1_iv_b: Available data includes daily inspector reports and construction logs; P_22_404_2_b_1_iv_c: Purpose is to ensure consistency","P_22_404_2_b_1_iv_a ^ P_22_404_2_b_1_iv_b ^ P_22_404_2_b_1_iv_c","DEFERRED","Conjunction (Conj): Rule 7","VALIDATED","PASS","PASS","Cross-validation activity. Data comparison for consistency across sources.","HIGH"
22,22.404-2(b)(2),P_22_404_2_b_2,"Situations that may require special compliance checks.","P_22_404_2_b_2 = Parent for special compliance check triggers.","P_22_404_2_b_2_i v P_22_404_2_b_2_ii","DEFERRED","Addition (Add): Rule 8","VALIDATED","PASS","PASS","Parent with disjunctive structure. Either trigger may require special checks.","HIGH"
22,22.404-2(b)(2)(i),P_22_404_2_b_2_i,"Inconsistencies, errors, or omissions detected during regular compliance checks.","P_22_404_2_b_2_i: Inconsistencies, errors, or omissions from regular checks trigger special checks.","P_22_404_2_b_2_i","DEFERRED","None","VALIDATED","PASS","PASS","Atomic trigger for special compliance check.","HIGH"
22,22.404-2(b)(2)(ii),P_22_404_2_b_2_ii,"Receipt of a complaint alleging violations. If the complaint is not specific enough, the complainant must be so advised and invited to submit additional information.","P_22_404_2_b_2_ii_a: Complaint alleging violations received; P_22_404_2_b_2_ii_b: Complaint not specific enough; P_22_404_2_b_2_ii_c: Complainant must be advised and invited to submit additional information","P_22_404_2_b_2_ii_a ^ (P_22_404_2_b_2_ii_b -> P_22_404_2_b_2_ii_c)","DEFERRED","Conjunction (Conj): Rule 7; Material Implication (Impl): Rule 15 [HIGH-RISK]","PENDING_REVIEW","PASS","PASS","Complaint receipt is trigger. Conditional: if insufficient specificity, must advise complainant. HIGH-RISK for implication.","MEDIUM"
22,22.404-2(c),P_22_404_2_c,"Investigations.","P_22_404_2_c = Parent for investigation requirements.","P_22_404_2_c_1","DEFERRED","Conjunction (Conj): Rule 7","VALIDATED","PASS","PASS","Parent for contracting agency investigation procedures.","HIGH"
22,22.404-2(c)(1),P_22_404_2_c_1,"Contracting agencies must conduct an investigation when a compliance check indicates that substantial or willful violations may have occurred or violations have not been corrected.","P_22_404_2_c_1_a: Compliance check indicates substantial/willful violations may have occurred; P_22_404_2_c_1_b: Violations have not been corrected; P_22_404_2_c_1_c: Agency must conduct investigation","(P_22_404_2_c_1_a v P_22_404_2_c_1_b) -> P_22_404_2_c_1_c","DEFERRED","Material Implication (Impl): Rule 15 [HIGH-RISK]; Addition (Add): Rule 8","PENDING_REVIEW","PASS","PASS","Disjunctive trigger: substantial/willful violations OR uncorrected violations. Either triggers mandatory investigation. Parent of (c)(1)(i)-(vii).","MEDIUM"
22,22.404-2(c)(1)(i),P_22_404_2_c_1_i,"Investigation must include the following requirements.","P_22_404_2_c_1_i = Parent for investigation scope requirements.","P_22_404_2_c_1_i_A ^ P_22_404_2_c_1_i_B ^ P_22_404_2_c_1_i_C","DEFERRED","Conjunction (Conj): Rule 7","VALIDATED","PASS","PASS","Parent aggregating three mandatory investigation scope elements.","HIGH"
22,22.404-2(c)(1)(i)(A),P_22_404_2_c_1_i_A,"Include all aspects of the contractor's compliance with contract labor standards requirements.","P_22_404_2_c_1_i_A: Investigation must include all aspects of contractor's labor standards compliance.","P_22_404_2_c_1_i_A","DEFERRED","None","VALIDATED","PASS","PASS","Atomic. Comprehensive scope requirement.","HIGH"
22,22.404-2(c)(1)(i)(B),P_22_404_2_c_1_i_B,"Not be limited to specific areas raised in a complaint or uncovered during compliance checks.","P_22_404_2_c_1_i_B: Investigation must not be limited to specific complaint/check areas.","~P_22_404_2_c_1_i_B_limited","DEFERRED","Negation (Neg): Rule 10","VALIDATED","PASS","PASS","Prohibition on narrow scope. Reinforces (A)'s comprehensive requirement.","HIGH"
22,22.404-2(c)(1)(i)(C),P_22_404_2_c_1_i_C,"Use personnel familiar with labor laws and their application to contracts.","P_22_404_2_c_1_i_C: Investigation must use personnel familiar with labor laws and contract application.","P_22_404_2_c_1_i_C","DEFERRED","None","VALIDATED","PASS","PASS","Atomic. Personnel qualification requirement.","HIGH"
22,22.404-2(c)(1)(ii),P_22_404_2_c_1_ii,"Do not disclose contractor employees' oral or written statements taken during an investigation or the employee's identity to anyone other than an authorized Government official without that employee's prior signed consent.","P_22_404_2_c_1_ii_a: Employee statements/identity must not be disclosed; P_22_404_2_c_1_ii_b: Exception: authorized Government official; P_22_404_2_c_1_ii_c: Exception: employee's prior signed consent","~P_22_404_2_c_1_ii_a_disclose v P_22_404_2_c_1_ii_b v P_22_404_2_c_1_ii_c","DEFERRED","Negation (Neg): Rule 10; Addition (Add): Rule 8","VALIDATED","PASS","PASS","Prohibition with two exceptions. Default: no disclosure. Exceptions: authorized official OR signed consent.","HIGH"
22,22.404-2(c)(1)(iii),P_22_404_2_c_1_iii,"Send a written request to the Administrator, Wage and Hour Division, to obtain investigation/enforcement instructions or pertinent DOL files.","P_22_404_2_c_1_iii = Parent for Administrator request options.","P_22_404_2_c_1_iii_A v P_22_404_2_c_1_iii_B","DEFERRED","Addition (Add): Rule 8","VALIDATED","PASS","PASS","Parent with disjunctive structure. Two types of requests.","HIGH"
22,22.404-2(c)(1)(iii)(A),P_22_404_2_c_1_iii_A,"Investigation and enforcement instructions.","P_22_404_2_c_1_iii_A: Request for investigation and enforcement instructions from Administrator.","P_22_404_2_c_1_iii_A","DEFERRED","None","VALIDATED","PASS","PASS","Atomic. First type of Administrator request.","HIGH"
22,22.404-2(c)(1)(iii)(B),P_22_404_2_c_1_iii_B,"Available pertinent Department of Labor files.","P_22_404_2_c_1_iii_B: Request for pertinent DOL files from Administrator.","P_22_404_2_c_1_iii_B","DEFERRED","None","VALIDATED","PASS","PASS","Atomic. Second type of Administrator request.","HIGH"
22,22.404-2(c)(1)(iv),P_22_404_2_c_1_iv,"Obtain permission from the Department of Labor before disclosing material obtained from Labor Department files, other than computations of back wages and liquidated damages and summaries of back wages due, to anyone other than Government contract administrators.","P_22_404_2_c_1_iv_a: Must obtain DOL permission before disclosing DOL file material; P_22_404_2_c_1_iv_b: Exception: back wage computations and liquidated damages summaries; P_22_404_2_c_1_iv_c: Exception: disclosure to Government contract administrators","(~P_22_404_2_c_1_iv_b ^ ~P_22_404_2_c_1_iv_c) -> P_22_404_2_c_1_iv_a_permission","DEFERRED","Material Implication (Impl): Rule 15 [HIGH-RISK]; Negation (Neg): Rule 10; Conjunction (Conj): Rule 7","PENDING_REVIEW","PASS","PASS","Permission requirement with two carved-out exceptions. When neither exception applies, DOL permission mandatory. HIGH-RISK for implication with negated antecedent.","MEDIUM"
22,22.404-2(c)(1)(v),P_22_404_2_c_1_v,"The contracting officer must review the investigation report on receipt and make preliminary findings. The contracting officer normally must not base adverse findings solely on employee statements that the employee does not wish to have disclosed. However, if the investigation establishes a pattern of possible violations that are based on employees' statements that are not authorized for disclosure, the pattern itself may support a finding of noncompliance.","P_22_404_2_c_1_v_a: CO must review investigation report upon receipt; P_22_404_2_c_1_v_b: CO must make preliminary findings; P_22_404_2_c_1_v_c: CO normally must not base adverse findings solely on undisclosable employee statements; P_22_404_2_c_1_v_d: Pattern of violations based on undisclosable statements may support noncompliance finding","P_22_404_2_c_1_v_a ^ P_22_404_2_c_1_v_b ^ P_22_404_2_c_1_v_c ^ (P_22_404_2_c_1_v_d v ~P_22_404_2_c_1_v_d)","DEFERRED","Conjunction (Conj): Rule 7; Tautology (Taut): Rule 18","PENDING_REVIEW","PASS","PASS","Three mandatory obligations. Fourth element uses 'may' (pattern-based finding is discretionary). 'Normally must not' introduces qualified prohibition (not absolute). Complex evidentiary standard.","MEDIUM"
22,22.404-2(c)(1)(vi),P_22_404_2_c_1_vi,"After completing review, CO must take actions.","P_22_404_2_c_1_vi = Parent for post-review CO actions.","P_22_404_2_c_1_vi_A ^ P_22_404_2_c_1_vi_B ^ P_22_404_2_c_1_vi_C ^ P_22_404_2_c_1_vi_D","DEFERRED","Conjunction (Conj): Rule 7","VALIDATED","PASS","PASS","Parent aggregating four post-review action requirements.","HIGH"
22,22.404-2(c)(1)(vi)(A),P_22_404_2_c_1_vi_A,"Provide the contractor any written preliminary findings and proposed corrective actions, and notice that the contractor has the right to request that the basis for the findings be made available and to submit written rebuttal information.","P_22_404_2_c_1_vi_A_a: Provide written preliminary findings; P_22_404_2_c_1_vi_A_b: Provide proposed corrective actions; P_22_404_2_c_1_vi_A_c: Provide notice of right to request basis for findings; P_22_404_2_c_1_vi_A_d: Provide notice of right to submit written rebuttal","P_22_404_2_c_1_vi_A_a ^ P_22_404_2_c_1_vi_A_b ^ P_22_404_2_c_1_vi_A_c ^ P_22_404_2_c_1_vi_A_d","DEFERRED","Conjunction (Conj): Rule 7","VALIDATED","PASS","PASS","Four conjunctive notice requirements. Due process protections for contractor.","HIGH"
22,22.404-2(c)(1)(vi)(B),P_22_404_2_c_1_vi_B,"Upon request, provide the contractor with rationale for the findings. However, under no circumstances will the contracting officer permit the contractor to examine the investigation report. Also, the contracting officer must not disclose the identity of any employee who filed a complaint or who was interviewed, without the prior consent of the employee.","P_22_404_2_c_1_vi_B_a: Upon request provide rationale for findings; P_22_404_2_c_1_vi_B_b: Under no circumstances permit contractor to examine investigation report; P_22_404_2_c_1_vi_B_c: Must not disclose employee identity without prior consent","P_22_404_2_c_1_vi_B_a ^ ~P_22_404_2_c_1_vi_B_b_examine ^ ~P_22_404_2_c_1_vi_B_c_disclose","DEFERRED","Conjunction (Conj): Rule 7; Negation (Neg): Rule 10","VALIDATED","PASS","PASS","Conditional obligation (rationale upon request) plus two absolute prohibitions. 'Under no circumstances' is strongest prohibition language. Employee identity protection reinforces (c)(1)(ii).","HIGH"
22,22.404-2(c)(1)(vi)(C),P_22_404_2_c_1_vi_C,"Contractor rebuttal process.","P_22_404_2_c_1_vi_C = Parent for rebuttal procedures.","P_22_404_2_c_1_vi_C_1 ^ P_22_404_2_c_1_vi_C_2","DEFERRED","Conjunction (Conj): Rule 7","VALIDATED","PASS","PASS","Parent aggregating rebuttal submission and default provisions.","HIGH"
22,22.404-2(c)(1)(vi)(C)(1),P_22_404_2_c_1_vi_C_1,"The contractor may rebut the findings in writing within 60 days after it receives a copy of the preliminary findings. The rebuttal becomes part of the official investigation record. If the contractor submits a rebuttal, evaluate the preliminary findings and notify the contractor of the final findings.","P_22_404_2_c_1_vi_C_1_a: Contractor may rebut in writing within 60 days; P_22_404_2_c_1_vi_C_1_b: Rebuttal becomes part of official record; P_22_404_2_c_1_vi_C_1_c: If rebuttal submitted, CO must evaluate and notify of final findings","(P_22_404_2_c_1_vi_C_1_a v ~P_22_404_2_c_1_vi_C_1_a) ^ P_22_404_2_c_1_vi_C_1_b ^ (P_22_404_2_c_1_vi_C_1_a -> (P_22_404_2_c_1_vi_C_1_b ^ P_22_404_2_c_1_vi_C_1_c))","DEFERRED","Tautology (Taut): Rule 18; Material Implication (Impl): Rule 15 [HIGH-RISK]; Conjunction (Conj): Rule 7","PENDING_REVIEW","PASS","PASS","'May' = discretionary rebuttal (tautology). If exercised: rebuttal in record AND CO must evaluate and notify. 60-day window.","MEDIUM"
22,22.404-2(c)(1)(vi)(C)(2),P_22_404_2_c_1_vi_C_2,"If the contracting officer does not receive a timely rebuttal, the contracting officer must consider the preliminary findings final.","P_22_404_2_c_1_vi_C_2_a: No timely rebuttal received; P_22_404_2_c_1_vi_C_2_b: CO must consider preliminary findings final","P_22_404_2_c_1_vi_C_2_a -> P_22_404_2_c_1_vi_C_2_b","DEFERRED","Material Implication (Impl): Rule 15 [HIGH-RISK]","PENDING_REVIEW","PASS","PASS","Default rule: no rebuttal = findings finalized. HIGH-RISK for implication.","MEDIUM"
22,22.404-2(c)(1)(vi)(D),P_22_404_2_c_1_vi_D,"If appropriate, request the contractor to make restitution for underpaid wages and assess liquidated damages. If the request includes liquidated damages, the request must state that the contractor has 60 days to request relief from such assessment.","P_22_404_2_c_1_vi_D_a: If appropriate, request restitution for underpaid wages; P_22_404_2_c_1_vi_D_b: If appropriate, assess liquidated damages; P_22_404_2_c_1_vi_D_c: If liquidated damages included, must state contractor has 60 days to request relief","(P_22_404_2_c_1_vi_D_a v ~P_22_404_2_c_1_vi_D_a) ^ (P_22_404_2_c_1_vi_D_b v ~P_22_404_2_c_1_vi_D_b) ^ (P_22_404_2_c_1_vi_D_b -> P_22_404_2_c_1_vi_D_c)","DEFERRED","Tautology (Taut): Rule 18; Material Implication (Impl): Rule 15 [HIGH-RISK]; Conjunction (Conj): Rule 7","PENDING_REVIEW","PASS","PASS","'If appropriate' = discretionary for both restitution and liquidated damages. But if LD assessed, 60-day relief notice is mandatory. Conditional obligation nested in discretionary action.","MEDIUM"
22,22.404-2(c)(1)(vii),P_22_404_2_c_1_vii,"After taking actions in (v) and (vi).","P_22_404_2_c_1_vii = Parent for post-investigation reporting.","P_22_404_2_c_1_vii_A ^ P_22_404_2_c_1_vii_B","P_22_404_2_c_1_v; P_22_404_2_c_1_vi","Conjunction (Conj): Rule 7","VALIDATED","PASS","PASS","Parent aggregating CO reporting to agency head and agency head processing.","HIGH"
22,22.404-2(c)(1)(vii)(A),P_22_404_2_c_1_vii_A,"The contracting officer must prepare and forward a report of any violations, including findings and supporting evidence, to the agency head. Standard Form 1446, Labor Standards Investigation Summary Sheet, is the first page of the report.","P_22_404_2_c_1_vii_A_a: CO must prepare violation report with findings and evidence; P_22_404_2_c_1_vii_A_b: CO must forward report to agency head; P_22_404_2_c_1_vii_A_c: SF 1446 is first page of report","P_22_404_2_c_1_vii_A_a ^ P_22_404_2_c_1_vii_A_b ^ P_22_404_2_c_1_vii_A_c","DEFERRED","Conjunction (Conj): Rule 7","VALIDATED","PASS","PASS","Three conjunctive requirements: prepare, forward, use SF 1446.","HIGH"
22,22.404-2(c)(1)(vii)(B),P_22_404_2_c_1_vii_B,"The agency head must process the report.","P_22_404_2_c_1_vii_B = Parent for agency head report processing.","P_22_404_2_c_1_vii_B_1","DEFERRED","Conjunction (Conj): Rule 7","VALIDATED","PASS","PASS","Parent for report processing requirements including detailed enforcement report.","HIGH"
22,22.404-2(c)(1)(vii)(B)(1),P_22_404_2_c_1_vii_B_1,"The contracting officer must send a detailed enforcement report to the Administrator, Wage and Hour Division, within 60 days after completion of the investigation, if conditions are met.","P_22_404_2_c_1_vii_B_1 = Parent for enforcement report triggers.","P_22_404_2_c_1_vii_B_1_i v P_22_404_2_c_1_vii_B_1_ii v P_22_404_2_c_1_vii_B_1_iii","DEFERRED","Addition (Add): Rule 8","VALIDATED","PASS","PASS","Parent with disjunctive structure. Any of three conditions triggers mandatory 60-day enforcement report to Administrator.","HIGH"
22,22.404-2(c)(1)(vii)(B)(1)(i),P_22_404_2_c_1_vii_B_1_i,"A contractor or subcontractor underpaid by $1,000 or more.","P_22_404_2_c_1_vii_B_1_i_a: Underpayment of $1,000 or more; P_22_404_2_c_1_vii_B_1_i_b: Detailed enforcement report required within 60 days","P_22_404_2_c_1_vii_B_1_i_a -> P_22_404_2_c_1_vii_B_1_i_b","DEFERRED","Material Implication (Impl): Rule 15 [HIGH-RISK]","PENDING_REVIEW","PASS","PASS","$1,000 threshold triggers mandatory reporting. HIGH-RISK for implication.","MEDIUM"
22,22.404-2(c)(1)(vii)(B)(1)(ii),P_22_404_2_c_1_vii_B_1_ii,"The contracting officer believes that the violations are aggravated or willful (or there is reason to believe that the contractor has disregarded its obligations to employees and subcontractors under the Construction Wage Rate Requirements statute).","P_22_404_2_c_1_vii_B_1_ii_a: CO believes violations aggravated or willful; P_22_404_2_c_1_vii_B_1_ii_b: Reason to believe contractor disregarded CWRR obligations; P_22_404_2_c_1_vii_B_1_ii_c: Detailed enforcement report required within 60 days","(P_22_404_2_c_1_vii_B_1_ii_a v P_22_404_2_c_1_vii_B_1_ii_b) -> P_22_404_2_c_1_vii_B_1_ii_c","DEFERRED","Material Implication (Impl): Rule 15 [HIGH-RISK]; Addition (Add): Rule 8","PENDING_REVIEW","PASS","PASS","Disjunctive belief/reason triggers mandatory reporting. Subjective standard (CO belief or reason to believe).","MEDIUM"
22,22.404-2(c)(1)(vii)(B)(1)(iii),P_22_404_2_c_1_vii_B_1_iii,"The contractor or subcontractor has not made restitution.","P_22_404_2_c_1_vii_B_1_iii_a: Contractor/subcontractor has not made restitution; P_22_404_2_c_1_vii_B_1_iii_b: Detailed enforcement report required within 60 days","P_22_404_2_c_1_vii_B_1_iii_a -> P_22_404_2_c_1_vii_B_1_iii_b","DEFERRED","Material Implication (Impl): Rule 15 [HIGH-RISK]","PENDING_REVIEW","PASS","PASS","Failure to make restitution triggers mandatory reporting.","MEDIUM"
22,22.406-8(c)(1)(vii)(B)(1)(iv),P_22_406_8_c_1_vii_B_1_iv,"Future compliance has not been assured.","P_22_406_8_c_1_vii_B_1_iv_a: Future compliance has not been assured","P_22_406_8_c_1_vii_B_1_iv_a","P_22_406_8_c_1_vii_B_1; P_22_406_8_c_1_vii_B_2","Conjunction (Conj): Rule 7","VALIDATED",PASS,PASS,"Condition (iv) within the list of triggers for forwarding the report. Part of a disjunctive set of conditions under (B)(1). Atomic and self-contained.",HIGH
22,22.406-8(c)(1)(vii)(B)(2),P_22_406_8_c_1_vii_B_2,"If the Department of Labor expressly requested the investigation and none of the conditions in paragraph (c)(1)(vii)(B)(1) of this subsection exist, submit a summary report to the Administrator, Wage and Hour Division. The report must include the items in (i) through (vi).","P_22_406_8_c_1_vii_B_2_a: DOL expressly requested the investigation; P_22_406_8_c_1_vii_B_2_b: None of conditions in (c)(1)(vii)(B)(1) exist; P_22_406_8_c_1_vii_B_2_c: Submit summary report to Administrator WHD","(P_22_406_8_c_1_vii_B_2_a ^ P_22_406_8_c_1_vii_B_2_b) -> P_22_406_8_c_1_vii_B_2_c","P_22_406_8_c_1_vii_B_1","Material Implication (Impl): Rule 15 [HIGH-RISK]; Conjunction (Conj): Rule 7","PENDING_REVIEW",PASS,PASS,"Conditional: both DOL request AND absence of (B)(1) conditions must hold to trigger report submission. Parent of report content requirements (i)-(vi). HIGH-RISK flagged for implication.",MEDIUM
22,22.406-8(c)(1)(vii)(B)(2)(i),P_22_406_8_c_1_vii_B_2_i,"A summary of any violations.","P_22_406_8_c_1_vii_B_2_i_a: Report includes summary of any violations","P_22_406_8_c_1_vii_B_2_i_a","P_22_406_8_c_1_vii_B_2","Conjunction (Conj): Rule 7","VALIDATED",PASS,PASS,"Mandatory report element when (B)(2) triggered. Atomic requirement.",HIGH
22,22.406-8(c)(1)(vii)(B)(2)(ii),P_22_406_8_c_1_vii_B_2_ii,"The amount of restitution paid.","P_22_406_8_c_1_vii_B_2_ii_a: Report includes amount of restitution paid","P_22_406_8_c_1_vii_B_2_ii_a","P_22_406_8_c_1_vii_B_2","Conjunction (Conj): Rule 7","VALIDATED",PASS,PASS,"Mandatory report element. Atomic requirement.",HIGH
22,22.406-8(c)(1)(vii)(B)(2)(iii),P_22_406_8_c_1_vii_B_2_iii,"The number of workers who received restitution.","P_22_406_8_c_1_vii_B_2_iii_a: Report includes number of workers who received restitution","P_22_406_8_c_1_vii_B_2_iii_a","P_22_406_8_c_1_vii_B_2","Conjunction (Conj): Rule 7","VALIDATED",PASS,PASS,"Mandatory report element. Atomic requirement.",HIGH
22,22.406-8(c)(1)(vii)(B)(2)(iv),P_22_406_8_c_1_vii_B_2_iv,"The amount of liquidated damages assessed under the Contract Work Hours and Safety Standards statute.","P_22_406_8_c_1_vii_B_2_iv_a: Report includes amount of liquidated damages assessed under CWHSS","P_22_406_8_c_1_vii_B_2_iv_a","P_22_406_8_c_1_vii_B_2","Conjunction (Conj): Rule 7","VALIDATED",PASS,PASS,"Mandatory report element. References CWHSS as external statutory authority.",HIGH
22,22.406-8(c)(1)(vii)(B)(2)(v),P_22_406_8_c_1_vii_B_2_v,"Corrective measures taken.","P_22_406_8_c_1_vii_B_2_v_a: Report includes corrective measures taken","P_22_406_8_c_1_vii_B_2_v_a","P_22_406_8_c_1_vii_B_2","Conjunction (Conj): Rule 7","VALIDATED",PASS,PASS,"Mandatory report element. Atomic requirement.",HIGH
22,22.406-8(c)(1)(vii)(B)(2)(vi),P_22_406_8_c_1_vii_B_2_vi,"Any information that may be necessary to review any recommendations for an appropriate adjustment in liquidated damages.","P_22_406_8_c_1_vii_B_2_vi_a: Report includes information necessary to review recommendations for liquidated damages adjustment","P_22_406_8_c_1_vii_B_2_vi_a","P_22_406_8_c_1_vii_B_2","Conjunction (Conj): Rule 7","VALIDATED",PASS,PASS,"Mandatory report element. 'May be necessary' introduces discretion on what to include, but inclusion obligation is mandatory. Atomic.",HIGH
22,22.406-8(c)(1)(vii)(B)(3),P_22_406_8_c_1_vii_B_3,"If none of the conditions in paragraphs (c)(1)(vii)(B)(1) or (2) of this subsection are present, close the case and retain the report in the appropriate contract file.","P_22_406_8_c_1_vii_B_3_a: None of conditions in (B)(1) or (B)(2) are present; P_22_406_8_c_1_vii_B_3_b: Close the case; P_22_406_8_c_1_vii_B_3_c: Retain report in contract file","P_22_406_8_c_1_vii_B_3_a -> (P_22_406_8_c_1_vii_B_3_b ^ P_22_406_8_c_1_vii_B_3_c)","P_22_406_8_c_1_vii_B_1; P_22_406_8_c_1_vii_B_2","Material Implication (Impl): Rule 15 [HIGH-RISK]; Conjunction (Conj): Rule 7","PENDING_REVIEW",PASS,PASS,"Conditional: absence of all escalation triggers results in case closure and file retention. Both actions mandatory when triggered. HIGH-RISK for implication.",MEDIUM
22,22.406-8(c)(1)(vii)(B)(4),P_22_406_8_c_1_vii_B_4,"If substantial evidence is found that violations are willful and in violation of a criminal statute (generally 18 U.S.C. 874 or 1001), forward the report (supplemented if necessary) to the Attorney General of the United States for prosecution if the facts warrant. Notify the Administrator, Wage and Hour Division, when the report is forwarded for the Attorney General's consideration.","P_22_406_8_c_1_vii_B_4_a: Substantial evidence found of willful criminal violations; P_22_406_8_c_1_vii_B_4_b: Facts warrant prosecution; P_22_406_8_c_1_vii_B_4_c: Forward report to AG; P_22_406_8_c_1_vii_B_4_d: Notify Administrator WHD of forwarding","(P_22_406_8_c_1_vii_B_4_a ^ P_22_406_8_c_1_vii_B_4_b) -> (P_22_406_8_c_1_vii_B_4_c ^ P_22_406_8_c_1_vii_B_4_d)","None","Material Implication (Impl): Rule 15 [HIGH-RISK]; Conjunction (Conj): Rule 7","PENDING_REVIEW",PASS,PASS,"Dual-condition trigger: both substantial evidence AND facts warranting prosecution required. Both forwarding and notification are mandatory when triggered. References 18 USC 874 and 1001 as external statutory authority. HIGH-RISK for implication.",MEDIUM
22,22.406-8(c)(2),P_22_406_8_c_2,"Department of Labor investigations. The Department of Labor will furnish the contracting officer an enforcement report detailing violations found and any corrective action taken by the contractor, in investigations that disclose conditions in (i) through (iii).","P_22_406_8_c_2_a: DOL furnishes CO an enforcement report detailing violations and corrective action","(P_22_406_8_c_2_i v P_22_406_8_c_2_ii v P_22_406_8_c_2_iii) -> P_22_406_8_c_2_a","P_22_406_8_c_2_i; P_22_406_8_c_2_ii; P_22_406_8_c_2_iii","Material Implication (Impl): Rule 15 [HIGH-RISK]; Addition (Add): Rule 8","PENDING_REVIEW",PASS,PASS,"Parent proposition. Disjunctive trigger: any one of the three conditions triggers the enforcement report. 'Will' = declarative/descriptive per modal mapping. HIGH-RISK for implication.",MEDIUM
22,22.406-8(c)(2)(i),P_22_406_8_c_2_i,"Underpayments totaling $1,000 or more.","P_22_406_8_c_2_i_a: Investigation discloses underpayments totaling $1,000 or more","P_22_406_8_c_2_i_a","P_22_406_8_c_2","Conjunction (Conj): Rule 7","VALIDATED",PASS,PASS,"Trigger condition for DOL enforcement report. Atomic. Threshold is $1,000.",HIGH
22,22.406-8(c)(2)(ii),P_22_406_8_c_2_ii,"Aggravated or willful violations (or, when the contracting officer believes that the contractor has disregarded its obligations to employees and subcontractors under the Construction Wage Rate Requirements statute).","P_22_406_8_c_2_ii_a: Investigation discloses aggravated or willful violations; P_22_406_8_c_2_ii_b: CO believes contractor disregarded obligations under CWRR","P_22_406_8_c_2_ii_a v P_22_406_8_c_2_ii_b","P_22_406_8_c_2","Addition (Add): Rule 8","VALIDATED",PASS,PASS,"Disjunctive trigger. Either aggravated/willful violations OR CO belief of disregard suffices. Parenthetical adds alternative path.",HIGH
22,22.406-8(c)(2)(iii),P_22_406_8_c_2_iii,"Potential assessment of liquidated damages under the Contract Work Hours and Safety Standards statute.","P_22_406_8_c_2_iii_a: Investigation discloses potential assessment of liquidated damages under CWHSS","P_22_406_8_c_2_iii_a","P_22_406_8_c_2","Conjunction (Conj): Rule 7","VALIDATED",PASS,PASS,"Trigger condition. Atomic. References CWHSS.",HIGH
22,22.406-8(c)(3),P_22_406_8_c_3,"The Department of Labor will provide a letter summarizing the findings of the investigation to the contracting officer for all investigations that are not described in paragraph (c)(2) of this subsection.","P_22_406_8_c_3_a: Investigation not described in (c)(2); P_22_406_8_c_3_b: DOL provides summary letter to CO","P_22_406_8_c_3_a -> P_22_406_8_c_3_b","P_22_406_8_c_2","Material Implication (Impl): Rule 15 [HIGH-RISK]","PENDING_REVIEW",PASS,PASS,"Conditional: if investigation does not meet (c)(2) thresholds, DOL provides summary letter instead of enforcement report. 'Will' = declarative. HIGH-RISK for implication.",MEDIUM
22,22.406-8(c)(4),P_22_406_8_c_4,"Cooperation requirements for contracting agency with DOL.","P_22_406_8_c_4_a: Parent aggregating cooperation requirements","P_22_406_8_c_4_i ^ P_22_406_8_c_4_ii ^ P_22_406_8_c_4_iii","P_22_406_8_c_4_i; P_22_406_8_c_4_ii; P_22_406_8_c_4_iii","Conjunction (Conj): Rule 7","VALIDATED",PASS,PASS,"Parent proposition. All three cooperation requirements apply conjunctively.",HIGH
22,22.406-8(c)(4)(i),P_22_406_8_c_4_i,"The contracting agency must cooperate with representatives of the Department of Labor in the inspection of records, interviews with workers, and all other aspects of investigations undertaken by the Department of Labor.","P_22_406_8_c_4_i_a: Agency cooperates with DOL in record inspections; P_22_406_8_c_4_i_b: Agency cooperates with DOL in worker interviews; P_22_406_8_c_4_i_c: Agency cooperates in all other investigation aspects","P_22_406_8_c_4_i_a ^ P_22_406_8_c_4_i_b ^ P_22_406_8_c_4_i_c","P_22_406_8_c_4","Conjunction (Conj): Rule 7","VALIDATED",PASS,PASS,"'Must' = mandatory. Three conjunctive cooperation obligations. Serial commas with 'and' = conjunction per pitfall rule.",HIGH
22,22.406-8(c)(4)(ii),P_22_406_8_c_4_ii,"When requested, the contracting agency must furnish to the Secretary any available information on contractors, subcontractors, current and previous contracts, and the nature of the contract work.","P_22_406_8_c_4_ii_a: Secretary requests information; P_22_406_8_c_4_ii_b: Agency furnishes available information on contractors, subs, contracts, and work nature","P_22_406_8_c_4_ii_a -> P_22_406_8_c_4_ii_b","P_22_406_8_c_4","Material Implication (Impl): Rule 15 [HIGH-RISK]","PENDING_REVIEW",PASS,PASS,"Conditional: triggered by request. 'Must' = mandatory when triggered. 'Any available' limits scope to existing information. HIGH-RISK for implication.",MEDIUM
22,22.406-8(c)(4)(iii),P_22_406_8_c_4_iii,"If a Department of Labor representative undertakes an investigation at a construction project, the contracting officer must inquire into the scope of the investigation, and request to be notified immediately of any violations discovered under the Construction Wage Rate Requirements statute, the Contract Work Hours and Safety Standards statute, or the Copeland (Anti-Kickback) Act.","P_22_406_8_c_4_iii_a: DOL rep undertakes investigation at construction project; P_22_406_8_c_4_iii_b: CO inquires into scope; P_22_406_8_c_4_iii_c: CO requests immediate notification of violations under CWRR, CWHSS, or Copeland Act","P_22_406_8_c_4_iii_a -> (P_22_406_8_c_4_iii_b ^ P_22_406_8_c_4_iii_c)","P_22_406_8_c_4","Material Implication (Impl): Rule 15 [HIGH-RISK]; Conjunction (Conj): Rule 7","PENDING_REVIEW",PASS,PASS,"Conditional trigger: DOL investigation at site. Both inquiry and notification request are mandatory. References three external statutes. HIGH-RISK for implication.",MEDIUM
22,22.406-8(d),P_22_406_8_d,"A semiannual report on compliance with and enforcement of the construction labor standards requirements of the Construction Wage Rate Requirements statute and Contract Work Hours and Safety Standards statute is required from each contracting agency. The reporting periods are October 1 through March 31 and April 1 through September 30. The reports must only contain information as to the enforcement actions of the contracting agency and must be prepared as prescribed in Department of Labor memoranda and submitted to the Department of Labor within 30 days after the end of the reporting period. This report has been assigned interagency report control number 1482-DOL-SA.","P_22_406_8_d_a: Semiannual compliance report required from each agency; P_22_406_8_d_b: Reporting periods are Oct 1-Mar 31 and Apr 1-Sep 30; P_22_406_8_d_c: Reports contain only enforcement action information; P_22_406_8_d_d: Reports prepared per DOL memoranda; P_22_406_8_d_e: Reports submitted to DOL within 30 days after period end","P_22_406_8_d_a ^ P_22_406_8_d_b ^ P_22_406_8_d_c ^ P_22_406_8_d_d ^ P_22_406_8_d_e","None","Conjunction (Conj): Rule 7","VALIDATED",PASS,PASS,"Five conjunctive requirements for semiannual reporting. All mandatory. Report control number 1482-DOL-SA is administrative metadata. No conditional triggers.",HIGH
22,22.406-8(e),P_22_406_8_e,"Withholding payment requirements (parent).","P_22_406_8_e_a: Parent aggregating withholding provisions","P_22_406_8_e_1 ^ P_22_406_8_e_2","P_22_406_8_e_1; P_22_406_8_e_2","Conjunction (Conj): Rule 7","VALIDATED",PASS,PASS,"Parent proposition aggregating two withholding scenarios.",HIGH
22,22.406-8(e)(1),P_22_406_8_e_1,"If the contractor fails to submit copies of its or its subcontractors' payrolls promptly under clause 52.222-8, the contracting officer must, from any payment due to the contractor, from any current Federal contract or Federally assisted contract with the same prime contractor that is subject to either the Construction Wage Rate Requirements statute or Contract Work Hours and Safety Standards statute requirements, withhold approval of an amount that the contracting officer considers necessary to protect the interest of the Government and the employees of the contractor or any subcontractor.","P_22_406_8_e_1_a: Contractor fails to submit payrolls promptly under 52.222-8; P_22_406_8_e_1_b: CO withholds approval of amount from any payment due under any current Federal or Federally assisted contract with same prime subject to CWRR or CWHSS; P_22_406_8_e_1_c: Amount is what CO considers necessary to protect Government and employee interests","P_22_406_8_e_1_a -> (P_22_406_8_e_1_b ^ P_22_406_8_e_1_c)","P_52_222_8","Material Implication (Impl): Rule 15 [HIGH-RISK]; Conjunction (Conj): Rule 7","PENDING_REVIEW",PASS,PASS,"Conditional: failure to submit payrolls triggers mandatory withholding. Scope of withholding extends across all current contracts with same prime. CO discretion on amount but withholding itself is mandatory. External dep on clause 52.222-8. HIGH-RISK.",MEDIUM
22,22.406-8(e)(2),P_22_406_8_e_2,"Withholding for violations (parent).","P_22_406_8_e_2_a: Parent aggregating violation-based withholding","P_22_406_8_e_2_i ^ P_22_406_8_e_2_ii","P_22_406_8_e_2_i; P_22_406_8_e_2_ii","Conjunction (Conj): Rule 7","VALIDATED",PASS,PASS,"Parent proposition for violation-based withholding requirements.",HIGH
22,22.406-8(e)(2)(i),P_22_406_8_e_2_i,"If the contracting officer believes a violation exists (see paragraph (a) of this subsection), or upon request of the Department of Labor, the contracting officer must withhold from payments due the contractor an amount equal to the estimated wage underpayment and estimated liquidated damages due the United States under the Contract Work Hours and Safety Standards statute. (See 22.302.)","P_22_406_8_e_2_i_a: CO believes violation exists per (a); P_22_406_8_e_2_i_b: DOL requests withholding; P_22_406_8_e_2_i_c: CO withholds estimated wage underpayment and estimated liquidated damages","(P_22_406_8_e_2_i_a v P_22_406_8_e_2_i_b) -> P_22_406_8_e_2_i_c","P_22_406_8_a; P_22_302","Material Implication (Impl): Rule 15 [HIGH-RISK]; Addition (Add): Rule 8","PENDING_REVIEW",PASS,PASS,"Disjunctive trigger: CO belief of violation OR DOL request. Either triggers mandatory withholding of estimated amounts. External deps on paragraph (a) and 22.302. HIGH-RISK.",MEDIUM
22,22.406-8(e)(2)(ii),P_22_406_8_e_2_ii,"Use withheld funds as provided in paragraph (g) of this subsection to satisfy assessed liquidated damages, and unless the contractor makes restitution, validated wage underpayments.","P_22_406_8_e_2_ii_a: Withheld funds used per (g) for liquidated damages; P_22_406_8_e_2_ii_b: Contractor makes restitution; P_22_406_8_e_2_ii_c: Withheld funds used for validated wage underpayments","P_22_406_8_e_2_ii_a ^ (~P_22_406_8_e_2_ii_b -> P_22_406_8_e_2_ii_c)","P_22_406_8_g","Conjunction (Conj): Rule 7; Material Implication (Impl): Rule 15 [HIGH-RISK]; Negation (Neg): Rule 10","PENDING_REVIEW",PASS,PASS,"Two-part: liquidated damages always satisfied from withheld funds; wage underpayments satisfied only if contractor has NOT made restitution. 'Unless' = negated conditional. HIGH-RISK for implication and negation combination.",MEDIUM
22,22.406-8(f),P_22_406_8_f,"If a contractor or subcontractor fails or refuses to comply with the labor standards clauses of the Construction Wage Rate Requirements statute and related statutes, the agency, upon its own action or upon the written request of the Department of Labor, must suspend any further payment, advance, or guarantee of funds until the violations cease or until the agency has withheld sufficient funds to compensate employees for back wages, and to cover any liquidated damages due.","P_22_406_8_f_a: Contractor/sub fails or refuses to comply with labor standards clauses; P_22_406_8_f_b: Agency acts on own or upon DOL written request; P_22_406_8_f_c: Agency suspends further payment/advance/guarantee of funds; P_22_406_8_f_d: Violations cease; P_22_406_8_f_e: Agency has withheld sufficient funds for back wages and liquidated damages","P_22_406_8_f_a -> (P_22_406_8_f_c ^ (~(P_22_406_8_f_d v P_22_406_8_f_e) -> P_22_406_8_f_c))","None","Material Implication (Impl): Rule 15 [HIGH-RISK]; Conjunction (Conj): Rule 7; Addition (Add): Rule 8; Negation (Neg): Rule 10","PENDING_REVIEW",PASS,PASS,"Conditional: noncompliance triggers mandatory suspension. Suspension continues until either violations cease OR sufficient funds withheld (disjunctive termination conditions). Agency initiative or DOL request both valid triggers. Complex nested logic. HIGH-RISK.",LOW
22,22.406-8(g),P_22_406_8_g,"Disposition of contract payments withheld or suspended (parent).","P_22_406_8_g_a: Parent aggregating disposition requirements","P_22_406_8_g_1 ^ P_22_406_8_g_2 ^ P_22_406_8_g_3","P_22_406_8_g_1; P_22_406_8_g_2; P_22_406_8_g_3","Conjunction (Conj): Rule 7","VALIDATED",PASS,PASS,"Parent proposition. Three disposition pathways apply conjunctively as the complete set of rules.",HIGH
22,22.406-8(g)(1),P_22_406_8_g_1,"Upon final administrative determination, if the contractor or subcontractor has not made restitution, the contracting officer must follow the Department of Labor guidance published in Wage and Hour Division, All Agency Memorandum (AAM) No. 215, Streamlining Claims for Federal Contractor Employees Act.","P_22_406_8_g_1_a: Final administrative determination reached; P_22_406_8_g_1_b: Contractor/sub has not made restitution; P_22_406_8_g_1_c: CO follows DOL guidance in AAM No. 215","(P_22_406_8_g_1_a ^ P_22_406_8_g_1_b) -> P_22_406_8_g_1_c","None","Material Implication (Impl): Rule 15 [HIGH-RISK]; Conjunction (Conj): Rule 7","PENDING_REVIEW",PASS,PASS,"Dual-condition trigger: both final determination AND lack of restitution required. 'Must' = mandatory. References external DOL guidance document. HIGH-RISK.",MEDIUM
22,22.406-8(g)(2),P_22_406_8_g_2,"When funds withheld exceed the amount required to satisfy validated wage underpayments and assessed liquidated damages, return the funds to the contractor.","P_22_406_8_g_2_a: Funds withheld exceed amount for validated underpayments and liquidated damages; P_22_406_8_g_2_b: Return excess funds to contractor","P_22_406_8_g_2_a -> P_22_406_8_g_2_b","None","Material Implication (Impl): Rule 15 [HIGH-RISK]","PENDING_REVIEW",PASS,PASS,"Conditional: excess triggers mandatory return. Straightforward implication. HIGH-RISK flagged per standard.",MEDIUM
22,22.406-8(g)(3),P_22_406_8_g_3,"Upon final administrative determination, the contracting officer must dispose of funds withheld or collected for liquidated damages in accordance with agency procedures.","P_22_406_8_g_3_a: Final administrative determination reached; P_22_406_8_g_3_b: CO disposes of liquidated damages funds per agency procedures","P_22_406_8_g_3_a -> P_22_406_8_g_3_b","None","Material Implication (Impl): Rule 15 [HIGH-RISK]","PENDING_REVIEW",PASS,PASS,"Conditional: final determination triggers disposal obligation. 'Must' = mandatory. Defers to agency-specific procedures. HIGH-RISK.",MEDIUM
22,22.406-8(h),P_22_406_8_h,"If a contract or subcontract is terminated for violation of the labor standards clauses, the contracting agency must submit a report to the Administrator, Wage and Hour Division. The report must include the number of the terminated contract.","P_22_406_8_h_a: Contract/subcontract terminated for labor standards violation; P_22_406_8_h_b: Agency submits report to Administrator WHD; P_22_406_8_h_c: Report includes terminated contract number","P_22_406_8_h_a -> (P_22_406_8_h_b ^ P_22_406_8_h_c)","None","Material Implication (Impl): Rule 15 [HIGH-RISK]; Conjunction (Conj): Rule 7","PENDING_REVIEW",PASS,PASS,"Conditional: termination for cause triggers reporting. Both submission and content requirements mandatory. HIGH-RISK.",MEDIUM
22,22.406-8(i),P_22_406_8_i,"Disputes provisions (parent).","P_22_406_8_i_a: Parent aggregating dispute resolution provisions","P_22_406_8_i_1 ^ P_22_406_8_i_2","P_22_406_8_i_1; P_22_406_8_i_2","Conjunction (Conj): Rule 7","VALIDATED",PASS,PASS,"Parent proposition. Both dispute provisions apply.",HIGH
22,22.406-8(i)(1),P_22_406_8_i_1,"Disputes between the contracting officer and contractors concerning construction contract labor standards enforcement will be settled by the Department of Labor.","P_22_406_8_i_1_a: Disputes between CO and contractors re construction labor standards enforcement are settled by DOL","P_22_406_8_i_1_a","None","Conjunction (Conj): Rule 7","VALIDATED",PASS,PASS,"Declarative statement. 'Will' = descriptive. DOL has exclusive jurisdiction over these disputes. Atomic.",HIGH
22,22.406-8(i)(2),P_22_406_8_i_2,"The Administrator, Wage and Hour Division, will respond directly to the contractor or subcontractor, with a copy to the contracting agency. The contractor or subcontractor may appeal the Administrator's findings in accordance with the procedures outlined in Labor Department Regulations (29 CFR 5.11). Hearings before administrative law judges are conducted in accordance with 29 CFR part 6, and hearings before the Labor Department Administrative Review Board are conducted in accordance with 29 CFR part 7.","P_22_406_8_i_2_a: Administrator WHD responds directly to contractor/sub with copy to agency; P_22_406_8_i_2_b: Contractor/sub may appeal per 29 CFR 5.11; P_22_406_8_i_2_c: ALJ hearings per 29 CFR part 6; P_22_406_8_i_2_d: ARB hearings per 29 CFR part 7","P_22_406_8_i_2_a ^ (P_22_406_8_i_2_b v ~P_22_406_8_i_2_b) ^ P_22_406_8_i_2_c ^ P_22_406_8_i_2_d","None","Conjunction (Conj): Rule 7; Tautology (Taut): Rule 18","VALIDATED",PASS,PASS,"Response is declarative/mandatory. Appeal right is permissive ('may' = tautology). Hearing procedures are descriptive. References external CFR parts.",HIGH
22,22.502-3(b)(1),P_22_502_3_b_1,"Insert the clause at 52.222-34, Project Labor Agreement, in solicitations and contracts associated with the construction project.","P_22_502_3_b_1_a: Insert clause 52.222-34 in solicitations and contracts for PLA construction projects","P_22_502_3_b_1_a","P_52_222_34","Conjunction (Conj): Rule 7","VALIDATED",PASS,PASS,"Mandatory clause insertion. 'Must' (from parent). Atomic. External dep on clause 52.222-34.",HIGH
22,22.502-3(b)(2),P_22_502_3_b_2,"Use the clause with its Alternate I if an agency allows submission of the project labor agreement after contract award except when Alternate II is used.","P_22_502_3_b_2_a: Agency allows PLA submission after award; P_22_502_3_b_2_b: Alternate II not used; P_22_502_3_b_2_c: Use clause 52.222-34 with Alternate I","(P_22_502_3_b_2_a ^ P_22_502_3_b_2_b) -> P_22_502_3_b_2_c","P_22_502_3_b_1; P_22_502_3_b_3","Material Implication (Impl): Rule 15 [HIGH-RISK]; Conjunction (Conj): Rule 7","PENDING_REVIEW",PASS,PASS,"Conditional with exception. Post-award AND no Alt II triggers Alt I. HIGH-RISK.",MEDIUM
22,22.502-3(b)(3),P_22_502_3_b_3,"Use the clause with its Alternate II in IDIQ contracts when the agency will have project labor agreements negotiated on an order-by-order basis and anticipates one or more orders may not use a project labor agreement.","P_22_502_3_b_3_a: IDIQ contract; P_22_502_3_b_3_b: PLAs negotiated order-by-order; P_22_502_3_b_3_c: Agency anticipates some orders may not use PLA; P_22_502_3_b_3_d: Use clause 52.222-34 with Alternate II","(P_22_502_3_b_3_a ^ P_22_502_3_b_3_b ^ P_22_502_3_b_3_c) -> P_22_502_3_b_3_d","P_22_502_3_b_1; P_22_502_1_d","Material Implication (Impl): Rule 15 [HIGH-RISK]; Conjunction (Conj): Rule 7","PENDING_REVIEW",PASS,PASS,"Triple-condition trigger: IDIQ + order-by-order PLA + anticipated non-PLA orders. All three required for Alt II. HIGH-RISK.",MEDIUM
22,22.601-1,P_22_601_1,"Except for the exemptions at 22.601-3, all contracts subject to 41 U.S.C. chapter 65 (the statute), and entered into by any executive department, independent establishment, or other agency or instrumentality of the United States, or by the District of Columbia, or by any corporation (all the stock of which is beneficially owned by the United States) for the manufacture or furnishing of materials, supplies, articles, and equipment in any amount exceeding $15,000, must include or incorporate by reference the stipulations required by the statute pertaining to such matters as minimum wages, maximum hours, child labor, convict labor, and safe and sanitary working conditions.","P_22_601_1_a: Contract subject to 41 USC Ch. 65; P_22_601_1_b: Entered into by executive dept, independent establishment, agency, DC, or wholly-owned US corporation; P_22_601_1_c: For manufacture or furnishing of supplies exceeding $15,000; P_22_601_1_d: Not exempt under 22.601-3; P_22_601_1_e: Contract includes statutory stipulations on wages, hours, child labor, convict labor, safety","(P_22_601_1_a ^ P_22_601_1_b ^ P_22_601_1_c ^ P_22_601_1_d) -> P_22_601_1_e","P_22_601_3","Material Implication (Impl): Rule 15 [HIGH-RISK]; Conjunction (Conj): Rule 7","PENDING_REVIEW",PASS,PASS,"Four-condition conjunctive trigger for mandatory statutory stipulations. Exemption carved out via negation of 22.601-3. $15,000 threshold. Broad scope across Federal entities. HIGH-RISK.",MEDIUM
22,22.601-2,P_22_601_2,"Applicability: contracts for manufacture or furnishing of supplies that meet conditions (a) through (c) (parent).","P_22_601_2_a: Parent aggregating applicability conditions","P_22_601_2_a_prop ^ P_22_601_2_b_prop ^ P_22_601_2_c_prop","P_22_601_2_a; P_22_601_2_b; P_22_601_2_c","Conjunction (Conj): Rule 7","VALIDATED",PASS,PASS,"Parent. All three conditions must be met conjunctively for subpart to apply.",HIGH
22,22.601-2(a),P_22_601_2_a,"Will be performed in the United States, Puerto Rico, or the U.S. Virgin Islands.","P_22_601_2_a_a: Contract performed in US, PR, or USVI","P_22_601_2_a_a","P_22_601_2","Conjunction (Conj): Rule 7","VALIDATED",PASS,PASS,"Geographic applicability condition. Disjunctive locations but functions as single atomic condition. Atomic.",HIGH
22,22.601-2(b),P_22_601_2_b,"Exceed or may exceed $15,000.","P_22_601_2_b_a: Contract value exceeds or may exceed $15,000","P_22_601_2_b_a","P_22_601_2","Conjunction (Conj): Rule 7","VALIDATED",PASS,PASS,"Dollar threshold condition. 'May exceed' captures potential value. Atomic.",HIGH
22,22.601-2(c),P_22_601_2_c,"Are not exempt under 22.601-3.","P_22_601_2_c_a: Contract not exempt under 22.601-3","P_22_601_2_c_a","P_22_601_2; P_22_601_3","Negation (Neg): Rule 10","VALIDATED",PASS,PASS,"Negation condition. Must not fall under exemptions. Atomic.",HIGH
22,22.601-3,P_22_601_3,"Exemptions from subpart requirements (parent).","P_22_601_3_a: Parent aggregating all exemption categories","P_22_601_3_a_parent ^ P_22_601_3_b_parent ^ P_22_601_3_c_parent","P_22_601_3_a; P_22_601_3_b; P_22_601_3_c","Conjunction (Conj): Rule 7","VALIDATED",PASS,PASS,"Parent. Three exemption categories: statutory (a), regulatory (b), and Secretary-granted (c).",HIGH
22,22.601-3(a),P_22_601_3_a,"Contracts for acquisition of the following supplies are statutorily exempt from the requirements of this subpart (parent).","P_22_601_3_a_a: Parent for statutory exemptions","P_22_601_3_a_1 v P_22_601_3_a_2 v P_22_601_3_a_3 v P_22_601_3_a_4","P_22_601_3_a_1; P_22_601_3_a_2; P_22_601_3_a_3; P_22_601_3_a_4","Addition (Add): Rule 8","VALIDATED",PASS,PASS,"Parent. Statutory exemptions are disjunctive: any one exemption suffices.",HIGH
22,22.601-3(a)(1),P_22_601_3_a_1,"Any item in those situations where the contracting officer is authorized by the express language of a statute to purchase 'in the open market' generally (such as commercial products and commercial services, see part 12); or where a specific purchase is made under the conditions described in 6.302-2 in circumstances where immediate delivery is required by the public exigency.","P_22_601_3_a_1_a: CO authorized by statute to purchase in open market; P_22_601_3_a_1_b: Purchase made under 6.302-2 for public exigency requiring immediate delivery","P_22_601_3_a_1_a v P_22_601_3_a_1_b","P_22_601_3_a; P_12; P_6_302_2","Addition (Add): Rule 8","VALIDATED",PASS,PASS,"Disjunctive exemption: either open market authority OR public exigency purchase. External deps on Part 12 and 6.302-2.",HIGH
22,22.601-3(a)(2),P_22_601_3_a_2,"Perishables, including dairy, livestock, and nursery products.","P_22_601_3_a_2_a: Supplies are perishables including dairy, livestock, nursery products","P_22_601_3_a_2_a","P_22_601_3_a","Conjunction (Conj): Rule 7","VALIDATED",PASS,PASS,"Statutory exemption. 'Including' = non-exhaustive list. Atomic.",HIGH
22,22.601-3(a)(3),P_22_601_3_a_3,"Agricultural or farm products processed for first sale by the original producers.","P_22_601_3_a_3_a: Agricultural/farm products processed for first sale by original producers","P_22_601_3_a_3_a","P_22_601_3_a","Conjunction (Conj): Rule 7","VALIDATED",PASS,PASS,"Statutory exemption. Atomic. Limited to first-sale processing by original producers.",HIGH
22,22.601-3(a)(4),P_22_601_3_a_4,"Agricultural commodities or the products thereof purchased under contract by the Secretary of Agriculture.","P_22_601_3_a_4_a: Agricultural commodities purchased by Secretary of Agriculture","P_22_601_3_a_4_a","P_22_601_3_a","Conjunction (Conj): Rule 7","VALIDATED",PASS,PASS,"Statutory exemption. Atomic. Limited to SecAg purchases.",HIGH
22,22.601-3(b),P_22_601_3_b,"Contracts for the following acquisitions are regulatorily exempt from the requirements of this subpart (see 41 CFR 50-201.603) (parent).","P_22_601_3_b_a: Parent for regulatory exemptions","P_22_601_3_b_1 v P_22_601_3_b_2 v P_22_601_3_b_3 v P_22_601_3_b_4","P_22_601_3_b_1; P_22_601_3_b_2; P_22_601_3_b_3; P_22_601_3_b_4","Addition (Add): Rule 8","VALIDATED",PASS,PASS,"Parent. Regulatory exemptions are disjunctive. External ref to 41 CFR 50-201.603.",HIGH
22,22.601-3(b)(1),P_22_601_3_b_1,"Public utility services.","P_22_601_3_b_1_a: Contract is for public utility services","P_22_601_3_b_1_a","P_22_601_3_b","Conjunction (Conj): Rule 7","VALIDATED",PASS,PASS,"Regulatory exemption. Atomic.",HIGH
22,22.601-3(b)(2),P_22_601_3_b_2,"Supplies manufactured outside the United States, Puerto Rico, and the U.S. Virgin Islands.","P_22_601_3_b_2_a: Supplies manufactured outside US, PR, and USVI","P_22_601_3_b_2_a","P_22_601_3_b","Conjunction (Conj): Rule 7","VALIDATED",PASS,PASS,"Regulatory exemption. Atomic. Geographic manufacturing exclusion.",HIGH
22,22.601-3(b)(3),P_22_601_3_b_3,"Purchases against the account of a defaulting contractor where the stipulations of the statute were not included in the defaulted contract.","P_22_601_3_b_3_a: Purchase against defaulting contractor account; P_22_601_3_b_3_b: Stipulations not in defaulted contract","P_22_601_3_b_3_a ^ P_22_601_3_b_3_b","P_22_601_3_b","Conjunction (Conj): Rule 7","VALIDATED",PASS,PASS,"Regulatory exemption. Conjunctive: both defaulting contractor AND missing stipulations required.",HIGH
22,22.601-3(b)(4),P_22_601_3_b_4,"Newspapers, magazines, or periodicals, contracted for with sales agents or publisher representatives, which are to be delivered by the publishers thereof.","P_22_601_3_b_4_a: Contract for newspapers/magazines/periodicals via sales agents/publisher reps delivered by publishers","P_22_601_3_b_4_a","P_22_601_3_b","Conjunction (Conj): Rule 7","VALIDATED",PASS,PASS,"Regulatory exemption. Atomic. Specific supply type and delivery method.",HIGH
22,22.601-3(c),P_22_601_3_c,"Secretary exemptions (parent).","P_22_601_3_c_a: Parent for Secretary-granted exemptions","P_22_601_3_c_1 ^ P_22_601_3_c_2","P_22_601_3_c_1; P_22_601_3_c_2","Conjunction (Conj): Rule 7","VALIDATED",PASS,PASS,"Parent. Both the exemption authority (1) and routing rules (2) apply.",HIGH
22,22.601-3(c)(1),P_22_601_3_c_1,"Upon the request of the agency head, the Secretary may exempt specific contracts or classes of contracts from the inclusion or application of one or more of the statute's stipulations; provided, that the request includes a finding by the agency head stating the reasons why the conduct of Government business will be seriously impaired unless the exemption is granted.","P_22_601_3_c_1_a: Agency head requests exemption; P_22_601_3_c_1_b: Request includes finding that Government business will be seriously impaired without exemption; P_22_601_3_c_1_c: Secretary exempts specific contracts or classes from one or more stipulations","(P_22_601_3_c_1_a ^ P_22_601_3_c_1_b) -> (P_22_601_3_c_1_c v ~P_22_601_3_c_1_c)","None","Material Implication (Impl): Rule 15 [HIGH-RISK]; Conjunction (Conj): Rule 7; Tautology (Taut): Rule 18","PENDING_REVIEW",PASS,PASS,"Permissive: 'may' = Secretary discretion. Dual precondition: agency head request AND serious impairment finding. 'Provided that' = conditional constraint. Tautology for discretion. HIGH-RISK.",MEDIUM
22,22.601-3(c)(2),P_22_601_3_c_2,"Those requests for exemption that relate solely to safety and health standards must be transmitted to the Assistant Secretary for Occupational Safety and Health, U.S. Department of Labor, Washington, DC 20210. All other requests must be transmitted to the Administrator of the Wage and Hour Division, U.S. Department of Labor, Washington, DC 20210.","P_22_601_3_c_2_a: Request relates solely to safety and health standards; P_22_601_3_c_2_b: Transmit to Assistant Secretary for OSHA; P_22_601_3_c_2_c: Request relates to other matters; P_22_601_3_c_2_d: Transmit to Administrator WHD","(P_22_601_3_c_2_a -> P_22_601_3_c_2_b) ^ (P_22_601_3_c_2_c -> P_22_601_3_c_2_d)","P_22_601_3_c_1","Material Implication (Impl): Rule 15 [HIGH-RISK]; Conjunction (Conj): Rule 7","PENDING_REVIEW",PASS,PASS,"Two conditional routing rules operating conjunctively. Safety/health to OSHA; all others to WHD. Mutually exclusive and exhaustive routing. HIGH-RISK.",MEDIUM
22,22.601-4,P_22_601_4,"Rulings and interpretations of the statute as authorized by the Secretary of Labor (see 41 CFR 50-206) (parent).","P_22_601_4_a: Parent aggregating rulings and interpretations","P_22_601_4_a_prop ^ P_22_601_4_b_prop ^ P_22_601_4_c_prop ^ P_22_601_4_d_prop ^ P_22_601_4_e_prop","P_22_601_4_a; P_22_601_4_b; P_22_601_4_c; P_22_601_4_d; P_22_601_4_e","Conjunction (Conj): Rule 7","VALIDATED",PASS,PASS,"Parent. Five rulings/interpretations. External ref to 41 CFR 50-206.",HIGH
22,22.601-4(a),P_22_601_4_a,"If a contract for $15,000 or less is subsequently modified to exceed $15,000, the contract becomes subject to the statute for work performed after the date of the modification.","P_22_601_4_a_a: Contract originally at or below $15,000; P_22_601_4_a_b: Contract modified to exceed $15,000; P_22_601_4_a_c: Contract subject to statute for post-modification work","(P_22_601_4_a_a ^ P_22_601_4_a_b) -> P_22_601_4_a_c","None","Material Implication (Impl): Rule 15 [HIGH-RISK]; Conjunction (Conj): Rule 7","PENDING_REVIEW",PASS,PASS,"Conditional: modification above threshold triggers applicability prospectively. Temporal limitation to post-modification work. HIGH-RISK.",MEDIUM
22,22.601-4(b),P_22_601_4_b,"If a contract for more than $15,000 is subsequently modified by mutual agreement to $15,000 or less, the contract is not subject to the statute for work performed after the date of the modification.","P_22_601_4_b_a: Contract originally above $15,000; P_22_601_4_b_b: Contract modified by mutual agreement to $15,000 or less; P_22_601_4_b_c: Contract not subject to statute for post-modification work","(P_22_601_4_b_a ^ P_22_601_4_b_b) -> ~P_22_601_4_b_c","None","Material Implication (Impl): Rule 15 [HIGH-RISK]; Conjunction (Conj): Rule 7; Negation (Neg): Rule 10","PENDING_REVIEW",PASS,PASS,"Mirror of (a). Modification below threshold removes applicability prospectively. Requires mutual agreement (unilateral insufficient). HIGH-RISK.",MEDIUM
22,22.601-4(c),P_22_601_4_c,"If a contract awarded to a prime contractor contains a provision whereby the prime contractor is made an agent of the Government, the prime contractor is required to include the stipulations of the statute in contracts in excess of $15,000 awarded for and on behalf of the Government for supplies that are to be used in the construction and equipment of Government facilities.","P_22_601_4_c_a: Prime contract contains Government agent provision; P_22_601_4_c_b: Subcontracts exceed $15,000; P_22_601_4_c_c: Supplies used in construction/equipment of Government facilities; P_22_601_4_c_d: Prime must include statutory stipulations in those subcontracts","(P_22_601_4_c_a ^ P_22_601_4_c_b ^ P_22_601_4_c_c) -> P_22_601_4_c_d","None","Material Implication (Impl): Rule 15 [HIGH-RISK]; Conjunction (Conj): Rule 7","PENDING_REVIEW",PASS,PASS,"Triple-condition trigger: agent status + threshold + facility use. Flowdown obligation for prime acting as Government agent. HIGH-RISK.",MEDIUM
22,22.601-4(d),P_22_601_4_d,"If a contract subject to the statute is awarded to a contractor operating Government-owned facilities, the stipulations of the statute affect the employees of that contractor the same as employees of contractors operating privately owned facilities.","P_22_601_4_d_a: Contract subject to statute; P_22_601_4_d_b: Contractor operates Government-owned facilities; P_22_601_4_d_c: Statute applies to employees same as at privately owned facilities","(P_22_601_4_d_a ^ P_22_601_4_d_b) -> P_22_601_4_d_c","None","Material Implication (Impl): Rule 15 [HIGH-RISK]; Conjunction (Conj): Rule 7","PENDING_REVIEW",PASS,PASS,"Equal treatment principle. Government facility operation does not diminish employee protections. HIGH-RISK.",MEDIUM
22,22.601-4(e),P_22_601_4_e,"Indefinite-delivery contracts, including basic ordering agreements and blanket purchase agreements, are subject to the statute unless it can be determined in advance that the aggregate amount of all orders estimated to be placed thereunder for 1 year after the effective date of the agreement will not exceed $15,000. A determination must be made annually thereafter if the contract or agreement is extended, and the contract or agreement modified if necessary.","P_22_601_4_e_a: IDC/BOA/BPA; P_22_601_4_e_b: Estimated annual aggregate exceeds $15,000; P_22_601_4_e_c: Contract subject to statute; P_22_601_4_e_d: Annual redetermination required if extended; P_22_601_4_e_e: Modify contract if necessary","(P_22_601_4_e_a ^ P_22_601_4_e_b) -> (P_22_601_4_e_c ^ P_22_601_4_e_d ^ P_22_601_4_e_e)","None","Material Implication (Impl): Rule 15 [HIGH-RISK]; Conjunction (Conj): Rule 7","PENDING_REVIEW",PASS,PASS,"Default applicability for IDCs. Exemption only if advance determination of sub-threshold annual aggregate. Annual review and modification obligations are ongoing. HIGH-RISK.",MEDIUM
22,22.601-5,P_22_601_5,"Insert the clause at 52.222-20, Contracts for Materials, Supplies, Articles, and Equipment, in solicitations and contracts covered by the statute (see 22.601-2 and 22.601-3).","P_22_601_5_a: Contract covered by statute per 22.601-2 and 22.601-3; P_22_601_5_b: Insert clause 52.222-20","P_22_601_5_a -> P_22_601_5_b","P_22_601_2; P_22_601_3; P_52_222_20","Material Implication (Impl): Rule 15 [HIGH-RISK]","PENDING_REVIEW",PASS,PASS,"Conditional: statutory coverage triggers clause insertion. External dep on clause 52.222-20. HIGH-RISK.",MEDIUM
22,22.602,P_22_602,"In the event of a violation of a stipulation required under 41 U.S.C. Chapter 65, the contracting officer must, in accordance with agency procedures, notify the appropriate regional office of the DOL, Wage and Hour Division (see 29 CFR part 1, Appendix B), and furnish any information available.","P_22_602_a: Violation of stipulation under 41 USC Ch. 65; P_22_602_b: CO notifies appropriate regional DOL WHD office; P_22_602_c: CO furnishes available information","P_22_602_a -> (P_22_602_b ^ P_22_602_c)","None","Material Implication (Impl): Rule 15 [HIGH-RISK]; Conjunction (Conj): Rule 7","PENDING_REVIEW",PASS,PASS,"Conditional: violation triggers mandatory notification and information sharing. External refs to 29 CFR part 1 Appendix B. HIGH-RISK.",MEDIUM
22,22.901-1,P_22_901_1,"Executive Order 11141 nondiscrimination because of age policy (parent).","P_22_901_1_a: Parent aggregating EO 11141 policy provisions","P_22_901_1_a_prop ^ P_22_901_1_b_prop ^ P_22_901_1_c_prop","P_22_901_1_a; P_22_901_1_b; P_22_901_1_c","Conjunction (Conj): Rule 7","VALIDATED",PASS,PASS,"Parent. Three policy provisions from EO 11141.",HIGH
22,22.901-1(a),P_22_901_1_a,"Contractors and subcontractors must not, in connection with employment, advancement, or discharge of employees, or the terms, conditions, or privileges of their employment, discriminate against persons because of their age except upon the basis of a bona fide occupational qualification, retirement plan, or statutory requirement.","P_22_901_1_a_a: Contractors/subs discriminate based on age in employment matters; P_22_901_1_a_b: Discrimination based on BFOQ, retirement plan, or statutory requirement","~P_22_901_1_a_a v P_22_901_1_a_b","None","Negation (Neg): Rule 10; Addition (Add): Rule 8","VALIDATED",PASS,PASS,"Prohibition with exceptions. 'Must not' = prohibition. Three disjunctive exceptions (BFOQ, retirement, statutory). Logic: either no discrimination occurs OR an exception applies.",HIGH
22,22.901-1(b),P_22_901_1_b,"Contractors and subcontractors, or persons acting on their behalf, must not specify in solicitations or advertisements for employees to work on Government contracts, a maximum age limit for employment unless the specified maximum age limit is based upon a bona fide occupational qualification, retirement plan, or statutory requirement.","P_22_901_1_b_a: Max age limit specified in solicitations/advertisements; P_22_901_1_b_b: Limit based on BFOQ, retirement plan, or statutory requirement","~P_22_901_1_b_a v P_22_901_1_b_b","None","Negation (Neg): Rule 10; Addition (Add): Rule 8","VALIDATED",PASS,PASS,"Prohibition with same three exceptions as (a). Applies to solicitations/advertisements. 'Unless' = exception. Logic mirrors (a).",HIGH
22,22.901-1(c),P_22_901_1_c,"Agencies will bring this policy to the attention of contractors. The use of contract clauses is not required.","P_22_901_1_c_a: Agencies bring policy to contractors' attention; P_22_901_1_c_b: Contract clauses not required","P_22_901_1_c_a ^ ~P_22_901_1_c_b","None","Conjunction (Conj): Rule 7; Negation (Neg): Rule 10","VALIDATED",PASS,PASS,"Two atomic statements: notification is declarative ('will'), clause non-requirement is explicit negation. Notable that no clause prescription exists unlike most labor standards.",HIGH
22,22.902,P_22_902,"Agencies must bring complaints regarding a contractor's compliance with the policy in Executive Order 11141 to that contractor's attention (in writing, if appropriate), stating the policy, indicating that the contractor's compliance has been questioned, and requesting that the contractor take any appropriate steps that may be necessary to comply.","P_22_902_a: Complaint received re contractor compliance with EO 11141; P_22_902_b: Agency brings complaint to contractor's attention; P_22_902_c: Communication states the policy; P_22_902_d: Communication indicates compliance questioned; P_22_902_e: Communication requests appropriate compliance steps","P_22_902_a -> (P_22_902_b ^ P_22_902_c ^ P_22_902_d ^ P_22_902_e)","P_22_901_1","Material Implication (Impl): Rule 15 [HIGH-RISK]; Conjunction (Conj): Rule 7","PENDING_REVIEW",PASS,PASS,"Conditional: complaint triggers four-part mandatory response. 'Must' = mandatory. 'In writing, if appropriate' adds discretion on form but not on substance. HIGH-RISK.",MEDIUM
22,22.1000,P_22_1000,"This subpart prescribes policies and procedures implementing the provisions of 41 U.S.C. chapter 67, Service Contract Labor Standards (formerly known as the Service Contract Act of 1965) and related Secretary of Labor regulations and instructions (29 CFR parts 4, 6, 8, and 1925).","P_22_1000_a: Subpart 22.10 implements 41 USC Ch. 67 (SCLS) and related DOL regulations","P_22_1000_a","None","Conjunction (Conj): Rule 7","VALIDATED",PASS,PASS,"Scope statement. Declarative. Identifies statutory and regulatory authority. External refs to 29 CFR parts 4, 6, 8, 1925. Atomic.",HIGH
22,22.1001,P_22_1001,"Definitions for Subpart 22.10 (parent).","P_22_1001_a: Parent aggregating SCLS definitions","P_22_1001_def_contractor ^ P_22_1001_def_multiple_year ^ P_22_1001_def_us","P_22_1001_def_contractor; P_22_1001_def_multiple_year; P_22_1001_def_us","Conjunction (Conj): Rule 7","VALIDATED",PASS,PASS,"Parent. Three definitions for subpart.",HIGH
22,22.1001(def_contractor),P_22_1001_def_contractor,"Contractor includes a subcontractor at any tier whose subcontract is subject to the provisions of the statute.","P_22_1001_def_contractor_a: Contractor defined to include subcontractors at any tier subject to the statute","P_22_1001_def_contractor_a","P_22_1001","Conjunction (Conj): Rule 7","VALIDATED",PASS,PASS,"Definitional. Expansive definition including all tiers of subs. Atomic.",HIGH
22,22.1001(def_multiple_year),P_22_1001_def_multiple_year,"Multiple year contracts means contracts having a term of more than 1 year regardless of fiscal year funding. The term includes multi-year contracts (see 17.102).","P_22_1001_def_multiple_year_a: Multiple year = term more than 1 year regardless of funding; P_22_1001_def_multiple_year_b: Includes multi-year contracts per 17.102","P_22_1001_def_multiple_year_a ^ P_22_1001_def_multiple_year_b","P_17_102","Conjunction (Conj): Rule 7","VALIDATED",PASS,PASS,"Definitional. Conjunctive: base definition AND inclusion of 17.102 multi-year contracts. External dep.",HIGH
22,22.1001(def_us),P_22_1001_def_us,"United States means the 50 States, the District of Columbia, Puerto Rico, the Northern Mariana Islands, American Samoa, Guam, the U.S. Virgin Islands, Johnston Island, Wake Island, and the outer Continental Shelf as defined in the Outer Continental Shelf Lands Act (43 U.S.C. 1331, et seq.), but does not include any other place subject to U.S. jurisdiction or any U.S. base or possession within a foreign country (29 CFR 4.112).","P_22_1001_def_us_a: US includes 50 states, DC, PR, NMI, AS, Guam, USVI, Johnston, Wake, and OCS per 43 USC 1331; P_22_1001_def_us_b: Excludes other places subject to US jurisdiction; P_22_1001_def_us_c: Excludes US bases/possessions in foreign countries","P_22_1001_def_us_a ^ ~P_22_1001_def_us_b ^ ~P_22_1001_def_us_c","None","Conjunction (Conj): Rule 7; Negation (Neg): Rule 10","VALIDATED",PASS,PASS,"Definitional with explicit inclusions and exclusions. Broader than the 22.601-2 geographic scope (which only covers US, PR, USVI). External ref to 29 CFR 4.112 and 43 USC 1331.",HIGH
22,22.1002,P_22_1002,"Presolicitation requirements for Service Contract Labor Standards (placeholder - section header only in this segment).","P_22_1002_a: Section 22.1002 continues in subsequent segment","P_22_1002_a","None","Conjunction (Conj): Rule 7","INCOMPLETE",PASS,PASS,"Section header only. Content continues in segment 4 of 8. Marked INCOMPLETE pending full text.",LOW
22,22.1002-1,P_22_1002_1,"Section 22.1002-1 establishes the applicability of the Service Contract Labor Standards (SCLS) statute, including its scope, statutory exemptions, and Secretarial exemptions.",P_22_1002_1,P_22_1002_1_a ^ P_22_1002_1_b ^ P_22_1002_1_c ^ P_22_1002_1_d ^ P_22_1002_1_e ^ P_22_1002_1_f ^ P_22_1002_1_g ^ P_22_1002_1_h,DEFERRED,Conjunction (Conj): Rule 7,VALIDATED,PASS,PASS,Parent proposition aggregating all applicability provisions. All subsections collectively define SCLS scope.,HIGH
22,22.1002-1(a),P_22_1002_1_a,[Reserved],P_22_1002_1_a: Section reserved for future use,P_22_1002_1_a (reserved - no operative content),None,N/A,VALIDATED,PASS,PASS,Reserved section with no operative content. Placeholder only.,HIGH
22,22.1002-1(b),P_22_1002_1_b,"This subpart applies to all Government contracts, the principal purpose of which is to furnish services in the United States through the use of service employees, except as exempted in paragraphs (c) through (g) of this subsection, or any subcontract at any tier thereunder.",P_22_1002_1_b_a: Contract's principal purpose is to furnish services in the US through service employees; P_22_1002_1_b_b: Subpart applies to the contract and any subcontract at any tier; P_22_1002_1_b_c: Contract is not exempt under paragraphs (c) through (g),(P_22_1002_1_b_a ^ P_22_1002_1_b_c) -> P_22_1002_1_b_b,P_22_1002_1_c; P_22_1002_1_d; P_22_1002_1_e; P_22_1002_1_f; P_22_1002_1_g,Material Implication (Impl): Rule 15 [HIGH-RISK]; Conjunction (Conj): Rule 7,PENDING_REVIEW,PASS,PASS,Conditional applicability: principal purpose + non-exempt status triggers SCLS coverage. HIGH-RISK rule 15 used for conditional structure. Exemptions in (c)-(g) function as negating conditions.,MEDIUM
22,22.1002-1(c),P_22_1002_1_c,The Service Contract Labor Standards statute does not apply to the contract types listed in paragraphs (c)(1) through (c)(7).,P_22_1002_1_c,P_22_1002_1_c_1 v P_22_1002_1_c_2 v P_22_1002_1_c_3 v P_22_1002_1_c_4 v P_22_1002_1_c_5 v P_22_1002_1_c_6 v P_22_1002_1_c_7,DEFERRED,Addition (Add): Rule 8,VALIDATED,PASS,PASS,Parent for statutory exemptions. Disjunctive: any one exemption is independently sufficient to exclude SCLS applicability.,HIGH
22,22.1002-1(c)(1),P_22_1002_1_c_1,"Any contract for construction, alteration, or repair of public buildings or public works, including painting and decorating.","P_22_1002_1_c_1: Contract is for construction, alteration, or repair of public buildings or public works",P_22_1002_1_c_1 -> ~P_22_1002_1_b_b,P_22_1002_1_b,Material Implication (Impl): Rule 15 [HIGH-RISK]; Negation (Neg): Rule 10,PENDING_REVIEW,PASS,PASS,"Statutory exemption. Construction/repair contracts fall under Davis-Bacon, not SCLS. HIGH-RISK rule 15 for implication.",MEDIUM
22,22.1002-1(c)(2),P_22_1002_1_c_2,Any work required to be done in accordance with the provisions of 41 U.S.C. chapter 65.,P_22_1002_1_c_2: Work is required under 41 U.S.C. chapter 65 (Walsh-Healey Public Contracts Act),P_22_1002_1_c_2 -> ~P_22_1002_1_b_b,P_22_1002_1_b,Material Implication (Impl): Rule 15 [HIGH-RISK]; Negation (Neg): Rule 10,PENDING_REVIEW,PASS,PASS,Statutory exemption for Walsh-Healey covered work. Separate labor standards regime applies.,MEDIUM
22,22.1002-1(c)(3),P_22_1002_1_c_3,"Any contract for transporting freight or personnel by vessel, aircraft, bus, truck, express, railroad, or oil or gas pipeline where published tariff rates are in effect.",P_22_1002_1_c_3_a: Contract is for transporting freight or personnel by specified modes; P_22_1002_1_c_3_b: Published tariff rates are in effect,(P_22_1002_1_c_3_a ^ P_22_1002_1_c_3_b) -> ~P_22_1002_1_b_b,P_22_1002_1_b,Material Implication (Impl): Rule 15 [HIGH-RISK]; Conjunction (Conj): Rule 7; Negation (Neg): Rule 10,PENDING_REVIEW,PASS,PASS,Two conditions must be met: transport contract AND published tariff rates. Both required for exemption.,MEDIUM
22,22.1002-1(c)(4),P_22_1002_1_c_4,"Any contract for furnishing services by radio, telephone, or cable companies subject to the Communications Act of 1934.","P_22_1002_1_c_4_a: Contract furnishes services by radio, telephone, or cable company; P_22_1002_1_c_4_b: Company is subject to Communications Act of 1934",(P_22_1002_1_c_4_a ^ P_22_1002_1_c_4_b) -> ~P_22_1002_1_b_b,P_22_1002_1_b,Material Implication (Impl): Rule 15 [HIGH-RISK]; Conjunction (Conj): Rule 7; Negation (Neg): Rule 10,PENDING_REVIEW,PASS,PASS,Dual condition: telecom services provider AND subject to Communications Act. Both required.,MEDIUM
22,22.1002-1(c)(5),P_22_1002_1_c_5,Any contract for public utility services.,P_22_1002_1_c_5: Contract is for public utility services,P_22_1002_1_c_5 -> ~P_22_1002_1_b_b,P_22_1002_1_b,Material Implication (Impl): Rule 15 [HIGH-RISK]; Negation (Neg): Rule 10,PENDING_REVIEW,PASS,PASS,Straightforward statutory exemption for public utilities.,MEDIUM
22,22.1002-1(c)(6),P_22_1002_1_c_6,Any employment contract providing for direct services to a Federal agency by an individual or individuals.,P_22_1002_1_c_6_a: Contract is an employment contract; P_22_1002_1_c_6_b: Contract provides for direct services to a Federal agency by individuals,(P_22_1002_1_c_6_a ^ P_22_1002_1_c_6_b) -> ~P_22_1002_1_b_b,P_22_1002_1_b,Material Implication (Impl): Rule 15 [HIGH-RISK]; Conjunction (Conj): Rule 7; Negation (Neg): Rule 10,PENDING_REVIEW,PASS,PASS,"Exempts direct employment relationships, not service contracts through a contractor intermediary.",MEDIUM
22,22.1002-1(c)(7),P_22_1002_1_c_7,Any contract for operating postal contract stations for the U.S. Postal Service.,P_22_1002_1_c_7: Contract is for operating postal contract stations for USPS,P_22_1002_1_c_7 -> ~P_22_1002_1_b_b,P_22_1002_1_b,Material Implication (Impl): Rule 15 [HIGH-RISK]; Negation (Neg): Rule 10,PENDING_REVIEW,PASS,PASS,Statutory exemption for USPS postal contract station operations.,MEDIUM
22,22.1002-1(d),P_22_1002_1_d,"In addition to the statutory exemptions cited in paragraph (c), the Secretary has exempted the following types of contracts from all provisions of the Service Contract Labor Standards statute.",P_22_1002_1_d,P_22_1002_1_d_1 v P_22_1002_1_d_2 v P_22_1002_1_d_3,P_22_1002_1_c,Addition (Add): Rule 8,VALIDATED,PASS,PASS,Parent for Secretarial administrative exemptions. Disjunctive: any single exemption independently sufficient.,HIGH
22,22.1002-1(d)(1),P_22_1002_1_d_1,"Contracts entered into by the United States with common carriers for the carriage of mail by rail, air (except air star routes), bus, and ocean vessel, where such carriage is performed on regularly scheduled runs of the trains, airplanes, buses, and vessels over regularly established routes and accounts for an insubstantial portion of the revenue therefrom.","P_22_1002_1_d_1_a: Contract is with common carrier for mail carriage by rail, air (except air star routes), bus, or ocean vessel; P_22_1002_1_d_1_b: Carriage is on regularly scheduled runs over regularly established routes; P_22_1002_1_d_1_c: Mail carriage accounts for an insubstantial portion of the carrier's revenue",(P_22_1002_1_d_1_a ^ P_22_1002_1_d_1_b ^ P_22_1002_1_d_1_c) -> ~P_22_1002_1_b_b,P_22_1002_1_b,Material Implication (Impl): Rule 15 [HIGH-RISK]; Conjunction (Conj): Rule 7; Negation (Neg): Rule 10,PENDING_REVIEW,PASS,PASS,Three conjunctive conditions for mail carrier exemption. 'Insubstantial portion' is subjective and may require DOL guidance. Air star routes explicitly excluded from exemption.,MEDIUM
22,22.1002-1(d)(2),P_22_1002_1_d_2,"Any contract entered into by the U.S. Postal Service with an individual owner-operator for mail service if it is not contemplated at the time the contract is made that the owner-operator will hire any service employee to perform the services under the contract except for short periods of vacation time or for unexpected contingencies or emergency situations such as illness, or accident.",P_22_1002_1_d_2_a: Contract is between USPS and individual owner-operator for mail service; P_22_1002_1_d_2_b: Not contemplated at contract time that owner-operator will hire service employees; P_22_1002_1_d_2_c: Exception for short vacation periods or unexpected contingencies/emergencies,(P_22_1002_1_d_2_a ^ (P_22_1002_1_d_2_b v P_22_1002_1_d_2_c)) -> ~P_22_1002_1_b_b,P_22_1002_1_b,Material Implication (Impl): Rule 15 [HIGH-RISK]; Conjunction (Conj): Rule 7; Addition (Add): Rule 8; Negation (Neg): Rule 10,PENDING_REVIEW,PASS,PASS,"Owner-operator must be individual. No hiring contemplated at time of contract, with limited exception for temporary coverage. 'Short periods' and 'unexpected contingencies' are qualitative standards.",MEDIUM
22,22.1002-1(d)(3),P_22_1002_1_d_3,Contracts for the carriage of freight or personnel if such carriage is subject to rates covered by section 10721 of the Interstate Commerce Act.,P_22_1002_1_d_3_a: Contract is for carriage of freight or personnel; P_22_1002_1_d_3_b: Carriage is subject to rates under section 10721 of the Interstate Commerce Act,(P_22_1002_1_d_3_a ^ P_22_1002_1_d_3_b) -> ~P_22_1002_1_b_b,P_22_1002_1_b,Material Implication (Impl): Rule 15 [HIGH-RISK]; Conjunction (Conj): Rule 7; Negation (Neg): Rule 10,PENDING_REVIEW,PASS,PASS,Dual condition: freight/personnel transport AND ICC rate coverage. Note overlap with statutory exemption at (c)(3) but this adds ICC rate-regulated carriage specifically.,MEDIUM
22,22.1002-1(e),P_22_1002_1_e,"The Secretary has exempted from the Service Contract Labor Standards statute contracts and subcontracts in which the primary purpose is to furnish maintenance, calibration, or repair of certain types of equipment, subject to conditions at paragraph (e)(2) and procedures at (e)(3) and (e)(4).",P_22_1002_1_e,P_22_1002_1_e_1 ^ P_22_1002_1_e_2 ^ P_22_1002_1_e_3 ^ P_22_1002_1_e_4,DEFERRED,Conjunction (Conj): Rule 7,VALIDATED,PASS,PASS,"Parent aggregating equipment maintenance exemption: covered equipment types (e)(1), qualifying conditions (e)(2), source selection procedures (e)(3), and post-award DOL determination procedures (e)(4).",HIGH
22,22.1002-1(e)(1),P_22_1002_1_e_1,"The Secretary has exempted contracts for maintenance, calibration, or repair of the following types of equipment, if the conditions at paragraph (e)(2) are met.",P_22_1002_1_e_1,(P_22_1002_1_e_1_i v P_22_1002_1_e_1_ii v P_22_1002_1_e_1_iii) ^ P_22_1002_1_e_2,P_22_1002_1_e_2,Addition (Add): Rule 8; Conjunction (Conj): Rule 7,VALIDATED,PASS,PASS,Disjunctive equipment types (any qualifies) conjunctive with mandatory conditions at (e)(2).,HIGH
22,22.1002-1(e)(1)(i),P_22_1002_1_e_1_i,Automated data processing equipment and office information/word processing systems.,"P_22_1002_1_e_1_i: Contract is for maintenance, calibration, or repair of ADP equipment or office information/word processing systems",P_22_1002_1_e_1_i,None,N/A (atomic declarative),VALIDATED,PASS,PASS,Equipment type declaration. ADP and word processing systems qualify for exemption consideration.,HIGH
22,22.1002-1(e)(1)(ii),P_22_1002_1_e_1_ii,Scientific equipment and medical apparatus or equipment if the application of micro-electronic circuitry or other technology of at least similar sophistication is an essential element.,P_22_1002_1_e_1_ii_a: Contract is for maintenance/calibration/repair of scientific equipment or medical apparatus; P_22_1002_1_e_1_ii_b: Application of micro-electronic circuitry or similarly sophisticated technology is an essential element,P_22_1002_1_e_1_ii_a ^ P_22_1002_1_e_1_ii_b,None,Conjunction (Conj): Rule 7,VALIDATED,PASS,PASS,"Conjunctive: scientific/medical equipment AND sophistication threshold. PSC examples (6515, 6525, 6630, 6655) are illustrative, not exhaustive.",HIGH
22,22.1002-1(e)(1)(iii),P_22_1002_1_e_1_iii,"Office/business machines not otherwise exempt pursuant to paragraph (c)(1)(i) of this subsection, if such services are performed by the manufacturer or supplier of the equipment.",P_22_1002_1_e_1_iii_a: Contract is for maintenance/calibration/repair of office/business machines; P_22_1002_1_e_1_iii_b: Equipment is not already exempt under (c)(1)(i); P_22_1002_1_e_1_iii_c: Services performed by manufacturer or supplier,P_22_1002_1_e_1_iii_a ^ P_22_1002_1_e_1_iii_b ^ P_22_1002_1_e_1_iii_c,P_22_1002_1_c_1,Conjunction (Conj): Rule 7,VALIDATED,PASS,PASS,Three conjunctive conditions. Manufacturer/supplier performance requirement narrows scope. Cross-reference to (c)(1)(i) avoids double-exemption.,HIGH
22,22.1002-1(e)(2),P_22_1002_1_e_2,The exemption at paragraph (e)(1) applies if all the following conditions are met for a contract (or a subcontract).,P_22_1002_1_e_2,P_22_1002_1_e_2_i ^ P_22_1002_1_e_2_ii ^ P_22_1002_1_e_2_iii ^ P_22_1002_1_e_2_iv,P_22_1002_1_e_1,Conjunction (Conj): Rule 7,VALIDATED,PASS,PASS,All four conditions mandatory. Conjunctive parent. Failure of any one invalidates the exemption.,HIGH
22,22.1002-1(e)(2)(i),P_22_1002_1_e_2_i,The items of equipment to be serviced under the contract are used regularly for other than Government purposes and are sold or traded by the contractor in substantial quantities to the general public in the course of normal business operations.,P_22_1002_1_e_2_i_a: Equipment is used regularly for non-Government purposes; P_22_1002_1_e_2_i_b: Equipment is sold or traded by contractor in substantial quantities to the general public in normal business operations,P_22_1002_1_e_2_i_a ^ P_22_1002_1_e_2_i_b,None,Conjunction (Conj): Rule 7,VALIDATED,PASS,PASS,Commercial item character test. Both regular non-government use AND substantial public sales required.,HIGH
22,22.1002-1(e)(2)(ii),P_22_1002_1_e_2_ii,"The services will be furnished at prices which are, or are based on, established catalog or market prices for the maintenance, calibration, or repair of such equipment.",P_22_1002_1_e_2_ii,P_22_1002_1_e_2_ii_A v P_22_1002_1_e_2_ii_B,None,Addition (Add): Rule 8,VALIDATED,PASS,PASS,Disjunctive: either catalog price OR market price satisfies this condition. Definitions follow in (A) and (B).,HIGH
22,22.1002-1(e)(2)(ii)(A),P_22_1002_1_e_2_ii_A,"An established catalog price is a price included in a catalog price list, schedule, or other form that is regularly maintained by the manufacturer or the contractor, is either published or otherwise available for inspection by customers, and states prices at which sales currently, or were last, made to a significant number of buyers constituting the general public.",P_22_1002_1_e_2_ii_A_a: Price is in a catalog/price list/schedule regularly maintained by manufacturer or contractor; P_22_1002_1_e_2_ii_A_b: Price list is published or available for customer inspection; P_22_1002_1_e_2_ii_A_c: Prices reflect current or most recent sales to a significant number of general public buyers,P_22_1002_1_e_2_ii_A_a ^ P_22_1002_1_e_2_ii_A_b ^ P_22_1002_1_e_2_ii_A_c,None,Conjunction (Conj): Rule 7,VALIDATED,PASS,PASS,Definitional. Three conjunctive elements define 'established catalog price' per 29 CFR 4.123(e)(1)(ii)(B).,HIGH
22,22.1002-1(e)(2)(ii)(B),P_22_1002_1_e_2_ii_B,"An established market price is a current price, established in the usual course of trade between buyers and sellers free to bargain, which can be substantiated from sources independent of the manufacturer or contractor.",P_22_1002_1_e_2_ii_B_a: Price is current and established in usual course of trade; P_22_1002_1_e_2_ii_B_b: Buyers and sellers are free to bargain; P_22_1002_1_e_2_ii_B_c: Price can be substantiated from independent sources,P_22_1002_1_e_2_ii_B_a ^ P_22_1002_1_e_2_ii_B_b ^ P_22_1002_1_e_2_ii_B_c,None,Conjunction (Conj): Rule 7,VALIDATED,PASS,PASS,Definitional. Three conjunctive elements define 'established market price' per 29 CFR 4.123(e)(1)(ii)(B).,HIGH
22,22.1002-1(e)(2)(iii),P_22_1002_1_e_2_iii,The contractor will use the same compensation (wage and fringe benefits) plan for all service employees performing work under the contract as the contractor uses for these employees and equivalent employees servicing the same equipment of commercial customers.,P_22_1002_1_e_2_iii: Contractor uses same compensation plan for service employees on government contract as for equivalent employees servicing commercial customers,P_22_1002_1_e_2_iii,None,N/A (atomic declarative condition),VALIDATED,PASS,PASS,Compensation parity requirement. Prevents wage discrimination between government and commercial service employees.,HIGH
22,22.1002-1(e)(2)(iv),P_22_1002_1_e_2_iv,"The apparent successful offeror certifies to the conditions in paragraph (c)(2)(i) through (iii) of the provision at 52.222-48, Exemption from Application of the Service Contract Labor Standards to Contracts for Maintenance, Calibration, or Repair of Certain Equipment--Certification.",P_22_1002_1_e_2_iv: Apparent successful offeror certifies to conditions (c)(2)(i)-(iii) of provision 52.222-48,P_22_1002_1_e_2_iv,P_52_222_48,N/A (atomic certification requirement),VALIDATED,PASS,PASS,Certification requirement. Cross-references FAR clause 52.222-48. External dependency on Part 52.,HIGH
22,22.1002-1(e)(3),P_22_1002_1_e_3,Procedures for contracting officer determination of exemption applicability during source selection and before contract award.,P_22_1002_1_e_3,P_22_1002_1_e_3_i ^ P_22_1002_1_e_3_ii ^ P_22_1002_1_e_3_iii,P_22_1002_1_e_2,Conjunction (Conj): Rule 7,VALIDATED,PASS,PASS,Parent for three procedural requirements governing source selection and award determination.,HIGH
22,22.1002-1(e)(3)(i),P_22_1002_1_e_3_i,"For source selections where the contracting officer has established a competitive range, if the contracting officer determines that one or more of the conditions in paragraphs (e)(2)(i) through (iii) of an offeror's certification will not be met, the contracting officer must identify the deficiency to the offeror before receipt of the final proposal revisions. Unless the offeror provides a revised offer acknowledging applicability of the Service Contract Labor Standards statute or demonstrating to the satisfaction of the contracting officer an ability to meet all required conditions for exemption, the offer will not be further considered for award.",P_22_1002_1_e_3_i_a: CO has established competitive range; P_22_1002_1_e_3_i_b: CO determines conditions (e)(2)(i)-(iii) will not be met; P_22_1002_1_e_3_i_c: CO identifies deficiency to offeror before final proposal revisions; P_22_1002_1_e_3_i_d: Offeror provides revised offer acknowledging SCLS applicability or demonstrating ability to meet exemption conditions; P_22_1002_1_e_3_i_e: Offer will not be considered for award,(P_22_1002_1_e_3_i_a ^ P_22_1002_1_e_3_i_b) -> P_22_1002_1_e_3_i_c ^ (~P_22_1002_1_e_3_i_d -> P_22_1002_1_e_3_i_e),P_22_1002_1_e_2; P_15_306,Material Implication (Impl): Rule 15 [HIGH-RISK]; Conjunction (Conj): Rule 7; Negation (Neg): Rule 10,PENDING_REVIEW,PASS,PASS,"Two-stage conditional: (1) competitive range + deficiency finding triggers notification duty, (2) failure to cure triggers exclusion. Complex multi-implication structure.",LOW
22,22.1002-1(e)(3)(ii),P_22_1002_1_e_3_ii,"The contracting officer must determine in writing the applicability of this exemption to the contract before contract award. If the apparent successful offeror will meet all conditions in paragraph (e)(2) of this subsection, the contracting officer must make an affirmative determination and award the contract without the otherwise applicable Service Contract Labor Standards clause(s).",P_22_1002_1_e_3_ii_a: CO determines in writing exemption applicability before award; P_22_1002_1_e_3_ii_b: Apparent successful offeror meets all (e)(2) conditions; P_22_1002_1_e_3_ii_c: CO makes affirmative determination; P_22_1002_1_e_3_ii_d: Contract awarded without SCLS clauses,P_22_1002_1_e_3_ii_a ^ (P_22_1002_1_e_3_ii_b -> (P_22_1002_1_e_3_ii_c ^ P_22_1002_1_e_3_ii_d)),P_22_1002_1_e_2,Material Implication (Impl): Rule 15 [HIGH-RISK]; Conjunction (Conj): Rule 7,PENDING_REVIEW,PASS,PASS,Mandatory written determination before award. Conditions met triggers affirmative determination AND SCLS clause exclusion.,MEDIUM
22,22.1002-1(e)(3)(iii),P_22_1002_1_e_3_iii,"If the apparent successful offeror does not certify to the conditions in paragraph (e)(2)(i) through (iii) of this subsection, the contracting officer must incorporate in the contract the Service Contract Labor Standards clause (see 22.1002-2(b)) and, if the contract will exceed $2,500, the appropriate Department of Labor wage determination (see 22.1002-3).","P_22_1002_1_e_3_iii_a: Apparent successful offeror does not certify to (e)(2)(i)-(iii) conditions; P_22_1002_1_e_3_iii_b: CO incorporates SCLS clause in contract; P_22_1002_1_e_3_iii_c: Contract exceeds $2,500; P_22_1002_1_e_3_iii_d: CO incorporates DOL wage determination",P_22_1002_1_e_3_iii_a -> (P_22_1002_1_e_3_iii_b ^ (P_22_1002_1_e_3_iii_c -> P_22_1002_1_e_3_iii_d)),P_22_1002_1_e_2; P_22_1002_2_b; P_22_1002_3,Material Implication (Impl): Rule 15 [HIGH-RISK]; Conjunction (Conj): Rule 7,PENDING_REVIEW,PASS,PASS,"Failure to certify triggers SCLS clause inclusion. Nested conditional for wage determination threshold at $2,500.",MEDIUM
22,22.1002-1(e)(4),P_22_1002_1_e_4,Procedures when the Department of Labor determines after award that exemption conditions have not been met.,P_22_1002_1_e_4,P_22_1002_1_e_4_i ^ P_22_1002_1_e_4_ii,P_22_1002_1_e_2,Conjunction (Conj): Rule 7,VALIDATED,PASS,PASS,Parent for post-award DOL enforcement provisions covering both prime contracts and subcontracts.,HIGH
22,22.1002-1(e)(4)(i),P_22_1002_1_e_4_i,"If the Department of Labor determines after award of the contract that any condition for exemption in paragraph (e)(2) of this subsection has not been met, the exemption shall be deemed inapplicable, and the contract must become subject to the Service Contract Labor Standards statute, effective as of the date of the Department of Labor determination. In such case, the procedures at 29 CFR 4.123(e)(1)(iv) and 29 CFR 4.5(c) must be followed.",P_22_1002_1_e_4_i_a: DOL determines after award that (e)(2) condition not met; P_22_1002_1_e_4_i_b: Exemption deemed inapplicable; P_22_1002_1_e_4_i_c: Contract becomes subject to SCLS effective date of DOL determination; P_22_1002_1_e_4_i_d: Procedures at 29 CFR 4.123(e)(1)(iv) and 29 CFR 4.5(c) followed,P_22_1002_1_e_4_i_a -> (P_22_1002_1_e_4_i_b ^ P_22_1002_1_e_4_i_c ^ P_22_1002_1_e_4_i_d),P_22_1002_1_e_2,Material Implication (Impl): Rule 15 [HIGH-RISK]; Conjunction (Conj): Rule 7,PENDING_REVIEW,PASS,PASS,"DOL post-award finding triggers three mandatory consequences. Effective date is DOL determination date, not contract award date. External regulatory cross-references to 29 CFR.",MEDIUM
22,22.1002-1(e)(4)(ii),P_22_1002_1_e_4_ii,"If the Department of Labor determines that any conditions in paragraph (e)(2) of this subsection have not been met with respect to a subcontract, the exemption must be deemed inapplicable. The contractor may be responsible for ensuring that the subcontractor complies with the Service Contract Labor Standards statute, effective as of the date of the subcontract award.",P_22_1002_1_e_4_ii_a: DOL determines (e)(2) conditions not met for subcontract; P_22_1002_1_e_4_ii_b: Exemption deemed inapplicable for subcontract; P_22_1002_1_e_4_ii_c: Contractor may be responsible for subcontractor SCLS compliance; P_22_1002_1_e_4_ii_d: Effective date is subcontract award date,P_22_1002_1_e_4_ii_a -> (P_22_1002_1_e_4_ii_b ^ (P_22_1002_1_e_4_ii_c v ~P_22_1002_1_e_4_ii_c) ^ P_22_1002_1_e_4_ii_d),P_22_1002_1_e_2,Material Implication (Impl): Rule 15 [HIGH-RISK]; Conjunction (Conj): Rule 7; Tautology (Taut): Rule 18,PENDING_REVIEW,PASS,PASS,'May be responsible' is permissive/discretionary regarding contractor flow-down liability. Modeled as tautology. Note different effective date (subcontract award) vs prime contract (DOL determination).,MEDIUM
22,22.1002-1(f),P_22_1002_1_f,"The Secretary has exempted contracts and subcontracts in which the primary purpose is to provide certain enumerated services, subject to conditions, except as provided in paragraph (f)(5).",P_22_1002_1_f,P_22_1002_1_f_1 ^ P_22_1002_1_f_2 ^ P_22_1002_1_f_3 ^ P_22_1002_1_f_4 ^ P_22_1002_1_f_5,DEFERRED,Conjunction (Conj): Rule 7,VALIDATED,PASS,PASS,"Parent aggregating certain services exemption framework: service types (f)(1), conditions (f)(2), award procedures (f)(3), post-award DOL (f)(4), and exclusions (f)(5).",HIGH
22,22.1002-1(f)(1),P_22_1002_1_f_1,"Except as provided in paragraph (f)(5), the Secretary has exempted contracts and subcontracts in which the primary purpose is to provide the following services, if the conditions in paragraph (f)(2) are met.",P_22_1002_1_f_1,(P_22_1002_1_f_1_i v P_22_1002_1_f_1_ii v P_22_1002_1_f_1_iii v P_22_1002_1_f_1_iv v P_22_1002_1_f_1_v v P_22_1002_1_f_1_vi v P_22_1002_1_f_1_vii) ^ P_22_1002_1_f_2 ^ ~P_22_1002_1_f_5,P_22_1002_1_f_2; P_22_1002_1_f_5,Addition (Add): Rule 8; Conjunction (Conj): Rule 7; Negation (Neg): Rule 10,VALIDATED,PASS,PASS,"Disjunctive service types, conjunctive with conditions and non-exclusion. Any one service type qualifies, all conditions must be met, and (f)(5) exclusions must not apply.",HIGH
22,22.1002-1(f)(1)(i),P_22_1002_1_f_1_i,"Automobile or other vehicle (e.g., aircraft) maintenance services (other than contracts or subcontracts to operate a Government motor pool or similar facility).",P_22_1002_1_f_1_i_a: Contract is for vehicle maintenance services; P_22_1002_1_f_1_i_b: Contract is not for operating a Government motor pool or similar facility,P_22_1002_1_f_1_i_a ^ P_22_1002_1_f_1_i_b,None,Conjunction (Conj): Rule 7,VALIDATED,PASS,PASS,Vehicle maintenance qualifies but motor pool operation contracts are excluded from exemption.,HIGH
22,22.1002-1(f)(1)(ii),P_22_1002_1_f_1_ii,"Financial services involving the issuance and servicing of cards (including credit cards, debit cards, purchase cards, smart cards, and similar card services).",P_22_1002_1_f_1_ii: Contract is for financial services involving issuance and servicing of cards,P_22_1002_1_f_1_ii,None,N/A (atomic declarative),VALIDATED,PASS,PASS,"Card services enumeration is illustrative ('including'). Covers credit, debit, purchase, smart, and similar.",HIGH
22,22.1002-1(f)(1)(iii),P_22_1002_1_f_1_iii,"Hotel/motel services for conferences, including lodging and/or meals, that are part of the contract or subcontract for the conference (which must not include ongoing contracts for lodging on an as needed or continuing basis).",P_22_1002_1_f_1_iii_a: Contract is for hotel/motel conference services including lodging and/or meals; P_22_1002_1_f_1_iii_b: Services are part of a conference contract; P_22_1002_1_f_1_iii_c: Contract is not for ongoing lodging on as-needed or continuing basis,P_22_1002_1_f_1_iii_a ^ P_22_1002_1_f_1_iii_b ^ P_22_1002_1_f_1_iii_c,None,Conjunction (Conj): Rule 7,VALIDATED,PASS,PASS,Conference-tied lodging only. Ongoing/continuing lodging contracts explicitly excluded from this exemption.,HIGH
22,22.1002-1(f)(1)(iv),P_22_1002_1_f_1_iv,"Maintenance, calibration, repair, and/or installation (where the installation is not subject to the Construction Wage Rate Requirements statute, as provided in 29 CFR 4.116(c)(2)) services for all types of equipment where the services are obtained from the manufacturer or supplier of the equipment under a contract awarded on a sole source basis.",P_22_1002_1_f_1_iv_a: Contract is for maintenance/calibration/repair/installation of equipment; P_22_1002_1_f_1_iv_b: Installation is not subject to Construction Wage Rate Requirements statute; P_22_1002_1_f_1_iv_c: Services obtained from manufacturer or supplier; P_22_1002_1_f_1_iv_d: Contract awarded on sole source basis,P_22_1002_1_f_1_iv_a ^ P_22_1002_1_f_1_iv_b ^ P_22_1002_1_f_1_iv_c ^ P_22_1002_1_f_1_iv_d,None,Conjunction (Conj): Rule 7,VALIDATED,PASS,PASS,Four conjunctive conditions. Sole source + manufacturer/supplier performance required. Davis-Bacon installation excluded.,HIGH
22,22.1002-1(f)(1)(v),P_22_1002_1_f_1_v,"Transportation by common carrier of persons by air, motor vehicle, rail, or marine vessel on regularly scheduled routes or via standard commercial services (not including charter services).","P_22_1002_1_f_1_v_a: Contract is for common carrier transportation of persons by air, motor vehicle, rail, or marine vessel; P_22_1002_1_f_1_v_b: Transportation is on regularly scheduled routes or via standard commercial services; P_22_1002_1_f_1_v_c: Contract does not include charter services",P_22_1002_1_f_1_v_a ^ P_22_1002_1_f_1_v_b ^ P_22_1002_1_f_1_v_c,None,Conjunction (Conj): Rule 7,VALIDATED,PASS,PASS,Regularly scheduled/standard commercial transport only. Charter services explicitly excluded.,HIGH
22,22.1002-1(f)(1)(vi),P_22_1002_1_f_1_vi,"Real estate services, including real property appraisal services, related to housing Federal agencies or disposing of real property owned by the Government.",P_22_1002_1_f_1_vi_a: Contract is for real estate services; P_22_1002_1_f_1_vi_b: Services relate to housing Federal agencies or disposing of Government real property,P_22_1002_1_f_1_vi_a ^ P_22_1002_1_f_1_vi_b,None,Conjunction (Conj): Rule 7,VALIDATED,PASS,PASS,Scope limited to Federal housing and Government property disposal. Appraisal services illustrative.,HIGH
22,22.1002-1(f)(1)(vii),P_22_1002_1_f_1_vii,"Relocation services, including services of real estate brokers and appraisers to assist Federal employees or military personnel in buying and selling homes (which must not include actual moving or storage of household goods and related services).",P_22_1002_1_f_1_vii_a: Contract is for relocation services assisting Federal employees or military in buying/selling homes; P_22_1002_1_f_1_vii_b: Contract does not include actual moving or storage of household goods,P_22_1002_1_f_1_vii_a ^ P_22_1002_1_f_1_vii_b,None,Conjunction (Conj): Rule 7,VALIDATED,PASS,PASS,Relocation assistance only. Physical moving/storage services explicitly excluded from exemption.,HIGH
22,22.1002-1(f)(2),P_22_1002_1_f_2,The exemption for the services in paragraph (f)(1) applies if all the following conditions are met for a contract (or for a subcontract).,P_22_1002_1_f_2,P_22_1002_1_f_2_i ^ P_22_1002_1_f_2_ii ^ P_22_1002_1_f_2_iii ^ P_22_1002_1_f_2_iv ^ P_22_1002_1_f_2_v ^ P_22_1002_1_f_2_vi ^ P_22_1002_1_f_2_vii,P_22_1002_1_f_1,Conjunction (Conj): Rule 7,VALIDATED,PASS,PASS,All seven conditions mandatory. Conjunctive parent. Failure of any one invalidates the exemption.,HIGH
22,22.1002-1(f)(2)(i),P_22_1002_1_f_2_i,"Either: (A) Except for services identified in paragraph (f)(1)(iv), the contractor will be selected for award based on other factors in addition to price or cost, with the combination of other factors at least as important as price or cost; or (B) The contract will be awarded on a sole source basis.",P_22_1002_1_f_2_i_A: Selection based on other factors at least as important as price/cost (except (f)(1)(iv) services); P_22_1002_1_f_2_i_B: Contract awarded sole source,P_22_1002_1_f_2_i_A v P_22_1002_1_f_2_i_B,P_22_1002_1_f_1_iv,Addition (Add): Rule 8,VALIDATED,PASS,PASS,"Disjunctive: best value OR sole source. (f)(1)(iv) services already require sole source, so (A) exception for them is logical.",HIGH
22,22.1002-1(f)(2)(ii),P_22_1002_1_f_2_ii,"The services under the contract are offered and sold regularly to non-Governmental customers, and are provided by the contractor (or subcontractor in the case of an exempt subcontract) to the general public in substantial quantities in the course of normal business operations.",P_22_1002_1_f_2_ii_a: Services offered and sold regularly to non-Government customers; P_22_1002_1_f_2_ii_b: Services provided to general public in substantial quantities in normal business operations,P_22_1002_1_f_2_ii_a ^ P_22_1002_1_f_2_ii_b,None,Conjunction (Conj): Rule 7,VALIDATED,PASS,PASS,Commercial services character test. Both regular non-government sales AND substantial public volume required.,HIGH
22,22.1002-1(f)(2)(iii),P_22_1002_1_f_2_iii,"The contract services are furnished at prices that are, or are based on, established catalog or market prices, as defined at 29 CFR 4.123(e)(2)(ii)(C).",P_22_1002_1_f_2_iii,P_22_1002_1_f_2_iii_A v P_22_1002_1_f_2_iii_B,None,Addition (Add): Rule 8,VALIDATED,PASS,PASS,Disjunctive: catalog price OR market price. Same definitional structure as (e)(2)(ii).,HIGH
22,22.1002-1(f)(2)(iii)(A),P_22_1002_1_f_2_iii_A,"An established catalog price is a price included in a catalog, price list, schedule, or other form that is regularly maintained by the contractor, is either published or otherwise available for inspection by customers, and states prices at which sales are currently, or were last, made to a significant number of buyers constituting the general public.",P_22_1002_1_f_2_iii_A_a: Price in regularly maintained catalog/price list/schedule; P_22_1002_1_f_2_iii_A_b: Published or available for customer inspection; P_22_1002_1_f_2_iii_A_c: Reflects current or most recent sales to significant number of general public buyers,P_22_1002_1_f_2_iii_A_a ^ P_22_1002_1_f_2_iii_A_b ^ P_22_1002_1_f_2_iii_A_c,None,Conjunction (Conj): Rule 7,VALIDATED,PASS,PASS,Definitional. Mirrors (e)(2)(ii)(A) catalog price definition for services context.,HIGH
22,22.1002-1(f)(2)(iii)(B),P_22_1002_1_f_2_iii_B,"An established market price is a current price, established in the usual course of trade between buyers and sellers free to bargain, which can be substantiated from sources independent of the manufacturer or contractor.",P_22_1002_1_f_2_iii_B_a: Current price in usual course of trade; P_22_1002_1_f_2_iii_B_b: Buyers and sellers free to bargain; P_22_1002_1_f_2_iii_B_c: Substantiated from independent sources,P_22_1002_1_f_2_iii_B_a ^ P_22_1002_1_f_2_iii_B_b ^ P_22_1002_1_f_2_iii_B_c,None,Conjunction (Conj): Rule 7,VALIDATED,PASS,PASS,Definitional. Mirrors (e)(2)(ii)(B) market price definition for services context.,HIGH
22,22.1002-1(f)(2)(iv),P_22_1002_1_f_2_iv,"Each service employee who will perform the services under the contract will spend only a small portion of his or her time (a monthly average of less than 20 percent of the available hours on an annualized basis, or less than 20 percent of available hours during the contract period if the contract period is less than a month) servicing the Government contract.","P_22_1002_1_f_2_iv_a: Service employee spends less than 20% of available hours (annualized monthly average) on government contract; P_22_1002_1_f_2_iv_b: For contracts less than one month, less than 20% of available hours during contract period",P_22_1002_1_f_2_iv_a v P_22_1002_1_f_2_iv_b,None,Addition (Add): Rule 8,VALIDATED,PASS,PASS,20% time threshold. Disjunctive measurement methods based on contract duration. Ensures government work is incidental to employee's overall duties.,HIGH
22,22.1002-1(f)(2)(v),P_22_1002_1_f_2_v,The contractor will use the same compensation (wage and fringe benefits) plan for all service employees performing work under the contract as the contractor uses for these employees and equivalent employees servicing commercial customers.,P_22_1002_1_f_2_v: Contractor uses same compensation plan for government and equivalent commercial service employees,P_22_1002_1_f_2_v,None,N/A (atomic declarative condition),VALIDATED,PASS,PASS,Compensation parity requirement. Identical to (e)(2)(iii) in substance.,HIGH
22,22.1002-1(f)(2)(vi),P_22_1002_1_f_2_vi,"The contracting officer (or contractor with respect to a subcontract) determines in advance before issuing the solicitation, based on the nature of the contract requirements and knowledge of the practices of likely offerors, that all or nearly all offerors will meet the conditions in paragraph (f)(2)(ii) through (v) of this subsection. If the services are currently being performed under contract, the contracting officer must consider the practices of the existing contractor.","P_22_1002_1_f_2_vi_a: CO determines in advance (pre-solicitation) that all/nearly all offerors will meet (f)(2)(ii)-(v) conditions; P_22_1002_1_f_2_vi_b: If services currently under contract, CO considers existing contractor practices",P_22_1002_1_f_2_vi_a ^ (P_22_1002_1_f_2_vi_b v ~P_22_1002_1_f_2_vi_b),P_22_1002_1_f_2_ii; P_22_1002_1_f_2_iii; P_22_1002_1_f_2_iv; P_22_1002_1_f_2_v,Conjunction (Conj): Rule 7; Tautology (Taut): Rule 18,PENDING_REVIEW,PASS,PASS,Pre-solicitation market determination required. Incumbent contractor consideration is conditional (tautology for 'must consider' only when existing contract exists). 'All or nearly all' is a qualitative standard.,MEDIUM
22,22.1002-1(f)(2)(vii),P_22_1002_1_f_2_vii,"The apparent successful offeror certifies that the conditions in paragraphs (f)(2)(ii) through (v) will be met; and for other than sole source awards, the contracting officer determines that the same certification is obtained from substantially all other offerors that are in the competitive range (if discussions conducted) or considered responsive (if award without discussions).","P_22_1002_1_f_2_vii_A: Apparent successful offeror certifies to (f)(2)(ii)-(v) conditions; P_22_1002_1_f_2_vii_B_1: For competitive range with discussions, substantially all other offerors certify; P_22_1002_1_f_2_vii_B_2: For award without discussions, substantially all responsive offerors certify",P_22_1002_1_f_2_vii_A ^ (P_22_1002_1_f_2_vii_B_1 v P_22_1002_1_f_2_vii_B_2),P_22_1002_1_f_2_ii; P_22_1002_1_f_2_v; P_15_306,Conjunction (Conj): Rule 7; Addition (Add): Rule 8,VALIDATED,PASS,PASS,Two-part certification: (A) successful offeror AND (B) substantially all other qualified offerors. 'Substantially all' is qualitative. Cross-ref to FAR 15.306 for competitive range and responsiveness.,HIGH
22,22.1002-1(f)(3),P_22_1002_1_f_3,Procedures for award determinations based on certification outcomes under the (f) exemption.,P_22_1002_1_f_3,P_22_1002_1_f_3_i ^ P_22_1002_1_f_3_ii ^ P_22_1002_1_f_3_iii,P_22_1002_1_f_2,Conjunction (Conj): Rule 7,VALIDATED,PASS,PASS,"Parent for three procedural scenarios: no certification, valid certification, and failed certification conditions.",HIGH
22,22.1002-1(f)(3)(i),P_22_1002_1_f_3_i,"If the apparent successful offeror does not certify to the conditions, the contracting officer must insert in the contract the applicable Service Contract Labor Standards clause(s) (see 22.1002-2(b)) and, if the contract will exceed $2,500, the appropriate Department of Labor wage determination (see 22.1002-3).","P_22_1002_1_f_3_i_a: Apparent successful offeror does not certify to (f)(2) conditions; P_22_1002_1_f_3_i_b: CO inserts SCLS clause(s); P_22_1002_1_f_3_i_c: Contract exceeds $2,500; P_22_1002_1_f_3_i_d: CO inserts DOL wage determination",P_22_1002_1_f_3_i_a -> (P_22_1002_1_f_3_i_b ^ (P_22_1002_1_f_3_i_c -> P_22_1002_1_f_3_i_d)),P_22_1002_2_b; P_22_1002_3,Material Implication (Impl): Rule 15 [HIGH-RISK]; Conjunction (Conj): Rule 7,PENDING_REVIEW,PASS,PASS,"No certification triggers SCLS clause inclusion. Nested conditional for $2,500 wage determination threshold. Mirrors (e)(3)(iii) logic.",MEDIUM
22,22.1002-1(f)(3)(ii),P_22_1002_1_f_3_ii,The contracting officer must award the contract without the otherwise applicable Service Contract Labor Standards clause(s) if: (A) the apparent successful offeror certifies to conditions (f)(2)(ii)-(v); (B) the same certification is obtained from substantially all other qualified offerors; and (C) the contracting officer has no reason to doubt the certification.,P_22_1002_1_f_3_ii_A: Successful offeror certifies to (f)(2)(ii)-(v); P_22_1002_1_f_3_ii_B: Substantially all other qualified offerors certify; P_22_1002_1_f_3_ii_C: CO has no reason to doubt certification; P_22_1002_1_f_3_ii_d: Contract awarded without SCLS clauses,(P_22_1002_1_f_3_ii_A ^ P_22_1002_1_f_3_ii_B ^ P_22_1002_1_f_3_ii_C) -> P_22_1002_1_f_3_ii_d,P_22_1002_1_f_2,Material Implication (Impl): Rule 15 [HIGH-RISK]; Conjunction (Conj): Rule 7,PENDING_REVIEW,PASS,PASS,Three conjunctive conditions trigger mandatory SCLS clause exclusion. 'No reason to doubt' is a subjective CO judgment call. All three must be satisfied.,MEDIUM
22,22.1002-1(f)(3)(iii),P_22_1002_1_f_3_iii,"If the conditions in paragraph (f)(3)(ii) are not met, then the contracting officer must resolicit, amending the solicitation by removing the exemption provision from the solicitation as prescribed at 22.1002-2(e)(3). The contract will include the applicable Service Contract Labor Standards clause(s) and, if the contract will exceed $2,500, the appropriate Department of Labor wage determination.","P_22_1002_1_f_3_iii_a: Conditions at (f)(3)(ii) not met; P_22_1002_1_f_3_iii_b: CO resolicit with exemption provision removed; P_22_1002_1_f_3_iii_c: Contract includes SCLS clauses; P_22_1002_1_f_3_iii_d: Contract exceeds $2,500; P_22_1002_1_f_3_iii_e: Contract includes DOL wage determination",P_22_1002_1_f_3_iii_a -> (P_22_1002_1_f_3_iii_b ^ P_22_1002_1_f_3_iii_c ^ (P_22_1002_1_f_3_iii_d -> P_22_1002_1_f_3_iii_e)),P_22_1002_1_f_3_ii; P_22_1002_2_e_3; P_22_1002_3,Material Implication (Impl): Rule 15 [HIGH-RISK]; Conjunction (Conj): Rule 7,PENDING_REVIEW,PASS,PASS,"Failure of (f)(3)(ii) conditions triggers resolicitation. Unlike (e)(3)(iii), this requires starting over rather than just adding SCLS clauses.",MEDIUM
22,22.1002-1(f)(4),P_22_1002_1_f_4,Procedures when the Department of Labor determines after award that exemption conditions under (f)(2) have not been met.,P_22_1002_1_f_4,P_22_1002_1_f_4_i ^ P_22_1002_1_f_4_ii,P_22_1002_1_f_2,Conjunction (Conj): Rule 7,VALIDATED,PASS,PASS,Parent for post-award DOL enforcement provisions. Parallel to (e)(4) structure.,HIGH
22,22.1002-1(f)(4)(i),P_22_1002_1_f_4_i,"If the Department of Labor determines after award of the contract that any conditions for exemption at paragraph (f)(2) have not been met, the exemption shall be deemed inapplicable, and the contract must become subject to the Service Contract Labor Standards statute. In such case, the procedures at 29 CFR 4.123(e)(2)(iii) and 29 CFR 4.5(c) must be followed.",P_22_1002_1_f_4_i_a: DOL determines post-award that (f)(2) conditions not met; P_22_1002_1_f_4_i_b: Exemption deemed inapplicable; P_22_1002_1_f_4_i_c: Contract becomes subject to SCLS; P_22_1002_1_f_4_i_d: 29 CFR 4.123(e)(2)(iii) and 29 CFR 4.5(c) procedures followed,P_22_1002_1_f_4_i_a -> (P_22_1002_1_f_4_i_b ^ P_22_1002_1_f_4_i_c ^ P_22_1002_1_f_4_i_d),P_22_1002_1_f_2,Material Implication (Impl): Rule 15 [HIGH-RISK]; Conjunction (Conj): Rule 7,PENDING_REVIEW,PASS,PASS,DOL post-award finding triggers three mandatory consequences. Parallel to (e)(4)(i) but references different CFR provision. No specific effective date stated (unlike (e)(4)(i)).,MEDIUM
22,22.1002-1(f)(4)(ii),P_22_1002_1_f_4_ii,"If the Department of Labor determines that any conditions in paragraph (f)(2) have not been met with respect to a subcontract, the exemption must be deemed inapplicable. The contractor may be responsible for ensuring that the subcontractor complies with the Service Contract Labor Standards statute, effective as of the date of the subcontract award.",P_22_1002_1_f_4_ii_a: DOL determines (f)(2) conditions not met for subcontract; P_22_1002_1_f_4_ii_b: Exemption deemed inapplicable; P_22_1002_1_f_4_ii_c: Contractor may be responsible for subcontractor SCLS compliance; P_22_1002_1_f_4_ii_d: Effective date is subcontract award date,P_22_1002_1_f_4_ii_a -> (P_22_1002_1_f_4_ii_b ^ (P_22_1002_1_f_4_ii_c v ~P_22_1002_1_f_4_ii_c) ^ P_22_1002_1_f_4_ii_d),P_22_1002_1_f_2,Material Implication (Impl): Rule 15 [HIGH-RISK]; Conjunction (Conj): Rule 7; Tautology (Taut): Rule 18,PENDING_REVIEW,PASS,PASS,'May be responsible' modeled as tautology for discretionary contractor liability. Identical structure to (e)(4)(ii).,MEDIUM
22,22.1002-1(f)(5),P_22_1002_1_f_5,The exemption at paragraph (f)(1) does not apply to solicitations and contracts (subcontracts) awarded under 41 U.S.C. chapter 85 (Committee for Purchase from People Who Are Blind or Severely Disabled); for the operation of a Government facility or part thereof (but may be applicable to subcontracts for services); or subject to 41 U.S.C. 6707(c).,P_22_1002_1_f_5_i: Contract awarded under 41 U.S.C. chapter 85; P_22_1002_1_f_5_ii: Contract for operation of Government facility (but subcontracts may qualify); P_22_1002_1_f_5_iii: Contract subject to 41 U.S.C. 6707(c),(P_22_1002_1_f_5_i v P_22_1002_1_f_5_ii v P_22_1002_1_f_5_iii) -> ~P_22_1002_1_f_1,P_22_1002_1_f_1; P_22_1002_3_b_2,Material Implication (Impl): Rule 15 [HIGH-RISK]; Addition (Add): Rule 8; Negation (Neg): Rule 10,PENDING_REVIEW,PASS,PASS,Any one exclusion defeats (f) exemption. Note (f)(5)(ii) carve-out: subcontracts for services may still qualify even when prime is for facility operation.,MEDIUM
22,22.1002-1(g),P_22_1002_1_g,"See 29 CFR 4.123 for a listing of administrative exemptions, tolerances, and variations. Requests for limitations, variances, tolerances, and exemptions from the Service Contract Labor Standards statute must be submitted in writing through contracting channels and the agency labor advisor to the Wage and Hour Administrator.",P_22_1002_1_g_a: 29 CFR 4.123 provides listing of administrative exemptions/tolerances/variations; P_22_1002_1_g_b: Requests for limitations/variances/tolerances/exemptions must be submitted in writing through contracting channels and agency labor advisor to WHD Administrator,P_22_1002_1_g_a ^ P_22_1002_1_g_b,None,Conjunction (Conj): Rule 7,VALIDATED,PASS,PASS,Procedural requirement for administrative exemption requests. Written submission through defined chain required.,HIGH
22,22.1002-1(h),P_22_1002_1_h,"If the contracting officer questions the applicability of the Service Contract Labor Standards statute to an acquisition, the contracting officer must request the advice of the agency labor advisor. Unresolved questions must be submitted in a timely manner to the Administrator, Wage and Hour Division, for determination.",P_22_1002_1_h_a: CO questions SCLS applicability; P_22_1002_1_h_b: CO requests advice of agency labor advisor; P_22_1002_1_h_c: Unresolved questions submitted timely to WHD Administrator,P_22_1002_1_h_a -> (P_22_1002_1_h_b ^ (~Resolved -> P_22_1002_1_h_c)),None,Material Implication (Impl): Rule 15 [HIGH-RISK]; Conjunction (Conj): Rule 7,PENDING_REVIEW,PASS,PASS,"Two-step escalation: first to agency labor advisor, then to WHD if unresolved. 'Timely' is qualitative.",MEDIUM
22,22.1002-2,P_22_1002_2,Section 22.1002-2 prescribes solicitation provisions and contract clauses for contracts subject to the Service Contract Labor Standards statute.,P_22_1002_2,P_22_1002_2_a ^ P_22_1002_2_b ^ P_22_1002_2_c ^ P_22_1002_2_d ^ P_22_1002_2_e ^ P_22_1002_2_f,DEFERRED,Conjunction (Conj): Rule 7,VALIDATED,PASS,PASS,Parent aggregating all clause prescription provisions for SCLS contracts.,HIGH
22,22.1002-2(a),P_22_1002_2_a,"Service contracts over $2,500 must contain mandatory provisions regarding minimum wages and fringe benefits, safe and sanitary working conditions, notification to employees of minimum allowable compensation, and equivalent Federal employee classifications and wage rates. Under 41 U.S.C. 6707(d), service contracts may not exceed 5 years.","P_22_1002_2_a_1_a: Contract exceeds $2,500; P_22_1002_2_a_1_b: Contract contains mandatory minimum wage/fringe benefit provisions; P_22_1002_2_a_1_c: Contract contains safe/sanitary working condition provisions; P_22_1002_2_a_1_d: Contract contains employee notification provisions; P_22_1002_2_a_1_e: Contract contains equivalent Federal classification/wage rate provisions; P_22_1002_2_a_2: Service contracts may not exceed 5 years",(P_22_1002_2_a_1_a -> (P_22_1002_2_a_1_b ^ P_22_1002_2_a_1_c ^ P_22_1002_2_a_1_d ^ P_22_1002_2_a_1_e)) ^ P_22_1002_2_a_2,P_22_1002_3; P_22_1003,Material Implication (Impl): Rule 15 [HIGH-RISK]; Conjunction (Conj): Rule 7,PENDING_REVIEW,PASS,PASS,"$2,500 threshold triggers four mandatory clause requirements. 5-year statutory cap per 41 U.S.C. 6707(d) is independent absolute limit.",MEDIUM
22,22.1002-2(b),P_22_1002_2_b,"Insert the clause at 52.222-41, Service Contract Labor Standards, in solicitations and contracts subject to SCLS that are over $2,500 or for indefinite dollar amount where CO does not know in advance amount will be $2,500 or less. Do not insert 52.222-41 if solicitation includes exemption provisions at 52.222-48 or 52.222-52 and CO has determined SCLS does not apply.","P_22_1002_2_b_1_a: Contract subject to SCLS and over $2,500; P_22_1002_2_b_1_b: Contract is indefinite dollar amount and CO does not know it will be $2,500 or less; P_22_1002_2_b_1_c: Insert clause 52.222-41; P_22_1002_2_b_2_a: Solicitation includes 52.222-48 or 52.222-52; P_22_1002_2_b_2_b: CO determined SCLS does not apply; P_22_1002_2_b_2_c: Do not insert 52.222-41",((P_22_1002_2_b_1_a v P_22_1002_2_b_1_b) -> P_22_1002_2_b_1_c) ^ ((P_22_1002_2_b_2_a ^ P_22_1002_2_b_2_b) -> P_22_1002_2_b_2_c),P_52_222_41; P_52_222_48; P_52_222_52; P_22_1002_1_e_3; P_22_1002_1_f_3,Material Implication (Impl): Rule 15 [HIGH-RISK]; Addition (Add): Rule 8; Conjunction (Conj): Rule 7,PENDING_REVIEW,PASS,PASS,"Dual implication: (1) threshold/uncertainty triggers clause insertion, (2) exemption determination triggers clause exclusion. Multiple external Part 52 dependencies.",MEDIUM
22,22.1002-2(c),P_22_1002_2_c,"Insert the clause at 52.222-42, Statement of Equivalent Rates for Federal Hires, in solicitations and contracts if the contract amount is expected to be over $2,500 and the Service Contract Labor Standards statute is applicable. The statement must set forth wage rates and fringe benefits that would be paid under GS or Wage Board schedules.","P_22_1002_2_c_1_a: Contract amount expected over $2,500; P_22_1002_2_c_1_b: SCLS is applicable; P_22_1002_2_c_1_c: Insert clause 52.222-42; P_22_1002_2_c_2: Statement sets forth GS/Wage Board equivalent rates",((P_22_1002_2_c_1_a ^ P_22_1002_2_c_1_b) -> P_22_1002_2_c_1_c) ^ P_22_1002_2_c_2,P_52_222_42,Material Implication (Impl): Rule 15 [HIGH-RISK]; Conjunction (Conj): Rule 7,PENDING_REVIEW,PASS,PASS,"Dual trigger ($2,500 threshold AND SCLS applicability) for clause insertion. GS (5 U.S.C. 5332) and Wage Board (5 U.S.C. 5341) referenced.",MEDIUM
22,22.1002-2(d),P_22_1002_2_d,"Price adjustment clause prescriptions for fixed-price, T&M, or labor-hour service contracts containing 52.222-41.",P_22_1002_2_d,P_22_1002_2_d_1 ^ P_22_1002_2_d_2 ^ P_22_1002_2_d_3,P_52_222_41,Conjunction (Conj): Rule 7,VALIDATED,PASS,PASS,"Parent for price adjustment clause prescriptions. Three subsections: multi-year/option (d)(1), non-multi-year (d)(2), and scope clarification (d)(3).",HIGH
22,22.1002-2(d)(1),P_22_1002_2_d_1,"Insert the clause at 52.222-43, Fair Labor Standards Act and Service Contract Labor Standards--Price Adjustment (Multiple Year and Option Contracts), in solicitations and contracts if the contract is expected to be a fixed-price, time-and-materials, or labor-hour service contract containing 52.222-41, is a multiple year contract or contract with options to renew, and exceeds the simplified acquisition threshold. May be used in contracts not exceeding SAT. Contracting officers must ensure price adjustments are limited to compliance with 52.222-43 (d)(1), (2), and (3) or 52.222-44 (b)(1) and (2).",P_22_1002_2_d_1_a: Contract is FP/T&M/LH containing 52.222-41; P_22_1002_2_d_1_b: Contract is multi-year or has renewal options; P_22_1002_2_d_1_c: Contract exceeds SAT; P_22_1002_2_d_1_d: Insert clause 52.222-43; P_22_1002_2_d_1_e: May use for contracts not exceeding SAT; P_22_1002_2_d_1_f: Price adjustments limited to wage/fringe benefit compliance,((P_22_1002_2_d_1_a ^ P_22_1002_2_d_1_b ^ P_22_1002_2_d_1_c) -> P_22_1002_2_d_1_d) ^ (P_22_1002_2_d_1_e v ~P_22_1002_2_d_1_e) ^ P_22_1002_2_d_1_f,P_52_222_41; P_52_222_43; P_52_222_44; P_22_1002_3,Material Implication (Impl): Rule 15 [HIGH-RISK]; Conjunction (Conj): Rule 7; Tautology (Taut): Rule 18,PENDING_REVIEW,PASS,PASS,Three conjunctive triggers for mandatory clause insertion. Below-SAT use is permissive (tautology). Price adjustment limitation is independent mandatory requirement.,MEDIUM
22,22.1002-2(d)(2),P_22_1002_2_d_2,"Insert the clause at 52.222-44, Fair Labor Standards Act and Service Contract Labor Standards--Price Adjustment, in solicitations and contracts if the contract is expected to be a fixed-price, time-and-materials, or labor-hour service contract containing 52.222-41, exceeds the simplified acquisition threshold, and is not a multiple year contract or does not have options to renew. May be used in contracts not exceeding SAT.",P_22_1002_2_d_2_a: Contract is FP/T&M/LH containing 52.222-41; P_22_1002_2_d_2_b: Contract exceeds SAT; P_22_1002_2_d_2_c: Contract is NOT multi-year and has no renewal options; P_22_1002_2_d_2_d: Insert clause 52.222-44,(P_22_1002_2_d_2_a ^ P_22_1002_2_d_2_b ^ P_22_1002_2_d_2_c) -> P_22_1002_2_d_2_d,P_52_222_41; P_52_222_44; P_22_1002_3,Material Implication (Impl): Rule 15 [HIGH-RISK]; Conjunction (Conj): Rule 7,PENDING_REVIEW,PASS,PASS,Complement to (d)(1). Non-multi-year contracts get 52.222-44 instead of 52.222-43. Same trigger logic minus multi-year condition.,MEDIUM
22,22.1002-2(d)(3),P_22_1002_2_d_3,"The clauses prescribed in paragraph (d)(1) cover situations in which revised minimum wage rates are applied to contracts by operation of law, or by revision of a wage determination in connection with (i) exercise of a contract option or (ii) extension of a multiple year contract into a new program year.",P_22_1002_2_d_3_a: Revised minimum wage rates applied by operation of law; P_22_1002_2_d_3_b: Wage determination revised for option exercise; P_22_1002_2_d_3_c: Wage determination revised for multi-year extension into new program year,P_22_1002_2_d_3_a v P_22_1002_2_d_3_b v P_22_1002_2_d_3_c,P_22_1002_2_d_1,Addition (Add): Rule 8,VALIDATED,PASS,PASS,Scope clarification for (d)(1) clauses. Three disjunctive triggering scenarios for price adjustments.,HIGH
22,22.1002-2(e),P_22_1002_2_e,Prescriptions for exemption-related solicitation provisions and contract clauses.,P_22_1002_2_e,P_22_1002_2_e_1 ^ P_22_1002_2_e_2 ^ P_22_1002_2_e_3 ^ P_22_1002_2_e_4,P_22_1002_1_e; P_22_1002_1_f,Conjunction (Conj): Rule 7,VALIDATED,PASS,PASS,Parent for exemption clause prescriptions covering both equipment maintenance (e)(1)-(2) and certain services (e)(3)-(4) exemptions.,HIGH
22,22.1002-2(e)(1),P_22_1002_2_e_1,"Insert the provision at 52.222-48, Exemption from Application of the Service Contract Labor Standards to Contracts for Maintenance, Calibration, or Repair of Certain Equipment--Certification, in solicitations that include the clause at 52.222-41 and the contract may be exempt from SCLS in accordance with 22.1002-1(e).",P_22_1002_2_e_1_a: Solicitation includes 52.222-41; P_22_1002_2_e_1_b: Contract may be exempt under 22.1002-1(e); P_22_1002_2_e_1_c: Insert provision 52.222-48,(P_22_1002_2_e_1_a ^ P_22_1002_2_e_1_b) -> P_22_1002_2_e_1_c,P_52_222_41; P_52_222_48; P_22_1002_1_e,Material Implication (Impl): Rule 15 [HIGH-RISK]; Conjunction (Conj): Rule 7,PENDING_REVIEW,PASS,PASS,Two conjunctive conditions trigger provision insertion. Links to equipment maintenance exemption at 22.1002-1(e).,MEDIUM
22,22.1002-2(e)(2),P_22_1002_2_e_2,"Insert the clause at 52.222-51, Exemption from Application of SCLS to Contracts for Maintenance, Calibration, or Repair of Certain Equipment--Requirements, in solicitations that include 52.222-48 and in resulting contracts where the CO has determined under 22.1002-1(e)(3) that SCLS does not apply.",P_22_1002_2_e_2_a: Solicitation includes 52.222-48; P_22_1002_2_e_2_b: CO determined under 22.1002-1(e)(3) that SCLS does not apply; P_22_1002_2_e_2_c: Insert clause 52.222-51 in solicitations; P_22_1002_2_e_2_d: Insert clause 52.222-51 in resulting contracts,(P_22_1002_2_e_2_a -> P_22_1002_2_e_2_c) ^ ((P_22_1002_2_e_2_a ^ P_22_1002_2_e_2_b) -> P_22_1002_2_e_2_d),P_52_222_48; P_52_222_51; P_22_1002_1_e_3,Material Implication (Impl): Rule 15 [HIGH-RISK]; Conjunction (Conj): Rule 7,PENDING_REVIEW,PASS,PASS,"Two-stage: provision in solicitation, then clause in contract upon CO determination. Solicitation insertion is automatic with 52.222-48; contract insertion requires affirmative determination.",MEDIUM
22,22.1002-2(e)(3),P_22_1002_2_e_3,"Except when resoliciting under 22.1002-1(f)(3)(iii), insert the provision at 52.222-52, Exemption from Application of SCLS to Contracts for Certain Services--Certification, in solicitations that include 52.222-41 and the contract may be exempt under 22.1002-1(f). When resoliciting under 22.1002-1(f)(3)(iii), remove 52.222-52 from the solicitation.",P_22_1002_2_e_3_a: Solicitation includes 52.222-41; P_22_1002_2_e_3_b: Contract may be exempt under 22.1002-1(f); P_22_1002_2_e_3_c: Not resoliciting under 22.1002-1(f)(3)(iii); P_22_1002_2_e_3_d: Insert provision 52.222-52; P_22_1002_2_e_3_e: Resoliciting under (f)(3)(iii); P_22_1002_2_e_3_f: Remove provision 52.222-52,((P_22_1002_2_e_3_a ^ P_22_1002_2_e_3_b ^ P_22_1002_2_e_3_c) -> P_22_1002_2_e_3_d) ^ (P_22_1002_2_e_3_e -> P_22_1002_2_e_3_f),P_52_222_41; P_52_222_52; P_22_1002_1_f; P_22_1002_1_f_3_iii,Material Implication (Impl): Rule 15 [HIGH-RISK]; Conjunction (Conj): Rule 7,PENDING_REVIEW,PASS,PASS,Bifurcated logic: normal solicitation inserts provision; resolicitation after failed certification removes it.,MEDIUM
22,22.1002-2(e)(4),P_22_1002_2_e_4,"Insert the clause at 52.222-53, Exemption from Application of SCLS to Contracts for Certain Services--Requirements, in solicitations that include 52.222-52 and in resulting contracts where the CO has determined under 22.1002-1(e)(3) that SCLS does not apply.",P_22_1002_2_e_4_a: Solicitation includes 52.222-52; P_22_1002_2_e_4_b: CO determined under 22.1002-1(e)(3) SCLS does not apply; P_22_1002_2_e_4_c: Insert clause 52.222-53 in solicitations; P_22_1002_2_e_4_d: Insert clause 52.222-53 in resulting contracts,(P_22_1002_2_e_4_a -> P_22_1002_2_e_4_c) ^ ((P_22_1002_2_e_4_a ^ P_22_1002_2_e_4_b) -> P_22_1002_2_e_4_d),P_52_222_52; P_52_222_53; P_22_1002_1_e_3,Material Implication (Impl): Rule 15 [HIGH-RISK]; Conjunction (Conj): Rule 7,PENDING_REVIEW,PASS,PASS,Parallel structure to (e)(2). Solicitation insertion automatic; contract insertion conditional on CO determination. Note section reference says (e)(3) which likely should be (f)(3) given context with 52.222-52/53.,MEDIUM
22,22.1002-2(f),P_22_1002_2_f,"Insert the clause at 52.222-49, Service Contract Labor Standards--Place of Performance Unknown, if using the procedures prescribed in 22.1002-3(a)(2).",P_22_1002_2_f_a: Using procedures at 22.1002-3(a)(2); P_22_1002_2_f_b: Insert clause 52.222-49,P_22_1002_2_f_a -> P_22_1002_2_f_b,P_52_222_49; P_22_1002_3_a_2,Material Implication (Impl): Rule 15 [HIGH-RISK],PENDING_REVIEW,PASS,PASS,Simple conditional: unknown place of performance procedures trigger clause insertion.,MEDIUM
22,22.1002-3,P_22_1002_3,"The contracting officer must obtain wage determinations for each new solicitation and contract in excess of $2,500.","P_22_1002_3_a_trigger: New solicitation/contract exceeds $2,500; P_22_1002_3_b_action: CO must obtain wage determinations",P_22_1002_3_a_trigger -> P_22_1002_3_b_action,None,Material Implication (Impl): Rule 15 [HIGH-RISK],PENDING_REVIEW,PASS,PASS,"$2,500 threshold triggers mandatory wage determination procurement. Parent also serves as standalone requirement.",MEDIUM
22,22.1002-3(a),P_22_1002_3_a,"Wage determinations based on prevailing rates. Contractors performing on contracts to which no predecessor contractor's collective bargaining agreement applies must pay their employees at least the wages and fringe benefits found by the Department of Labor to prevail in the locality or, in the absence of a wage determination, the minimum wage set forth in the Fair Labor Standards Act. If SAM.gov does not contain the applicable prevailing wage determination, the CO must use the e98 process to request one from DOL.",P_22_1002_3_a_a: No predecessor CBA applies; P_22_1002_3_a_b: Contractor pays at least DOL prevailing wages/fringe benefits; P_22_1002_3_a_c: No wage determination available; P_22_1002_3_a_d: Contractor pays at least FLSA minimum wage; P_22_1002_3_a_e: SAM.gov lacks applicable wage determination; P_22_1002_3_a_f: CO uses e98 process to request from DOL,(P_22_1002_3_a_a -> (P_22_1002_3_a_b v (P_22_1002_3_a_c -> P_22_1002_3_a_d))) ^ (P_22_1002_3_a_e -> P_22_1002_3_a_f),None,Material Implication (Impl): Rule 15 [HIGH-RISK]; Conjunction (Conj): Rule 7; Addition (Add): Rule 8,PENDING_REVIEW,PASS,PASS,"Prevailing rate hierarchy: DOL prevailing wages preferred, FLSA minimum as fallback. e98 process required when SAM.gov database lacks applicable determination.",LOW
22,22.1002-3(a)(1),P_22_1002_3_a_1,"If the place of performance is unknown, the contracting officer must obtain a wage determination for each locality where services may be performed.",P_22_1002_3_a_1_a: Place of performance is unknown; P_22_1002_3_a_1_b: CO obtains wage determination for each potential locality,P_22_1002_3_a_1_a -> P_22_1002_3_a_1_b,None,Material Implication (Impl): Rule 15 [HIGH-RISK],PENDING_REVIEW,PASS,PASS,Unknown performance location triggers multi-locality wage determination requirement.,MEDIUM
22,22.1002-3(a)(2),P_22_1002_3_a_2,"If the contracting officer believes that there may be offerors interested in performing in unidentified places or areas, the contracting officer may use the following procedures.",P_22_1002_3_a_2,P_22_1002_3_a_2_i ^ P_22_1002_3_a_2_ii ^ P_22_1002_3_a_2_iii ^ P_22_1002_3_a_2_iv,P_22_1002_2_f,Conjunction (Conj): Rule 7,VALIDATED,PASS,PASS,"Parent for unknown place of performance procedures. 'May use' indicates these are permissive, not mandatory. Four procedural steps.",HIGH
22,22.1002-3(a)(2)(i),P_22_1002_3_a_2_i,"Complete the fill-in of the clause at 52.222-49, Service Contract Labor Standards--Place of Performance Unknown (see 22.1002-2(f)).",P_22_1002_3_a_2_i: CO completes fill-in of clause 52.222-49,P_22_1002_3_a_2_i,P_52_222_49; P_22_1002_2_f,N/A (atomic procedural step),VALIDATED,PASS,PASS,Procedural step. Cross-references clause prescription at 22.1002-2(f).,HIGH
22,22.1002-3(a)(2)(ii),P_22_1002_3_a_2_ii,"The procedures in 14.304 must apply to late receipt of offerors' requests for wage determinations for additional places of performance. However, late receipt of an offeror's request for a wage determination for additional places of performance does not preclude the offeror's competing for the proposed acquisition.",P_22_1002_3_a_2_ii_a: FAR 14.304 late receipt procedures apply to late wage determination requests; P_22_1002_3_a_2_ii_b: Late wage determination request does not preclude offeror from competing,P_22_1002_3_a_2_ii_a ^ P_22_1002_3_a_2_ii_b,P_14_304,Conjunction (Conj): Rule 7,VALIDATED,PASS,PASS,Late receipt protection: offeror can still compete even if wage determination request was late. Cross-references FAR 14.304 for procedural rules.,HIGH
22,22.1002-3(a)(2)(iii),P_22_1002_3_a_2_iii,"If the contracting officer receives any timely requests for wage determinations for additional places of performance the contracting officer must obtain wage determinations for the additional places of performance and amend the solicitation to include all wage determinations and, if necessary, extend the time for submission of final offers.",P_22_1002_3_a_2_iii_a: CO receives timely requests for additional place wage determinations; P_22_1002_3_a_2_iii_b: CO obtains wage determinations for additional places; P_22_1002_3_a_2_iii_c: CO amends solicitation to include all wage determinations; P_22_1002_3_a_2_iii_d: CO extends submission time if necessary,P_22_1002_3_a_2_iii_a -> (P_22_1002_3_a_2_iii_b ^ P_22_1002_3_a_2_iii_c ^ (P_22_1002_3_a_2_iii_d v ~P_22_1002_3_a_2_iii_d)),None,Material Implication (Impl): Rule 15 [HIGH-RISK]; Conjunction (Conj): Rule 7; Tautology (Taut): Rule 18,PENDING_REVIEW,PASS,PASS,Timely request triggers mandatory obtaining and amendment. Time extension is discretionary ('if necessary' modeled as tautology).,MEDIUM
22,22.1002-3(a)(2)(iv),P_22_1002_3_a_2_iv,"If the successful offeror did not make a timely request for a wage determination and will perform in a place of performance for which the CO did not request a wage determination, the CO must: (A) Award the contract; (B) Obtain a wage determination; and (C) Incorporate the wage determination in the contract, retroactive to the date of contract award and with no adjustment in contract price, pursuant to 52.222-49.",P_22_1002_3_a_2_iv_a: Successful offeror did not timely request wage determination; P_22_1002_3_a_2_iv_b: Offeror will perform in unaddressed location; P_22_1002_3_a_2_iv_A: CO awards contract; P_22_1002_3_a_2_iv_B: CO obtains wage determination; P_22_1002_3_a_2_iv_C: CO incorporates wage determination retroactive to award date with no price adjustment,(P_22_1002_3_a_2_iv_a ^ P_22_1002_3_a_2_iv_b) -> (P_22_1002_3_a_2_iv_A ^ P_22_1002_3_a_2_iv_B ^ P_22_1002_3_a_2_iv_C),P_52_222_49,Material Implication (Impl): Rule 15 [HIGH-RISK]; Conjunction (Conj): Rule 7,PENDING_REVIEW,PASS,PASS,Untimely request does not block award. Contractor bears wage determination cost retroactively with no price adjustment. Three mandatory sequential actions.,MEDIUM
22,22.1002-3(a)(3),P_22_1002_3_a_3,"If the contracting officer subsequently learns of any potential offerors in previously unidentified places before the closing date for submission of offers, the contracting officer must obtain wage determinations for the additional places of performance and amend the solicitation to include all wage determinations. If necessary, the contracting officer must extend the time for submission of final offers.",P_22_1002_3_a_3_a: CO learns of potential offerors in unidentified places before closing date; P_22_1002_3_a_3_b: CO obtains wage determinations for additional places; P_22_1002_3_a_3_c: CO amends solicitation; P_22_1002_3_a_3_d: CO extends submission time if necessary,P_22_1002_3_a_3_a -> (P_22_1002_3_a_3_b ^ P_22_1002_3_a_3_c ^ (P_22_1002_3_a_3_d v ~P_22_1002_3_a_3_d)),None,Material Implication (Impl): Rule 15 [HIGH-RISK]; Conjunction (Conj): Rule 7; Tautology (Taut): Rule 18,PENDING_REVIEW,PASS,PASS,CO-initiated discovery of additional locations triggers same obtain-and-amend procedure. Time extension discretionary. Similar to (a)(2)(iii) but triggered by CO discovery rather than offeror request.,MEDIUM
22,22.1002-3(b),P_22_1002_3_b,Wage determinations based on collective bargaining agreements.,P_22_1002_3_b,P_22_1002_3_b_1 ^ P_22_1002_3_b_2 ^ P_22_1002_3_b_3 ^ P_22_1002_3_b_4 ^ P_22_1002_3_b_5 ^ P_22_1002_3_b_6 ^ P_22_1002_3_b_7,DEFERRED,Conjunction (Conj): Rule 7,VALIDATED,PASS,PASS,"Parent for CBA-based wage determination requirements. Seven subsections covering determination duty, successor contractor obligations, limitations, CBA procurement, Secretary exceptions, variance review, and multi-location handling.",HIGH
22,22.1002-3(b)(1),P_22_1002_3_b_1,"Early in the acquisition cycle, the contracting officer must determine whether 41 U.S.C. 6707(c) affects the new acquisition. The contracting officer must determine whether there is a predecessor contract covered by the Service Contract Labor Standards statute and, if so, whether the incumbent prime contractor or its subcontractors and any of their employees have a collective bargaining agreement.",P_22_1002_3_b_1_a: CO determines early in acquisition cycle whether 41 U.S.C. 6707(c) applies; P_22_1002_3_b_1_b: CO determines if predecessor SCLS-covered contract exists; P_22_1002_3_b_1_c: CO determines if incumbent/subcontractors have a CBA,P_22_1002_3_b_1_a ^ P_22_1002_3_b_1_b ^ (P_22_1002_3_b_1_b -> P_22_1002_3_b_1_c),None,Conjunction (Conj): Rule 7; Material Implication (Impl): Rule 15 [HIGH-RISK],PENDING_REVIEW,PASS,PASS,Early acquisition cycle duty. CBA determination is conditional on finding a predecessor contract. Sequential investigation required.,MEDIUM
22,22.1002-3(b)(2),P_22_1002_3_b_2,41 U.S.C. 6707(c) provides that a successor contractor must pay wages and fringe benefits (including accrued wages and benefits and prospective increases) to service employees at least equal to those agreed upon by a predecessor contractor under the following conditions: (i) services substantially the same; (ii) same locality; (iii) incumbent furnishes services through employees whose wages/fringe benefits are subject to one or more CBAs.,P_22_1002_3_b_2_i: Services under proposed contract substantially same as incumbent's; P_22_1002_3_b_2_ii: Services in same locality; P_22_1002_3_b_2_iii: Incumbent uses service employees whose compensation is subject to CBA(s); P_22_1002_3_b_2_d: Successor pays wages/fringe benefits at least equal to predecessor CBA,(P_22_1002_3_b_2_i ^ P_22_1002_3_b_2_ii ^ P_22_1002_3_b_2_iii) -> P_22_1002_3_b_2_d,None,Material Implication (Impl): Rule 15 [HIGH-RISK]; Conjunction (Conj): Rule 7,PENDING_REVIEW,PASS,PASS,Three conjunctive conditions trigger successor contractor CBA wage floor obligation per 41 U.S.C. 6707(c). 'Substantially the same' is a qualitative standard.,MEDIUM
22,22.1002-3(b)(3),P_22_1002_3_b_3,The application of 41 U.S.C. 6707(c) is subject to limitations regarding timing of new/revised CBAs.,P_22_1002_3_b_3,P_22_1002_3_b_3_i ^ P_22_1002_3_b_3_ii,P_22_1002_3_b_2,Conjunction (Conj): Rule 7,VALIDATED,PASS,PASS,Parent for two timing-based limitations on CBA applicability under 41 U.S.C. 6707(c).,HIGH
22,22.1002-3(b)(3)(i),P_22_1002_3_b_3_i,41 U.S.C. 6707(c) will not apply if the incumbent contractor enters into a collective bargaining agreement for the first time and the agreement does not become effective until after the expiration of the incumbent's contract.,P_22_1002_3_b_3_i_a: Incumbent enters first-ever CBA; P_22_1002_3_b_3_i_b: CBA effective after incumbent contract expires; P_22_1002_3_b_3_i_c: 41 U.S.C. 6707(c) does not apply,(P_22_1002_3_b_3_i_a ^ P_22_1002_3_b_3_i_b) -> P_22_1002_3_b_3_i_c,P_22_1002_3_b_2,Material Implication (Impl): Rule 15 [HIGH-RISK]; Conjunction (Conj): Rule 7,PENDING_REVIEW,PASS,PASS,First-time CBA not effective during incumbent contract does not bind successor. Prevents incumbents from creating last-minute CBA obligations.,MEDIUM
22,22.1002-3(b)(3)(ii),P_22_1002_3_b_3_ii,"If the incumbent contractor enters into a new or revised collective bargaining agreement during the period of the incumbent's performance on the current contract, the terms of the new or revised agreement must not be effective for the purposes of 41 U.S.C. 6707(c) under the following conditions: (A) In sealed bidding, contracting agency receives notice less than 10 days before bid opening and finds insufficient time to notify bidders, or for other contractual actions, agency receives notice after award with start of performance within 30 days; and (B) the CO has given both the incumbent contractor and its employees' CBA agent timely written notification of the applicable acquisition dates.",P_22_1002_3_b_3_ii_A1: Sealed bidding and notice received <10 days before bid opening with insufficient time; P_22_1002_3_b_3_ii_A2: Non-sealed-bidding and notice received after award with performance starting within 30 days; P_22_1002_3_b_3_ii_B: CO gave timely written notification to incumbent and CBA agent of acquisition dates; P_22_1002_3_b_3_ii_c: New/revised CBA terms not effective for 6707(c) purposes,((P_22_1002_3_b_3_ii_A1 v P_22_1002_3_b_3_ii_A2) ^ P_22_1002_3_b_3_ii_B) -> P_22_1002_3_b_3_ii_c,P_22_1002_3_b_2; P_22_1003; P_22_1004_6,Material Implication (Impl): Rule 15 [HIGH-RISK]; Addition (Add): Rule 8; Conjunction (Conj): Rule 7,PENDING_REVIEW,PASS,PASS,Complex timing limitation. Disjunctive timing triggers (sealed bid vs. other) AND conjunctive CO notification requirement. Cross-refs 22.1003(b) and 22.1004-6.,LOW
22,22.1002-3(b)(4),P_22_1002_3_b_4,"If 41 U.S.C. 6707(c) applies, the contracting officer must obtain a copy of any collective bargaining agreement between an incumbent contractor or subcontractor and its employees. Obtaining a copy may involve coordination with the administrative contracting officer responsible for administering the predecessor contract. Paragraph (m) of 52.222-41 requires the incumbent prime to furnish the CO a copy of each CBA.",P_22_1002_3_b_4_a: 41 U.S.C. 6707(c) applies; P_22_1002_3_b_4_b: CO obtains copy of incumbent/subcontractor CBAs; P_22_1002_3_b_4_c: May coordinate with ACO administering predecessor contract; P_22_1002_3_b_4_d: 52.222-41(m) requires incumbent to furnish CBA copies to CO,P_22_1002_3_b_4_a -> (P_22_1002_3_b_4_b ^ (P_22_1002_3_b_4_c v ~P_22_1002_3_b_4_c) ^ P_22_1002_3_b_4_d),P_52_222_41,Material Implication (Impl): Rule 15 [HIGH-RISK]; Conjunction (Conj): Rule 7; Tautology (Taut): Rule 18,PENDING_REVIEW,PASS,PASS,6707(c) applicability triggers CBA procurement duty. ACO coordination is discretionary ('may'). Incumbent's clause obligation provides enforcement mechanism.,MEDIUM
22,22.1002-3(b)(5),P_22_1002_3_b_5,"41 U.S.C. 6707(c) will not apply if the Secretary of Labor determines: (i) after a hearing, that CBA wages/fringe benefits are substantially at variance with those prevailing for similar services in the locality; or (ii) that CBA wages/fringe benefits are not the result of arm's length negotiations.",P_22_1002_3_b_5_i: Secretary determines after hearing that CBA compensation substantially at variance with local prevailing rates; P_22_1002_3_b_5_ii: Secretary determines CBA compensation not result of arm's length negotiations; P_22_1002_3_b_5_c: 41 U.S.C. 6707(c) does not apply,(P_22_1002_3_b_5_i v P_22_1002_3_b_5_ii) -> P_22_1002_3_b_5_c,P_22_1002_3_b_2,Material Implication (Impl): Rule 15 [HIGH-RISK]; Addition (Add): Rule 8,PENDING_REVIEW,PASS,PASS,Two independent Secretary-level exceptions. Substantial variance requires hearing; arm's length failure does not explicitly require one. DOL has noted contingent CBA provisions as evidence of non-arm's-length bargaining.,MEDIUM
22,22.1002-3(b)(6),P_22_1002_3_b_6,"If the contracting officer's review of the incumbent's collective bargaining agreement indicates that its monetary provisions may be substantially at variance or may not have been reached as a result of arm's length bargaining, the contracting officer must immediately contact the agency labor advisor to consider if further action is warranted.",P_22_1002_3_b_6_a: CO review indicates CBA provisions may be at variance or not arm's length; P_22_1002_3_b_6_b: CO immediately contacts agency labor advisor,P_22_1002_3_b_6_a -> P_22_1002_3_b_6_b,P_22_1002_3_b_5,Material Implication (Impl): Rule 15 [HIGH-RISK],PENDING_REVIEW,PASS,PASS,Mandatory escalation upon suspicion. 'Immediately' indicates urgency. 'May be' is a low threshold for triggering the duty to contact the labor advisor.,MEDIUM
22,22.1002-3(b)(7),P_22_1002_3_b_7,"If the services are being furnished at more than one location and the collectively bargained wage rates and fringe benefits are different at different locations or do not apply to one or more locations, the contracting officer must identify the locations to which the agreements apply.",P_22_1002_3_b_7_a: Services at multiple locations; P_22_1002_3_b_7_b: CBA rates differ by location or do not apply to some locations; P_22_1002_3_b_7_c: CO identifies which locations CBAs apply to,(P_22_1002_3_b_7_a ^ P_22_1002_3_b_7_b) -> P_22_1002_3_b_7_c,None,Material Implication (Impl): Rule 15 [HIGH-RISK]; Conjunction (Conj): Rule 7,PENDING_REVIEW,PASS,PASS,Multi-location CBA mapping duty. Both conditions (multi-location AND rate variance) must exist to trigger identification requirement.,MEDIUM
22,22.1002-4,P_22_1002_4,"Executive Order 13658 established minimum wages for certain workers at $10.10 per hour. The E.O. 13658 rate has increased each year since 2015, rising to $11.25 on January 1, 2022. As of January 30, 2022, E.O. 13658 is superseded by E.O. 14026 to the extent that it is inconsistent with E.O. 14026; the minimum wage rate for certain workers is increased to $15.00 per hour. The wage rate is subject to annual increases by an amount determined by the Secretary of Labor. The clause at 52.222-55 requires the E.O. 14026 minimum wage rate to be paid if it is higher than other minimum wage rates, such as the subpart 22.10 statutory wage determination amount.",P_22_1002_4_a: E.O. 13658 established minimum wage at $10.10/hr for certain workers; P_22_1002_4_b: As of Jan 30 2022 E.O. 14026 supersedes E.O. 13658 where inconsistent; P_22_1002_4_c: E.O. 14026 minimum wage is $15.00/hr; P_22_1002_4_d: Wage rate subject to annual increases determined by Secretary of Labor; P_22_1002_4_e: Clause 52.222-55 requires E.O. 14026 rate to be paid if higher than other minimum wage rates,(P_22_1002_4_a ^ P_22_1002_4_b ^ P_22_1002_4_c ^ P_22_1002_4_d) ^ (P_22_1002_4_e -> (EO14026_Rate > Other_Min_Wage -> Pay_EO14026_Rate)),P_22_1010 (subpart 22.10); P_52_222_55,Conjunction (Conj): Rule 7; Material Implication (Impl): Rule 15 [HIGH-RISK],PENDING_REVIEW,PASS,PASS,Declarative section establishing EO minimum wage framework. Material implication used for the 52.222-55 clause requirement (higher-rate-applies rule). E.O. supersession is temporal conditional. HIGH-RISK flag for implication on rate comparison logic.,MEDIUM
22,22.1003,P_22_1003,"Evaluation and award requirements for Service Contract Labor Standards wage determinations, covering periodic DOL revisions, collective bargaining agreement-based determinations, delays, and notification to contractors and employees.",Parent proposition aggregating 22.1003(a) through 22.1003(d),P_22_1003_a ^ P_22_1003_b ^ P_22_1003_c ^ P_22_1003_d,None,Conjunction (Conj): Rule 7,VALIDATED,PASS,PASS,Parent aggregating four major subsections of evaluation and award procedures.,HIGH
22,22.1003(a),P_22_1003_a,"Periodic revisions to wage determinations by DOL, including receipt timing, monitoring requirements, sealed bidding rules, and negotiated contract rules.",Parent proposition aggregating 22.1003(a)(1) through 22.1003(a)(5),P_22_1003_a_1 ^ P_22_1003_a_2 ^ P_22_1003_a_3 ^ P_22_1003_a_4 ^ P_22_1003_a_5,None,Conjunction (Conj): Rule 7,VALIDATED,PASS,PASS,Parent for periodic revision subsections.,HIGH
22,22.1003(a)(1),P_22_1003_a_1,The Wage and Hour Administrator may issue revisions to prevailing wage determinations periodically. The need for inclusion of a revised prevailing wage determination in a solicitation is determined by the date of receipt of the revised prevailing wage determination by the contracting agency.,P_22_1003_a_1_a: WHD Administrator may issue periodic revisions to prevailing wage determinations; P_22_1003_a_1_b: Need for inclusion determined by date of receipt by contracting agency,P_22_1003_a_1_a ^ P_22_1003_a_1_b,None,Conjunction (Conj): Rule 7,VALIDATED,PASS,PASS,First atomic is permissive (may issue). Second is declarative establishing receipt-date rule. Both validated as straightforward regulatory statements.,HIGH
22,22.1003(a)(1)(i),P_22_1003_a_1_i,"For purposes of using Wage Determinations at SAM.gov, the time of receipt by the contracting agency must be the first day of publication of the revised prevailing wage determination on the website.",P_22_1003_a_1_i: Using SAM.gov wage determinations implies receipt date equals first day of publication on website,Using_SAM_WD -> (Receipt_Date = First_Day_Publication),P_22_1003_a_1,Material Implication (Impl): Rule 15 [HIGH-RISK],PENDING_REVIEW,PASS,PASS,Conditional: using SAM.gov triggers specific receipt date definition. HIGH-RISK for implication but directional logic is clear and unambiguous.,MEDIUM
22,22.1003(a)(1)(ii),P_22_1003_a_1_ii,"For purposes of using the e98 process, the time of receipt by the contracting agency must be the date the agency receives actual notice of a new or revised prevailing wage determination from the Department of Labor as an e98 response.",P_22_1003_a_1_ii: Using e98 process implies receipt date equals date of actual notice from DOL as e98 response,Using_e98 -> (Receipt_Date = Date_Actual_Notice_DOL),P_22_1003_a_1,Material Implication (Impl): Rule 15 [HIGH-RISK],PENDING_REVIEW,PASS,PASS,Parallel conditional to (a)(1)(i) for e98 process. Receipt date defined differently per process used. HIGH-RISK flag for implication.,MEDIUM
22,22.1003(a)(2),P_22_1003_a_2,"In selecting a prevailing wage determination from SAM.gov for use in a solicitation or other contract action, the contracting officer must monitor SAM.gov to determine whether the applicable wage determination has been revised. Revisions published on SAM.gov or otherwise communicated to the CO within prescribed timeframes are effective and must be included in the resulting contract. Monitoring can be accomplished by use of the Alert Service.",P_22_1003_a_2_a: CO must monitor SAM.gov for wage determination revisions when selecting for solicitation/contract action; P_22_1003_a_2_b: Revisions published/communicated within prescribed timeframes are effective and must be included; P_22_1003_a_2_c: Monitoring can be accomplished via Alert Service,P_22_1003_a_2_a ^ P_22_1003_a_2_b ^ P_22_1003_a_2_c,P_22_1003_a_3; P_22_1003_a_4,Conjunction (Conj): Rule 7,VALIDATED,PASS,PASS,Mandatory monitoring obligation with permissive method suggestion (Alert Service). Timeframes referenced in (a)(3) and (a)(4) create dependencies.,HIGH
22,22.1003(a)(3),P_22_1003_a_3,"The following must apply when contracting by sealed bidding: a revised prevailing wage determination shall not be effective if it is received by the contracting agency less than 10 days before the opening of bids, and the contracting officer finds that there is not reasonable time to incorporate the revision in the solicitation.",P_22_1003_a_3_a: Contract is by sealed bidding; P_22_1003_a_3_b: Revised WD received less than 10 days before bid opening; P_22_1003_a_3_c: CO finds no reasonable time to incorporate; P_22_1003_a_3_d: Revised WD is not effective,(P_22_1003_a_3_a ^ P_22_1003_a_3_b ^ P_22_1003_a_3_c) -> P_22_1003_a_3_d,None,Material Implication (Impl): Rule 15 [HIGH-RISK]; Conjunction (Conj): Rule 7,PENDING_REVIEW,PASS,PASS,Three conjunctive conditions in antecedent trigger non-effectiveness of revised WD. All three must be true. HIGH-RISK for implication but logic tracks regulatory text directly.,MEDIUM
22,22.1003(a)(4),P_22_1003_a_4,"For contractual actions other than sealed bidding, a revised prevailing wage determination received by the contracting agency after award of a new contract or a modification as specified in 22.1004-1(c) shall not be effective provided that the start of performance is within 30 days of the award or the specified modification. If the contract does not specify a start of performance date within 30 days of award/modification, and if contract performance does not commence within 30 days, any revision received not less than 10 days before commencement of work shall be effective.",P_22_1003_a_4_a: Action is other than sealed bidding; P_22_1003_a_4_b: Revised WD received after award/modification; P_22_1003_a_4_c: Start of performance within 30 days of award/modification; P_22_1003_a_4_d: Revised WD not effective; P_22_1003_a_4_e: No specified start date within 30 days AND performance does not commence within 30 days; P_22_1003_a_4_f: Revision received not less than 10 days before commencement; P_22_1003_a_4_g: Revised WD is effective,(P_22_1003_a_4_a ^ P_22_1003_a_4_b ^ P_22_1003_a_4_c) -> P_22_1003_a_4_d; (P_22_1003_a_4_a ^ P_22_1003_a_4_e ^ P_22_1003_a_4_f) -> P_22_1003_a_4_g,P_22_1004_1_c,Material Implication (Impl): Rule 15 [HIGH-RISK]; Conjunction (Conj): Rule 7,PENDING_REVIEW,PASS,PASS,"Two conditional pathways: (1) revised WD ineffective if performance starts within 30 days, (2) revised WD effective if delayed start and 10-day notice met. Complex dual-path logic. Cross-reference to 22.1004-1(c).",LOW
22,22.1003(a)(5),P_22_1003_a_5,"If the contracting officer has submitted an e98 to the Department of Labor requesting a prevailing wage determination and has not received a response within 10 days, the contracting officer must contact the Wage and Hour Division by telephone to determine when the wage determination can be expected.",P_22_1003_a_5_a: CO submitted e98 to DOL requesting prevailing WD; P_22_1003_a_5_b: No response received within 10 days; P_22_1003_a_5_c: CO must contact WHD by telephone,(P_22_1003_a_5_a ^ P_22_1003_a_5_b) -> P_22_1003_a_5_c,None,Material Implication (Impl): Rule 15 [HIGH-RISK]; Conjunction (Conj): Rule 7,PENDING_REVIEW,PASS,PASS,Conditional: e98 submitted AND no response within 10 days triggers mandatory telephone contact. Straightforward procedural requirement.,MEDIUM
22,22.1003(b),P_22_1003_b,"Wage determinations based on collective bargaining agreements, covering sealed bidding and other contractual actions timing rules.",Parent proposition aggregating 22.1003(b)(1) through 22.1003(b)(4),P_22_1003_b_1 ^ P_22_1003_b_2 ^ P_22_1003_b_3 ^ P_22_1003_b_4,None,Conjunction (Conj): Rule 7,VALIDATED,PASS,PASS,Parent for CBA-based wage determination subsections.,HIGH
22,22.1003(b)(1),P_22_1003_b_1,"In sealed bidding, a new or changed collective bargaining agreement shall not be effective under 41 U.S.C. 6707(c) if the contracting agency has received notice of the terms of the new or changed CBA less than 10 days before bid opening and the contracting officer determines that there is not reasonable time to incorporate the new or changed terms in the solicitation.",P_22_1003_b_1_a: Sealed bidding procurement; P_22_1003_b_1_b: Notice of new/changed CBA received less than 10 days before bid opening; P_22_1003_b_1_c: CO determines no reasonable time to incorporate; P_22_1003_b_1_d: New/changed CBA not effective under 41 USC 6707(c),(P_22_1003_b_1_a ^ P_22_1003_b_1_b ^ P_22_1003_b_1_c) -> P_22_1003_b_1_d,None,Material Implication (Impl): Rule 15 [HIGH-RISK]; Conjunction (Conj): Rule 7,PENDING_REVIEW,PASS,PASS,Parallel structure to 22.1003(a)(3) but for CBA-based determinations. Three conjunctive conditions trigger non-effectiveness.,MEDIUM
22,22.1003(b)(2),P_22_1003_b_2,"For contractual actions other than sealed bidding, a new or changed CBA shall not be effective under 41 U.S.C. 6707(c) if notice of terms is received by the contracting agency after award of a successor contract or modification as specified in 22.1004-1(c), provided that the contract start of performance is within 30 days. If no start date within 30 days or performance does not commence within 30 days, any notice received not less than 10 days before commencement must be effective.",P_22_1003_b_2_a: Other than sealed bidding; P_22_1003_b_2_b: CBA notice received after award/modification; P_22_1003_b_2_c: Start of performance within 30 days; P_22_1003_b_2_d: CBA not effective; P_22_1003_b_2_e: No start date within 30 days AND performance not within 30 days; P_22_1003_b_2_f: Notice received not less than 10 days before commencement; P_22_1003_b_2_g: CBA is effective,(P_22_1003_b_2_a ^ P_22_1003_b_2_b ^ P_22_1003_b_2_c) -> P_22_1003_b_2_d; (P_22_1003_b_2_a ^ P_22_1003_b_2_e ^ P_22_1003_b_2_f) -> P_22_1003_b_2_g,P_22_1004_1_c,Material Implication (Impl): Rule 15 [HIGH-RISK]; Conjunction (Conj): Rule 7,PENDING_REVIEW,PASS,PASS,Parallel structure to 22.1003(a)(4) for CBA context. Dual conditional pathways. Cross-ref to 22.1004-1(c).,LOW
22,22.1003(b)(3),P_22_1003_b_3,The limitations in paragraphs (b)(1) and (2) of this section must apply only if timely notification required in 22.1004-6 has been given.,P_22_1003_b_3_a: Timely notification per 22.1004-6 has been given; P_22_1003_b_3_b: Limitations in (b)(1) and (b)(2) apply,P_22_1003_b_3_a -> P_22_1003_b_3_b,P_22_1003_b_1; P_22_1003_b_2; P_22_1004_6,Material Implication (Impl): Rule 15 [HIGH-RISK],PENDING_REVIEW,PASS,PASS,"Gating condition: the timing limitations in (b)(1)/(b)(2) only activate if 22.1004-6 notification was given. Without notification, limitations do not apply. Critical dependency.",MEDIUM
22,22.1003(b)(4),P_22_1003_b_4,"If the contracting officer has submitted an e98 to DOL requesting a wage determination based on a CBA and has not received a response within 10 days, the CO must contact WHD by telephone. If DOL is unable to provide the WD by the latest date needed to maintain the acquisition schedule, the CO must incorporate the CBA itself in a solicitation or other contract action and include a wage determination referencing that CBA created by use of SAM.gov.",P_22_1003_b_4_a: CO submitted e98 for CBA-based WD; P_22_1003_b_4_b: No response within 10 days; P_22_1003_b_4_c: CO must contact WHD by telephone; P_22_1003_b_4_d: DOL unable to provide WD by latest needed date; P_22_1003_b_4_e: CO must incorporate CBA itself and include SAM.gov-created WD referencing CBA,(P_22_1003_b_4_a ^ P_22_1003_b_4_b) -> P_22_1003_b_4_c; (P_22_1003_b_4_a ^ P_22_1003_b_4_d) -> P_22_1003_b_4_e,None,Material Implication (Impl): Rule 15 [HIGH-RISK]; Conjunction (Conj): Rule 7,PENDING_REVIEW,PASS,PASS,"Two sequential conditionals: first triggers telephone contact, second triggers CBA incorporation as fallback. Both are mandatory actions when conditions met.",MEDIUM
22,22.1003(c),P_22_1003_c,"If a wage determination was obtained through the e98 process, and bid opening has been delayed more than 60 days from the date indicated on the previously submitted e98, the contracting officer must submit a new e98. Any revision of a wage determination received as a result must supersede the earlier response as the applicable WD subject to the time frames in 22.1003(a)(3) and (4).",P_22_1003_c_a: WD obtained through e98; P_22_1003_c_b: Bid opening delayed more than 60 days from e98 date; P_22_1003_c_c: CO must submit new e98; P_22_1003_c_d: Resulting revision supersedes earlier response,(P_22_1003_c_a ^ P_22_1003_c_b) -> (P_22_1003_c_c ^ P_22_1003_c_d),P_22_1003_a_3; P_22_1003_a_4,Material Implication (Impl): Rule 15 [HIGH-RISK]; Conjunction (Conj): Rule 7,PENDING_REVIEW,PASS,PASS,Conditional: e98 WD + 60-day delay triggers mandatory new e98 submission and supersession. Dependencies on timing rules in (a)(3)/(a)(4).,MEDIUM
22,22.1003(d),P_22_1003_d,The contracting officer must take steps to ensure that service employees are notified of minimum wages and fringe benefits.,Parent proposition aggregating 22.1003(d)(1) and 22.1003(d)(2),P_22_1003_d_1 ^ P_22_1003_d_2,None,Conjunction (Conj): Rule 7,VALIDATED,PASS,PASS,Parent for notification subsections.,HIGH
22,22.1003(d)(1),P_22_1003_d_1,"At the time of award, furnish the contractor DOL Publication WH-1313, Notice to Employees Working on Government Contracts, for posting at a prominent and accessible place at the worksite before contract performance begins. The publication advises employees of compensation required under SCLS and satisfies the notice requirements in paragraph (g) of the clause at 52.222-41.","P_22_1003_d_1_a: At award, CO must furnish WH-1313 to contractor; P_22_1003_d_1_b: Must be posted at prominent and accessible place before performance begins; P_22_1003_d_1_c: Publication satisfies notice requirements in 52.222-41(g)",P_22_1003_d_1_a ^ P_22_1003_d_1_b ^ P_22_1003_d_1_c,P_52_222_41_g,Conjunction (Conj): Rule 7,VALIDATED,PASS,PASS,Mandatory posting requirement. Three conjunctive obligations. External dependency on clause 52.222-41(g).,HIGH
22,22.1003(d)(2),P_22_1003_d_2,Attach any applicable wage determination to Publication WH-1313.,P_22_1003_d_2: CO must attach applicable wage determination to WH-1313,P_22_1003_d_2,P_22_1003_d_1,Conjunction (Conj): Rule 7,VALIDATED,PASS,PASS,Atomic mandatory requirement. Depends on WH-1313 being furnished per (d)(1).,HIGH
22,22.1004,P_22_1004,"Postaward requirements for Service Contract Labor Standards, covering revisions to wage determinations, additional classes of service employees, withholding of contract payments, termination for default, enforcement, notification to interested parties, and seniority lists.",Parent proposition aggregating 22.1004-1 through 22.1004-7,P_22_1004_1 ^ P_22_1004_2 ^ P_22_1004_3 ^ P_22_1004_4 ^ P_22_1004_5 ^ P_22_1004_6 ^ P_22_1004_7,None,Conjunction (Conj): Rule 7,VALIDATED,PASS,PASS,Parent for all postaward subsections.,HIGH
22,22.1004-1,P_22_1004_1,"Postaward revisions to wage determinations, covering periodic revisions, e98 delays, modifications bringing contracts above $2,500, multi-year contracts, DOL inability to provide WDs, and erroneous determinations.",Parent proposition aggregating 22.1004-1(a) through 22.1004-1(f),P_22_1004_1_a ^ P_22_1004_1_b ^ P_22_1004_1_c ^ P_22_1004_1_d ^ P_22_1004_1_e ^ P_22_1004_1_f,None,Conjunction (Conj): Rule 7,VALIDATED,PASS,PASS,Parent for wage determination revision subsections.,HIGH
22,22.1004-1(a),P_22_1004_1_a,The Wage and Hour Administrator may issue revisions to prevailing wage determinations periodically. The need for inclusion of a revised prevailing wage determination in a contract is determined by the date of receipt of the revised prevailing wage determination by the contracting agency.,P_22_1004_1_a_a: WHD Administrator may issue periodic revisions; P_22_1004_1_a_b: Need for inclusion determined by receipt date at contracting agency,P_22_1004_1_a_a ^ P_22_1004_1_a_b,None,Conjunction (Conj): Rule 7,VALIDATED,PASS,PASS,Permissive authority (may) for administrator plus declarative receipt-date rule. Parallel to pre-award 22.1003(a)(1).,HIGH
22,22.1004-1(b),P_22_1004_1_b,"If a wage determination was obtained through the e98 process, and commencement of work under a negotiated contract has been delayed more than 60 days from the date indicated on the previously submitted e98, the contracting officer must submit a new e98. Any revision received must supersede the earlier response subject to the time frames in 22.1003(a)(3) and (4).",P_22_1004_1_b_a: WD obtained through e98; P_22_1004_1_b_b: Commencement delayed more than 60 days from e98 date; P_22_1004_1_b_c: CO must submit new e98; P_22_1004_1_b_d: Resulting revision supersedes earlier response,(P_22_1004_1_b_a ^ P_22_1004_1_b_b) -> (P_22_1004_1_b_c ^ P_22_1004_1_b_d),P_22_1003_a_3; P_22_1003_a_4,Material Implication (Impl): Rule 15 [HIGH-RISK]; Conjunction (Conj): Rule 7,PENDING_REVIEW,PASS,PASS,Postaward parallel to 22.1003(c). Same 60-day trigger for new e98. Dependent on pre-award timing rules.,MEDIUM
22,22.1004-1(c),P_22_1004_1_c,"The contracting officer must obtain wage determinations for each contract modification which brings the contract above $2,500 and extends the existing contract pursuant to an option clause or otherwise, or changes the scope of the contract whereby labor requirements are affected significantly.",Parent proposition aggregating 22.1004-1(c)(1) and 22.1004-1(c)(2),P_22_1004_1_c_1 ^ P_22_1004_1_c_2,None,Conjunction (Conj): Rule 7,VALIDATED,PASS,PASS,"Parent: CO must obtain WDs when modifications bring contract above $2,500 under two conditions.",HIGH
22,22.1004-1(c)(1),P_22_1004_1_c_1,"The contracting officer must obtain wage determinations for each contract modification which brings the contract above $2,500 and extends the existing contract pursuant to an option clause or otherwise.","P_22_1004_1_c_1_a: Contract modification brings contract above $2,500; P_22_1004_1_c_1_b: Modification extends contract via option or otherwise; P_22_1004_1_c_1_c: CO must obtain wage determinations",(P_22_1004_1_c_1_a ^ P_22_1004_1_c_1_b) -> P_22_1004_1_c_1_c,None,Material Implication (Impl): Rule 15 [HIGH-RISK]; Conjunction (Conj): Rule 7,PENDING_REVIEW,PASS,PASS,"Conditional: two conditions (above $2,500 AND extension) trigger WD obligation.",MEDIUM
22,22.1004-1(c)(2),P_22_1004_1_c_2,"The contracting officer must obtain wage determinations for each contract modification which brings the contract above $2,500 and changes the scope of the contract whereby labor requirements are affected significantly.","P_22_1004_1_c_2_a: Contract modification brings contract above $2,500; P_22_1004_1_c_2_b: Scope change significantly affects labor requirements; P_22_1004_1_c_2_c: CO must obtain wage determinations",(P_22_1004_1_c_2_a ^ P_22_1004_1_c_2_b) -> P_22_1004_1_c_2_c,None,Material Implication (Impl): Rule 15 [HIGH-RISK]; Conjunction (Conj): Rule 7,PENDING_REVIEW,PASS,PASS,"Conditional: above $2,500 AND significant labor scope change triggers WD obligation. 'Significantly' introduces ambiguity.",MEDIUM
22,22.1004-1(d),P_22_1004_1_d,"The contracting officer must obtain wage determinations for each multiple year contract in excess of $2,500 upon anniversary dates.",Parent proposition aggregating 22.1004-1(d)(1) and 22.1004-1(d)(2),P_22_1004_1_d_1 ^ P_22_1004_1_d_2,None,Conjunction (Conj): Rule 7,VALIDATED,PASS,PASS,Parent for multi-year contract WD timing.,HIGH
22,22.1004-1(d)(1),P_22_1004_1_d_1,"The contracting officer must obtain wage determinations for each multiple year contract in excess of $2,500 upon the annual anniversary date if the contract is subject to annual appropriations.","P_22_1004_1_d_1_a: Multi-year contract exceeding $2,500; P_22_1004_1_d_1_b: Contract subject to annual appropriations; P_22_1004_1_d_1_c: CO must obtain WDs upon annual anniversary date",(P_22_1004_1_d_1_a ^ P_22_1004_1_d_1_b) -> P_22_1004_1_d_1_c,None,Material Implication (Impl): Rule 15 [HIGH-RISK]; Conjunction (Conj): Rule 7,PENDING_REVIEW,PASS,PASS,Conditional: multi-year + annual appropriations = annual WD refresh requirement.,MEDIUM
22,22.1004-1(d)(2),P_22_1004_1_d_2,"The contracting officer must obtain wage determinations upon the biennial anniversary date if the contract is not subject to annual appropriations and its proposed term exceeds 2 years, unless otherwise advised by the Wage and Hour Division.","P_22_1004_1_d_2_a: Multi-year contract exceeding $2,500; P_22_1004_1_d_2_b: Not subject to annual appropriations; P_22_1004_1_d_2_c: Proposed term exceeds 2 years; P_22_1004_1_d_2_d: CO must obtain WDs upon biennial anniversary; P_22_1004_1_d_2_e: WHD advises otherwise",(P_22_1004_1_d_2_a ^ P_22_1004_1_d_2_b ^ P_22_1004_1_d_2_c ^ ~P_22_1004_1_d_2_e) -> P_22_1004_1_d_2_d,None,Material Implication (Impl): Rule 15 [HIGH-RISK]; Conjunction (Conj): Rule 7; Negation (Neg): Rule 10,PENDING_REVIEW,PASS,PASS,Four-part antecedent including negation of WHD exception. 'Unless otherwise advised' modeled as negation in antecedent.,MEDIUM
22,22.1004-1(e),P_22_1004_1_e,"If the contracting officer has submitted an e98 to DOL requesting a wage determination based on a CBA and the DOL is unable to provide the WD by the latest date needed to maintain the acquisition schedule, the CO must incorporate the CBA itself in a contract action and include a wage determination referencing that CBA created by use of SAM.gov.",P_22_1004_1_e_a: CO submitted e98 for CBA-based WD; P_22_1004_1_e_b: DOL unable to provide WD by latest needed date; P_22_1004_1_e_c: CO must incorporate CBA itself and include SAM.gov-created WD referencing CBA,(P_22_1004_1_e_a ^ P_22_1004_1_e_b) -> P_22_1004_1_e_c,None,Material Implication (Impl): Rule 15 [HIGH-RISK]; Conjunction (Conj): Rule 7,PENDING_REVIEW,PASS,PASS,Fallback procedure when DOL cannot deliver timely CBA-based WD. Mandatory action when conditions met.,MEDIUM
22,22.1004-1(f),P_22_1004_1_f,"If the DOL discovers and determines, whether before or after a contract award, that a CO made an erroneous determination that SCLS did not apply or failed to include an appropriate wage determination, the CO within 30 days of notification must include clause 52.222-41 and any applicable wage determination. If the contract is subject to 41 U.S.C. 6707(f), the Administrator may require retroactive application. The CO must equitably adjust the contract price to reflect changed cost of performance.",P_22_1004_1_f_a: DOL discovers erroneous SCLS non-applicability determination or missing WD; P_22_1004_1_f_b: CO must include 52.222-41 and applicable WD within 30 days of DOL notification; P_22_1004_1_f_c: If subject to 41 USC 6707(f) Administrator may require retroactive application; P_22_1004_1_f_d: CO must equitably adjust contract price for changed cost of performance,P_22_1004_1_f_a -> (P_22_1004_1_f_b ^ P_22_1004_1_f_d); (P_22_1004_1_f_a ^ Subject_41USC6707f) -> (P_22_1004_1_f_c v ~P_22_1004_1_f_c),P_52_222_41,Material Implication (Impl): Rule 15 [HIGH-RISK]; Conjunction (Conj): Rule 7; Tautology (Taut): Rule 18,PENDING_REVIEW,PASS,PASS,DOL error discovery triggers mandatory correction within 30 days plus equitable adjustment. Retroactive application is permissive (may) modeled as tautology. Complex multi-obligation consequent.,LOW
22,22.1004-2,P_22_1004_2,"Requirements for classifying service employees not included in wage determinations, including conforming procedures, restrictions on trainee and helper classifications, and subminimum rate provisions.",Parent proposition aggregating 22.1004-2(a) through 22.1004-2(c),P_22_1004_2_a ^ P_22_1004_2_b ^ P_22_1004_2_c,None,Conjunction (Conj): Rule 7,VALIDATED,PASS,PASS,Parent for additional classes subsections.,HIGH
22,22.1004-2(a),P_22_1004_2_a,"If the CO is aware that contract performance involves classes of service employees not included in the wage determination, the CO must require the contractor to classify the unlisted classes to provide a reasonable relationship between unlisted and listed classifications. The contractor must initiate the conforming procedure before unlisted classes perform contract work. The contractor must submit SF 1444. The CO must review and promptly submit the completed SF 1444 with all pertinent information to the WHD. Within 30 days the WHD will approve, modify, or disapprove when parties agree, or render final determination in disagreement.",P_22_1004_2_a_a: CO aware of unlisted service employee classes; P_22_1004_2_a_b: CO must require contractor to classify unlisted classes with reasonable relationship to listed; P_22_1004_2_a_c: Contractor must initiate conforming before unlisted classes perform; P_22_1004_2_a_d: Contractor must submit SF 1444; P_22_1004_2_a_e: CO must review and submit SF 1444 to WHD; P_22_1004_2_a_f: WHD acts within 30 days,P_22_1004_2_a_a -> (P_22_1004_2_a_b ^ P_22_1004_2_a_c ^ P_22_1004_2_a_d ^ P_22_1004_2_a_e ^ P_22_1004_2_a_f),P_52_222_41_c,Material Implication (Impl): Rule 15 [HIGH-RISK]; Conjunction (Conj): Rule 7,PENDING_REVIEW,PASS,PASS,Conditional: CO awareness triggers multi-step conforming procedure. Five mandatory sequential obligations. Cross-ref to 52.222-41(c).,MEDIUM
22,22.1004-2(b),P_22_1004_2_b,Some wage determinations list classes within a job classification family at multiple levels. Level I is entry level and establishment of a lower level through conformance is not permissible. Trainee classifications may not be conformed. Helpers in skilled maintenance trades may be used if listed but may not be conformed. Conformance may not be used to artificially split or subdivide listed classifications. Conforming procedures may be used if work performed is not within scope of any listed classification regardless of job title.,P_22_1004_2_b_a: Lower level than Level I may not be established through conformance; P_22_1004_2_b_b: Trainee classifications may not be conformed; P_22_1004_2_b_c: Listed helpers in skilled trades may be used but not conformed; P_22_1004_2_b_d: Conformance may not artificially split or subdivide listed classifications; P_22_1004_2_b_e: Conforming allowed when work not within scope of any listed classification,~P_22_1004_2_b_a ^ ~P_22_1004_2_b_b ^ (Listed_Helper -> (Use v ~Conform)) ^ ~P_22_1004_2_b_d ^ (Work_Not_In_Scope -> Conforming_Allowed),None,Negation (Neg): Rule 10; Conjunction (Conj): Rule 7; Material Implication (Impl): Rule 15 [HIGH-RISK],PENDING_REVIEW,PASS,PASS,Mix of prohibitions (negations) and conditional permissions. Complex regulatory restrictions on conformance. Multiple HIGH-RISK implications.,LOW
22,22.1004-2(c),P_22_1004_2_c,"Subminimum rates for apprentices, student learners, and disabled workers are permissible in accordance with paragraph (q) of the clause at 52.222-41, Service Contract Labor Standards.","P_22_1004_2_c: Subminimum rates permissible for apprentices, student learners, and disabled workers per 52.222-41(q)",(Apprentice v Student_Learner v Disabled_Worker) -> (Subminimum_Rate v ~Subminimum_Rate),P_52_222_41_q,Material Implication (Impl): Rule 15 [HIGH-RISK]; Addition (Add): Rule 8; Tautology (Taut): Rule 18,PENDING_REVIEW,PASS,PASS,Permissive: subminimum rates 'permissible' modeled as tautology in consequent. Disjunctive antecedent for eligible worker categories.,MEDIUM
22,22.1004-3,P_22_1004_3,Provisions for withholding contract payments for SCLS violations.,Parent proposition aggregating 22.1004-3(a) through 22.1004-3(c),P_22_1004_3_a ^ P_22_1004_3_b ^ P_22_1004_3_c,None,Conjunction (Conj): Rule 7,VALIDATED,PASS,PASS,Parent for withholding subsections.,HIGH
22,22.1004-3(a),P_22_1004_3_a,"Any violations of the clause at 52.222-41 renders the responsible contractor liable for the amount of any deductions, rebates, refunds, or underpayments of compensation due employees performing the contract.",P_22_1004_3_a: Violation of 52.222-41 renders contractor liable for deductions/rebates/refunds/underpayments due to employees,Violation_52_222_41 -> Contractor_Liable_Underpayments,P_52_222_41,Material Implication (Impl): Rule 15 [HIGH-RISK],PENDING_REVIEW,PASS,PASS,Straightforward conditional: violation triggers liability. Mandatory consequence.,MEDIUM
22,22.1004-3(b),P_22_1004_3_b,"The contracting officer may withhold, or upon written request of the DOL from Deputy Regional Administrator level or higher must withhold, the amount needed to pay underpaid employees from accrued payments due the contractor on the contract or any other prime contract with the contractor.","P_22_1004_3_b_a: CO may withhold amounts for underpaid employees from accrued payments; P_22_1004_3_b_b: Upon DOL written request from Deputy Regional Administrator+, CO must withhold",(P_22_1004_3_b_a v ~P_22_1004_3_b_a) ^ (DOL_Written_Request_DRA -> Must_Withhold),P_22_1004_3_a,Tautology (Taut): Rule 18; Material Implication (Impl): Rule 15 [HIGH-RISK]; Conjunction (Conj): Rule 7,PENDING_REVIEW,PASS,PASS,Dual authority: permissive CO discretion (tautology) plus mandatory withholding upon DOL request (implication). DOL request elevates from may to must.,MEDIUM
22,22.1004-3(c),P_22_1004_3_c,"The agency must place the amount withheld in a deposit fund. Withheld funds must be transferred to DOL for disbursement to underpaid employees on order of the Secretary, ALJ, or Administrative Review Board. DOL has given blanket approval to forward withheld funds pending investigation completion when disposition remains the final action to close out a contract.",P_22_1004_3_c_a: Agency must place withheld amount in deposit fund; P_22_1004_3_c_b: Withheld funds must be transferred to DOL for disbursement; P_22_1004_3_c_c: Blanket DOL approval to forward funds pending investigation when final action to close contract,P_22_1004_3_c_a ^ P_22_1004_3_c_b ^ P_22_1004_3_c_c,P_22_1004_3_b,Conjunction (Conj): Rule 7,VALIDATED,PASS,PASS,Three mandatory/declarative obligations for handling withheld funds. Sequential process.,HIGH
22,22.1004-4,P_22_1004_4,Any contractor failure to comply with the requirements of the contract clauses related to the Service Contract Labor Standards statute may be grounds for termination for default (see paragraph (k) of the clause at 52.222-41).,P_22_1004_4_a: Contractor fails to comply with SCLS contract clauses; P_22_1004_4_b: May be grounds for termination for default,P_22_1004_4_a -> (P_22_1004_4_b v ~P_22_1004_4_b),P_52_222_41_k,Material Implication (Impl): Rule 15 [HIGH-RISK]; Tautology (Taut): Rule 18,PENDING_REVIEW,PASS,PASS,Permissive: failure 'may be' grounds for T4D. Tautology models discretion. Cross-ref to 52.222-41(k).,MEDIUM
22,22.1004-5,P_22_1004_5,"Enforcement provisions for SCLS violations including exclusion records, cooperation with DOL, and dispute handling.",Parent proposition aggregating 22.1004-5(a) through 22.1004-5(c),P_22_1004_5_a ^ P_22_1004_5_b ^ P_22_1004_5_c,None,Conjunction (Conj): Rule 7,VALIDATED,PASS,PASS,Parent for enforcement subsections.,HIGH
22,22.1004-5(a),P_22_1004_5_a,"Persons or firms found in violation of SCLS will have an active exclusion record in SAM. No Government contract may be awarded to any violator so listed or to any firm in which the violator has a substantial interest, without the approval of the Secretary of Labor. This prohibition applies to both prime and subcontracts.",P_22_1004_5_a_a: SCLS violators get active SAM exclusion record; P_22_1004_5_a_b: No award to listed violator or firm with violator's substantial interest without Secretary of Labor approval; P_22_1004_5_a_c: Prohibition applies to prime and subcontracts,SCLS_Violation -> P_22_1004_5_a_a ^ (~Secretary_Labor_Approval -> ~Award) ^ P_22_1004_5_a_c,P_22_Part_9,Material Implication (Impl): Rule 15 [HIGH-RISK]; Conjunction (Conj): Rule 7; Negation (Neg): Rule 10,PENDING_REVIEW,PASS,PASS,Violation triggers exclusion plus conditional prohibition on award absent Secretary approval. External reference to Part 9.,MEDIUM
22,22.1004-5(b),P_22_1004_5_b,"The contracting officer must cooperate with DOL representatives in examination of records, interviews, and all aspects of investigations. Agencies must furnish WHD Administrator any available information on contractors and subcontractors. The CO must promptly refer apparent violations and complaints to DOL. Employee complaints must not be disclosed to the employer.",P_22_1004_5_b_a: CO must cooperate with DOL in all investigation aspects; P_22_1004_5_b_b: Agencies must furnish WHD information on contractors; P_22_1004_5_b_c: CO must promptly refer violations/complaints to DOL; P_22_1004_5_b_d: Employee complaints must not be disclosed to employer,P_22_1004_5_b_a ^ P_22_1004_5_b_b ^ P_22_1004_5_b_c ^ ~Disclose_Employee_Complaints_To_Employer,None,Conjunction (Conj): Rule 7; Negation (Neg): Rule 10,VALIDATED,PASS,PASS,Four mandatory obligations including prohibition on complaint disclosure. All conjunctive.,HIGH
22,22.1004-5(c),P_22_1004_5_c,"Disputes concerning labor standards requirements of the contract are handled under paragraph (t) of 52.222-41 and not under the clause at 52.233-1, Disputes.",P_22_1004_5_c_a: SCLS labor disputes handled under 52.222-41(t); P_22_1004_5_c_b: Not handled under 52.233-1 Disputes clause,SCLS_Labor_Dispute -> (P_52_222_41_t ^ ~P_52_233_1),P_52_222_41_t; P_52_233_1,Material Implication (Impl): Rule 15 [HIGH-RISK]; Conjunction (Conj): Rule 7; Negation (Neg): Rule 10,PENDING_REVIEW,PASS,PASS,"Conditional routing rule: SCLS disputes go to specific clause, explicitly excluded from general Disputes clause. Two external dependencies.",MEDIUM
22,22.1004-6,P_22_1004_6,"Requirements for CO notification to incumbent contractors and collective bargaining agents regarding successor contracts, modifications, and anniversary dates.",Parent proposition aggregating 22.1004-6(a) and 22.1004-6(b),P_22_1004_6_a ^ P_22_1004_6_b,None,Conjunction (Conj): Rule 7,VALIDATED,PASS,PASS,Parent for CBA notification subsections.,HIGH
22,22.1004-6(a),P_22_1004_6_a,"The CO should determine whether incumbent prime contractor's or subcontractors' service employees are represented by a CBA agent. If so, CO must give both the incumbent contractor and collective bargaining agent written notification of applicable acquisition events.",Parent for notification types 22.1004-6(a)(1) through (a)(3),CBA_Agent_Exists -> (P_22_1004_6_a_1 v P_22_1004_6_a_2 v P_22_1004_6_a_3),None,Material Implication (Impl): Rule 15 [HIGH-RISK]; Addition (Add): Rule 8,PENDING_REVIEW,PASS,PASS,Conditional: existence of CBA agent triggers notification obligation. Subsections are disjunctive (applicable scenario determines which notification). 'Should determine' is advisory per modal mapping.,MEDIUM
22,22.1004-6(a)(1),P_22_1004_6_a_1,"Written notification of the forthcoming successor contract and the applicable acquisition dates (issuance of solicitation, opening of bids, commencement of negotiations, award of contract, or start of performance).",P_22_1004_6_a_1: CO must provide written notification of successor contract and applicable acquisition dates to contractor and CBA agent,CBA_Agent_Exists ^ Successor_Contract -> Written_Notification_Successor,P_22_1004_6_a,Material Implication (Impl): Rule 15 [HIGH-RISK]; Conjunction (Conj): Rule 7,PENDING_REVIEW,PASS,PASS,Specific notification type for successor contracts.,MEDIUM
22,22.1004-6(a)(2),P_22_1004_6_a_2,"Written notification of the forthcoming contract modification and applicable acquisition dates (exercise of option, extension of contract, change in scope, or start of performance).",P_22_1004_6_a_2: CO must provide written notification of contract modification and applicable acquisition dates to contractor and CBA agent,CBA_Agent_Exists ^ Contract_Modification -> Written_Notification_Modification,P_22_1004_6_a,Material Implication (Impl): Rule 15 [HIGH-RISK]; Conjunction (Conj): Rule 7,PENDING_REVIEW,PASS,PASS,Specific notification type for contract modifications.,MEDIUM
22,22.1004-6(a)(3),P_22_1004_6_a_3,Written notification of the forthcoming multiple year contract anniversary date (annual anniversary date or biennial date).,P_22_1004_6_a_3: CO must provide written notification of multi-year contract anniversary date to contractor and CBA agent,CBA_Agent_Exists ^ Multi_Year_Anniversary -> Written_Notification_Anniversary,P_22_1004_6_a,Material Implication (Impl): Rule 15 [HIGH-RISK]; Conjunction (Conj): Rule 7,PENDING_REVIEW,PASS,PASS,Specific notification type for multi-year anniversary dates.,MEDIUM
22,22.1004-6(b),P_22_1004_6_b,This written notification must be given at least 30 days in advance of the earliest applicable acquisition date or the applicable annual or biennial anniversary date in order for the time-of-receipt limitations in 22.1003(b)(1) and (2) to apply. The CO must retain a copy of the notification in the contract file.,P_22_1004_6_b_a: Written notification must be given at least 30 days in advance; P_22_1004_6_b_b: 30-day advance required for 22.1003(b)(1)/(2) limitations to apply; P_22_1004_6_b_c: CO must retain copy in contract file,(P_22_1004_6_b_a ^ P_22_1004_6_b_b) ^ P_22_1004_6_b_c,P_22_1003_b_1; P_22_1003_b_2,Conjunction (Conj): Rule 7,VALIDATED,PASS,PASS,30-day advance notice requirement plus filing obligation. Critical gating condition for 22.1003(b) limitations.,HIGH
22,22.1004-7,P_22_1004_7,"If a contract is performed at a Federal facility where employees may be hired/retained by a succeeding contractor, the incumbent prime contractor must furnish a certified list of all service employees on the payroll during the last month, with anniversary dates, to the CO no later than 10 days before contract completion. At commencement of succeeding contract, the CO must provide a copy to the successor contractor for determining employee eligibility for fringe benefits based on length of service.",P_22_1004_7_a: Contract performed at Federal facility with potential successor hiring; P_22_1004_7_b: Incumbent must furnish certified employee list with anniversary dates within 10 days of completion; P_22_1004_7_c: CO must provide list to successor contractor at commencement,P_22_1004_7_a -> (P_22_1004_7_b ^ P_22_1004_7_c),P_52_222_41_n,Material Implication (Impl): Rule 15 [HIGH-RISK]; Conjunction (Conj): Rule 7,PENDING_REVIEW,PASS,PASS,Conditional: Federal facility successor scenario triggers seniority list obligations for both incumbent (furnish) and CO (distribute). Cross-ref 52.222-41(n).,MEDIUM
22,22.1300,P_22_1300,"This subpart prescribes policies and procedures for implementing the Vietnam Era Veterans' Readjustment Assistance Act (38 U.S.C. 4211/4212), the Veterans Employment Opportunities Act of 1998 (Pub. L. 105-339), Executive Order 11701, and DOL regulations (41 CFR parts 60-300 and 61-300).",Parent aggregating statutory authorities,P_22_1300_a ^ P_22_1300_b ^ P_22_1300_c ^ P_22_1300_d,None,Conjunction (Conj): Rule 7,VALIDATED,PASS,PASS,Scope section listing four statutory/regulatory authorities. Declarative.,HIGH
22,22.1300(a),P_22_1300_a,"The Vietnam Era Veterans' Readjustment Assistance Act of 1972, as amended (38 U.S.C. 4211 and 4212).",P_22_1300_a: Subpart implements VEVRAA (38 USC 4211/4212),P_22_1300_a,None,Conjunction (Conj): Rule 7,VALIDATED,PASS,PASS,Declarative statutory citation.,HIGH
22,22.1300(b),P_22_1300_b,"The Veterans Employment Opportunities Act of 1998, Public Law 105-339.",P_22_1300_b: Subpart implements VEOA (Pub. L. 105-339),P_22_1300_b,None,Conjunction (Conj): Rule 7,VALIDATED,PASS,PASS,Declarative statutory citation.,HIGH
22,22.1300(c),P_22_1300_c,"Executive Order 11701, January 24, 1973.",P_22_1300_c: Subpart implements EO 11701,P_22_1300_c,None,Conjunction (Conj): Rule 7,VALIDATED,PASS,PASS,Declarative EO citation.,HIGH
22,22.1300(d),P_22_1300_d,The regulations of the Secretary of Labor (41 CFR parts 60-300 and 61-300).,P_22_1300_d: Subpart implements DOL regulations (41 CFR 60-300 and 61-300),P_22_1300_d,None,Conjunction (Conj): Rule 7,VALIDATED,PASS,PASS,Declarative regulatory citation.,HIGH
22,22.1301,P_22_1301,"Definitions used in subpart 22.13 for active duty wartime or campaign badge veteran, Armed Forces service medal veteran, disabled veteran, protected veteran, qualified disabled veteran, recently separated veteran, and United States.",Parent aggregating all definitions in 22.1301,P_22_1301_a ^ P_22_1301_b ^ P_22_1301_c ^ P_22_1301_d ^ P_22_1301_e ^ P_22_1301_f ^ P_22_1301_g,None,Conjunction (Conj): Rule 7,VALIDATED,PASS,PASS,Parent for definitional section. Definitions are declarative/descriptive.,HIGH
22,22.1301-def-1,P_22_1301_a,Active duty wartime or campaign badge veteran means a veteran who served on active duty in the U.S. military during a war or in a campaign or expedition for which a campaign badge has been authorized under the laws administered by the Department of Defense.,P_22_1301_a: Definition of active duty wartime or campaign badge veteran,Active_Duty_Wartime_Veteran <-> (Served_Active_Duty ^ (War v Campaign_Badge_Authorized)),None,Biconditional (Bicond): Rule 17; Conjunction (Conj): Rule 7; Addition (Add): Rule 8,VALIDATED,PASS,PASS,Definitional biconditional. Service on active duty during war or authorized campaign/expedition.,HIGH
22,22.1301-def-2,P_22_1301_b,"Armed Forces service medal veteran means any veteran who, while serving on active duty, participated in a United States military operation for which an Armed Forces service medal was awarded pursuant to Executive Order 12985.",P_22_1301_b: Definition of Armed Forces service medal veteran,AF_Service_Medal_Veteran <-> (Active_Duty ^ Participated_Military_Op ^ AF_Medal_Awarded_EO12985),None,Biconditional (Bicond): Rule 17; Conjunction (Conj): Rule 7,VALIDATED,PASS,PASS,Definitional biconditional. Three conjunctive elements.,HIGH
22,22.1301-def-3,P_22_1301_c,"Disabled veteran means (1) a veteran entitled to compensation under laws administered by Secretary of Veterans Affairs (or who but for receipt of military retired pay would be entitled), or (2) a person discharged or released from active duty because of a service-connected disability.",P_22_1301_c_1: Veteran entitled to VA compensation (or would be but for retired pay); P_22_1301_c_2: Person discharged due to service-connected disability,Disabled_Veteran <-> (P_22_1301_c_1 v P_22_1301_c_2),None,Biconditional (Bicond): Rule 17; Addition (Add): Rule 8,VALIDATED,PASS,PASS,Definitional biconditional with disjunctive criteria. Either pathway qualifies.,HIGH
22,22.1301-def-4,P_22_1301_d,"Protected veteran means a veteran protected under 38 U.S.C. 4212 non-discrimination and affirmative action provisions; specifically a disabled veteran, recently separated veteran, active duty wartime or campaign badge veteran, or Armed Forces service medal veteran.",P_22_1301_d: Definition of protected veteran as union of four veteran categories,Protected_Veteran <-> (Disabled_Veteran v Recently_Separated v Active_Duty_Wartime v AF_Service_Medal),P_22_1301_a; P_22_1301_b; P_22_1301_c; P_22_1301_f,Biconditional (Bicond): Rule 17; Addition (Add): Rule 8,VALIDATED,PASS,PASS,Definitional biconditional. Four disjunctive categories. References other definitions in same section.,HIGH
22,22.1301-def-5,P_22_1301_e,Qualified disabled veteran means a disabled veteran who has the ability to perform the essential functions of the employment positions with or without reasonable accommodation.,P_22_1301_e: Definition of qualified disabled veteran,Qualified_Disabled_Veteran <-> (Disabled_Veteran ^ Can_Perform_Essential_Functions),P_22_1301_c,Biconditional (Bicond): Rule 17; Conjunction (Conj): Rule 7,VALIDATED,PASS,PASS,Definitional biconditional. Requires disabled veteran status plus ability to perform essential functions (with or without accommodation).,HIGH
22,22.1301-def-6,P_22_1301_f,Recently separated veteran means any veteran during the three-year period beginning on the date of such veteran's discharge or release from active duty.,P_22_1301_f: Definition of recently separated veteran,Recently_Separated_Veteran <-> (Veteran ^ Within_3_Years_Of_Discharge),None,Biconditional (Bicond): Rule 17; Conjunction (Conj): Rule 7,VALIDATED,PASS,PASS,Definitional biconditional. Time-bound classification.,HIGH
22,22.1301-def-7,P_22_1301_g,"United States means the 50 States, the District of Columbia, Puerto Rico, the Northern Mariana Islands, American Samoa, Guam, the U.S. Virgin Islands, and Wake Island.",P_22_1301_g: Definition of United States for this subpart,United_States <-> (50_States v DC v PR v CNMI v AS v Guam v USVI v Wake_Island),None,Biconditional (Bicond): Rule 17; Addition (Add): Rule 8,VALIDATED,PASS,PASS,Definitional biconditional. Enumerative geographic definition.,HIGH
22,22.1302-1,P_22_1302_1,"Presolicitation requirements for contractors and subcontractors under VEVRAA, including employment listing, affirmative action, outreach, hiring benchmarks, and applicability thresholds.",Parent aggregating 22.1302-1(a) and (b),P_22_1302_1_a ^ P_22_1302_1_b,None,Conjunction (Conj): Rule 7,VALIDATED,PASS,PASS,Parent for presolicitation requirements.,HIGH
22,22.1302-1(a),P_22_1302_1_a,"Contractors and subcontractors entering contracts subject to the Act are required to list employment openings (with exceptions), take affirmative action, undertake outreach, and establish hiring benchmarks.",Parent aggregating 22.1302-1(a)(1) and (a)(2),P_22_1302_1_a_1 ^ P_22_1302_1_a_2,None,Conjunction (Conj): Rule 7,VALIDATED,PASS,PASS,Parent for contractor obligation subsections and applicability threshold.,HIGH
22,22.1302-1(a)(1),P_22_1302_1_a_1,"Contractors and subcontractors, when entering into contracts subject to the Act, are required to: (i) list all employment openings with appropriate employment service delivery system (with exceptions for executive/senior management, internal fills, and positions lasting 3 days or less); (ii) take affirmative action to employ and advance qualified individuals without discrimination based on protected veteran status; (iii) undertake appropriate outreach and positive recruitment for protected veterans; (iv) establish and apply annual hiring benchmark for protected veterans per DOL regulations.","P_22_1302_1_a_1_i: List employment openings (except exec/senior mgmt, internal fills, 3-day positions); P_22_1302_1_a_1_ii: Take affirmative action without discrimination; P_22_1302_1_a_1_iii: Undertake outreach and positive recruitment; P_22_1302_1_a_1_iv: Establish annual hiring benchmark per DOL regs",Contract_Subject_To_Act -> (P_22_1302_1_a_1_i ^ P_22_1302_1_a_1_ii ^ P_22_1302_1_a_1_iii ^ P_22_1302_1_a_1_iv),None,Material Implication (Impl): Rule 15 [HIGH-RISK]; Conjunction (Conj): Rule 7,PENDING_REVIEW,PASS,PASS,Conditional: contract subject to Act triggers four conjunctive obligations. Employment listing has three carve-out exceptions modeled within the atomic.,MEDIUM
22,22.1302-1(a)(2),P_22_1302_1_a_2,"The Act applies to all contracts and subcontracts for personal property and nonpersonal services (including construction) of $150,000 or more except: (i) as waived by the Secretary of Labor; or (ii) contracts with State or local governments where the agency/instrumentality/subdivision does not participate in work on the contract.","P_22_1302_1_a_2_a: Act applies to contracts >= $150,000 for personal property/nonpersonal services/construction; P_22_1302_1_a_2_b: Exception for Secretary of Labor waiver; P_22_1302_1_a_2_c: Exception for non-participating state/local government agencies",(Contract_Value >= 150000 ^ Personal_Prop_Or_Services) ^ ~(P_22_1302_1_a_2_b v P_22_1302_1_a_2_c) -> Act_Applies,None,Material Implication (Impl): Rule 15 [HIGH-RISK]; Conjunction (Conj): Rule 7; Negation (Neg): Rule 10; Addition (Add): Rule 8,PENDING_REVIEW,PASS,PASS,Threshold + exceptions. Act applies when value meets threshold AND neither exception applies. Complex antecedent with negated disjunction of exceptions.,MEDIUM
22,22.1302-1(b),P_22_1302_1_b,"The Act requires submission of the annual VETS-4212 report in all cases where the contractor or subcontractor has received an award of $150,000 or more, except for awards to State and local governments and foreign organizations where workers are recruited outside of the United States.","P_22_1302_1_b_a: Award >= $150,000 requires annual VETS-4212 submission; P_22_1302_1_b_b: Exception for state/local governments; P_22_1302_1_b_c: Exception for foreign orgs with workers recruited outside US",(Award >= 150000 ^ ~State_Local_Govt ^ ~Foreign_Org_Outside_US) -> VETS4212_Required,None,Material Implication (Impl): Rule 15 [HIGH-RISK]; Conjunction (Conj): Rule 7; Negation (Neg): Rule 10,PENDING_REVIEW,PASS,PASS,Conditional: $150K threshold with two exceptions modeled as negations in antecedent.,MEDIUM
22,22.1302-2,P_22_1302_2,Solicitation provision and contract clause requirements for equal opportunity for veterans.,Parent aggregating 22.1302-2(a) and (b),P_22_1302_2_a ^ P_22_1302_2_b,None,Conjunction (Conj): Rule 7,VALIDATED,PASS,PASS,Parent for clause insertion subsections.,HIGH
22,22.1302-2(a),P_22_1302_2_a,Requirements for inserting clause 52.222-35 in solicitations and contracts.,Parent aggregating 22.1302-2(a)(1) and (a)(2),P_22_1302_2_a_1 ^ P_22_1302_2_a_2,None,Conjunction (Conj): Rule 7,VALIDATED,PASS,PASS,Parent for 52.222-35 clause insertion rules.,HIGH
22,22.1302-2(a)(1),P_22_1302_2_a_1,"Insert the clause at 52.222-35, Equal Opportunity for Veterans, in solicitations and contracts if the expected value is $150,000 or more, except when: (i) work is performed outside the United States by employees recruited outside the United States; or (ii) the Director, OFCCP of DOL has waived all terms per 22.1302-3(a) or the head of the agency has waived per 22.1302-3(b).","P_22_1302_2_a_1_a: Expected value >= $150,000; P_22_1302_2_a_1_b: Insert 52.222-35; P_22_1302_2_a_1_c: Exception for work outside US with employees recruited outside US; P_22_1302_2_a_1_d: Exception for full waiver by OFCCP Director or agency head",(P_22_1302_2_a_1_a ^ ~P_22_1302_2_a_1_c ^ ~P_22_1302_2_a_1_d) -> P_22_1302_2_a_1_b,P_52_222_35; P_22_1302_3_a; P_22_1302_3_b,Material Implication (Impl): Rule 15 [HIGH-RISK]; Conjunction (Conj): Rule 7; Negation (Neg): Rule 10,PENDING_REVIEW,PASS,PASS,Conditional: value threshold + no exceptions triggers clause insertion. Two negated exceptions in antecedent. Cross-refs to waiver provisions.,MEDIUM
22,22.1302-2(a)(2),P_22_1302_2_a_2,"If the Director, OFCCP of DOL, or the head of the agency waives one or more (but not all) of the terms of the clause, use the basic clause with its Alternate I.",P_22_1302_2_a_2_a: OFCCP Director or agency head waives some but not all terms; P_22_1302_2_a_2_b: Use basic clause with Alternate I,Partial_Waiver -> Use_52_222_35_Alt_I,P_52_222_35; P_22_1302_3,Material Implication (Impl): Rule 15 [HIGH-RISK],PENDING_REVIEW,PASS,PASS,Conditional: partial waiver triggers alternate clause usage.,MEDIUM
22,22.1302-2(b),P_22_1302_2_b,"Insert the clause at 52.222-37, Employment Reports on Veterans, in solicitations and contracts containing the clause at 52.222-35, Equal Opportunity for Veterans.",P_22_1302_2_b: If contract contains 52.222-35 then insert 52.222-37,Contains_52_222_35 -> Insert_52_222_37,P_52_222_35; P_52_222_37,Material Implication (Impl): Rule 15 [HIGH-RISK],PENDING_REVIEW,PASS,PASS,Conditional: presence of 52.222-35 triggers inclusion of 52.222-37. Linked clause requirement.,MEDIUM
22,22.1302-3,P_22_1302_3,Waiver provisions for equal opportunity for veterans requirements.,Parent aggregating 22.1302-3(a) through (d),P_22_1302_3_a ^ P_22_1302_3_b ^ P_22_1302_3_c ^ P_22_1302_3_d,None,Conjunction (Conj): Rule 7,VALIDATED,PASS,PASS,Parent for waiver subsections.,HIGH
22,22.1302-3(a),P_22_1302_3_a,"The Director, OFCCP, DOL, may waive any or all terms of 52.222-35 for individual contracts if in the national interest, or for groups/categories of contracts if in the national interest and impracticable to act individually and waiver will substantially contribute to convenience in administering the Act.",Parent aggregating 22.1302-3(a)(1) and (a)(2),P_22_1302_3_a_1 ^ P_22_1302_3_a_2,P_52_222_35,Conjunction (Conj): Rule 7,VALIDATED,PASS,PASS,Parent for OFCCP Director waiver authority.,HIGH
22,22.1302-3(a)(1),P_22_1302_3_a_1,"The Director, OFCCP, may waive any or all terms of 52.222-35 for any contract if a waiver is in the national interest.",P_22_1302_3_a_1: OFCCP Director may waive 52.222-35 terms for individual contract if national interest,National_Interest -> (Waive_52_222_35 v ~Waive_52_222_35),P_52_222_35,Material Implication (Impl): Rule 15 [HIGH-RISK]; Tautology (Taut): Rule 18,PENDING_REVIEW,PASS,PASS,Permissive: 'may waive' = discretionary authority. National interest is necessary condition but not sufficient. Tautology models discretion.,MEDIUM
22,22.1302-3(a)(2),P_22_1302_3_a_2,"The Director, OFCCP, may waive for groups or categories of contracts if in the national interest and it is impracticable to act on each request individually and the waiver will substantially contribute to convenience in administering the Act.",P_22_1302_3_a_2_a: National interest; P_22_1302_3_a_2_b: Impracticable to act individually; P_22_1302_3_a_2_c: Waiver substantially contributes to admin convenience,(P_22_1302_3_a_2_a ^ P_22_1302_3_a_2_b ^ P_22_1302_3_a_2_c) -> (Group_Waiver v ~Group_Waiver),P_52_222_35,Material Implication (Impl): Rule 15 [HIGH-RISK]; Conjunction (Conj): Rule 7; Tautology (Taut): Rule 18,PENDING_REVIEW,PASS,PASS,Permissive group waiver with three conjunctive conditions. All conditions necessary but discretion retained (tautology).,MEDIUM
22,22.1302-3(b),P_22_1302_3_b,"The head of the agency may waive any requirement in this subpart when determined that the contract is essential to national security and award without compliance is necessary to national security. Upon determination, must notify Deputy Assistant Secretary of Labor in writing within 30 days.",P_22_1302_3_b_a: Contract essential to national security; P_22_1302_3_b_b: Award without compliance necessary to national security; P_22_1302_3_b_c: Agency head may waive any subpart requirement; P_22_1302_3_b_d: Must notify Deputy Asst Sec of Labor in writing within 30 days,(P_22_1302_3_b_a ^ P_22_1302_3_b_b) -> ((P_22_1302_3_b_c v ~P_22_1302_3_b_c) ^ P_22_1302_3_b_d),None,Material Implication (Impl): Rule 15 [HIGH-RISK]; Conjunction (Conj): Rule 7; Tautology (Taut): Rule 18,PENDING_REVIEW,PASS,PASS,Two national security conditions trigger permissive waiver (tautology) plus mandatory notification. Waiver discretionary but notification mandatory upon determination.,MEDIUM
22,22.1302-3(c),P_22_1302_3_c,The contracting officer must submit requests for waivers in accordance with agency procedures.,P_22_1302_3_c: CO must submit waiver requests per agency procedures,Waiver_Request -> Submit_Per_Agency_Procedures,None,Material Implication (Impl): Rule 15 [HIGH-RISK],PENDING_REVIEW,PASS,PASS,Mandatory procedural routing for waiver requests.,MEDIUM
22,22.1302-3(d),P_22_1302_3_d,"The Deputy Assistant Secretary of Labor may withdraw an approved waiver for a specific contract or group of contracts to be awarded when necessary to achieve Act purposes. Withdrawal does not apply to awarded contracts. For sealed bidding, withdrawal does not apply unless made more than 10 calendar days before bid opening.","P_22_1302_3_d_a: Deputy Asst Sec may withdraw approved waiver when necessary for Act purposes; P_22_1302_3_d_b: Withdrawal does not apply to awarded contracts; P_22_1302_3_d_c: For sealed bidding, withdrawal requires more than 10 days before bid opening",(Necessary_For_Act -> (Withdraw v ~Withdraw)) ^ ~Withdraw_Awarded ^ (Sealed_Bid -> (Withdraw -> More_Than_10_Days_Before_Bid_Opening)),None,Material Implication (Impl): Rule 15 [HIGH-RISK]; Tautology (Taut): Rule 18; Negation (Neg): Rule 10; Conjunction (Conj): Rule 7,PENDING_REVIEW,PASS,PASS,"Complex: permissive withdrawal authority (tautology) plus two limitations (awarded contracts excluded, sealed bidding timing). Multiple operators.",LOW
22,22.1303,P_22_1303,Evaluation and award requirements related to VETS-4212 reporting compliance.,Parent aggregating 22.1303(a) and (b),P_22_1303_a ^ P_22_1303_b,None,Conjunction (Conj): Rule 7,VALIDATED,PASS,PASS,Parent for evaluation and award subsections.,HIGH
22,22.1303(a),P_22_1303_a,"Except for contracts for commercial products or commercial services, or contracts that do not exceed the SAT, contracting officers must not obligate or expend funds to enter into a contract for procurement of personal property and nonpersonal services (including construction) with a contractor that has not submitted the required annual VETS-4212 for the preceding fiscal year if the contractor was subject to reporting requirements of 38 U.S.C. 4212(d).",P_22_1303_a_a: Contract is not for commercial products/services; P_22_1303_a_b: Contract exceeds SAT; P_22_1303_a_c: Contractor subject to 38 USC 4212(d) reporting; P_22_1303_a_d: Contractor has not submitted required VETS-4212; P_22_1303_a_e: CO must not obligate/expend funds for contract,(P_22_1303_a_a ^ P_22_1303_a_b ^ P_22_1303_a_c ^ P_22_1303_a_d) -> P_22_1303_a_e,None,Material Implication (Impl): Rule 15 [HIGH-RISK]; Conjunction (Conj): Rule 7,PENDING_REVIEW,PASS,PASS,"Four conjunctive conditions trigger prohibition on fund obligation. Exceptions (commercial, below SAT) modeled as required conditions being true. Complex antecedent.",MEDIUM
22,22.1303(b),P_22_1303_b,"To verify if a proposed contractor is current with VETS-4212 submission, the contracting officer must query the DOL's VETS-4212 Database via the Internet at http://www.dol.gov/vets/vets4212.htm under 'Filing Verification'.",P_22_1303_b: CO must verify VETS-4212 compliance via DOL database,Proposed_Contractor_Verification -> Query_DOL_VETS4212_Database,P_22_1303_a,Material Implication (Impl): Rule 15 [HIGH-RISK],PENDING_REVIEW,PASS,PASS,Mandatory verification step. Procedural requirement linked to (a) prohibition.,MEDIUM
22,22.1304,P_22_1304,"Postaward requirements for equal opportunity for veterans, covering notices, CBA considerations, complaint investigation, and sanctions.",Parent aggregating 22.1304(a) through (d),P_22_1304_a ^ P_22_1304_b ^ P_22_1304_c ^ P_22_1304_d,None,Conjunction (Conj): Rule 7,VALIDATED,PASS,PASS,Parent for postaward subsections.,HIGH
22,22.1304(a),P_22_1304_a,The contracting officer must furnish to the contractor appropriate notices for posting when prescribed by the Deputy Assistant Secretary of Labor.,P_22_1304_a: CO must furnish prescribed posting notices to contractor,DASL_Prescribes_Notices -> CO_Must_Furnish_Notices,None,Material Implication (Impl): Rule 15 [HIGH-RISK],PENDING_REVIEW,PASS,PASS,Conditional: DOL prescription triggers CO furnishing obligation.,MEDIUM
22,22.1304(b),P_22_1304_b,"If performance under 52.222-35 may necessitate revision of a CBA, the CO must advise the affected labor unions that DOL will give them appropriate opportunity to present views. Neither the CO nor any representative may discuss with the contractor or labor representative any aspect of the CBA.","P_22_1304_b_a: If 52.222-35 performance may require CBA revision, CO must advise affected unions of DOL opportunity; P_22_1304_b_b: CO and representatives must not discuss CBA aspects with contractor or labor representatives",(Performance_May_Require_CBA_Revision -> Advise_Unions) ^ ~Discuss_CBA_With_Contractor_Or_Labor_Rep,P_52_222_35,Material Implication (Impl): Rule 15 [HIGH-RISK]; Conjunction (Conj): Rule 7; Negation (Neg): Rule 10,PENDING_REVIEW,PASS,PASS,Dual obligation: conditional union notification plus absolute prohibition on CBA discussions. Prohibition is unconditional.,MEDIUM
22,22.1304(c),P_22_1304_c,"The Director, Office of Federal Contract Compliance Programs, is responsible for investigating complaints.",P_22_1304_c: OFCCP Director responsible for complaint investigation,P_22_1304_c,None,Conjunction (Conj): Rule 7,VALIDATED,PASS,PASS,Declarative assignment of investigative authority. Atomic.,HIGH
22,22.1304(d),P_22_1304_d,"The CO must take necessary action as soon as possible upon notification to implement sanctions imposed by DOL for violations of 52.222-35. Sanctions may include withholding progress payments, termination or suspension of contract, or debarment.",Parent aggregating sanction types 22.1304(d)(1) through (d)(3),DOL_Sanctions_Notification -> Implement_Sanctions; Sanctions = P_22_1304_d_1 v P_22_1304_d_2 v P_22_1304_d_3,P_52_222_35,Material Implication (Impl): Rule 15 [HIGH-RISK]; Addition (Add): Rule 8,PENDING_REVIEW,PASS,PASS,Conditional: DOL notification triggers mandatory action. Sanctions are disjunctive (any combination may apply).,MEDIUM
22,22.1304(d)(1),P_22_1304_d_1,Withholding progress payments.,P_22_1304_d_1: Sanction type - withholding progress payments,P_22_1304_d_1,P_22_1304_d,Conjunction (Conj): Rule 7,VALIDATED,PASS,PASS,Enumerated sanction type. Atomic.,HIGH
22,22.1304(d)(2),P_22_1304_d_2,Termination or suspension of the contract.,P_22_1304_d_2: Sanction type - termination or suspension,P_22_1304_d_2,P_22_1304_d,Conjunction (Conj): Rule 7,VALIDATED,PASS,PASS,Enumerated sanction type. Atomic.,HIGH
22,22.1304(d)(3),P_22_1304_d_3,Debarment of the contractor.,P_22_1304_d_3: Sanction type - debarment,P_22_1304_d_3,P_22_1304_d,Conjunction (Conj): Rule 7,VALIDATED,PASS,PASS,Enumerated sanction type. Atomic.,HIGH
22,22.1400,P_22_1400,"This subpart prescribes policies and procedures for implementing section 503 of the Rehabilitation Act of 1973 (29 U.S.C. 793), Executive Order 11758, and DOL regulations (41 CFR part 60-741).",Parent aggregating 22.1400(a) through (c),P_22_1400_a ^ P_22_1400_b ^ P_22_1400_c,None,Conjunction (Conj): Rule 7,VALIDATED,PASS,PASS,Parent for scope subsections.,HIGH
22,22.1400(a),P_22_1400_a,"This subpart prescribes policies and procedures for implementing section 503 of the Rehabilitation Act of 1973, as amended (29 U.S.C. 793), Executive Order 11758 (January 15, 1974), and DOL regulations (41 CFR part 60-741).","P_22_1400_a: Subpart implements Rehab Act Section 503, EO 11758, and 41 CFR 60-741",P_22_1400_a,None,Conjunction (Conj): Rule 7,VALIDATED,PASS,PASS,Declarative statutory/regulatory citation.,HIGH
22,22.1400(b),P_22_1400_b,"Section 503 of the Act applies to all Government contracts in excess of $15,000 for supplies and services (including construction) except as waived by the Secretary of Labor under 22.1401-3.","P_22_1400_b_a: Government contracts exceeding $15,000 for supplies/services/construction; P_22_1400_b_b: Section 503 applies; P_22_1400_b_c: Exception for Secretary of Labor waiver per 22.1401-3",(P_22_1400_b_a ^ ~P_22_1400_b_c) -> P_22_1400_b_b,P_22_1401_3,Material Implication (Impl): Rule 15 [HIGH-RISK]; Conjunction (Conj): Rule 7; Negation (Neg): Rule 10,PENDING_REVIEW,PASS,PASS,Conditional: $15K threshold with negated waiver exception. Lower threshold than VEVRAA ($150K). Cross-ref to waiver provision.,MEDIUM
22,22.1400(c),P_22_1400_c,"In this subpart, the terms contract and contractor include subcontract and subcontractor.","P_22_1400_c: For subpart 22.14, 'contract' includes 'subcontract' and 'contractor' includes 'subcontractor'",P_22_1400_c,None,Conjunction (Conj): Rule 7,VALIDATED,PASS,PASS,Definitional expansion of terms. Declarative.,HIGH
22,22.1401-1,P_22_1401_1,Requirements for contractors and subcontractors entering contracts subject to the Rehabilitation Act.,Parent aggregating 22.1401-1(a) and (b),P_22_1401_1_a ^ P_22_1401_1_b,None,Conjunction (Conj): Rule 7,VALIDATED,PASS,PASS,Parent for disability requirements subsections.,HIGH
22,22.1401-1(a),P_22_1401_1_a,"Contractors and subcontractors, when entering into contracts and subcontracts subject to the Act, are required to take affirmative action to employ, and advance in employment, qualified individuals with disabilities, and to otherwise treat qualified individuals without discrimination based on their physical or mental disability.",P_22_1401_1_a: Contractors must take affirmative action to employ/advance qualified individuals with disabilities without discrimination based on disability,Contract_Subject_To_Rehab_Act -> Affirmative_Action_Disability,P_22_1400_b,Material Implication (Impl): Rule 15 [HIGH-RISK],PENDING_REVIEW,PASS,PASS,Conditional: contract subject to Act triggers affirmative action and non-discrimination obligation. Mandatory.,MEDIUM
22,22.1401-1(b),P_22_1401_1_b,Contractors and subcontractors are required to undertake appropriate outreach and positive recruitment activities that are reasonably designed to effectively recruit qualified individuals with disabilities.,P_22_1401_1_b: Contractors must undertake outreach and positive recruitment for qualified individuals with disabilities,Contract_Subject_To_Rehab_Act -> Outreach_Recruitment_Disability,P_22_1400_b,Material Implication (Impl): Rule 15 [HIGH-RISK],PENDING_REVIEW,PASS,PASS,Conditional: contract subject to Act triggers outreach/recruitment obligation. 'Reasonably designed' introduces some ambiguity in standard.,MEDIUM
22,22.11,P_22_11,Subpart 22.11 - [Reserved],P_22_11: Subpart 22.11 is reserved,P_22_11,None,Conjunction (Conj): Rule 7,VALIDATED,PASS,PASS,Reserved subpart. No operative requirements.,HIGH
22,22.12,P_22_12,Subpart 22.12 - [Reserved],P_22_12: Subpart 22.12 is reserved,P_22_12,None,Conjunction (Conj): Rule 7,VALIDATED,PASS,PASS,Reserved subpart. No operative requirements.,HIGH
"22","22.1401-1(c)","P_22_1401_1_c","Compare the utilization of individuals with disabilities in their workforces to the utilization goal, as prescribed in the regulations of the Secretary of Labor, on an annual basis.","P_22_1401_1_c_a: Contractors must compare disability utilization to goal; P_22_1401_1_c_b: Goal prescribed by Secretary of Labor; P_22_1401_1_c_c: Comparison is annual","P_22_1401_1_c_a ^ P_22_1401_1_c_b ^ P_22_1401_1_c_c","None","Conjunction (Conj): Rule 7","VALIDATED","PASS","PASS","Annual utilization comparison requirement. All elements mandatory and conjunctive.","HIGH"
"22","22.1401-2","P_22_1401_2","Contract clause requirements for Equal Opportunity for Workers with Disabilities.","P_22_1401_2: Parent for clause prescription","P_22_1401_2_a ^ P_22_1401_2_b","P_22_1401_2_a; P_22_1401_2_b","Conjunction (Conj): Rule 7","VALIDATED","PASS","PASS","Parent combining clause insertion rules and state/local government limitation.","HIGH"
"22","22.1401-2(a)","P_22_1401_2_a","Clause prescription for 52.222-36, Equal Opportunity for Workers with Disabilities.","P_22_1401_2_a: Parent for 52.222-36 clause prescription","P_22_1401_2_a_1 ^ P_22_1401_2_a_2","P_22_1401_2_a_1; P_22_1401_2_a_2","Conjunction (Conj): Rule 7","VALIDATED","PASS","PASS","Parent for base clause insertion and partial waiver alternate.","HIGH"
"22","22.1401-2(a)(1)","P_22_1401_2_a_1","Insert the clause at 52.222-36, Equal Opportunity for Workers with Disabilities, in solicitations and contracts that exceed or are expected to exceed $15,000, except when both performance and recruitment will occur outside the United States, Puerto Rico, the Northern Mariana Islands, American Samoa, Guam, the U.S. Virgin Islands, and Wake Island; or the Director of OFCCP or agency head has waived all the terms of the clause.","P_22_1401_2_a_1_a: Contract exceeds or expected to exceed $15,000; P_22_1401_2_a_1_b: Not both performance and recruitment outside US/territories; P_22_1401_2_a_1_c: Not all terms waived by OFCCP Director or agency head; P_22_1401_2_a_1_d: Insert clause 52.222-36","(P_22_1401_2_a_1_a ^ P_22_1401_2_a_1_b ^ P_22_1401_2_a_1_c) -> P_22_1401_2_a_1_d","P_52_222_36; P_22_1401_3","Material Implication (Impl): Rule 15 [HIGH-RISK]; Conjunction (Conj): Rule 7","PENDING_REVIEW","PASS","PASS","Clause prescription with $15K threshold and two exceptions (geographic and full waiver). All conditions conjunctive in antecedent. HIGH-RISK implication.","MEDIUM"
"22","22.1401-2(a)(2)","P_22_1401_2_a_2","If the Director of OFCCP or agency head waives one or more (but not all) of the terms of the clause in accordance with 22.1401-3(a) or (b), use the basic clause with its Alternate I.","P_22_1401_2_a_2_a: Partial waiver granted (one or more but not all terms); P_22_1401_2_a_2_b: Waiver per 22.1401-3(a) or (b); P_22_1401_2_a_2_c: Use clause with Alternate I","(P_22_1401_2_a_2_a ^ P_22_1401_2_a_2_b) -> P_22_1401_2_a_2_c","P_22_1401_3_a; P_22_1401_3_b; P_52_222_36","Material Implication (Impl): Rule 15 [HIGH-RISK]; Conjunction (Conj): Rule 7","PENDING_REVIEW","PASS","PASS","Partial waiver triggers Alternate I. Distinguishes from full waiver in (a)(1) exception. HIGH-RISK implication.","MEDIUM"
"22","22.1401-2(b)","P_22_1401_2_b","The requirements of the clause at 52.222-36 in any contract with a State or local government (or any agency, instrumentality, or subdivision) must not apply to any agency, instrumentality, or subdivision of that government that does not participate in work on or under the contract.","P_22_1401_2_b_a: Contract is with State or local government entity; P_22_1401_2_b_b: Sub-entity does not participate in contract work; P_22_1401_2_b_c: Clause requirements do not apply to that sub-entity","(P_22_1401_2_b_a ^ P_22_1401_2_b_b) -> ~P_22_1401_2_b_c","P_52_222_36","Material Implication (Impl): Rule 15 [HIGH-RISK]; Negation (Neg): Rule 10","PENDING_REVIEW","PASS","PASS","Limits clause reach to only participating sub-entities of state/local governments. Prevents overreach to non-participating divisions.","MEDIUM"
"22","22.1401-3","P_22_1401_3","Waiver provisions for Equal Opportunity for Workers with Disabilities requirements.","P_22_1401_3: Parent for waiver provisions","P_22_1401_3_a ^ P_22_1401_3_b ^ P_22_1401_3_c ^ P_22_1401_3_d","P_22_1401_3_a; P_22_1401_3_b; P_22_1401_3_c; P_22_1401_3_d","Conjunction (Conj): Rule 7","VALIDATED","PASS","PASS","Parent aggregating OFCCP Director waiver, agency head waiver, submission procedures, and withdrawal provisions.","HIGH"
"22","22.1401-3(a)","P_22_1401_3_a","The Director of OFCCP may waive the application of any or all of the terms of the clause at 52.222-36 for any contract if deemed in the national interest, or for groups or categories of contracts if in the national interest and it is impracticable to act individually and the waiver will substantially contribute to convenience in administering the Act.","P_22_1401_3_a: Parent for OFCCP Director waiver authority","P_22_1401_3_a_1 v P_22_1401_3_a_2","P_22_1401_3_a_1; P_22_1401_3_a_2; P_52_222_36","Addition (Add): Rule 8","VALIDATED","PASS","PASS","Disjunctive: either individual contract waiver or group/category waiver pathway. Both require national interest.","HIGH"
"22","22.1401-3(a)(1)","P_22_1401_3_a_1","The Director of OFCCP may waive for any contract if a waiver is deemed to be in the national interest.","P_22_1401_3_a_1_a: Waiver deemed in national interest; P_22_1401_3_a_1_b: Director may waive for individual contract","P_22_1401_3_a_1_a -> (P_22_1401_3_a_1_b v ~P_22_1401_3_a_1_b)","None","Material Implication (Impl): Rule 15 [HIGH-RISK]; Tautology (Taut): Rule 18","PENDING_REVIEW","PASS","PASS","National interest is necessary condition; waiver itself discretionary (""may""). Tautology for discretion.","MEDIUM"
"22","22.1401-3(a)(2)","P_22_1401_3_a_2","The Director of OFCCP may waive for groups or categories of contracts if a waiver is in the national interest and it is impracticable to act on each request individually and the waiver will substantially contribute to convenience in administering the Act.","P_22_1401_3_a_2_a: Waiver in national interest; P_22_1401_3_a_2_b: Impracticable to act individually; P_22_1401_3_a_2_c: Waiver substantially contributes to administrative convenience; P_22_1401_3_a_2_d: Director may waive for groups/categories","(P_22_1401_3_a_2_a ^ P_22_1401_3_a_2_b ^ P_22_1401_3_a_2_c) -> (P_22_1401_3_a_2_d v ~P_22_1401_3_a_2_d)","None","Material Implication (Impl): Rule 15 [HIGH-RISK]; Conjunction (Conj): Rule 7; Tautology (Taut): Rule 18","PENDING_REVIEW","PASS","PASS","Higher bar than individual waivers: three conjunctive conditions required. Still discretionary. HIGH-RISK implication.","MEDIUM"
"22","22.1401-3(b)","P_22_1401_3_b","The head of an agency may waive any requirement in this subpart when it is determined that the contract is essential to the national security, and that its award without complying with such requirements is necessary to the national security. Upon making such a determination, the head of the agency must notify the Director of OFCCP in writing within 30 days.","P_22_1401_3_b_a: Contract essential to national security; P_22_1401_3_b_b: Award without compliance necessary to national security; P_22_1401_3_b_c: Agency head may waive; P_22_1401_3_b_d: Must notify OFCCP Director in writing within 30 days","(P_22_1401_3_b_a ^ P_22_1401_3_b_b) -> ((P_22_1401_3_b_c v ~P_22_1401_3_b_c) ^ P_22_1401_3_b_d)","None","Material Implication (Impl): Rule 15 [HIGH-RISK]; Conjunction (Conj): Rule 7; Tautology (Taut): Rule 18","PENDING_REVIEW","PASS","PASS","National security waiver with mandatory notification. Waiver discretionary (""may"") but 30-day OFCCP notification is mandatory if waiver granted. Both national security conditions conjunctive.","MEDIUM"
"22","22.1401-3(c)","P_22_1401_3_c","The contracting officer must submit requests for waivers in accordance with agency procedures.","P_22_1401_3_c_a: CO must submit waiver requests per agency procedures","P_22_1401_3_c_a","None","Conjunction (Conj): Rule 7","VALIDATED","PASS","PASS","Mandatory procedural compliance for waiver requests. Simple atomic proposition.","HIGH"
"22","22.1401-3(d)","P_22_1401_3_d","A waiver granted for a particular class of contracts may be withdrawn for any contract within that class whenever considered necessary by the Director of OFCCP to achieve the purposes of the Act. The withdrawal shall not apply to contracts awarded before the withdrawal. The withdrawal shall not apply to solicitations under any means of formal sealed bidding unless it is made more than 10 days before the date set for bid opening.","P_22_1401_3_d_a: Director may withdraw class waiver for individual contracts; P_22_1401_3_d_b: No retroactive application to awarded contracts; P_22_1401_3_d_c: No application to sealed bid solicitations unless >10 days before bid opening","(P_22_1401_3_d_a v ~P_22_1401_3_d_a) ^ P_22_1401_3_d_b ^ P_22_1401_3_d_c","None","Tautology (Taut): Rule 18; Conjunction (Conj): Rule 7","VALIDATED","PASS","PASS","Discretionary withdrawal with mandatory prospective-only application. Two temporal protections are absolute (conjunctive).","HIGH"
"22","22.1402","P_22_1402","Postaward requirements for Equal Opportunity for Workers with Disabilities.","P_22_1402: Parent for postaward provisions","P_22_1402_a ^ P_22_1402_b ^ P_22_1402_c ^ P_22_1402_d","P_22_1402_a; P_22_1402_b; P_22_1402_c; P_22_1402_d","Conjunction (Conj): Rule 7","VALIDATED","PASS","PASS","Parent aggregating notice, CBA, complaints, and sanctions provisions.","HIGH"
"22","22.1402(a)","P_22_1402_a","The contracting officer must furnish to the contractor appropriate notices that state the contractor's obligations and the rights of individuals with disabilities. The contracting officer may obtain these notices from the OFCCP regional office.","P_22_1402_a_a: CO must furnish disability rights/obligations notices to contractor; P_22_1402_a_b: CO may obtain notices from OFCCP regional office","P_22_1402_a_a ^ (P_22_1402_a_b v ~P_22_1402_a_b)","None","Conjunction (Conj): Rule 7; Tautology (Taut): Rule 18","VALIDATED","PASS","PASS","Notice furnishing is mandatory; source of notices is discretionary (may obtain from OFCCP).","HIGH"
"22","22.1402(b)","P_22_1402_b","If performance under the clause at 52.222-36 may necessitate a revision of a collective bargaining agreement, the contracting officer must advise the affected labor unions that the Department of Labor will give them appropriate opportunity to present their views. However, neither the contracting officer nor any representative shall discuss with the contractor or any labor representative any aspect of the collective bargaining agreement.","P_22_1402_b_a: Performance may necessitate CBA revision; P_22_1402_b_b: CO must advise affected unions of DOL opportunity to present views; P_22_1402_b_c: CO/representatives shall not discuss any CBA aspects with contractor or labor reps","P_22_1402_b_a -> (P_22_1402_b_b ^ ~P_22_1402_b_c)","P_52_222_36","Material Implication (Impl): Rule 15 [HIGH-RISK]; Conjunction (Conj): Rule 7; Negation (Neg): Rule 10","PENDING_REVIEW","PASS","PASS","Conditional trigger (potential CBA revision) with mandatory union notification and absolute prohibition on CBA discussions. Note: prohibition on CBA discussions appears absolute regardless of trigger.","MEDIUM"
"22","22.1402(c)","P_22_1402_c","Following agency procedures, the contracting office must forward any complaints received about the administration of section 503 of the Rehabilitation Act to the Director of OFCCP or any OFCCP regional or area office. OFCCP must investigate each complaint and develop a complete case record.","P_22_1402_c: Parent for complaint handling","P_22_1402_c_1 ^ P_22_1402_c_2","P_22_1402_c_1; P_22_1402_c_2","Conjunction (Conj): Rule 7","VALIDATED","PASS","PASS","Parent combining forwarding requirement and OFCCP investigation obligation.","HIGH"
"22","22.1402(c)(1)","P_22_1402_c_1","Following agency procedures, the contracting office must forward any complaints received about the administration of section 503 of the Rehabilitation Act of 1973, as amended (29 U.S.C. 793) to the Director of OFCCP or any OFCCP regional or area office.","P_22_1402_c_1_a: Complaints about Section 503 administration received; P_22_1402_c_1_b: Contracting office must forward per agency procedures; P_22_1402_c_1_c: Forward to OFCCP Director or regional/area office","P_22_1402_c_1_a -> (P_22_1402_c_1_b ^ P_22_1402_c_1_c)","None","Material Implication (Impl): Rule 15 [HIGH-RISK]; Conjunction (Conj): Rule 7","PENDING_REVIEW","PASS","PASS","Mandatory forwarding upon complaint receipt. Disjunctive destination (Director or regional office). HIGH-RISK implication.","MEDIUM"
"22","22.1402(c)(2)","P_22_1402_c_2","The OFCCP must institute investigation of each complaint and must be responsible for developing a complete case record.","P_22_1402_c_2_a: OFCCP must investigate each complaint; P_22_1402_c_2_b: OFCCP must develop complete case record","P_22_1402_c_2_a ^ P_22_1402_c_2_b","None","Conjunction (Conj): Rule 7","VALIDATED","PASS","PASS","Both investigation and case record development mandatory for each complaint.","HIGH"
"22","22.1402(d)","P_22_1402_d","The contracting officer must take necessary action, as soon as possible upon notification, to implement any sanctions imposed by DOL for violations of 52.222-36. Sanctions (per 41 CFR 60-741.66) may include withholding payments, termination or suspension of the contract, or debarment.","P_22_1402_d_a: CO receives notification of DOL sanctions; P_22_1402_d_b: CO must take action as soon as possible; P_22_1402_d_c: Sanctions may include withholding payments; P_22_1402_d_d: Sanctions may include termination/suspension; P_22_1402_d_e: Sanctions may include debarment","P_22_1402_d_a -> P_22_1402_d_b ^ (P_22_1402_d_c v P_22_1402_d_d v P_22_1402_d_e)","P_52_222_36","Material Implication (Impl): Rule 15 [HIGH-RISK]; Conjunction (Conj): Rule 7; Addition (Add): Rule 8","PENDING_REVIEW","PASS","PASS","Mandatory and prompt CO action upon DOL notification. Sanction types are illustrative (may include), not exhaustive. HIGH-RISK implication.","MEDIUM"
"22","22.1501(def:forced_child_labor)","P_22_1501_def_fcl","Forced or indentured child labor means all work or service exacted from any person under age 18 under menace of penalty and not voluntarily offered, or performed by any person under age 18 pursuant to a contract enforceable by process or penalties.","P_22_1501_def_fcl_a: Work/service exacted from person under 18 under menace of penalty, not voluntarily offered; P_22_1501_def_fcl_b: Work/service by person under 18 pursuant to enforceable contract","P_22_1501_def_fcl <-> (P_22_1501_def_fcl_a v P_22_1501_def_fcl_b)","None","Biconditional (Bicond): Rule 17; Addition (Add): Rule 8","VALIDATED","PASS","PASS","Disjunctive definition: either forced labor or indentured labor pathway. Both require person under 18.","HIGH"
"22","22.1501(def:list)","P_22_1501_def_list","List of Products Requiring Contractor Certification as to Forced or Indentured Child Labor means the list published by DOL per EO 13126 identifying products by country of origin that DOL, Treasury, and State have reasonable basis to believe might have been mined, produced, or manufactured by forced or indentured child labor.","P_22_1501_def_list_a: Published by DOL per EO 13126; P_22_1501_def_list_b: Identifies products by country of origin; P_22_1501_def_list_c: Reasonable basis to believe products may involve forced/indentured child labor","P_22_1501_def_list <-> (P_22_1501_def_list_a ^ P_22_1501_def_list_b ^ P_22_1501_def_list_c)","None","Biconditional (Bicond): Rule 17; Conjunction (Conj): Rule 7","VALIDATED","PASS","PASS","Conjunctive definition. Three agencies involved in the reasonable basis determination. ""Might have been"" is lower threshold than certainty.","HIGH"
"22","22.1502","P_22_1502","Presolicitation requirements for prohibition of acquisition of products produced by forced or indentured child labor.","P_22_1502: Parent for presolicitation","P_22_1502_1 ^ P_22_1502_2","P_22_1502_1; P_22_1502_2","Conjunction (Conj): Rule 7","VALIDATED","PASS","PASS","Parent combining policy and clause/provision prescription.","HIGH"
"22","22.1502-1","P_22_1502_1","Agencies must take appropriate action to enforce the laws prohibiting the manufacture or importation of products mined, produced, or manufactured wholly or in part by forced or indentured child labor, consistent with 19 U.S.C. 1307, 29 U.S.C. 201, et seq., and 41 U.S.C. chapter 65. Agencies should make every effort to avoid acquiring such products.","P_22_1502_1_a: Agencies must enforce child labor prohibition laws; P_22_1502_1_b: Consistent with 19 USC 1307, 29 USC 201 et seq., 41 USC ch 65; P_22_1502_1_c: Agencies should make every effort to avoid acquiring such products","P_22_1502_1_a ^ P_22_1502_1_b ^ P_22_1502_1_c","None","Conjunction (Conj): Rule 7","PENDING_REVIEW","PASS","PASS","""Must"" for enforcement, ""should"" for avoidance -- advisory element. PENDING_REVIEW due to ""should"" per validation rules.","MEDIUM"
"22","22.1502-2","P_22_1502_2","Solicitation provision and contract clause requirements for child labor.","P_22_1502_2: Parent for provision/clause prescriptions","P_22_1502_2_a ^ P_22_1502_2_b ^ P_22_1502_2_c","P_22_1502_2_a; P_22_1502_2_b; P_22_1502_2_c","Conjunction (Conj): Rule 7","VALIDATED","PASS","PASS","Parent combining provision insertion, list checking, and trade agreement exceptions.","HIGH"
"22","22.1502-2(a)","P_22_1502_2_a","Provision and clause prescriptions for child labor certification and cooperation.","P_22_1502_2_a: Parent for (a)(1) and (a)(2)","P_22_1502_2_a_1 ^ P_22_1502_2_a_2","P_22_1502_2_a_1; P_22_1502_2_a_2","Conjunction (Conj): Rule 7","VALIDATED","PASS","PASS","Parent combining certification provision and cooperation clause.","HIGH"
"22","22.1502-2(a)(1)","P_22_1502_2_a_1","Except as provided in paragraph (c), insert the provision at 52.222-18, Certification Regarding Knowledge of Child Labor for Listed End Products, in all solicitations that are expected to exceed the micro-purchase threshold and are for the acquisition of end products of a type identified by country of origin on the List. The CO must identify applicable end products and countries in paragraph (b) of 52.222-18. For solicitations >= $50,000, the CO must exclude end products from countries identified in paragraph (c) per specified thresholds.","P_22_1502_2_a_1_a: Solicitation exceeds micro-purchase threshold; P_22_1502_2_a_1_b: Acquisition of end products identified on List by country; P_22_1502_2_a_1_c: Not excepted per (c); P_22_1502_2_a_1_d: Insert provision 52.222-18; P_22_1502_2_a_1_e: CO identifies applicable products/countries in provision; P_22_1502_2_a_1_f: For >= $50K, exclude (c) countries per thresholds","(P_22_1502_2_a_1_a ^ P_22_1502_2_a_1_b ^ P_22_1502_2_a_1_c) -> (P_22_1502_2_a_1_d ^ P_22_1502_2_a_1_e ^ P_22_1502_2_a_1_f)","P_52_222_18; P_22_1502_2_c","Material Implication (Impl): Rule 15 [HIGH-RISK]; Conjunction (Conj): Rule 7","PENDING_REVIEW","PASS","PASS","Complex prescription with micro-purchase threshold trigger, List matching, trade agreement exceptions, and CO identification duties. HIGH-RISK implication.","MEDIUM"
"22","22.1502-2(a)(2)","P_22_1502_2_a_2","Insert the clause at 52.222-19, Child Labor -- Cooperation with Authorities and Remedies, in all solicitations and contracts for the acquisition of supplies that are expected to exceed the micro-purchase threshold.","P_22_1502_2_a_2_a: Solicitation/contract for supplies exceeds micro-purchase threshold; P_22_1502_2_a_2_b: Insert clause 52.222-19","P_22_1502_2_a_2_a -> P_22_1502_2_a_2_b","P_52_222_19","Material Implication (Impl): Rule 15 [HIGH-RISK]","PENDING_REVIEW","PASS","PASS","Broader than (a)(1): applies to all supplies above MPT, not just Listed products. HIGH-RISK implication.","MEDIUM"
"22","22.1502-2(b)","P_22_1502_2_b","When issuing a solicitation for supplies expected to exceed the micro-purchase threshold, the CO must check the List at www.dol.gov/ilab/. Appearance on the List is not a bar to purchase but rather an alert that there is a reasonable basis to believe the product may have been produced by forced or indentured child labor.","P_22_1502_2_b_a: Solicitation for supplies > MPT; P_22_1502_2_b_b: CO must check the List; P_22_1502_2_b_c: List appearance is alert, not bar to purchase","P_22_1502_2_b_a -> (P_22_1502_2_b_b ^ P_22_1502_2_b_c)","P_22_1501_def_list","Material Implication (Impl): Rule 15 [HIGH-RISK]; Conjunction (Conj): Rule 7","PENDING_REVIEW","PASS","PASS","Mandatory List check with important clarification that listing does not prohibit purchase. Alert-based system, not ban.","MEDIUM"
"22","22.1502-2(c)","P_22_1502_2_c","The requirements of this subpart resulting from List appearance do not apply if the identified country of origin is Israel (>= $50,000), Mexico (>= $102,280), or specified trade agreement countries (>= $174,000).","P_22_1502_2_c: Parent for trade agreement exceptions","P_22_1502_2_c_1 v P_22_1502_2_c_2 v P_22_1502_2_c_3","P_22_1502_2_c_1; P_22_1502_2_c_2; P_22_1502_2_c_3; P_25","Addition (Add): Rule 8","VALIDATED","PASS","PASS","Disjunctive exceptions: any one country/threshold combination triggers exemption.","HIGH"
"22","22.1502-2(c)(1)","P_22_1502_2_c_1","Israel, and the anticipated value of the acquisition is $50,000 or more (see part 25 for the Israeli Trade Act).","P_22_1502_2_c_1_a: Country is Israel; P_22_1502_2_c_1_b: Value >= $50,000; P_22_1502_2_c_1_c: Subpart requirements do not apply","(P_22_1502_2_c_1_a ^ P_22_1502_2_c_1_b) -> P_22_1502_2_c_1_c","P_25","Material Implication (Impl): Rule 15 [HIGH-RISK]; Conjunction (Conj): Rule 7","PENDING_REVIEW","PASS","PASS","Israeli Trade Act exception at $50K threshold. HIGH-RISK implication.","MEDIUM"
"22","22.1502-2(c)(2)","P_22_1502_2_c_2","Mexico, and the anticipated value of the acquisition is $102,280 or more (see part 25 for trade agreements).","P_22_1502_2_c_2_a: Country is Mexico; P_22_1502_2_c_2_b: Value >= $102,280; P_22_1502_2_c_2_c: Subpart requirements do not apply","(P_22_1502_2_c_2_a ^ P_22_1502_2_c_2_b) -> P_22_1502_2_c_2_c","P_25","Material Implication (Impl): Rule 15 [HIGH-RISK]; Conjunction (Conj): Rule 7","PENDING_REVIEW","PASS","PASS","USMCA-related threshold. HIGH-RISK implication.","MEDIUM"
"22","22.1502-2(c)(3)","P_22_1502_2_c_3","Armenia, Aruba, Australia, Austria, Belgium, Bulgaria, Canada, Croatia, Cyprus, Czech Republic, Denmark, Estonia, Finland, France, Germany, Greece, Hong Kong, Hungary, Iceland, Ireland, Italy, Japan, Korea, Latvia, Liechtenstein, Lithuania, Luxembourg, Malta, Moldova, Montenegro, Netherlands, New Zealand, North Macedonia, Norway, Poland, Portugal, Romania, Singapore, Slovak Republic, Slovenia, Spain, Sweden, Switzerland, Taiwan, Ukraine, or the United Kingdom and the anticipated value of the acquisition is $174,000 or more.","P_22_1502_2_c_3_a: Country is listed WTO GPA/FTA partner; P_22_1502_2_c_3_b: Value >= $174,000; P_22_1502_2_c_3_c: Subpart requirements do not apply","(P_22_1502_2_c_3_a ^ P_22_1502_2_c_3_b) -> P_22_1502_2_c_3_c","P_25","Material Implication (Impl): Rule 15 [HIGH-RISK]; Conjunction (Conj): Rule 7","PENDING_REVIEW","PASS","PASS","WTO GPA and bilateral FTA partner exception at $174K threshold. Extensive country list. HIGH-RISK implication.","MEDIUM"
"22","22.1503","P_22_1503","Evaluation and award requirements for child labor provisions.","P_22_1503: Parent for evaluation/award","P_22_1503_a ^ P_22_1503_b ^ P_22_1503_c","P_22_1503_a; P_22_1503_b; P_22_1503_c","Conjunction (Conj): Rule 7","VALIDATED","PASS","PASS","Parent combining certification requirements, reliance on certifications, and remedies reservation.","HIGH"
"22","22.1503(a)","P_22_1503_a","Except as provided in (c) of 22.1502-2, before the CO may make an award for a Listed end product the offeror must certify that it will not supply Listed products from identified countries, or that it has made good faith efforts to determine whether forced/indentured child labor was used and is unaware of any such use.","P_22_1503_a: Parent for pre-award certification requirement","P_22_1503_a_1 v P_22_1503_a_2","P_22_1503_a_1; P_22_1503_a_2; P_22_1502_2_c","Addition (Add): Rule 8","VALIDATED","PASS","PASS","Disjunctive certification: offeror may certify under either pathway.","HIGH"
"22","22.1503(a)(1)","P_22_1503_a_1","The offeror certifies it will not supply any end product on the List that was mined, produced, or manufactured in a country identified on the List for that product, as specified in the solicitation.","P_22_1503_a_1_a: Offeror certifies no supply of Listed products from identified countries","P_22_1503_a_1_a","P_22_1501_def_list; P_52_222_18","Conjunction (Conj): Rule 7","VALIDATED","PASS","PASS","Clean certification: absolute commitment not to supply from identified countries.","HIGH"
"22","22.1503(a)(2)","P_22_1503_a_2","The offeror certifies it has made a good faith effort to determine whether forced or indentured child labor was used, and on the basis of those efforts, the offeror is unaware of any such use.","P_22_1503_a_2_a: Good faith effort to determine child labor use; P_22_1503_a_2_b: Unaware of any such use based on those efforts","P_22_1503_a_2_a ^ P_22_1503_a_2_b","None","Conjunction (Conj): Rule 7","VALIDATED","PASS","PASS","Due diligence certification: both effort and unawareness required. Lower bar than (a)(1) absolute commitment.","HIGH"
"22","22.1503(b)","P_22_1503_b","Absent any actual knowledge that the certification is false, the contracting officer must rely on the offerors' certifications in making award decisions.","P_22_1503_b_a: CO has no actual knowledge certification is false; P_22_1503_b_b: CO must rely on offeror certifications for award","P_22_1503_b_a -> P_22_1503_b_b","P_22_1503_a","Material Implication (Impl): Rule 15 [HIGH-RISK]","PENDING_REVIEW","PASS","PASS","Absent-knowledge condition triggers mandatory reliance. ""Actual knowledge"" is high bar -- constructive knowledge insufficient. HIGH-RISK implication.","MEDIUM"
"22","22.1503(c)","P_22_1503_c","Proper certification will not prevent the head of an agency from imposing remedies in accordance with 22.1504 if it is later discovered that the contractor has furnished an end product or component that has in fact been mined, produced, or manufactured, wholly or in part, using forced or indentured child labor.","P_22_1503_c_a: Proper certification was provided; P_22_1503_c_b: Later discovery of actual child labor use; P_22_1503_c_c: Agency head may still impose remedies per 22.1504","(P_22_1503_c_a ^ P_22_1503_c_b) -> P_22_1503_c_c","P_22_1504","Material Implication (Impl): Rule 15 [HIGH-RISK]; Conjunction (Conj): Rule 7","PENDING_REVIEW","PASS","PASS","Certification is not a shield against post-discovery remedies. Preserves government enforcement authority despite prior certification. HIGH-RISK implication.","MEDIUM"
"22","22.1504","P_22_1504","Postaward requirements for child labor violations.","P_22_1504: Parent for postaward enforcement","P_22_1504_a ^ P_22_1504_b ^ P_22_1504_c","P_22_1504_a; P_22_1504_b; P_22_1504_c","Conjunction (Conj): Rule 7","VALIDATED","PASS","PASS","Parent combining investigation referral, violation categories, and remedy types.","HIGH"
"22","22.1504(a)","P_22_1504_a","Whenever a CO has reason to believe that forced or indentured child labor was used to mine, produce, or manufacture an end product furnished pursuant to a contract subject to certification, the CO must refer the matter for investigation by the agency IG, Attorney General, or Secretary of the Treasury per agency procedures, except for products from countries listed in 22.1502-2(c) under contracts exceeding applicable thresholds.","P_22_1504_a_a: CO has reason to believe child labor used; P_22_1504_a_b: End product furnished under certified contract; P_22_1504_a_c: Not excepted per 22.1502-2(c) thresholds; P_22_1504_a_d: CO must refer for investigation to IG/AG/Treasury Secretary per agency procedures","(P_22_1504_a_a ^ P_22_1504_a_b ^ P_22_1504_a_c) -> P_22_1504_a_d","P_22_1502_2_a_1; P_22_1503_a; P_22_1502_2_c","Material Implication (Impl): Rule 15 [HIGH-RISK]; Conjunction (Conj): Rule 7","PENDING_REVIEW","PASS","PASS","Mandatory referral upon reasonable belief. Three possible investigative recipients (disjunctive per agency procedures). Trade agreement exception preserved.","MEDIUM"
"22","22.1504(b)","P_22_1504_b","The Government may impose remedies for the following violations: false certification, failure to cooperate with investigation per 52.222-19, use of forced/indentured child labor in processes, or furnishing products made with such labor. Remedies for (b)(2) and (b)(3) inappropriate unless contractor knew of violation.","P_22_1504_b: Parent for violation categories","P_22_1504_b_1 v P_22_1504_b_2 v P_22_1504_b_3 v P_22_1504_b_4","P_22_1504_b_1; P_22_1504_b_2; P_22_1504_b_3; P_22_1504_b_4; P_52_222_19","Addition (Add): Rule 8","VALIDATED","PASS","PASS","Disjunctive violation categories: any single violation type can trigger remedies.","HIGH"
"22","22.1504(b)(1)","P_22_1504_b_1","The contractor has submitted a false certification regarding knowledge of the use of forced or indentured child labor.","P_22_1504_b_1_a: False certification submitted regarding child labor knowledge","P_22_1504_b_1_a","P_22_1503_a","Conjunction (Conj): Rule 7","VALIDATED","PASS","PASS","False certification violation. No knowledge qualifier -- strict liability for false cert.","HIGH"
"22","22.1504(b)(2)","P_22_1504_b_2","The contractor has failed to cooperate as required in accordance with the clause at 52.222-19 with an investigation of the use of forced or indentured child labor.","P_22_1504_b_2_a: Contractor failed to cooperate with investigation per 52.222-19","P_22_1504_b_2_a","P_52_222_19","Conjunction (Conj): Rule 7","VALIDATED","PASS","PASS","Cooperation failure violation. Note: remedies per source text inappropriate unless contractor knew.","HIGH"
"22","22.1504(b)(3)","P_22_1504_b_3","The contractor uses forced or indentured child labor in its mining, production, or manufacturing processes.","P_22_1504_b_3_a: Contractor uses forced/indentured child labor in its own processes","P_22_1504_b_3_a","P_22_1501_def_fcl","Conjunction (Conj): Rule 7","VALIDATED","PASS","PASS","Direct use violation. Note: remedies per source text inappropriate unless contractor knew.","HIGH"
"22","22.1504(b)(4)","P_22_1504_b_4","The contractor has furnished an end product or component mined, produced, or manufactured, wholly or in part, by forced or indentured child labor. Remedies in paragraphs (b)(2) and (b)(3) are inappropriate unless the contractor knew of the violation.","P_22_1504_b_4_a: Contractor furnished product made with child labor; P_22_1504_b_4_b: Knowledge qualifier for (b)(2)/(b)(3) remedies","P_22_1504_b_4_a ^ P_22_1504_b_4_b","P_22_1501_def_fcl; P_22_1504_b_2; P_22_1504_b_3","Conjunction (Conj): Rule 7","VALIDATED","PASS","PASS","Product-level violation. Importantly, knowledge qualifier applies to (b)(2) and (b)(3) remedies, not to (b)(4) itself.","HIGH"
"22","22.1504(c)","P_22_1504_c","The Government may impose the following remedies: contract termination by CO, suspension by S&D official per subpart 9.4, or debarment for up to 3 years by S&D official per subpart 9.4.","P_22_1504_c: Parent for available remedies","P_22_1504_c_1 v P_22_1504_c_2 v P_22_1504_c_3","P_22_1504_c_1; P_22_1504_c_2; P_22_1504_c_3; P_9_4","Addition (Add): Rule 8","VALIDATED","PASS","PASS","Disjunctive remedies: any one or combination may be imposed.","HIGH"
"22","22.1504(c)(1)","P_22_1504_c_1","The contracting officer may terminate the contract.","P_22_1504_c_1_a: CO may terminate contract","P_22_1504_c_1_a v ~P_22_1504_c_1_a","None","Tautology (Taut): Rule 18","VALIDATED","PASS","PASS","Discretionary remedy. Tautology for ""may.""","HIGH"
"22","22.1504(c)(2)","P_22_1504_c_2","The suspending and debarring official may suspend the contractor in accordance with the procedures in subpart 9.4.","P_22_1504_c_2_a: S&D official may suspend per subpart 9.4","P_22_1504_c_2_a v ~P_22_1504_c_2_a","P_9_4","Tautology (Taut): Rule 18","VALIDATED","PASS","PASS","Discretionary suspension remedy. Must follow subpart 9.4 procedures.","HIGH"
"22","22.1504(c)(3)","P_22_1504_c_3","The suspending and debarring official may debar the contractor for a period not to exceed 3 years in accordance with the procedures in subpart 9.4.","P_22_1504_c_3_a: S&D official may debar for up to 3 years per subpart 9.4","P_22_1504_c_3_a v ~P_22_1504_c_3_a","P_9_4","Tautology (Taut): Rule 18","VALIDATED","PASS","PASS","Discretionary debarment with 3-year cap. Must follow subpart 9.4 procedures.","HIGH"
"22","22.1601(def:US_16)","P_22_1601_def_US_16","United States, as used in this subpart, means the 50 States, the District of Columbia, Puerto Rico, the Commonwealth of the Northern Mariana Islands, American Samoa, Guam, the U.S. Virgin Islands, and Wake Island.","P_22_1601_def_US_16_a: US for Subpart 22.16 includes 50 States, DC, PR, CNMI, American Samoa, Guam, USVI, and Wake Island","P_22_1601_def_US_16 <-> P_22_1601_def_US_16_a","None","Biconditional (Bicond): Rule 17","VALIDATED","PASS","PASS","Subpart-specific US definition. Broader than Subpart 22.17 (which excludes territories except outlying areas) but narrower than Subpart 22.19 (which includes OCS).","HIGH"
"22","22.1602","P_22_1602","Presolicitation requirements for NLRA employee rights notification.","P_22_1602: Parent for presolicitation","P_22_1602_1 ^ P_22_1602_2","P_22_1602_1; P_22_1602_2","Conjunction (Conj): Rule 7","VALIDATED","PASS","PASS","Parent combining policy and clause prescription.","HIGH"
"22","22.1602-1","P_22_1602_1","Policy for NLRA notification requirements under EO 13496.","P_22_1602_1: Parent for policy provisions","P_22_1602_1_a ^ P_22_1602_1_b ^ P_22_1602_1_c ^ P_22_1602_1_d","P_22_1602_1_a; P_22_1602_1_b; P_22_1602_1_c; P_22_1602_1_d","Conjunction (Conj): Rule 7","VALIDATED","PASS","PASS","Parent aggregating EO implementation, notice content, exceptions, and exemption authority.","HIGH"
"22","22.1602-1(a)","P_22_1602_1_a","This subpart prescribes policies and procedures to implement Executive Order 13496, dated January 30, 2009. EO 13496 requires contractors to post a notice informing employees of their rights under Federal labor laws.","P_22_1602_1_a_a: Subpart implements EO 13496; P_22_1602_1_a_b: Contractors must post employee rights notice","P_22_1602_1_a_a ^ P_22_1602_1_a_b","None","Conjunction (Conj): Rule 7","VALIDATED","PASS","PASS","Scope-setting provision establishing EO authority and core posting requirement.","HIGH"
"22","22.1602-1(b)","P_22_1602_1_b","The Secretary has determined that the notice must contain employee rights under the National Labor Relations Act (29 U.S.C. 151 et seq.). The Act encourages collective bargaining, and protects the exercise by employees of their freedom to associate, self-organize, and designate representatives for negotiating terms and conditions of employment.","P_22_1602_1_b_a: Notice must contain NLRA rights per Secretary determination; P_22_1602_1_b_b: NLRA covers collective bargaining, association, self-organization, representative designation","P_22_1602_1_b_a ^ P_22_1602_1_b_b","None","Conjunction (Conj): Rule 7","VALIDATED","PASS","PASS","Secretary-determined notice content. Descriptive of NLRA scope.","HIGH"
"22","22.1602-1(c)","P_22_1602_1_c","The requirements of this subpart do not apply to contracts under the simplified acquisition threshold, subcontracts of $10,000 or less, or contracts/subcontracts for work performed exclusively outside the United States.","P_22_1602_1_c: Parent for exceptions","P_22_1602_1_c_1 v P_22_1602_1_c_2 v P_22_1602_1_c_3","P_22_1602_1_c_1; P_22_1602_1_c_2; P_22_1602_1_c_3","Addition (Add): Rule 8","VALIDATED","PASS","PASS","Disjunctive exceptions: any one triggers non-applicability.","HIGH"
"22","22.1602-1(c)(1)","P_22_1602_1_c_1","Contracts under the simplified acquisition threshold.","P_22_1602_1_c_1_a: Contract under SAT; P_22_1602_1_c_1_b: Subpart does not apply","P_22_1602_1_c_1_a -> ~P_22_1602_1_c_1_b","None","Material Implication (Impl): Rule 15 [HIGH-RISK]; Negation (Neg): Rule 10","PENDING_REVIEW","PASS","PASS","SAT exception. HIGH-RISK implication.","MEDIUM"
"22","22.1602-1(c)(2)","P_22_1602_1_c_2","Subcontracts of $10,000 or less.","P_22_1602_1_c_2_a: Subcontract <= $10,000; P_22_1602_1_c_2_b: Subpart does not apply","P_22_1602_1_c_2_a -> ~P_22_1602_1_c_2_b","None","Material Implication (Impl): Rule 15 [HIGH-RISK]; Negation (Neg): Rule 10","PENDING_REVIEW","PASS","PASS","$10K subcontract threshold. HIGH-RISK implication.","MEDIUM"
"22","22.1602-1(c)(3)","P_22_1602_1_c_3","Contracts or subcontracts for work performed exclusively outside the United States.","P_22_1602_1_c_3_a: Work performed exclusively outside US; P_22_1602_1_c_3_b: Subpart does not apply","P_22_1602_1_c_3_a -> ~P_22_1602_1_c_3_b","P_22_1601_def_US_16","Material Implication (Impl): Rule 15 [HIGH-RISK]; Negation (Neg): Rule 10","PENDING_REVIEW","PASS","PASS","Geographic exception. ""Exclusively"" is key qualifier. HIGH-RISK implication.","MEDIUM"
"22","22.1602-1(d)","P_22_1602_1_d","The Secretary may exempt departments/agencies from requirements if they impair economical/efficient procurement or if special circumstances require exemption in the national interest. Exemptions may cover particular contracts/subcontracts or classes thereof, including the requirement to include clause 52.222-40. Requests per 29 CFR 471.3.","P_22_1602_1_d: Parent for Secretary exemption authority","P_22_1602_1_d_1 ^ P_22_1602_1_d_2","P_22_1602_1_d_1; P_22_1602_1_d_2","Conjunction (Conj): Rule 7","VALIDATED","PASS","PASS","Parent combining exemption authority and request procedures.","HIGH"
"22","22.1602-1(d)(1)","P_22_1602_1_d_1","If the Secretary finds that the requirements of the Executive Order impair the ability of the Government to procure goods and services on an economical and efficient basis or if special circumstances require an exemption in order to serve the national interest, the Secretary may exempt a contracting department or agency, or groups of departments or agencies, from the requirements of any or all of the provisions of this Executive Order with respect to a particular contract or subcontract, or any class of contracts or subcontracts, including the requirement to include the clause at 52.222-40.","P_22_1602_1_d_1_a: Requirements impair economical/efficient procurement; P_22_1602_1_d_1_b: Special circumstances require exemption for national interest; P_22_1602_1_d_1_c: Secretary may exempt departments/agencies; P_22_1602_1_d_1_d: Exemption may cover individual or class of contracts","(P_22_1602_1_d_1_a v P_22_1602_1_d_1_b) -> ((P_22_1602_1_d_1_c v ~P_22_1602_1_d_1_c) ^ P_22_1602_1_d_1_d)","P_52_222_40","Material Implication (Impl): Rule 15 [HIGH-RISK]; Addition (Add): Rule 8; Tautology (Taut): Rule 18; Conjunction (Conj): Rule 7","PENDING_REVIEW","PASS","PASS","Disjunctive trigger (impairment or national interest), discretionary exemption (may). Broad scope covering individual or class exemptions. HIGH-RISK implication.","MEDIUM"
"22","22.1602-1(d)(2)","P_22_1602_1_d_2","Requests for exemptions may be submitted in accordance with Department of Labor regulations at 29 CFR 471.3.","P_22_1602_1_d_2_a: Exemption requests per 29 CFR 471.3","P_22_1602_1_d_2_a","None","Conjunction (Conj): Rule 7","VALIDATED","PASS","PASS","Procedural cross-reference for exemption requests.","HIGH"
"22","22.1602-2","P_22_1602_2","Contract clause requirements for NLRA notification.","P_22_1602_2: Parent for clause prescription","P_22_1602_2_a ^ P_22_1602_2_b","P_22_1602_2_a; P_22_1602_2_b","Conjunction (Conj): Rule 7","VALIDATED","PASS","PASS","Parent combining clause insertion and modification authority.","HIGH"
"22","22.1602-2(a)","P_22_1602_2_a","Insert the clause at 52.222-40, Notification of Employee Rights under the NLRA, in all solicitations and contracts, including commercial products, commercial services, and COTS items, except acquisitions under the SAT (for IDIQs, include only if annual order value expected to exceed SAT), for work performed exclusively outside US, or covered entirely by Secretary exemption.","P_22_1602_2_a_a: All solicitations and contracts including commercial; P_22_1602_2_a_b: Not under SAT (IDIQ: annual order value > SAT); P_22_1602_2_a_c: Not exclusively outside US; P_22_1602_2_a_d: Not fully exempted by Secretary; P_22_1602_2_a_e: Insert clause 52.222-40","(P_22_1602_2_a_a ^ P_22_1602_2_a_b ^ P_22_1602_2_a_c ^ P_22_1602_2_a_d) -> P_22_1602_2_a_e","P_52_222_40; P_22_1602_1_c; P_22_1602_1_d","Material Implication (Impl): Rule 15 [HIGH-RISK]; Conjunction (Conj): Rule 7","PENDING_REVIEW","PASS","PASS","Broad clause prescription covering commercial acquisitions. Three exceptions mirror 22.1602-1(c). IDIQ special rule for SAT threshold. HIGH-RISK implication.","MEDIUM"
"22","22.1602-2(b)","P_22_1602_2_b","A contracting agency may modify the clause at 52.222-40, if necessary, to reflect an exemption granted by the Secretary (see 22.1602-1(d)).","P_22_1602_2_b_a: Secretary exemption granted; P_22_1602_2_b_b: Agency may modify clause to reflect exemption","P_22_1602_2_b_a -> (P_22_1602_2_b_b v ~P_22_1602_2_b_b)","P_22_1602_1_d; P_52_222_40","Material Implication (Impl): Rule 15 [HIGH-RISK]; Tautology (Taut): Rule 18","PENDING_REVIEW","PASS","PASS","Discretionary clause modification upon exemption. Tautology for ""may.""","MEDIUM"
"22","22.1603","P_22_1603","Postaward requirements for NLRA notification.","P_22_1603: Parent for postaward provisions","P_22_1603_a ^ P_22_1603_b ^ P_22_1603_c ^ P_22_1603_d","P_22_1603_a; P_22_1603_b; P_22_1603_c; P_22_1603_d","Conjunction (Conj): Rule 7","VALIDATED","PASS","PASS","Parent aggregating compliance evaluation, cooperation, Secretary actions, and enforcement limitations.","HIGH"
"22","22.1603(a)","P_22_1603_a","The Secretary may conduct compliance evaluations or investigate complaints of any contractor or subcontractor to determine if any of the requirements of 52.222-40 have been violated.","P_22_1603_a_a: Secretary may conduct compliance evaluations; P_22_1603_a_b: Secretary may investigate complaints; P_22_1603_a_c: Purpose is determining 52.222-40 violations","(P_22_1603_a_a v P_22_1603_a_b) ^ P_22_1603_a_c","P_52_222_40","Addition (Add): Rule 8; Conjunction (Conj): Rule 7","VALIDATED","PASS","PASS","Discretionary enforcement authority (may) with disjunctive methods and conjunctive purpose.","HIGH"
"22","22.1603(b)","P_22_1603_b","Contracting departments and agencies must cooperate with the Secretary and provide such information and assistance as the Secretary may require in the performance of the Secretary's functions.","P_22_1603_b_a: Departments/agencies must cooperate with Secretary; P_22_1603_b_b: Must provide required information and assistance","P_22_1603_b_a ^ P_22_1603_b_b","None","Conjunction (Conj): Rule 7","VALIDATED","PASS","PASS","Mandatory interagency cooperation. Scope of cooperation defined by Secretary requirements.","HIGH"
"22","22.1603(c)","P_22_1603_c","If the Secretary determines that there has been a violation, the Secretary may take such actions as set forth in 29 CFR 471.14.","P_22_1603_c_a: Secretary determines violation occurred; P_22_1603_c_b: Secretary may take actions per 29 CFR 471.14","P_22_1603_c_a -> (P_22_1603_c_b v ~P_22_1603_c_b)","None","Material Implication (Impl): Rule 15 [HIGH-RISK]; Tautology (Taut): Rule 18","PENDING_REVIEW","PASS","PASS","Violation determination triggers discretionary enforcement. Specific actions cross-referenced to CFR. HIGH-RISK implication.","MEDIUM"
"22","22.1603(d)","P_22_1603_d","The Secretary may not terminate or suspend a contract or suspend or debar a contractor if the agency head has provided written objections including a statement of reasons and finding that contractor performance is essential to the agency mission, and continues to object. Procedures for enforcement at 29 CFR 471.10 through 471.16.","P_22_1603_d_a: Agency head provides written objections with reasons; P_22_1603_d_b: Finding that performance essential to agency mission; P_22_1603_d_c: Agency head continues to object; P_22_1603_d_d: Secretary may not terminate/suspend contract or suspend/debar contractor","(P_22_1603_d_a ^ P_22_1603_d_b ^ P_22_1603_d_c) -> P_22_1603_d_d","None","Material Implication (Impl): Rule 15 [HIGH-RISK]; Conjunction (Conj): Rule 7","PENDING_REVIEW","PASS","PASS","Agency head override of Secretary enforcement. All three conditions conjunctive. Significant interagency power dynamic -- agency mission trumps labor enforcement when agency head objects. HIGH-RISK implication.","MEDIUM"
"22","22.1700","P_22_1700","This subpart prescribes policy for implementing 22 U.S.C. chapter 78 and Executive Order 13627, Strengthening Protections Against Trafficking in Persons in Federal Contracts, dated September 25, 2012.","P_22_1700_a: Subpart implements 22 USC ch 78; P_22_1700_b: Subpart implements EO 13627","P_22_1700_a ^ P_22_1700_b","None","Conjunction (Conj): Rule 7","VALIDATED","PASS","PASS","Dual authority: statute and executive order. Scope-setting provision.","HIGH"
"22","22.1701","P_22_1701","Applicability of Subpart 22.17.","P_22_1701: Parent for applicability","P_22_1701_a ^ P_22_1701_b","P_22_1701_a; P_22_1701_b","Conjunction (Conj): Rule 7","VALIDATED","PASS","PASS","Parent combining universal applicability and certification threshold.","HIGH"
"22","22.1701(a)","P_22_1701_a","This subpart applies to all acquisitions.","P_22_1701_a_a: Subpart applies to all acquisitions without exception","P_22_1701_a_a","None","Conjunction (Conj): Rule 7","VALIDATED","PASS","PASS","Universal applicability: no dollar threshold, no type exception. One of the broadest FAR applicability statements.","HIGH"
"22","22.1701(b)","P_22_1701_b","The requirement at 22.1703-1(b) for a certification and compliance plan applies only to any portion of a contract or subcontract that is for supplies (other than COTS) to be acquired outside the US, or services to be performed outside the US, and has an estimated value that exceeds $550,000.","P_22_1701_b_a: Contract/subcontract portion for non-COTS supplies outside US or services outside US; P_22_1701_b_b: Estimated value exceeds $550,000; P_22_1701_b_c: Certification/compliance plan requirement per 22.1703-1(b) applies","(P_22_1701_b_a ^ P_22_1701_b_b) -> P_22_1701_b_c","P_22_1703_1_b; P_2_101","Material Implication (Impl): Rule 15 [HIGH-RISK]; Conjunction (Conj): Rule 7","PENDING_REVIEW","PASS","PASS","Narrower applicability for certification requirement vs. universal clause applicability in (a). Both conditions conjunctive. HIGH-RISK implication.","MEDIUM"
"22","22.1702(def:agent)","P_22_1702_def_agent","Agent means any individual, including a director, an officer, an employee, or an independent contractor, authorized to act on behalf of the organization.","P_22_1702_def_agent_a: Individual authorized to act on behalf of organization; P_22_1702_def_agent_b: Includes directors, officers, employees, independent contractors","P_22_1702_def_agent <-> (P_22_1702_def_agent_a ^ P_22_1702_def_agent_b)","None","Biconditional (Bicond): Rule 17; Conjunction (Conj): Rule 7","VALIDATED","PASS","PASS","Broad definitional scope -- includes ICs. Authorization is the key element.","HIGH"
"22","22.1702(def:coercion)","P_22_1702_def_coercion","Coercion means threats of serious harm to or physical restraint against any person; any scheme/plan/pattern intended to cause belief that failure to act would result in serious harm or restraint; or abuse or threatened abuse of the legal process.","P_22_1702_def_coercion_a: Threats of serious harm or physical restraint; P_22_1702_def_coercion_b: Scheme/plan/pattern to cause belief of harm for non-performance; P_22_1702_def_coercion_c: Abuse or threatened abuse of legal process","P_22_1702_def_coercion <-> (P_22_1702_def_coercion_a v P_22_1702_def_coercion_b v P_22_1702_def_coercion_c)","None","Biconditional (Bicond): Rule 17; Addition (Add): Rule 8","VALIDATED","PASS","PASS","Tripartite disjunctive definition: any single pathway constitutes coercion.","HIGH"
"22","22.1702(def:commercial_sex_act)","P_22_1702_def_csa","Commercial sex act means any sex act on account of which anything of value is given to or received by any person.","P_22_1702_def_csa_a: Sex act occurs; P_22_1702_def_csa_b: Anything of value given to or received by any person on account of act","P_22_1702_def_csa <-> (P_22_1702_def_csa_a ^ P_22_1702_def_csa_b)","None","Biconditional (Bicond): Rule 17; Conjunction (Conj): Rule 7","VALIDATED","PASS","PASS","Conjunctive: both the act and the value exchange required. Broad ""anything of value"" standard.","HIGH"
"22","22.1702(def:debt_bondage)","P_22_1702_def_db","Debt bondage means the status or condition arising from a pledge of personal services as security for debt, if the value of services as reasonably assessed is not applied toward debt liquidation or the length/nature of services are not limited and defined.","P_22_1702_def_db_a: Pledge of personal services as debt security; P_22_1702_def_db_b: Value not applied toward debt liquidation; P_22_1702_def_db_c: Length/nature of services not limited and defined","P_22_1702_def_db <-> (P_22_1702_def_db_a ^ (P_22_1702_def_db_b v P_22_1702_def_db_c))","None","Biconditional (Bicond): Rule 17; Conjunction (Conj): Rule 7; Addition (Add): Rule 8","VALIDATED","PASS","PASS","Pledge is required (conjunctive), then either exploitation pathway triggers (disjunctive).","HIGH"
"22","22.1702(def:employee_17)","P_22_1702_def_employee","Employee means an employee of the Contractor directly engaged in the performance of work under the contract who has other than a minimal impact or involvement in contract performance.","P_22_1702_def_employee_a: Employee of contractor; P_22_1702_def_employee_b: Directly engaged in contract work; P_22_1702_def_employee_c: More than minimal impact/involvement","P_22_1702_def_employee <-> (P_22_1702_def_employee_a ^ P_22_1702_def_employee_b ^ P_22_1702_def_employee_c)","None","Biconditional (Bicond): Rule 17; Conjunction (Conj): Rule 7","VALIDATED","PASS","PASS","Three conjunctive conditions. ""Other than minimal"" excludes truly incidental involvement.","HIGH"
"22","22.1702(def:forced_labor)","P_22_1702_def_fl","Forced labor means knowingly providing or obtaining the labor or services of a person by threats of serious harm or physical restraint; by scheme/plan/pattern to cause belief of serious harm; or by abuse or threatened abuse of law or legal process.","P_22_1702_def_fl_a: Knowingly providing/obtaining labor; P_22_1702_def_fl_b: By threats of serious harm/restraint; P_22_1702_def_fl_c: By scheme causing belief of harm; P_22_1702_def_fl_d: By abuse of law/legal process","P_22_1702_def_fl <-> (P_22_1702_def_fl_a ^ (P_22_1702_def_fl_b v P_22_1702_def_fl_c v P_22_1702_def_fl_d))","None","Biconditional (Bicond): Rule 17; Conjunction (Conj): Rule 7; Addition (Add): Rule 8","VALIDATED","PASS","PASS","""Knowingly"" is required element (conjunctive). Method is tripartite disjunctive, mirroring coercion definition structure.","HIGH"
"22","22.1702(def:involuntary_servitude)","P_22_1702_def_is","Involuntary servitude includes a condition of servitude induced by scheme/plan/pattern to cause belief of serious harm or restraint, or by abuse or threatened abuse of the legal process.","P_22_1702_def_is_a: Scheme/plan/pattern causing belief of harm if not continuing; P_22_1702_def_is_b: Abuse or threatened abuse of legal process","P_22_1702_def_is <-> (P_22_1702_def_is_a v P_22_1702_def_is_b)","None","Biconditional (Bicond): Rule 17; Addition (Add): Rule 8","VALIDATED","PASS","PASS","Disjunctive definition. ""Includes"" suggests non-exhaustive but these are the enumerated methods. Narrower than forced labor (no direct threats pathway).","HIGH"
"22","22.1702(def:recruitment_fees)","P_22_1702_def_rf","Recruitment fees means fees of any type, including charges, costs, assessments, or other financial obligations, that are associated with the recruiting process, regardless of time, manner, or location of imposition or collection. Includes extensive enumerated categories in (1) and applies regardless of payment method per (2).","P_22_1702_def_rf_a: Fees of any type associated with recruiting process; P_22_1702_def_rf_b: Regardless of time/manner/location of imposition; P_22_1702_def_rf_c: Includes enumerated categories per (1); P_22_1702_def_rf_d: Applies regardless of payment method per (2)","P_22_1702_def_rf <-> (P_22_1702_def_rf_a ^ P_22_1702_def_rf_b ^ P_22_1702_def_rf_c ^ P_22_1702_def_rf_d)","None","Biconditional (Bicond): Rule 17; Conjunction (Conj): Rule 7","VALIDATED","PASS","PASS","Extremely broad definition. ""Any type"" and ""regardless of"" language eliminates common avoidance strategies. 13 enumerated fee categories in (1) and 5 payment methods in (2) are illustrative, not exhaustive.","HIGH"
"22","22.1702(def:severe_forms)","P_22_1702_def_severe","Severe forms of trafficking in persons means (1) Sex trafficking in which a commercial sex act is induced by force, fraud, or coercion, or in which the person induced to perform such act has not attained 18 years of age; or (2) The recruitment, harboring, transportation, provision, or obtaining of a person for labor or services, through the use of force, fraud, or coercion for the purpose of subjection to involuntary servitude, peonage, debt bondage, or slavery.","P_22_1702_def_severe_a: Sex trafficking induced by force, fraud, or coercion, or involving person under 18; P_22_1702_def_severe_b: Recruitment/harboring/transportation/provision/obtaining of person for labor through force/fraud/coercion for involuntary servitude/peonage/debt bondage/slavery","P_22_1702_def_severe <-> (P_22_1702_def_severe_a v P_22_1702_def_severe_b)","None","Biconditional (Bicond): Rule 17; Addition (Add): Rule 8","VALIDATED","PASS","PASS","Definitional biconditional with disjunctive structure. Either pathway constitutes severe trafficking. Logically sound and regulatory-sensible.","HIGH"
"22","22.1702(def:sex_trafficking)","P_22_1702_def_sex_trafficking","Sex trafficking means the recruitment, harboring, transportation, provision, obtaining, patronizing, or soliciting of a person for the purpose of a commercial sex act.","P_22_1702_def_sex_trafficking_a: Activity is recruitment/harboring/transportation/provision/obtaining/patronizing/soliciting of a person; P_22_1702_def_sex_trafficking_b: Purpose is a commercial sex act","P_22_1702_def_sex_trafficking <-> (P_22_1702_def_sex_trafficking_a ^ P_22_1702_def_sex_trafficking_b)","None","Biconditional (Bicond): Rule 17; Conjunction (Conj): Rule 7","VALIDATED","PASS","PASS","Both elements required: the activity AND the purpose. Conjunctive definition with biconditional frame.","HIGH"
"22","22.1702(def:subcontractor_17)","P_22_1702_def_subcontractor","Subcontractor means any supplier, distributor, vendor, or firm that furnishes supplies or services to or for a prime contractor or another subcontractor.","P_22_1702_def_subcontractor_a: Entity is supplier/distributor/vendor/firm; P_22_1702_def_subcontractor_b: Furnishes supplies or services to/for a prime contractor or another subcontractor","P_22_1702_def_subcontractor <-> (P_22_1702_def_subcontractor_a ^ P_22_1702_def_subcontractor_b)","None","Biconditional (Bicond): Rule 17; Conjunction (Conj): Rule 7","VALIDATED","PASS","PASS","Standard definitional biconditional. Both entity type and activity required.","HIGH"
"22","22.1702(def:US_17)","P_22_1702_def_US_17","United States means the 50 States, the District of Columbia, and outlying areas.","P_22_1702_def_US_17_a: United States as defined for Subpart 22.17 includes 50 States, DC, and outlying areas","P_22_1702_def_US_17 <-> P_22_1702_def_US_17_a","None","Biconditional (Bicond): Rule 17","VALIDATED","PASS","PASS","Simple definitional. Note: narrower definition than some other subparts (compare 22.1901 which includes territories).","HIGH"
"22","22.1703","P_22_1703","Presolicitation requirements for combating trafficking in persons.","P_22_1703: Parent proposition for presolicitation requirements under Subpart 22.17","P_22_1703_1 ^ P_22_1703_2","P_22_1703_1; P_22_1703_2","Conjunction (Conj): Rule 7","VALIDATED","PASS","PASS","Parent aggregating requirements (22.1703-1) and clause prescriptions (22.1703-2).","HIGH"
"22","22.1703-1","P_22_1703_1","Requirements for Government solicitations and contracts regarding combating trafficking in persons, including prohibitions and compliance plan requirements.","P_22_1703_1: Parent for trafficking presolicitation requirements","P_22_1703_1_a ^ P_22_1703_1_b","P_22_1703_1_a; P_22_1703_1_b","Conjunction (Conj): Rule 7","VALIDATED","PASS","PASS","Parent combining general prohibitions (a) and certification/compliance plan requirements (b).","HIGH"
"22","22.1703-1(a)","P_22_1703_1_a","The United States Government has adopted a policy prohibiting trafficking in persons. Government solicitations and contracts must prohibit trafficking activities, require notifications, require disclosures and cooperation, and provide remedies.","P_22_1703_1_a: Parent for general trafficking prohibition requirements","P_22_1703_1_a_1 ^ P_22_1703_1_a_2 ^ P_22_1703_1_a_3 ^ P_22_1703_1_a_4","P_22_1703_1_a_1; P_22_1703_1_a_2; P_22_1703_1_a_3; P_22_1703_1_a_4; P_52_222_50","Conjunction (Conj): Rule 7","VALIDATED","PASS","PASS","All four requirements mandatory for government solicitations and contracts.","HIGH"
"22","22.1703-1(a)(1)","P_22_1703_1_a_1","Government solicitations and contracts must prohibit contractors, contractor employees, subcontractors, subcontractor employees, and their agents from the trafficking-related activities listed in paragraph (b) of the clause at 52.222-50, Combating Trafficking in Persons.","P_22_1703_1_a_1_a: Solicitations and contracts must contain prohibition; P_22_1703_1_a_1_b: Prohibition covers contractors/employees/subcontractors/agents; P_22_1703_1_a_1_c: Prohibited activities are those listed in 52.222-50(b)","P_22_1703_1_a_1_a ^ P_22_1703_1_a_1_b ^ P_22_1703_1_a_1_c","P_52_222_50_b","Conjunction (Conj): Rule 7","VALIDATED","PASS","PASS","Mandatory prohibition. Cross-references 52.222-50(b) for the specific prohibited activities.","HIGH"
"22","22.1703-1(a)(2)","P_22_1703_1_a_2","Government solicitations and contracts must require contractors and subcontractors to notify employees of the prohibited activities referenced in paragraph (a)(1) and the actions that may be taken against them for violations.","P_22_1703_1_a_2_a: Contractors/subcontractors must notify employees of prohibited activities; P_22_1703_1_a_2_b: Notification must include potential actions for violations","P_22_1703_1_a_2_a ^ P_22_1703_1_a_2_b","P_22_1703_1_a_1","Conjunction (Conj): Rule 7","VALIDATED","PASS","PASS","Notification requirement depends on the prohibitions in (a)(1).","HIGH"
"22","22.1703-1(a)(3)","P_22_1703_1_a_3","Government solicitations and contracts must require the contractor and subcontractors to disclose violations, provide documents, and cooperate with audits and investigations.","P_22_1703_1_a_3: Parent for disclosure/cooperation requirements","P_22_1703_1_a_3_i ^ P_22_1703_1_a_3_ii ^ P_22_1703_1_a_3_iii","P_22_1703_1_a_3_i; P_22_1703_1_a_3_ii; P_22_1703_1_a_3_iii","Conjunction (Conj): Rule 7","VALIDATED","PASS","PASS","All three sub-requirements are mandatory.","HIGH"
"22","22.1703-1(a)(3)(i)","P_22_1703_1_a_3_i","Require the contractor and subcontractors to disclose to the contracting officer and the agency Inspector General information sufficient to identify the nature and extent of an offense and the individuals responsible for the conduct.","P_22_1703_1_a_3_i_a: Disclosure to CO and agency IG required; P_22_1703_1_a_3_i_b: Information must be sufficient to identify nature/extent of offense and responsible individuals","P_22_1703_1_a_3_i_a ^ P_22_1703_1_a_3_i_b","None","Conjunction (Conj): Rule 7","VALIDATED","PASS","PASS","Mandatory disclosure with specificity requirements.","HIGH"
"22","22.1703-1(a)(3)(ii)","P_22_1703_1_a_3_ii","Require the contractor and subcontractors to provide timely and complete responses to Government auditors' and investigators' requests for documents.","P_22_1703_1_a_3_ii_a: Responses to auditors/investigators must be timely; P_22_1703_1_a_3_ii_b: Responses must be complete","P_22_1703_1_a_3_ii_a ^ P_22_1703_1_a_3_ii_b","None","Conjunction (Conj): Rule 7","VALIDATED","PASS","PASS","Both timeliness and completeness are required for document responses.","HIGH"
"22","22.1703-1(a)(3)(iii)","P_22_1703_1_a_3_iii","Require the contractor and subcontractors to cooperate fully in providing reasonable access to their facilities and staff (both inside and outside the U.S.) to allow contracting agencies and other responsible Federal agencies to conduct audits, investigations, or other actions to ascertain compliance with the Trafficking Victims Protection Act (22 U.S.C. chapter 78), Executive Order 13627, or any other applicable law or regulation.","P_22_1703_1_a_3_iii_a: Full cooperation required; P_22_1703_1_a_3_iii_b: Reasonable access to facilities and staff inside and outside US; P_22_1703_1_a_3_iii_c: Purpose is compliance ascertainment under TVPA, EO 13627, or other applicable law","P_22_1703_1_a_3_iii_a ^ P_22_1703_1_a_3_iii_b ^ P_22_1703_1_a_3_iii_c","None","Conjunction (Conj): Rule 7","VALIDATED","PASS","PASS","Comprehensive cooperation requirement extending to overseas facilities.","HIGH"
"22","22.1703-1(a)(4)","P_22_1703_1_a_4","Government solicitations and contracts must provide suitable remedies, including termination, to be imposed on contractors that fail to comply with the requirements of paragraphs (a)(1) through (3) and (b).","P_22_1703_1_a_4_a: Suitable remedies must be provided; P_22_1703_1_a_4_b: Remedies include termination; P_22_1703_1_a_4_c: Remedies apply to noncompliant contractors","(~(P_22_1703_1_a_1 ^ P_22_1703_1_a_2 ^ P_22_1703_1_a_3 ^ P_22_1703_1_b)) -> P_22_1703_1_a_4_a","P_22_1703_1_a_1; P_22_1703_1_a_2; P_22_1703_1_a_3; P_22_1703_1_b","Material Implication (Impl): Rule 15 [HIGH-RISK]; Negation (Neg): Rule 10","PENDING_REVIEW","PASS","PASS","Noncompliance triggers remedy provision. Uses HIGH-RISK implication. Termination explicitly included but not exclusively required -- ""including"" signals non-exhaustive list.","MEDIUM"
"22","22.1703-1(b)","P_22_1703_1_b","With regard to certification and a compliance plan, Government solicitations and contracts must meet requirements for pre-award certification, annual certifications, subcontractor certifications, subcontractor annual certifications, and plan proportionality.","P_22_1703_1_b: Parent for certification and compliance plan requirements","P_22_1703_1_b_1 ^ P_22_1703_1_b_2 ^ P_22_1703_1_b_3 ^ P_22_1703_1_b_4 ^ P_22_1703_1_b_5","P_22_1703_1_b_1; P_22_1703_1_b_2; P_22_1703_1_b_3; P_22_1703_1_b_4; P_22_1703_1_b_5","Conjunction (Conj): Rule 7","VALIDATED","PASS","PASS","All five certification/compliance sub-requirements are mandatory.","HIGH"
"22","22.1703-1(b)(1)","P_22_1703_1_b_1","Require the apparent successful offeror to provide, before contract award, a certification (see 52.222-56) that the offeror has a compliance plan if any portion of the contract or subcontract is for supplies (other than COTS) acquired outside the US or services performed outside the US, and the estimated value exceeds $550,000.","P_22_1703_1_b_1_a: Portion of contract/subcontract is for non-COTS supplies acquired outside US or services performed outside US; P_22_1703_1_b_1_b: Estimated value exceeds $550,000; P_22_1703_1_b_1_c: Pre-award certification required per 52.222-56","(P_22_1703_1_b_1_a ^ P_22_1703_1_b_1_b) -> P_22_1703_1_b_1_c","P_52_222_56; P_2_101","Material Implication (Impl): Rule 15 [HIGH-RISK]; Conjunction (Conj): Rule 7","PENDING_REVIEW","PASS","PASS","Conditional trigger: both non-COTS outside US AND >$550K threshold must be met. HIGH-RISK implication used. Cross-references 52.222-56 and COTS definition at 2.101.","MEDIUM"
"22","22.1703-1(b)(1)(ii)","P_22_1703_1_b_1_ii","The certification must state that the offeror has implemented the plan and procedures to prevent prohibited activities and to monitor/detect/terminate, and that after due diligence either no agents/subcontractors have engaged in prohibited activities, or appropriate remedial and referral actions have been taken.","P_22_1703_1_b_1_ii_A: Plan implemented with prevention/monitoring/detection/termination procedures; P_22_1703_1_b_1_ii_B1: No engagement in prohibited activities after due diligence; P_22_1703_1_b_1_ii_B2: If abuses found, appropriate remedial and referral actions taken","P_22_1703_1_b_1_ii_A ^ (P_22_1703_1_b_1_ii_B1 v P_22_1703_1_b_1_ii_B2)","P_52_222_50_b","Conjunction (Conj): Rule 7; Addition (Add): Rule 8","VALIDATED","PASS","PASS","Plan implementation is mandatory (conjunctive), while due diligence outcome is disjunctive -- either clean or remediated.","HIGH"
"22","22.1703-1(b)(2)","P_22_1703_1_b_2","Require annual certifications (see 52.222-50(h)(5)) during performance of the contract, when a compliance plan was required at award.","P_22_1703_1_b_2_a: Compliance plan was required at award; P_22_1703_1_b_2_b: Annual certifications required during performance","P_22_1703_1_b_2_a -> P_22_1703_1_b_2_b","P_52_222_50_h_5","Material Implication (Impl): Rule 15 [HIGH-RISK]","PENDING_REVIEW","PASS","PASS","Conditional: annual certs only when compliance plan was required at award. HIGH-RISK implication.","MEDIUM"
"22","22.1703-1(b)(3)","P_22_1703_1_b_3","Require the contractor to obtain a certification from each subcontractor, prior to subcontract award, if any portion of the subcontract is for non-COTS supplies acquired outside US or services performed outside US, and the estimated value exceeds $550,000. Certification must state subcontractor has implemented compliance plan and either no prohibited activities found or remedial actions taken.","P_22_1703_1_b_3_a: Subcontract portion for non-COTS outside US; P_22_1703_1_b_3_b: Estimated value exceeds $550,000; P_22_1703_1_b_3_c: Pre-award subcontractor certification required; P_22_1703_1_b_3_d: Certification states compliance plan implemented and due diligence results","(P_22_1703_1_b_3_a ^ P_22_1703_1_b_3_b) -> (P_22_1703_1_b_3_c ^ P_22_1703_1_b_3_d)","P_2_101; P_52_222_50_b","Material Implication (Impl): Rule 15 [HIGH-RISK]; Conjunction (Conj): Rule 7","PENDING_REVIEW","PASS","PASS","Mirrors prime contractor certification threshold and content requirements at subcontractor level. Same $550K/non-COTS/outside-US trigger.","MEDIUM"
"22","22.1703-1(b)(4)","P_22_1703_1_b_4","Require the contractor to obtain annual certifications from subcontractors during performance of the contract, when a compliance plan was required at the time of subcontract award.","P_22_1703_1_b_4_a: Compliance plan required at subcontract award; P_22_1703_1_b_4_b: Annual subcontractor certifications required during performance","P_22_1703_1_b_4_a -> P_22_1703_1_b_4_b","None","Material Implication (Impl): Rule 15 [HIGH-RISK]","PENDING_REVIEW","PASS","PASS","Parallels (b)(2) annual cert requirement at subcontractor level.","MEDIUM"
"22","22.1703-1(b)(5)","P_22_1703_1_b_5","Require that any compliance plan or procedures must be appropriate to the size and complexity of the contract and the nature and scope of its activities, including the number of non-U.S. citizens expected to be employed and the risk that the contract or subcontract will involve services or supplies susceptible to trafficking in persons. The minimum elements of the plan are specified at 52.222-50(h).","P_22_1703_1_b_5_a: Plan must be appropriate to contract size/complexity; P_22_1703_1_b_5_b: Plan must be appropriate to nature/scope of activities; P_22_1703_1_b_5_c: Considerations include number of non-US citizens and trafficking susceptibility risk; P_22_1703_1_b_5_d: Minimum elements per 52.222-50(h)","P_22_1703_1_b_5_a ^ P_22_1703_1_b_5_b ^ P_22_1703_1_b_5_c ^ P_22_1703_1_b_5_d","P_52_222_50_h","Conjunction (Conj): Rule 7","VALIDATED","PASS","PASS","Proportionality requirement -- plan scales to contract characteristics. All elements conjunctive.","HIGH"
"22","22.1703-2","P_22_1703_2","Solicitation provisions and contract clauses for combating trafficking in persons.","P_22_1703_2: Parent for clause prescription requirements","P_22_1703_2_a ^ P_22_1703_2_b","P_22_1703_2_a; P_22_1703_2_b","Conjunction (Conj): Rule 7","VALIDATED","PASS","PASS","Parent aggregating clause (a) and provision (b) prescriptions.","HIGH"
"22","22.1703-2(a)","P_22_1703_2_a","Clause prescriptions for 52.222-50, Combating Trafficking in Persons.","P_22_1703_2_a: Parent for 52.222-50 clause prescription","P_22_1703_2_a_1 ^ P_22_1703_2_a_2","P_22_1703_2_a_1; P_22_1703_2_a_2","Conjunction (Conj): Rule 7","VALIDATED","PASS","PASS","Parent for base clause and alternate usage.","HIGH"
"22","22.1703-2(a)(1)","P_22_1703_2_a_1","Insert the clause at 52.222-50, Combating Trafficking in Persons, in all solicitations and contracts.","P_22_1703_2_a_1_a: Clause 52.222-50 required in all solicitations and contracts","P_22_1703_2_a_1_a","P_52_222_50","Conjunction (Conj): Rule 7","VALIDATED","PASS","PASS","Universal applicability -- no threshold or exception. All solicitations and contracts.","HIGH"
"22","22.1703-2(a)(2)","P_22_1703_2_a_2","Use the clause with its Alternate I when the contract will be performed outside the United States and the contracting officer has been notified of specific U.S. directives or notices regarding combating trafficking in persons that apply to contractor employees at the contract place of performance.","P_22_1703_2_a_2_a: Contract performed outside US; P_22_1703_2_a_2_b: CO notified of specific US directives/notices re trafficking; P_22_1703_2_a_2_c: Use Alternate I of 52.222-50","(P_22_1703_2_a_2_a ^ P_22_1703_2_a_2_b) -> P_22_1703_2_a_2_c","P_52_222_50","Material Implication (Impl): Rule 15 [HIGH-RISK]; Conjunction (Conj): Rule 7","PENDING_REVIEW","PASS","PASS","Both conditions must be met: outside-US performance AND CO notification of specific directives. HIGH-RISK implication.","MEDIUM"
"22","22.1703-2(b)","P_22_1703_2_b","Insert the provision at 52.222-56, Certification Regarding Trafficking in Persons Compliance Plan, in solicitations if it is possible that at least $550,000 of the value of the contract may be performed outside the United States and the acquisition is not entirely for commercially available off-the-shelf items.","P_22_1703_2_b_1: Possible that >= $550K performed outside US; P_22_1703_2_b_2: Acquisition not entirely for COTS items; P_22_1703_2_b_3: Insert provision 52.222-56","(P_22_1703_2_b_1 ^ P_22_1703_2_b_2) -> P_22_1703_2_b_3","P_52_222_56","Material Implication (Impl): Rule 15 [HIGH-RISK]; Conjunction (Conj): Rule 7","PENDING_REVIEW","PASS","PASS","Dual condition trigger for provision insertion. Note ""possible"" language -- lower threshold than certainty. HIGH-RISK implication.","MEDIUM"
"22","22.1704","P_22_1704","Postaward requirements for combating trafficking in persons.","P_22_1704: Parent for postaward trafficking requirements","P_22_1704_a ^ P_22_1704_b ^ P_22_1704_c ^ P_22_1704_d","P_22_1704_a; P_22_1704_b; P_22_1704_c; P_22_1704_d","Conjunction (Conj): Rule 7","VALIDATED","PASS","PASS","Parent aggregating violations definition, credible information response, IG report handling, and remedies.","HIGH"
"22","22.1704(a)","P_22_1704_a","It is a violation of the Trafficking Victims Protection Act of 2000, as amended, (22 U.S.C. chapter 78), E.O. 13627, or the policies of this subpart if the contractor, contractor employee, subcontractor, subcontractor employee, or agent fails to comply with the requirements of the clause at 52.222-50, Combating Trafficking in Persons.","P_22_1704_a_a: Entity is contractor/employee/subcontractor/employee/agent; P_22_1704_a_b: Entity fails to comply with 52.222-50; P_22_1704_a_c: Failure constitutes violation of TVPA/EO 13627/subpart policies","(P_22_1704_a_a ^ P_22_1704_a_b) -> P_22_1704_a_c","P_52_222_50","Material Implication (Impl): Rule 15 [HIGH-RISK]; Conjunction (Conj): Rule 7","PENDING_REVIEW","PASS","PASS","Establishes that noncompliance by covered entities equals a statutory/executive order violation. HIGH-RISK implication.","MEDIUM"
"22","22.1704(b)","P_22_1704_b","Upon receipt of credible information regarding a violation listed in paragraph (a), the contracting officer must promptly notify the agency Inspector General, the agency debarring and suspending official, and if appropriate, law enforcement officials; and may direct the contractor to take specific steps to abate the alleged violation or enforce the requirements of its compliance plan.","P_22_1704_b_a: CO receives credible information of violation per (a); P_22_1704_b_b: CO must promptly notify agency IG; P_22_1704_b_c: CO must notify debarring/suspending official; P_22_1704_b_d: CO must notify law enforcement if appropriate; P_22_1704_b_e: CO may direct contractor to abate violation or enforce compliance plan","P_22_1704_b_a -> (P_22_1704_b_b ^ P_22_1704_b_c ^ P_22_1704_b_d ^ (P_22_1704_b_e v ~P_22_1704_b_e))","P_22_1704_a","Material Implication (Impl): Rule 15 [HIGH-RISK]; Conjunction (Conj): Rule 7; Tautology (Taut): Rule 18","PENDING_REVIEW","PASS","PASS","Mandatory notifications (must) plus discretionary direction (may). Law enforcement notification qualified by ""if appropriate."" Tautology used for may/discretion.","MEDIUM"
"22","22.1704(c)","P_22_1704_c","Receipt of agency Inspector General report: the head of executive agency must ensure CO receives copy of IG report. Upon receipt of report supporting allegations, head must refer to suspending/debarring official and delegate authority for administrative proceeding.","P_22_1704_c: Parent for IG report handling","P_22_1704_c_1 ^ P_22_1704_c_2","P_22_1704_c_1; P_22_1704_c_2","Conjunction (Conj): Rule 7","VALIDATED","PASS","PASS","Parent combining CO notification requirement and substantiation process.","HIGH"
"22","22.1704(c)(1)","P_22_1704_c_1","The head of an executive agency must ensure that the contracting officer is provided a copy of the agency Inspector General report of an investigation of a violation of the trafficking in persons prohibitions in 52.222-50(b).","P_22_1704_c_1_a: IG report exists for trafficking violation investigation; P_22_1704_c_1_b: Agency head must ensure CO receives copy","P_22_1704_c_1_a -> P_22_1704_c_1_b","P_52_222_50_b","Material Implication (Impl): Rule 15 [HIGH-RISK]","PENDING_REVIEW","PASS","PASS","Mandatory notification chain from IG through agency head to CO. HIGH-RISK implication.","MEDIUM"
"22","22.1704(c)(2)","P_22_1704_c_2","Upon receipt of a report from the agency Inspector General that provides support for the allegations, the head of the executive agency must refer the matter to the agency suspending and debarring official and delegate to an authorized official the responsibility to expeditiously conduct an administrative proceeding, make a final determination, and notify the CO.","P_22_1704_c_2_a: IG report supports allegations; P_22_1704_c_2_b: Agency head must refer to S&D official; P_22_1704_c_2_c: Agency head must delegate administrative proceeding authority; P_22_1704_c_2_d: Proceeding must allow contractor opportunity to respond; P_22_1704_c_2_e: Final determination required; P_22_1704_c_2_f: CO must be notified of determination","P_22_1704_c_2_a -> (P_22_1704_c_2_b ^ P_22_1704_c_2_c ^ P_22_1704_c_2_d ^ P_22_1704_c_2_e ^ P_22_1704_c_2_f)","None","Material Implication (Impl): Rule 15 [HIGH-RISK]; Conjunction (Conj): Rule 7","PENDING_REVIEW","PASS","PASS","Complex mandatory chain triggered by IG report supporting allegations. All subsequent actions are conjunctive (all required). Due process element in allowing contractor response.","MEDIUM"
"22","22.1704(c)(2)(ii)","P_22_1704_c_2_ii","The suspending and debarring official has the authority, at any time before or after the final determination, to use the suspension and debarment procedures in subpart 9.4 to suspend, propose for debarment, or debar the contractor, if appropriate, also considering the factors in paragraph (d)(2).","P_22_1704_c_2_ii_a: S&D official has authority at any time; P_22_1704_c_2_ii_b: May use subpart 9.4 procedures; P_22_1704_c_2_ii_c: Actions include suspend/propose debarment/debar; P_22_1704_c_2_ii_d: Must consider factors in (d)(2)","P_22_1704_c_2_ii_a ^ P_22_1704_c_2_ii_b ^ (P_22_1704_c_2_ii_c v ~P_22_1704_c_2_ii_c) ^ P_22_1704_c_2_ii_d","P_9_4; P_22_1704_d_2","Conjunction (Conj): Rule 7; Tautology (Taut): Rule 18","PENDING_REVIEW","PASS","PASS","Discretionary authority (""if appropriate"") modeled as tautology. Cross-references subpart 9.4 and (d)(2) factors. Timing is unrestricted (before or after final determination).","MEDIUM"
"22","22.1704(d)","P_22_1704_d","After a final determination that the allegations of a trafficking in persons violation are substantiated, the contracting officer must enter the violation in FAPIIS and consider taking any of the remedies specified in 52.222-50(e).","P_22_1704_d: Parent for remedies after substantiated violation","P_22_1704_d_1 ^ P_22_1704_d_2","P_22_1704_d_1; P_22_1704_d_2","Conjunction (Conj): Rule 7","VALIDATED","PASS","PASS","Parent combining FAPIIS entry requirement and remedies consideration.","HIGH"
"22","22.1704(d)(1)","P_22_1704_d_1","Enter the violation in FAPIIS (see part 42).","P_22_1704_d_1_a: Substantiated violation exists; P_22_1704_d_1_b: CO must enter violation in FAPIIS","P_22_1704_d_1_a -> P_22_1704_d_1_b","P_42","Material Implication (Impl): Rule 15 [HIGH-RISK]","PENDING_REVIEW","PASS","PASS","Mandatory FAPIIS entry upon substantiation. Cross-references Part 42.","MEDIUM"
"22","22.1704(d)(2)","P_22_1704_d_2","Consider taking any of the remedies specified in paragraph (e) of the clause at 52.222-50, Combating Trafficking in Persons. These remedies are in addition to any other remedies available to the United States Government.","P_22_1704_d_2_a: CO must consider remedies in 52.222-50(e); P_22_1704_d_2_b: Remedies are in addition to other available Government remedies","P_22_1704_d_2_a ^ P_22_1704_d_2_b","P_52_222_50_e","Conjunction (Conj): Rule 7","VALIDATED","PASS","PASS","""Consider"" is mandatory (must consider) but actual remedy selection is discretionary. Non-exclusive remedies.","HIGH"
"22","22.1801(def:COTS)","P_22_1801_def_COTS","Commercially available off-the-shelf (COTS) item means any item of supply that is a commercial product (as defined in paragraph (1) of the definition at 2.101), sold in substantial quantities in the commercial marketplace, and offered to the Government without modification in the same form sold commercially. Does not include bulk cargo.","P_22_1801_def_COTS_a: Item is commercial product per 2.101(1); P_22_1801_def_COTS_b: Sold in substantial quantities commercially; P_22_1801_def_COTS_c: Offered to Government without modification; P_22_1801_def_COTS_d: Not bulk cargo per 46 USC 40102(4)","P_22_1801_def_COTS <-> (P_22_1801_def_COTS_a ^ P_22_1801_def_COTS_b ^ P_22_1801_def_COTS_c ^ ~P_22_1801_def_COTS_d)","P_2_101","Biconditional (Bicond): Rule 17; Conjunction (Conj): Rule 7; Negation (Neg): Rule 10","VALIDATED","PASS","PASS","Conjunctive definition with negation of bulk cargo exclusion. All positive elements plus exclusion required.","HIGH"
"22","22.1801(def:employee_assigned)","P_22_1801_def_employee_assigned","Employee assigned to the contract means an employee who was hired after November 6, 1986 (after November 27, 2009, in CNMI), who is directly performing work in the United States under a contract required to include 52.222-54. Not considered directly performing if employee normally performs support/indirect work and does not perform any substantial duties applicable to the contract.","P_22_1801_def_ea_a: Hired after Nov 6 1986 (Nov 27 2009 in CNMI); P_22_1801_def_ea_b: Directly performing work in US under contract with 52.222-54; P_22_1801_def_ea_c: Not if normally performs support/indirect functions; P_22_1801_def_ea_d: Not if no substantial duties applicable to contract","P_22_1801_def_employee_assigned <-> (P_22_1801_def_ea_a ^ P_22_1801_def_ea_b ^ ~(P_22_1801_def_ea_c ^ P_22_1801_def_ea_d))","P_52_222_54","Biconditional (Bicond): Rule 17; Conjunction (Conj): Rule 7; Negation (Neg): Rule 10","PENDING_REVIEW","PASS","PASS","Complex definition with affirmative requirements and conjunctive exclusion. Both exclusion conditions must be met to negate assignment status. CNMI date exception noted.","MEDIUM"
"22","22.1801(def:subcontract_18)","P_22_1801_def_subcontract_18","Subcontract means any contract, as defined in 2.101, entered into by a subcontractor to furnish supplies or services for performance of a prime contract or a subcontract. Includes purchase orders and changes/modifications to purchase orders.","P_22_1801_def_subcontract_18_a: Contract per 2.101 entered by subcontractor; P_22_1801_def_subcontract_18_b: Purpose is to furnish supplies/services for prime or subcontract performance; P_22_1801_def_subcontract_18_c: Includes POs and PO modifications","P_22_1801_def_subcontract_18 <-> (P_22_1801_def_subcontract_18_a ^ P_22_1801_def_subcontract_18_b ^ P_22_1801_def_subcontract_18_c)","P_2_101","Biconditional (Bicond): Rule 17; Conjunction (Conj): Rule 7","VALIDATED","PASS","PASS","Standard definitional biconditional. Explicitly includes POs.","HIGH"
"22","22.1801(def:subcontractor_18)","P_22_1801_def_subcontractor_18","Subcontractor means any supplier, distributor, vendor, or firm that furnishes supplies or services to or for a prime contractor or another subcontractor.","P_22_1801_def_subcontractor_18_a: Entity is supplier/distributor/vendor/firm; P_22_1801_def_subcontractor_18_b: Furnishes supplies/services to/for prime contractor or another subcontractor","P_22_1801_def_subcontractor_18 <-> (P_22_1801_def_subcontractor_18_a ^ P_22_1801_def_subcontractor_18_b)","None","Biconditional (Bicond): Rule 17; Conjunction (Conj): Rule 7","VALIDATED","PASS","PASS","Identical to Subpart 22.17 definition. Standard definitional biconditional.","HIGH"
"22","22.1801(def:US_18)","P_22_1801_def_US_18","United States means the 50 States, the District of Columbia, Puerto Rico, Guam, the Commonwealth of the Northern Mariana Islands and the U.S. Virgin Islands, as defined in 8 U.S.C. 1101(a)(38).","P_22_1801_def_US_18_a: US for Subpart 22.18 includes 50 States, DC, PR, Guam, CNMI, USVI per 8 USC 1101(a)(38)","P_22_1801_def_US_18 <-> P_22_1801_def_US_18_a","None","Biconditional (Bicond): Rule 17","VALIDATED","PASS","PASS","Broader than Subpart 22.17 definition (includes territories). Per immigration statute definition.","HIGH"
"22","22.1802","P_22_1802","Presolicitation requirements for Employment Eligibility Verification.","P_22_1802: Parent for E-Verify presolicitation requirements","P_22_1802_1 ^ P_22_1802_2","P_22_1802_1; P_22_1802_2","Conjunction (Conj): Rule 7","VALIDATED","PASS","PASS","Parent combining policy (22.1802-1) and clause (22.1802-2).","HIGH"
"22","22.1802-1","P_22_1802_1","Policy for E-Verify employment eligibility verification requirements.","P_22_1802_1: Parent for E-Verify policy provisions","P_22_1802_1_a ^ P_22_1802_1_b ^ P_22_1802_1_c ^ P_22_1802_1_d ^ P_22_1802_1_e ^ P_22_1802_1_f","P_22_1802_1_a; P_22_1802_1_b; P_22_1802_1_c; P_22_1802_1_d; P_22_1802_1_e; P_22_1802_1_f","Conjunction (Conj): Rule 7","VALIDATED","PASS","PASS","Parent aggregating all E-Verify policy sub-provisions (a) through (f).","HIGH"
"22","22.1802-1(a)","P_22_1802_1_a","This subpart prescribes policies and procedures requiring contractors to utilize the DHS USCIS employment eligibility verification program (E-Verify) as the means for verifying employment eligibility of certain employees.","P_22_1802_1_a_a: Subpart requires contractor use of E-Verify; P_22_1802_1_a_b: E-Verify is DHS USCIS program; P_22_1802_1_a_c: Applies to certain employees","P_22_1802_1_a_a ^ P_22_1802_1_a_b ^ P_22_1802_1_a_c","None","Conjunction (Conj): Rule 7","VALIDATED","PASS","PASS","Scope-setting provision establishing E-Verify as the required verification method.","HIGH"
"22","22.1802-1(b)","P_22_1802_1_b","Statutes and Executive orders require employers to abide by the immigration laws of the United States and to employ in the United States only individuals who are eligible to work. E-Verify provides an Internet-based means of verifying employment eligibility but is not a substitute for any other employment eligibility verification requirements.","P_22_1802_1_b_a: Employers must comply with immigration laws; P_22_1802_1_b_b: Employers may only employ eligible individuals in US; P_22_1802_1_b_c: E-Verify is Internet-based verification; P_22_1802_1_b_d: E-Verify does not substitute for other verification requirements","P_22_1802_1_b_a ^ P_22_1802_1_b_b ^ P_22_1802_1_b_c ^ ~(P_22_1802_1_b_c -> ~P_22_1802_1_b_d)","None","Conjunction (Conj): Rule 7; Negation (Neg): Rule 10","VALIDATED","PASS","PASS","Important policy clarification: E-Verify supplements but does not replace other requirements.","HIGH"
"22","22.1802-1(c)","P_22_1802_1_c","Contracting officers must include in solicitations and contracts requirements that Federal contractors must enroll in E-Verify, use E-Verify for new hires, use E-Verify for employees assigned to the contract, and include these requirements in subcontracts.","P_22_1802_1_c: Parent for CO clause inclusion requirements","P_22_1802_1_c_1 ^ P_22_1802_1_c_2 ^ P_22_1802_1_c_3 ^ P_22_1802_1_c_4","P_22_1802_1_c_1; P_22_1802_1_c_2; P_22_1802_1_c_3; P_22_1802_1_c_4","Conjunction (Conj): Rule 7","VALIDATED","PASS","PASS","All four contractor requirements are mandatory.","HIGH"
"22","22.1802-1(c)(1)","P_22_1802_1_c_1","Contracting officers must require Federal contractors to enroll as Federal contractors in E-Verify.","P_22_1802_1_c_1_a: Contractors must enroll in E-Verify as Federal contractors","P_22_1802_1_c_1_a","None","Conjunction (Conj): Rule 7","VALIDATED","PASS","PASS","Mandatory enrollment requirement. No exceptions at this level.","HIGH"
"22","22.1802-1(c)(2)","P_22_1802_1_c_2","Contractors must use E-Verify to verify employment eligibility of all new hires working in the United States, except that the contractor may choose to verify only new hires assigned to the contract if the contractor is an institution of higher education, a State or local government or Federally recognized Indian tribe, or a surety performing under a takeover agreement.","P_22_1802_1_c_2_a: Must verify all new hires in US via E-Verify; P_22_1802_1_c_2_b: Exception for higher ed institutions; P_22_1802_1_c_2_c: Exception for State/local/tribal govts; P_22_1802_1_c_2_d: Exception for sureties under takeover agreements; P_22_1802_1_c_2_e: Excepted entities may verify only contract-assigned new hires","P_22_1802_1_c_2_a ^ ((P_22_1802_1_c_2_b v P_22_1802_1_c_2_c v P_22_1802_1_c_2_d) -> (P_22_1802_1_c_2_e v ~P_22_1802_1_c_2_e))","None","Conjunction (Conj): Rule 7; Material Implication (Impl): Rule 15 [HIGH-RISK]; Tautology (Taut): Rule 18; Addition (Add): Rule 8","PENDING_REVIEW","PASS","PASS","General rule with narrow exceptions. Exception entities may limit verification scope -- discretionary modeled as tautology. HIGH-RISK implication for exception logic.","MEDIUM"
"22","22.1802-1(c)(3)","P_22_1802_1_c_3","Contractors must use E-Verify to verify employment eligibility of all employees assigned to the contract.","P_22_1802_1_c_3_a: Must verify all contract-assigned employees via E-Verify","P_22_1802_1_c_3_a","P_22_1801_def_employee_assigned","Conjunction (Conj): Rule 7","VALIDATED","PASS","PASS","Mandatory verification of all assigned employees. ""Assigned"" per 22.1801 definition.","HIGH"
"22","22.1802-1(c)(4)","P_22_1802_1_c_4","Contractors must include these requirements in subcontracts for services (except COTS-related commercial services performed by COTS provider and normally provided for that COTS item) and construction.","P_22_1802_1_c_4_a: Flowdown to subcontracts for services required; P_22_1802_1_c_4_b: Exception for COTS-associated commercial services; P_22_1802_1_c_4_c: Flowdown to construction subcontracts required","(P_22_1802_1_c_4_a ^ ~P_22_1802_1_c_4_b) ^ P_22_1802_1_c_4_c","P_52_222_54","Conjunction (Conj): Rule 7; Negation (Neg): Rule 10","VALIDATED","PASS","PASS","Flowdown requirement with COTS carve-out for services. Construction has no exception.","HIGH"
"22","22.1802-1(d)","P_22_1802_1_d","Contractors may elect to verify employment eligibility of all existing employees working in the United States who were hired after November 6, 1986 (after November 27, 2009, in CNMI), instead of just those employees assigned to the contract. The contractor is not required to verify employees who hold an active security clearance of confidential, secret, or top secret, or employees for whom background investigations have been completed and credentials issued pursuant to HSPD-12.","P_22_1802_1_d_a: Contractor may elect to verify all existing post-1986 US employees; P_22_1802_1_d_b: Verification not required for active security clearance holders; P_22_1802_1_d_c: Verification not required for HSPD-12 credentialed employees","(P_22_1802_1_d_a v ~P_22_1802_1_d_a) ^ ~(P_22_1802_1_d_b -> P_22_1802_1_c_3_a) ^ ~(P_22_1802_1_d_c -> P_22_1802_1_c_3_a)","P_22_1802_1_c_3","Tautology (Taut): Rule 18; Negation (Neg): Rule 10; Material Implication (Impl): Rule 15 [HIGH-RISK]","PENDING_REVIEW","PASS","PASS","Permissive expansion (may verify all) with two mandatory exemption categories. Tautology for may. Security clearance and HSPD-12 exemptions are absolute.","MEDIUM"
"22","22.1802-1(e)","P_22_1802_1_e","In exceptional cases, the head of the contracting activity may waive the E-Verify requirement for a contract or subcontract or a class of contracts or subcontracts, either temporarily or for the period of performance. This waiver authority may not be delegated.","P_22_1802_1_e_a: Exceptional cases exist; P_22_1802_1_e_b: HCA may waive E-Verify requirement; P_22_1802_1_e_c: Waiver may cover individual or class of contracts; P_22_1802_1_e_d: Waiver may be temporary or for period of performance; P_22_1802_1_e_e: Authority may not be delegated","P_22_1802_1_e_a -> ((P_22_1802_1_e_b v ~P_22_1802_1_e_b) ^ P_22_1802_1_e_e)","None","Material Implication (Impl): Rule 15 [HIGH-RISK]; Tautology (Taut): Rule 18; Conjunction (Conj): Rule 7","PENDING_REVIEW","PASS","PASS","Conditional waiver authority: exceptional cases required as trigger. Waiver itself discretionary (may). Non-delegation is mandatory and absolute.","MEDIUM"
"22","22.1802-1(f)","P_22_1802_1_f","DHS and SSA may terminate a contractor's MOU and deny access to E-Verify in accordance with the terms of the MOU. If DHS or SSA terminates a contractor's MOU, the terminating agency must refer the contractor to a suspending and debarring official for possible suspension or debarment action. During the period between termination and S&D decision, the contractor is excused from E-Verify obligations. If suspended/debarred/excluded, not eligible for E-Verify during that period. If not suspended/debarred/excluded, must reenroll.","P_22_1802_1_f_a: DHS/SSA may terminate contractor MOU; P_22_1802_1_f_b: Termination triggers mandatory S&D referral; P_22_1802_1_f_c: Contractor excused from E-Verify during interim; P_22_1802_1_f_d: If S&D action taken, ineligible for E-Verify during period; P_22_1802_1_f_e: If no S&D action, must reenroll in E-Verify","(P_22_1802_1_f_a v ~P_22_1802_1_f_a) ^ (P_22_1802_1_f_a -> P_22_1802_1_f_b) ^ (P_22_1802_1_f_a -> P_22_1802_1_f_c) ^ (P_22_1802_1_f_d -> ~P_22_1802_1_f_a) ^ (~P_22_1802_1_f_d -> P_22_1802_1_f_e)","P_9_4; P_52_222_54","Tautology (Taut): Rule 18; Material Implication (Impl): Rule 15 [HIGH-RISK]; Conjunction (Conj): Rule 7; Negation (Neg): Rule 10","PENDING_REVIEW","PASS","PASS","Complex multi-branch logic. MOU termination is discretionary but triggers mandatory referral chain. Outcomes branch based on S&D decision. Multiple HIGH-RISK implications.","LOW"
"22","22.1802-2","P_22_1802_2","Insert the clause at 52.222-54, Employment Eligibility Verification, in all solicitations and contracts that exceed $150,000, except those that are only for work performed outside the US, are for a period of performance of less than 120 days, or are only for COTS items, modified COTS items, COTS bulk cargo items, or COTS-associated commercial services.","P_22_1802_2_a: Contract exceeds $150,000; P_22_1802_2_b: Not only for work outside US; P_22_1802_2_c: Not POP less than 120 days; P_22_1802_2_d: Not only for COTS/modified COTS/bulk COTS/COTS commercial services; P_22_1802_2_e: Insert clause 52.222-54","(P_22_1802_2_a ^ P_22_1802_2_b ^ P_22_1802_2_c ^ P_22_1802_2_d) -> P_22_1802_2_e","P_52_222_54; P_2_101","Material Implication (Impl): Rule 15 [HIGH-RISK]; Conjunction (Conj): Rule 7","PENDING_REVIEW","PASS","PASS","Clause prescription with $150K threshold and four exception categories. All non-exception conditions must be met (conjunctive antecedent). HIGH-RISK implication.","MEDIUM"
"22","22.1900","P_22_1900","This subpart prescribes policies and procedures to implement Executive Order 14026, Increasing the Minimum Wage for Federal Contractors, which requires minimum wages for certain workers. DOL implementing regulations are found at 29 CFR part 23. This E.O. superseded E.O. 13658.","P_22_1900_a: Subpart implements EO 14026; P_22_1900_b: Minimum wages required for certain workers; P_22_1900_c: DOL regs at 29 CFR part 23; P_22_1900_d: EO 14026 superseded EO 13658","P_22_1900_a ^ P_22_1900_b ^ P_22_1900_c ^ P_22_1900_d","None","Conjunction (Conj): Rule 7","VALIDATED","PASS","PASS","Scope provision establishing regulatory authority chain. All elements factual/declarative.","HIGH"
"22","22.1901(def:US_19)","P_22_1901_def_US_19","United States means the 50 States, the District of Columbia, Puerto Rico, the Northern Mariana Islands, American Samoa, Guam, the U.S. Virgin Islands, Johnston Island, Wake Island, and the outer Continental Shelf as defined in the Outer Continental Shelf Lands Act (43 U.S.C. 1331, et seq.).","P_22_1901_def_US_19_a: US for Subpart 22.19 includes 50 States, DC, PR, CNMI, Am. Samoa, Guam, USVI, Johnston Island, Wake Island, and OCS","P_22_1901_def_US_19 <-> P_22_1901_def_US_19_a","None","Biconditional (Bicond): Rule 17","VALIDATED","PASS","PASS","Broadest US definition in this file segment. Includes OCS and minor outlying islands. Compare narrower definitions in Subparts 22.17 and 22.18.","HIGH"
"22","22.1901(def:worker)","P_22_1901_def_worker","Worker (per 29 CFR 23.20) means any person engaged in performing work on, or in connection with, a contract covered by EO 14026, whose wages are governed by FLSA, SCLS, or WRR(C), other than bona fide executive/administrative/professional employees per 29 CFR part 541, regardless of contractual relationship alleged. Includes special certificate workers under 29 USC 214(c) and registered apprentices/trainees.","P_22_1901_def_worker: Parent for worker definition","P_22_1901_def_worker_1 ^ P_22_1901_def_worker_2","P_22_1901_def_worker_1; P_22_1901_def_worker_2","Conjunction (Conj): Rule 7","VALIDATED","PASS","PASS","Parent combining affirmative definition and performance scope clarification.","HIGH"
"22","22.1901(def:worker)(1)","P_22_1901_def_worker_1","Worker means any person engaged in performing work on or in connection with a contract covered by EO 14026, whose wages are governed by FLSA, SCLS, or WRR(C), other than bona fide executive/administrative/professional employees per 29 CFR part 541, regardless of contractual relationship. Includes workers under special certificates per 29 USC 214(c) and registered apprentices/trainees.","P_22_1901_def_worker_1_a: Person performs on/in connection with EO 14026 contract; P_22_1901_def_worker_1_b: Wages governed by FLSA/SCLS/WRR(C); P_22_1901_def_worker_1_c: Not bona fide EAP per 29 CFR 541; P_22_1901_def_worker_1_d: Regardless of contractual relationship; P_22_1901_def_worker_1_e: Includes special certificate workers; P_22_1901_def_worker_1_f: Includes registered apprentices/trainees","P_22_1901_def_worker_1 <-> (P_22_1901_def_worker_1_a ^ P_22_1901_def_worker_1_b ^ ~P_22_1901_def_worker_1_c ^ P_22_1901_def_worker_1_d) v (P_22_1901_def_worker_1_e v P_22_1901_def_worker_1_f)","None","Biconditional (Bicond): Rule 17; Conjunction (Conj): Rule 7; Negation (Neg): Rule 10; Addition (Add): Rule 8","PENDING_REVIEW","PASS","PASS","Complex definitional with EAP exclusion and two explicit inclusions. Contractual relationship clause prevents misclassification avoidance.","MEDIUM"
"22","22.1901(def:worker)(2)","P_22_1901_def_worker_2","A worker performs on a contract if the worker directly performs the specific services called for by the contract; a worker performs in connection with a contract if the worker's work activities are necessary to the performance of a contract but are not the specific services called for by the contract.","P_22_1901_def_worker_2_a: ""On"" = directly performs specific contract services; P_22_1901_def_worker_2_b: ""In connection with"" = activities necessary to performance but not specific services","(P_22_1901_def_worker_2_a <-> P_22_1901_def_worker_2_on) ^ (P_22_1901_def_worker_2_b <-> P_22_1901_def_worker_2_connection)","None","Biconditional (Bicond): Rule 17; Conjunction (Conj): Rule 7","VALIDATED","PASS","PASS","Clarifying definitions for ""on"" vs ""in connection with"" -- critical distinction for coverage scope.","HIGH"
"22","22.1902","P_22_1902","Policy for minimum wage under Executive Order 14026.","P_22_1902: Parent for EO 14026 minimum wage policy","P_22_1902_a ^ P_22_1902_b ^ P_22_1902_c","P_22_1902_a; P_22_1902_b; P_22_1902_c","Conjunction (Conj): Rule 7","VALIDATED","PASS","PASS","Parent combining minimum wage rate, relationship with other wages, and tipped worker provisions.","HIGH"
"22","22.1902(a)","P_22_1902_a","Pursuant to EO 14026, the minimum hourly wage rate for workers performing on or in connection with covered contracts is at least $15.00/hour beginning January 30, 2022, and beginning January 1, 2023 and annually thereafter, an amount determined by the Secretary of Labor with 90 days advance public notice.","P_22_1902_a: Parent for minimum wage rate provisions","P_22_1902_a_1 ^ P_22_1902_a_2","P_22_1902_a_1; P_22_1902_a_2","Conjunction (Conj): Rule 7","VALIDATED","PASS","PASS","Parent combining initial rate and annual adjustment mechanism.","HIGH"
"22","22.1902(a)(1)","P_22_1902_a_1","At least $15.00 per hour beginning January 30, 2022.","P_22_1902_a_1_a: Minimum wage floor is $15.00/hour; P_22_1902_a_1_b: Effective January 30, 2022","P_22_1902_a_1_a ^ P_22_1902_a_1_b","None","Conjunction (Conj): Rule 7","VALIDATED","PASS","PASS","Initial rate floor established by EO 14026. Note: actual current rate will be higher due to annual adjustments.","HIGH"
"22","22.1902(a)(2)","P_22_1902_a_2","Beginning January 1, 2023, and annually thereafter, an amount determined by the Secretary of Labor. The Administrator of the Wage and Hour Division will notify the public of the new E.O. minimum wage rate at least 90 days before it is to take effect.","P_22_1902_a_2_a: Annual adjustment by Secretary of Labor starting Jan 1 2023; P_22_1902_a_2_b: WHD Administrator provides 90-day advance public notice","P_22_1902_a_2_a ^ P_22_1902_a_2_b","P_22_1904","Conjunction (Conj): Rule 7","VALIDATED","PASS","PASS","Annual adjustment mechanism with mandatory notice period. Cross-references 22.1904 for rate publication details.","HIGH"
"22","22.1902(b)","P_22_1902_b","Relationship with other wage rates: Nothing in this subpart excuses noncompliance with any applicable Federal or State prevailing wage law or any applicable law or municipal ordinance or any applicable contract establishing a minimum wage higher than the E.O. minimum wage. The E.O. minimum wage rate applies whenever it is higher than any applicable collective bargaining agreement wage rate.","P_22_1902_b: Parent for wage rate relationship provisions","P_22_1902_b_1 ^ P_22_1902_b_2","P_22_1902_b_1; P_22_1902_b_2","Conjunction (Conj): Rule 7","VALIDATED","PASS","PASS","Parent combining higher-wage preservation and CBA override provisions.","HIGH"
"22","22.1902(b)(1)","P_22_1902_b_1","Nothing in this subpart shall excuse noncompliance with any applicable Federal or State prevailing wage law or any applicable law or municipal ordinance or any applicable contract establishing a minimum wage higher than the E.O. minimum wage. However, wage increases under such other laws or municipal ordinances are not subject to price adjustment under this subpart.","P_22_1902_b_1_a: Higher minimum wages from other laws/ordinances still apply; P_22_1902_b_1_b: Subpart does not excuse noncompliance with higher minimums; P_22_1902_b_1_c: Wage increases from other laws not subject to price adjustment under this subpart","P_22_1902_b_1_a ^ P_22_1902_b_1_b ^ P_22_1902_b_1_c","None","Conjunction (Conj): Rule 7","VALIDATED","PASS","PASS","Preserves higher wage floors from other sources but limits price adjustment eligibility. Critical for contract administration.","HIGH"
"22","22.1902(b)(2)","P_22_1902_b_2","The E.O. minimum wage rate applies whenever it is higher than any applicable collective bargaining agreement(s) wage rate.","P_22_1902_b_2_a: EO minimum exceeds CBA wage rate; P_22_1902_b_2_b: EO minimum applies","P_22_1902_b_2_a -> P_22_1902_b_2_b","None","Material Implication (Impl): Rule 15 [HIGH-RISK]","PENDING_REVIEW","PASS","PASS","EO rate overrides CBA when higher. Significant labor relations implication. HIGH-RISK implication.","MEDIUM"
"22","22.1902(c)","P_22_1902_c","Application to tipped workers. Policies and procedures in DOL regulations at 29 CFR 23.240(b) and 23.280 address the relationship between the E.O. minimum wage and wages of workers engaged in an occupation in which they customarily and regularly receive more than $30 a month in tips.","P_22_1902_c_a: Tipped worker provisions at 29 CFR 23.240(b) and 23.280; P_22_1902_c_b: Applies to workers receiving >$30/month in tips customarily and regularly","P_22_1902_c_a ^ P_22_1902_c_b","None","Conjunction (Conj): Rule 7","VALIDATED","PASS","PASS","Cross-reference to DOL regulations for tipped worker treatment. $30/month tip threshold for coverage.","HIGH"
"22","22.1903","P_22_1903","Applicability of Subpart 22.19.","P_22_1903: Parent for applicability provisions","P_22_1903_a ^ P_22_1903_b ^ P_22_1903_c","P_22_1903_a; P_22_1903_b; P_22_1903_c","Conjunction (Conj): Rule 7","VALIDATED","PASS","PASS","Parent combining contract coverage, worker coverage, and labor advisor provisions.","HIGH"
"22","22.1903(a)","P_22_1903_a","This subpart applies to contracts covered by the Service Contract Labor Standards statute (41 U.S.C. chapter 67) or the Wage Rate Requirements (Construction) statute (40 U.S.C. chapter 31, Subchapter IV) that require performance in whole or in part within the United States. When performance is in part within and in part outside the United States, this subpart applies to the part of the contract that is performed within the United States.","P_22_1903_a_a: Contract covered by SCLS or WRR(C); P_22_1903_a_b: Performance in whole or in part within US; P_22_1903_a_c: For split-location contracts, subpart applies to US-performed portion only","(P_22_1903_a_a ^ P_22_1903_a_b) -> P_22_1903_a_c","P_22_1901_def_US_19","Material Implication (Impl): Rule 15 [HIGH-RISK]; Conjunction (Conj): Rule 7","PENDING_REVIEW","PASS","PASS","Dual statute trigger (SCLS or WRR(C)) with geographic limitation. Split-performance rule is practically significant. HIGH-RISK implication.","MEDIUM"
"22","22.1903(b)","P_22_1903_b","This subpart applies to workers as defined at 22.1901. Workers are covered regardless of contractual relationship alleged. Workers with disabilities under special certificates (29 USC 214(c)) are covered. Registered apprentices/trainees are covered. Subpart does not apply to FLSA-covered workers performing in connection with contracts who spend less than 20% of hours in a workweek in connection with such contracts, or individuals exempted from FLSA minimum wage under 29 USC 213(a) and 214(a) and (b) unless otherwise covered by SCLS or WRR(C).","P_22_1903_b: Parent for worker applicability","P_22_1903_b_1 ^ P_22_1903_b_2","P_22_1903_b_1; P_22_1903_b_2; P_22_1901_def_worker","Conjunction (Conj): Rule 7","VALIDATED","PASS","PASS","Parent combining covered workers and excluded workers.","HIGH"
"22","22.1903(b)(1)","P_22_1903_b_1","This subpart applies to workers as defined at 22.1901. Workers are covered regardless of contractual relationship alleged. Workers with disabilities under special certificates per 29 USC 214(c) are covered. Registered apprentices/trainees are covered.","P_22_1903_b_1_a: Workers per 22.1901 definition covered; P_22_1903_b_1_b: Coverage regardless of contractual relationship; P_22_1903_b_1_c: Disability certificate workers covered; P_22_1903_b_1_d: Registered apprentices/trainees covered","P_22_1903_b_1_a ^ P_22_1903_b_1_b ^ P_22_1903_b_1_c ^ P_22_1903_b_1_d","P_22_1901_def_worker","Conjunction (Conj): Rule 7","VALIDATED","PASS","PASS","Broad coverage with explicit anti-misclassification and inclusion provisions.","HIGH"
"22","22.1903(b)(2)","P_22_1903_b_2","This subpart does not apply to FLSA-covered individuals performing in connection with covered contracts who spend less than 20 percent of their hours in a particular workweek performing in connection with such contracts, or individuals exempted from FLSA minimum wage under 29 USC 213(a) and 214(a) and (b) unless otherwise covered by SCLS or WRR(C).","P_22_1903_b_2_a: FLSA in-connection workers spending <20% hours excluded; P_22_1903_b_2_b: FLSA-exempt individuals under 29 USC 213(a)/214(a)/(b) excluded; P_22_1903_b_2_c: Exception to (b) exclusion: if otherwise covered by SCLS or WRR(C)","(P_22_1903_b_2_a v (P_22_1903_b_2_b ^ ~P_22_1903_b_2_c)) -> ~P_22_1903_b_1_a","P_22_1901_def_worker","Material Implication (Impl): Rule 15 [HIGH-RISK]; Conjunction (Conj): Rule 7; Negation (Neg): Rule 10; Addition (Add): Rule 8","PENDING_REVIEW","PASS","PASS","Exclusions with exception-to-exclusion for SCLS/WRR(C) coverage. 20% threshold is workweek-specific. Complex negation structure.","MEDIUM"
"22","22.1903(c)","P_22_1903_c","Agency Labor Advisors, as defined at 22.001, are listed at https://www.sam.gov and are available to provide guidance and assistance with the application of this subpart.","P_22_1903_c_a: Agency Labor Advisors per 22.001 available on SAM.gov; P_22_1903_c_b: Available for guidance on subpart application","P_22_1903_c_a ^ P_22_1903_c_b","P_22_001","Conjunction (Conj): Rule 7","VALIDATED","PASS","PASS","Administrative provision identifying resource availability. Cross-references 22.001 for definition.","HIGH"
"22","22.1904","P_22_1904","Annual Executive Order Minimum Wage Rate.","P_22_1904_a: Provision for annual EO minimum wage rate publication and updates","P_22_1904_a","P_22_1902_a_2","Conjunction (Conj): Rule 7","VALIDATED","PASS","PASS","Section heading only in this segment -- full content likely in next segment (8 of 8). Cross-references the annual adjustment mechanism in 22.1902(a)(2).","HIGH"
22,22.1904(a),P_22_1904_a,"For the E.O. minimum wage rate that becomes effective on January 30, 2022, and annually thereafter, the Administrator will notify the public, publish on SAM.gov, and include general notice on wage determinations.",P_22_1904_a_1 (notify public 90 days before); P_22_1904_a_2 (publish on SAM.gov); P_22_1904_a_3 (include general notice on wage determinations),P_22_1904_a_1 ^ P_22_1904_a_2 ^ P_22_1904_a_3,DEFERRED,Conjunction (Conj): Rule 7,VALIDATED,PASS,PASS,Parent proposition aggregating three Administrator duties for annual E.O. minimum wage rate updates. All three are conjunctive obligations.,HIGH
22,22.1904(a)(1),P_22_1904_a_1,Notify the public of the new E.O. minimum wage rate at least 90 days before it becomes effective by publishing a notice in the Federal Register.,P_22_1904_a_1_a (notify public of new rate); P_22_1904_a_1_b (at least 90 days before effective); P_22_1904_a_1_c (publish in Federal Register),P_22_1904_a_1_a ^ P_22_1904_a_1_b ^ P_22_1904_a_1_c,DEFERRED,Conjunction (Conj): Rule 7,VALIDATED,PASS,PASS,"Three conjunctive requirements for public notification: the act, timing threshold, and publication venue. All mandatory.",HIGH
22,22.1904(a)(2),P_22_1904_a_2,"Publish and maintain on Wage Determinations at SAM.gov, https://www.sam.gov or any successor site, the E.O. minimum wage rate.",P_22_1904_a_2_a (publish on SAM.gov or successor); P_22_1904_a_2_b (maintain E.O. minimum wage rate),P_22_1904_a_2_a ^ P_22_1904_a_2_b,DEFERRED,Conjunction (Conj): Rule 7,VALIDATED,PASS,PASS,"Dual obligation to publish and maintain. 'Or any successor site' is alternative venue, not disjunctive obligation.",HIGH
22,22.1904(a)(3),P_22_1904_a_3,Include a general notice on wage determinations which are issued under the Service Contract Labor Standards statute or the Wage Rate Requirements (Construction) statute. The notice will provide information on the E.O. minimum wage and how to obtain annual updates.,P_22_1904_a_3_a (include general notice on SCLS/WRR wage determinations); P_22_1904_a_3_b (notice provides E.O. minimum wage info); P_22_1904_a_3_c (notice provides info on how to obtain updates),P_22_1904_a_3_a ^ P_22_1904_a_3_b ^ P_22_1904_a_3_c,DEFERRED,Conjunction (Conj): Rule 7,VALIDATED,PASS,PASS,"Conjunctive notice requirements. 'SCLS or WRR' is disjunctive scope (notice goes on either type), but the obligation itself is conjunctive.",HIGH
22,22.1904(b),P_22_1904_b,"Provisions governing contractor price adjustments for E.O. minimum wage rate changes, including timing, scope, calculation method, and limitations.",P_22_1904_b_1 (price adjustment timing and scope); P_22_1904_b_2 (calculation method); P_22_1904_b_3 (CO limitations on adjustments),P_22_1904_b_1 ^ P_22_1904_b_2 ^ P_22_1904_b_3,DEFERRED,Conjunction (Conj): Rule 7,VALIDATED,PASS,PASS,Parent for price adjustment provisions. All three subsections are mandatory components of the price adjustment framework.,HIGH
22,22.1904(b)(1),P_22_1904_b_1,"The contractor may request a price adjustment only after the effective date of a new annual E.O. minimum wage determination published pursuant to paragraph (a). Prices will be adjusted only for increased labor costs (including subcontractor labor costs) as a result of the annual E.O. minimum wage, and for associated labor costs (including those for subcontractors). Associated labor costs must include increases or decreases that result from changes in social security and unemployment taxes and workers' compensation insurance, but will not otherwise include any amount for general and administrative costs, overhead, or profit.","P_22_1904_b_1_a (request only after effective date of new determination); P_22_1904_b_1_b (adjust only for increased labor costs including subcontractor); P_22_1904_b_1_c (associated labor costs must include SS/unemployment/workers comp changes); P_22_1904_b_1_d (must not include G&A, overhead, or profit)",P_22_1904_b_1_a ^ P_22_1904_b_1_b ^ P_22_1904_b_1_c ^ ~P_22_1904_b_1_d,P_22_1904_a,Conjunction (Conj): Rule 7; Negation (Neg): Rule 10,VALIDATED,PASS,PASS,Mixed conjunctive with negation. 'Only after' = temporal conditional on (a). 'Must include' = mandatory conjunction. 'Will not include' = negation of G&A/overhead/profit. Permissive 'may request' governs contractor action but downstream adjustments are mandatory framework.,HIGH
22,22.1904(b)(2),P_22_1904_b_2,"The wage rate price adjustment under this clause is the lowest amount calculated by subtracting from the new E.O. wage rate the following: The current E.O. minimum wage rate; the current service or construction wage determination rate under the contract (if the wage rate is applicable to that worker); or the actual wage currently paid the worker. If the amount is zero or below, there will be no increase paid for this worker.","P_22_1904_b_2_a (adjustment = lowest of: new rate minus current E.O. rate, or current SCA/DBA rate, or actual wage); P_22_1904_b_2_b (if result <= 0, no increase)",(P_22_1904_b_2_a) ^ (P_22_1904_b_2_b -> ~Increase),DEFERRED,Conjunction (Conj): Rule 7; Material Implication (Impl): Rule 15 [HIGH-RISK]; Negation (Neg): Rule 10,PENDING_REVIEW,PASS,PASS,Complex calculation methodology. The 'lowest amount' creates a disjunctive comparison but the result is a single mandatory value. Conditional negation for zero/negative results. HIGH-RISK due to Material Implication on the zero-or-below clause. Table examples in (b)(2)(i)-(ii) illustrate but do not add new requirements.,MEDIUM
22,22.1904(b)(2)(i),P_22_1904_b_2_i,"Example 1: New E.O. wage rate $16.10, Previous E.O. rate $15.70, current SCA/DBA rate $15.75, actual wage $15.80. Calculation: $16.10 - $15.80 = $0.30. Price adjustment is $0.30.",P_22_1904_b_2_i (illustrative example showing positive price adjustment calculation),P_22_1904_b_2 -> P_22_1904_b_2_i,P_22_1904_b_2,Material Implication (Impl): Rule 15 [HIGH-RISK],PENDING_REVIEW,PASS,PASS,Illustrative example demonstrating positive adjustment calculation. Not an independent requirement but operationalizes the formula in (b)(2). HIGH-RISK for implication structure.,MEDIUM
22,22.1904(b)(2)(ii),P_22_1904_b_2_ii,"Example 2: New E.O. wage rate $15.50, Previous E.O. rate $15.10, current SCA/DBA rate $15.75, actual wage $15.80. Calculation: $15.50 - $15.80 = -$0.30. No price adjustment for this worker.",P_22_1904_b_2_ii (illustrative example showing no adjustment when result is negative),P_22_1904_b_2 -> P_22_1904_b_2_ii,P_22_1904_b_2,Material Implication (Impl): Rule 15 [HIGH-RISK],PENDING_REVIEW,PASS,PASS,Illustrative example demonstrating zero/negative result. Confirms the negation clause in (b)(2). Not independent requirement.,MEDIUM
22,22.1904(b)(3),P_22_1904_b_3,"The contracting officer must not adjust the contract price for any costs other than those identified in paragraph (b)(1) of this section, and must not provide duplicate price adjustments with any price adjustment under clauses implementing the Service Contract Labor Standards statute or the Wage Rate Requirements (Construction) statute.",P_22_1904_b_3_a (CO must not adjust for costs outside (b)(1)); P_22_1904_b_3_b (CO must not provide duplicate adjustments with SCLS/WRR clauses),~P_22_1904_b_3_a ^ ~P_22_1904_b_3_b,P_22_1904_b_1,Conjunction (Conj): Rule 7; Negation (Neg): Rule 10,VALIDATED,PASS,PASS,Dual prohibitions on the CO. Both are mandatory negations joined conjunctively. Cross-references (b)(1) for scope limitation.,HIGH
22,22.1905,P_22_1905,"Enforcement of Executive Order Minimum Wage Requirements, encompassing authority, complaints, investigations, remedies and sanctions, and retroactive clause inclusion.",P_22_1905_a (authority); P_22_1905_b (complaints); P_22_1905_c (investigations); P_22_1905_d (remedies and sanctions),P_22_1905_a ^ P_22_1905_b ^ P_22_1905_c ^ P_22_1905_d,DEFERRED,Conjunction (Conj): Rule 7,VALIDATED,PASS,PASS,Parent proposition for enforcement section. All subsections are conjunctive components of the enforcement framework.,HIGH
22,22.1905(a),P_22_1905_a,Authority provisions for enforcement of E.O. minimum wage requirements.,P_22_1905_a_1 (Secretary/Administrator authority); P_22_1905_a_2 (withhold at Administrator direction); P_22_1905_a_3 (withhold without request for payroll noncompliance),P_22_1905_a_1 ^ P_22_1905_a_2 ^ P_22_1905_a_3,DEFERRED,Conjunction (Conj): Rule 7,VALIDATED,PASS,PASS,Parent for authority provisions. Three conjunctive subsections.,HIGH
22,22.1905(a)(1),P_22_1905_a_1,"Section 5 of the E.O. grants the authority for investigating potential violations of, and obtaining compliance with, the E.O. to the Secretary of Labor. The Secretary of Labor, in promulgating the implementing regulations required by Section 4 of the E.O., has assigned this authority to the Administrator. Contracting agencies do not have authority to conduct compliance investigations under 29 CFR part 10 or part 23 as implemented in this subpart. This does not limit the contracting officer's authority to otherwise enforce the terms and conditions of the contract.",P_22_1905_a_1_a (E.O. grants investigation/compliance authority to Secretary of Labor); P_22_1905_a_1_b (Secretary assigned authority to Administrator); P_22_1905_a_1_c (contracting agencies lack compliance investigation authority under 29 CFR 10/23); P_22_1905_a_1_d (does not limit CO authority to enforce contract terms),P_22_1905_a_1_a ^ P_22_1905_a_1_b ^ ~P_22_1905_a_1_c ^ P_22_1905_a_1_d,DEFERRED,Conjunction (Conj): Rule 7; Negation (Neg): Rule 10,VALIDATED,PASS,PASS,Authority delegation chain with explicit prohibition on agency investigations and carve-out preserving CO contract enforcement authority. The negation on agency authority is explicit in the text.,HIGH
22,22.1905(a)(2),P_22_1905_a_2,Contracting officers must withhold payment at the direction of the Administrator.,P_22_1905_a_2 (CO must withhold payment when Administrator directs),AdministratorDirection -> CO_WithholdPayment,DEFERRED,Material Implication (Impl): Rule 15 [HIGH-RISK],PENDING_REVIEW,PASS,PASS,Mandatory conditional: Administrator direction triggers CO withholding obligation. 'Must' = mandatory. HIGH-RISK for implication.,MEDIUM
22,22.1905(a)(3),P_22_1905_a_3,"The contracting officer must withhold payment, without a request from the Administrator, if the contractor fails to comply with the requirements in paragraph (e)(2) of 52.222-55, Minimum Wages for Contractor Workers Under Executive Order 14026 to furnish payroll records, until such time as the noncompliance is corrected.",P_22_1905_a_3_a (contractor fails to furnish payroll records per 52.222-55(e)(2)); P_22_1905_a_3_b (CO must withhold payment without Administrator request); P_22_1905_a_3_c (withholding continues until noncompliance corrected),P_22_1905_a_3_a -> (P_22_1905_a_3_b ^ P_22_1905_a_3_c),P_52_222_55_e_2,Material Implication (Impl): Rule 15 [HIGH-RISK]; Conjunction (Conj): Rule 7,PENDING_REVIEW,PASS,PASS,Self-executing CO obligation triggered by payroll record noncompliance. No Administrator request needed. Temporal condition on cessation. External dependency on clause 52.222-55(e)(2).,MEDIUM
22,22.1905(b),P_22_1905_b,Complaints procedures for E.O. minimum wage violations.,P_22_1905_b_1 (filing complaints); P_22_1905_b_2 (identity protection); P_22_1905_b_3 (CO reporting requirements),P_22_1905_b_1 ^ P_22_1905_b_2 ^ P_22_1905_b_3,DEFERRED,Conjunction (Conj): Rule 7,VALIDATED,PASS,PASS,"Parent for complaints provisions. Three conjunctive subsections covering filing, confidentiality, and reporting.",HIGH
22,22.1905(b)(1),P_22_1905_b_1,"Complaints may be filed with the contracting officer or the Administrator by any person, entity, or organization that believes a violation of this subpart has occurred.","P_22_1905_b_1_a (complaints may be filed with CO or Administrator); P_22_1905_b_1_b (by any person, entity, or organization); P_22_1905_b_1_c (belief of subpart violation)",P_22_1905_b_1_c -> (P_22_1905_b_1_a v P_22_1905_b_1_a_alt) ^ P_22_1905_b_1_b,DEFERRED,Material Implication (Impl): Rule 15 [HIGH-RISK]; Addition (Add): Rule 8,PENDING_REVIEW,PASS,PASS,Permissive filing with disjunctive venue (CO or Administrator). 'May' = permissive for the filer. Broad standing (any person/entity/org). HIGH-RISK for implication.,MEDIUM
22,22.1905(b)(2),P_22_1905_b_2,"The identity of any individual who makes a written or oral statement as a complaint or in the course of an investigation, as well as portions of the statement which would reveal the individual's identity, must not be disclosed in any manner to anyone other than Federal officials without the prior consent of the individual, unless otherwise authorized by law.",P_22_1905_b_2_a (identity of complainant/witness must not be disclosed); P_22_1905_b_2_b (identity-revealing portions must not be disclosed); P_22_1905_b_2_c (exception: disclosure to Federal officials); P_22_1905_b_2_d (exception: prior consent of individual); P_22_1905_b_2_e (exception: otherwise authorized by law),(~P_22_1905_b_2_a ^ ~P_22_1905_b_2_b) v P_22_1905_b_2_c v P_22_1905_b_2_d v P_22_1905_b_2_e,DEFERRED,Conjunction (Conj): Rule 7; Negation (Neg): Rule 10; Addition (Add): Rule 8,VALIDATED,PASS,PASS,"Prohibition on identity disclosure with three disjunctive exceptions. The default is non-disclosure; exceptions are Federal official disclosure, individual consent, or legal authorization.",HIGH
22,22.1905(b)(3),P_22_1905_b_3,"Upon receipt of a complaint, or if notified that the Administrator has received a complaint, the contracting officer must report the following information, within 14 days, if available without conducting an investigation, to the Department of Labor, Wage and Hour Division.",P_22_1905_b_3_a (CO receives complaint or is notified Administrator received complaint); P_22_1905_b_3_b (CO must report within 14 days); P_22_1905_b_3_c (if available without conducting investigation); P_22_1905_b_3_d (report to DOL WHD),(P_22_1905_b_3_a ^ P_22_1905_b_3_c) -> (P_22_1905_b_3_b ^ P_22_1905_b_3_d),DEFERRED,Material Implication (Impl): Rule 15 [HIGH-RISK]; Conjunction (Conj): Rule 7,PENDING_REVIEW,PASS,PASS,Conditional reporting obligation. Trigger: receipt of complaint or notification. Qualifier: only info available without investigation. 14-day deadline. Recipient: DOL WHD.,MEDIUM
22,22.1905(b)(3)(i),P_22_1905_b_3_i,The complaint or description of the alleged violation.,P_22_1905_b_3_i (complaint or description of alleged violation),P_22_1905_b_3 -> P_22_1905_b_3_i,P_22_1905_b_3,Material Implication (Impl): Rule 15 [HIGH-RISK],VALIDATED,PASS,PASS,Required reporting element under (b)(3). Dependent on parent trigger.,HIGH
22,22.1905(b)(3)(ii),P_22_1905_b_3_ii,"Available statements by the worker, contractor, or any other person regarding the alleged violation.",P_22_1905_b_3_ii (available statements regarding alleged violation),P_22_1905_b_3 -> P_22_1905_b_3_ii,P_22_1905_b_3,Material Implication (Impl): Rule 15 [HIGH-RISK],VALIDATED,PASS,PASS,Required reporting element. 'Available' qualifier limits scope.,HIGH
22,22.1905(b)(3)(iii),P_22_1905_b_3_iii,"Evidence that clause 52.222-55, Minimum Wages for Contractor Workers Under Executive Order 14026, (or its predecessor for complaints under 29 CFR part 10) was included in the contract.",P_22_1905_b_3_iii (evidence of clause 52.222-55 inclusion in contract),P_22_1905_b_3 -> P_22_1905_b_3_iii,P_22_1905_b_3; P_52_222_55,Material Implication (Impl): Rule 15 [HIGH-RISK],VALIDATED,PASS,PASS,Required reporting element. External dependency on clause 52.222-55.,HIGH
22,22.1905(b)(3)(iv),P_22_1905_b_3_iv,"Information concerning known settlement negotiations between the parties, if applicable.",P_22_1905_b_3_iv (settlement negotiation info if applicable),P_22_1905_b_3 -> P_22_1905_b_3_iv,P_22_1905_b_3,Material Implication (Impl): Rule 15 [HIGH-RISK],VALIDATED,PASS,PASS,Conditional reporting element. 'If applicable' further narrows scope.,HIGH
22,22.1905(b)(3)(v),P_22_1905_b_3_v,Any other relevant facts known to the contracting officer or other information requested by the Wage and Hour Division.,P_22_1905_b_3_v (other relevant facts or WHD-requested info),P_22_1905_b_3 -> P_22_1905_b_3_v,P_22_1905_b_3,Material Implication (Impl): Rule 15 [HIGH-RISK],VALIDATED,PASS,PASS,Catch-all reporting element. Disjunctive: known facts or requested info.,HIGH
22,22.1905(c),P_22_1905_c,"Complaints will be investigated by the Administrator, if warranted, in accordance with the procedures in 29 CFR part 23.430.",P_22_1905_c_a (complaints investigated by Administrator); P_22_1905_c_b (if warranted); P_22_1905_c_c (per 29 CFR 23.430),(P_22_1905_c_b) -> (P_22_1905_c_a ^ P_22_1905_c_c),DEFERRED,Material Implication (Impl): Rule 15 [HIGH-RISK]; Conjunction (Conj): Rule 7,PENDING_REVIEW,PASS,PASS,Conditional investigation. 'If warranted' = Administrator discretion on triggering. 'Will' = declarative obligation once triggered. External regulatory reference.,MEDIUM
22,22.1905(d),P_22_1905_d,"Remedies and sanctions for E.O. minimum wage violations, including unpaid wages, antiretaliation, debarment, and retroactive clause inclusion.",P_22_1905_d_1 (unpaid wages); P_22_1905_d_2 (antiretaliation); P_22_1905_d_3 (debarment); P_22_1905_d_4 (retroactive clause inclusion),P_22_1905_d_1 ^ P_22_1905_d_2 ^ P_22_1905_d_3 ^ P_22_1905_d_4,DEFERRED,Conjunction (Conj): Rule 7,VALIDATED,PASS,PASS,Parent for four remedy/sanction categories. All exist as available enforcement mechanisms.,HIGH
22,22.1905(d)(1),P_22_1905_d_1,"When the Administrator's investigation reveals that a contractor has failed to pay the applicable E.O. minimum wage, the Administrator will notify the contractor and the contracting agency of the unpaid wage violation, and request that the contractor remedy the violation. If the contractor does not remedy the violation, the Administrator may direct withholding of payments due on the contract or any other contract between the contractor and the Federal Government. Upon final decision and direction of the Administrator, the contracting agency must transfer the withheld funds to the Department of Labor for disbursement in accordance with the procedures at 22.404-2.","P_22_1905_d_1_a (investigation reveals failure to pay E.O. minimum wage); P_22_1905_d_1_b (Administrator notifies contractor and agency); P_22_1905_d_1_c (Administrator requests contractor remedy); P_22_1905_d_1_d (if contractor does not remedy, Administrator may direct withholding); P_22_1905_d_1_e (upon final decision, agency must transfer withheld funds to DOL)",P_22_1905_d_1_a -> (P_22_1905_d_1_b ^ P_22_1905_d_1_c) ^ (~Remedy -> (P_22_1905_d_1_d v ~P_22_1905_d_1_d)) ^ (FinalDecision -> P_22_1905_d_1_e),P_22_404_2,Material Implication (Impl): Rule 15 [HIGH-RISK]; Conjunction (Conj): Rule 7; Negation (Neg): Rule 10; Tautology (Taut): Rule 18,PENDING_REVIEW,PASS,PASS,Multi-step enforcement chain. Investigation finding triggers notification. Contractor non-remedy enables discretionary withholding ('may' = tautology). Final decision triggers mandatory fund transfer. External dependency on 22.404-2. Complex conditional chain warrants review.,LOW
22,22.1905(d)(2),P_22_1905_d_2,"When a contractor has been found to have violated paragraph (i) of clause 52.222-55, Minimum Wages for Contractor Workers Under Executive Order 14026, the Administrator may provide for relief to the worker in accordance with 29 CFR 23.440.",P_22_1905_d_2_a (contractor found to violate 52.222-55(i)); P_22_1905_d_2_b (Administrator may provide relief per 29 CFR 23.440),P_22_1905_d_2_a -> (P_22_1905_d_2_b v ~P_22_1905_d_2_b),P_52_222_55_i,Material Implication (Impl): Rule 15 [HIGH-RISK]; Tautology (Taut): Rule 18,PENDING_REVIEW,PASS,PASS,"Violation finding triggers discretionary relief authority. 'May' = permissive, modeled as tautology. External dependencies on 52.222-55(i) and 29 CFR 23.440.",MEDIUM
22,22.1905(d)(3),P_22_1905_d_3,Debarment provisions for E.O. minimum wage violations.,P_22_1905_d_3_i (DOL debarment proceedings); P_22_1905_d_3_ii (CO notification to S&D official),P_22_1905_d_3_i ^ P_22_1905_d_3_ii,DEFERRED,Conjunction (Conj): Rule 7,VALIDATED,PASS,PASS,Parent for debarment subsections.,HIGH
22,22.1905(d)(3)(i),P_22_1905_d_3_i,The Department of Labor may initiate debarment proceedings under 29 CFR 23.520 whenever a contractor is found to have disregarded its obligations under 29 CFR part 23.,P_22_1905_d_3_i_a (contractor found to disregard 29 CFR 23 obligations); P_22_1905_d_3_i_b (DOL may initiate debarment under 29 CFR 23.520),P_22_1905_d_3_i_a -> (P_22_1905_d_3_i_b v ~P_22_1905_d_3_i_b),DEFERRED,Material Implication (Impl): Rule 15 [HIGH-RISK]; Tautology (Taut): Rule 18,PENDING_REVIEW,PASS,PASS,Discretionary debarment authority. 'May' = permissive. Triggered by finding of disregarded obligations.,MEDIUM
22,22.1905(d)(3)(ii),P_22_1905_d_3_ii,Contracting officers must consider notifying the agency suspending and debarring official in accordance with agency procedures when a contractor commits significant violations of contract terms and conditions related to this subpart.,P_22_1905_d_3_ii_a (contractor commits significant violations related to this subpart); P_22_1905_d_3_ii_b (CO must consider notifying S&D official per agency procedures),P_22_1905_d_3_ii_a -> P_22_1905_d_3_ii_b,DEFERRED,Material Implication (Impl): Rule 15 [HIGH-RISK],PENDING_REVIEW,PASS,PASS,"Mandatory consideration (not mandatory action). 'Must consider' = obligation to evaluate, not obligation to notify. Significant violations trigger the consideration requirement.",MEDIUM
22,22.1905(d)(4),P_22_1905_d_4,"If a contracting agency fails to include the contract clause in a contract to which E.O. 14026 applies, the contracting agency, on its own initiative or within 15 calendar days of notification by an authorized representative of the Department of Labor, must incorporate the contract clause in the contract retroactive to commencement of performance under the contract through the exercise of any and all authority that may be needed (including, where necessary, its authority to negotiate or amend, its authority to pay any necessary additional costs, and its authority under any contract provision authorizing changes, cancellation and termination).",P_22_1905_d_4_a (agency fails to include clause in applicable contract); P_22_1905_d_4_b (agency must incorporate clause retroactively); P_22_1905_d_4_c (on own initiative or within 15 days of DOL notification); P_22_1905_d_4_d (retroactive to commencement of performance); P_22_1905_d_4_e (using any and all authority needed),P_22_1905_d_4_a -> (P_22_1905_d_4_b ^ P_22_1905_d_4_c ^ P_22_1905_d_4_d ^ P_22_1905_d_4_e),DEFERRED,Material Implication (Impl): Rule 15 [HIGH-RISK]; Conjunction (Conj): Rule 7,PENDING_REVIEW,PASS,PASS,"Clause omission triggers mandatory retroactive inclusion with broad authority mandate. 15-day deadline from DOL notification is alternative trigger to self-initiative. 'Any and all authority' is expansive, including negotiation, amendment, cost payment, changes, cancellation, and termination.",MEDIUM
22,22.1906,P_22_1906,"Insert the clause at 52.222-55, Minimum Wages for Contractor Workers Under Executive Order 14026, in solicitations and contracts that include the clause at 52.222-6, Construction Wage Rate Requirements, or 52.222-41, Service Contract Labor Standards, where work is to be performed, in whole or in part, in the United States.",P_22_1906_a (insert 52.222-55 in solicitations and contracts); P_22_1906_b (that include 52.222-6 or 52.222-41); P_22_1906_c (work performed in whole or part in U.S.),(P_22_1906_b ^ P_22_1906_c) -> P_22_1906_a,P_52_222_55; P_52_222_6; P_52_222_41,Material Implication (Impl): Rule 15 [HIGH-RISK]; Conjunction (Conj): Rule 7,PENDING_REVIEW,PASS,PASS,Mandatory clause insertion triggered by two conjunctive conditions: inclusion of either construction/service contract clause AND U.S. performance. The 52.222-6/52.222-41 choice is disjunctive within the first condition.,MEDIUM
22,Subpart 22.20,P_22_2000,Subpart 22.20 [Reserved].,P_22_2000 (Subpart 22.20 reserved),P_22_2000,None,N/A,VALIDATED,PASS,PASS,Reserved subpart. No substantive content. Placeholder entry for structural completeness.,HIGH
22,22.2101,P_22_2101,Definitions for Subpart 22.21 as used in this subpart.,P_22_2101_a (accrual year); P_22_2101_b (certification by health care provider); P_22_2101_c (employee); P_22_2101_d (health care provider); P_22_2101_e (multiemployer plan); P_22_2101_f (paid sick leave),P_22_2101_a ^ P_22_2101_b ^ P_22_2101_c ^ P_22_2101_d ^ P_22_2101_e ^ P_22_2101_f,DEFERRED,Conjunction (Conj): Rule 7,VALIDATED,PASS,PASS,Parent proposition for definitions section. All definitions apply conjunctively to the subpart.,HIGH
22,22.2101(def:accrual_year),P_22_2101_a,Accrual year means the 12-month period during which a contractor may limit an employee's accrual of paid sick leave to no less than 56 hours (see 29 CFR 13.5(b)(1)).,P_22_2101_a (accrual year = 12-month period; contractor may limit accrual to no less than 56 hours),P_22_2101_a,DEFERRED,N/A (definitional),VALIDATED,PASS,PASS,Definitional proposition. Establishes the 12-month period and 56-hour minimum floor. 'May limit' = permissive.,HIGH
22,22.2101(def:certification),P_22_2101_b,Certification issued by a health care provider has the meaning given in 29 CFR 13.2.,P_22_2101_b (certification = meaning per 29 CFR 13.2),P_22_2101_b,DEFERRED,"N/A (definitional, external reference)",VALIDATED,PASS,PASS,Definitional incorporation by reference to 29 CFR 13.2.,HIGH
22,22.2101(def:employee),P_22_2101_c,"Employee definition encompassing persons performing work on or in connection with covered contracts, including those under SCLS, WRR, FLSA, apprentices, and regardless of contractual relationship alleged.",P_22_2101_c_1 (employee definition - performing on/in connection with covered contract); P_22_2101_c_2 (employee performs on vs. in connection with),P_22_2101_c_1 ^ P_22_2101_c_2,DEFERRED,Conjunction (Conj): Rule 7,VALIDATED,PASS,PASS,Parent for employee definition. Two major subsections: who qualifies and the on/in-connection-with distinction.,HIGH
22,22.2101(def:employee)(1),P_22_2101_c_1,"Employee means any person engaged in performing work on or in connection with a contract covered by E.O. 13706 whose wages are governed by SCLS, WRR, or FLSA (including FLSA-exempt employees), regardless of contractual relationship alleged, and includes apprentices registered with DOL or State Apprenticeship Agency.","P_22_2101_c_1_a (person performing on/in connection with E.O. 13706 contract); P_22_2101_c_1_b (wages governed by SCLS, WRR, or FLSA); P_22_2101_c_1_c (includes FLSA-exempt employees); P_22_2101_c_1_d (regardless of contractual relationship alleged); P_22_2101_c_1_e (includes registered apprentices)",P_22_2101_c_1_a ^ (P_22_2101_c_1_b v P_22_2101_c_1_c) ^ P_22_2101_c_1_d ^ P_22_2101_c_1_e,DEFERRED,Conjunction (Conj): Rule 7; Addition (Add): Rule 8,VALIDATED,PASS,PASS,Broad employee definition. Core conjunction of performance on covered contract + wage statute governance. FLSA exemption inclusion expands scope. Contractual relationship irrelevance and apprentice inclusion are additional conjunctive elements.,HIGH
22,22.2101(def:employee)(2),P_22_2101_c_2,An employee performs on a contract if the employee directly performs the specific services called for by the contract; and an employee performs in connection with a contract if the employee's work activities are necessary to the performance of a contract but are not the specific services called for by the contract.,P_22_2101_c_2_a (performs on = directly performs specific contract services); P_22_2101_c_2_b (performs in connection with = work necessary to performance but not specific services),P_22_2101_c_2_a <-> DirectlyPerformsSpecificServices ^ (P_22_2101_c_2_b <-> NecessaryButNotSpecific),DEFERRED,Biconditional (Bicond): Rule 17; Conjunction (Conj): Rule 7,VALIDATED,PASS,PASS,Biconditional definitions distinguishing 'on' vs. 'in connection with' performance. These are mutually exclusive categories that together define the scope of coverage.,HIGH
22,22.2101(def:health_care_provider),P_22_2101_d,Health care provider has the meaning given in 29 CFR 13.2.,P_22_2101_d (health care provider = meaning per 29 CFR 13.2),P_22_2101_d,DEFERRED,"N/A (definitional, external reference)",VALIDATED,PASS,PASS,Definitional incorporation by reference.,HIGH
22,22.2101(def:multiemployer_plan),P_22_2101_e,Multiemployer plan means a plan to which more than one employer is required to contribute and which is maintained pursuant to one or more collective bargaining agreements between one or more employee organizations and more than one employer.,P_22_2101_e_a (more than one employer required to contribute); P_22_2101_e_b (maintained pursuant to CBA(s)); P_22_2101_e_c (between employee org(s) and more than one employer),P_22_2101_e_a ^ P_22_2101_e_b ^ P_22_2101_e_c,DEFERRED,Conjunction (Conj): Rule 7,VALIDATED,PASS,PASS,Definitional proposition. Three conjunctive elements define multiemployer plan. All must be present.,HIGH
22,22.2101(def:paid_sick_leave),P_22_2101_f,Paid sick leave means compensated absence from employment that is required by E.O. 13706 and 29 CFR part 13.,P_22_2101_f (paid sick leave = compensated absence required by E.O. 13706 and 29 CFR part 13),P_22_2101_f,DEFERRED,N/A (definitional),VALIDATED,PASS,PASS,Definitional proposition. Conjunctive: must be compensated AND required by E.O. and CFR.,HIGH
22,22.2102,P_22_2102,Presolicitation provisions for Establishing Paid Sick Leave for Federal Contractors.,P_22_2102_1 (general); P_22_2102_2 (policy); P_22_2102_3 (requirements); P_22_2102_4 (prohibited acts); P_22_2102_5 (contract clause),P_22_2102_1 ^ P_22_2102_2 ^ P_22_2102_3 ^ P_22_2102_4 ^ P_22_2102_5,DEFERRED,Conjunction (Conj): Rule 7,VALIDATED,PASS,PASS,Parent for presolicitation section with five conjunctive subsections.,HIGH
22,22.2102-1,P_22_2102_1,General provisions for paid sick leave subpart applicability and exclusions.,P_22_2102_1_a (purpose); P_22_2102_1_b (applicability); P_22_2102_1_c (exclusions); P_22_2102_1_d (non-supersession),P_22_2102_1_a ^ P_22_2102_1_b ^ P_22_2102_1_c ^ P_22_2102_1_d,DEFERRED,Conjunction (Conj): Rule 7,VALIDATED,PASS,PASS,Parent for general provisions.,HIGH
22,22.2102-1(a),P_22_2102_1_a,"This subpart prescribes policies and procedures to implement E.O. 13706, Establishing Paid Sick Leave for Federal Contractors, dated September 7, 2015, and Department of Labor implementing regulations at 29 CFR part 13.",P_22_2102_1_a (subpart implements E.O. 13706 and 29 CFR part 13),P_22_2102_1_a,DEFERRED,N/A (declarative/scope),VALIDATED,PASS,PASS,Declarative scope statement. Establishes regulatory authority basis.,HIGH
22,22.2102-1(b),P_22_2102_1_b,"This subpart applies to contracts covered by SCLS or WRR requiring U.S. performance, and to employees performing on or in connection with such contracts.",P_22_2102_1_b_1 (applicable contracts); P_22_2102_1_b_2 (applicable employees),P_22_2102_1_b_1 ^ P_22_2102_1_b_2,DEFERRED,Conjunction (Conj): Rule 7,VALIDATED,PASS,PASS,Parent for applicability. Two conjunctive conditions: contract type and employee coverage.,HIGH
22,22.2102-1(b)(1),P_22_2102_1_b_1,"Contracts that are covered by the Service Contract Labor Standards statute or the Wage Rate Requirements (Construction) statute and require performance in whole or in part within the United States. When performance is in part within and in part outside the United States, this subpart applies to the part of the contract that is performed within the United States.",P_22_2102_1_b_1_a (contract covered by SCLS or WRR); P_22_2102_1_b_1_b (performance in whole or part in U.S.); P_22_2102_1_b_1_c (partial U.S. performance: subpart applies to U.S. portion only),(P_22_2102_1_b_1_a) ^ (P_22_2102_1_b_1_b) ^ (PartialUS -> P_22_2102_1_b_1_c),DEFERRED,Conjunction (Conj): Rule 7; Material Implication (Impl): Rule 15 [HIGH-RISK],PENDING_REVIEW,PASS,PASS,Conjunctive applicability: SCLS/WRR coverage AND U.S. performance. Conditional for partial performance narrows scope to U.S. portion. SCLS/WRR is disjunctive within the first condition.,MEDIUM
22,22.2102-1(b)(2),P_22_2102_1_b_2,"Employees performing on or in connection with such contracts whose wages are governed by the Service Contract Labor Standards statute, the Wage Rate Requirements (Construction) statute, or the Fair Labor Standards Act, including employees who qualify for an exemption from the Fair Labor Standards Act's minimum wage and overtime provisions.","P_22_2102_1_b_2_a (employees performing on/in connection with covered contracts); P_22_2102_1_b_2_b (wages governed by SCLS, WRR, or FLSA); P_22_2102_1_b_2_c (includes FLSA-exempt employees)",P_22_2102_1_b_2_a ^ (P_22_2102_1_b_2_b v P_22_2102_1_b_2_c),DEFERRED,Conjunction (Conj): Rule 7; Addition (Add): Rule 8,VALIDATED,PASS,PASS,Employee applicability scope. Performance on covered contract is required. Wage governance is disjunctive across three statutes. FLSA exemption inclusion broadens scope.,HIGH
22,22.2102-1(c),P_22_2102_1_c,Exclusions from coverage under this subpart.,P_22_2102_1_c_1 (less than 20% exclusion); P_22_2102_1_c_2 (CBA exclusion); P_22_2102_1_c_3 (option renewal exclusion),P_22_2102_1_c_1 ^ P_22_2102_1_c_2 ^ P_22_2102_1_c_3,DEFERRED,Conjunction (Conj): Rule 7,VALIDATED,PASS,PASS,Parent for three conjunctive exclusion categories.,HIGH
22,22.2102-1(c)(1),P_22_2102_1_c_1,"Employees performing in connection with contracts covered by the E.O. for less than 20 percent of their work hours in a given workweek. This exclusion is inapplicable to employees performing on contracts covered by the E.O., i.e., those employees directly engaged in performing the specific work called for by the contract, at any point during the workweek (see 29 CFR 13.4(e)).",P_22_2102_1_c_1_a (in-connection-with employees working <20% on covered contract excluded); P_22_2102_1_c_1_b (exclusion does NOT apply to employees performing directly on contract),P_22_2102_1_c_1_a ^ ~P_22_2102_1_c_1_b,DEFERRED,Conjunction (Conj): Rule 7; Negation (Neg): Rule 10,VALIDATED,PASS,PASS,Narrow exclusion for in-connection-with employees below 20% threshold. Critical carve-out: employees directly performing on the contract are never excluded regardless of hours. Distinction between 'on' and 'in connection with' is determinative.,HIGH
22,22.2102-1(c)(2),P_22_2102_1_c_2,"Until the earlier of the date the agreement terminates or January 1, 2020, employees whose covered work is governed by a collective bargaining agreement ratified before September 30, 2016, that already provides 56 hours of paid sick time each year; or provides less than 56 hours provided that the contractor provides the difference annually in accordance with 29 CFR 13.4(f).",P_22_2102_1_c_2_a (CBA ratified before 9/30/2016); P_22_2102_1_c_2_b (temporal limit: earlier of CBA termination or 1/1/2020); P_22_2102_1_c_2_c_i (CBA provides >= 56 hours paid sick time); P_22_2102_1_c_2_c_ii (CBA provides < 56 hours but contractor provides difference per 29 CFR 13.4(f)),P_22_2102_1_c_2_a ^ P_22_2102_1_c_2_b ^ (P_22_2102_1_c_2_c_i v P_22_2102_1_c_2_c_ii),DEFERRED,Conjunction (Conj): Rule 7; Addition (Add): Rule 8,VALIDATED,PASS,PASS,"Transitional CBA exclusion with temporal boundary and disjunctive compliance pathways. Either full 56-hour coverage or gap-fill arrangement qualifies. January 1, 2020 sunset means this exclusion has likely expired for all agreements.",HIGH
22,22.2102-1(c)(3),P_22_2102_1_c_3,The Government's unilateral exercise of a pre-negotiated option to renew an existing contract that does not contain the clause at 52.222-62 will not automatically trigger the application of that clause. (See definition of 'new contract' at 29 CFR 13.2).,P_22_2102_1_c_3_a (Government exercises pre-negotiated renewal option); P_22_2102_1_c_3_b (existing contract lacks 52.222-62); P_22_2102_1_c_3_c (clause application not automatically triggered),(P_22_2102_1_c_3_a ^ P_22_2102_1_c_3_b) -> ~AutoTrigger,P_52_222_62,Material Implication (Impl): Rule 15 [HIGH-RISK]; Negation (Neg): Rule 10,PENDING_REVIEW,PASS,PASS,Option renewal does not constitute a 'new contract' for clause applicability purposes. 'Automatically' qualifier suggests the clause could still be added through other mechanisms. External dependency on 52.222-62.,MEDIUM
22,22.2102-1(d),P_22_2102_1_d,"Nothing in E.O. 13706 or 29 CFR part 13 shall excuse noncompliance with or supersede any applicable Federal or State law, any applicable law or municipal ordinance, or a collective bargaining agreement requiring greater paid sick leave or leave rights than those established under E.O. 13706 and 29 CFR part 13.",P_22_2102_1_d_a (E.O. 13706/29 CFR 13 does not excuse noncompliance with other laws); P_22_2102_1_d_b (does not supersede Federal/State/local law or CBA requiring greater leave),~P_22_2102_1_d_a ^ ~P_22_2102_1_d_b,DEFERRED,Negation (Neg): Rule 10; Conjunction (Conj): Rule 7,VALIDATED,PASS,PASS,"Non-supersession/savings clause. E.O. 13706 sets a floor, not a ceiling. Greater protections from any source remain in effect.",HIGH
22,22.2102-2,P_22_2102_2,Policy provisions for paid sick leave under E.O. 13706.,P_22_2102_2_a (require accrual/use); P_22_2102_2_b (PTO policy satisfaction); P_22_2102_2_c (no waiver); P_22_2102_2_d (multiemployer plan option); P_22_2102_2_e (compliance/enforcement responsibility),P_22_2102_2_a ^ P_22_2102_2_b ^ P_22_2102_2_c ^ P_22_2102_2_d ^ P_22_2102_2_e,DEFERRED,Conjunction (Conj): Rule 7,VALIDATED,PASS,PASS,Parent for five policy provisions.,HIGH
22,22.2102-2(a),P_22_2102_2_a,The Government must require contractors to allow employees performing work on or in connection with a contract covered by E.O. 13706 to accrue and use paid sick leave in accordance with the E.O. and 29 CFR part 13.,P_22_2102_2_a_1 (Government must require contractor compliance); P_22_2102_2_a_2 (employees must be allowed to accrue and use paid sick leave),P_22_2102_2_a_1 ^ P_22_2102_2_a_2,DEFERRED,Conjunction (Conj): Rule 7,VALIDATED,PASS,PASS,Dual mandatory obligation. Government 'must require' = mandatory Government action. Contractors 'allow' = mandatory contractor compliance. Both accrual and use required.,HIGH
22,22.2102-2(b),P_22_2102_2_b,"In accordance with 29 CFR 13.5(f)(5)(i), the paid sick leave requirements of E.O. 13706 and 29 CFR part 13 may be satisfied by a contractor's voluntary paid time off policy, whether provided pursuant to a collective bargaining agreement or otherwise, where the voluntary paid time off policy meets or exceeds the requirements.",P_22_2102_2_b_a (PTO policy may satisfy requirements); P_22_2102_2_b_b (PTO policy must meet or exceed E.O. requirements),P_22_2102_2_b_b -> (P_22_2102_2_b_a v ~P_22_2102_2_b_a),DEFERRED,Material Implication (Impl): Rule 15 [HIGH-RISK]; Tautology (Taut): Rule 18,PENDING_REVIEW,PASS,PASS,Permissive compliance pathway. 'May be satisfied' = discretionary. Condition: PTO policy must meet/exceed requirements. Tautology models the permissive nature.,MEDIUM
22,22.2102-2(c),P_22_2102_2_c,"Employees cannot waive, nor may contractors induce employees to waive, their rights under E.O. 13706 or 29 CFR part 13 (see 29 CFR 13.7).",P_22_2102_2_c_a (employees cannot waive rights); P_22_2102_2_c_b (contractors may not induce waiver),~P_22_2102_2_c_a ^ ~P_22_2102_2_c_b,DEFERRED,Negation (Neg): Rule 10; Conjunction (Conj): Rule 7,VALIDATED,PASS,PASS,Dual prohibition. Anti-waiver for employees and anti-inducement for contractors. Both are absolute negations with no exceptions.,HIGH
22,22.2102-2(d),P_22_2102_2_d,"Contractors may fulfill their obligations under E.O. 13706 and 29 CFR part 13 jointly with other contractors through a multiemployer plan, or may fulfill their obligations through an individual fund, plan, or program (see 29 CFR 13.8).",P_22_2102_2_d_a (may fulfill via multiemployer plan); P_22_2102_2_d_b (may fulfill via individual fund/plan/program),P_22_2102_2_d_a v P_22_2102_2_d_b,P_22_2101_e,Addition (Add): Rule 8,VALIDATED,PASS,PASS,Disjunctive compliance pathways. Either multiemployer or individual approach satisfies the obligation. 'May' = permissive choice between two valid methods.,HIGH
22,22.2102-2(e),P_22_2102_2_e,"Unless otherwise provided in this subpart, compliance is the responsibility of the contractor, and enforcement is the responsibility of the Department of Labor.",P_22_2102_2_e_a (compliance = contractor responsibility); P_22_2102_2_e_b (enforcement = DOL responsibility); P_22_2102_2_e_c (unless otherwise provided in this subpart),(~P_22_2102_2_e_c) -> (P_22_2102_2_e_a ^ P_22_2102_2_e_b),DEFERRED,Material Implication (Impl): Rule 15 [HIGH-RISK]; Conjunction (Conj): Rule 7,PENDING_REVIEW,PASS,PASS,"Default responsibility allocation with 'unless' exception. Contractor compliance and DOL enforcement are the baseline, subject to subpart-specific overrides.",MEDIUM
22,22.2102-3,P_22_2102_3,Contractor requirements for paid sick leave under E.O. 13706 in accordance with 29 CFR 13.5 and by operation of clause 52.222-62.,P_22_2102_3_a (accrual); P_22_2102_3_b (maximum accrual/carryover/reinstatement); P_22_2102_3_c (use); P_22_2102_3_d (request); P_22_2102_3_e (certification),P_22_2102_3_a ^ P_22_2102_3_b ^ P_22_2102_3_c ^ P_22_2102_3_d ^ P_22_2102_3_e,P_52_222_62,Conjunction (Conj): Rule 7,VALIDATED,PASS,PASS,Parent for five requirement categories. All operate through clause 52.222-62.,HIGH
22,22.2102-3(a),P_22_2102_3_a,Accrual requirements for paid sick leave.,P_22_2102_3_a_1 (1 hour per 30 hours worked); P_22_2102_3_a_2 (written notification); P_22_2102_3_a_3 (lump-sum option),P_22_2102_3_a_1 ^ P_22_2102_3_a_2 ^ P_22_2102_3_a_3,DEFERRED,Conjunction (Conj): Rule 7,VALIDATED,PASS,PASS,"Parent for accrual provisions. First two mandatory, third permissive alternative.",HIGH
22,22.2102-3(a)(1),P_22_2102_3_a_1,Contractors are required to permit an employee to accrue not less than 1 hour of paid sick leave for every 30 hours worked on or in connection with a contract covered by the E.O. (see 29 CFR 13.5(a)(1)).,P_22_2102_3_a_1 (minimum accrual rate: 1 hour per 30 hours worked),P_22_2102_3_a_1,DEFERRED,N/A (mandatory rate requirement),VALIDATED,PASS,PASS,Mandatory minimum accrual rate. 'Not less than' establishes a floor. Applies to all hours on or in connection with covered contract.,HIGH
22,22.2102-3(a)(2),P_22_2102_3_a_2,"Contractors are required to inform each employee, in writing, of the amount of paid sick leave the employee has accrued but not used no less than once each pay period or each month, whichever interval is shorter, as well as upon a separation from employment and upon reinstatement of paid sick leave, pursuant to 29 CFR 13.5(b)(4) (see 29 CFR 13.5(a)(2)).","P_22_2102_3_a_2_a (written notification of accrued unused leave); P_22_2102_3_a_2_b (at least each pay period or month, whichever shorter); P_22_2102_3_a_2_c (upon separation); P_22_2102_3_a_2_d (upon reinstatement)",P_22_2102_3_a_2_a ^ P_22_2102_3_a_2_b ^ P_22_2102_3_a_2_c ^ P_22_2102_3_a_2_d,DEFERRED,Conjunction (Conj): Rule 7,VALIDATED,PASS,PASS,"Mandatory written notification with four conjunctive requirements: content, frequency floor, separation trigger, reinstatement trigger.",HIGH
22,22.2102-3(a)(3),P_22_2102_3_a_3,Contractors may choose to provide employees with at least 56 hours of paid sick leave at the beginning of each accrual year rather than allowing the employee to accrue such leave based on hours worked over time (see 29 CFR 13.5(a)(3)).,P_22_2102_3_a_3_a (may provide 56 hours at beginning of accrual year); P_22_2102_3_a_3_b (alternative to hourly accrual),P_22_2102_3_a_3_a v P_22_2102_3_a_1,P_22_2102_3_a_1,Addition (Add): Rule 8,VALIDATED,PASS,PASS,Permissive alternative to hourly accrual. Contractor may choose lump-sum of 56+ hours at year start instead. 'May choose' = discretionary.,HIGH
22,22.2102-3(b),P_22_2102_3_b,"Maximum accrual, carryover, reinstatement, and payment for unused leave provisions.",P_22_2102_3_b_1 (annual accrual cap); P_22_2102_3_b_2 (carryover); P_22_2102_3_b_3 (use cap); P_22_2102_3_b_4 (reinstatement); P_22_2102_3_b_5 (payment for unused leave),P_22_2102_3_b_1 ^ P_22_2102_3_b_2 ^ P_22_2102_3_b_3 ^ P_22_2102_3_b_4 ^ P_22_2102_3_b_5,DEFERRED,Conjunction (Conj): Rule 7,VALIDATED,PASS,PASS,Parent for five maximum accrual/leave management provisions.,HIGH
22,22.2102-3(b)(1),P_22_2102_3_b_1,Contractors may limit the amount of paid sick leave employees are permitted to accrue to not less than 56 hours in each accrual year (see 29 CFR 13.5(b)(1)).,P_22_2102_3_b_1 (may limit annual accrual to minimum 56 hours),P_22_2102_3_b_1,P_22_2101_a,N/A (permissive limitation),VALIDATED,PASS,PASS,Permissive accrual cap. 'May limit' = discretionary. 'Not less than 56 hours' = mandatory floor if cap is imposed. References accrual year definition.,HIGH
22,22.2102-3(b)(2),P_22_2102_3_b_2,Paid sick leave must carry over from one accrual year to the next. Paid sick leave carried over from the previous accrual year must not count toward any limit the contractor sets on annual accrual (see 29 CFR 13.5(b)(2)).,P_22_2102_3_b_2_a (must carry over year to year); P_22_2102_3_b_2_b (carryover must not count toward annual accrual limit),P_22_2102_3_b_2_a ^ ~CountCarryoverTowardLimit,DEFERRED,Conjunction (Conj): Rule 7; Negation (Neg): Rule 10,VALIDATED,PASS,PASS,"Dual mandatory provisions: carryover is required, and carryover hours are excluded from annual cap calculations. Both 'must' terms are mandatory.",HIGH
22,22.2102-3(b)(3),P_22_2102_3_b_3,Contractors may limit the amount of paid sick leave an employee is permitted to have available for use at any point to not less than 56 hours (see 29 CFR 13.5(b)(3)).,P_22_2102_3_b_3 (may limit available-for-use balance to minimum 56 hours),P_22_2102_3_b_3,DEFERRED,N/A (permissive limitation),VALIDATED,PASS,PASS,"Permissive balance cap. Distinct from accrual cap in (b)(1) -- this limits available-for-use, not annual accrual. 56-hour floor applies.",HIGH
22,22.2102-3(b)(4),P_22_2102_3_b_4,Contractors are required to reinstate paid sick leave for employees only when rehired by the same contractor within 12 months after a job separation (see 29 CFR 13.5(b)(4)).,P_22_2102_3_b_4_a (must reinstate paid sick leave); P_22_2102_3_b_4_b (only when rehired by same contractor); P_22_2102_3_b_4_c (within 12 months of separation),(P_22_2102_3_b_4_b ^ P_22_2102_3_b_4_c) -> P_22_2102_3_b_4_a,DEFERRED,Material Implication (Impl): Rule 15 [HIGH-RISK]; Conjunction (Conj): Rule 7,PENDING_REVIEW,PASS,PASS,Conditional mandatory reinstatement. Two conjunctive conditions trigger the obligation: same contractor AND within 12 months. 'Only when' limits the obligation scope.,MEDIUM
22,22.2102-3(b)(5),P_22_2102_3_b_5,"Nothing in E.O. 13706 or 29 CFR part 13 requires contractors to make a financial payment to an employee for accrued paid sick leave that has not been used upon a separation from employment. If a contractor nevertheless makes such a payment in an amount equal to or greater than the value of the pay and benefits the employee would have received pursuant to 29 CFR 13.5(c)(3) had the employee used the paid sick leave, the contractor is relieved of the obligation to reinstate an employee's accrued paid sick leave upon rehiring the employee within 12 months of the separation pursuant to 29 CFR 13.5(b)(4) (see 29 CFR 13.5(b)(5)).",P_22_2102_3_b_5_a (no requirement to pay out unused leave at separation); P_22_2102_3_b_5_b (if contractor voluntarily pays out >= value of leave); P_22_2102_3_b_5_c (contractor relieved of reinstatement obligation under (b)(4)),~P_22_2102_3_b_5_a ^ (P_22_2102_3_b_5_b -> ~P_22_2102_3_b_4_a),P_22_2102_3_b_4,Negation (Neg): Rule 10; Material Implication (Impl): Rule 15 [HIGH-RISK]; Conjunction (Conj): Rule 7,PENDING_REVIEW,PASS,PASS,"No payout requirement (negation) coupled with a voluntary payout safe harbor. If voluntary payment meets threshold, reinstatement obligation in (b)(4) is negated. Creates financial incentive for clean separations.",MEDIUM
22,22.2102-3(c),P_22_2102_3_c,Contractors are required to permit an employee to use paid sick leave in accordance with 29 CFR 13.5(c).,P_22_2102_3_c (must permit use per 29 CFR 13.5(c)),P_22_2102_3_c,DEFERRED,N/A (mandatory requirement with external reference),VALIDATED,PASS,PASS,Mandatory use requirement. Substantive use conditions incorporated by reference to 29 CFR 13.5(c).,HIGH
22,22.2102-3(d),P_22_2102_3_d,"Contractors are required to permit an employee to use any or all of the employee's available paid sick leave upon the oral or written request of an employee that includes information sufficient to inform the contractor that the employee is seeking to be absent from work for a purpose described in 29 CFR 13.5(c) and, to the extent reasonably feasible, the anticipated duration of the leave (see 29 CFR 13.5(d)).",P_22_2102_3_d_a (must permit use of any/all available leave); P_22_2102_3_d_b (upon oral or written request); P_22_2102_3_d_c (request includes sufficient info re: qualifying purpose); P_22_2102_3_d_d (anticipated duration to extent reasonably feasible),P_22_2102_3_d_b ^ P_22_2102_3_d_c -> (P_22_2102_3_d_a ^ P_22_2102_3_d_d),DEFERRED,Material Implication (Impl): Rule 15 [HIGH-RISK]; Conjunction (Conj): Rule 7,PENDING_REVIEW,PASS,PASS,Request triggers mandatory leave approval. Request form is disjunctive (oral or written). Content requirements are conjunctive. 'Reasonably feasible' qualifier on duration softens that element.,MEDIUM
22,22.2102-3(e),P_22_2102_3_e,"Contractors may require certification issued by a health care provider to verify the need for paid sick leave used for a purpose described in 29 CFR 13.5(c)(1)(i), (ii), or (iii), or documentation from an appropriate individual or organization to verify the need for paid sick leave used for a purpose described in 29 CFR 13.5(c)(1)(iv), only if the employee is absent for 3 or more consecutive full workdays (see 29 CFR 13.5(e)).",P_22_2102_3_e_a (may require health care provider certification for 13.5(c)(1)(i)-(iii) purposes); P_22_2102_3_e_b (may require documentation for 13.5(c)(1)(iv) purposes); P_22_2102_3_e_c (only if absent 3+ consecutive full workdays),P_22_2102_3_e_c -> (P_22_2102_3_e_a v P_22_2102_3_e_b) v ~(P_22_2102_3_e_a v P_22_2102_3_e_b),P_22_2101_b; P_22_2101_d,Material Implication (Impl): Rule 15 [HIGH-RISK]; Tautology (Taut): Rule 18; Addition (Add): Rule 8,PENDING_REVIEW,PASS,PASS,"Permissive certification requirement with mandatory 3-day threshold. 'May require' = discretionary, but only available after 3+ consecutive workdays. Different verification sources for different leave purposes. Tautology models the permissive nature.",MEDIUM
22,22.2102-4,P_22_2102_4,"Prohibited acts under paid sick leave provisions, in accordance with 29 CFR 13.6 and by operation of clause 52.222-62.",P_22_2102_4_a (interference); P_22_2102_4_b (discrimination); P_22_2102_4_c (recordkeeping failure),~P_22_2102_4_a ^ ~P_22_2102_4_b ^ ~P_22_2102_4_c,P_52_222_62,Negation (Neg): Rule 10; Conjunction (Conj): Rule 7,VALIDATED,PASS,PASS,Parent for three categories of prohibited acts. All modeled as conjunctive negations.,HIGH
22,22.2102-4(a),P_22_2102_4_a,A contractor may not interfere with an employee's accrual or use of paid sick leave as required by E.O. 13706 or 29 CFR part 13 (see 29 CFR 13.6(a)).,P_22_2102_4_a (contractor must not interfere with accrual or use),~Interfere_Accrual ^ ~Interfere_Use,DEFERRED,Negation (Neg): Rule 10; Conjunction (Conj): Rule 7,VALIDATED,PASS,PASS,Dual prohibition on interference. Covers both accrual and use phases. 'May not' = mandatory prohibition.,HIGH
22,22.2102-4(b),P_22_2102_4_b,A contractor may not discharge or in any other manner discriminate against any employee for protected activities.,P_22_2102_4_b_1 (using/attempting to use leave); P_22_2102_4_b_2 (filing complaint/initiating proceeding); P_22_2102_4_b_3 (cooperating in investigation); P_22_2102_4_b_4 (informing others of rights),~(Discriminate_for_P_22_2102_4_b_1 v Discriminate_for_P_22_2102_4_b_2 v Discriminate_for_P_22_2102_4_b_3 v Discriminate_for_P_22_2102_4_b_4),DEFERRED,Negation (Neg): Rule 10; De Morgan's (DeM): Rule 11; Addition (Add): Rule 8,VALIDATED,PASS,PASS,Prohibition on discrimination for any of four protected activities. 'Discharge or in any other manner discriminate' = broad prohibition scope. Disjunctive protected activities under a single negation.,HIGH
22,22.2102-4(b)(1),P_22_2102_4_b_1,"Using, or attempting to use, paid sick leave as provided for under E.O. 13706 and 29 CFR part 13.",P_22_2102_4_b_1 (protected activity: using or attempting to use paid sick leave),P_22_2102_4_b_1,P_22_2102_4_b,N/A (protected activity definition),VALIDATED,PASS,PASS,Protected activity. Covers both actual use and attempt. Broad protection.,HIGH
22,22.2102-4(b)(2),P_22_2102_4_b_2,"Filing any complaint, initiating any proceeding, or otherwise asserting any right or claim under E.O. 13706 or 29 CFR part 13.","P_22_2102_4_b_2 (protected activity: filing complaint, initiating proceeding, asserting rights)",P_22_2102_4_b_2,P_22_2102_4_b,N/A (protected activity definition),VALIDATED,PASS,PASS,"Protected activity. Disjunctive: filing, initiating, or asserting. 'Otherwise asserting' = catch-all.",HIGH
22,22.2102-4(b)(3),P_22_2102_4_b_3,Cooperating in any investigation or testifying in any proceeding under E.O. 13706 or 29 CFR part 13.,P_22_2102_4_b_3 (protected activity: cooperating in investigation or testifying),P_22_2102_4_b_3,P_22_2102_4_b,N/A (protected activity definition),VALIDATED,PASS,PASS,Protected activity. Covers cooperation and testimony.,HIGH
22,22.2102-4(b)(4),P_22_2102_4_b_4,Informing any other person about his or her rights under E.O. 13706 or 29 CFR part 13 (see 29 CFR 13.6(b)).,P_22_2102_4_b_4 (protected activity: informing others of their rights),P_22_2102_4_b_4,P_22_2102_4_b,N/A (protected activity definition),VALIDATED,PASS,PASS,Protected activity. Protects rights communication to any person.,HIGH
22,22.2102-4(c),P_22_2102_4_c,"Fail to make and maintain or to make available to authorized representatives of the Wage and Hour Division records for inspection, copying, and transcription as required by 29 CFR 13.25, or otherwise fail to comply with the requirements of 29 CFR 13.25 (see 29 CFR 13.6(c)).",P_22_2102_4_c_a (must not fail to make/maintain records per 29 CFR 13.25); P_22_2102_4_c_b (must not fail to make records available for inspection/copying/transcription); P_22_2102_4_c_c (must not otherwise fail to comply with 29 CFR 13.25),~FailMakeRecords ^ ~FailMakeAvailable ^ ~FailComply_13_25,DEFERRED,Negation (Neg): Rule 10; Conjunction (Conj): Rule 7,VALIDATED,PASS,PASS,"Triple recordkeeping prohibition. Covers creation/maintenance, availability for review, and general 29 CFR 13.25 compliance. Catch-all in (c) ensures comprehensive coverage.",HIGH
22,22.2102-5,P_22_2102_5,"Insert the clause at 52.222-62, Paid Sick Leave Under Executive Order 13706, in solicitations and contracts that include the clause at 52.222-6, Construction Wage Rate Requirements, or 52.222-41, Service Contract Labor Standards, where work is to be performed, in whole or in part, in the United States (the 50 States and the District of Columbia).",P_22_2102_5_a (insert 52.222-62 in solicitations and contracts); P_22_2102_5_b (that include 52.222-6 or 52.222-41); P_22_2102_5_c (work performed in whole or part in U.S. including 50 states and DC),(P_22_2102_5_b ^ P_22_2102_5_c) -> P_22_2102_5_a,P_52_222_62; P_52_222_6; P_52_222_41,Material Implication (Impl): Rule 15 [HIGH-RISK]; Conjunction (Conj): Rule 7,PENDING_REVIEW,PASS,PASS,Mandatory clause insertion. Two conjunctive triggers: construction/service contract clause inclusion AND U.S. performance. Explicitly defines U.S. as 50 states and DC (narrower than some other definitions that include territories).,MEDIUM
22,22.2103,P_22_2103,Postaward provisions for paid sick leave enforcement.,P_22_2103_a (authority); P_22_2103_b (complaints); P_22_2103_c (investigations); P_22_2103_d (remedies and sanctions),P_22_2103_a ^ P_22_2103_b ^ P_22_2103_c ^ P_22_2103_d,DEFERRED,Conjunction (Conj): Rule 7,VALIDATED,PASS,PASS,Parent for postaward enforcement. Four conjunctive subsections.,HIGH
22,22.2103(a),P_22_2103_a,"Section 4 of Executive Order (E.O.) 13706 grants to the Secretary the authority for investigating potential violations of, and obtaining compliance with, the E.O. The Secretary of Labor, in promulgating the implementing regulations required by section 3 of the E.O., has assigned this authority to the Administrator of the Wage and Hour Division. Contracting agencies do not have authority to conduct compliance investigations under 29 CFR part 13 as implemented in this subpart. This does not limit the contracting officer's authority to otherwise enforce the terms and conditions of the contract.",P_22_2103_a_1 (E.O. grants investigation/compliance authority to Secretary); P_22_2103_a_2 (Secretary assigned to WHD Administrator); P_22_2103_a_3 (agencies lack investigation authority under 29 CFR 13); P_22_2103_a_4 (does not limit CO contract enforcement authority),P_22_2103_a_1 ^ P_22_2103_a_2 ^ ~P_22_2103_a_3 ^ P_22_2103_a_4,DEFERRED,Conjunction (Conj): Rule 7; Negation (Neg): Rule 10,VALIDATED,PASS,PASS,"Authority delegation chain paralleling 22.1905(a)(1) but for E.O. 13706 instead of E.O. 14026. Same structure: delegation, prohibition on agency investigations, CO enforcement carve-out.",HIGH
22,22.2103(b),P_22_2103_b,Complaints procedures for paid sick leave violations.,P_22_2103_b_1 (filing); P_22_2103_b_2 (identity protection); P_22_2103_b_3 (CO reporting),P_22_2103_b_1 ^ P_22_2103_b_2 ^ P_22_2103_b_3,DEFERRED,Conjunction (Conj): Rule 7,VALIDATED,PASS,PASS,Parent for complaints subsections.,HIGH
22,22.2103(b)(1),P_22_2103_b_1,"Complaints are filed with the Administrator of the Wage and Hour Division and may be brought by any person (including the employee), entity, or organization that believes a violation of this subpart has occurred.",P_22_2103_b_1_a (complaints filed with WHD Administrator); P_22_2103_b_1_b (may be brought by any person/entity/organization); P_22_2103_b_1_c (belief of subpart violation),P_22_2103_b_1_c -> (P_22_2103_b_1_a ^ P_22_2103_b_1_b),DEFERRED,Material Implication (Impl): Rule 15 [HIGH-RISK]; Conjunction (Conj): Rule 7,PENDING_REVIEW,PASS,PASS,"Filing with WHD Administrator (not CO, unlike 22.1905). Broad standing. Note difference from 22.1905(b)(1) which allowed filing with CO or Administrator.",MEDIUM
22,22.2103(b)(2),P_22_2103_b_2,"The identity of any individual who makes a written or oral statement as a complaint or in the course of an investigation, as well as portions of the statement which would reveal the individual's identity, must not be disclosed in any manner to anyone other than Federal officials without the prior consent of the individual, unless otherwise authorized by law.",P_22_2103_b_2_a (identity must not be disclosed); P_22_2103_b_2_b (identity-revealing portions must not be disclosed); P_22_2103_b_2_c (exception: Federal officials); P_22_2103_b_2_d (exception: individual consent); P_22_2103_b_2_e (exception: legal authorization),(~P_22_2103_b_2_a ^ ~P_22_2103_b_2_b) v P_22_2103_b_2_c v P_22_2103_b_2_d v P_22_2103_b_2_e,DEFERRED,Conjunction (Conj): Rule 7; Negation (Neg): Rule 10; Addition (Add): Rule 8,VALIDATED,PASS,PASS,Identity protection provision. Mirrors 22.1905(b)(2) exactly. Same three disjunctive exceptions.,HIGH
22,22.2103(b)(3),P_22_2103_b_3,"If the contracting agency receives a complaint or is notified that the Administrator of the Wage and Hour Division has received a complaint, the contracting officer must report, within 14 days, to the Department of Labor, Wage and Hour Division, all available information without conducting an investigation.",P_22_2103_b_3_a (agency receives complaint or notified of WHD complaint); P_22_2103_b_3_b (CO must report within 14 days); P_22_2103_b_3_c (report to DOL WHD); P_22_2103_b_3_d (available without investigation),(P_22_2103_b_3_a ^ P_22_2103_b_3_d) -> (P_22_2103_b_3_b ^ P_22_2103_b_3_c),DEFERRED,Material Implication (Impl): Rule 15 [HIGH-RISK]; Conjunction (Conj): Rule 7,PENDING_REVIEW,PASS,PASS,Parallels 22.1905(b)(3). Same 14-day reporting structure and information scope.,MEDIUM
22,22.2103(b)(3)(i),P_22_2103_b_3_i,The complaint or description of the alleged violation.,P_22_2103_b_3_i (the complaint or description of the alleged violation),P_22_2103_b_3 -> P_22_2103_b_3_i,P_22_2103_b_3,Material Implication (Impl): Rule 15 [HIGH-RISK],VALIDATED,PASS,PASS,Required reporting element under 22.2103(b)(3). Parallel to 22.1905(b)(3)(i).,HIGH
22,22.2103(b)(3)(ii),P_22_2103_b_3_ii,"Available statements by the employee, contractor, or any other person regarding the alleged violation.","P_22_2103_b_3_ii (available statements by the employee, contractor, or any other person regarding the alleged violation)",P_22_2103_b_3 -> P_22_2103_b_3_ii,P_22_2103_b_3,Material Implication (Impl): Rule 15 [HIGH-RISK],VALIDATED,PASS,PASS,Required reporting element under 22.2103(b)(3). Parallel to 22.1905(b)(3)(ii).,HIGH
22,22.2103(b)(3)(iii),P_22_2103_b_3_iii,"Evidence that clause 52.222-62, Paid Sick Leave Under Executive Order 13706, was included in the contract.","P_22_2103_b_3_iii (evidence that clause 52.222-62, paid sick leave under executive order 13706, was included in the contract)",P_22_2103_b_3 -> P_22_2103_b_3_iii,P_22_2103_b_3; P_52_222_62,Material Implication (Impl): Rule 15 [HIGH-RISK],VALIDATED,PASS,PASS,Required reporting element under 22.2103(b)(3). Parallel to 22.1905(b)(3)(iii).,HIGH
22,22.2103(b)(3)(iv),P_22_2103_b_3_iv,"Information concerning known settlement negotiations between the parties, if applicable.","P_22_2103_b_3_iv (information concerning known settlement negotiations between the parties, if applicable)",P_22_2103_b_3 -> P_22_2103_b_3_iv,P_22_2103_b_3,Material Implication (Impl): Rule 15 [HIGH-RISK],VALIDATED,PASS,PASS,Required reporting element under 22.2103(b)(3). Parallel to 22.1905(b)(3)(iv).,HIGH
22,22.2103(b)(3)(v),P_22_2103_b_3_v,Any other relevant facts known to the contracting officer or other information requested by the Wage and Hour Division.,P_22_2103_b_3_v (any other relevant facts known to the contracting officer or other information requested by the wage and hour division),P_22_2103_b_3 -> P_22_2103_b_3_v,P_22_2103_b_3,Material Implication (Impl): Rule 15 [HIGH-RISK],VALIDATED,PASS,PASS,Required reporting element under 22.2103(b)(3). Parallel to 22.1905(b)(3)(v).,HIGH
22,22.2103(c),P_22_2103_c,"Complaints will be investigated by the Administrator of the Wage and Hour Division, if warranted, in accordance with the procedures in 29 CFR 13.43.",P_22_2103_c_a (complaints investigated by WHD Administrator); P_22_2103_c_b (if warranted); P_22_2103_c_c (per 29 CFR 13.43),(P_22_2103_c_b) -> (P_22_2103_c_a ^ P_22_2103_c_c),DEFERRED,Material Implication (Impl): Rule 15 [HIGH-RISK]; Conjunction (Conj): Rule 7,PENDING_REVIEW,PASS,PASS,Conditional investigation paralleling 22.1905(c). WHD Administrator discretion. Different CFR reference (13.43 vs. 23.430).,MEDIUM
22,22.2103(d),P_22_2103_d,Remedies and sanctions for paid sick leave violations.,P_22_2103_d_1 (withholding/suspension); P_22_2103_d_2 (civil actions); P_22_2103_d_3 (termination); P_22_2103_d_4 (debarment); P_22_2103_d_5 (interference remedies); P_22_2103_d_6 (discrimination remedies); P_22_2103_d_7 (recordkeeping),P_22_2103_d_1 ^ P_22_2103_d_2 ^ P_22_2103_d_3 ^ P_22_2103_d_4 ^ P_22_2103_d_5 ^ P_22_2103_d_6 ^ P_22_2103_d_7,DEFERRED,Conjunction (Conj): Rule 7,VALIDATED,PASS,PASS,Parent for seven remedy/sanction categories. Significantly more detailed than 22.1905(d).,HIGH
22,22.2103(d)(1),P_22_2103_d_1,"The contracting officer must, upon his or her own action or upon written request of the Administrator of the Wage and Hour Division, withhold or suspend payments.",P_22_2103_d_1_i (withholding for violations); P_22_2103_d_1_ii (suspension for records failure),P_22_2103_d_1_i ^ P_22_2103_d_1_ii,DEFERRED,Conjunction (Conj): Rule 7,VALIDATED,PASS,PASS,Parent for two withholding/suspension mechanisms. CO acts on own or at WHD Administrator direction.,HIGH
22,22.2103(d)(1)(i),P_22_2103_d_1_i,"Withhold or cause to be withheld from the contractor under the contract covered by the E.O. or any other Federal contract with the same contractor, so much of the accrued payments or advances as may be considered necessary to pay employees the full amount owed to compensate for any violation of E.O. 13706 or 29 CFR part 13; and the contracting agency may, after authorization or by direction of the WHD Administrator and written notification to the contractor, take action to cause suspension of any further payment, advance, or guarantee of funds until such violations have ceased.",P_22_2103_d_1_i_a (must withhold payments necessary to compensate employees); P_22_2103_d_1_i_b (applies to covered contract or any other Federal contract); P_22_2103_d_1_i_c (agency may suspend further payments after WHD authorization and contractor notification),P_22_2103_d_1_i_a ^ P_22_2103_d_1_i_b ^ (WHD_Auth ^ Notification -> (P_22_2103_d_1_i_c v ~P_22_2103_d_1_i_c)),DEFERRED,Conjunction (Conj): Rule 7; Material Implication (Impl): Rule 15 [HIGH-RISK]; Tautology (Taut): Rule 18,PENDING_REVIEW,PASS,PASS,Mandatory withholding with cross-contract reach. Discretionary suspension requires WHD authorization and contractor notice. 'May' on suspension = tautology.,MEDIUM
22,22.2103(d)(1)(ii),P_22_2103_d_1_ii,"Take action to cause suspension of any further payment, advance, or guarantee of funds to a contractor that has failed to make available for inspection, copying, and transcription any of the records identified in 29 CFR 13.25.",P_22_2103_d_1_ii_a (contractor fails to make records available per 29 CFR 13.25); P_22_2103_d_1_ii_b (suspend further payment/advance/guarantee),P_22_2103_d_1_ii_a -> P_22_2103_d_1_ii_b,DEFERRED,Material Implication (Impl): Rule 15 [HIGH-RISK],PENDING_REVIEW,PASS,PASS,Records failure triggers mandatory payment suspension. No discretion indicated - direct consequence.,MEDIUM
22,22.2103(d)(2),P_22_2103_d_2,Civil actions to recover greater underpayments than those withheld.,P_22_2103_d_2_i (DOL court action for remaining amounts); P_22_2103_d_2_ii (pay directly to employees); P_22_2103_d_2_iii (3-year transfer to Treasury),P_22_2103_d_2_i ^ P_22_2103_d_2_ii ^ P_22_2103_d_2_iii,DEFERRED,Conjunction (Conj): Rule 7,VALIDATED,PASS,PASS,Parent for civil recovery provisions.,HIGH
22,22.2103(d)(2)(i),P_22_2103_d_2_i,"If the payments withheld under 29 CFR 13.11(c) are insufficient to reimburse all monetary relief due, or if there are no payments to withhold, the Department of Labor, following a final order of the Secretary of Labor, may bring an action against the contractor in any court of competent jurisdiction to recover the remaining amount.",P_22_2103_d_2_i_a (withheld payments insufficient or none available); P_22_2103_d_2_i_b (following final Secretary order); P_22_2103_d_2_i_c (DOL may bring court action to recover remainder),(P_22_2103_d_2_i_a ^ P_22_2103_d_2_i_b) -> (P_22_2103_d_2_i_c v ~P_22_2103_d_2_i_c),DEFERRED,Material Implication (Impl): Rule 15 [HIGH-RISK]; Conjunction (Conj): Rule 7; Tautology (Taut): Rule 18,PENDING_REVIEW,PASS,PASS,Conditional discretionary court action. Requires insufficiency finding AND Secretary final order. 'May' = permissive. Tautology models discretion.,MEDIUM
22,22.2103(d)(2)(ii),P_22_2103_d_2_ii,"The Department of Labor must, to the extent possible, pay any sums it recovers in this manner directly to the employees who suffered the violation(s) of 29 CFR 13.6(a) or (b).",P_22_2103_d_2_ii (DOL must pay recovered sums directly to affected employees to extent possible),P_22_2103_d_2_ii,DEFERRED,N/A (mandatory disbursement requirement),VALIDATED,PASS,PASS,"Mandatory direct payment with feasibility qualifier. 'Must, to the extent possible' = obligatory effort, not absolute guarantee.",HIGH
22,22.2103(d)(2)(iii),P_22_2103_d_2_iii,Any sum not paid to an employee because of inability to do so within 3 years must be transferred into the Treasury of the United States as miscellaneous receipts.,P_22_2103_d_2_iii_a (sum not paid to employee within 3 years due to inability); P_22_2103_d_2_iii_b (must transfer to U.S. Treasury as miscellaneous receipts),P_22_2103_d_2_iii_a -> P_22_2103_d_2_iii_b,DEFERRED,Material Implication (Impl): Rule 15 [HIGH-RISK],PENDING_REVIEW,PASS,PASS,3-year escheatment provision. Inability to pay triggers mandatory Treasury transfer. Backstop for unclaimed recovery funds.,MEDIUM
22,22.2103(d)(3),P_22_2103_d_3,Contracting officers may consider the failure of a contractor to comply with the requirements of E.O. 13706 or 29 CFR part 13 as grounds for termination for default or cause.,P_22_2103_d_3_a (contractor fails to comply with E.O. 13706/29 CFR 13); P_22_2103_d_3_b (CO may consider as grounds for termination for default or cause),P_22_2103_d_3_a -> (P_22_2103_d_3_b v ~P_22_2103_d_3_b),DEFERRED,Material Implication (Impl): Rule 15 [HIGH-RISK]; Tautology (Taut): Rule 18,PENDING_REVIEW,PASS,PASS,"Discretionary termination authority. 'May consider' = permissive evaluation, not mandatory action. Tautology preserves CO discretion.",MEDIUM
22,22.2103(d)(4),P_22_2103_d_4,Debarment provisions for paid sick leave violations.,P_22_2103_d_4_i (DOL debarment proceedings); P_22_2103_d_4_ii (CO notification to S&D official),P_22_2103_d_4_i ^ P_22_2103_d_4_ii,DEFERRED,Conjunction (Conj): Rule 7,VALIDATED,PASS,PASS,Parent for debarment subsections. Parallels 22.1905(d)(3) structure.,HIGH
22,22.2103(d)(4)(i),P_22_2103_d_4_i,The Department of Labor may initiate debarment proceedings under 29 CFR 13.44(d) and 29 CFR 13.52 whenever a contractor is found to have disregarded its obligations under E.O. 13706 or 29 CFR part 13.,P_22_2103_d_4_i_a (contractor disregards E.O. 13706/29 CFR 13 obligations); P_22_2103_d_4_i_b (DOL may initiate debarment per 29 CFR 13.44(d) and 13.52),P_22_2103_d_4_i_a -> (P_22_2103_d_4_i_b v ~P_22_2103_d_4_i_b),DEFERRED,Material Implication (Impl): Rule 15 [HIGH-RISK]; Tautology (Taut): Rule 18,PENDING_REVIEW,PASS,PASS,Discretionary DOL debarment. 'May' = permissive. Different CFR citations than 22.1905(d)(3)(i).,MEDIUM
22,22.2103(d)(4)(ii),P_22_2103_d_4_ii,Contracting officers must consider notifying the agency suspending and debarring official in accordance with agency procedures when a contractor commits significant violations of contract terms and conditions related to this subpart (see subpart 9.4).,P_22_2103_d_4_ii_a (contractor commits significant violations related to this subpart); P_22_2103_d_4_ii_b (CO must consider notifying S&D official per agency procedures),P_22_2103_d_4_ii_a -> P_22_2103_d_4_ii_b,P_22_Subpart_9_4,Material Implication (Impl): Rule 15 [HIGH-RISK],PENDING_REVIEW,PASS,PASS,Mandatory consideration paralleling 22.1905(d)(3)(ii). Cross-reference to subpart 9.4 for S&D procedures. 'Must consider' not 'must notify'.,MEDIUM
22,22.2103(d)(5),P_22_2103_d_5,Remedies for interference with paid sick leave accrual or use.,P_22_2103_d_5_i (WHD notification and request); P_22_2103_d_5_ii (directed relief); P_22_2103_d_5_iii (liquidated damages); P_22_2103_d_5_iv (payment withholding and fund transfer),P_22_2103_d_5_i ^ P_22_2103_d_5_ii ^ P_22_2103_d_5_iii ^ P_22_2103_d_5_iv,DEFERRED,Conjunction (Conj): Rule 7,VALIDATED,PASS,PASS,Parent for interference remedy escalation chain.,HIGH
22,22.2103(d)(5)(i),P_22_2103_d_5_i,"When the Administrator of the Wage and Hour Division determines that a contractor has interfered with an employee's accrual or use of paid sick leave in violation of 29 CFR 13.6(a), the Administrator of the Wage and Hour Division will notify the contractor and the relevant contracting agency of the interference and request that the contractor remedy the violation.",P_22_2103_d_5_i_a (WHD Administrator determines interference violation); P_22_2103_d_5_i_b (will notify contractor and agency); P_22_2103_d_5_i_c (will request contractor remedy),P_22_2103_d_5_i_a -> (P_22_2103_d_5_i_b ^ P_22_2103_d_5_i_c),P_22_2102_4_a,Material Implication (Impl): Rule 15 [HIGH-RISK]; Conjunction (Conj): Rule 7,PENDING_REVIEW,PASS,PASS,Determination triggers mandatory notification and remedy request. 'Will' = declarative obligation. First step in escalation chain.,MEDIUM
22,22.2103(d)(5)(ii),P_22_2103_d_5_ii,"If the contractor does not remedy the violation, the Administrator of the Wage and Hour Division must direct the contractor to provide any appropriate relief to the affected employee(s) in the investigative findings letter issued pursuant to 29 CFR 13.51. Such relief may include: any pay and/or benefits denied or lost by reason of the violation; other actual monetary losses sustained as a direct result of the violation; or appropriate equitable or other relief.","P_22_2103_d_5_ii_a (contractor fails to remedy); P_22_2103_d_5_ii_b (WHD must direct relief in findings letter); P_22_2103_d_5_ii_c (relief may include: pay/benefits, monetary losses, equitable relief)",P_22_2103_d_5_ii_a -> P_22_2103_d_5_ii_b ^ (P_22_2103_d_5_ii_c_A v P_22_2103_d_5_ii_c_B v P_22_2103_d_5_ii_c_C),P_22_2103_d_5_i,Material Implication (Impl): Rule 15 [HIGH-RISK]; Conjunction (Conj): Rule 7; Addition (Add): Rule 8,PENDING_REVIEW,PASS,PASS,"Escalation step: non-remedy triggers mandatory directed relief. Three disjunctive relief categories. 'Must direct' = mandatory. 'May include' = illustrative, not exhaustive.",MEDIUM
22,22.2103(d)(5)(iii),P_22_2103_d_5_iii,Payment of liquidated damages in an amount equaling any monetary relief may also be directed unless such amount is reduced by the Administrator of the Wage and Hour Division because the violation was in good faith and the contractor had reasonable grounds for believing it had not violated the E.O. or 29 CFR part 13.,P_22_2103_d_5_iii_a (liquidated damages equal to monetary relief may be directed); P_22_2103_d_5_iii_b (exception: reduced if good faith and reasonable grounds for belief of compliance),(P_22_2103_d_5_iii_a v ~P_22_2103_d_5_iii_a) ^ (~(GoodFaith ^ ReasonableGrounds) v ReducedAmount),P_22_2103_d_5_ii,Tautology (Taut): Rule 18; Material Implication (Impl): Rule 15 [HIGH-RISK]; Conjunction (Conj): Rule 7,PENDING_REVIEW,PASS,PASS,Discretionary liquidated damages with good faith defense. 'May also be directed' = permissive. Good faith + reasonable grounds = conjunctive defense that can reduce (not eliminate) amount.,MEDIUM
22,22.2103(d)(5)(iv),P_22_2103_d_5_iv,"The Administrator of the Wage and Hour Division may additionally direct that payments due on the contract or any other contract between the contractor and the Federal Government be withheld as may be necessary to provide any appropriate monetary relief. Upon the final order of the Secretary of Labor that monetary relief is due, the Administrator of the Wage and Hour Division may direct the relevant contracting agency to transfer the withheld funds to the Department of Labor for disbursement.","P_22_2103_d_5_iv_a (WHD may direct withholding on covered or other Federal contracts); P_22_2103_d_5_iv_b (upon Secretary final order, WHD may direct fund transfer to DOL)",(P_22_2103_d_5_iv_a v ~P_22_2103_d_5_iv_a) ^ (SecretaryFinalOrder -> (P_22_2103_d_5_iv_b v ~P_22_2103_d_5_iv_b)),DEFERRED,Tautology (Taut): Rule 18; Material Implication (Impl): Rule 15 [HIGH-RISK],PENDING_REVIEW,PASS,PASS,Cross-contract withholding authority. Both withholding direction and fund transfer are discretionary ('may'). Secretary final order is prerequisite for transfer direction. Broad reach across all Federal contracts with the contractor.,MEDIUM
22,22.2103(d)(6),P_22_2103_d_6,Remedies for discrimination related to paid sick leave.,P_22_2103_d_6_i (WHD notification and request); P_22_2103_d_6_ii (directed relief); P_22_2103_d_6_iii (liquidated damages); P_22_2103_d_6_iv (payment withholding and fund transfer),P_22_2103_d_6_i ^ P_22_2103_d_6_ii ^ P_22_2103_d_6_iii ^ P_22_2103_d_6_iv,DEFERRED,Conjunction (Conj): Rule 7,VALIDATED,PASS,PASS,Parent for discrimination remedy escalation chain. Mirrors (d)(5) structure but for 29 CFR 13.6(b) violations.,HIGH
22,22.2103(d)(6)(i),P_22_2103_d_6_i,"When the Administrator of the Wage and Hour Division determines that a contractor has discriminated against an employee in violation of 29 CFR 13.6(b), the Administrator of the Wage and Hour Division will notify the contractor and the relevant contracting agency of the discrimination and request that the contractor remedy the violation.",P_22_2103_d_6_i_a (WHD determines discrimination violation); P_22_2103_d_6_i_b (will notify contractor and agency); P_22_2103_d_6_i_c (will request remedy),P_22_2103_d_6_i_a -> (P_22_2103_d_6_i_b ^ P_22_2103_d_6_i_c),P_22_2102_4_b,Material Implication (Impl): Rule 15 [HIGH-RISK]; Conjunction (Conj): Rule 7,PENDING_REVIEW,PASS,PASS,Parallels (d)(5)(i) for discrimination. Same escalation structure. Cross-references prohibited acts in 22.2102-4(b).,MEDIUM
22,22.2103(d)(6)(ii),P_22_2103_d_6_ii,"If the contractor does not remedy the violation, the Administrator of the Wage and Hour Division must direct the contractor to provide appropriate relief to the affected employee(s) in the investigative findings letter issued pursuant to 29 CFR 13.51. Such relief may include, but is not limited to: employment; reinstatement; promotion; and restoration of leave, or lost pay and/or benefits.","P_22_2103_d_6_ii_a (contractor fails to remedy); P_22_2103_d_6_ii_b (WHD must direct relief in findings letter); P_22_2103_d_6_ii_c (relief includes employment, reinstatement, promotion, leave restoration, lost pay/benefits)",P_22_2103_d_6_ii_a -> P_22_2103_d_6_ii_b ^ P_22_2103_d_6_ii_c,P_22_2103_d_6_i,Material Implication (Impl): Rule 15 [HIGH-RISK]; Conjunction (Conj): Rule 7,PENDING_REVIEW,PASS,PASS,"Escalation: non-remedy triggers mandatory directed relief. 'Not limited to' makes list illustrative. Discrimination remedies are broader than interference remedies (includes employment, reinstatement, promotion).",MEDIUM
22,22.2103(d)(6)(iii),P_22_2103_d_6_iii,Payment of liquidated damages in an amount equaling any monetary relief may also be directed unless such amount is reduced by the Administrator of the Wage and Hour Division because the violation was in good faith and the contractor had reasonable grounds for believing the contractor had not violated the E.O. or 29 CFR part 13.,P_22_2103_d_6_iii_a (liquidated damages equal to monetary relief may be directed); P_22_2103_d_6_iii_b (exception: reduced if good faith and reasonable grounds),(P_22_2103_d_6_iii_a v ~P_22_2103_d_6_iii_a) ^ (~(GoodFaith ^ ReasonableGrounds) v ReducedAmount),P_22_2103_d_6_ii,Tautology (Taut): Rule 18; Material Implication (Impl): Rule 15 [HIGH-RISK]; Conjunction (Conj): Rule 7,PENDING_REVIEW,PASS,PASS,Identical structure to (d)(5)(iii). Discretionary liquidated damages with good faith defense.,MEDIUM
22,22.2103(d)(6)(iv),P_22_2103_d_6_iv,"The Administrator of the Wage and Hour Division may additionally direct that payments due on the contract or any other contract between the contractor and the Federal Government be withheld as may be necessary to provide any appropriate monetary relief. Upon the final order of the Secretary of Labor that monetary relief is due, the Administrator of the Wage and Hour Division may direct the relevant contracting agency to transfer the withheld funds to the Department of Labor for disbursement.","P_22_2103_d_6_iv_a (WHD may direct withholding on covered or other Federal contracts); P_22_2103_d_6_iv_b (upon Secretary final order, WHD may direct fund transfer to DOL)",(P_22_2103_d_6_iv_a v ~P_22_2103_d_6_iv_a) ^ (SecretaryFinalOrder -> (P_22_2103_d_6_iv_b v ~P_22_2103_d_6_iv_b)),DEFERRED,Tautology (Taut): Rule 18; Material Implication (Impl): Rule 15 [HIGH-RISK],PENDING_REVIEW,PASS,PASS,Identical structure to (d)(5)(iv). Cross-contract withholding and fund transfer authority for discrimination remedies.,MEDIUM
22,22.2103(d)(7),P_22_2103_d_7,"When a contractor fails to make, maintain, or protect records; or produce records when requested by authorized representatives of the Administrator of the Wage and Hour Division, or otherwise comply with the requirements of 29 CFR 13.25 in violation of 29 CFR 13.6(c), the Administrator of the Wage and Hour Division will request that the contractor remedy the violation. If the contractor fails to produce required records upon request, the contracting officer must, upon his or her own action or upon direction of an authorized representative of the Department of Labor, take such action as may be necessary to cause suspension of any further payment, advance, or guarantee of funds on the contract until such time as the violations are discontinued.",P_22_2103_d_7_a (contractor fails records obligations under 29 CFR 13.6(c)/13.25); P_22_2103_d_7_b (WHD Administrator requests remedy); P_22_2103_d_7_c (if contractor fails to produce records upon request); P_22_2103_d_7_d (CO must suspend payment until violations discontinued),P_22_2103_d_7_a -> P_22_2103_d_7_b ^ (P_22_2103_d_7_c -> P_22_2103_d_7_d),P_22_2102_4_c,Material Implication (Impl): Rule 15 [HIGH-RISK]; Conjunction (Conj): Rule 7,PENDING_REVIEW,PASS,PASS,"Two-step enforcement: records failure triggers remedy request, continued non-production triggers mandatory payment suspension. CO acts independently or at DOL direction. 'Must' on suspension = mandatory. Temporal condition: until violations discontinued.",MEDIUM
