RFO_Part,Section_Number,Propositional_ID,Natural_Language,Atomic_Propositions,Formal_Logic_Statement,Dependencies,Justification_Rules,Validation_Status,Logical_Check,Real_World_Check,Validation_Notes,Confidence_Level
30,30.000,P_30_000,This part describes policies and procedures for applying the Cost Accounting Standards Board (CASB) rules and regulations (48 CFR chapter 99) to negotiated contracts and subcontracts.,P_30_000_a: This part describes policies and procedures for applying the Cost Accounting Standards Board (CASB) rules and regulations (48 CFR chapter 99) to negotiated contracts and subcontracts,P_30_000 = P_30_000_a,None,Conjunction (Conj): Rule 7,PENDING_REVIEW,PASS,PASS,Scope statement establishing subject matter of Part 30. Straightforward declarative statement defining coverage.,HIGH
30,30.001,P_30_001,Definitions as used in this part.,P_30_001: Definitions as used in this part consist of the terms defined in subsections (a) through (h),P_30_001 = P_30_001_a ∧ P_30_001_b ∧ P_30_001_c ∧ P_30_001_d ∧ P_30_001_e ∧ P_30_001_f ∧ P_30_001_g ∧ P_30_001_h,None,Conjunction (Conj): Rule 7,PENDING_REVIEW,PASS,PASS,Parent proposition for definitions section. All definitions apply conjunctively within this part.,HIGH
30,30.001(a),P_30_001_a,Affected CAS-covered contract or subcontract means a contract or subcontract subject to Cost Accounting Standards (CAS) rules and regulations for which a contractor or subcontractor- (1) Used one cost accounting practice to estimate costs and a changed cost accounting practice to accumulate and report costs under the contract or subcontract; or (2) Used a noncompliant practice for purposes of estimating or accumulating and reporting costs under the contract or subcontract.,P_30_001_a_1: Contract or subcontract is subject to CAS rules and regulations; P_30_001_a_2: Contractor or subcontractor used one cost accounting practice to estimate costs and a changed cost accounting practice to accumulate and report costs under the contract or subcontract; P_30_001_a_3: Contractor or subcontractor used a noncompliant practice for purposes of estimating or accumulating and reporting costs under the contract or subcontract,P_30_001_a = P_30_001_a_1 ∧ (P_30_001_a_2 ∨ P_30_001_a_3),None,Conjunction (Conj): Rule 7; Addition (Add): Rule 8,PENDING_REVIEW,PASS,PASS,Definition with disjunctive conditions. Contract must be CAS-subject AND either changed practice or noncompliant practice applies. Disjunction accurately reflects 'or' between conditions (1) and (2).,HIGH
30,30.001(b),P_30_001_b,Cognizant Federal agency official (CFAO) means the contracting officer assigned by the cognizant Federal agency to administer the CAS.,P_30_001_b_1: Cognizant Federal agency official (CFAO) is the contracting officer assigned by the cognizant Federal agency to administer the CAS,P_30_001_b = P_30_001_b_1,None,Conjunction (Conj): Rule 7,PENDING_REVIEW,PASS,PASS,Simple definitional statement. Single atomic proposition.,HIGH
30,30.001(c),P_30_001_c,"Desirable change means a compliant change to a contractor's established or disclosed cost accounting practices that the CFAO finds is desirable and not detrimental to the Government and is, therefore, not subject to the no increased cost prohibition provisions of CAS-covered contracts and subcontracts affected by the change.",P_30_001_c_1: Change is compliant; P_30_001_c_2: Change is to a contractor's established or disclosed cost accounting practices; P_30_001_c_3: CFAO finds change is desirable; P_30_001_c_4: CFAO finds change is not detrimental to the Government; P_30_001_c_5: Change is not subject to the no increased cost prohibition provisions of CAS-covered contracts and subcontracts affected by the change,P_30_001_c = P_30_001_c_1 ∧ P_30_001_c_2 ∧ P_30_001_c_3 ∧ P_30_001_c_4 ∧ P_30_001_c_5,None,Conjunction (Conj): Rule 7,PENDING_REVIEW,PASS,PASS,Multi-element definition. All conditions must be satisfied for a change to qualify as desirable. The 'therefore' clause (c_5) is a consequence of the preceding conditions but stated as part of the definition.,HIGH
30,30.001(d),P_30_001_d,"Fixed-price contracts and subcontracts means- (1) The following fixed-price contracts and subcontracts: (i) Firm-fixed price contracts; (ii) Fixed-price contracts with economic price adjustment (except when price adjustments are based on actual costs of labor or material); and (iii) Firm-fixed-price, level-of-effort contracts. (2) Fixed-price incentive contracts and subcontracts where the price is not adjusted based on actual costs incurred (part 16); (3) Orders issued under indefinite-delivery contracts and subcontracts where final payment is not based on actual costs incurred (part 16); and (4) The fixed-hourly rate portion of time-and-materials and labor-hours contracts and subcontracts (part 16).","P_30_001_d_1: Firm-fixed price contracts; P_30_001_d_2: Fixed-price contracts with economic price adjustment (except when price adjustments are based on actual costs of labor or material); P_30_001_d_3: Firm-fixed-price, level-of-effort contracts; P_30_001_d_4: Fixed-price incentive contracts and subcontracts where the price is not adjusted based on actual costs incurred; P_30_001_d_5: Orders issued under indefinite-delivery contracts and subcontracts where final payment is not based on actual costs incurred; P_30_001_d_6: The fixed-hourly rate portion of time-and-materials and labor-hours contracts and subcontracts",P_30_001_d = P_30_001_d_1 ∨ P_30_001_d_2 ∨ P_30_001_d_3 ∨ P_30_001_d_4 ∨ P_30_001_d_5 ∨ P_30_001_d_6,P_16 (part 16 referenced for items (2)-(4)),Addition (Add): Rule 8,PENDING_REVIEW,PASS,PASS,Definitional enumeration. Any one of the listed types qualifies as a fixed-price contract or subcontract. Disjunction reflects the inclusive list nature. Part 16 references noted for items (2)-(4).,HIGH
30,30.001(e),P_30_001_e,Flexibly-priced contracts and subcontracts means- (1) The following types of fixed-price contracts and subcontracts: (i) Fixed-price contracts with economic price adjustment based on actual costs of labor or material; (ii) Fixed-price incentive contract; (iii) Fixed-price contracts with prospective price redetermination; and (iv) Fixed-ceiling-price contracts with retroactive price redetermination. (2) Cost-reimbursement contracts and subcontracts; (3) Incentive contracts and subcontracts where the price may be adjusted based on actual costs incurred; (4) Orders issued under indefinite-delivery contracts and subcontracts where final payment is based on actual costs incurred; and (5) The materials portion of time-and-materials contracts and subcontracts.,P_30_001_e_1: Fixed-price contracts with economic price adjustment based on actual costs of labor or material; P_30_001_e_2: Fixed-price incentive contract; P_30_001_e_3: Fixed-price contracts with prospective price redetermination; P_30_001_e_4: Fixed-ceiling-price contracts with retroactive price redetermination; P_30_001_e_5: Cost-reimbursement contracts and subcontracts; P_30_001_e_6: Incentive contracts and subcontracts where the price may be adjusted based on actual costs incurred; P_30_001_e_7: Orders issued under indefinite-delivery contracts and subcontracts where final payment is based on actual costs incurred; P_30_001_e_8: The materials portion of time-and-materials contracts and subcontracts,P_30_001_e = P_30_001_e_1 ∨ P_30_001_e_2 ∨ P_30_001_e_3 ∨ P_30_001_e_4 ∨ P_30_001_e_5 ∨ P_30_001_e_6 ∨ P_30_001_e_7 ∨ P_30_001_e_8,None,Addition (Add): Rule 8,PENDING_REVIEW,PASS,PASS,Definitional enumeration. Any one of the listed types qualifies as flexibly-priced. Disjunction reflects inclusive list. Source has apparent typo 'redetermination.' with trailing period before semicolon - preserved as-is in Natural_Language.,HIGH
30,30.001(f),P_30_001_f,"Noncompliance means a failure in estimating, accumulating, or reporting costs to- (1) Comply with applicable CAS; or (2) Consistently follow disclosed or established cost accounting practices.","P_30_001_f_1: Failure in estimating, accumulating, or reporting costs to comply with applicable CAS; P_30_001_f_2: Failure in estimating, accumulating, or reporting costs to consistently follow disclosed or established cost accounting practices",P_30_001_f = P_30_001_f_1 ∨ P_30_001_f_2,None,Addition (Add): Rule 8,PENDING_REVIEW,PASS,PASS,Definition with disjunctive conditions. Either failure to comply with CAS or failure to follow practices constitutes noncompliance.,HIGH
30,30.001(g),P_30_001_g,"Required change means- (1) A change in cost accounting practice that a contractor is required to make in order to comply with applicable Standards, modifications or interpretations thereto, that subsequently becomes applicable to an existing CAS-covered contract or subcontract due to the receipt of another CAS-covered contract or subcontract; or (2) A prospective change to a disclosed or established cost accounting practice when the CFAO determines that the former practice was in compliance with applicable CAS and the change is necessary for the contractor to remain in compliance.","P_30_001_g_1: Change in cost accounting practice required to comply with applicable Standards, modifications or interpretations thereto, that subsequently becomes applicable to an existing CAS-covered contract or subcontract due to receipt of another CAS-covered contract or subcontract; P_30_001_g_2: Prospective change to a disclosed or established cost accounting practice when the CFAO determines the former practice was in compliance with applicable CAS and the change is necessary for the contractor to remain in compliance",P_30_001_g = P_30_001_g_1 ∨ P_30_001_g_2,None,Addition (Add): Rule 8,PENDING_REVIEW,PASS,PASS,Definition with disjunctive conditions. Either type of change constitutes a required change.,HIGH
30,30.001(h),P_30_001_h,Unilateral change means a change in cost accounting practice from one compliant practice to another compliant practice that a contractor with a CAS-covered contract(s) or subcontract(s) elects to make that has not been deemed a desirable change by the CFAO and for which the Government will pay no aggregate increased costs.,P_30_001_h_1: Change is in cost accounting practice from one compliant practice to another compliant practice; P_30_001_h_2: Contractor with CAS-covered contract(s) or subcontract(s) elects to make the change; P_30_001_h_3: Change has not been deemed a desirable change by the CFAO; P_30_001_h_4: Government will pay no aggregate increased costs,P_30_001_h = P_30_001_h_1 ∧ P_30_001_h_2 ∧ P_30_001_h_3 ∧ P_30_001_h_4,None,Conjunction (Conj): Rule 7,PENDING_REVIEW,PASS,PASS,Definition with conjunctive conditions. All four elements must be present for a change to qualify as unilateral.,HIGH
30,30.101,P_30_101,Cost Accounting Standards.,P_30_101: Cost Accounting Standards requirements consist of subsections (a) through (g),P_30_101 = P_30_101_a ∧ P_30_101_b ∧ P_30_101_c ∧ P_30_101_d ∧ P_30_101_e ∧ P_30_101_f ∧ P_30_101_g,None,Conjunction (Conj): Rule 7,PENDING_REVIEW,PASS,PASS,Parent proposition for section 30.101. All subsections apply conjunctively.,HIGH
30,30.101(a),P_30_101_a,"41 U.S.C. chapter 15, Cost Accounting Standards, requires certain contractors and subcontractors to comply with Cost Accounting Standards (CAS) and to disclose in writing and follow consistently their cost accounting practices.",P_30_101_a_1: 41 U.S.C. chapter 15 requires certain contractors and subcontractors to comply with Cost Accounting Standards (CAS); P_30_101_a_2: 41 U.S.C. chapter 15 requires certain contractors and subcontractors to disclose in writing and follow consistently their cost accounting practices,P_30_101_a = P_30_101_a_1 ∧ P_30_101_a_2,None,Conjunction (Conj): Rule 7,PENDING_REVIEW,PASS,PASS,Mandatory requirements from statute. Both compliance and disclosure/consistency requirements apply conjunctively.,HIGH
30,30.101(b),P_30_101_b,"Contracts that refer to part 30 for the purpose of applying the policies, procedures, standards, and regulations promulgated by the CASB pursuant to 41 U.S.C. chapter 15, must be deemed to refer to the CAS, and any other regulations promulgated by the CASB (see 48 CFR chapter 99), all of which are hereby incorporated in this part 30.","P_30_101_b_1: Contracts refer to part 30 for the purpose of applying policies, procedures, standards, and regulations promulgated by the CASB pursuant to 41 U.S.C. chapter 15; P_30_101_b_2: Such contracts must be deemed to refer to the CAS and any other regulations promulgated by the CASB (see 48 CFR chapter 99); P_30_101_b_3: All such regulations are hereby incorporated in this part 30",P_30_101_b_1 ⊃ (P_30_101_b_2 ∧ P_30_101_b_3),None,Material Implication (Impl): Rule 15; Conjunction (Conj): Rule 7,PENDING_REVIEW,PASS,PASS,"Conditional: when contracts refer to Part 30, they must be deemed to include all CAS regulations. HIGH-RISK Rule 15 verified: antecedent is contract reference to Part 30, consequent is mandatory deeming plus incorporation.",HIGH
30,30.101(c),P_30_101_c,(1) See 48 CFR 9903.201-7 for cognizant Federal agency responsibilities. (2) The CFAO is responsible for issuing determinations of adequacy and compliance of the Disclosure Statement.,P_30_101_c_1: See 48 CFR 9903.201-7 for cognizant Federal agency responsibilities; P_30_101_c_2: The CFAO is responsible for issuing determinations of adequacy and compliance of the Disclosure Statement,P_30_101_c = P_30_101_c_1 ∧ P_30_101_c_2,None,Conjunction (Conj): Rule 7,PENDING_REVIEW,PASS,PASS,Two conjunctive requirements: external reference for agency responsibilities and CFAO disclosure statement duties.,HIGH
30,30.101(d),P_30_101_d,(1) See 48 CFR 9903.202-1 to 9903.202-7 for disclosure requirements. (2) The cognizant auditor is responsible for conducting reviews of Disclosure Statements for adequacy and compliance.,P_30_101_d_1: See 48 CFR 9903.202-1 to 9903.202-7 for disclosure requirements; P_30_101_d_2: The cognizant auditor is responsible for conducting reviews of Disclosure Statements for adequacy and compliance,P_30_101_d = P_30_101_d_1 ∧ P_30_101_d_2,None,Conjunction (Conj): Rule 7,PENDING_REVIEW,PASS,PASS,Two conjunctive requirements: external reference for disclosure requirements and auditor review responsibilities.,HIGH
30,30.101(e),P_30_101_e,See 48 CFR 9903.3 for CAS rules and regulations.,P_30_101_e_1: See 48 CFR 9903.3 for CAS rules and regulations,P_30_101_e = P_30_101_e_1,None,Conjunction (Conj): Rule 7,PENDING_REVIEW,PASS,PASS,Cross-reference to external regulation. Simple pointer.,HIGH
30,30.101(f),P_30_101_f,See 48 CFR 9904 for cost accounting standards.,P_30_101_f_1: See 48 CFR 9904 for cost accounting standards,P_30_101_f = P_30_101_f_1,None,Conjunction (Conj): Rule 7,PENDING_REVIEW,PASS,PASS,Cross-reference to external regulation. Simple pointer.,HIGH
30,30.101(g),P_30_101_g,See 48 CFR 9905 for cost accounting standards for educational institutions.,P_30_101_g_1: See 48 CFR 9905 for cost accounting standards for educational institutions,P_30_101_g = P_30_101_g_1,None,Conjunction (Conj): Rule 7,PENDING_REVIEW,PASS,PASS,Cross-reference to external regulation. Simple pointer.,HIGH
30,30.201,P_30_201,During acquisition planning the contracting officer must determine if the contract will be a CAS covered contract.,P_30_201_0: During acquisition planning the contracting officer must determine if the contract will be a CAS covered contract,P_30_201 = P_30_201_0 ∧ P_30_201_a ∧ P_30_201_b ∧ P_30_201_c ∧ P_30_201_d,P_30_201_a; P_30_201_b; P_30_201_c; P_30_201_d,Conjunction (Conj): Rule 7,PENDING_REVIEW,PASS,PASS,Parent proposition establishing mandatory determination plus subsections. Lead-in sentence is itself a mandatory requirement.,HIGH
30,30.201(a),P_30_201_a,Rules for determining applicability of CAS are found at 48 CFR 9903.201-1.,P_30_201_a_1: Rules for determining applicability of CAS are found at 48 CFR 9903.201-1,P_30_201_a = P_30_201_a_1,None,Conjunction (Conj): Rule 7,PENDING_REVIEW,PASS,PASS,Cross-reference to external regulation for CAS applicability rules.,HIGH
30,30.201(b),P_30_201_b,CAS-covered contracts may be subject to either full or modified coverage. See 48 CFR 9903.201-2 for guidance on determining whether full or modified coverage applies.,P_30_201_b_1: CAS-covered contracts may be subject to either full or modified coverage; P_30_201_b_2: See 48 CFR 9903.201-2 for guidance on determining whether full or modified coverage applies,P_30_201_b = P_30_201_b_1 ∧ P_30_201_b_2,None,Conjunction (Conj): Rule 7,PENDING_REVIEW,PASS,PASS,"Informational statement about coverage types plus cross-reference. 'May' here indicates possibility, not permissive authority.",HIGH
30,30.201(c),P_30_201_c,"Negotiated contracts must be subject to CAS, unless exempt in accordance with 48 CFR 9903.201-1(b).",P_30_201_c_1: Negotiated contracts are subject to CAS; P_30_201_c_2: Contract is exempt in accordance with 48 CFR 9903.201-1(b),~P_30_201_c_2 ⊃ P_30_201_c_1,None,Material Implication (Impl): Rule 15,PENDING_REVIEW,PASS,PASS,"Unless-pattern: requirement applies unless exception. (~Exception ⊃ Requirement). HIGH-RISK Rule 15 verified: if not exempt, must be subject to CAS. If exempt, no CAS requirement.",HIGH
30,30.201(d),P_30_201_d,"In accordance with 41 U.S.C. 1502(b)(1)(B), the threshold for determining the tentative applicability of CAS at the contract level is the amount set forth in 10 U.S.C. 3702(a)(1)(A), as adjusted for inflation in accordance with 41 U.S.C. 1908. (See 48 CFR 9903.201-1)",P_30_201_d_1: The threshold for determining tentative applicability of CAS at the contract level is the amount set forth in 10 U.S.C. 3702(a)(1)(A) as adjusted for inflation in accordance with 41 U.S.C. 1908,P_30_201_d = P_30_201_d_1,None,Conjunction (Conj): Rule 7,PENDING_REVIEW,PASS,PASS,Statutory threshold reference. Amount defined by external statute with inflation adjustment mechanism.,HIGH
30,30.202,P_30_202,Waiver of CAS applicability.,P_30_202: Waiver provisions consist of subsections (a) through (e),P_30_202 = P_30_202_a ∧ P_30_202_b ∧ P_30_202_c ∧ P_30_202_d ∧ P_30_202_e,P_30_202_a; P_30_202_b; P_30_202_c; P_30_202_d; P_30_202_e,Conjunction (Conj): Rule 7,PENDING_REVIEW,PASS,PASS,Parent proposition for waiver section.,HIGH
30,30.202(a),P_30_202_a,The head of the agency- (1) May waive the applicability of CAS for a particular contract or subcontract under the conditions listed in paragraph (b) below; and (2) Must not delegate this waiver authority to any official in the agency below the senior contract policymaking level.,P_30_202_a_1: Head of the agency may waive the applicability of CAS for a particular contract or subcontract under the conditions listed in paragraph (b); P_30_202_a_2: Head of the agency must not delegate this waiver authority to any official in the agency below the senior contract policymaking level,P_30_202_a = (P_30_202_b ⊃ (P_30_202_a_1 ∨ ~P_30_202_a_1)) ∧ P_30_202_a_2,P_30_202_b,Material Implication (Impl): Rule 15; Tautology (Taut): Rule 18; Conjunction (Conj): Rule 7,PENDING_REVIEW,PASS,PASS,"Permissive 'may' for waiver authority (discretionary when conditions met) combined with mandatory non-delegation restriction. HIGH-RISK Rule 15 verified: conditions in (b) create eligibility, head of agency retains full discretion.",HIGH
30,30.202(b),P_30_202_b,The head of the agency may grant a waiver when one of the following conditions exists.,P_30_202_b: Head of agency may grant waiver when condition (b)(1) or (b)(2) exists,P_30_202_b = P_30_202_b1 ∨ P_30_202_b2,P_30_202_b1; P_30_202_b2,Addition (Add): Rule 8,PENDING_REVIEW,PASS,PASS,Parent for waiver conditions. Disjunction: either condition triggers waiver eligibility.,HIGH
30,30.202(b)(1),P_30_202_b1,"The contract or subcontract value is less than 15 million, and the head of the agency determines, in writing, that the segment of the contractor or subcontractor that will perform the contract or subcontract- (i) Is primarily engaged in the sale of commercial products or commercial services; and (ii) Has no contracts or subcontracts that are subject to CAS.",P_30_202_b1_1: Contract or subcontract value is less than 15 million; P_30_202_b1_2: Head of agency determines in writing; P_30_202_b1_3: Segment is primarily engaged in the sale of commercial products or commercial services; P_30_202_b1_4: Segment has no contracts or subcontracts that are subject to CAS,P_30_202_b1 = P_30_202_b1_1 ∧ P_30_202_b1_2 ∧ P_30_202_b1_3 ∧ P_30_202_b1_4,None,Conjunction (Conj): Rule 7,PENDING_REVIEW,PASS,PASS,"All four conditions must be met conjunctively for this waiver condition to apply. Value threshold, written determination, commercial engagement, and no existing CAS contracts.",HIGH
30,30.202(b)(2),P_30_202_b2,The head of the agency determines that exceptional circumstances exist whereby a waiver of CAS is necessary to meet the needs of the agency. Exceptional circumstances exist only when the benefits to be derived from waiving the CAS outweigh the risk associated with the waiver. The determination that exceptional circumstances exist must- (i) Be in writing; and (ii) Include a statement of the specific circumstances that justify granting the waiver.,P_30_202_b2_1: Head of agency determines exceptional circumstances exist whereby a waiver of CAS is necessary to meet the needs of the agency; P_30_202_b2_2: Benefits to be derived from waiving the CAS outweigh the risk associated with the waiver; P_30_202_b2_3: Determination is in writing; P_30_202_b2_4: Determination includes a statement of the specific circumstances that justify granting the waiver,P_30_202_b2 = P_30_202_b2_1 ∧ P_30_202_b2_2 ∧ P_30_202_b2_3 ∧ P_30_202_b2_4,None,Conjunction (Conj): Rule 7,PENDING_REVIEW,PASS,PASS,All conditions conjunctive. Exceptional circumstances determination requires benefit-risk analysis plus formal documentation requirements.,HIGH
30,30.202(c),P_30_202_c,"When one of the conditions in paragraph (b) of this section exists, the request for waiver must include the following: (1) The amount of the proposed award. (2) The contract or subcontract type. (3) Whether the segment(s) that will perform the contract or subcontract has CAS-covered contracts or subcontracts. (4) A description of the item(s) being procured. (5) A statement why the contractor or subcontractor will not accept the contract or subcontract if CAS applies. (6) Whether certified cost or pricing data will be obtained, and if so, a discussion of how the data will be used in negotiating the contract or subcontract price. (7) The benefits to the Government of waiving CAS. (8) The potential risk to the Government of waiving CAS. (9) The date by which the waiver is needed. (10) Any other information that may be useful in evaluating the request.",P_30_202_c_0: One of the conditions in paragraph (b) exists; P_30_202_c_1: Request includes amount of proposed award; P_30_202_c_2: Request includes contract or subcontract type; P_30_202_c_3: Request includes whether segment(s) has CAS-covered contracts or subcontracts; P_30_202_c_4: Request includes description of item(s) being procured; P_30_202_c_5: Request includes statement why contractor or subcontractor will not accept if CAS applies; P_30_202_c_6: Request includes whether certified cost or pricing data will be obtained and if so how data will be used; P_30_202_c_7: Request includes benefits to Government of waiving CAS; P_30_202_c_8: Request includes potential risk to Government of waiving CAS; P_30_202_c_9: Request includes date by which waiver is needed; P_30_202_c_10: Request includes any other information useful in evaluating the request,P_30_202_c_0 ⊃ (P_30_202_c_1 ∧ P_30_202_c_2 ∧ P_30_202_c_3 ∧ P_30_202_c_4 ∧ P_30_202_c_5 ∧ P_30_202_c_6 ∧ P_30_202_c_7 ∧ P_30_202_c_8 ∧ P_30_202_c_9 ∧ P_30_202_c_10),P_30_202_b,Material Implication (Impl): Rule 15; Conjunction (Conj): Rule 7,PENDING_REVIEW,PASS,PASS,"Conditional: when condition (b) exists, all 10 items required in waiver request. HIGH-RISK Rule 15 verified: condition triggers mandatory content requirements.",HIGH
30,30.202(d),P_30_202_d,"When neither of the conditions in paragraph (b) of this section exists, the waiver request must be prepared in accordance with 48 CFR 9903.201-5(e) and submitted to the CAS Board.",P_30_202_d_2: Waiver request must be prepared in accordance with 48 CFR 9903.201-5(e); P_30_202_d_3: Waiver request must be submitted to the CAS Board,~P_30_202_b ⊃ (P_30_202_d_2 ∧ P_30_202_d_3),P_30_202_b,Material Implication (Impl): Rule 15; Conjunction (Conj): Rule 7,PENDING_REVIEW,PASS,PASS,"Conditional: when (b) conditions do not exist (~P_30_202_b), alternative preparation and submission requirements apply. HIGH-RISK Rule 15 verified: negated antecedent triggers alternative mandatory process.",HIGH
30,30.202(e),P_30_202_e,"Each agency must report any waivers granted under paragraph (a) of this subsection to the CAS Board, on a fiscal year basis, not later than 90 days after the close of the Government's fiscal year.",P_30_202_e_1: Each agency must report any waivers granted under paragraph (a) to the CAS Board; P_30_202_e_2: Reporting is on a fiscal year basis; P_30_202_e_3: Reporting must be not later than 90 days after the close of the Government's fiscal year,P_30_202_e = P_30_202_e_1 ∧ P_30_202_e_2 ∧ P_30_202_e_3,P_30_202_a,Conjunction (Conj): Rule 7,PENDING_REVIEW,PASS,PASS,"Mandatory reporting requirement with three conjunctive elements: what, when, and deadline.",HIGH
30,30.203,P_30_203,This part does not apply to sealed bid contracts or to contracts with a small business concern (see 48 CFR 9903.201-1(b) for these and other exemptions).,P_30_203_a: Contract is a sealed bid contract; P_30_203_b: Contract is with a small business concern; P_30_203_c: This part applies to the contract,(P_30_203_a ∨ P_30_203_b) ⊃ ~P_30_203_c,None,Material Implication (Impl): Rule 15; Addition (Add): Rule 8,PENDING_REVIEW,PASS,PASS,"Exemption expressed as implication: if sealed bid or small business, then Part 30 does not apply. HIGH-RISK Rule 15 verified: either exemption condition triggers non-applicability.",HIGH
30,30.204,P_30_204,Solicitation provisions.,P_30_204: Solicitation provisions consist of subsections (a) and (b),P_30_204 = P_30_204_a ∧ P_30_204_b,P_30_204_a; P_30_204_b,Conjunction (Conj): Rule 7,PENDING_REVIEW,PASS,PASS,Parent proposition for solicitation provisions section.,HIGH
30,30.204(a),P_30_204_a,"Insert the provision at 52.230-1, Cost Accounting Standards Notices and Certification, in solicitations for proposed contracts subject to CAS as specified in 48 CFR 9903.201.","P_30_204_a_1: Contract is subject to CAS as specified in 48 CFR 9903.201; P_30_204_a_2: Insert provision at 52.230-1, Cost Accounting Standards Notices and Certification, in solicitations",P_30_204_a_1 ⊃ P_30_204_a_2,P_52_230_1,Material Implication (Impl): Rule 15,PENDING_REVIEW,PASS,PASS,"Conditional: when contract is CAS-subject, provision 52.230-1 must be inserted. HIGH-RISK Rule 15 verified.",HIGH
30,30.204(b),P_30_204_b,"Insert the provision at 52.230-7, Proposal Disclosure-Cost Accounting Practice Changes, in solicitations for contracts subject to CAS as specified in 48 CFR 9903.201.","P_30_204_b_1: Contract is subject to CAS as specified in 48 CFR 9903.201; P_30_204_b_2: Insert provision at 52.230-7, Proposal Disclosure-Cost Accounting Practice Changes, in solicitations",P_30_204_b_1 ⊃ P_30_204_b_2,P_52_230_7,Material Implication (Impl): Rule 15,PENDING_REVIEW,PASS,PASS,"Conditional: when contract is CAS-subject, provision 52.230-7 must be inserted. HIGH-RISK Rule 15 verified.",HIGH
30,30.205,P_30_205,Contract clauses.,P_30_205: Contract clauses consist of subsections (a) through (e),P_30_205 = P_30_205_a ∧ P_30_205_b ∧ P_30_205_c ∧ P_30_205_d ∧ P_30_205_e,P_30_205_a; P_30_205_b; P_30_205_c; P_30_205_d; P_30_205_e,Conjunction (Conj): Rule 7,PENDING_REVIEW,PASS,PASS,Parent proposition for contract clauses section.,HIGH
30,30.205(a),P_30_205_a,"Cost Accounting Standards. (1) Insert the clause at 52.230-2, Cost Accounting Standards, in negotiated contracts, unless the contract is exempted (see 48 CFR 9903.201-1), the contract is subject to modified coverage (see 48 CFR 9903.201-2), or the clause prescribed in paragraph (c) of this subsection is used. (2) The clause at 52.230-2 requires the contractor to comply with all CAS specified in 48 CFR part 9904, to disclose actual cost accounting practices (applicable to CAS-covered contracts only), and to follow disclosed and established cost accounting practices consistently.","P_30_205_a_1: Contract is negotiated; P_30_205_a_2: Contract is not exempted (see 48 CFR 9903.201-1); P_30_205_a_3: Contract is not subject to modified coverage (see 48 CFR 9903.201-2); P_30_205_a_4: Clause prescribed in paragraph (c) is not used; P_30_205_a_5: Insert clause at 52.230-2, Cost Accounting Standards; P_30_205_a_6: Clause at 52.230-2 requires contractor to comply with all CAS specified in 48 CFR part 9904; P_30_205_a_7: Clause at 52.230-2 requires contractor to disclose actual cost accounting practices; P_30_205_a_8: Clause at 52.230-2 requires contractor to follow disclosed and established cost accounting practices consistently",(P_30_205_a_1 ∧ P_30_205_a_2 ∧ P_30_205_a_3 ∧ P_30_205_a_4) ⊃ (P_30_205_a_5 ∧ P_30_205_a_6 ∧ P_30_205_a_7 ∧ P_30_205_a_8),P_52_230_2; P_30_205_c,Material Implication (Impl): Rule 15; Conjunction (Conj): Rule 7,PENDING_REVIEW,PASS,PASS,"Complex conditional with multiple exclusions. When contract is negotiated and none of the three exceptions apply, insert 52.230-2 with its three requirements. HIGH-RISK Rule 15 verified.",HIGH
30,30.205(b),P_30_205_b,"Disclosure and consistency of cost accounting practices. (1) Insert the clause at 52.230-3, Disclosure and Consistency of Cost Accounting Practices, in negotiated contracts when the contract amount is over $2.5 million but less than $50 million, and the offeror certifies it is eligible for and elects to use modified CAS coverage (see 48 CFR 9903.201-2), unless the clause prescribed in paragraph (c) of this subsection is used. (2) The clause at 52.230-3 requires the contractor to comply with 48 CFR 9904.401, 9904.402, 9904.405, and 9904.406 to disclose (if it meets certain requirements) actual cost accounting practices, and to follow consistently its established cost accounting practices.","P_30_205_b_1: Contract is negotiated; P_30_205_b_2: Contract amount is over $2.5 million but less than $50 million; P_30_205_b_3: Offeror certifies it is eligible for and elects to use modified CAS coverage; P_30_205_b_4: Clause prescribed in paragraph (c) is not used; P_30_205_b_5: Insert clause at 52.230-3, Disclosure and Consistency of Cost Accounting Practices; P_30_205_b_6: Clause at 52.230-3 requires contractor to comply with 48 CFR 9904.401, 9904.402, 9904.405, and 9904.406; P_30_205_b_7: Clause at 52.230-3 requires contractor to disclose actual cost accounting practices if it meets certain requirements; P_30_205_b_8: Clause at 52.230-3 requires contractor to follow consistently its established cost accounting practices",(P_30_205_b_1 ∧ P_30_205_b_2 ∧ P_30_205_b_3 ∧ P_30_205_b_4) ⊃ (P_30_205_b_5 ∧ P_30_205_b_6 ∧ P_30_205_b_7 ∧ P_30_205_b_8),P_52_230_3; P_30_205_c,Material Implication (Impl): Rule 15; Conjunction (Conj): Rule 7,PENDING_REVIEW,PASS,PASS,"Complex conditional with dollar thresholds and modified coverage election. When all conditions met, insert 52.230-3 with its requirements. HIGH-RISK Rule 15 verified.",HIGH
30,30.205(c),P_30_205_c,"Disclosure and Consistency of Cost Accounting Practices-Foreign Concerns. (1) Insert the clause at 52.230-4, Disclosure and Consistency of Cost Accounting Practices-Foreign Concerns, in negotiated contracts with foreign concerns, unless the contract is otherwise exempt from CAS (see 48 CFR 9903.201-1). Foreign concerns do not include foreign governments or their agents or instrumentalities. (2) The clause at 52.230-4 requires the contractor to comply with 48 CFR 9904.401 and 48 CFR 9904.402 to disclose (if it meets certain requirements) actual cost accounting practices, and to follow consistently its disclosed and established cost accounting practices.","P_30_205_c_1: Contract is negotiated with foreign concerns; P_30_205_c_2: Contract is not otherwise exempt from CAS (see 48 CFR 9903.201-1); P_30_205_c_3: Foreign concerns do not include foreign governments or their agents or instrumentalities; P_30_205_c_4: Insert clause at 52.230-4, Disclosure and Consistency of Cost Accounting Practices-Foreign Concerns; P_30_205_c_5: Clause at 52.230-4 requires contractor to comply with 48 CFR 9904.401 and 48 CFR 9904.402; P_30_205_c_6: Clause at 52.230-4 requires contractor to disclose actual cost accounting practices if it meets certain requirements; P_30_205_c_7: Clause at 52.230-4 requires contractor to follow consistently its disclosed and established cost accounting practices",P_30_205_c_3 ∧ ((P_30_205_c_1 ∧ P_30_205_c_2) ⊃ (P_30_205_c_4 ∧ P_30_205_c_5 ∧ P_30_205_c_6 ∧ P_30_205_c_7)),P_52_230_4,Material Implication (Impl): Rule 15; Conjunction (Conj): Rule 7,PENDING_REVIEW,PASS,PASS,Conditional for foreign concerns clause insertion. P_30_205_c_3 is a definitional constraint (foreign concerns exclude foreign governments) that applies universally. HIGH-RISK Rule 15 verified.,HIGH
30,30.205(d),P_30_205_d,"Administration of Cost Accounting Standards. (1) Insert the clause at 52.230-6, Administration of Cost Accounting Standards, in contracts containing any of the clauses prescribed in paragraphs (a), (b), (c), or (e) of this subsection. (2) The clause at 52.230-6 specifies rules for administering CAS requirements and procedures to be followed in cases of failure to comply.","P_30_205_d_1: Contract contains any of the clauses prescribed in paragraphs (a), (b), (c), or (e); P_30_205_d_2: Insert clause at 52.230-6, Administration of Cost Accounting Standards; P_30_205_d_3: Clause at 52.230-6 specifies rules for administering CAS requirements and procedures to be followed in cases of failure to comply",P_30_205_d_1 ⊃ (P_30_205_d_2 ∧ P_30_205_d_3),P_52_230_6; P_30_205_a; P_30_205_b; P_30_205_c; P_30_205_e,Material Implication (Impl): Rule 15; Conjunction (Conj): Rule 7,PENDING_REVIEW,PASS,PASS,"Conditional: when contract contains any CAS clause from (a), (b), (c), or (e), must also include administration clause 52.230-6. HIGH-RISK Rule 15 verified.",HIGH
30,30.205(e),P_30_205_e,"Cost Accounting Standards-Educational Institutions. (1) Insert the clause at 52.230-5, Cost Accounting Standards-Educational Institution, in negotiated contracts awarded to educational institutions, unless the contract is exempted (see 48 CFR 9903.201-1), the contract is to be performed by an FFRDC (see 48 CFR 9903.201-2(c)(5)), or the provision at 48 CFR 9903.201-2(c)(6) applies. (2) The clause at 52.230-5 requires the educational institution to comply with all CAS specified in 48 CFR part 9905, to disclose actual cost accounting practices as required by 48 CFR 9903.202-1(f), and to follow disclosed and established cost accounting practices consistently.","P_30_205_e_1: Contract is negotiated and awarded to educational institutions; P_30_205_e_2: Contract is not exempted (see 48 CFR 9903.201-1); P_30_205_e_3: Contract is not to be performed by an FFRDC (see 48 CFR 9903.201-2(c)(5)); P_30_205_e_4: Provision at 48 CFR 9903.201-2(c)(6) does not apply; P_30_205_e_5: Insert clause at 52.230-5, Cost Accounting Standards-Educational Institution; P_30_205_e_6: Clause at 52.230-5 requires educational institution to comply with all CAS specified in 48 CFR part 9905; P_30_205_e_7: Clause at 52.230-5 requires educational institution to disclose actual cost accounting practices as required by 48 CFR 9903.202-1(f); P_30_205_e_8: Clause at 52.230-5 requires educational institution to follow disclosed and established cost accounting practices consistently",(P_30_205_e_1 ∧ P_30_205_e_2 ∧ P_30_205_e_3 ∧ P_30_205_e_4) ⊃ (P_30_205_e_5 ∧ P_30_205_e_6 ∧ P_30_205_e_7 ∧ P_30_205_e_8),P_52_230_5,Material Implication (Impl): Rule 15; Conjunction (Conj): Rule 7,PENDING_REVIEW,PASS,PASS,"Complex conditional with three exclusions for educational institution clause. When negotiated, not exempted, not FFRDC, and provision (c)(6) does not apply, insert 52.230-5. HIGH-RISK Rule 15 verified.",HIGH
30,30.301,P_30_301,"Prior to awarding a CAS covered contract, the contracting officer must-","P_30_301: Prior to awarding a CAS covered contract, contracting officer must fulfill requirements in (a) and (b)",P_30_301 = P_30_301_a ∧ P_30_301_b,P_30_301_a; P_30_301_b,Conjunction (Conj): Rule 7,PENDING_REVIEW,PASS,PASS,Parent proposition for contractor disclosure statements. Both subsections are mandatory pre-award requirements.,HIGH
30,30.301(a),P_30_301_a,Ensure that the offeror has made the required solicitation certifications and that the required Disclosure Statements are submitted (also see 48 CFR 9903.201-3 and 9903.202).,P_30_301_a_1: Offeror has made the required solicitation certifications; P_30_301_a_2: Required Disclosure Statements are submitted,P_30_301_a = P_30_301_a_1 ∧ P_30_301_a_2,None,Conjunction (Conj): Rule 7,PENDING_REVIEW,PASS,PASS,Mandatory pre-award verification: both certifications and Disclosure Statements required.,HIGH
30,30.301(b),P_30_301_b,"Have received from the CFAO a written determination that the submitted Disclosure Statement is adequate, subject to the exception below. (1) In order to protect the Government's interest, the head of the agency, without power of delegation, may authorize proceeding with award prior to receiving submission of the required Disclosure Statement (see 48 CFR 9903.202-2). (2) In this event, the contracting officer must ensure the contractor submits the required Disclosure Statement and the CFAO must make a determination of adequacy as soon as possible after the award.",P_30_301_b_1: CFAO provides written determination that submitted Disclosure Statement is adequate; P_30_301_b_2: Head of agency authorizes proceeding with award prior to receiving Disclosure Statement to protect Government's interest; P_30_301_b_3: Head of agency has no power of delegation for this authorization; P_30_301_b_4: Contracting officer must ensure contractor submits required Disclosure Statement after award; P_30_301_b_5: CFAO must make determination of adequacy as soon as possible after award,(P_30_301_b_1) ∨ (P_30_301_b_2 ∧ P_30_301_b_3 ∧ P_30_301_b_4 ∧ P_30_301_b_5),None,Addition (Add): Rule 8; Conjunction (Conj): Rule 7,PENDING_REVIEW,PASS,PASS,Disjunction between normal path (written adequacy determination) and exception path (head of agency authorization with post-award requirements). Exception path has four conjunctive requirements.,MEDIUM
30,30.302,P_30_302,Changes to disclosed or established cost accounting practices.,"P_30_302: Changes to disclosed or established cost accounting practices consist of required changes (30.302-1), unilateral and desirable changes (30.302-2), and processing changes (30.302-3)",P_30_302 = P_30_302_1 ∧ P_30_302_2 ∧ P_30_302_3,P_30_302_1; P_30_302_2; P_30_302_3,Conjunction (Conj): Rule 7,PENDING_REVIEW,PASS,PASS,Parent proposition for section 30.302 covering all three subsections on cost accounting practice changes.,HIGH
30,30.302-1,P_30_302_1,Required changes to cost accounting practices.,P_30_302_1: Required changes provisions consist of subsections (a) through (d),P_30_302_1 = P_30_302_1_a ∧ P_30_302_1_b ∧ P_30_302_1_c ∧ P_30_302_1_d,P_30_302_1_a; P_30_302_1_b; P_30_302_1_c; P_30_302_1_d,Conjunction (Conj): Rule 7,PENDING_REVIEW,PASS,PASS,Parent proposition for required changes section.,HIGH
30,30.302-1(a),P_30_302_1_a,General. Offerors must state whether or not the award of a contract would require a change to an established cost accounting practice affecting existing contracts and subcontracts (see 52.230-1). The contracting officer must notify the CFAO if the offeror states that a change in cost accounting practice would be required.,P_30_302_1_a_1: Offerors must state whether or not the award of a contract would require a change to an established cost accounting practice affecting existing contracts and subcontracts; P_30_302_1_a_2: Offeror states that a change in cost accounting practice would be required; P_30_302_1_a_3: Contracting officer must notify the CFAO,P_30_302_1_a_1 ∧ (P_30_302_1_a_2 ⊃ P_30_302_1_a_3),P_52_230_1,Conjunction (Conj): Rule 7; Material Implication (Impl): Rule 15,PENDING_REVIEW,PASS,PASS,"First requirement is unconditional mandatory disclosure. Second is conditional: if offeror states change required, CO must notify CFAO. HIGH-RISK Rule 15 verified.",HIGH
30,30.302-1(b),P_30_302_1_b,"CFAO responsibilities. Prior to making an equitable adjustment under the applicable paragraph(s) that address a required change at 52.230-2, Cost Accounting Standards; 52.230-3, Disclosure and Consistency of Cost Accounting Practices; or 52.230-5, Cost Accounting Standards-Educational Institution, the CFAO must determine that- (1) The cost accounting practice change is required to comply with a CAS, or a modification or interpretation thereof, that subsequently became applicable to one or more contracts or subcontracts; or (2) The former cost accounting practice was in compliance with applicable CAS and the change is necessary to remain in compliance.","P_30_302_1_b_0: CFAO makes equitable adjustment under applicable paragraph(s) at 52.230-2, 52.230-3, or 52.230-5; P_30_302_1_b_1: Cost accounting practice change is required to comply with a CAS or modification or interpretation thereof that subsequently became applicable; P_30_302_1_b_2: Former cost accounting practice was in compliance with applicable CAS and change is necessary to remain in compliance",P_30_302_1_b_0 ⊃ (P_30_302_1_b_1 ∨ P_30_302_1_b_2),P_52_230_2; P_52_230_3; P_52_230_5,Material Implication (Impl): Rule 15; Addition (Add): Rule 8,PENDING_REVIEW,PASS,PASS,"Conditional: before making equitable adjustment, CFAO must determine one of two conditions. Disjunction for the two acceptable determinations. HIGH-RISK Rule 15 verified.",HIGH
30,30.302-1(c),P_30_302_1_c,"Notice and proposal preparation. (1) When the award of a contract would require a change to an established cost accounting practice, the provision at 52.230-7, Proposal Disclosure-Cost Accounting Practice Changes, requires the offeror to- (i) Prepare the contract pricing proposal in response to the solicitation using the changed cost accounting practice for the period of performance for which the practice will be used; and (ii) Submit a description of the changed cost accounting practice to the contracting officer and the CFAO as pricing support for the proposal. (2) When a change is required to remain in compliance (for reasons other than a contract award) or to comply with a new or modified standard, the clause at 52.230-6, Administration of Cost Accounting Standards, requires the contractor to- (i) Submit a description of the change to the CFAO not less than 60 days (or other mutually agreeable date) before implementation of the change; and (ii) Submit rationale to support any contractor written statement that the cost impact of the change is immaterial.",P_30_302_1_c_1: Award of contract would require change to established cost accounting practice; P_30_302_1_c_2: Offeror prepares contract pricing proposal using changed cost accounting practice for period of performance; P_30_302_1_c_3: Offeror submits description of changed cost accounting practice to contracting officer and CFAO as pricing support; P_30_302_1_c_4: Change is required to remain in compliance or to comply with new or modified standard; P_30_302_1_c_5: Contractor submits description of change to CFAO not less than 60 days before implementation; P_30_302_1_c_6: Contractor submits rationale to support any written statement that cost impact is immaterial,(P_30_302_1_c_1 ⊃ (P_30_302_1_c_2 ∧ P_30_302_1_c_3)) ∧ (P_30_302_1_c_4 ⊃ (P_30_302_1_c_5 ∧ P_30_302_1_c_6)),P_52_230_7; P_52_230_6,Material Implication (Impl): Rule 15; Conjunction (Conj): Rule 7,PENDING_REVIEW,PASS,PASS,Two separate conditionals joined by conjunction. First: award-driven change triggers proposal requirements. Second: compliance-driven change triggers notice requirements. HIGH-RISK Rule 15 verified for both implications.,HIGH
30,30.302-1(d),P_30_302_1_d,"Equitable adjustments for new or modified standards. (1) Required changes made to comply with new or modified standards may require equitable adjustments, but only to those contracts awarded before the effective date of the new or modified standard (see 52.230-2, 52.230-3, or 52.230-5). (2) When a contractor elects to implement a required change to comply with a new or modified standard prior to the applicability date of the standard, the CFAO must administer the change as a unilateral change (see 30.302-2). Contractors must not receive an equitable adjustment that will result in increased costs in the aggregate to the Government prior to the applicability date unless the CFAO determines that the unilateral change is a desirable change.",P_30_302_1_d_1: Required changes made to comply with new or modified standards may require equitable adjustments; P_30_302_1_d_2: Equitable adjustments apply only to contracts awarded before the effective date of the new or modified standard; P_30_302_1_d_3: Contractor elects to implement required change prior to applicability date; P_30_302_1_d_4: CFAO must administer the change as a unilateral change; P_30_302_1_d_5: Contractors must not receive equitable adjustment resulting in increased costs in aggregate to Government prior to applicability date; P_30_302_1_d_6: CFAO determines that unilateral change is a desirable change,(P_30_302_1_d_1 ∧ P_30_302_1_d_2) ∧ (P_30_302_1_d_3 ⊃ (P_30_302_1_d_4 ∧ (P_30_302_1_d_5 ∨ P_30_302_1_d_6))),P_52_230_2; P_52_230_3; P_52_230_5; P_30_302_2,Material Implication (Impl): Rule 15; Conjunction (Conj): Rule 7; Addition (Add): Rule 8,PENDING_REVIEW,PASS,PASS,"Two parts: (1) general rule about equitable adjustments limited to pre-effective-date contracts, and (2) conditional for early implementation. Unless-pattern in (2): no equitable adjustment unless CFAO deems desirable. HIGH-RISK Rule 15 verified.",MEDIUM
30,30.302-2,P_30_302_2,Unilateral and desirable changes.,P_30_302_2: Unilateral and desirable changes provisions consist of subsections (a) through (e),P_30_302_2 = P_30_302_2_a ∧ P_30_302_2_b ∧ P_30_302_2_c ∧ P_30_302_2_d ∧ P_30_302_2_e,P_30_302_2_a; P_30_302_2_b; P_30_302_2_c; P_30_302_2_d; P_30_302_2_e,Conjunction (Conj): Rule 7,PENDING_REVIEW,PASS,PASS,Parent proposition for unilateral and desirable changes section.,HIGH
30,30.302-2(a),P_30_302_2_a,"Unilateral changes. (1) The contractor may unilaterally change its disclosed or established cost accounting practices, but the Government must not pay any increased cost, in the aggregate, as a result of the unilateral change. (2) Prior to making any contract price or cost adjustments under the applicable paragraph(s) addressing a unilateral change at 52.230-2, 52.230-3, or 52.230-5, the CFAO must determine that- (i) The contemplated contract price or cost adjustments will protect the Government from the payment of the estimated increased costs, in the aggregate; and (ii) The net effect of the contemplated adjustments will not result in the recovery of more than the increased costs to the Government, in the aggregate.","P_30_302_2_a_1: Contractor may unilaterally change its disclosed or established cost accounting practices; P_30_302_2_a_2: Government must not pay any increased cost in the aggregate as a result of unilateral change; P_30_302_2_a_3: CFAO makes contract price or cost adjustments under applicable paragraph(s) at 52.230-2, 52.230-3, or 52.230-5; P_30_302_2_a_4: Contemplated adjustments will protect Government from payment of estimated increased costs in the aggregate; P_30_302_2_a_5: Net effect of contemplated adjustments will not result in recovery of more than increased costs to Government in the aggregate",(P_30_302_2_a_1 ∧ P_30_302_2_a_2) ∧ (P_30_302_2_a_3 ⊃ (P_30_302_2_a_4 ∧ P_30_302_2_a_5)),P_52_230_2; P_52_230_3; P_52_230_5,Conjunction (Conj): Rule 7; Material Implication (Impl): Rule 15,PENDING_REVIEW,PASS,PASS,"Permissive authority for contractor with mandatory cost protection, plus conditional CFAO determination requirements before adjustments. HIGH-RISK Rule 15 verified.",HIGH
30,30.302-2(b),P_30_302_2_b,"Desirable changes. (1) Prior to taking action under the applicable paragraph(s) addressing a desirable change at 52.230-2, 52.230-3, or 52.230-5, the CFAO must determine the change is a desirable change and not detrimental to the interests of the Government. (2) Until the CFAO has determined a change to a cost accounting practice is a desirable change, the change is a unilateral change. (3) Some factors to consider in determining if a change is desirable include, but are not limited to, whether- (i) The contractor must change the cost accounting practices it uses for Government contract and subcontract costing purposes to remain in compliance with the provisions of part 31; (ii) The contractor is initiating management actions directly associated with the change that will result in cost savings for segments with CAS-covered contracts and subcontracts over a period for which forward pricing rates are developed or 5 years, whichever is shorter, and the cost savings are reflected in the forward pricing rates; and (iii) Funds are available if the determination would necessitate an upward adjustment of contract cost or price.","P_30_302_2_b_1: CFAO must determine change is desirable and not detrimental to interests of Government before taking action; P_30_302_2_b_2: Until CFAO has determined change is desirable, the change is a unilateral change; P_30_302_2_b_3: Factor: contractor must change practices to remain in compliance with part 31; P_30_302_2_b_4: Factor: contractor initiating management actions resulting in cost savings over forward pricing period or 5 years and savings reflected in forward pricing rates; P_30_302_2_b_5: Factor: funds are available if determination would necessitate upward adjustment",P_30_302_2_b_1 ∧ P_30_302_2_b_2 ∧ (P_30_302_2_b_3 ∨ P_30_302_2_b_4 ∨ P_30_302_2_b_5),P_52_230_2; P_52_230_3; P_52_230_5; P_31 (part 31 referenced),Conjunction (Conj): Rule 7; Addition (Add): Rule 8,PENDING_REVIEW,PASS,PASS,"Mandatory CFAO determination requirement plus default-to-unilateral rule, plus non-exhaustive factors (disjunctive - any factor may apply). Factors are illustrative, not mandatory checklist.",MEDIUM
30,30.302-2(c),P_30_302_2_c,"Notice and proposal preparation. (1) When a contractor makes a unilateral change, the clause at 52.230-6, Administration of Cost Accounting Standards, requires the contractor to- (i) Submit a description of the change to the CFAO not less than 60 days (or other mutually agreeable date) before implementation of the change; and (ii) Submit rationale to support any contractor written statement that the cost impact of the change is immaterial. (2) If a contractor implements the change in cost accounting practice without submitting the notice as required in paragraph (c)(1) of this subsection, the CFAO may determine the change a failure to follow a cost accounting practice consistently and process it as a noncompliance in accordance with 30.404.",P_30_302_2_c_1: Contractor makes a unilateral change; P_30_302_2_c_2: Contractor submits description of change to CFAO not less than 60 days before implementation; P_30_302_2_c_3: Contractor submits rationale to support any written statement that cost impact is immaterial; P_30_302_2_c_4: Contractor implements change without submitting required notice; P_30_302_2_c_5: CFAO may determine the change a failure to follow a cost accounting practice consistently and process as noncompliance,(P_30_302_2_c_1 ⊃ (P_30_302_2_c_2 ∧ P_30_302_2_c_3)) ∧ (P_30_302_2_c_4 ⊃ (P_30_302_2_c_5 ∨ ~P_30_302_2_c_5)),P_52_230_6; P_30_404,Material Implication (Impl): Rule 15; Conjunction (Conj): Rule 7; Tautology (Taut): Rule 18,PENDING_REVIEW,PASS,PASS,"Two conditionals: (1) unilateral change triggers mandatory notice requirements, (2) failure to notify gives CFAO discretionary authority ('may') to process as noncompliance. HIGH-RISK Rule 15 verified.",HIGH
30,30.302-2(d),P_30_302_2_d,"Retroactive changes. (1) If a contractor requests that a unilateral change be retroactive, the contractor must submit supporting rationale. (2) The CFAO must promptly evaluate the contractor's request and must, as soon as practical, notify the contractor in writing whether the request is or is not approved. (3) The CFAO must not approve a date for the retroactive change that is before the beginning of the contractor's fiscal year in which the request is made.",P_30_302_2_d_1: Contractor requests unilateral change be retroactive; P_30_302_2_d_2: Contractor must submit supporting rationale; P_30_302_2_d_3: CFAO must promptly evaluate request and notify contractor in writing whether approved; P_30_302_2_d_4: CFAO must not approve a date before beginning of contractor's fiscal year in which request is made,(P_30_302_2_d_1 ⊃ P_30_302_2_d_2) ∧ P_30_302_2_d_3 ∧ P_30_302_2_d_4,None,Material Implication (Impl): Rule 15; Conjunction (Conj): Rule 7,PENDING_REVIEW,PASS,PASS,Conditional for rationale requirement plus unconditional CFAO duties. Fiscal year limitation is an absolute restriction. HIGH-RISK Rule 15 verified.,HIGH
30,30.302-2(e),P_30_302_2_e,"Contractor accounting changes due to external restructuring activities. The requirements for contract price and cost adjustments do not apply to compliant cost accounting practice changes that are directly associated with external restructuring activities that are subject to and meet the requirements of 10 U.S.C. 3761. However, the disclosure requirements in 52.230-6(b) must be followed.",P_30_302_2_e_1: Cost accounting practice changes are compliant; P_30_302_2_e_2: Changes are directly associated with external restructuring activities subject to and meeting requirements of 10 U.S.C. 3761; P_30_302_2_e_3: Requirements for contract price and cost adjustments do not apply; P_30_302_2_e_4: Disclosure requirements in 52.230-6(b) must be followed,(P_30_302_2_e_1 ∧ P_30_302_2_e_2) ⊃ (~P_30_302_2_e_3 ∧ P_30_302_2_e_4),P_52_230_6,Material Implication (Impl): Rule 15; Conjunction (Conj): Rule 7,PENDING_REVIEW,PASS,PASS,"Conditional exemption: when changes are compliant and associated with qualifying restructuring, price/cost adjustment requirements do not apply but disclosure still required. ~P_30_302_2_e_3 represents non-applicability. HIGH-RISK Rule 15 verified.",HIGH
30,30.302-3,P_30_302_3,Processing changes to disclosed or established cost accounting practices.,P_30_302_3: Processing changes provisions consist of subsections (a) through (c),P_30_302_3 = P_30_302_3_a ∧ P_30_302_3_b ∧ P_30_302_3_c,P_30_302_3_a; P_30_302_3_b; P_30_302_3_c,Conjunction (Conj): Rule 7,PENDING_REVIEW,PASS,PASS,Parent proposition for processing changes section.,HIGH
30,30.302-3(a),P_30_302_3_a,"Scope. This section applies to required, unilateral, and desirable changes in cost accounting practices.",P_30_302_3_a_1: This section applies to required changes in cost accounting practices; P_30_302_3_a_2: This section applies to unilateral changes in cost accounting practices; P_30_302_3_a_3: This section applies to desirable changes in cost accounting practices,P_30_302_3_a = P_30_302_3_a_1 ∧ P_30_302_3_a_2 ∧ P_30_302_3_a_3,None,Conjunction (Conj): Rule 7,PENDING_REVIEW,PASS,PASS,Scope statement. All three types of changes are covered conjunctively.,HIGH
30,30.302-3(b),P_30_302_3_b,"Procedures. Upon receipt of the contractor's notification and description of the change in cost accounting practice, the CFAO should review the proposed change concurrently for adequacy and compliance. The CFAO must- (1) If the description of the change is both adequate and compliant, notify the contractor in writing and- (i) For required or unilateral changes (except those requested to be determined desirable changes), request the contractor submit a general dollar magnitude (GDM) proposal by a specified date, unless the CFAO determines the cost impact is immaterial; or (ii) For unilateral changes that the contractor requests to be determined desirable changes, inform the contractor that the request must include supporting rationale and- (A) For any request based on the criteria in 30.302-2(b)(3)(ii), the data necessary to demonstrate the required cost savings; or (B) For any request other than those based on the criteria in 30.302-2(b)(3)(ii), a GDM proposal and any other data necessary for the CFAO to determine if the change is a desirable change. (2) If the description of the change is inadequate, request a revised description of the new cost accounting practice; and (3) If the disclosed practice is noncompliant, notify the contractor in writing that, if implemented, the CFAO will determine the cost accounting practice to be noncompliant and process it accordingly.","P_30_302_3_b_0: CFAO receives contractor notification and description of change; P_30_302_3_b_1: CFAO reviews proposed change concurrently for adequacy and compliance; P_30_302_3_b_2: Description is both adequate and compliant; P_30_302_3_b_3: CFAO notifies contractor in writing; P_30_302_3_b_4: For required or unilateral changes, CFAO requests GDM proposal unless cost impact is immaterial; P_30_302_3_b_5: For unilateral changes requested as desirable, contractor must include supporting rationale with required data; P_30_302_3_b_6: Description is inadequate; P_30_302_3_b_7: CFAO requests revised description; P_30_302_3_b_8: Disclosed practice is noncompliant; P_30_302_3_b_9: CFAO notifies contractor that practice will be determined noncompliant if implemented",P_30_302_3_b_0 ⊃ (P_30_302_3_b_1 ∧ ((P_30_302_3_b_2 ⊃ (P_30_302_3_b_3 ∧ (P_30_302_3_b_4 ∨ P_30_302_3_b_5))) ∧ (P_30_302_3_b_6 ⊃ P_30_302_3_b_7) ∧ (P_30_302_3_b_8 ⊃ P_30_302_3_b_9))),P_30_302_2,Material Implication (Impl): Rule 15; Conjunction (Conj): Rule 7; Addition (Add): Rule 8,PENDING_REVIEW,PASS,PASS,"Complex nested conditional. Upon receipt, CFAO reviews and then takes one of three paths based on adequacy/compliance assessment. Three mutually exclusive conditions with different consequences. HIGH-RISK Rule 15 verified. Advisory 'should' for concurrent review noted.",MEDIUM
30,30.302-3(c),P_30_302_3_c,"Evaluating requests for desirable changes. (1) When a contractor requests a unilateral change be determined a desirable change, the CFAO must promptly evaluate the contractor's request and, as soon as practical, notify the contractor in writing whether the change is a desirable change or the request is denied. (2) If the CFAO determines the change is a desirable change, the CFAO must negotiate any cost or price adjustments that may be needed to resolve the cost impact (see 30.405). (3) If the request is denied, the change is a unilateral change and must be processed accordingly.",P_30_302_3_c_1: Contractor requests unilateral change be determined desirable; P_30_302_3_c_2: CFAO must promptly evaluate and notify contractor in writing; P_30_302_3_c_3: CFAO determines change is desirable; P_30_302_3_c_4: CFAO must negotiate cost or price adjustments to resolve cost impact; P_30_302_3_c_5: Request is denied; P_30_302_3_c_6: Change is a unilateral change and must be processed accordingly,(P_30_302_3_c_1 ⊃ P_30_302_3_c_2) ∧ (P_30_302_3_c_3 ⊃ P_30_302_3_c_4) ∧ (P_30_302_3_c_5 ⊃ P_30_302_3_c_6),P_30_405,Material Implication (Impl): Rule 15; Conjunction (Conj): Rule 7,PENDING_REVIEW,PASS,PASS,"Three conditional paths: (1) request triggers evaluation duty, (2) approval triggers negotiation, (3) denial triggers unilateral processing. HIGH-RISK Rule 15 verified for all three.",HIGH
30,30.401,P_30_401,CAS administration.,P_30_401: CAS administration provisions consist of subsections (a) through (c),P_30_401 = P_30_401_a ∧ P_30_401_b ∧ P_30_401_c,P_30_401_a; P_30_401_b; P_30_401_c,Conjunction (Conj): Rule 7,PENDING_REVIEW,PASS,PASS,Parent proposition for CAS administration section.,HIGH
30,30.401(a),P_30_401_a,"The CFAO must perform CAS administration for all contracts and subcontracts in a business unit, even when the contracting officer retains other administration functions. The CFAO must make all CAS-related required determinations and findings for all CAS-covered contracts and subcontracts, including- (1) Whether a change in cost accounting practice or noncompliance has occurred; and (2) If a change in cost accounting practice or noncompliance has occurred, how any resulting cost impacts are resolved.",P_30_401_a_1: CFAO must perform CAS administration for all contracts and subcontracts in a business unit; P_30_401_a_2: CFAO performs CAS administration even when contracting officer retains other administration functions; P_30_401_a_3: CFAO must make all CAS-related required determinations and findings; P_30_401_a_4: Determinations include whether change in cost accounting practice or noncompliance has occurred; P_30_401_a_5: Determinations include how resulting cost impacts are resolved if change or noncompliance has occurred,P_30_401_a = P_30_401_a_1 ∧ P_30_401_a_2 ∧ P_30_401_a_3 ∧ P_30_401_a_4 ∧ P_30_401_a_5,None,Conjunction (Conj): Rule 7,PENDING_REVIEW,PASS,PASS,"Multiple mandatory CFAO duties, all conjunctive. Explicit scope clarification that CFAO authority is not affected by other administration arrangements.",HIGH
30,30.401(b),P_30_401_b,"Within 30 days after the award of any new contract subject to CAS, the contracting officer making the award must request the CFAO to perform administration for CAS matters (see subpart 42). For subcontract awards, the contractor awarding the subcontract must follow the procedures at 52.230-6(l), (m), and (n).","P_30_401_b_1: New contract subject to CAS is awarded; P_30_401_b_2: Contracting officer must request CFAO to perform CAS administration within 30 days of award; P_30_401_b_3: For subcontract awards, contractor must follow procedures at 52.230-6(l), (m), and (n)",(P_30_401_b_1 ⊃ P_30_401_b_2) ∧ P_30_401_b_3,P_52_230_6; P_42 (subpart 42 referenced),Material Implication (Impl): Rule 15; Conjunction (Conj): Rule 7,PENDING_REVIEW,PASS,PASS,Conditional for contract awards plus unconditional subcontract requirement. 30-day deadline is mandatory. HIGH-RISK Rule 15 verified.,HIGH
30,30.401(c),P_30_401_c,"In performing CAS administration, the CFAO must request and consider the advice of the auditor as appropriate.",P_30_401_c_1: CFAO must request and consider the advice of the auditor as appropriate in performing CAS administration,P_30_401_c = P_30_401_c_1,None,Conjunction (Conj): Rule 7,PENDING_REVIEW,PASS,PASS,"Mandatory requirement for auditor consultation. 'As appropriate' provides discretion on when to seek advice, but the requirement to seek it is mandatory.",HIGH
30,30.402,P_30_402,Materiality.,P_30_402: Materiality provisions consist of subsections (a) through (d),P_30_402 = P_30_402_a ∧ P_30_402_b ∧ P_30_402_c ∧ P_30_402_d,P_30_402_a; P_30_402_b; P_30_402_c; P_30_402_d,Conjunction (Conj): Rule 7,PENDING_REVIEW,PASS,PASS,Parent proposition for materiality section.,HIGH
30,30.402(a),P_30_402_a,"In determining materiality, the CFAO must use the criteria in 48 CFR 9903.305.",P_30_402_a_1: CFAO must use the criteria in 48 CFR 9903.305 in determining materiality,P_30_402_a = P_30_402_a_1,None,Conjunction (Conj): Rule 7,PENDING_REVIEW,PASS,PASS,Mandatory external criteria reference for materiality determinations.,HIGH
30,30.402(b),P_30_402_b,"A CFAO determination of materiality- (1) May be made before or after a general dollar magnitude proposal has been submitted, depending on the particular facts and circumstances; and (2) Shall be based on adequate documentation.",P_30_402_b_1: CFAO determination of materiality may be made before or after GDM proposal submission; P_30_402_b_2: CFAO determination of materiality shall be based on adequate documentation,P_30_402_b = P_30_402_b_1 ∧ P_30_402_b_2,None,Conjunction (Conj): Rule 7,PENDING_REVIEW,PASS,PASS,Timing flexibility (permissive 'may') combined with mandatory documentation requirement ('shall').,HIGH
30,30.402(c),P_30_402_c,"When the CFAO determines the cost impact is immaterial, the CFAO shall- (1) Make no contract adjustments and conclude the cost impact process; (2) Document the rationale for the determination; and (3) In the case of noncompliance issues, inform the contractor that- (i) The noncompliance should be corrected; and (ii) If the noncompliance is not corrected, the Government reserves the right to make appropriate contract adjustments should the cost impact become material in the future.",P_30_402_c_0: CFAO determines cost impact is immaterial; P_30_402_c_1: CFAO shall make no contract adjustments and conclude cost impact process; P_30_402_c_2: CFAO shall document rationale for determination; P_30_402_c_3: Noncompliance issue exists; P_30_402_c_4: CFAO informs contractor noncompliance should be corrected; P_30_402_c_5: CFAO informs contractor Government reserves right to make adjustments if cost impact becomes material,P_30_402_c_0 ⊃ (P_30_402_c_1 ∧ P_30_402_c_2 ∧ (P_30_402_c_3 ⊃ (P_30_402_c_4 ∧ P_30_402_c_5))),None,Material Implication (Impl): Rule 15; Conjunction (Conj): Rule 7,PENDING_REVIEW,PASS,PASS,"Nested conditional: immateriality triggers mandatory actions, with additional noncompliance-specific requirements nested within. Advisory 'should' for correction noted but Government reserves enforcement rights. HIGH-RISK Rule 15 verified.",HIGH
30,30.402(d),P_30_402_d,"For required, unilateral, and desirable changes, and CAS noncompliances, when the amount involved is material, the CFAO must follow the applicable provisions in this part.","P_30_402_d_1: Change is required, unilateral, or desirable, or CAS noncompliance exists; P_30_402_d_2: Amount involved is material; P_30_402_d_3: CFAO must follow applicable provisions in this part",(P_30_402_d_1 ∧ P_30_402_d_2) ⊃ P_30_402_d_3,None,Material Implication (Impl): Rule 15; Conjunction (Conj): Rule 7,PENDING_REVIEW,PASS,PASS,"Conditional: when change/noncompliance exists AND amount is material, CFAO must follow applicable provisions. HIGH-RISK Rule 15 verified.",HIGH
30,30.403,P_30_403,Changes to disclosed or established cost accounting practices.,P_30_403: Changes to disclosed or established cost accounting practices consist of subsections (a) through (f),P_30_403 = P_30_403_a ∧ P_30_403_b ∧ P_30_403_c ∧ P_30_403_d ∧ P_30_403_e ∧ P_30_403_f,P_30_403_a; P_30_403_b; P_30_403_c; P_30_403_d; P_30_403_e; P_30_403_f,Conjunction (Conj): Rule 7,PENDING_REVIEW,PASS,PASS,Parent proposition for section 30.403.,HIGH
30,30.403(a),P_30_403_a,"See subpart 30.3 above for required, unilateral, and desirable changes.","P_30_403_a_1: See subpart 30.3 for required, unilateral, and desirable changes",P_30_403_a = P_30_403_a_1,P_30_302_1; P_30_302_2; P_30_302_3,Conjunction (Conj): Rule 7,PENDING_REVIEW,PASS,PASS,Cross-reference to subpart 30.3.,HIGH
30,30.403(b),P_30_403_b,"GDM proposal. (1) The GDM proposal- (i) Provides information to the CFAO on the estimated overall impact of a change in cost accounting practice on affected CAS-covered contracts and subcontracts that were awarded based on the previous cost accounting practice; (ii) Assists the CFAO in determining whether individual contract price or cost adjustments are required; (iii) The contractor may submit a detailed cost-impact (DCI) proposal in lieu of a GDM proposal provided the DCI proposal is in accordance with paragraph (d) of this section; (iv) Must calculate the cost impact in accordance with paragraph (e) of this section; (v) May use one or more of the following methods to determine the increase or decrease in cost accumulations: (A) A representative sample of affected CAS-covered contracts and subcontracts. (B) The change in indirect rates multiplied by the total estimated base computed for each of the following groups: (1) Fixed-price contracts and subcontracts. (2) Flexibly-priced contracts and subcontracts. (C) Any other method that provides a reasonable approximation of the total increase or decrease in cost accumulations for all affected fixed-price and flexibly-priced contracts and subcontracts. (vi) May be in any format acceptable to the CFAO but, as a minimum, must include the following data: (A) A GDM estimate of the total increase or decrease in cost accumulations by Executive agency, including any impact the change may have on contract and subcontract incentives, fees, and profits, for each of the following groups: (1) Fixed-price contracts and subcontracts. (2) Flexibly-priced contracts and subcontracts. (B) For unilateral changes, the increased or decreased costs to the Government for each of the following groups: (1) Fixed-price contracts and subcontracts. (2) Flexibly-priced contracts and subcontracts. (vii) When requested by the CFAO, must identify all affected CAS-covered contracts and subcontracts.","P_30_403_b_1: GDM proposal provides information on estimated overall impact of change on affected CAS-covered contracts awarded based on previous practice; P_30_403_b_2: GDM proposal assists CFAO in determining whether individual contract adjustments are required; P_30_403_b_3: Contractor may submit DCI proposal in lieu of GDM if in accordance with paragraph (d); P_30_403_b_4: GDM proposal must calculate cost impact in accordance with paragraph (e); P_30_403_b_5: GDM proposal may use representative sample, indirect rate method, or any other reasonable method; P_30_403_b_6: GDM proposal must include GDM estimate of total increase or decrease by Executive agency for fixed-price and flexibly-priced groups; P_30_403_b_7: For unilateral changes, must include increased or decreased costs to Government for fixed-price and flexibly-priced groups; P_30_403_b_8: When requested by CFAO, must identify all affected CAS-covered contracts and subcontracts",P_30_403_b = P_30_403_b_1 ∧ P_30_403_b_2 ∧ P_30_403_b_3 ∧ P_30_403_b_4 ∧ P_30_403_b_5 ∧ P_30_403_b_6 ∧ P_30_403_b_7 ∧ P_30_403_b_8,P_30_403_d; P_30_403_e,Conjunction (Conj): Rule 7,PENDING_REVIEW,PASS,PASS,Complex GDM proposal requirements with mix of mandatory and permissive elements. Format flexibility but mandatory minimum data requirements. Methods are disjunctive within (v) but proposition captures the availability of options.,MEDIUM
30,30.403(c),P_30_403_c,"GDM proposal evaluation. The CFAO must promptly evaluate the GDM proposal. If the cost impact is immaterial, the CFAO must notify the contractor in writing and conclude the cost-impact process with no contract adjustments. Otherwise, the CFAO must- (1) Negotiate and resolve the cost impact (see 30.405). If necessary, the CFAO may request that the contractor submit a revised GDM proposal by a specified date with specific additional data needed to resolve the cost impact; or (2) Request that the contractor submit a DCI proposal by a specified date if the CFAO determines that the GDM proposal is not sufficient to resolve the cost impact.",P_30_403_c_1: CFAO must promptly evaluate GDM proposal; P_30_403_c_2: Cost impact is immaterial; P_30_403_c_3: CFAO notifies contractor in writing and concludes process with no adjustments; P_30_403_c_4: Cost impact is material; P_30_403_c_5: CFAO negotiates and resolves cost impact (may request revised GDM proposal); P_30_403_c_7: CFAO requests DCI proposal if GDM is not sufficient,P_30_403_c_1 ∧ ((P_30_403_c_2 ⊃ P_30_403_c_3) ∧ (P_30_403_c_4 ⊃ (P_30_403_c_5 ∨ P_30_403_c_7))),P_30_405,Material Implication (Impl): Rule 15; Conjunction (Conj): Rule 7; Addition (Add): Rule 8,PENDING_REVIEW,PASS,PASS,"Mandatory evaluation plus branching conditional: immaterial triggers conclusion, material triggers negotiation or DCI request. Permissive revised GDM request folded into negotiation path. HIGH-RISK Rule 15 verified.",HIGH
30,30.403(d),P_30_403_d,"Detailed cost-impact proposal. If the contractor is required to submit a DCI proposal, the CFAO must promptly evaluate the DCI proposal and follow the procedures at 30.405 to negotiate and resolve the cost impact. The DCI proposal- (1) Must calculate the cost impact in accordance with paragraph (e) of this section; (2) Must show the estimated increase or decrease in cost accumulations for each affected CAS-covered contract and subcontract unless the CFAO and contractor agree to- (i) Include only those affected CAS-covered contracts and subcontracts exceeding a specified amount; and (ii) Estimate the total increase or decrease in cost accumulations for all affected CAS-covered contracts and subcontracts. (3) May be in any format acceptable to the CFAO but, as a minimum, must include the requirements at paragraphs (b)(1)(vi) of this section; and (4) When requested by the CFAO, must identify all affected contracts and subcontracts.","P_30_403_d_1: Contractor is required to submit DCI proposal; P_30_403_d_2: CFAO must promptly evaluate DCI proposal; P_30_403_d_3: CFAO must follow procedures at 30.405 to negotiate and resolve cost impact; P_30_403_d_4: DCI proposal must calculate cost impact in accordance with paragraph (e); P_30_403_d_5: DCI proposal must show estimated increase or decrease for each affected contract unless CFAO and contractor agree to limit scope; P_30_403_d_6: DCI proposal may be in any format but must include minimum requirements at paragraph (b)(1)(vi); P_30_403_d_7: When requested by CFAO, must identify all affected contracts and subcontracts",P_30_403_d_1 ⊃ (P_30_403_d_2 ∧ P_30_403_d_3 ∧ P_30_403_d_4 ∧ P_30_403_d_5 ∧ P_30_403_d_6 ∧ P_30_403_d_7),P_30_403_e; P_30_403_b; P_30_405,Material Implication (Impl): Rule 15; Conjunction (Conj): Rule 7,PENDING_REVIEW,PASS,PASS,"Conditional: when DCI required, mandatory evaluation plus content requirements apply conjunctively. HIGH-RISK Rule 15 verified.",HIGH
30,30.403(e),P_30_403_e,"Calculating cost impacts. The cost impact calculation must- (1) Include all affected CAS-covered contracts and subcontracts regardless of their status or the fiscal year(s) in which the costs are incurred; (2) Combine the cost impact for all affected CAS-covered contracts and subcontracts for all segments if the effect of a change results in costs flowing between those segments; (3) For unilateral changes- (i) Determine the increased or decreased cost to the Government for flexibly-priced contracts and subcontracts; (ii) Determine the increased or decreased cost to the Government for fixed-price contracts and subcontracts; (iii) Calculate the total increase or decrease in contract and subcontract incentives, fees, and profits associated with the increased or decreased cost to the Government in accordance with 48 CFR 9903.306(c); and (iv) Calculate the increased cost to the Government in the aggregate. (4) For required or desirable changes, negotiate an equitable adjustment as provided in the Changes clause of the contract.","P_30_403_e_1: Cost impact calculation must include all affected CAS-covered contracts regardless of status or fiscal year; P_30_403_e_2: Must combine cost impact for all segments if costs flow between segments; P_30_403_e_3: For unilateral changes, must determine increased or decreased cost for flexibly-priced and fixed-price contracts; P_30_403_e_4: For unilateral changes, must calculate total change in incentives, fees, and profits per 48 CFR 9903.306(c); P_30_403_e_5: For unilateral changes, must calculate increased cost to Government in aggregate; P_30_403_e_6: For required or desirable changes, negotiate equitable adjustment per Changes clause",P_30_403_e = P_30_403_e_1 ∧ P_30_403_e_2 ∧ P_30_403_e_3 ∧ P_30_403_e_4 ∧ P_30_403_e_5 ∧ P_30_403_e_6,None,Conjunction (Conj): Rule 7,PENDING_REVIEW,PASS,PASS,Cost impact calculation methodology with mandatory requirements. Elements 3-5 are conditional on unilateral changes; element 6 conditional on required/desirable changes. All captured as conjunction since they represent the complete calculation framework.,MEDIUM
30,30.403(f),P_30_403_f,"Remedies. If the contractor does not submit the accounting change description or the proposals required in paragraph (b) or (d) of this section within the specified time, or any extension granted by the CFAO, the CFAO must- (1) Estimate the GDM of the cost impact on affected CAS-covered contracts and subcontracts; and (2) Take one or both of the following actions: (i) Withhold an amount not to exceed 10 percent of each subsequent payment related to the contractor's CAS-covered contracts (up to the estimated GDM of the cost impact), until the contractor furnishes the required information. (ii) Issue a final decision in accordance with part 33 and unilaterally adjust the contract(s) by the estimated amount of the cost impact.",P_30_403_f_1: Contractor does not submit required accounting change description or proposals within specified time or extension; P_30_403_f_2: CFAO must estimate GDM of cost impact; P_30_403_f_3: CFAO withholds amount not to exceed 10 percent of each subsequent payment up to estimated GDM; P_30_403_f_4: CFAO issues final decision per part 33 and unilaterally adjusts contract(s),P_30_403_f_1 ⊃ (P_30_403_f_2 ∧ (P_30_403_f_3 ∨ P_30_403_f_4)),P_30_403_b; P_30_403_d; P_33 (part 33 referenced),Material Implication (Impl): Rule 15; Conjunction (Conj): Rule 7; Addition (Add): Rule 8,PENDING_REVIEW,PASS,PASS,Conditional: contractor failure triggers mandatory estimation plus at least one enforcement action. 'One or both' means disjunction is inclusive. HIGH-RISK Rule 15 verified.,HIGH
30,30.404,P_30_404,Processing noncompliances.,P_30_404: Processing noncompliances provisions consist of subsections (a) through (h),P_30_404 = P_30_404_a ∧ P_30_404_b ∧ P_30_404_c ∧ P_30_404_d ∧ P_30_404_e ∧ P_30_404_f ∧ P_30_404_g ∧ P_30_404_h,P_30_404_a; P_30_404_b; P_30_404_c; P_30_404_d; P_30_404_e; P_30_404_f; P_30_404_g; P_30_404_h,Conjunction (Conj): Rule 7,PENDING_REVIEW,PASS,PASS,Parent proposition for processing noncompliances section.,HIGH
30,30.404(a),P_30_404_a,"General. Prior to making any contract price or cost adjustments under the applicable paragraph(s) addressing noncompliance at 52.230-2, 52.230-3, or 52.230-5, the CFAO must determine that- (1) The contemplated contract price or cost adjustments will protect the Government from the payment of increased costs, in the aggregate; (2) The net effect of the contemplated contract price or cost adjustments will not result in the recovery of more than the increased costs to the Government, in the aggregate; (3) The net effect of any invoice adjustments made to correct an estimating noncompliance will not result in the recovery of more than the increased costs paid by the Government, in the aggregate; and (4) The net effect of any interim and final voucher billing adjustments made to correct a cost accumulation noncompliance will not result in the recovery of more than the increased cost paid by the Government, in the aggregate.","P_30_404_a_0: CFAO makes contract price or cost adjustments for noncompliance under 52.230-2, 52.230-3, or 52.230-5; P_30_404_a_1: Adjustments will protect Government from payment of increased costs in aggregate; P_30_404_a_2: Net effect will not result in recovery of more than increased costs in aggregate; P_30_404_a_3: Invoice adjustments for estimating noncompliance will not recover more than increased costs paid in aggregate; P_30_404_a_4: Voucher billing adjustments for cost accumulation noncompliance will not recover more than increased cost paid in aggregate",P_30_404_a_0 ⊃ (P_30_404_a_1 ∧ P_30_404_a_2 ∧ P_30_404_a_3 ∧ P_30_404_a_4),P_52_230_2; P_52_230_3; P_52_230_5,Material Implication (Impl): Rule 15; Conjunction (Conj): Rule 7,PENDING_REVIEW,PASS,PASS,"Conditional: before making noncompliance adjustments, CFAO must confirm all four protective determinations. HIGH-RISK Rule 15 verified.",HIGH
30,30.404(b),P_30_404_b,"Notice and determination. (1) Within 15 days of receiving a report of alleged noncompliance from the auditor, the CFAO must- (i) Notify the auditor that the CFAO disagrees with the alleged noncompliance; or (ii) Issue a notice of potential noncompliance to the contractor and provide a copy to the auditor. (2) The notice of potential noncompliance must- (i) Notify the contractor in writing of the exact nature of the noncompliance; and (ii) Allow the contractor 60 days or other mutually agreeable date to- (A) Agree or submit reasons why the contractor considers the existing practices to be in compliance; and (B) Submit rationale to support any written statement that the cost impact of the noncompliance is immaterial. (3) The CFAO must- (i) If applicable, review the reasons why the contractor considers the existing practices to be compliant or the cost impact to be immaterial; (ii) Make a determination of compliance or noncompliance consistent with part 1; and (iii) Notify the contractor and the auditor in writing of the determination of compliance or noncompliance and the basis for the determination. (4) If the CFAO makes a determination of noncompliance, the CFAO must follow the procedures in paragraphs (c) through (h) of this section, as appropriate, unless the CFAO also determines the cost impact is immaterial. If immaterial, the CFAO must- (i) Inform the contractor in writing that- (A) The noncompliance should be corrected; and (B) If the noncompliance is not corrected, the Government reserves the right to make appropriate contract adjustments should the noncompliance become material in the future; and (ii) Conclude the cost-impact process with no contract adjustments.","P_30_404_b_1: CFAO receives report of alleged noncompliance from auditor; P_30_404_b_2: Within 15 days CFAO disagrees with alleged noncompliance or issues notice of potential noncompliance; P_30_404_b_3: Notice must specify exact nature and allow contractor 60 days to respond; P_30_404_b_4: CFAO reviews contractor response, makes compliance determination, and notifies parties in writing; P_30_404_b_5: CFAO determines noncompliance and cost impact is material; P_30_404_b_6: CFAO follows procedures in paragraphs (c) through (h); P_30_404_b_7: CFAO determines noncompliance but cost impact is immaterial; P_30_404_b_8: CFAO informs contractor noncompliance should be corrected and Government reserves adjustment rights, then concludes process",P_30_404_b_1 ⊃ (P_30_404_b_2 ∧ P_30_404_b_3 ∧ P_30_404_b_4 ∧ ((P_30_404_b_5 ⊃ P_30_404_b_6) ∧ (P_30_404_b_7 ⊃ P_30_404_b_8))),P_30_404_c; P_30_404_d; P_30_404_e; P_30_404_f; P_30_404_g; P_30_404_h; P_1 (part 1 referenced),Material Implication (Impl): Rule 15; Conjunction (Conj): Rule 7,PENDING_REVIEW,PASS,PASS,Complex nested conditional with 15-day timeline and branching based on materiality. Deeply nested but each path is clearly defined. HIGH-RISK Rule 15 verified.,MEDIUM
30,30.404(c),P_30_404_c,"Correcting noncompliances. (1) The clause at 52.230-6 requires the contractor to submit a description of any cost accounting practice change needed to correct a noncompliance within 60 days after the earlier of- (i) Agreement with the CFAO that there is a noncompliance; or (ii) Notification by the CFAO of a determination of noncompliance. (2) The CFAO should review the proposed change to correct the noncompliance concurrently for adequacy and compliance. The CFAO must- (i) When the description of the change is both adequate and compliant- (A) Notify the contractor in writing; (B) Request that the contractor submit by a specified date a GDM proposal, unless the CFAO determines the cost impact is immaterial; and (C) Follow the procedures at paragraph (b)(4) of this section if the CFAO determines the cost impact is immaterial. (ii) If the description of the change is inadequate, request a revised description of the new cost accounting practice; or (iii) If the disclosed practice is noncompliant, notify the contractor in writing that, if implemented, the CFAO will determine the cost accounting practice to be noncompliant and process it accordingly.","P_30_404_c_1: Contractor must submit description of practice change to correct noncompliance within 60 days of agreement or notification; P_30_404_c_2: CFAO reviews proposed change for adequacy and compliance; P_30_404_c_3: If adequate and compliant, CFAO notifies contractor and requests GDM proposal unless immaterial; P_30_404_c_4: If inadequate, CFAO requests revised description; P_30_404_c_5: If noncompliant, CFAO notifies contractor practice will be determined noncompliant",P_30_404_c_1 ∧ P_30_404_c_2 ∧ (P_30_404_c_3 ∨ P_30_404_c_4 ∨ P_30_404_c_5),P_52_230_6; P_30_404_b,Conjunction (Conj): Rule 7; Addition (Add): Rule 8,PENDING_REVIEW,PASS,PASS,"Mandatory contractor submission plus CFAO review with three mutually exclusive outcome paths (adequate/compliant, inadequate, noncompliant). Advisory 'should' for concurrent review noted.",MEDIUM
30,30.404(d),P_30_404_d,"GDM proposal content. The GDM proposal- (1) Must calculate the cost impact in accordance with paragraph (h) of this section; (2) May use one or more methods to determine increase or decrease in contract and subcontract price or cost accumulations including representative sample, indirect rate method, or any other reasonable method; (3) The contractor may submit a DCI proposal in lieu of a GDM proposal provided it is in accordance with paragraph (f); (4) May be in any format acceptable to the CFAO but must include minimum data on total increase or decrease by Executive agency for fixed-price and flexibly-priced groups, increased or decreased costs to Government, and total overpayments and underpayments during noncompliance period; (5) When requested by the CFAO, must identify all affected CAS-covered contracts and subcontracts.","P_30_404_d_1: GDM proposal must calculate cost impact per paragraph (h); P_30_404_d_2: May use representative sample, indirect rate, or other reasonable method; P_30_404_d_3: Contractor may submit DCI in lieu of GDM per paragraph (f); P_30_404_d_4: Must include minimum data on increases/decreases by agency, costs to Government, and overpayments/underpayments; P_30_404_d_5: When requested, must identify all affected contracts",P_30_404_d = P_30_404_d_1 ∧ P_30_404_d_2 ∧ P_30_404_d_3 ∧ P_30_404_d_4 ∧ P_30_404_d_5,P_30_404_h; P_30_404_f,Conjunction (Conj): Rule 7,PENDING_REVIEW,PASS,PASS,GDM proposal requirements for noncompliances. Mix of mandatory and permissive elements captured conjunctively as the complete requirement set.,MEDIUM
30,30.404(e),P_30_404_e,"GDM proposal evaluation. The CFAO must promptly evaluate the GDM proposal. If the cost impact is immaterial, the CFAO must follow the requirements in paragraph (b)(4) of this section. Otherwise, the CFAO must- (1) Negotiate and resolve the cost impact (see 30.405). If necessary, the CFAO may request the contractor submit a revised GDM proposal by a specified date, with specific additional data needed to resolve the cost impact; or (2) Request that the contractor submit a DCI proposal by a specified date if the CFAO determines that the GDM proposal is not sufficient to resolve the cost impact.",P_30_404_e_1: CFAO must promptly evaluate GDM proposal; P_30_404_e_2: Cost impact is immaterial; P_30_404_e_3: CFAO follows requirements in paragraph (b)(4); P_30_404_e_4: Cost impact is material; P_30_404_e_5: CFAO negotiates and resolves cost impact or requests DCI proposal,P_30_404_e_1 ∧ ((P_30_404_e_2 ⊃ P_30_404_e_3) ∧ (P_30_404_e_4 ⊃ P_30_404_e_5)),P_30_404_b; P_30_405,Material Implication (Impl): Rule 15; Conjunction (Conj): Rule 7,PENDING_REVIEW,PASS,PASS,Mandatory evaluation with branching based on materiality. Parallels 30.403(c) structure. HIGH-RISK Rule 15 verified.,HIGH
30,30.404(f),P_30_404_f,"Detailed cost-impact proposal. If the contractor is required to submit a DCI proposal, the CFAO must promptly evaluate the DCI proposal and follow the procedures at 30.405 to negotiate and resolve the cost impact. The DCI proposal- (1) Must calculate the cost impact in accordance with paragraph (h) of this section; and (2) Must show the increase or decrease in price and cost accumulations, as applicable for each affected CAS-covered contract and subcontract unless the CFAO and contractor agree to- (i) Include only those affected CAS-covered contracts and subcontracts having- (A) Contract and subcontract values exceeding a specified amount when the noncompliance involves estimating costs; and (B) Incurred costs exceeding a specified amount when the noncompliance involves accumulating costs; and (ii) Estimate the total increase or decrease in price and cost accumulations for all affected CAS-covered contracts and subcontracts using the results in paragraph (f)(2)(i) of this section; (3) May be in any format acceptable to the CFAO but, at a minimum, must include the information in paragraph (d)(4) of this section; and (4) When requested by the CFAO, must identify all affected CAS-covered contracts and subcontracts.","P_30_404_f_1: Contractor required to submit DCI proposal; P_30_404_f_2: CFAO must promptly evaluate and follow procedures at 30.405; P_30_404_f_3: DCI must calculate cost impact per paragraph (h); P_30_404_f_4: DCI must show increase or decrease for each affected contract unless agreed to limit scope; P_30_404_f_5: DCI must include minimum information per paragraph (d)(4); P_30_404_f_6: When requested, must identify all affected contracts",P_30_404_f_1 ⊃ (P_30_404_f_2 ∧ P_30_404_f_3 ∧ P_30_404_f_4 ∧ P_30_404_f_5 ∧ P_30_404_f_6),P_30_404_h; P_30_404_d; P_30_405,Material Implication (Impl): Rule 15; Conjunction (Conj): Rule 7,PENDING_REVIEW,PASS,PASS,"Conditional: when DCI required, mandatory evaluation and content requirements apply. HIGH-RISK Rule 15 verified.",HIGH
30,30.404(g),P_30_404_g,"Interest. The CFAO must- (1) Separately identify interest on any increased cost paid, in the aggregate, as a result of the noncompliance; (2) Compute interest from the date of overpayment to the date of repayment using the rate specified in 26 U.S.C. 6621(a)(2).",P_30_404_g_1: CFAO must separately identify interest on any increased cost paid in aggregate as result of noncompliance; P_30_404_g_2: CFAO must compute interest from date of overpayment to date of repayment using rate specified in 26 U.S.C. 6621(a)(2),P_30_404_g = P_30_404_g_1 ∧ P_30_404_g_2,None,Conjunction (Conj): Rule 7,PENDING_REVIEW,PASS,PASS,Two mandatory CFAO duties regarding interest computation on noncompliance-related overpayments.,HIGH
30,30.404(h),P_30_404_h,"Calculating cost impacts. The cost impact calculation must- (1) Include all affected CAS-covered contracts and subcontracts regardless of their status or the fiscal year in which the costs are incurred; (2) Combine the cost impact for all affected CAS-covered contracts and subcontracts for all segments if the effect of a change results in costs flowing between those segments; (3) For noncompliances that involve estimating costs, determine the increased or decreased cost to the Government for fixed-price contracts and subcontracts; (4) For noncompliances that involve accumulating costs, determine the increased or decreased cost to the Government for flexibly-priced contracts and subcontracts; (5) Calculate the total increase or decrease in contract and subcontract incentives, fees, and profits associated with the increased or decreased costs to the Government in accordance with 48 CFR 9903.306(c); (6) Determine the cost impact of each noncompliance that affects both cost estimating and cost accumulation by combining the cost impacts in paragraphs (h)(3), (h)(4), and (h)(5) of this section; (7) Calculate the increased cost to the Government in the aggregate; and (8) If the contractor does not correct the noncompliance or submit the proposal required in paragraph (d) or (f) of this section within the specified time, or any extension granted by the CFAO, the CFAO must follow the procedures at section 30.302-3.","P_30_404_h_1: Must include all affected CAS-covered contracts regardless of status or fiscal year; P_30_404_h_2: Must combine cost impact for all segments if costs flow between segments; P_30_404_h_3: For estimating noncompliances, determine increased or decreased cost for fixed-price contracts; P_30_404_h_4: For accumulating noncompliances, determine increased or decreased cost for flexibly-priced contracts; P_30_404_h_5: Calculate total change in incentives, fees, and profits per 48 CFR 9903.306(c); P_30_404_h_6: For combined estimating and accumulation noncompliances, combine impacts from (h)(3), (h)(4), and (h)(5); P_30_404_h_7: Calculate increased cost to Government in aggregate; P_30_404_h_8: If contractor fails to correct or submit within time, CFAO must follow procedures at 30.302-3",P_30_404_h = P_30_404_h_1 ∧ P_30_404_h_2 ∧ P_30_404_h_3 ∧ P_30_404_h_4 ∧ P_30_404_h_5 ∧ P_30_404_h_6 ∧ P_30_404_h_7 ∧ P_30_404_h_8,P_30_302_3,Conjunction (Conj): Rule 7,PENDING_REVIEW,PASS,PASS,Comprehensive cost impact calculation methodology for noncompliances. All elements mandatory. Elements 3-4 are conditional on noncompliance type but captured as part of complete framework.,MEDIUM
30,30.405,P_30_405,Resolving cost impacts.,P_30_405: Resolving cost impacts provisions consist of subsections (a) through (d),P_30_405 = P_30_405_a ∧ P_30_405_b ∧ P_30_405_c ∧ P_30_405_d,P_30_405_a; P_30_405_b; P_30_405_c; P_30_405_d,Conjunction (Conj): Rule 7,PENDING_REVIEW,PASS,PASS,Parent proposition for resolving cost impacts section.,HIGH
30,30.405(a),P_30_405_a,"General. (1) The CFAO must coordinate with the affected contracting officers before negotiating and resolving the cost impact when the estimated cost impact is at least $100,000. The CFAO has the sole authority for negotiating and resolving the cost impact. (2) The CFAO may resolve a cost impact attributed to a change in cost accounting practice or a noncompliance by adjusting a contract, some contracts, all contracts, or by any other allowed method. (3) In resolving the cost impact, the CFAO- (i) Must not combine the cost impacts of: (A) A required change and a unilateral change. (B) A required change and a noncompliance. (C) A desirable change and a unilateral change. (D) A desirable change and a noncompliance. (ii) Must not combine the cost impacts of the following unless all are increased costs to Government: (A) One or more unilateral changes. (B) One or more noncompliances. (C) Unilateral changes and noncompliances. (iii) May consider the cost impacts of a unilateral change affecting two or more segments to be a single change if- (A) The change affects the flow of costs between segments; or (B) It implements a common cost accounting practice for two or more segments. (4) For desirable changes, the CFAO should consider the estimated cost impact of associated management actions on contract costs in resolving the cost impact.","P_30_405_a_1: CFAO must coordinate with affected contracting officers when estimated cost impact is at least $100,000; P_30_405_a_2: CFAO has sole authority for negotiating and resolving cost impact; P_30_405_a_3: CFAO may resolve by adjusting contract(s) or any other allowed method; P_30_405_a_4: Must not combine cost impacts of required with unilateral, required with noncompliance, desirable with unilateral, or desirable with noncompliance; P_30_405_a_5: Must not combine unilateral changes, noncompliances, or mixed unless all are increased costs to Government; P_30_405_a_6: May treat multi-segment unilateral change as single change if costs flow between segments or implements common practice; P_30_405_a_7: For desirable changes, should consider estimated cost impact of associated management actions",P_30_405_a = P_30_405_a_1 ∧ P_30_405_a_2 ∧ P_30_405_a_3 ∧ P_30_405_a_4 ∧ P_30_405_a_5 ∧ P_30_405_a_6 ∧ P_30_405_a_7,None,Conjunction (Conj): Rule 7,PENDING_REVIEW,PASS,PASS,"Complex general provisions with mandatory coordination threshold, prohibition on combining certain cost impact types, and permissive multi-segment treatment. Advisory 'should' for desirable change management actions noted.",MEDIUM
30,30.405(b),P_30_405_b,"Negotiations. The CFAO must- (1) Negotiate and resolve the cost impact on behalf of all Government agencies; and (2) At the conclusion of negotiations, prepare a negotiation memorandum and send copies to the auditor and affected contracting officers.",P_30_405_b_1: CFAO must negotiate and resolve cost impact on behalf of all Government agencies; P_30_405_b_2: CFAO must prepare negotiation memorandum at conclusion of negotiations; P_30_405_b_3: CFAO must send copies of memorandum to auditor and affected contracting officers,P_30_405_b = P_30_405_b_1 ∧ P_30_405_b_2 ∧ P_30_405_b_3,None,Conjunction (Conj): Rule 7,PENDING_REVIEW,PASS,PASS,Three mandatory CFAO negotiation duties.,HIGH
30,30.405(c),P_30_405_c,"Contract adjustments. (1) The CFAO may adjust some or all contracts with a material cost impact, subject to the provisions in paragraphs (c)(2) through (c)(6) of this section. (2) In selecting the contract or contracts to be adjusted, the CFAO should assure, to the maximum extent practical and subject to the provisions in paragraphs (c)(3) through (c)(6) of this section, that the adjustments reflect a pro rata share of the cost impact based on the ratio of the cost impact of each Executive agency to the total cost impact. (3) For unilateral changes and noncompliances, the CFAO must- (i) To the maximum extent practical, not adjust the price upward for fixed-price contracts; (ii) If contract adjustments are made, prevent payment of aggregate increased costs by reducing fixed-price contract prices or disallowing costs on flexibly-priced contracts; (iii) The CFAO may, after coordination, increase or decrease individual contract prices but must limit upward adjustments to amount of downward adjustments to other contracts. (4) For noncompliances that involve estimating costs, the CFAO must similarly protect the Government and require correction and invoice adjustments. (5) For noncompliances that involve cost accumulation, the CFAO must require contractor to correct records and adjust payments, and must adjust contract prices to prevent aggregate increased costs. (6) When contract adjustments are made, the CFAO must- (i) Execute bilateral modifications if agreement exists; or (ii) Issue final decision per part 33 and unilaterally adjust when no agreement.","P_30_405_c_1: CFAO may adjust some or all contracts with material cost impact; P_30_405_c_2: Adjustments should reflect pro rata share by Executive agency; P_30_405_c_3: For unilateral changes and noncompliances, must not adjust fixed-price upward and must prevent aggregate increased costs; P_30_405_c_4: For estimating noncompliances, must protect Government and require correction; P_30_405_c_5: For accumulation noncompliances, must require record correction and payment adjustments; P_30_405_c_6: Must execute bilateral modifications or issue final decision per part 33",P_30_405_c = P_30_405_c_1 ∧ P_30_405_c_2 ∧ P_30_405_c_3 ∧ P_30_405_c_4 ∧ P_30_405_c_5 ∧ P_30_405_c_6,P_33 (part 33 referenced); P_42 (part 42 referenced),Conjunction (Conj): Rule 7,PENDING_REVIEW,PASS,PASS,"Comprehensive contract adjustment framework. Mix of permissive authority, advisory guidance, and mandatory protections. Deeply nested in source but captured at appropriate granularity.",MEDIUM
30,30.405(d),P_30_405_d,"Alternate methods. (1) The CFAO may use an alternate method instead of adjusting contracts to resolve the cost impact if the Government and contractor agree on the use of an alternate method. (2) The CFAO may not use an alternate method when application of the alternate method would result in- (i) The Government paying more, in the aggregate, than would be paid if the CFAO did not use the alternate method; (ii) An under recovery of monies by the Government; or (iii) Distortions of incentive provisions and relationships between target costs, ceiling costs, and actual costs for incentive type contracts. (3) When using an alternate method that excludes the costs from an indirect cost pool, the CFAO must- (i) Apply such exclusion only to the determination of final indirect cost rates (see part 42); and (ii) Adjust the exclusion to reflect the Government participation rate for flexibly-priced contracts and subcontracts.","P_30_405_d_1: CFAO may use alternate method if Government and contractor agree; P_30_405_d_2: Alternate method must not result in Government paying more in aggregate; P_30_405_d_3: Alternate method must not result in under recovery of monies; P_30_405_d_4: Alternate method must not distort incentive provisions; P_30_405_d_5: When excluding costs from indirect pool, must apply only to final indirect cost rate determination; P_30_405_d_6: Must adjust exclusion to reflect Government participation rate for flexibly-priced contracts",P_30_405_d_1 ∧ ~(P_30_405_d_2 ∨ P_30_405_d_3 ∨ P_30_405_d_4) ∧ P_30_405_d_5 ∧ P_30_405_d_6,P_42 (part 42 referenced),Conjunction (Conj): Rule 7; De Morgan's Rule (DM): Rule 9,PENDING_REVIEW,PASS,PASS,Permissive authority with mandatory restrictions. Negation of prohibited outcomes using De Morgan's. HIGH-RISK Rule 9 verified: none of the three prohibited results may occur. Indirect cost pool exclusion requirements are conditional on using that specific alternate method.,MEDIUM
30,30.406,P_30_406,"When a negotiated CAS price adjustment or a determination of noncompliance is required at the subcontract level, the CFAO for the subcontractor must furnish a copy of the negotiation memorandum or the determination to the CFAO for the contractor of the next higher-tier subcontractor. The CFAO of the contractor or the next higher-tier subcontractor is not permitted to change such negotiation memorandum or determination. If the subcontractor refuses to submit a GDM or DCI proposal, contract remedies are made at the prime contractor level.",P_30_406_a: Negotiated CAS price adjustment or noncompliance determination is required at subcontract level; P_30_406_b: CFAO for subcontractor must furnish copy of negotiation memorandum or determination to CFAO for contractor of next higher-tier; P_30_406_c: CFAO of contractor or next higher-tier is not permitted to change such memorandum or determination; P_30_406_d: Subcontractor refuses to submit GDM or DCI proposal; P_30_406_e: Contract remedies are made at prime contractor level,(P_30_406_a ⊃ (P_30_406_b ∧ P_30_406_c)) ∧ (P_30_406_d ⊃ P_30_406_e),None,Material Implication (Impl): Rule 15; Conjunction (Conj): Rule 7,PENDING_REVIEW,PASS,PASS,"Two conditionals: (1) subcontract-level action triggers mandatory copy-furnishing and prohibition on changes, (2) subcontractor refusal triggers prime contractor level remedies. HIGH-RISK Rule 15 verified for both.",HIGH
