RFO_Part,Section_Number,Propositional_ID,Natural_Language,Atomic_Propositions,Formal_Logic_Statement,Dependencies,Justification_Rules,Validation_Status,Logical_Check,Real_World_Check,Validation_Notes,Confidence_Level
28,28.000,P_28_000,"This part prescribes requirements for obtaining financial protection against losses under contracts that result from the use of the sealed bid or negotiated methods. It covers bid guarantees, bonds, alternative payment protections, security for bonds, and insurance.","P_28_000_a: Part 28 prescribes requirements for obtaining financial protection against losses under contracts using sealed bid or negotiated methods; P_28_000_b: Part 28 covers bid guarantees; P_28_000_c: Part 28 covers bonds; P_28_000_d: Part 28 covers alternative payment protections; P_28_000_e: Part 28 covers security for bonds; P_28_000_f: Part 28 covers insurance","P_28_000_a ^ P_28_000_b ^ P_28_000_c ^ P_28_000_d ^ P_28_000_e ^ P_28_000_f","DEFERRED","Conjunction (Conj): Rule 7","VALIDATED","PASS","PASS","Scope statement. Six conjunctive elements describing Part 28 coverage areas. Straightforward conjunction of declarative statements.","HIGH"
28,28.001,P_28_001,"Definitions. As used in this part, the following terms are defined (parent aggregating 8 defined terms: attorney-in-fact, bid, bid guarantee, bidder, bond, consent of surety, penal sum, reinsurance).","P_28_001: Part 28 definitions section establishing meanings for 8 terms","P_28_001_def_atty ^ P_28_001_def_bid ^ P_28_001_def_bidguar ^ P_28_001_def_bidder ^ P_28_001_def_bond ^ P_28_001_def_consent ^ P_28_001_def_penal ^ P_28_001_def_reins","DEFERRED","Conjunction (Conj): Rule 7","VALIDATED","PASS","PASS","Parent proposition aggregating all definitions. All terms defined conjunctively within Part 28 scope.","HIGH"
28,28.001(def:attorney-in-fact),P_28_001_def_atty,"Attorney-in-fact means an agent, independent agent, underwriter, or any other company or individual holding a power of attorney granted by a surety.","P_28_001_def_atty_a: Entity is an agent; P_28_001_def_atty_b: Entity is an independent agent; P_28_001_def_atty_c: Entity is an underwriter; P_28_001_def_atty_d: Entity is any other company or individual holding a power of attorney granted by a surety","(P_28_001_def_atty_a v P_28_001_def_atty_b v P_28_001_def_atty_c v P_28_001_def_atty_d) -> Attorney_in_Fact","DEFERRED","Addition (Add): Rule 8; Material Implication (Impl): Rule 15 [HIGH-RISK]","PENDING_REVIEW","PASS","PASS","Disjunctive definition: any of four categories qualifies. Rule 15 used for definitional implication. The disjunction is inclusive; multiple categories could apply simultaneously.","MEDIUM"
28,28.001(def:bid),P_28_001_def_bid,"Bid means any response to a solicitation, including a proposal under a negotiated acquisition.","P_28_001_def_bid_a: Entity is a response to a solicitation; P_28_001_def_bid_b: Definition includes proposals under negotiated acquisitions","P_28_001_def_bid_a ^ P_28_001_def_bid_b","DEFERRED","Conjunction (Conj): Rule 7","VALIDATED","PASS","PASS","Broad definitional statement. The 'including' clause is additive clarification, not a separate condition. Conjunction appropriate because the definition encompasses both elements.","HIGH"
28,28.001(def:bid_guarantee),P_28_001_def_bidguar,"Bid guarantee means a form of security assuring that the bidder (1) will not withdraw a bid within the period specified for acceptance; and (2) will execute a written contract and furnish required bonds within the time specified. (Parent aggregating (1) and (2).)","P_28_001_def_bidguar: Bid guarantee is a form of security assuring bidder compliance with sub-requirements (1) and (2)","P_28_001_def_bidguar_1 ^ P_28_001_def_bidguar_2","DEFERRED","Conjunction (Conj): Rule 7","VALIDATED","PASS","PASS","Parent proposition. The 'and' connector between (1) and (2) makes this conjunctive. Both assurances are required for the definition to be satisfied.","HIGH"
28,28.001(def:bid_guarantee)(1),P_28_001_def_bidguar_1,"Will not withdraw a bid within the period specified for acceptance.","P_28_001_def_bidguar_1: Bidder will not withdraw bid within the acceptance period","~Withdraw_Bid_During_Acceptance_Period","DEFERRED","Negation (Neg): Rule 10","VALIDATED","PASS","PASS","Simple negation. The bid guarantee assures that the bidder will NOT withdraw. Atomic proposition.","HIGH"
28,28.001(def:bid_guarantee)(2),P_28_001_def_bidguar_2,"Will execute a written contract and furnish required bonds, including any necessary coinsurance or reinsurance agreements, within the time specified in the bid, unless a longer time allowed, after receipt of the specified forms.","P_28_001_def_bidguar_2_a: Bidder will execute a written contract within specified time; P_28_001_def_bidguar_2_b: Bidder will furnish required bonds including coinsurance/reinsurance within specified time; P_28_001_def_bidguar_2_c: Longer time may be allowed","(P_28_001_def_bidguar_2_a ^ P_28_001_def_bidguar_2_b) v P_28_001_def_bidguar_2_c","DEFERRED","Conjunction (Conj): Rule 7; Addition (Add): Rule 8","PENDING_REVIEW","PASS","PASS","Execute contract AND furnish bonds are conjunctive requirements. The 'unless a longer time allowed' creates a disjunctive alternative to the time constraint rather than negating the obligation itself. Marked PENDING_REVIEW due to ambiguity in how the time extension interacts with the base obligations.","MEDIUM"
28,28.001(def:bidder),P_28_001_def_bidder,"Bidder means any entity that is responding or has responded to a solicitation, including an offeror under a negotiated acquisition.","P_28_001_def_bidder_a: Entity is currently responding to a solicitation; P_28_001_def_bidder_b: Entity has responded to a solicitation; P_28_001_def_bidder_c: Definition includes offerors under negotiated acquisitions","(P_28_001_def_bidder_a v P_28_001_def_bidder_b) ^ P_28_001_def_bidder_c","DEFERRED","Addition (Add): Rule 8; Conjunction (Conj): Rule 7","VALIDATED","PASS","PASS","Disjunctive temporal scope (is responding OR has responded) combined conjunctively with the clarifying inclusion of negotiated acquisition offerors.","HIGH"
28,28.001(def:bond),P_28_001_def_bond,"Bond means a written instrument executed by a bidder or contractor (the 'principal'), and a second party (the 'surety' or 'sureties') (except as provided in 28.204), to assure fulfillment of the principal's obligations to a third party (the 'obligee' or 'Government'), identified in the bond. If the principal's obligations are not met, the bond assures payment, to the extent stipulated, of any loss sustained by the obligee. The types of bonds and related documents are as follows: (parent aggregating (1)-(6)).","P_28_001_def_bond_a: Bond is a written instrument executed by principal and surety (except 28.204); P_28_001_def_bond_b: Bond assures fulfillment of principal obligations to obligee; P_28_001_def_bond_c: If obligations not met then bond assures payment of loss; P_28_001_def_bond_d: Six types of bonds defined in (1)-(6)","P_28_001_def_bond_a ^ P_28_001_def_bond_b ^ (~Obligations_Met -> Payment_of_Loss) ^ (P_28_001_def_bond_1 v P_28_001_def_bond_2 v P_28_001_def_bond_3 v P_28_001_def_bond_4 v P_28_001_def_bond_5 v P_28_001_def_bond_6)","DEFERRED","Conjunction (Conj): Rule 7; Material Implication (Impl): Rule 15 [HIGH-RISK]; Addition (Add): Rule 8","PENDING_REVIEW","PASS","PASS","Complex parent definition. Core definition is conjunctive. The remedial clause ('If obligations not met') is a conditional triggering payment assurance. The six bond types are disjunctive categories. Exception for 28.204 noted as dependency. Rule 15 used for the conditional payment trigger.","MEDIUM"
28,28.001(def:bond)(1),P_28_001_def_bond_1,"An advance payment bond secures fulfillment of the contractor's obligations under an advance payment provision.","P_28_001_def_bond_1: Advance payment bond secures contractor obligations under advance payment provision","Advance_Payment_Bond -> Secures_Advance_Payment_Obligations","DEFERRED","Material Implication (Impl): Rule 15 [HIGH-RISK]","PENDING_REVIEW","PASS","PASS","Definitional implication: the bond type implies its security function. Rule 15 appropriate for definitional linkage. Straightforward but flagged per HIGH-RISK protocol.","MEDIUM"
28,28.001(def:bond)(2),P_28_001_def_bond_2,"An annual bid bond is a single bond furnished by a bidder, in lieu of separate bid bonds, which secures all bids (on other than construction contracts) requiring bonds submitted during a specific Government fiscal year.","P_28_001_def_bond_2_a: Annual bid bond is a single bond in lieu of separate bid bonds; P_28_001_def_bond_2_b: Covers bids on other than construction contracts; P_28_001_def_bond_2_c: Covers bids requiring bonds submitted during a specific Government fiscal year","P_28_001_def_bond_2_a ^ P_28_001_def_bond_2_b ^ P_28_001_def_bond_2_c","DEFERRED","Conjunction (Conj): Rule 7","VALIDATED","PASS","PASS","Three conjunctive defining characteristics. All three elements must be present for the definition to apply. Exclusion of construction contracts is an embedded restriction.","HIGH"
28,28.001(def:bond)(3),P_28_001_def_bond_3,"An annual performance bond is a single bond furnished by a contractor, in lieu of separate performance bonds, to secure fulfillment of the contractor's obligations under contracts (other than construction contracts) requiring bonds entered into during a specific Government fiscal year.","P_28_001_def_bond_3_a: Annual performance bond is a single bond in lieu of separate performance bonds; P_28_001_def_bond_3_b: Covers contracts other than construction; P_28_001_def_bond_3_c: Covers contracts requiring bonds entered into during a specific Government fiscal year","P_28_001_def_bond_3_a ^ P_28_001_def_bond_3_b ^ P_28_001_def_bond_3_c","DEFERRED","Conjunction (Conj): Rule 7","VALIDATED","PASS","PASS","Parallel structure to annual bid bond definition. Three conjunctive elements. Construction exclusion embedded.","HIGH"
28,28.001(def:bond)(4),P_28_001_def_bond_4,"A patent infringement bond secures fulfillment of the contractor's obligations under a patent provision.","P_28_001_def_bond_4: Patent infringement bond secures contractor obligations under patent provision","Patent_Infringement_Bond -> Secures_Patent_Obligations","DEFERRED","Material Implication (Impl): Rule 15 [HIGH-RISK]","PENDING_REVIEW","PASS","PASS","Definitional implication linking bond type to its function. Rule 15 flagged per protocol.","MEDIUM"
28,28.001(def:bond)(5),P_28_001_def_bond_5,"A payment bond assures payments as required by law to all persons supplying labor or material in the prosecution of the work provided for in the contract.","P_28_001_def_bond_5_a: Payment bond assures payments required by law; P_28_001_def_bond_5_b: Payments go to all persons supplying labor or material for the contract work","P_28_001_def_bond_5_a ^ P_28_001_def_bond_5_b","DEFERRED","Conjunction (Conj): Rule 7","VALIDATED","PASS","PASS","Two conjunctive elements: legal requirement for payment AND scope of covered persons. Both must hold.","HIGH"
28,28.001(def:bond)(6),P_28_001_def_bond_6,"A performance bond secures performance and fulfillment of the contractor's obligations under the contract.","P_28_001_def_bond_6: Performance bond secures performance and fulfillment of contractor contract obligations","Performance_Bond -> (Secures_Performance ^ Secures_Fulfillment)","DEFERRED","Material Implication (Impl): Rule 15 [HIGH-RISK]; Conjunction (Conj): Rule 7","PENDING_REVIEW","PASS","PASS","Definitional implication with conjunctive consequent. Bond type implies both performance security and fulfillment security. Rule 15 flagged.","MEDIUM"
28,28.001(def:consent_of_surety),P_28_001_def_consent,"Consent of surety means an acknowledgment by a surety that its bond given in connection with a contract continues to apply to the contract as modified.","P_28_001_def_consent_a: Consent is an acknowledgment by surety; P_28_001_def_consent_b: Bond continues to apply to contract as modified","P_28_001_def_consent_a ^ P_28_001_def_consent_b","DEFERRED","Conjunction (Conj): Rule 7","VALIDATED","PASS","PASS","Two conjunctive definitional elements: the nature of consent (acknowledgment) and its effect (continued applicability to modified contract).","HIGH"
28,28.001(def:penal_sum),P_28_001_def_penal,"Penal sum or penal amount means the amount of money specified in a bond (or a percentage of the bid price in a bid bond) as the maximum payment for which the surety is obligated or the amount of security required to be pledged to the Government in lieu of a corporate or individual surety for the bond.","P_28_001_def_penal_a: Penal sum is the amount specified in a bond as maximum surety obligation; P_28_001_def_penal_b: In a bid bond it may be expressed as a percentage of bid price; P_28_001_def_penal_c: Alternatively it is the amount of security pledged in lieu of surety","(P_28_001_def_penal_a v P_28_001_def_penal_b) v P_28_001_def_penal_c","DEFERRED","Addition (Add): Rule 8","VALIDATED","PASS","PASS","Disjunctive definition: penal sum can be expressed as a fixed amount, a percentage (for bid bonds), or the pledged security amount. The 'or' connectors make this a three-way disjunction.","HIGH"
28,28.001(def:reinsurance),P_28_001_def_reins,"Reinsurance means a transaction which provides that a surety, for a consideration, agrees to indemnify another surety against loss which the latter may sustain under a bond which it has issued.","P_28_001_def_reins_a: Reinsurance is a transaction; P_28_001_def_reins_b: One surety agrees to indemnify another surety for consideration; P_28_001_def_reins_c: Indemnification is against loss under a bond issued by the indemnified surety","P_28_001_def_reins_a ^ P_28_001_def_reins_b ^ P_28_001_def_reins_c","DEFERRED","Conjunction (Conj): Rule 7","VALIDATED","PASS","PASS","Three conjunctive definitional elements. All must hold for the term to apply. Straightforward definition with no conditional triggers.","HIGH"
28,28.100,P_28_100,"This subpart prescribes requirements and procedures for the use of bonds, alternative payment protections, and all types of bid guarantees.","P_28_100_a: Subpart 28.1 prescribes requirements and procedures for bonds; P_28_100_b: Subpart 28.1 prescribes requirements for alternative payment protections; P_28_100_c: Subpart 28.1 prescribes requirements for all types of bid guarantees","P_28_100_a ^ P_28_100_b ^ P_28_100_c","DEFERRED","Conjunction (Conj): Rule 7","VALIDATED","PASS","PASS","Scope statement for Subpart 28.1. Three conjunctive coverage areas.","HIGH"
28,28.101,P_28_101,"Bid guarantees (parent aggregating 28.101-1 through 28.101-4).","P_28_101: Bid guarantee requirements as specified in subsections 28.101-1 through 28.101-4","P_28_101_1 ^ P_28_101_2 ^ P_28_101_3 ^ P_28_101_4","DEFERRED","Conjunction (Conj): Rule 7","VALIDATED","PASS","PASS","Parent proposition aggregating four subsections covering policy, solicitation provisions, attorney-in-fact authority, and noncompliance.","HIGH"
28,28.101-1,P_28_101_1,"Policy on use (parent aggregating (a)-(c)).","P_28_101_1: Bid guarantee policy requirements as specified in paragraphs (a) through (c)","P_28_101_1_a ^ P_28_101_1_b ^ P_28_101_1_c","DEFERRED","Conjunction (Conj): Rule 7","VALIDATED","PASS","PASS","Parent aggregating three policy paragraphs on bid guarantee usage.","HIGH"
28,28.101-1(a),P_28_101_1_a,"A contracting officer must not require a bid guarantee unless a performance bond or a performance and payment bond is also required (see 28.102 and 28.103). Except as provided in paragraph (c) of this subsection, bid guarantees must be required whenever a performance bond or a performance and payment bond is required.","P_28_101_1_a_1: CO must not require bid guarantee unless performance bond or performance and payment bond also required; P_28_101_1_a_2: Except as provided in (c) bid guarantees must be required whenever performance bond or performance and payment bond is required","(~Performance_Bond_Required ^ ~PerfPayment_Bond_Required) -> ~Bid_Guarantee_Required; (Performance_Bond_Required v PerfPayment_Bond_Required) ^ ~P_28_101_1_c -> Bid_Guarantee_Required","DEFERRED","Material Implication (Impl): Rule 15 [HIGH-RISK]; Modus Tollens (MT): Rule 2; Conjunction (Conj): Rule 7","PENDING_REVIEW","PASS","PASS","Two-part rule. First: negative conditional prohibiting bid guarantee without performance bond. Second: affirmative mandate requiring bid guarantee when performance bond required, subject to (c) waiver exception. Rule 15 used for both conditionals. Cross-references 28.102 and 28.103.","MEDIUM"
28,28.101-1(b),P_28_101_1_b,"All types of bid guarantees are acceptable for supply or service contracts (see annual bid bonds and annual performance bonds coverage in 28.001). Only separate bid guarantees are acceptable in connection with construction contracts. Agencies may specify that only separate bid bonds are acceptable in connection with construction contracts.","P_28_101_1_b_1: All types of bid guarantees acceptable for supply/service contracts; P_28_101_1_b_2: Only separate bid guarantees acceptable for construction contracts; P_28_101_1_b_3: Agencies may specify only separate bid bonds for construction","P_28_101_1_b_1 ^ P_28_101_1_b_2 ^ (Construction_Contract -> (P_28_101_1_b_3 v ~P_28_101_1_b_3))","DEFERRED","Conjunction (Conj): Rule 7; Material Implication (Impl): Rule 15 [HIGH-RISK]; Tautology (Taut): Rule 18","PENDING_REVIEW","PASS","PASS","Conjunctive policy with embedded permissive 'may' for agency specification authority. The restriction to separate bid guarantees for construction is mandatory; agency further specification is discretionary. Rule 15/18 for the permissive clause.","MEDIUM"
28,28.101-1(c),P_28_101_1_c,"The chief of the contracting office may waive the requirement to obtain a bid guarantee when a performance bond or a performance and payment bond is required if it is determined that a bid guarantee is not in the best interest of the Government for a specific acquisition (e.g., overseas construction, emergency acquisitions, sole-source contracts). Class waivers may be authorized by the agency head or designee.","P_28_101_1_c_1: Chief of contracting office may waive bid guarantee requirement when performance bond required and not in Government best interest; P_28_101_1_c_2: Class waivers may be authorized by agency head or designee","(Performance_Bond_Required ^ ~Best_Interest) -> (Waive_BidGuarantee v ~Waive_BidGuarantee); Agency_Head -> (Class_Waiver v ~Class_Waiver)","DEFERRED","Material Implication (Impl): Rule 15 [HIGH-RISK]; Tautology (Taut): Rule 18; Conjunction (Conj): Rule 7","PENDING_REVIEW","PASS","PASS","Two permissive authorities. Both use 'may' indicating discretion not mandate. First: individual waiver by chief of contracting office under specific conditions. Second: class waiver authority at agency head level. Tautology in consequent reflects discretionary nature.","MEDIUM"
28,28.101-2,P_28_101_2,"Solicitation provision or contract clause (parent aggregating (a)-(b)).","P_28_101_2: Solicitation provision/clause requirements as specified in (a) and (b)","P_28_101_2_a ^ P_28_101_2_b","DEFERRED","Conjunction (Conj): Rule 7","VALIDATED","PASS","PASS","Parent aggregating provision insertion requirement and amount determination.","HIGH"
28,28.101-2(a),P_28_101_2_a,"The contracting officer must insert a provision or clause substantially the same as the provision at 52.228-1, Bid Guarantee, in solicitations or contracts that require a bid guarantee or similar guarantee. For example, the contracting officer may modify this provision- (parent with (1)-(4)).","P_28_101_2_a_1: CO must insert provision substantially same as 52.228-1 when bid guarantee required; P_28_101_2_a_2: CO may modify the provision per (1)-(4)","Bid_Guarantee_Required -> Insert_52_228_1; Bid_Guarantee_Required -> (Modify_Per_1_thru_4 v ~Modify_Per_1_thru_4)","DEFERRED","Material Implication (Impl): Rule 15 [HIGH-RISK]; Tautology (Taut): Rule 18","PENDING_REVIEW","PASS","PASS","Mandatory insertion triggered by bid guarantee requirement. Modification authority is permissive. The four sub-paragraphs describe optional modifications. Cross-references 52.228-1.","MEDIUM"
28,28.101-2(a)(1),P_28_101_2_a_1,"To set a period of time that is other than 10 days for the return of executed bonds.","P_28_101_2_a_1: CO may modify 52.228-1 to set a return period other than 10 days for executed bonds","Modify_52_228_1 -> (Return_Period != 10_Days)","DEFERRED","Material Implication (Impl): Rule 15 [HIGH-RISK]","PENDING_REVIEW","PASS","PASS","Optional modification scenario. Permissive authority inherited from parent (a). Specifies the default 10-day period can be altered.","MEDIUM"
28,28.101-2(a)(2),P_28_101_2_a_2,"For use in connection with construction solicitations when the agency has specified that only separate bid bonds are acceptable in accordance with 28.101-1(b).","P_28_101_2_a_2: CO may modify 52.228-1 for construction solicitations when agency specifies only separate bid bonds per 28.101-1(b)","(Construction_Solicitation ^ Agency_Specifies_Separate_Bid_Bonds) -> Modify_52_228_1_For_Construction","DEFERRED","Material Implication (Impl): Rule 15 [HIGH-RISK]; Conjunction (Conj): Rule 7","PENDING_REVIEW","PASS","PASS","Conditional modification: both construction context AND agency specification must be present. Cross-references 28.101-1(b).","MEDIUM"
28,28.101-2(a)(3),P_28_101_2_a_3,"For use in solicitations for negotiated contracts.","P_28_101_2_a_3: CO may modify 52.228-1 for use in solicitations for negotiated contracts","Negotiated_Contract_Solicitation -> (Modify_52_228_1 v ~Modify_52_228_1)","DEFERRED","Material Implication (Impl): Rule 15 [HIGH-RISK]; Tautology (Taut): Rule 18","PENDING_REVIEW","PASS","PASS","Permissive modification scenario for negotiated contracts. Discretionary per parent (a).","MEDIUM"
28,28.101-2(a)(4),P_28_101_2_a_4,"For use in service contracts containing options for extended performance.","P_28_101_2_a_4: CO may modify 52.228-1 for service contracts with extended performance options","Service_Contract_With_Options -> (Modify_52_228_1 v ~Modify_52_228_1)","DEFERRED","Material Implication (Impl): Rule 15 [HIGH-RISK]; Tautology (Taut): Rule 18","PENDING_REVIEW","PASS","PASS","Permissive modification scenario for service contracts with options. Discretionary per parent (a).","MEDIUM"
28,28.101-2(b),P_28_101_2_b,"The contracting officer must determine the amount of the bid guarantee for insertion in the provision at 52.228-1 (see 28.102-2(a)). The amount must be adequate to protect the Government from loss should the successful bidder fail to execute further contractual documents and bonds as required. The bid guarantee amount must be at least 20 percent of the bid price but must not exceed $3 million. When the penal sum is expressed as a percentage, a maximum dollar limitation may be stated.","P_28_101_2_b_1: CO must determine bid guarantee amount for 52.228-1; P_28_101_2_b_2: Amount must be adequate to protect Government from loss if bidder fails to execute; P_28_101_2_b_3: Amount must be at least 20% of bid price; P_28_101_2_b_4: Amount must not exceed $3 million; P_28_101_2_b_5: When penal sum expressed as percentage a maximum dollar limitation may be stated","P_28_101_2_b_1 ^ P_28_101_2_b_2 ^ P_28_101_2_b_3 ^ P_28_101_2_b_4 ^ (Penal_Sum_As_Percentage -> (State_Max_Dollar v ~State_Max_Dollar))","DEFERRED","Conjunction (Conj): Rule 7; Material Implication (Impl): Rule 15 [HIGH-RISK]; Tautology (Taut): Rule 18","PENDING_REVIEW","PASS","PASS","Four mandatory conjunctive requirements plus one permissive conditional. The 20% floor and $3M ceiling create a bounded range. The percentage/dollar limitation clause is permissive. Cross-references 28.102-2(a) and 52.228-1.","MEDIUM"
28,28.101-3,P_28_101_3,"Authority of an attorney-in-fact for a bid bond (parent aggregating (a)-(f)).","P_28_101_3: Attorney-in-fact authority requirements as specified in (a) through (f)","P_28_101_3_a ^ P_28_101_3_b ^ P_28_101_3_c ^ P_28_101_3_d ^ P_28_101_3_e ^ P_28_101_3_f","DEFERRED","Conjunction (Conj): Rule 7","VALIDATED","PASS","PASS","Parent proposition aggregating six paragraphs on attorney-in-fact authority for bid bonds.","HIGH"
28,28.101-3(a),P_28_101_3_a,"Any person signing a bid bond as an attorney-in-fact must include with the bid bond evidence of authority to bind the surety.","P_28_101_3_a: Person signing bid bond as attorney-in-fact must include evidence of authority to bind surety","Signing_As_Attorney_in_Fact -> Include_Evidence_of_Authority","DEFERRED","Material Implication (Impl): Rule 15 [HIGH-RISK]","PENDING_REVIEW","PASS","PASS","Mandatory conditional: signing as attorney-in-fact triggers the evidence requirement. 'Must' indicates mandatory obligation. Rule 15 flagged.","MEDIUM"
28,28.101-3(b),P_28_101_3_b,"An original, or a photocopy or facsimile of an original, power of attorney is sufficient evidence of such authority.","P_28_101_3_b_1: Original power of attorney is sufficient evidence; P_28_101_3_b_2: Photocopy of original is sufficient evidence; P_28_101_3_b_3: Facsimile of original is sufficient evidence","P_28_101_3_b_1 v P_28_101_3_b_2 v P_28_101_3_b_3","DEFERRED","Addition (Add): Rule 8","VALIDATED","PASS","PASS","Disjunctive: any of the three formats satisfies the evidence requirement. Inclusive disjunction.","HIGH"
28,28.101-3(c),P_28_101_3_c,"For purposes of this section, electronic, mechanically-applied and printed signatures, seals and dates on the power of attorney must be considered original signatures, seals and dates, without regard to the order in which they were affixed.","P_28_101_3_c_1: Electronic signatures/seals/dates must be considered original; P_28_101_3_c_2: Mechanically-applied signatures/seals/dates must be considered original; P_28_101_3_c_3: Printed signatures/seals/dates must be considered original; P_28_101_3_c_4: Order of affixing is irrelevant","(P_28_101_3_c_1 ^ P_28_101_3_c_2 ^ P_28_101_3_c_3) ^ P_28_101_3_c_4","DEFERRED","Conjunction (Conj): Rule 7","VALIDATED","PASS","PASS","Conjunctive mandate: all three signature types must be treated as original, AND order is irrelevant. The serial comma structure with 'and' confirms conjunction not disjunction.","HIGH"
28,28.101-3(d),P_28_101_3_d,"The contracting officer must- (parent aggregating (1)-(2)).","P_28_101_3_d: CO obligations regarding power of attorney as specified in (1) and (2)","P_28_101_3_d_1 ^ P_28_101_3_d_2","DEFERRED","Conjunction (Conj): Rule 7","VALIDATED","PASS","PASS","Parent aggregating two mandatory CO obligations regarding POA treatment.","HIGH"
28,28.101-3(d)(1),P_28_101_3_d_1,"Treat the failure to provide a signed and dated power of attorney at the time of bid opening as a matter of responsiveness.","P_28_101_3_d_1: Failure to provide signed/dated POA at bid opening is a matter of responsiveness","Failure_POA_At_Bid_Opening -> Matter_of_Responsiveness","DEFERRED","Material Implication (Impl): Rule 15 [HIGH-RISK]","PENDING_REVIEW","PASS","PASS","Mandatory classification: CO must categorize this failure as responsiveness. This has significant procurement implications as responsiveness deficiencies in sealed bidding are generally non-waivable. Rule 15 flagged.","MEDIUM"
28,28.101-3(d)(2),P_28_101_3_d_2,"Treat questions regarding the authenticity and enforceability of the power of attorney at the time of bid opening as a matter of responsibility. These questions are handled after bid opening.","P_28_101_3_d_2_a: Questions re authenticity/enforceability of POA at bid opening are a matter of responsibility; P_28_101_3_d_2_b: These questions are handled after bid opening","(Authenticity_Questions v Enforceability_Questions) -> (Matter_of_Responsibility ^ Handled_After_Bid_Opening)","DEFERRED","Material Implication (Impl): Rule 15 [HIGH-RISK]; Conjunction (Conj): Rule 7; Addition (Add): Rule 8","PENDING_REVIEW","PASS","PASS","Disjunctive antecedent (authenticity OR enforceability questions) triggers conjunctive consequent (classified as responsibility AND handled post-opening). Critical distinction from (d)(1): responsibility vs. responsiveness has different procedural paths.","MEDIUM"
28,28.101-3(e),P_28_101_3_e,"Surety validation procedures (parent aggregating (1)-(3)).","P_28_101_3_e: Surety validation procedures as specified in (1) through (3)","P_28_101_3_e_1 ^ P_28_101_3_e_2 ^ P_28_101_3_e_3","DEFERRED","Conjunction (Conj): Rule 7","VALIDATED","PASS","PASS","Parent aggregating three procedural scenarios for surety validation of power of attorney.","HIGH"
28,28.101-3(e)(1),P_28_101_3_e_1,"If the contracting officer contacts the surety to validate the power of attorney, the contracting officer must document the file providing, at a minimum, the following information: (parent with (i)-(iii)).","P_28_101_3_e_1: If CO contacts surety to validate POA then CO must document file with minimum information per (i)-(iii)","CO_Contacts_Surety_To_Validate -> (Document_File ^ P_28_101_3_e_1_i ^ P_28_101_3_e_1_ii ^ P_28_101_3_e_1_iii)","DEFERRED","Material Implication (Impl): Rule 15 [HIGH-RISK]; Conjunction (Conj): Rule 7","PENDING_REVIEW","PASS","PASS","Conditional: contacting surety triggers mandatory documentation requirement. The 'at a minimum' language means the three sub-elements are a floor not a ceiling. Conjunctive consequent: all three documentation elements required.","MEDIUM"
28,28.101-3(e)(1)(i),P_28_101_3_e_1_i,"Name of person contacted.","P_28_101_3_e_1_i: Documentation must include name of person contacted","Document_Name_of_Contact","DEFERRED","Conjunction (Conj): Rule 7","VALIDATED","PASS","PASS","Atomic documentation requirement. One of three minimum elements.","HIGH"
28,28.101-3(e)(1)(ii),P_28_101_3_e_1_ii,"Date and time of contact.","P_28_101_3_e_1_ii: Documentation must include date and time of contact","Document_Date_Time_of_Contact","DEFERRED","Conjunction (Conj): Rule 7","VALIDATED","PASS","PASS","Atomic documentation requirement. One of three minimum elements.","HIGH"
28,28.101-3(e)(1)(iii),P_28_101_3_e_1_iii,"Response of the surety.","P_28_101_3_e_1_iii: Documentation must include response of the surety","Document_Surety_Response","DEFERRED","Conjunction (Conj): Rule 7","VALIDATED","PASS","PASS","Atomic documentation requirement. One of three minimum elements.","HIGH"
28,28.101-3(e)(2),P_28_101_3_e_2,"If, upon investigation, the surety declares the power of attorney to have been valid at the time of bid opening, the contracting officer may require correction of any technical error.","P_28_101_3_e_2: If surety declares POA valid at bid opening then CO may require correction of technical error","Surety_Declares_POA_Valid -> (Require_Correction v ~Require_Correction)","DEFERRED","Material Implication (Impl): Rule 15 [HIGH-RISK]; Tautology (Taut): Rule 18","PENDING_REVIEW","PASS","PASS","Conditional with permissive consequent. 'May' indicates CO discretion to require or not require correction. The tautology reflects discretionary authority.","MEDIUM"
28,28.101-3(e)(3),P_28_101_3_e_3,"If the surety declares the power of attorney to have been invalid, the contracting officer must not allow the bidder to substitute a replacement power of attorney or a replacement surety.","P_28_101_3_e_3_a: If surety declares POA invalid then CO must not allow substitute POA; P_28_101_3_e_3_b: If surety declares POA invalid then CO must not allow replacement surety","Surety_Declares_POA_Invalid -> (~Allow_Substitute_POA ^ ~Allow_Replacement_Surety)","DEFERRED","Material Implication (Impl): Rule 15 [HIGH-RISK]; Negation (Neg): Rule 10; Conjunction (Conj): Rule 7","PENDING_REVIEW","PASS","PASS","Conditional with conjunctive negative consequent. Both prohibitions are triggered simultaneously by surety declaration of invalidity. 'Must not' is mandatory prohibition. Contrasts with permissive (e)(2).","MEDIUM"
28,28.101-3(f),P_28_101_3_f,"Determinations of non-responsibility based on the unacceptability of a power of attorney are not subject to the Certificate of Competency process of part 19 if the surety has disavowed the validity of the power of attorney.","P_28_101_3_f: If surety disavows POA validity then non-responsibility determination based on POA unacceptability is not subject to COC process","Surety_Disavows_POA ^ NonResp_Based_On_POA -> ~Subject_To_COC","DEFERRED","Material Implication (Impl): Rule 15 [HIGH-RISK]; Conjunction (Conj): Rule 7; Negation (Neg): Rule 10","PENDING_REVIEW","PASS","PASS","Conditional with conjunctive antecedent: both surety disavowal AND non-responsibility determination based on POA must be present. Consequent is negation of COC applicability. Cross-references Part 19. Important exception to normal small business protections.","MEDIUM"
28,28.101-4,P_28_101_4,"Noncompliance with bid guarantee requirements (parent aggregating (a)-(c)).","P_28_101_4: Noncompliance requirements as specified in (a) through (c)","P_28_101_4_a ^ P_28_101_4_b ^ P_28_101_4_c","DEFERRED","Conjunction (Conj): Rule 7","VALIDATED","PASS","PASS","Parent aggregating three paragraphs: sealed bidding treatment, negotiation treatment, and mandatory waiver circumstances.","HIGH"
28,28.101-4(a),P_28_101_4_a,"In sealed bidding, noncompliance with a solicitation requirement for a bid guarantee requires rejection of the bid, except in the situations described in paragraph (c) of this subsection when the noncompliance must be waived.","P_28_101_4_a: In sealed bidding noncompliance with bid guarantee requirement requires bid rejection except as waived in (c)","(Sealed_Bidding ^ Noncompliance_BidGuarantee ^ ~P_28_101_4_c) -> Reject_Bid","DEFERRED","Material Implication (Impl): Rule 15 [HIGH-RISK]; Conjunction (Conj): Rule 7; Negation (Neg): Rule 10","PENDING_REVIEW","PASS","PASS","Conditional: sealed bidding context AND noncompliance AND none of the (c) exceptions triggers mandatory rejection. The negation of (c) exceptions in the antecedent preserves the 'except' qualifier.","MEDIUM"
28,28.101-4(b),P_28_101_4_b,"In negotiation, noncompliance with a solicitation requirement for a bid guarantee requires rejection of an initial proposal as unacceptable, if a determination is made to award the contract based on initial proposals without discussion, except in the situations described in paragraph (c) of this subsection when noncompliance must be waived. (See part 15.) If the conditions for awarding based on initial proposals are not met, deficiencies in bid guarantees submitted by offerors determined to be in the competitive range must be addressed during discussions and the offeror must be given an opportunity to correct the deficiency.","P_28_101_4_b_1: In negotiation noncompliance requires rejection of initial proposal if awarding without discussion except as in (c); P_28_101_4_b_2: If conditions for initial proposal award not met then deficiencies must be addressed during discussions; P_28_101_4_b_3: Offeror must be given opportunity to correct deficiency","(Negotiation ^ Noncompliance ^ Award_On_Initial ^ ~P_28_101_4_c) -> Reject_Initial_Proposal; (Negotiation ^ Noncompliance ^ ~Award_On_Initial ^ In_Competitive_Range) -> (Address_In_Discussions ^ Opportunity_To_Correct)","DEFERRED","Material Implication (Impl): Rule 15 [HIGH-RISK]; Conjunction (Conj): Rule 7; Negation (Neg): Rule 10","PENDING_REVIEW","PASS","PASS","Two distinct conditional paths based on award methodology. Path 1: award on initial proposals triggers rejection (with (c) exception). Path 2: when discussions required then deficiencies addressed and correction opportunity given. Cross-references Part 15 and paragraph (c). Complex logic with multiple conjunctive antecedent elements.","LOW"
28,28.101-4(c),P_28_101_4_c,"Noncompliance with a solicitation requirement for a bid guarantee must be waived in the following circumstances unless the contracting officer determines in writing that acceptance of the bid would be detrimental to the Government's interest when- (parent aggregating (1)-(8)).","P_28_101_4_c: Noncompliance must be waived in circumstances (1)-(8) unless CO determines in writing that acceptance detrimental to Government interest","(P_28_101_4_c_1 v P_28_101_4_c_2 v P_28_101_4_c_3 v P_28_101_4_c_4 v P_28_101_4_c_5 v P_28_101_4_c_6 v P_28_101_4_c_7 v P_28_101_4_c_8) ^ ~CO_Written_Detriment_Determination -> Waive_Noncompliance","DEFERRED","Material Implication (Impl): Rule 15 [HIGH-RISK]; Addition (Add): Rule 8; Conjunction (Conj): Rule 7; Negation (Neg): Rule 10","PENDING_REVIEW","PASS","PASS","Complex conditional with disjunctive antecedent (any of 8 circumstances) combined with negation of written detriment finding. The 'unless' clause creates an override: even when waiver circumstances exist the CO can prevent waiver via written determination. This is a mandatory waiver with an escape valve. Rule 15 HIGH-RISK due to the unless/override interaction.","LOW"
28,28.101-4(c)(1),P_28_101_4_c_1,"Only one offer is received. In this case, the contracting officer may require the furnishing of the bid guarantee before award.","P_28_101_4_c_1_a: Only one offer received triggers waiver circumstance; P_28_101_4_c_1_b: CO may require bid guarantee furnishing before award","Only_One_Offer -> Waiver_Circumstance; (Only_One_Offer -> (Require_Before_Award v ~Require_Before_Award))","DEFERRED","Material Implication (Impl): Rule 15 [HIGH-RISK]; Tautology (Taut): Rule 18","PENDING_REVIEW","PASS","PASS","First waiver circumstance. Mandatory waiver triggered by sole offer. CO retains permissive authority to require bid guarantee before award as a condition. Two-part: trigger is mandatory while pre-award requirement is discretionary.","MEDIUM"
28,28.101-4(c)(2),P_28_101_4_c_2,"The amount of the bid guarantee submitted is less than required, but is equal to or greater than the difference between the offer price and the next higher acceptable offer.","P_28_101_4_c_2: Bid guarantee amount less than required but >= difference between offer price and next higher acceptable offer","(BidGuarantee_Less_Than_Required ^ BidGuarantee_GTE_Price_Difference) -> Waiver_Circumstance","DEFERRED","Material Implication (Impl): Rule 15 [HIGH-RISK]; Conjunction (Conj): Rule 7","PENDING_REVIEW","PASS","PASS","Second waiver circumstance. Conjunctive antecedent: guarantee must be both (a) less than required AND (b) sufficient to cover the price differential. This protects the Government against the specific risk of the low bidder defaulting.","MEDIUM"
28,28.101-4(c)(3),P_28_101_4_c_3,"The amount of the bid guarantee submitted, although less than that required by the solicitation for the maximum quantity offered, is sufficient for a quantity for which the offeror is otherwise eligible for award. Any award to the offeror must not exceed the quantity covered by the bid guarantee.","P_28_101_4_c_3_a: Bid guarantee less than required for max quantity but sufficient for a lesser eligible quantity; P_28_101_4_c_3_b: Award must not exceed quantity covered by bid guarantee","(BidGuarantee_Sufficient_For_Lesser_Quantity -> Waiver_Circumstance) ^ (Award -> ~Exceed_Covered_Quantity)","DEFERRED","Material Implication (Impl): Rule 15 [HIGH-RISK]; Conjunction (Conj): Rule 7; Negation (Neg): Rule 10","PENDING_REVIEW","PASS","PASS","Third waiver circumstance with embedded mandatory restriction. Waiver is conditional on sufficiency for lesser quantity AND award is capped at covered quantity. The second clause is a mandatory constraint not a discretionary element.","MEDIUM"
28,28.101-4(c)(4),P_28_101_4_c_4,"The bid guarantee is received late, and late receipt is waived under part 14.","P_28_101_4_c_4: Bid guarantee received late AND late receipt waived under Part 14","(Late_Receipt ^ Part_14_Waiver) -> Waiver_Circumstance","DEFERRED","Material Implication (Impl): Rule 15 [HIGH-RISK]; Conjunction (Conj): Rule 7","PENDING_REVIEW","PASS","PASS","Fourth waiver circumstance. Conjunctive antecedent: both late receipt AND Part 14 waiver must be present. Cross-references Part 14 late submission rules.","MEDIUM"
28,28.101-4(c)(5),P_28_101_4_c_5,"A bid guarantee becomes inadequate as a result of the correction of a mistake under part 14 (but only if the bidder will increase the bid guarantee to the level required for the corrected bid).","P_28_101_4_c_5: Bid guarantee became inadequate due to Part 14 mistake correction AND bidder will increase guarantee to required level","(Inadequate_Due_To_Correction ^ Bidder_Will_Increase_Guarantee) -> Waiver_Circumstance","DEFERRED","Material Implication (Impl): Rule 15 [HIGH-RISK]; Conjunction (Conj): Rule 7","PENDING_REVIEW","PASS","PASS","Fifth waiver circumstance. Conjunctive antecedent with a mandatory condition: the waiver applies only if bidder commits to increasing the guarantee. Cross-references Part 14 mistake correction.","MEDIUM"
28,28.101-4(c)(6),P_28_101_4_c_6,"An otherwise acceptable bid bond was submitted with a signed offer, but the bid bond was not signed by the offeror.","P_28_101_4_c_6: Otherwise acceptable bid bond submitted with signed offer but bond itself not signed by offeror","(Acceptable_Bond ^ Signed_Offer ^ ~Bond_Signed_By_Offeror) -> Waiver_Circumstance","DEFERRED","Material Implication (Impl): Rule 15 [HIGH-RISK]; Conjunction (Conj): Rule 7; Negation (Neg): Rule 10","PENDING_REVIEW","PASS","PASS","Sixth waiver circumstance. Three conjunctive elements: bond is otherwise acceptable AND offer was signed AND bond was not signed by offeror. The deficiency is specifically the offeror signature on the bond not the offer itself.","MEDIUM"
28,28.101-4(c)(7),P_28_101_4_c_7,"An otherwise acceptable bid bond is erroneously dated or bears no date at all.","P_28_101_4_c_7: Otherwise acceptable bid bond is erroneously dated or undated","Acceptable_Bond ^ (Erroneous_Date v No_Date) -> Waiver_Circumstance","DEFERRED","Material Implication (Impl): Rule 15 [HIGH-RISK]; Conjunction (Conj): Rule 7; Addition (Add): Rule 8","PENDING_REVIEW","PASS","PASS","Seventh waiver circumstance. Conjunctive: bond must be otherwise acceptable AND have a date deficiency. Date deficiency is disjunctive: either wrong date or no date.","MEDIUM"
28,28.101-4(c)(8),P_28_101_4_c_8,"A bid bond does not list the United States as obligee, but correctly identifies the offeror, the solicitation number, and the name and location of the project involved, so long as it is acceptable in all other respects.","P_28_101_4_c_8: Bid bond omits US as obligee but correctly identifies offeror and solicitation number and project name/location and is otherwise acceptable","(~US_As_Obligee ^ Correct_Offeror ^ Correct_Solicitation ^ Correct_Project ^ Otherwise_Acceptable) -> Waiver_Circumstance","DEFERRED","Material Implication (Impl): Rule 15 [HIGH-RISK]; Conjunction (Conj): Rule 7; Negation (Neg): Rule 10","PENDING_REVIEW","PASS","PASS","Eighth waiver circumstance. Five conjunctive elements: obligee omission AND four correct identifications AND general acceptability. The most complex waiver circumstance with the most conditions.","MEDIUM"
28,28.102,P_28_102,"Performance and payment bonds and alternative payment protections for construction contracts (parent aggregating 28.102-1 through 28.102-3).","P_28_102: Construction contract bonding requirements as specified in 28.102-1 through 28.102-3","P_28_102_1 ^ P_28_102_2 ^ P_28_102_3","DEFERRED","Conjunction (Conj): Rule 7","VALIDATED","PASS","PASS","Parent aggregating three subsections on construction bond requirements: general, amount, and clauses.","HIGH"
28,28.102-1,P_28_102_1,"General (parent aggregating (a)-(c)).","P_28_102_1: General construction bonding requirements as specified in (a) through (c)","P_28_102_1_a ^ P_28_102_1_b ^ P_28_102_1_c","DEFERRED","Conjunction (Conj): Rule 7","VALIDATED","PASS","PASS","Parent aggregating three paragraphs on general construction bonding.","HIGH"
28,28.102-1(a),P_28_102_1_a,"40 U.S.C. chapter 31, subchapter III, Bonds (formerly known as the Miller Act), requires performance and payment bonds for any construction contract exceeding $150,000, except that this requirement may be waived- (parent with (1)-(2)).","P_28_102_1_a_1: Miller Act requires performance and payment bonds for construction contracts exceeding $150K; P_28_102_1_a_2: Requirement may be waived per (1) or (2)","(Construction_Contract ^ Exceeds_150K) -> (Perf_Bond_Required ^ Payment_Bond_Required); Waiver per P_28_102_1_a_1 v P_28_102_1_a_2","DEFERRED","Material Implication (Impl): Rule 15 [HIGH-RISK]; Conjunction (Conj): Rule 7","PENDING_REVIEW","PASS","PASS","Statutory mandate from 40 USC ch.31. Conjunctive antecedent (construction AND >$150K) triggers conjunctive requirement (performance AND payment bonds). Waiver exceptions in sub-paragraphs. External statutory dependency.","MEDIUM"
28,28.102-1(a)(1),P_28_102_1_a_1,"By the contracting officer for as much of the work as is to be performed in a foreign country upon finding that it is impracticable for the contractor to furnish such bonds.","P_28_102_1_a_1: CO may waive bond requirement for foreign country work upon finding of impracticability","(Foreign_Country_Work ^ Impracticability_Finding) -> (Waive_Bond v ~Waive_Bond)","DEFERRED","Material Implication (Impl): Rule 15 [HIGH-RISK]; Tautology (Taut): Rule 18; Conjunction (Conj): Rule 7","PENDING_REVIEW","PASS","PASS","Permissive waiver authority. Conjunctive conditions: foreign country performance AND impracticability finding. The 'may' in parent (a) ('may be waived') makes this discretionary even when conditions are met.","MEDIUM"
28,28.102-1(a)(2),P_28_102_1_a_2,"As otherwise authorized by the Bonds statute or other law.","P_28_102_1_a_2: Waiver authorized by Bonds statute or other law","(Bonds_Statute_Authorization v Other_Law_Authorization) -> Waiver_Authorized","DEFERRED","Material Implication (Impl): Rule 15 [HIGH-RISK]; Addition (Add): Rule 8","PENDING_REVIEW","PASS","PASS","Disjunctive waiver authority: either Bonds statute or other law. Catch-all provision preserving other legal authorities.","MEDIUM"
28,28.102-1(b),P_28_102_1_b,"Pursuant to 40 U.S.C. 3132, for construction contracts greater than $35,000, but not greater than $150,000, the contracting officer must select two or more of the following payment protections, giving particular consideration to inclusion of an irrevocable letter of credit as one of the selected alternatives: (parent with (1)-(2)).","P_28_102_1_b: For construction $35K-$150K CO must select 2+ payment protections with particular consideration to ILC","(Construction ^ Greater_Than_35K ^ Not_Greater_Than_150K) -> (Select_2_Plus_Protections ^ Consider_ILC)","DEFERRED","Material Implication (Impl): Rule 15 [HIGH-RISK]; Conjunction (Conj): Rule 7","PENDING_REVIEW","PASS","PASS","Statutory requirement from 40 USC 3132. Three conjunctive antecedent conditions trigger conjunctive obligation: select 2+ protections AND give particular consideration to ILC. The 'particular consideration' to ILC is advisory weight not a mandate to select it.","MEDIUM"
28,28.102-1(b)(1),P_28_102_1_b_1,"Payment protection options (parent listing (i)-(v)).","P_28_102_1_b_1: Five payment protection options available for CO selection","P_28_102_1_b_1_i v P_28_102_1_b_1_ii v P_28_102_1_b_1_iii v P_28_102_1_b_1_iv v P_28_102_1_b_1_v","DEFERRED","Addition (Add): Rule 8","VALIDATED","PASS","PASS","Parent listing five disjunctive options. CO must select 2+ from this list per parent (b). Options are disjunctive but per parent at least two must be selected.","HIGH"
28,28.102-1(b)(1)(i),P_28_102_1_b_1_i,"A payment bond.","P_28_102_1_b_1_i: Payment bond is an available payment protection option","Payment_Bond_Option","DEFERRED","Conjunction (Conj): Rule 7","VALIDATED","PASS","PASS","Atomic option. One of five payment protection alternatives.","HIGH"
28,28.102-1(b)(1)(ii),P_28_102_1_b_1_ii,"An irrevocable letter of credit (ILC).","P_28_102_1_b_1_ii: Irrevocable letter of credit is an available payment protection option","ILC_Option","DEFERRED","Conjunction (Conj): Rule 7","VALIDATED","PASS","PASS","Atomic option. Per parent (b) this option receives particular consideration.","HIGH"
28,28.102-1(b)(1)(iii),P_28_102_1_b_1_iii,"A tripartite escrow agreement. The prime contractor establishes an escrow account in a federally insured financial institution and enters into a tripartite escrow agreement with the financial institution, as escrow agent, and all of the suppliers of labor and material. The escrow agreement must establish the terms of payment under the contract and of resolution of disputes among the parties. The Government makes payments to the contractor's escrow account, and the escrow agent distributes the payments in accordance with the agreement, or triggers the disputes resolution procedures if required.","P_28_102_1_b_1_iii_a: Prime contractor establishes escrow account in federally insured institution; P_28_102_1_b_1_iii_b: Tripartite agreement with institution and all suppliers; P_28_102_1_b_1_iii_c: Agreement must establish payment terms and dispute resolution; P_28_102_1_b_1_iii_d: Government pays to escrow account; P_28_102_1_b_1_iii_e: Escrow agent distributes per agreement or triggers dispute resolution","P_28_102_1_b_1_iii_a ^ P_28_102_1_b_1_iii_b ^ P_28_102_1_b_1_iii_c ^ P_28_102_1_b_1_iii_d ^ P_28_102_1_b_1_iii_e","DEFERRED","Conjunction (Conj): Rule 7","VALIDATED","PASS","PASS","Complex atomic option with five conjunctive implementation requirements. All elements must be present for a valid tripartite escrow arrangement.","HIGH"
28,28.102-1(b)(1)(iv),P_28_102_1_b_1_iv,"Certificates of deposit. The contractor deposits certificates of deposit from a federally insured financial institution with the contracting officer, in an acceptable form, executable by the contracting officer.","P_28_102_1_b_1_iv_a: Contractor deposits CDs from federally insured institution; P_28_102_1_b_1_iv_b: CDs in acceptable form; P_28_102_1_b_1_iv_c: CDs executable by CO","P_28_102_1_b_1_iv_a ^ P_28_102_1_b_1_iv_b ^ P_28_102_1_b_1_iv_c","DEFERRED","Conjunction (Conj): Rule 7","VALIDATED","PASS","PASS","Atomic option with three conjunctive requirements for valid CD submission.","HIGH"
28,28.102-1(b)(1)(v),P_28_102_1_b_1_v,"A deposit of the types of security listed in 28.204-1 and 28.204-2.","P_28_102_1_b_1_v: Deposit of security types per 28.204-1 and 28.204-2 is an available option","Security_Types_28_204_1_and_28_204_2","DEFERRED","Conjunction (Conj): Rule 7","VALIDATED","PASS","PASS","Atomic option cross-referencing 28.204-1 (US bonds/notes) and 28.204-2 (checks/drafts/money orders/currency).","HIGH"
28,28.102-1(b)(2),P_28_102_1_b_2,"The contractor must submit to the Government one of the payment protections selected by the contracting officer.","P_28_102_1_b_2: Contractor must submit one of the CO-selected payment protections","CO_Selected_Protections -> Contractor_Must_Submit_One","DEFERRED","Material Implication (Impl): Rule 15 [HIGH-RISK]","PENDING_REVIEW","PASS","PASS","Mandatory obligation on contractor. CO selects the menu; contractor picks one from that menu and submits it. Sequential dependency on CO's selection under (b)(1).","MEDIUM"
28,28.102-1(c),P_28_102_1_c,"The contractor must furnish all bonds or alternative payment protection, including any necessary reinsurance agreements, before receiving a notice to proceed with the work or being allowed to start work.","P_28_102_1_c_a: Contractor must furnish all bonds/protections including reinsurance before NTP; P_28_102_1_c_b: Contractor must furnish all before being allowed to start work","Furnish_All_Protections -> (Before_NTP ^ Before_Start_Work)","DEFERRED","Material Implication (Impl): Rule 15 [HIGH-RISK]; Conjunction (Conj): Rule 7","PENDING_REVIEW","PASS","PASS","Temporal mandate: furnishing must precede both NTP and work start. The 'or' between NTP and being allowed to start indicates whichever comes first. Mandatory sequencing requirement.","MEDIUM"
28,28.102-2,P_28_102_2,"Amount required (parent aggregating (a)-(e)).","P_28_102_2: Bond/protection amount requirements as specified in (a) through (e)","P_28_102_2_a ^ P_28_102_2_b ^ P_28_102_2_c ^ P_28_102_2_d ^ P_28_102_2_e","DEFERRED","Conjunction (Conj): Rule 7","VALIDATED","PASS","PASS","Parent aggregating five paragraphs on amount determination for construction bonds.","HIGH"
28,28.102-2(a),P_28_102_2_a,"Definition. As used in this subsection- Original contract price means the award price of the contract; or, for requirements contracts, the price payable for the estimated total quantity; or, for indefinite-quantity contracts, the price payable for the specified minimum quantity. Original contract price does not include the price of any options, except those options exercised at the time of contract award.","P_28_102_2_a_1: Original contract price = award price; P_28_102_2_a_2: For requirements contracts = price for estimated total quantity; P_28_102_2_a_3: For indefinite-quantity contracts = price for specified minimum quantity; P_28_102_2_a_4: Excludes options except those exercised at award","(P_28_102_2_a_1 v P_28_102_2_a_2 v P_28_102_2_a_3) ^ P_28_102_2_a_4","DEFERRED","Addition (Add): Rule 8; Conjunction (Conj): Rule 7","VALIDATED","PASS","PASS","Disjunctive definition based on contract type (fixed-price vs requirements vs IDIQ) combined conjunctively with universal options exclusion. The three definitions are mutually exclusive by contract type. Options exclusion applies across all types.","HIGH"
28,28.102-2(b),P_28_102_2_b,"Contracts exceeding $150,000 (parent aggregating (1)-(2)).","P_28_102_2_b: Bond amounts for contracts >$150K as specified in (1) and (2)","P_28_102_2_b_1 ^ P_28_102_2_b_2","DEFERRED","Conjunction (Conj): Rule 7","VALIDATED","PASS","PASS","Parent aggregating performance bond and payment bond amount requirements for >$150K contracts.","HIGH"
28,28.102-2(b)(1),P_28_102_2_b_1,"Performance bonds. Unless the contracting officer determines that a lesser amount is adequate for the protection of the Government, the penal amount of performance bonds must equal- (parent with (i)-(ii)).","P_28_102_2_b_1: Performance bond penal amount requirements unless CO determines lesser amount adequate","(~CO_Determines_Lesser_Adequate) -> (P_28_102_2_b_1_i ^ P_28_102_2_b_1_ii)","DEFERRED","Material Implication (Impl): Rule 15 [HIGH-RISK]; Negation (Neg): Rule 10; Conjunction (Conj): Rule 7","PENDING_REVIEW","PASS","PASS","Default rule with CO override. Unless CO makes lesser-amount determination the full amount requirements in (i) and (ii) apply. Negation of CO determination triggers mandatory conjunctive requirements.","MEDIUM"
28,28.102-2(b)(1)(i),P_28_102_2_b_1_i,"100 percent of the original contract price.","P_28_102_2_b_1_i: Performance bond penal amount must equal 100% of original contract price","Perf_Bond = 100_Percent_Original_Price","DEFERRED","Conjunction (Conj): Rule 7","VALIDATED","PASS","PASS","Atomic amount requirement. Base performance bond amount.","HIGH"
28,28.102-2(b)(1)(ii),P_28_102_2_b_1_ii,"If the contract price increases, an additional amount equal to 100 percent of the increase.","P_28_102_2_b_1_ii: If contract price increases then additional performance bond amount = 100% of increase","Price_Increase -> Additional_Perf_Bond_100_Percent_Increase","DEFERRED","Material Implication (Impl): Rule 15 [HIGH-RISK]","PENDING_REVIEW","PASS","PASS","Conditional triggered by price increase. Mandatory additional bonding at 100% of the increase amount. Ensures performance bond remains proportional throughout contract life.","MEDIUM"
28,28.102-2(b)(2),P_28_102_2_b_2,"Payment bonds (parent with (i)-(ii)).","P_28_102_2_b_2: Payment bond amount requirements for >$150K contracts as specified in (i) and (ii)","P_28_102_2_b_2_i ^ P_28_102_2_b_2_ii","DEFERRED","Conjunction (Conj): Rule 7","VALIDATED","PASS","PASS","Parent aggregating payment bond amount requirements and the performance bond floor.","HIGH"
28,28.102-2(b)(2)(i),P_28_102_2_b_2_i,"Unless the contracting officer makes a written determination supported by specific findings that a payment bond in this amount is impractical, the amount of the payment bond must equal- (parent with (A)-(B)).","P_28_102_2_b_2_i: Unless CO makes written impracticability determination with specific findings payment bond must equal amounts in (A)-(B)","(~CO_Written_Impractical_Determination) -> (P_28_102_2_b_2_i_A ^ P_28_102_2_b_2_i_B)","DEFERRED","Material Implication (Impl): Rule 15 [HIGH-RISK]; Negation (Neg): Rule 10; Conjunction (Conj): Rule 7","PENDING_REVIEW","PASS","PASS","Default rule with CO override requiring written determination with specific findings. Higher documentation burden than performance bond override in (b)(1) which requires only a determination. Negation of override triggers mandatory amounts.","MEDIUM"
28,28.102-2(b)(2)(i)(A),P_28_102_2_b_2_i_A,"100 percent of the original contract price.","P_28_102_2_b_2_i_A: Payment bond must equal 100% of original contract price","Payment_Bond = 100_Percent_Original_Price","DEFERRED","Conjunction (Conj): Rule 7","VALIDATED","PASS","PASS","Atomic amount requirement. Base payment bond amount. Parallel to performance bond requirement at (b)(1)(i).","HIGH"
28,28.102-2(b)(2)(i)(B),P_28_102_2_b_2_i_B,"If the contract price increases, an additional amount equal to 100 percent of the increase.","P_28_102_2_b_2_i_B: If contract price increases then additional payment bond = 100% of increase","Price_Increase -> Additional_Payment_Bond_100_Percent_Increase","DEFERRED","Material Implication (Impl): Rule 15 [HIGH-RISK]","PENDING_REVIEW","PASS","PASS","Conditional triggered by price increase. Parallel to performance bond increase at (b)(1)(ii).","MEDIUM"
28,28.102-2(b)(2)(ii),P_28_102_2_b_2_ii,"The amount of the payment bond must be no less than the amount of the performance bond.","P_28_102_2_b_2_ii: Payment bond amount >= performance bond amount","Payment_Bond_Amount >= Performance_Bond_Amount","DEFERRED","Conjunction (Conj): Rule 7","VALIDATED","PASS","PASS","Floor constraint: payment bond cannot be less than performance bond. This means if CO reduces performance bond under (b)(1) override the payment bond floor adjusts accordingly.","HIGH"
28,28.102-2(c),P_28_102_2_c,"Contracts exceeding $35,000 but not exceeding $150,000. Unless the contracting officer determines that a lesser amount is adequate for the protection of the Government, the penal amount of the payment bond or the amount of alternative payment protection must equal- (parent with (1)-(2)).","P_28_102_2_c: For $35K-$150K contracts bond/protection amount requirements unless CO determines lesser adequate","(Construction ^ GT_35K ^ LTE_150K ^ ~CO_Determines_Lesser_Adequate) -> (P_28_102_2_c_1 ^ P_28_102_2_c_2)","DEFERRED","Material Implication (Impl): Rule 15 [HIGH-RISK]; Conjunction (Conj): Rule 7; Negation (Neg): Rule 10","PENDING_REVIEW","PASS","PASS","Parallel structure to (b) but for the $35K-$150K tier. Same CO override mechanism. Applies to both payment bonds and alternative payment protections.","MEDIUM"
28,28.102-2(c)(1),P_28_102_2_c_1,"100 percent of the original contract price.","P_28_102_2_c_1: Penal amount must equal 100% of original contract price","Bond_Amount = 100_Percent_Original_Price","DEFERRED","Conjunction (Conj): Rule 7","VALIDATED","PASS","PASS","Atomic amount requirement for $35K-$150K tier. Same 100% standard as >$150K tier.","HIGH"
28,28.102-2(c)(2),P_28_102_2_c_2,"If the contract price increases, an additional amount equal to 100 percent of the increase.","P_28_102_2_c_2: If price increases then additional amount = 100% of increase","Price_Increase -> Additional_Amount_100_Percent_Increase","DEFERRED","Material Implication (Impl): Rule 15 [HIGH-RISK]","PENDING_REVIEW","PASS","PASS","Conditional triggered by price increase for $35K-$150K tier. Same structure as higher tier.","MEDIUM"
28,28.102-2(d),P_28_102_2_d,"Securing additional payment protection. If the contract price increases, the Government must secure any needed additional protection by directing the contractor to- (parent with (1)-(3)).","P_28_102_2_d: If price increases Government must secure additional protection via one of three methods","Price_Increase -> (P_28_102_2_d_1 v P_28_102_2_d_2 v P_28_102_2_d_3)","DEFERRED","Material Implication (Impl): Rule 15 [HIGH-RISK]; Addition (Add): Rule 8","PENDING_REVIEW","PASS","PASS","Conditional with disjunctive consequent. Price increase triggers mandatory action but Government has choice of three methods. 'Must' makes action mandatory; three options provide flexibility in method.","MEDIUM"
28,28.102-2(d)(1),P_28_102_2_d_1,"Increase the penal sum of the existing bond.","P_28_102_2_d_1: Direct contractor to increase penal sum of existing bond","Increase_Existing_Bond_Penal_Sum","DEFERRED","Conjunction (Conj): Rule 7","VALIDATED","PASS","PASS","Atomic option. First of three methods for securing additional protection.","HIGH"
28,28.102-2(d)(2),P_28_102_2_d_2,"Obtain an additional bond.","P_28_102_2_d_2: Direct contractor to obtain an additional bond","Obtain_Additional_Bond","DEFERRED","Conjunction (Conj): Rule 7","VALIDATED","PASS","PASS","Atomic option. Second method.","HIGH"
28,28.102-2(d)(3),P_28_102_2_d_3,"Furnish additional alternative payment protection.","P_28_102_2_d_3: Direct contractor to furnish additional alternative payment protection","Furnish_Additional_Alternative_Protection","DEFERRED","Conjunction (Conj): Rule 7","VALIDATED","PASS","PASS","Atomic option. Third method.","HIGH"
28,28.102-2(e),P_28_102_2_e,"The contracting officer may reduce the amount of security to support a bond, subject to the conditions of 28.203-3(c) or 28.204(b).","P_28_102_2_e: CO may reduce security amount subject to conditions of 28.203-3(c) or 28.204(b)","(Conditions_28_203_3_c v Conditions_28_204_b) -> (Reduce_Security v ~Reduce_Security)","DEFERRED","Material Implication (Impl): Rule 15 [HIGH-RISK]; Tautology (Taut): Rule 18; Addition (Add): Rule 8","PENDING_REVIEW","PASS","PASS","Permissive authority conditioned on meeting one of two cross-referenced conditions. Disjunctive trigger (either condition set) with tautological consequent reflecting discretion. Cross-references 28.203-3(c) and 28.204(b).","MEDIUM"
28,28.102-3,P_28_102_3,"Contract clauses (parent aggregating (a)-(b)).","P_28_102_3: Construction contract clause requirements as specified in (a) and (b)","P_28_102_3_a ^ P_28_102_3_b","DEFERRED","Conjunction (Conj): Rule 7","VALIDATED","PASS","PASS","Parent aggregating two clause insertion requirements for construction contracts at different thresholds.","HIGH"
28,28.102-3(a),P_28_102_3_a,"Insert a clause substantially the same as the clause at 52.228-15, Performance and Payment Bonds - Construction, in solicitations and contracts for construction that contain a requirement for performance and payment bonds if the resultant contract is expected to exceed $150,000. The contracting officer may revise paragraphs (b)(1) and/or (b)(2) of the clause to establish a lower percentage in accordance with 28.102-2(b). If the provision at 52.228-1 is not included in the solicitation, the contracting officer must set a period of time for return of executed bonds.","P_28_102_3_a_1: Insert 52.228-15 in construction solicitations/contracts with perf/payment bond requirement when >$150K; P_28_102_3_a_2: CO may revise clause percentages per 28.102-2(b); P_28_102_3_a_3: If 52.228-1 not included CO must set bond return period","(Construction ^ Perf_Payment_Bonds ^ GT_150K) -> Insert_52_228_15; (Insert_52_228_15 -> (Revise_Percentage v ~Revise_Percentage)); (~Include_52_228_1 -> Set_Bond_Return_Period)","DEFERRED","Material Implication (Impl): Rule 15 [HIGH-RISK]; Tautology (Taut): Rule 18; Conjunction (Conj): Rule 7; Negation (Neg): Rule 10","PENDING_REVIEW","PASS","PASS","Three-part provision: mandatory clause insertion conditional on threshold; permissive percentage revision; and conditional bond return period requirement when 52.228-1 absent. Multiple cross-references.","LOW"
28,28.102-3(b),P_28_102_3_b,"Insert the clause at 52.228-13, Alternative Payment Protections, in solicitations and contracts for construction, when the estimated or actual value exceeds $35,000 but does not exceed $150,000. Complete the clause by specifying the payment protections selected (see 28.102-1(b)(1)) and the deadline for submission. The contracting officer may revise paragraph (b) of the clause to establish a lower percentage in accordance with 28.102-2(c).","P_28_102_3_b_1: Insert 52.228-13 for construction when $35K-$150K; P_28_102_3_b_2: Specify selected payment protections and submission deadline; P_28_102_3_b_3: CO may revise clause percentage per 28.102-2(c)","(Construction ^ GT_35K ^ LTE_150K) -> (Insert_52_228_13 ^ Specify_Protections ^ Specify_Deadline); (Insert_52_228_13 -> (Revise_Percentage v ~Revise_Percentage))","DEFERRED","Material Implication (Impl): Rule 15 [HIGH-RISK]; Conjunction (Conj): Rule 7; Tautology (Taut): Rule 18","PENDING_REVIEW","PASS","PASS","Mandatory clause insertion for mid-tier construction with conjunctive completion requirements. Permissive percentage revision. Cross-references 28.102-1(b)(1) and 28.102-2(c).","MEDIUM"
28,28.103,P_28_103,"Performance and payment bonds for other than construction contracts (parent aggregating 28.103-1 through 28.103-4).","P_28_103: Non-construction bonding requirements as specified in 28.103-1 through 28.103-4","P_28_103_1 ^ P_28_103_2 ^ P_28_103_3 ^ P_28_103_4","DEFERRED","Conjunction (Conj): Rule 7","VALIDATED","PASS","PASS","Parent aggregating four subsections on non-construction bonding.","HIGH"
28,28.103-1,P_28_103_1,"General (parent aggregating (a)-(c)).","P_28_103_1: General non-construction bonding requirements as specified in (a) through (c)","P_28_103_1_a ^ P_28_103_1_b ^ P_28_103_1_c","DEFERRED","Conjunction (Conj): Rule 7","VALIDATED","PASS","PASS","Parent aggregating three general policy paragraphs for non-construction bonds.","HIGH"
28,28.103-1(a),P_28_103_1_a,"Generally, agencies must not require performance and payment bonds for other than construction contracts. However, performance and payment bonds may be used as permitted in 28.103-2 and 28.103-3.","P_28_103_1_a_1: Agencies must not require performance/payment bonds for non-construction generally; P_28_103_1_a_2: Performance/payment bonds may be used as permitted in 28.103-2 and 28.103-3","~Construction_Contract -> ~Require_Bonds_Generally; (~Construction_Contract ^ P_28_103_2 ^ P_28_103_3) -> (Use_Bonds v ~Use_Bonds)","DEFERRED","Material Implication (Impl): Rule 15 [HIGH-RISK]; Negation (Neg): Rule 10; Tautology (Taut): Rule 18","PENDING_REVIEW","PASS","PASS","Default prohibition with permissive exceptions. The general rule is no bonds for non-construction. Cross-references 28.103-2 and 28.103-3 create exceptions. The 'However' signals the permissive carve-out.","MEDIUM"
28,28.103-1(b),P_28_103_1_b,"The contractor must furnish all bonds before receiving a notice to proceed with the work.","P_28_103_1_b: Contractor must furnish all bonds before NTP","Bonds_Required -> (Furnish_Before_NTP)","DEFERRED","Material Implication (Impl): Rule 15 [HIGH-RISK]","PENDING_REVIEW","PASS","PASS","Temporal mandate parallel to 28.102-1(c) but for non-construction. Bonds must precede NTP.","MEDIUM"
28,28.103-1(c),P_28_103_1_c,"No bond must be required after the contract has been awarded if it was not specifically required in the contract, except as may be determined necessary for a contract modification.","P_28_103_1_c_1: No bond required after award if not in contract; P_28_103_1_c_2: Exception for contract modifications where bond determined necessary","(Contract_Awarded ^ ~Bond_In_Contract ^ ~Modification_Necessity) -> ~Require_Bond_Post_Award","DEFERRED","Material Implication (Impl): Rule 15 [HIGH-RISK]; Conjunction (Conj): Rule 7; Negation (Neg): Rule 10","PENDING_REVIEW","PASS","PASS","Prohibition with exception. Default is no post-award bond requirement unless it was in the contract. Modification exception creates a narrow permissive carve-out. Three conjunctive antecedent elements with the modification exception negated.","MEDIUM"
28,28.103-2,P_28_103_2,"Performance bonds (parent aggregating (a)-(c)).","P_28_103_2: Non-construction performance bond requirements as specified in (a) through (c)","P_28_103_2_a ^ P_28_103_2_b ^ P_28_103_2_c","DEFERRED","Conjunction (Conj): Rule 7","VALIDATED","PASS","PASS","Parent aggregating three paragraphs on non-construction performance bonds.","HIGH"
28,28.103-2(a),P_28_103_2_a,"Performance bonds may be required for contracts exceeding the simplified acquisition threshold when necessary to protect the Government's interest. The following situations may warrant a performance bond: (parent listing (1)-(4)).","P_28_103_2_a: Performance bonds may be required for contracts >SAT when necessary; four illustrative situations listed","(Exceeds_SAT ^ Necessary_To_Protect_Gov) -> (Require_Perf_Bond v ~Require_Perf_Bond)","DEFERRED","Material Implication (Impl): Rule 15 [HIGH-RISK]; Tautology (Taut): Rule 18; Conjunction (Conj): Rule 7","PENDING_REVIEW","PASS","PASS","Permissive authority with two conjunctive prerequisites: exceeding SAT and necessity for Government protection. The four situations in (1)-(4) are illustrative not exhaustive per 'may warrant' language.","MEDIUM"
28,28.103-2(a)(1),P_28_103_2_a_1,"Government property or funds are to be provided to the contractor for use in performing the contract or as partial compensation (as in retention of salvaged material).","P_28_103_2_a_1: Government property or funds provided to contractor for performance or as partial compensation","Gov_Property_Or_Funds_Provided","DEFERRED","Conjunction (Conj): Rule 7","VALIDATED","PASS","PASS","Illustrative situation warranting performance bond. Atomic proposition.","HIGH"
28,28.103-2(a)(2),P_28_103_2_a_2,"A contractor sells assets to or merges with another concern, and the Government, after recognizing the latter concern as the successor in interest, desires assurance that it is financially capable.","P_28_103_2_a_2: Contractor sells/merges and Government desires financial capability assurance from successor","(Asset_Sale_Or_Merger ^ Successor_Recognition ^ Gov_Desires_Assurance)","DEFERRED","Conjunction (Conj): Rule 7","VALIDATED","PASS","PASS","Illustrative situation. Three conjunctive conditions: transaction occurred AND successor recognized AND Government desires assurance.","HIGH"
28,28.103-2(a)(3),P_28_103_2_a_3,"Substantial progress payments are made before delivery of end items starts.","P_28_103_2_a_3: Substantial progress payments made before end item delivery begins","Substantial_Progress_Payments_Before_Delivery","DEFERRED","Conjunction (Conj): Rule 7","VALIDATED","PASS","PASS","Illustrative situation. Atomic proposition identifying financial risk to Government.","HIGH"
28,28.103-2(a)(4),P_28_103_2_a_4,"Contracts are for dismantling, demolition, or removal of improvements.","P_28_103_2_a_4: Contract involves dismantling or demolition or removal of improvements","Dismantling v Demolition v Removal_Of_Improvements","DEFERRED","Addition (Add): Rule 8","VALIDATED","PASS","PASS","Illustrative situation. Disjunctive: any of three work types qualifies.","HIGH"
28,28.103-2(b),P_28_103_2_b,"The Government may require additional performance bond protection when a contract price is increased.","P_28_103_2_b: Government may require additional performance bond when price increases","Price_Increase -> (Require_Additional_Bond v ~Require_Additional_Bond)","DEFERRED","Material Implication (Impl): Rule 15 [HIGH-RISK]; Tautology (Taut): Rule 18","PENDING_REVIEW","PASS","PASS","Permissive authority. Price increase triggers discretionary ability to require additional bond. 'May' = not mandatory.","MEDIUM"
28,28.103-2(c),P_28_103_2_c,"The contracting officer must determine the contractor's responsibility (see part 9) even though a bond has been or can be obtained.","P_28_103_2_c: CO must determine contractor responsibility regardless of bond status","(Bond_Obtained v Bond_Obtainable) -> Still_Must_Determine_Responsibility","DEFERRED","Material Implication (Impl): Rule 15 [HIGH-RISK]","PENDING_REVIEW","PASS","PASS","Mandatory obligation independent of bond status. Bond does not substitute for responsibility determination. Critical procurement principle: bonding and responsibility are separate assessments. Cross-references Part 9.","MEDIUM"
28,28.103-3,P_28_103_3,"Payment bonds (parent aggregating (a)-(b)).","P_28_103_3: Non-construction payment bond requirements as specified in (a) and (b)","P_28_103_3_a ^ P_28_103_3_b","DEFERRED","Conjunction (Conj): Rule 7","VALIDATED","PASS","PASS","Parent aggregating two paragraphs on non-construction payment bonds.","HIGH"
28,28.103-3(a),P_28_103_3_a,"A payment bond is required only when a performance bond is required, and if the use of payment bond is in the Government's interest.","P_28_103_3_a: Payment bond required only when performance bond required AND in Government interest","(Performance_Bond_Required ^ In_Gov_Interest) <-> Payment_Bond_Required","DEFERRED","Biconditional (Bicond): Rule 17; Conjunction (Conj): Rule 7","PENDING_REVIEW","PASS","PASS","Near-biconditional: 'only when' plus conjunctive condition. Payment bond cannot exist without performance bond AND Government interest finding. The 'only when' language strongly suggests biconditional but technically is one-directional ('required only when'). Marked PENDING_REVIEW for biconditional vs implication judgment call.","MEDIUM"
28,28.103-3(b),P_28_103_3_b,"When a contract price is increased, the Government may require additional bond protection in an amount adequate to protect suppliers of labor and material.","P_28_103_3_b: Government may require additional payment bond protection when price increases","Price_Increase -> (Require_Additional_Payment_Bond v ~Require_Additional_Payment_Bond)","DEFERRED","Material Implication (Impl): Rule 15 [HIGH-RISK]; Tautology (Taut): Rule 18","PENDING_REVIEW","PASS","PASS","Permissive authority parallel to 28.103-2(b). Price increase triggers discretionary additional protection. Amount must be adequate to protect labor/material suppliers.","MEDIUM"
28,28.103-4,P_28_103_4,"The contracting officer must insert a clause substantially the same as the clause at 52.228-16, Performance and Payment Bonds - Other than Construction, in solicitations and contracts that contain a requirement for both payment and performance bonds. The contracting officer must determine the amount of each bond for insertion in the clause. The amount must be adequate to protect the interest of the Government. The contracting officer must also set a period of time (normally 10 days) for return of executed bonds. Alternate I must be used when only performance bonds are required.","P_28_103_4_a: Insert 52.228-16 when both payment and performance bonds required; P_28_103_4_b: CO must determine amount of each bond; P_28_103_4_c: Amount must be adequate to protect Government; P_28_103_4_d: CO must set bond return period (normally 10 days); P_28_103_4_e: Alternate I when only performance bonds required","(Payment_Bond ^ Perf_Bond) -> (Insert_52_228_16 ^ Determine_Amounts ^ Adequate_Protection ^ Set_Return_Period); Only_Perf_Bond -> Use_Alternate_I","DEFERRED","Material Implication (Impl): Rule 15 [HIGH-RISK]; Conjunction (Conj): Rule 7","PENDING_REVIEW","PASS","PASS","Multi-requirement provision. Primary conditional with four conjunctive obligations. Secondary conditional for Alternate I usage. The 'normally 10 days' is advisory guidance not a hard requirement. Cross-references 52.228-16.","MEDIUM"
28,28.104,P_28_104,"Annual performance bonds (parent aggregating (a)-(b)).","P_28_104: Annual performance bond requirements as specified in (a) and (b)","P_28_104_a ^ P_28_104_b","DEFERRED","Conjunction (Conj): Rule 7","VALIDATED","PASS","PASS","Parent aggregating two paragraphs on annual performance bonds.","HIGH"
28,28.104(a),P_28_104_a,"Annual performance bonds only apply to nonconstruction contracts. They must provide a gross penal sum applicable to the total amount of all covered contracts.","P_28_104_a_1: Annual performance bonds apply only to nonconstruction contracts; P_28_104_a_2: Must provide gross penal sum covering total amount of all covered contracts","(Annual_Perf_Bond -> ~Construction_Contract) ^ (Annual_Perf_Bond -> Gross_Penal_Sum_Covers_All)","DEFERRED","Material Implication (Impl): Rule 15 [HIGH-RISK]; Conjunction (Conj): Rule 7; Negation (Neg): Rule 10","PENDING_REVIEW","PASS","PASS","Two conjunctive requirements: nonconstruction restriction AND gross penal sum coverage. The 'only' makes the first element restrictive.","MEDIUM"
28,28.104(b),P_28_104_b,"When the penal sums obligated by contracts are approximately equal to or exceed the penal sum of the annual performance bond, an additional bond will be required to cover additional contracts.","P_28_104_b: When obligated penal sums approach or exceed annual bond penal sum then additional bond required","(Obligated_Sums_GTE_Annual_Bond_Sum) -> Additional_Bond_Required","DEFERRED","Material Implication (Impl): Rule 15 [HIGH-RISK]","PENDING_REVIEW","PASS","PASS","Conditional mandate. 'Will be required' is mandatory. Triggered when accumulated obligations exhaust the annual bond capacity. Note 'approximately equal to' introduces judgment in the trigger threshold.","MEDIUM"
28,28.105,P_28_105,"Other types of bonds. The head of the contracting activity may approve using other types of bonds in connection with acquiring particular supplies or services. These types include advance payment bonds and patent infringement bonds.","P_28_105: HCA may approve other bond types for particular supplies/services","HCA_Approval -> (Other_Bond_Types v ~Other_Bond_Types)","DEFERRED","Material Implication (Impl): Rule 15 [HIGH-RISK]; Tautology (Taut): Rule 18","PENDING_REVIEW","PASS","PASS","Permissive authority at HCA level. Advance payment and patent infringement bonds are illustrative. Parent aggregating 28.105-1 and 28.105-2.","MEDIUM"
28,28.105-1,P_28_105_1,"Advance payment bonds may be required only when the contract contains an advance payment provision and a performance bond is not furnished. The contracting officer must determine the amount of the advance payment bond necessary to protect the Government.","P_28_105_1_a: Advance payment bonds may be required only when advance payment provision exists AND no performance bond furnished; P_28_105_1_b: CO must determine amount necessary to protect Government","(Advance_Payment_Provision ^ ~Performance_Bond_Furnished) -> (Require_AP_Bond v ~Require_AP_Bond); Require_AP_Bond -> CO_Determine_Amount","DEFERRED","Material Implication (Impl): Rule 15 [HIGH-RISK]; Conjunction (Conj): Rule 7; Negation (Neg): Rule 10; Tautology (Taut): Rule 18","PENDING_REVIEW","PASS","PASS","Two-part provision. First: permissive requirement conditioned on conjunctive antecedent (advance payment provision AND no performance bond). Second: mandatory amount determination when bond is required.","MEDIUM"
28,28.105-2,P_28_105_2,"Patent infringement bonds (parent aggregating (a)-(b)).","P_28_105_2: Patent infringement bond requirements as specified in (a) and (b)","P_28_105_2_a ^ P_28_105_2_b","DEFERRED","Conjunction (Conj): Rule 7","VALIDATED","PASS","PASS","Parent aggregating conditions for requiring patent infringement bonds and CO's penal sum determination obligation.","HIGH"
28,28.105-2(a),P_28_105_2_a,"Contracts providing for patent indemnity may require these bonds only if- (parent with (1)-(2)).","P_28_105_2_a: Patent infringement bonds may be required only if both conditions in (1) and (2) met","(Patent_Indemnity_Contract ^ P_28_105_2_a_1 ^ P_28_105_2_a_2) -> (Require_Patent_Bond v ~Require_Patent_Bond)","DEFERRED","Material Implication (Impl): Rule 15 [HIGH-RISK]; Conjunction (Conj): Rule 7; Tautology (Taut): Rule 18","PENDING_REVIEW","PASS","PASS","Permissive requirement with conjunctive conditions. Patent indemnity contract AND both sub-conditions must be met. 'Only if' makes conditions necessary but not sufficient due to 'may'.","MEDIUM"
28,28.105-2(a)(1),P_28_105_2_a_1,"A performance bond is not furnished.","P_28_105_2_a_1: Performance bond not furnished","~Performance_Bond_Furnished","DEFERRED","Negation (Neg): Rule 10","VALIDATED","PASS","PASS","Atomic condition. First prerequisite for patent infringement bond. Simple negation.","HIGH"
28,28.105-2(a)(2),P_28_105_2_a_2,"The financial responsibility of the contractor is unknown or doubtful.","P_28_105_2_a_2: Contractor financial responsibility unknown or doubtful","Financial_Responsibility_Unknown v Financial_Responsibility_Doubtful","DEFERRED","Addition (Add): Rule 8","VALIDATED","PASS","PASS","Disjunctive condition. Second prerequisite for patent infringement bond. Either unknown or doubtful suffices.","HIGH"
28,28.105-2(b),P_28_105_2_b,"The contracting officer must determine the penal sum.","P_28_105_2_b: CO must determine patent infringement bond penal sum","Patent_Bond_Required -> CO_Determine_Penal_Sum","DEFERRED","Material Implication (Impl): Rule 15 [HIGH-RISK]","PENDING_REVIEW","PASS","PASS","Mandatory obligation on CO. No formula or percentage specified; left to CO judgment. Triggered when patent infringement bond is required.","MEDIUM"
28,28.106,P_28_106,"Administration (parent aggregating 28.106-1 through 28.106-8).","P_28_106: Bond administration requirements as specified in 28.106-1 through 28.106-8","P_28_106_1 ^ P_28_106_2 ^ P_28_106_3 ^ P_28_106_4 ^ P_28_106_5 ^ P_28_106_6 ^ P_28_106_7 ^ P_28_106_8","DEFERRED","Conjunction (Conj): Rule 7","VALIDATED","PASS","PASS","Parent aggregating eight subsections on bond administration.","HIGH"
28,28.106-1,P_28_106_1,"The following Standard Forms (SFs) and Optional Forms (OFs) must be used, except in foreign countries, when a bid bond, performance or payment bond, or an individual surety is required. The bond forms must be used as indicated in the instruction portion of each form: (parent listing (a)-(o)).","P_28_106_1_a: Listed forms must be used when bonds/individual surety required; P_28_106_1_b: Exception for foreign countries; P_28_106_1_c: Forms used per instructions on each form","(Bond_Or_Surety_Required ^ ~Foreign_Country) -> Use_Listed_Forms ^ Per_Form_Instructions","DEFERRED","Material Implication (Impl): Rule 15 [HIGH-RISK]; Conjunction (Conj): Rule 7; Negation (Neg): Rule 10","PENDING_REVIEW","PASS","PASS","Mandatory form usage with foreign country exception. Parent for 15 prescribed forms. The exception is geographic (foreign countries exempt from specific form requirements).","MEDIUM"
28,28.106-1(a),P_28_106_1_a,"SF 24, Bid Bond (see 28.101).","P_28_106_1_a: SF 24 Bid Bond prescribed for use per 28.101","SF_24_Prescribed","DEFERRED","Conjunction (Conj): Rule 7","VALIDATED","PASS","PASS","Atomic form prescription. Cross-references 28.101.","HIGH"
28,28.106-1(b),P_28_106_1_b,"SF 25, Performance Bond (see 28.102-1 and 28.106-3(b)).","P_28_106_1_b: SF 25 Performance Bond prescribed for use per 28.102-1 and 28.106-3(b)","SF_25_Prescribed","DEFERRED","Conjunction (Conj): Rule 7","VALIDATED","PASS","PASS","Atomic form prescription. Cross-references 28.102-1 and 28.106-3(b).","HIGH"
28,28.106-1(c),P_28_106_1_c,"SF 25A, Payment Bond (see 28.102-1 and 28.106-3(b)).","P_28_106_1_c: SF 25A Payment Bond prescribed for use per 28.102-1 and 28.106-3(b)","SF_25A_Prescribed","DEFERRED","Conjunction (Conj): Rule 7","VALIDATED","PASS","PASS","Atomic form prescription. Cross-references 28.102-1 and 28.106-3(b).","HIGH"
28,28.106-1(d),P_28_106_1_d,"SF 25B, Continuation Sheet (for SFs 24, 25, and 25A).","P_28_106_1_d: SF 25B Continuation Sheet prescribed for use with SF 24 SF 25 SF 25A","SF_25B_Prescribed","DEFERRED","Conjunction (Conj): Rule 7","VALIDATED","PASS","PASS","Atomic form prescription. Supplementary form for three bond forms.","HIGH"
28,28.106-1(e),P_28_106_1_e,"SF 28, Affidavit of Individual Surety (see 28.203).","P_28_106_1_e: SF 28 Affidavit of Individual Surety prescribed for use per 28.203","SF_28_Prescribed","DEFERRED","Conjunction (Conj): Rule 7","VALIDATED","PASS","PASS","Atomic form prescription. Cross-references 28.203.","HIGH"
28,28.106-1(f),P_28_106_1_f,"SF 34, Annual Bid Bond (see 28.001).","P_28_106_1_f: SF 34 Annual Bid Bond prescribed for use per 28.001","SF_34_Prescribed","DEFERRED","Conjunction (Conj): Rule 7","VALIDATED","PASS","PASS","Atomic form prescription. Cross-references 28.001 definition.","HIGH"
28,28.106-1(g),P_28_106_1_g,"SF 35, Annual Performance Bond (see 28.104).","P_28_106_1_g: SF 35 Annual Performance Bond prescribed for use per 28.104","SF_35_Prescribed","DEFERRED","Conjunction (Conj): Rule 7","VALIDATED","PASS","PASS","Atomic form prescription. Cross-references 28.104.","HIGH"
28,28.106-1(h),P_28_106_1_h,"SF 273, Reinsurance Agreement for a Bonds Statute Performance Bond (see 28.202(a)(4)).","P_28_106_1_h: SF 273 Reinsurance Agreement for Performance Bond prescribed per 28.202(a)(4)","SF_273_Prescribed","DEFERRED","Conjunction (Conj): Rule 7","VALIDATED","PASS","PASS","Atomic form prescription. Cross-references 28.202(a)(4).","HIGH"
28,28.106-1(i),P_28_106_1_i,"SF 274, Reinsurance Agreement for a Bonds Statute Payment Bond (see 28.202(a)(4)).","P_28_106_1_i: SF 274 Reinsurance Agreement for Payment Bond prescribed per 28.202(a)(4)","SF_274_Prescribed","DEFERRED","Conjunction (Conj): Rule 7","VALIDATED","PASS","PASS","Atomic form prescription. Cross-references 28.202(a)(4).","HIGH"
28,28.106-1(j),P_28_106_1_j,"SF 275, Reinsurance Agreement in Favor of the United States (see 28.202(a)(4)).","P_28_106_1_j: SF 275 Reinsurance Agreement in Favor of US prescribed per 28.202(a)(4)","SF_275_Prescribed","DEFERRED","Conjunction (Conj): Rule 7","VALIDATED","PASS","PASS","Atomic form prescription. Cross-references 28.202(a)(4).","HIGH"
28,28.106-1(k),P_28_106_1_k,"SF 1414, Consent of Surety (see 28.106-5).","P_28_106_1_k: SF 1414 Consent of Surety prescribed per 28.106-5","SF_1414_Prescribed","DEFERRED","Conjunction (Conj): Rule 7","VALIDATED","PASS","PASS","Atomic form prescription. Cross-references 28.106-5.","HIGH"
28,28.106-1(l),P_28_106_1_l,"SF 1415, Consent of Surety and Increase of Penalty (see 28.106-3).","P_28_106_1_l: SF 1415 Consent of Surety and Increase of Penalty prescribed per 28.106-3","SF_1415_Prescribed","DEFERRED","Conjunction (Conj): Rule 7","VALIDATED","PASS","PASS","Atomic form prescription. Cross-references 28.106-3.","HIGH"
28,28.106-1(m),P_28_106_1_m,"SF 1416, Payment Bond for Other Than Construction Contracts (see 28.103-3 and 28.106-3(b)).","P_28_106_1_m: SF 1416 Payment Bond for Other Than Construction prescribed per 28.103-3 and 28.106-3(b)","SF_1416_Prescribed","DEFERRED","Conjunction (Conj): Rule 7","VALIDATED","PASS","PASS","Atomic form prescription. Cross-references 28.103-3 and 28.106-3(b).","HIGH"
28,28.106-1(n),P_28_106_1_n,"SF 1418, Performance Bond for Other Than Construction Contracts (see 28.103-2 and 28.106-3(b)).","P_28_106_1_n: SF 1418 Performance Bond for Other Than Construction prescribed per 28.103-2 and 28.106-3(b)","SF_1418_Prescribed","DEFERRED","Conjunction (Conj): Rule 7","VALIDATED","PASS","PASS","Atomic form prescription. Cross-references 28.103-2 and 28.106-3(b).","HIGH"
28,28.106-1(o),P_28_106_1_o,"OF 91, Release of Personal Property from Escrow (see 28.203-3).","P_28_106_1_o: OF 91 Release of Personal Property from Escrow prescribed per 28.203-3","OF_91_Prescribed","DEFERRED","Conjunction (Conj): Rule 7","VALIDATED","PASS","PASS","Atomic form prescription. Cross-references 28.203-3.","HIGH"
28,28.106-2,P_28_106_2,"Substitution of surety bonds (parent aggregating (a)-(b)).","P_28_106_2: Surety bond substitution requirements as specified in (a) and (b)","P_28_106_2_a ^ P_28_106_2_b","DEFERRED","Conjunction (Conj): Rule 7","VALIDATED","PASS","PASS","Parent aggregating substitution approval authority and notification requirement.","HIGH"
28,28.106-2(a),P_28_106_2_a,"A new surety bond covering all or part of the obligations on a bond previously approved may be substituted for the original bond if approved by the head of the contracting activity, or as otherwise specified in agency regulation.","P_28_106_2_a: New surety bond may substitute for original if HCA approves or per agency regulation","(HCA_Approval v Agency_Regulation_Specified) -> (Substitute_Bond v ~Substitute_Bond)","DEFERRED","Material Implication (Impl): Rule 15 [HIGH-RISK]; Tautology (Taut): Rule 18; Addition (Add): Rule 8","PENDING_REVIEW","PASS","PASS","Permissive authority with disjunctive authorization sources: HCA approval OR agency regulation. 'May' indicates discretion even when authorization exists. Bond can cover all or part of original obligations.","MEDIUM"
28,28.106-2(b),P_28_106_2_b,"When a new surety bond is approved, the contracting officer must notify the principal and surety of the original bond of the effective date of the new bond.","P_28_106_2_b: When new bond approved CO must notify original principal and surety of effective date","New_Bond_Approved -> (Notify_Original_Principal ^ Notify_Original_Surety ^ Provide_Effective_Date)","DEFERRED","Material Implication (Impl): Rule 15 [HIGH-RISK]; Conjunction (Conj): Rule 7","PENDING_REVIEW","PASS","PASS","Mandatory notification triggered by bond approval. Three conjunctive elements: notify principal AND notify surety AND provide effective date.","MEDIUM"
28,28.106-3,P_28_106_3,"Additional bond and security (parent aggregating (a)-(b)).","P_28_106_3: Additional bond and security form requirements as specified in (a) and (b)","P_28_106_3_a ^ P_28_106_3_b","DEFERRED","Conjunction (Conj): Rule 7","VALIDATED","PASS","PASS","Parent aggregating two form-usage scenarios for additional bond coverage.","HIGH"
28,28.106-3(a),P_28_106_3_a,"When additional bond coverage is required and is secured in whole or in part by the original surety or sureties, agencies must use Standard Form 1415, Consent of Surety and Increase of Penalty.","P_28_106_3_a: When additional coverage secured by original surety then use SF 1415","(Additional_Coverage_Required ^ Original_Surety_Secures) -> Use_SF_1415","DEFERRED","Material Implication (Impl): Rule 15 [HIGH-RISK]; Conjunction (Conj): Rule 7","PENDING_REVIEW","PASS","PASS","Conditional mandate: conjunctive antecedent (additional coverage needed AND original surety involved) triggers mandatory SF 1415 usage.","MEDIUM"
28,28.106-3(b),P_28_106_3_b,"When additional bond coverage is required and is secured in whole or in part by a new surety or by one of the alternatives described in 28.204 in lieu of corporate or individual surety, agencies must use Standard Form 25, Performance Bond; Standard Form 1418, Performance Bond for Other Than Construction Contracts; Standard Form 25A, Payment Bond; or Standard Form 1416, Payment Bond for Other Than Construction Contracts.","P_28_106_3_b: When additional coverage by new surety or 28.204 alternative then use appropriate SF (25/1418/25A/1416)","(Additional_Coverage_Required ^ (New_Surety v Alternative_28_204)) -> (Use_SF_25 v Use_SF_1418 v Use_SF_25A v Use_SF_1416)","DEFERRED","Material Implication (Impl): Rule 15 [HIGH-RISK]; Conjunction (Conj): Rule 7; Addition (Add): Rule 8","PENDING_REVIEW","PASS","PASS","Conditional with disjunctive antecedent element (new surety OR 28.204 alternative) and disjunctive consequent (choice of four forms depending on bond type and contract type). Cross-references 28.204.","MEDIUM"
28,28.106-4,P_28_106_4,"Contract clause (parent aggregating (a)-(b)).","P_28_106_4: Bond-related contract clause requirements as specified in (a) and (b)","P_28_106_4_a ^ P_28_106_4_b","DEFERRED","Conjunction (Conj): Rule 7","VALIDATED","PASS","PASS","Parent aggregating two clause insertion requirements.","HIGH"
28,28.106-4(a),P_28_106_4_a,"The contracting officer must insert the clause at 52.228-2, Additional Bond Security, in solicitations and contracts when bonds are required.","P_28_106_4_a: CO must insert 52.228-2 when bonds required","Bonds_Required -> Insert_52_228_2","DEFERRED","Material Implication (Impl): Rule 15 [HIGH-RISK]","PENDING_REVIEW","PASS","PASS","Mandatory clause insertion conditional on bonds being required. Cross-references 52.228-2.","MEDIUM"
28,28.106-4(b),P_28_106_4_b,"In accordance with section 806(a)(3) of Public Law 102-190, as amended by sections 2091 and 8105 of Public Law 103-355 (10 U.S.C. 4601 note prec.), the contracting officer must insert the clause at 52.228-12, Prospective Subcontractor Requests for Bonds, in solicitations and contracts with respect to which a payment bond will be furnished pursuant to 40 U.S.C. chapter 31, subchapter III, Bonds (see 28.102-1), except for contracts for the acquisition of commercial products or commercial services as defined in part 2.","P_28_106_4_b_1: CO must insert 52.228-12 when payment bond furnished under Bonds statute; P_28_106_4_b_2: Exception for commercial product/service contracts","(Payment_Bond_Under_Bonds_Statute ^ ~Commercial_Product_Service) -> Insert_52_228_12","DEFERRED","Material Implication (Impl): Rule 15 [HIGH-RISK]; Conjunction (Conj): Rule 7; Negation (Neg): Rule 10","PENDING_REVIEW","PASS","PASS","Statutory mandate from Pub.L.102-190. Conjunctive antecedent: payment bond under Bonds statute AND not commercial. Cross-references 28.102-1 and Part 2. External statutory dependency on 10 USC 4601.","MEDIUM"
28,28.106-5,P_28_106_5,"Consent of surety (parent aggregating (a)-(c)).","P_28_106_5: Consent of surety requirements as specified in (a) through (c)","P_28_106_5_a ^ P_28_106_5_b ^ P_28_106_5_c","DEFERRED","Conjunction (Conj): Rule 7","VALIDATED","PASS","PASS","Parent aggregating three paragraphs on when consent of surety is/is not required and prescribed form.","HIGH"
28,28.106-5(a),P_28_106_5_a,"When any contract is modified, the contracting officer must obtain the consent of surety if- (parent with (1)-(3)).","P_28_106_5_a: Contract modification triggers consent of surety requirement under conditions (1)-(3)","Contract_Modified ^ (P_28_106_5_a_1 v P_28_106_5_a_2 v P_28_106_5_a_3) -> Obtain_Consent_of_Surety","DEFERRED","Material Implication (Impl): Rule 15 [HIGH-RISK]; Conjunction (Conj): Rule 7; Addition (Add): Rule 8","PENDING_REVIEW","PASS","PASS","Conditional with conjunctive-disjunctive antecedent: contract modification AND any of three circumstances. 'Must' makes consent mandatory when triggered.","MEDIUM"
28,28.106-5(a)(1),P_28_106_5_a_1,"An additional bond is obtained from other than the original surety.","P_28_106_5_a_1: Additional bond obtained from non-original surety","Additional_Bond_From_NonOriginal_Surety","DEFERRED","Conjunction (Conj): Rule 7","VALIDATED","PASS","PASS","First consent trigger. Atomic condition.","HIGH"
28,28.106-5(a)(2),P_28_106_5_a_2,"No additional bond is required and- (parent with (i)-(ii)).","P_28_106_5_a_2: No additional bond required and one of two modification conditions met","~Additional_Bond_Required ^ (P_28_106_5_a_2_i v P_28_106_5_a_2_ii)","DEFERRED","Negation (Neg): Rule 10; Addition (Add): Rule 8; Conjunction (Conj): Rule 7","VALIDATED","PASS","PASS","Second consent trigger with conjunctive conditions: no additional bond AND one of two modification characteristics.","HIGH"
28,28.106-5(a)(2)(i),P_28_106_5_a_2_i,"The modification is for new work beyond the scope of the original contract.","P_28_106_5_a_2_i: Modification is for new work beyond original contract scope","New_Work_Beyond_Scope","DEFERRED","Conjunction (Conj): Rule 7","VALIDATED","PASS","PASS","First sub-condition under (a)(2). Scope change triggers consent requirement.","HIGH"
28,28.106-5(a)(2)(ii),P_28_106_5_a_2_ii,"The modification does not change the contract scope but changes the contract price (upward or downward) by more than 25 percent or $50,000.","P_28_106_5_a_2_ii_a: Modification does not change scope; P_28_106_5_a_2_ii_b: Price changes by >25% or >$50K","~Scope_Change ^ (Price_Change_GT_25_Percent v Price_Change_GT_50K)","DEFERRED","Negation (Neg): Rule 10; Conjunction (Conj): Rule 7; Addition (Add): Rule 8","VALIDATED","PASS","PASS","Second sub-condition under (a)(2). Conjunctive: no scope change AND price exceeds either threshold. Price thresholds are disjunctive (either >25% OR >$50K triggers). Covers both upward and downward changes.","HIGH"
28,28.106-5(a)(3),P_28_106_5_a_3,"Consent of surety is required for a novation agreement (see part 42).","P_28_106_5_a_3: Novation agreement requires consent of surety","Novation_Agreement -> Consent_of_Surety_Required","DEFERRED","Material Implication (Impl): Rule 15 [HIGH-RISK]","PENDING_REVIEW","PASS","PASS","Third consent trigger. Cross-references Part 42 (novation). Mandatory consent regardless of other conditions.","MEDIUM"
28,28.106-5(b),P_28_106_5_b,"When a contract for which performance or payment is secured by any of the types of security listed in 28.204 is modified as described in paragraph (a) of this subsection, no consent of surety is required.","P_28_106_5_b: When secured by 28.204 types and modified per (a) then no consent of surety required","(Security_Per_28_204 ^ Modified_Per_28_106_5_a) -> ~Consent_Required","DEFERRED","Material Implication (Impl): Rule 15 [HIGH-RISK]; Conjunction (Conj): Rule 7; Negation (Neg): Rule 10","PENDING_REVIEW","PASS","PASS","Exception to (a). When alternative security used instead of surety bond there is no surety to consent. Conjunctive antecedent with negative consequent. Cross-references 28.204.","MEDIUM"
28,28.106-5(c),P_28_106_5_c,"Agencies must use Standard Form 1414, Consent of Surety, for all types of contracts.","P_28_106_5_c: SF 1414 must be used for consent of surety across all contract types","Consent_of_Surety_Required -> Use_SF_1414","DEFERRED","Material Implication (Impl): Rule 15 [HIGH-RISK]","PENDING_REVIEW","PASS","PASS","Mandatory form prescription. Universal application across all contract types. No exceptions stated.","MEDIUM"
28,28.106-6,P_28_106_6,"Furnishing information (parent aggregating (a)-(d)).","P_28_106_6: Information furnishing requirements as specified in (a) through (d)","P_28_106_6_a ^ P_28_106_6_b ^ P_28_106_6_c ^ P_28_106_6_d","DEFERRED","Conjunction (Conj): Rule 7","VALIDATED","PASS","PASS","Parent aggregating four paragraphs on information disclosure obligations regarding bonds.","HIGH"
28,28.106-6(a),P_28_106_6_a,"The surety on the bond, upon its written request, may be furnished information on the progress of the work, payments, and the estimated percentage of completion, concerning the contract for which the bond was furnished.","P_28_106_6_a: Upon surety written request surety may be furnished progress/payment/completion information","Surety_Written_Request -> (Furnish_Progress_Info v ~Furnish_Progress_Info)","DEFERRED","Material Implication (Impl): Rule 15 [HIGH-RISK]; Tautology (Taut): Rule 18","PENDING_REVIEW","PASS","PASS","Permissive information sharing. 'May be furnished' indicates Government discretion. Triggered by surety's written request. Information categories: progress, payments, estimated completion.","MEDIUM"
28,28.106-6(b),P_28_106_6_b,"When a payment bond has been provided, the contracting officer must, upon request, furnish the name and address of the surety or sureties to any subcontractor or supplier who has furnished or been requested to furnish labor or material for the contract. In addition, general information concerning the work progress, payments, and the estimated percentage of completion may be furnished to persons who have provided labor or materials and have not been paid.","P_28_106_6_b_1: When payment bond exists CO must furnish surety name/address to subs/suppliers on request; P_28_106_6_b_2: General progress/payment/completion info may be furnished to unpaid labor/material providers","(Payment_Bond ^ Sub_Supplier_Request) -> Furnish_Surety_Name_Address; (Unpaid_Labor_Material_Provider -> (Furnish_General_Info v ~Furnish_General_Info))","DEFERRED","Material Implication (Impl): Rule 15 [HIGH-RISK]; Conjunction (Conj): Rule 7; Tautology (Taut): Rule 18","PENDING_REVIEW","PASS","PASS","Two-part provision. First: mandatory disclosure of surety identity on request (must). Second: permissive disclosure of general info to unpaid providers (may). Different obligation levels for different information types.","MEDIUM"
28,28.106-6(c),P_28_106_6_c,"When a payment bond has been provided for a contract, the head of the agency or designee must furnish a certified copy of the bond and the contract for which it was given to any person who makes a request therefor and who furnishes an affidavit that the requestor has supplied labor or materials for such work and payment therefor has not been made or that the requestor is being sued on such bond. The person who makes the request must be required to pay such costs of preparation as determined by the head of the agency or designee to be reasonable and appropriate (see 40 U.S.C. 3133).","P_28_106_6_c_1: Agency head must furnish certified copy of payment bond and contract upon request with affidavit; P_28_106_6_c_2: Requestor must pay reasonable preparation costs","(Payment_Bond ^ Request_With_Affidavit) -> (Furnish_Certified_Copy ^ Require_Cost_Payment)","DEFERRED","Material Implication (Impl): Rule 15 [HIGH-RISK]; Conjunction (Conj): Rule 7","PENDING_REVIEW","PASS","PASS","Mandatory disclosure with conditions. Requestor must provide affidavit establishing either unpaid labor/materials OR being sued on the bond (disjunctive basis for request). Cost recovery is mandatory. External statutory reference: 40 USC 3133.","MEDIUM"
28,28.106-6(d),P_28_106_6_d,"Section 806(a)(2) of Public Law 102-190, as amended, requires that the Federal Government provide information to subcontractors on payment bonds under contracts for other than commercial products or commercial services as defined in part 2. Upon the written or oral request of a subcontractor/supplier, or prospective subcontractor/supplier, under a contract with respect to which a payment bond has been furnished pursuant to the Bonds statute, the contracting officer must promptly provide to the requester, either orally or in writing, as appropriate, any of the following: (parent with (1)-(3)).","P_28_106_6_d: Statutory requirement to provide payment bond info to subs upon request for non-commercial contracts","(Payment_Bond_Under_Bonds_Statute ^ ~Commercial ^ Sub_Request) -> Promptly_Provide_Info_Per_1_2_3","DEFERRED","Material Implication (Impl): Rule 15 [HIGH-RISK]; Conjunction (Conj): Rule 7; Negation (Neg): Rule 10","PENDING_REVIEW","PASS","PASS","Statutory mandate from Pub.L.102-190. Three conjunctive prerequisites: Bonds statute payment bond AND non-commercial AND request. Request can be written or oral. Response can be oral or written. Cross-references Part 2 commercial definitions.","MEDIUM"
28,28.106-6(d)(1),P_28_106_6_d_1,"Name and address of the surety or sureties on the payment bond.","P_28_106_6_d_1: CO must provide surety name and address","Provide_Surety_Name_Address","DEFERRED","Conjunction (Conj): Rule 7","VALIDATED","PASS","PASS","First mandatory disclosure item under (d).","HIGH"
28,28.106-6(d)(2),P_28_106_6_d_2,"Penal amount of the payment bond.","P_28_106_6_d_2: CO must provide penal amount of payment bond","Provide_Penal_Amount","DEFERRED","Conjunction (Conj): Rule 7","VALIDATED","PASS","PASS","Second mandatory disclosure item under (d).","HIGH"
28,28.106-6(d)(3),P_28_106_6_d_3,"Copy of the payment bond. The contracting officer may impose reasonable fees to cover the cost of copying and providing a copy of the payment bond.","P_28_106_6_d_3_a: CO must provide copy of payment bond; P_28_106_6_d_3_b: CO may impose reasonable copying fees","Provide_Bond_Copy ^ (Impose_Fees v ~Impose_Fees)","DEFERRED","Conjunction (Conj): Rule 7; Tautology (Taut): Rule 18","PENDING_REVIEW","PASS","PASS","Third mandatory disclosure item with permissive fee authority. Copy provision is mandatory; fee imposition is discretionary.","MEDIUM"
28,28.106-7,P_28_106_7,"Withholding contract payments (parent aggregating (a)-(c)).","P_28_106_7: Payment withholding requirements as specified in (a) through (c)","P_28_106_7_a ^ P_28_106_7_b ^ P_28_106_7_c","DEFERRED","Conjunction (Conj): Rule 7","VALIDATED","PASS","PASS","Parent aggregating three paragraphs on payment withholding rules.","HIGH"
28,28.106-7(a),P_28_106_7_a,"During contract performance, agencies must not withhold payments due contractors or assignees because subcontractors or suppliers have not been paid.","P_28_106_7_a: Agencies must not withhold contractor payments due to unpaid subs/suppliers","(Contract_Performance ^ Subcontractor_Not_Paid) -> ~Withhold_Contractor_Payment","DEFERRED","Material Implication (Impl): Rule 15 [HIGH-RISK]; Negation (Neg): Rule 10","PENDING_REVIEW","PASS","PASS","Prohibition against withholding during performance. Protects privity of contract: Government pays contractor regardless of subcontractor payment status. Important distinction from post-completion rules in (b).","MEDIUM"
28,28.106-7(b),P_28_106_7_b,"If, after completion of the contract work, the Government receives written notice from the surety regarding the contractor's failure to meet its obligation to its subcontractors or suppliers, the contracting officer must withhold final payment. However, the surety must agree to hold the Government harmless from any liability resulting from withholding the final payment. The contracting officer will authorize final payment upon agreement between the contractor and surety or upon a judicial determination of the rights of the parties.","P_28_106_7_b_1: After completion if surety provides written notice of contractor failure CO must withhold final payment; P_28_106_7_b_2: Surety must hold Government harmless from withholding liability; P_28_106_7_b_3: Final payment authorized upon contractor-surety agreement or judicial determination","(Contract_Complete ^ Surety_Written_Notice) -> (Withhold_Final_Payment ^ Surety_Hold_Harmless); (Contractor_Surety_Agreement v Judicial_Determination) -> Authorize_Final_Payment","DEFERRED","Material Implication (Impl): Rule 15 [HIGH-RISK]; Conjunction (Conj): Rule 7; Addition (Add): Rule 8","PENDING_REVIEW","PASS","PASS","Two conditionals. First: post-completion surety notice triggers mandatory withholding with mandatory hold-harmless. Second: release of withheld payment requires either agreement or judicial determination (disjunctive). Complex interaction between mandatory withholding and conditions for release.","LOW"
28,28.106-7(c),P_28_106_7_c,"For any withholding incident to the labor standards provisions of the contract, see part 22.","P_28_106_7_c: Labor standards withholding governed by Part 22","Labor_Standards_Withholding -> See_Part_22","DEFERRED","Material Implication (Impl): Rule 15 [HIGH-RISK]","PENDING_REVIEW","PASS","PASS","Cross-reference to Part 22 for labor standards withholding. Carves out labor standards from the general withholding rules in (a) and (b). External dependency on Part 22.","MEDIUM"
28,28.106-8,P_28_106_8,"The contracting officer will only authorize payment to subcontractors or suppliers from an ILC (or any other cash equivalent security) upon a judicial determination of the rights of the parties, a signed notarized statement by the contractor that the payment is due and owed, or a signed agreement between the parties as to amount due and owed.","P_28_106_8_a: CO authorizes ILC payment to subs only upon judicial determination; P_28_106_8_b: Or upon signed notarized contractor statement that payment due; P_28_106_8_c: Or upon signed agreement between parties on amount due","ILC_Payment_To_Subs -> (Judicial_Determination v Notarized_Statement v Signed_Agreement)","DEFERRED","Material Implication (Impl): Rule 15 [HIGH-RISK]; Addition (Add): Rule 8","PENDING_REVIEW","PASS","PASS","Restrictive authorization: payment from ILC or cash equivalent only under one of three disjunctive conditions. 'Only' language creates a necessary condition set. Any of the three bases is sufficient. Protects ILC funds from unauthorized disbursement.","MEDIUM"
28,28.200,P_28_200,"This subpart prescribes procedures for the use of sureties and other security to protect the Government from financial losses.","P_28_200: Subpart 28.2 prescribes procedures for sureties and other security to protect Government from financial losses","Subpart_28_2_Prescribes_Surety_Security_Procedures","DEFERRED","Conjunction (Conj): Rule 7","VALIDATED","PASS","PASS","Scope statement for Subpart 28.2. Atomic declarative proposition.","HIGH"
28,28.201,P_28_201,"Requirements for security (parent aggregating (a)-(b)).","P_28_201: Security requirements as specified in (a) and (b)","P_28_201_a ^ P_28_201_b","DEFERRED","Conjunction (Conj): Rule 7","VALIDATED","PASS","PASS","Parent aggregating two paragraphs on security requirements and solicitation restrictions.","HIGH"
28,28.201(a),P_28_201_a,"Agencies must obtain adequate security for bonds (including coinsurance and reinsurance agreements) required or used with a contract for supplies or services (including construction). Acceptable forms of security include- (parent with (1)-(2)).","P_28_201_a: Agencies must obtain adequate security for bonds including coinsurance/reinsurance","(Bond_Required_Or_Used) -> Obtain_Adequate_Security ^ (P_28_201_a_1 v P_28_201_a_2)","DEFERRED","Material Implication (Impl): Rule 15 [HIGH-RISK]; Conjunction (Conj): Rule 7; Addition (Add): Rule 8","PENDING_REVIEW","PASS","PASS","Mandatory security requirement triggered by bond usage. Two disjunctive forms of acceptable security. 'Must' = mandatory. Scope includes all contract types including construction.","MEDIUM"
28,28.201(a)(1),P_28_201_a_1,"Corporate or individual sureties.","P_28_201_a_1: Corporate or individual sureties are acceptable security","Corporate_Surety v Individual_Surety","DEFERRED","Addition (Add): Rule 8","VALIDATED","PASS","PASS","First acceptable security form. Disjunctive: either type suffices.","HIGH"
28,28.201(a)(2),P_28_201_a_2,"Any of the types of security authorized in lieu of sureties by 28.204.","P_28_201_a_2: Security types authorized by 28.204 are acceptable","Security_Types_Per_28_204","DEFERRED","Conjunction (Conj): Rule 7","VALIDATED","PASS","PASS","Second acceptable security form. Cross-references 28.204 alternatives.","HIGH"
28,28.201(b),P_28_201_b,"Solicitations must not preclude offerors from using the types of surety or other security permitted by this subpart, unless prohibited by law or regulation.","P_28_201_b: Solicitations must not preclude permitted surety/security types unless prohibited by law/regulation","~(Prohibited_By_Law v Prohibited_By_Regulation) -> ~Preclude_Permitted_Security_Types","DEFERRED","Material Implication (Impl): Rule 15 [HIGH-RISK]; Negation (Neg): Rule 10","PENDING_REVIEW","PASS","PASS","Prohibition against restrictive solicitation practices. Default is open access to all permitted security types. Law/regulation override is the only exception. Protects offeror flexibility.","MEDIUM"
28,28.202,P_28_202,"Acceptability of corporate sureties (parent aggregating (a)-(d)).","P_28_202: Corporate surety acceptability as specified in (a) through (d)","P_28_202_a ^ P_28_202_b ^ P_28_202_c ^ P_28_202_d","DEFERRED","Conjunction (Conj): Rule 7","VALIDATED","PASS","PASS","Parent aggregating four paragraphs on corporate surety requirements.","HIGH"
28,28.202(a),P_28_202_a,"Corporate surety requirements (parent aggregating (1)-(4)).","P_28_202_a: Corporate surety domestic requirements as specified in (1) through (4)","P_28_202_a_1 ^ P_28_202_a_2 ^ P_28_202_a_3 ^ P_28_202_a_4","DEFERRED","Conjunction (Conj): Rule 7","VALIDATED","PASS","PASS","Parent aggregating four domestic corporate surety requirements.","HIGH"
28,28.202(a)(1),P_28_202_a_1,"Corporate sureties offered for bonds furnished with contracts performed in the United States or its outlying areas must appear on the list contained in the Department of the Treasury's Listing of Approved Sureties (Treasury Department Circular 570).","P_28_202_a_1: Corporate sureties for US-performed contracts must appear on Treasury Circular 570","(Corporate_Surety ^ US_Performance) -> Listed_On_Circular_570","DEFERRED","Material Implication (Impl): Rule 15 [HIGH-RISK]; Conjunction (Conj): Rule 7","PENDING_REVIEW","PASS","PASS","Mandatory eligibility requirement. Conjunctive antecedent: corporate surety AND US performance. Treasury Circular 570 is the authoritative listing. External dependency on Treasury Department.","MEDIUM"
28,28.202(a)(2),P_28_202_a_2,"The penal amount of the bond should not exceed the surety's underwriting limit stated in the Treasury Department Circular 570. If the penal amount exceeds the underwriting limit, the bond will be acceptable only if- (parent with (i)-(ii)).","P_28_202_a_2: Penal amount should not exceed underwriting limit; if exceeds then acceptable only if (i) and (ii) met","Penal_Exceeds_Limit -> (P_28_202_a_2_i ^ P_28_202_a_2_ii)","DEFERRED","Material Implication (Impl): Rule 15 [HIGH-RISK]; Conjunction (Conj): Rule 7","PENDING_REVIEW","PASS","PASS","Advisory default ('should') with mandatory conditional when exceeded. If penal amount exceeds limit then both sub-conditions must be satisfied conjunctively. Note 'should' in first clause is advisory but 'only if' in second is mandatory.","MEDIUM"
28,28.202(a)(2)(i),P_28_202_a_2_i,"The amount which exceeds the specified limit is coinsured or reinsured.","P_28_202_a_2_i: Excess amount must be coinsured or reinsured","Excess_Coinsured v Excess_Reinsured","DEFERRED","Addition (Add): Rule 8","VALIDATED","PASS","PASS","Disjunctive requirement: either coinsurance or reinsurance covers the excess.","HIGH"
28,28.202(a)(2)(ii),P_28_202_a_2_ii,"The amount of coinsurance or reinsurance does not exceed the underwriting limit of each coinsurer or reinsurer.","P_28_202_a_2_ii: Coinsurance/reinsurance amount must not exceed each co/reinsurer underwriting limit","~(Coinsurance_Exceeds_Limit v Reinsurance_Exceeds_Limit)","DEFERRED","Negation (Neg): Rule 10","VALIDATED","PASS","PASS","Negative constraint: prevents cascading excess. Each entity in the chain must stay within its own underwriting limit.","HIGH"
28,28.202(a)(3),P_28_202_a_3,"Coinsurance or reinsurance agreements must conform to the Department of the Treasury (Treasury) regulations in 31 CFR 223.10 and 223.11. When reinsurance is contemplated, the contracting office generally must require reinsurance agreements to be executed and submitted with the bonds before making a final determination on the bonds.","P_28_202_a_3_a: Coinsurance/reinsurance must conform to 31 CFR 223.10 and 223.11; P_28_202_a_3_b: When reinsurance contemplated agreements generally must be executed and submitted with bonds before final determination","(Coinsurance v Reinsurance) -> Conform_31_CFR_223; Reinsurance_Contemplated -> Execute_Submit_Before_Determination","DEFERRED","Material Implication (Impl): Rule 15 [HIGH-RISK]; Conjunction (Conj): Rule 7; Addition (Add): Rule 8","PENDING_REVIEW","PASS","PASS","Two requirements. First: mandatory regulatory conformance. Second: timing requirement for reinsurance submission. 'Generally' in second clause softens the mandate slightly but does not eliminate it. External regulatory dependency on 31 CFR.","MEDIUM"
28,28.202(a)(4),P_28_202_a_4,"When specified in the solicitation, the contracting officer may accept a bond from the direct writing company in satisfaction of the total bond requirement of the contract. This is permissible until necessary reinsurance agreements are executed, even though the total bond requirement may exceed the insurer's underwriting limitation. The contractor must execute and submit necessary reinsurance agreements to the contracting officer within the time specified on the bid form, which may not exceed 45 calendar days after the execution of the bond. The contractor must use SF 273, SF 274, and SF 275 as applicable.","P_28_202_a_4_a: When solicitation specifies CO may accept direct writing company bond pending reinsurance; P_28_202_a_4_b: Contractor must submit reinsurance within bid form time not exceeding 45 days; P_28_202_a_4_c: Must use SF 273 SF 274 SF 275 as applicable","(Solicitation_Specifies -> (Accept_Direct_Bond v ~Accept_Direct_Bond)); (Direct_Bond_Accepted -> Submit_Reinsurance_Within_45_Days ^ Use_Prescribed_SFs)","DEFERRED","Material Implication (Impl): Rule 15 [HIGH-RISK]; Tautology (Taut): Rule 18; Conjunction (Conj): Rule 7","PENDING_REVIEW","PASS","PASS","Permissive acceptance authority followed by mandatory contractor obligations. CO discretion to accept pending reinsurance; contractor then has hard 45-day deadline and mandatory form requirements. Cross-references SF 273, 274, 275.","MEDIUM"
28,28.202(b),P_28_202_b,"For contracts performed in a foreign country, sureties not appearing on Treasury Department Circular 570 are acceptable if the contracting officer determines that it is impracticable for the contractor to use Treasury listed sureties.","P_28_202_b: For foreign country contracts non-Circular 570 sureties acceptable if CO determines impracticable to use listed sureties","(Foreign_Country ^ CO_Impracticability_Determination) -> Non_Circular_570_Acceptable","DEFERRED","Material Implication (Impl): Rule 15 [HIGH-RISK]; Conjunction (Conj): Rule 7","PENDING_REVIEW","PASS","PASS","Exception to Circular 570 requirement for foreign performance. Conjunctive conditions: foreign country AND CO impracticability finding. Provides flexibility for overseas operations.","MEDIUM"
28,28.202(c),P_28_202_c,"Treasury issues supplements to Treasury Department Circular 570, notifying all Federal agencies of new approved corporate surety companies and the termination of the authority of any specific corporate surety to qualify as a surety on Federal bonds. Upon receipt of notification of termination of a company's authority to qualify as a surety on Federal bonds, the contracting officer must review the outstanding contracts and take action necessary to protect the Government, including, where appropriate, securing new bonds with acceptable sureties in lieu of outstanding bonds with the named company.","P_28_202_c_a: Treasury issues supplements to Circular 570 for new approvals and terminations; P_28_202_c_b: Upon termination notification CO must review outstanding contracts and take protective action","Termination_Notification -> (Review_Contracts ^ Take_Protective_Action)","DEFERRED","Material Implication (Impl): Rule 15 [HIGH-RISK]; Conjunction (Conj): Rule 7","PENDING_REVIEW","PASS","PASS","Reactive obligation triggered by Treasury termination notification. CO must both review AND act. 'Including where appropriate securing new bonds' is illustrative of protective action. Declarative first clause about Treasury supplements.","MEDIUM"
28,28.202(d),P_28_202_d,"Treasury Department Circular 570 may be obtained from the U.S. Department of the Treasury, Bureau of the Fiscal Service, Surety Bond Branch, 3201 Pennsy Drive, Building E, Landover, MD 20785 or at https://www.fiscal.treasury.gov/fsreports/ref/suretyBnd/c570.htm.","P_28_202_d: Circular 570 available from Treasury Bureau of Fiscal Service at specified address and URL","Circular_570_Available_At_Treasury","DEFERRED","Conjunction (Conj): Rule 7","VALIDATED","PASS","PASS","Informational provision. No regulatory obligation. Provides access information for reference document.","HIGH"
28,28.203,P_28_203,"Individual sureties (parent aggregating 28.203-1 through 28.203-5).","P_28_203: Individual surety requirements as specified in 28.203-1 through 28.203-5","P_28_203_1 ^ P_28_203_2 ^ P_28_203_3 ^ P_28_203_4 ^ P_28_203_5","DEFERRED","Conjunction (Conj): Rule 7","VALIDATED","PASS","PASS","Parent aggregating five subsections on individual sureties.","HIGH"
28,28.203-1,P_28_203_1,"Acceptability of individual sureties (parent aggregating (a)-(g)).","P_28_203_1: Individual surety acceptability requirements as specified in (a) through (g)","P_28_203_1_a ^ P_28_203_1_b ^ P_28_203_1_c ^ P_28_203_1_d ^ P_28_203_1_e ^ P_28_203_1_f ^ P_28_203_1_g","DEFERRED","Conjunction (Conj): Rule 7","VALIDATED","PASS","PASS","Parent aggregating seven paragraphs on individual surety acceptability.","HIGH"
28,28.203-1(a),P_28_203_1_a,"An individual surety is acceptable for all types of bonds except position schedule bonds. Assets pledged by an individual surety must meet the eligibility requirements of Treasury's Bureau of the Fiscal Service. Per 31 U.S.C. 9310, individual sureties must pledge eligible obligations, which Treasury refers to as acceptable collateral or eligible collateral.","P_28_203_1_a_1: Individual surety acceptable for all bond types except position schedule bonds; P_28_203_1_a_2: Pledged assets must meet Treasury Bureau of Fiscal Service eligibility; P_28_203_1_a_3: Per 31 USC 9310 must pledge eligible obligations","(Individual_Surety ^ ~Position_Schedule_Bond) -> Acceptable; Individual_Surety -> (Assets_Meet_Treasury_Eligibility ^ Pledge_Eligible_Obligations)","DEFERRED","Material Implication (Impl): Rule 15 [HIGH-RISK]; Conjunction (Conj): Rule 7; Negation (Neg): Rule 10","PENDING_REVIEW","PASS","PASS","Broad acceptability with one exception plus mandatory asset requirements. Position schedule bond exclusion is absolute. Asset eligibility governed by external Treasury and statutory requirements (31 USC 9310).","MEDIUM"
28,28.203-1(b),P_28_203_1_b,"Individual surety bond execution requirements (parent aggregating (1)-(4)).","P_28_203_1_b: Bond execution requirements as specified in (1) through (4)","P_28_203_1_b_1 ^ P_28_203_1_b_2 ^ P_28_203_1_b_3 ^ P_28_203_1_b_4","DEFERRED","Conjunction (Conj): Rule 7","VALIDATED","PASS","PASS","Parent aggregating four bond execution sub-requirements.","HIGH"
28,28.203-1(b)(1),P_28_203_1_b_1,"An individual surety must execute the bond (e.g., bid bond (SF 24), performance bond (SF 25), payment bond (SF 25A)).","P_28_203_1_b_1: Individual surety must execute the bond using applicable SF (24/25/25A)","Individual_Surety -> Execute_Bond_On_Applicable_SF","DEFERRED","Material Implication (Impl): Rule 15 [HIGH-RISK]","PENDING_REVIEW","PASS","PASS","Mandatory execution requirement. Forms are illustrative of bond types. Cross-references SF 24, SF 25, SF 25A.","MEDIUM"
28,28.203-1(b)(2),P_28_203_1_b_2,"The net adjusted value of unencumbered assets is their market value minus the margin. The margin tables are available at www.treasurydirect.gov. The net adjusted value of unencumbered assets pledged by the individual surety must equal or exceed the penal amount (i.e., face value) of each bond.","P_28_203_1_b_2_a: Net adjusted value = market value minus margin; P_28_203_1_b_2_b: Margin tables at treasurydirect.gov; P_28_203_1_b_2_c: Net adjusted value must >= penal amount of each bond","(Net_Adjusted_Value = Market_Value - Margin) ^ (Net_Adjusted_Value >= Penal_Amount)","DEFERRED","Conjunction (Conj): Rule 7","VALIDATED","PASS","PASS","Valuation formula and minimum threshold. Mandatory: net adjusted value must meet or exceed penal amount. Margin tables are external Treasury reference.","HIGH"
28,28.203-1(b)(3),P_28_203_1_b_3,"The individual surety must execute the SF 28, Affidavit of Individual Surety, and provide a security interest. One individual surety is adequate support for a bond, provided the net adjusted value of unencumbered assets pledged by that individual surety equals or exceeds the amount of the bond.","P_28_203_1_b_3_a: Must execute SF 28 and provide security interest; P_28_203_1_b_3_b: One surety is adequate if net adjusted value >= bond amount","Individual_Surety -> (Execute_SF_28 ^ Provide_Security_Interest); (Single_Surety ^ NAV_GTE_Bond) -> Adequate_Support","DEFERRED","Material Implication (Impl): Rule 15 [HIGH-RISK]; Conjunction (Conj): Rule 7","PENDING_REVIEW","PASS","PASS","Two requirements. First: mandatory execution and security interest. Second: one-surety adequacy conditioned on value threshold. Cross-references SF 28.","MEDIUM"
28,28.203-1(b)(4),P_28_203_1_b_4,"An offeror or contractor may submit up to three individual sureties for each bond, in which case the net adjusted value of the pledged unencumbered assets, when combined, must equal or exceed the penal amount of the bond. Each individual surety is jointly and severally liable to the extent of the penal amount of the bond.","P_28_203_1_b_4_a: Up to three individual sureties per bond; P_28_203_1_b_4_b: Combined NAV must >= penal amount; P_28_203_1_b_4_c: Each surety jointly and severally liable to penal amount","(Multiple_Sureties ^ Up_To_Three) -> (Combined_NAV_GTE_Penal ^ Joint_Several_Liability)","DEFERRED","Material Implication (Impl): Rule 15 [HIGH-RISK]; Conjunction (Conj): Rule 7","PENDING_REVIEW","PASS","PASS","Permissive multi-surety option with mandatory financial and liability requirements. Combined value threshold applies when multiple sureties used. Joint and several liability is mandatory characteristic.","MEDIUM"
28,28.203-1(c),P_28_203_1_c,"Using the information from the SF 28 submitted by the offeror or contractor, the contracting officer must notify the Treasury's collateral operations support team by email at BMT@fiscal.treasury.gov or by phone at 888-568-7343, of the individual surety, the assets to be pledged, and the amount necessary to cover the individual surety bond. Treasury will advise the contracting officer whether the assets are eligible to be pledged and of the valuation of the assets offered. If after 3 business days the contracting officer has not received a response from Treasury, the contracting officer may seek assistance from the Director, Bank Policy and Oversight, at 202-504-3502. The contracting officer must determine whether the individual surety bond is acceptable as to the amount necessary based on the asset eligibility and valuation assessment from Treasury. The contracting officer must notify both the offeror or contractor and the individual surety of this determination.","P_28_203_1_c_1: CO must notify Treasury collateral team of surety/assets/amount; P_28_203_1_c_2: Treasury advises on asset eligibility and valuation; P_28_203_1_c_3: If no Treasury response in 3 business days CO may escalate; P_28_203_1_c_4: CO must determine acceptability based on Treasury assessment; P_28_203_1_c_5: CO must notify offeror/contractor and surety of determination","SF_28_Submitted -> (Notify_Treasury ^ Await_Assessment); (~Treasury_Response_3_Days -> (Escalate v ~Escalate)); Treasury_Assessment -> CO_Determine_Acceptability; CO_Determination -> Notify_All_Parties","DEFERRED","Material Implication (Impl): Rule 15 [HIGH-RISK]; Conjunction (Conj): Rule 7; Tautology (Taut): Rule 18; Negation (Neg): Rule 10","PENDING_REVIEW","PASS","PASS","Complex multi-step procedural sequence. Mandatory notification to Treasury, mandatory determination based on assessment, mandatory notification of result. Escalation after 3 days is permissive. External process dependency on Treasury response.","LOW"
28,28.203-1(d),P_28_203_1_d,"If the contracting officer determines the individual surety is acceptable, the contracting officer must request the Treasury's collateral operations support team set up the necessary individual surety pledged asset collateral account.","P_28_203_1_d: If CO determines surety acceptable then must request Treasury set up collateral account","Surety_Acceptable -> Request_Treasury_Collateral_Account","DEFERRED","Material Implication (Impl): Rule 15 [HIGH-RISK]","PENDING_REVIEW","PASS","PASS","Mandatory follow-on action triggered by acceptability determination. External process dependency on Treasury account setup.","MEDIUM"
28,28.203-1(e),P_28_203_1_e,"If the contracting officer determines that no individual surety in support of a bid guarantee is acceptable, the offeror utilizing the individual surety must be rejected as nonresponsible, except as provided in 28.101-4. A finding of nonresponsibility based on unacceptability of an individual surety, need not be referred to the Small Business Administration for a Certificate of Competency. (See part 19 and 61 Comp. Gen. 456 (1982).)","P_28_203_1_e_1: If no acceptable individual surety for bid guarantee then reject offeror as nonresponsible except per 28.101-4; P_28_203_1_e_2: No SBA COC referral required for this nonresponsibility finding","(~Acceptable_Individual_Surety ^ Bid_Guarantee ^ ~P_28_101_4_Exception) -> Reject_Nonresponsible; Individual_Surety_Nonresp -> ~Require_SBA_COC_Referral","DEFERRED","Material Implication (Impl): Rule 15 [HIGH-RISK]; Conjunction (Conj): Rule 7; Negation (Neg): Rule 10","PENDING_REVIEW","PASS","PASS","Two-part rule. First: mandatory rejection with cross-reference exception to 28.101-4 waiver provisions. Second: exemption from SBA COC process. Cross-references Part 19. Significant small business implication. GAO decision cited.","MEDIUM"
28,28.203-1(f),P_28_203_1_f,"If a contractor submits an unacceptable individual surety, or one that Treasury could not assess the asset eligibility and valuation within a reasonable time, then the contracting officer may permit the contractor to substitute an acceptable surety within a reasonable time.","P_28_203_1_f: If unacceptable surety or Treasury cannot assess then CO may permit substitution","(Unacceptable_Surety v Treasury_Cannot_Assess) -> (Permit_Substitution v ~Permit_Substitution)","DEFERRED","Material Implication (Impl): Rule 15 [HIGH-RISK]; Addition (Add): Rule 8; Tautology (Taut): Rule 18","PENDING_REVIEW","PASS","PASS","Permissive remedial authority. Disjunctive trigger: either unacceptable surety OR Treasury assessment failure. CO discretion on whether to permit substitution. 'Reasonable time' is undefined.","MEDIUM"
28,28.203-1(g),P_28_203_1_g,"Evidence of possible criminal or fraudulent activities by an individual surety must be referred to the appropriate agency official in accordance with agency procedures.","P_28_203_1_g: Evidence of criminal/fraudulent activity by individual surety must be referred per agency procedures","(Criminal_Evidence v Fraud_Evidence) -> Refer_To_Agency_Official","DEFERRED","Material Implication (Impl): Rule 15 [HIGH-RISK]; Addition (Add): Rule 8","PENDING_REVIEW","PASS","PASS","Mandatory referral obligation. Disjunctive trigger: criminal OR fraudulent activity evidence. Agency procedures govern the specific referral process.","MEDIUM"
28,28.203-2,P_28_203_2,"An individual surety may request the Government to accept a substitute asset for that currently pledged by submitting a written request, including a revised SF 28, to the responsible contracting officer. Following the requirements set forth in 28.203-1, the contracting officer may agree to the substitution of assets upon determining that the substitute assets to be pledged are adequate to protect the outstanding bond or guarantee obligations.","P_28_203_2_a: Individual surety may request asset substitution via written request with revised SF 28; P_28_203_2_b: CO may agree upon determining substitute assets adequate","Written_Request_With_SF_28 -> (CO_Agree_Substitution v ~CO_Agree_Substitution); CO_Agree -> Substitute_Assets_Adequate","DEFERRED","Material Implication (Impl): Rule 15 [HIGH-RISK]; Tautology (Taut): Rule 18","PENDING_REVIEW","PASS","PASS","Permissive substitution process. Surety initiates with written request plus revised SF 28. CO discretion to agree conditional on adequacy determination. Must follow 28.203-1 procedures. Cross-references SF 28 and 28.203-1.","MEDIUM"
28,28.203-3,P_28_203_3,"Release of security interest (parent aggregating (a)-(c)).","P_28_203_3: Release of security interest requirements as specified in (a) through (c)","P_28_203_3_a ^ P_28_203_3_b ^ P_28_203_3_c","DEFERRED","Conjunction (Conj): Rule 7","VALIDATED","PASS","PASS","Parent aggregating three paragraphs on security interest release.","HIGH"
28,28.203-3(a),P_28_203_3_a,"After consultation with legal counsel, the contracting officer must release the security interest on the individual surety's assets using the Optional Form 91, Release of Personal Property from Escrow, or a similar release as soon as possible consistent with the conditions in subparagraphs (a)(1) and (2) of this section. A surety's assets pledged in support of a payment bond may be released to a subcontractor or supplier upon Government receipt of a Federal district court judgment, or a sworn statement by the subcontractor or supplier that the claim is correct along with a notarized authorization of the release by the surety stating that it approves of such release.","P_28_203_3_a_1: CO must release security interest using OF 91 after legal counsel consultation; P_28_203_3_a_2: Release as soon as possible per conditions in (1)-(3); P_28_203_3_a_3: Payment bond assets may be released to sub upon court judgment or sworn statement with surety authorization","Legal_Consultation -> (Release_Using_OF_91 ^ Per_Conditions_1_2_3); (Payment_Bond_Assets ^ (Court_Judgment v (Sworn_Statement ^ Surety_Authorization))) -> (Release_To_Sub v ~Release_To_Sub)","DEFERRED","Material Implication (Impl): Rule 15 [HIGH-RISK]; Conjunction (Conj): Rule 7; Addition (Add): Rule 8; Tautology (Taut): Rule 18","PENDING_REVIEW","PASS","PASS","Complex release provision. Mandatory release with legal counsel consultation and OF 91 form. Timing governed by sub-paragraph conditions. Payment bond asset release to subs is permissive with disjunctive evidentiary bases. Cross-references OF 91.","LOW"
28,28.203-3(a)(1),P_28_203_3_a_1,"Contracts subject to the Bonds statute. The security interest must be maintained for the later of- (parent with (i)-(iii)).","P_28_203_3_a_1: For Bonds statute contracts security maintained for the latest of three periods","Bonds_Statute_Contract -> Maintain_Security_For_Latest_Of(P_28_203_3_a_1_i; P_28_203_3_a_1_ii; P_28_203_3_a_1_iii)","DEFERRED","Material Implication (Impl): Rule 15 [HIGH-RISK]","PENDING_REVIEW","PASS","PASS","Conditional retention period. 'Later of' means whichever period ends last governs. Three disjunctive time periods with the longest controlling.","MEDIUM"
28,28.203-3(a)(1)(i),P_28_203_3_a_1_i,"1 year following final payment.","P_28_203_3_a_1_i: Security maintained for 1 year following final payment","One_Year_After_Final_Payment","DEFERRED","Conjunction (Conj): Rule 7","VALIDATED","PASS","PASS","First retention period option. Atomic time requirement.","HIGH"
28,28.203-3(a)(1)(ii),P_28_203_3_a_1_ii,"Until completion of any warranty period (applicable only to performance bonds).","P_28_203_3_a_1_ii: Security maintained until warranty completion (performance bonds only)","Performance_Bond -> Until_Warranty_Completion","DEFERRED","Material Implication (Impl): Rule 15 [HIGH-RISK]","PENDING_REVIEW","PASS","PASS","Second retention period option. Restricted to performance bonds only. If no warranty no applicability.","MEDIUM"
28,28.203-3(a)(1)(iii),P_28_203_3_a_1_iii,"Pending resolution of all claims filed against the payment bond during the 1 year period following final payment.","P_28_203_3_a_1_iii: Security maintained pending resolution of all claims filed during 1-year post-final-payment period","Claims_Filed_During_1_Year -> Maintain_Until_All_Resolved","DEFERRED","Material Implication (Impl): Rule 15 [HIGH-RISK]","PENDING_REVIEW","PASS","PASS","Third retention period option. Open-ended: security held until ALL claims resolved. Applies to payment bond claims filed within the 1-year window.","MEDIUM"
28,28.203-3(a)(2),P_28_203_3_a_2,"Contracts subject to alternative payment protection. The security interest must be maintained for the full contract performance period plus 1 year.","P_28_203_3_a_2: For alternative payment protection contracts security maintained for full performance period plus 1 year","Alternative_Payment_Protection -> Maintain_Performance_Period_Plus_1_Year","DEFERRED","Material Implication (Impl): Rule 15 [HIGH-RISK]","PENDING_REVIEW","PASS","PASS","Fixed retention formula: performance period + 1 year. Simpler than Bonds statute retention which has three variable endpoints.","MEDIUM"
28,28.203-3(a)(3),P_28_203_3_a_3,"Other contracts not subject to the Bonds statute. The security interest must be maintained for 90 days following final payment or until completion of any warranty period (applicable only to performance bonds), whichever is later.","P_28_203_3_a_3: For other non-Bonds statute contracts security maintained for later of 90 days after final payment or warranty completion (performance bonds)","~Bonds_Statute -> Maintain_Later_Of(90_Days_After_Final_Payment; Warranty_Completion_If_Perf_Bond)","DEFERRED","Material Implication (Impl): Rule 15 [HIGH-RISK]","PENDING_REVIEW","PASS","PASS","Retention for contracts outside Bonds statute. 'Later of' two periods. 90-day baseline with warranty extension for performance bonds only. Shorter baseline than Bonds statute 1-year requirement.","MEDIUM"
28,28.203-3(b),P_28_203_3_b,"Upon written request by the individual surety, the contracting officer may release the security interest on the individual surety's assets in support of a bid guarantee based upon evidence that the offer supported by the individual surety will not result in contract award.","P_28_203_3_b: Upon surety written request CO may release bid guarantee security if evidence offer will not result in award","(Surety_Written_Request ^ Evidence_No_Award) -> (Release_Bid_Guarantee_Security v ~Release_Bid_Guarantee_Security)","DEFERRED","Material Implication (Impl): Rule 15 [HIGH-RISK]; Conjunction (Conj): Rule 7; Tautology (Taut): Rule 18","PENDING_REVIEW","PASS","PASS","Permissive early release of bid guarantee security. Conjunctive conditions: written request AND evidence of no award. CO retains discretion.","MEDIUM"
28,28.203-3(c),P_28_203_3_c,"Upon written request by the individual surety, the contracting officer may release a portion of the security interest on the individual surety's assets based upon substantial performance of the contractor's obligations under its performance bond. Release of the security interest in support of a payment bond must comply with the subparagraphs (a)(1) through (3) of this section. In making this determination, the contracting officer will give consideration as to whether the unreleased portion of the security is sufficient to cover the remaining contract obligations, including payments to subcontractors and other potential liabilities. The individual surety must, as a condition of the partial release, furnish an affidavit agreeing that the release of such assets does not relieve the individual surety of its obligations under the bond(s).","P_28_203_3_c_1: CO may partially release performance bond security upon substantial performance; P_28_203_3_c_2: Payment bond release must comply with (a)(1)-(3); P_28_203_3_c_3: CO must consider sufficiency of unreleased portion; P_28_203_3_c_4: Surety must furnish affidavit as condition","(Surety_Request ^ Substantial_Performance) -> (Partial_Release v ~Partial_Release); Payment_Bond_Release -> Comply_With_a_1_thru_3; Partial_Release -> (Consider_Sufficiency ^ Surety_Affidavit_Required)","DEFERRED","Material Implication (Impl): Rule 15 [HIGH-RISK]; Conjunction (Conj): Rule 7; Tautology (Taut): Rule 18","PENDING_REVIEW","PASS","PASS","Multi-condition partial release. Permissive for performance bond security. Payment bond release governed by (a)(1)-(3) retention periods. Two mandatory conditions on any partial release: sufficiency consideration and surety affidavit.","LOW"
28,28.203-4,P_28_203_4,"Solicitation provision and contract clause (parent aggregating (a)-(b)).","P_28_203_4: Individual surety clause requirements as specified in (a) and (b)","P_28_203_4_a ^ P_28_203_4_b","DEFERRED","Conjunction (Conj): Rule 7","VALIDATED","PASS","PASS","Parent aggregating two clause insertion requirements for individual sureties.","HIGH"
28,28.203-4(a),P_28_203_4_a,"Insert the provision at 52.228-17, Individual Surety - Pledge of Assets (Bid Guarantee), in solicitations that require the submission of a bid guarantee.","P_28_203_4_a: Insert 52.228-17 in solicitations requiring bid guarantee submission","Bid_Guarantee_Required -> Insert_52_228_17","DEFERRED","Material Implication (Impl): Rule 15 [HIGH-RISK]","PENDING_REVIEW","PASS","PASS","Mandatory provision insertion conditional on bid guarantee requirement. Cross-references 52.228-17.","MEDIUM"
28,28.203-4(b),P_28_203_4_b,"Insert the clause at 52.228-11, Individual Surety - Pledge of Assets, in solicitations and contracts that require the submission of performance or payment bonds.","P_28_203_4_b: Insert 52.228-11 in solicitations/contracts requiring performance or payment bonds","(Performance_Bond_Required v Payment_Bond_Required) -> Insert_52_228_11","DEFERRED","Material Implication (Impl): Rule 15 [HIGH-RISK]; Addition (Add): Rule 8","PENDING_REVIEW","PASS","PASS","Mandatory clause insertion. Disjunctive trigger: either performance or payment bond requirement. Cross-references 52.228-11.","MEDIUM"
28,28.203-5,P_28_203_5,"Exclusion of individual sureties (parent aggregating (a)-(e)).","P_28_203_5: Individual surety exclusion requirements as specified in (a) through (e)","P_28_203_5_a ^ P_28_203_5_b ^ P_28_203_5_c ^ P_28_203_5_d ^ P_28_203_5_e","DEFERRED","Conjunction (Conj): Rule 7","VALIDATED","PASS","PASS","Parent aggregating five paragraphs on individual surety exclusion authority and procedures.","HIGH"
28,28.203-5(a),P_28_203_5_a,"An individual may be excluded from acting as a surety on bonds submitted by offerors on procurement by the executive branch of the Federal Government, by the acquiring agency's head or designee utilizing the procedures in part 9. The exclusion must be for the purpose of protecting the Government.","P_28_203_5_a_1: Individual may be excluded from acting as surety by agency head/designee using Part 9 procedures; P_28_203_5_a_2: Exclusion must be for purpose of protecting Government","(Agency_Head_Or_Designee ^ Part_9_Procedures ^ Government_Protection_Purpose) -> (Exclude_Surety v ~Exclude_Surety)","DEFERRED","Material Implication (Impl): Rule 15 [HIGH-RISK]; Conjunction (Conj): Rule 7; Tautology (Taut): Rule 18","PENDING_REVIEW","PASS","PASS","Permissive exclusion authority with three conjunctive conditions: appropriate authority AND proper procedures AND protective purpose. Cross-references Part 9 debarment/suspension procedures.","MEDIUM"
28,28.203-5(b),P_28_203_5_b,"Causes for exclusion (parent listing (1)-(5)).","P_28_203_5_b: Causes for individual surety exclusion as listed in (1) through (5)","P_28_203_5_b_1 v P_28_203_5_b_2 v P_28_203_5_b_3 v P_28_203_5_b_4 v P_28_203_5_b_5","DEFERRED","Addition (Add): Rule 8","VALIDATED","PASS","PASS","Parent listing five disjunctive causes. Any single cause is sufficient for exclusion.","HIGH"
28,28.203-5(b)(1),P_28_203_5_b_1,"Failure to fulfill the obligations under any bond.","P_28_203_5_b_1: Failure to fulfill obligations under any bond","Failure_Fulfill_Bond_Obligations","DEFERRED","Conjunction (Conj): Rule 7","VALIDATED","PASS","PASS","First exclusion cause. Atomic. Performance failure on any bond, not limited to specific bond.","HIGH"
28,28.203-5(b)(2),P_28_203_5_b_2,"Failure to disclose all bond obligations.","P_28_203_5_b_2: Failure to disclose all bond obligations","Failure_Disclose_Obligations","DEFERRED","Conjunction (Conj): Rule 7","VALIDATED","PASS","PASS","Second exclusion cause. Atomic. Transparency/disclosure failure.","HIGH"
28,28.203-5(b)(3),P_28_203_5_b_3,"Misrepresentation of the value of available assets or outstanding liabilities.","P_28_203_5_b_3: Misrepresentation of asset value or outstanding liabilities","Misrepresent_Assets v Misrepresent_Liabilities","DEFERRED","Addition (Add): Rule 8","VALIDATED","PASS","PASS","Third exclusion cause. Disjunctive: misrepresentation of either assets or liabilities.","HIGH"
28,28.203-5(b)(4),P_28_203_5_b_4,"Any false or misleading statement, signature or representation on a bond or affidavit of individual suretyship.","P_28_203_5_b_4: False/misleading statement or signature or representation on bond or affidavit","(False_Statement v Misleading_Statement v False_Signature v False_Representation) ^ (On_Bond v On_Affidavit)","DEFERRED","Addition (Add): Rule 8; Conjunction (Conj): Rule 7","VALIDATED","PASS","PASS","Fourth exclusion cause. Broad coverage: any type of false/misleading element on either document type.","HIGH"
28,28.203-5(b)(5),P_28_203_5_b_5,"Any other cause affecting responsibility as a surety of such serious and compelling nature as may be determined to warrant exclusion.","P_28_203_5_b_5: Any other cause of serious and compelling nature warranting exclusion","Other_Serious_Compelling_Cause","DEFERRED","Conjunction (Conj): Rule 7","VALIDATED","PASS","PASS","Fifth exclusion cause. Catch-all provision. Discretionary standard: 'serious and compelling nature' requires judgment.","HIGH"
28,28.203-5(c),P_28_203_5_c,"An individual surety excluded pursuant to this section must be entered as an exclusion in the System for Award Management (SAM) (see part 9).","P_28_203_5_c: Excluded individual surety must be entered in SAM","Surety_Excluded -> Enter_In_SAM","DEFERRED","Material Implication (Impl): Rule 15 [HIGH-RISK]","PENDING_REVIEW","PASS","PASS","Mandatory administrative action following exclusion. Cross-references Part 9 and SAM system.","MEDIUM"
28,28.203-5(d),P_28_203_5_d,"Contracting officers must not accept the bonds of individual sureties whose names appear in an active exclusion record in SAM unless the acquiring agency's head or a designee state in writing the compelling reasons justifying acceptance.","P_28_203_5_d: CO must not accept excluded surety bonds unless agency head provides written compelling reasons","(Active_SAM_Exclusion ^ ~Written_Compelling_Reasons) -> ~Accept_Bond","DEFERRED","Material Implication (Impl): Rule 15 [HIGH-RISK]; Conjunction (Conj): Rule 7; Negation (Neg): Rule 10","PENDING_REVIEW","PASS","PASS","Prohibition with narrow exception. Default is rejection of excluded surety bonds. Override requires agency head written justification with compelling reasons. High threshold for exception.","MEDIUM"
28,28.203-5(e),P_28_203_5_e,"An exclusion of an individual surety under this section will also preclude such party from acting as a contractor in accordance with part 9.","P_28_203_5_e: Surety exclusion also precludes acting as contractor per Part 9","Surety_Exclusion -> Preclude_Acting_As_Contractor","DEFERRED","Material Implication (Impl): Rule 15 [HIGH-RISK]","PENDING_REVIEW","PASS","PASS","Cross-preclusion: surety exclusion extends to contractor capacity. Mandatory consequence. Cross-references Part 9.","MEDIUM"
28,28.204,P_28_204,"Alternatives in lieu of corporate or individual sureties (parent aggregating (a)-(c)).","P_28_204: Alternative security requirements as specified in (a) through (c)","P_28_204_a ^ P_28_204_b ^ P_28_204_c","DEFERRED","Conjunction (Conj): Rule 7","VALIDATED","PASS","PASS","Parent aggregating three paragraphs on alternatives to sureties.","HIGH"
28,28.204(a),P_28_204_a,"Any person required to furnish a bond to the Government may furnish any of the types of security listed in 28.204-1 through 28.204-3 instead of a corporate or individual surety for the bond. When any of those types of security are deposited, a statement must be incorporated in the bond form pledging the security in lieu of execution of the bond form by corporate or individual sureties. The contractor must execute the bond forms as the principal. Agencies must establish safeguards to protect against loss of the security and must return the security or its equivalent to the contractor when the bond obligation has ceased.","P_28_204_a_1: Any person may furnish 28.204-1 through 28.204-3 security instead of surety; P_28_204_a_2: Must incorporate pledging statement in bond form; P_28_204_a_3: Contractor must execute bond forms as principal; P_28_204_a_4: Agencies must establish safeguards against loss; P_28_204_a_5: Must return security when bond obligation ceased","Bond_Required -> (Use_Alternative_Security v ~Use_Alternative_Security); Alternative_Security -> (Pledging_Statement ^ Execute_As_Principal ^ Agency_Safeguards ^ Return_When_Ceased)","DEFERRED","Material Implication (Impl): Rule 15 [HIGH-RISK]; Conjunction (Conj): Rule 7; Tautology (Taut): Rule 18","PENDING_REVIEW","PASS","PASS","Permissive alternative with four mandatory implementation requirements. Any bond obligor may use alternatives. When used: pledging statement, principal execution, agency safeguards, and return obligation all apply conjunctively. Cross-references 28.204-1 through 28.204-3.","MEDIUM"
28,28.204(b),P_28_204_b,"Upon written request by any contractor securing a performance or payment bond by any of the types of security listed in 28.204-1 through 28.204-3, the contracting officer may release a portion of the security only when the conditions allowing the partial release of security in 28.203-3(c) are met. The contractor must, as a condition of the partial release, furnish an affidavit agreeing that the release of such security does not relieve the contractor of its obligations under the bond(s).","P_28_204_b_1: CO may partially release alternative security when 28.203-3(c) conditions met; P_28_204_b_2: Contractor must furnish affidavit as condition of release","(Written_Request ^ Conditions_28_203_3_c) -> (Partial_Release v ~Partial_Release); Partial_Release -> Contractor_Affidavit","DEFERRED","Material Implication (Impl): Rule 15 [HIGH-RISK]; Conjunction (Conj): Rule 7; Tautology (Taut): Rule 18","PENDING_REVIEW","PASS","PASS","Permissive partial release conditioned on 28.203-3(c) requirements. Mandatory affidavit for any partial release. Parallel to individual surety release provisions. Cross-references 28.203-3(c).","MEDIUM"
28,28.204(c),P_28_204_c,"The contractor may satisfy a requirement for bond security by furnishing a combination of the types of security listed in 28.204-1 through 28.204-3 or a combination of bonds supported by these types of security and additional surety bonds under 28.202 or 28.203. During the period for which a bond supported by security is required, the contractor may substitute one type of security listed in 28.204-1 through 28.204-3 for another, or may substitute, in whole or combination, additional surety bonds under 28.202 or 28.203.","P_28_204_c_1: Contractor may use combination of 28.204-1 through 28.204-3 security types; P_28_204_c_2: May combine alternative security with surety bonds under 28.202 or 28.203; P_28_204_c_3: May substitute security types during bond period; P_28_204_c_4: May substitute surety bonds for alternative security","Contractor -> ((Combination_204_Types v Combination_204_Plus_Surety) v ~Use_Combination); Bond_Period -> ((Substitute_204_Types v Substitute_Surety_For_204) v ~Substitute)","DEFERRED","Material Implication (Impl): Rule 15 [HIGH-RISK]; Addition (Add): Rule 8; Tautology (Taut): Rule 18","PENDING_REVIEW","PASS","PASS","Broad permissive flexibility. Contractor may mix and match security types and may substitute during the bond period. All 'may' language indicates full discretion. Cross-references 28.204-1 through 28.204-3, 28.202, 28.203.","MEDIUM"
28,28.204-1,P_28_204_1,"Any person required to furnish a bond to the Government has the option, instead of furnishing a surety or sureties on the bond, of depositing certain United States bonds or notes in an amount equal at their par value to the penal sum of the bond (the Act of February 24, 1919 (31 U.S.C. 9303) and Treasury Department Circular No. 154 (31 CFR part 225)). In addition, a duly executed power of attorney and agreement authorizing the collection or sale of such United States bonds or notes in the event of default of the principal on the bond must accompany the deposited bonds or notes. The contracting officer may- (parent with (a)-(b)).","P_28_204_1_1: Any person may deposit US bonds/notes at par value equal to penal sum in lieu of surety; P_28_204_1_2: Power of attorney and agreement authorizing collection/sale on default must accompany deposit","Bond_Required -> (Deposit_US_Securities_At_Par v ~Deposit); Deposit -> (POA_And_Agreement_Accompany)","DEFERRED","Material Implication (Impl): Rule 15 [HIGH-RISK]; Conjunction (Conj): Rule 7; Tautology (Taut): Rule 18","PENDING_REVIEW","PASS","PASS","Permissive alternative with mandatory documentation. Statutory authority from 31 USC 9303. Par value must equal penal sum. POA and default collection/sale agreement are mandatory accompaniments. External statutory and regulatory dependencies.","MEDIUM"
28,28.204-1(a),P_28_204_1_a,"Turn securities over to the finance or other authorized agency official.","P_28_204_1_a: CO may turn deposited securities over to finance or authorized agency official","Turn_Securities_To_Finance_Official","DEFERRED","Conjunction (Conj): Rule 7","VALIDATED","PASS","PASS","First CO option for handling deposited securities. Atomic disposition option.","HIGH"
28,28.204-1(b),P_28_204_1_b,"Deposit them with the Treasurer of the United States, a Federal Reserve Bank (or branch with requisite facilities), or other depository designated for that purpose by the Secretary of the Treasury, under procedures prescribed by the agency concerned and Treasury Department Circular No. 154 (exception: The contracting officer must deposit all bonds and notes received in the District of Columbia with the Treasurer of the United States).","P_28_204_1_b_1: CO may deposit with Treasurer of US or Federal Reserve Bank or designated depository; P_28_204_1_b_2: DC exception: must deposit with Treasurer of US","(Deposit_With_Treasurer v Deposit_With_FRB v Deposit_With_Designated); DC_Receipt -> Deposit_With_Treasurer_Only","DEFERRED","Addition (Add): Rule 8; Material Implication (Impl): Rule 15 [HIGH-RISK]","PENDING_REVIEW","PASS","PASS","Three disjunctive deposit options with DC mandatory exception. Securities received in DC must go to Treasurer of US. External procedural dependency on Treasury Circular 154.","MEDIUM"
28,28.204-2,P_28_204_2,"Any person required to furnish a bond has an option to furnish a certified or cashier's check, bank draft, Post Office money order, or currency, in an amount equal to the penal sum of the bond, instead of furnishing surety or sureties on the bonds. Those furnishing checks, drafts, or money orders must draw them to the order of the appropriate Federal agency.","P_28_204_2_a: Person may furnish certified check or cashier check or bank draft or money order or currency equal to penal sum in lieu of surety; P_28_204_2_b: Checks/drafts/money orders must be drawn to order of appropriate agency","Bond_Required -> (Certified_Check v Cashier_Check v Bank_Draft v Money_Order v Currency); (Check v Draft v Money_Order) -> Drawn_To_Agency_Order","DEFERRED","Addition (Add): Rule 8; Material Implication (Impl): Rule 15 [HIGH-RISK]","PENDING_REVIEW","PASS","PASS","Five disjunctive payment instrument options. Mandatory payee requirement for non-currency instruments. Amount must equal penal sum. Straightforward alternative to sureties.","MEDIUM"
28,28.204-3,P_28_204_3,"Irrevocable letter of credit (parent aggregating (a)-(h)).","P_28_204_3: ILC requirements as specified in (a) through (h)","P_28_204_3_a ^ P_28_204_3_b ^ P_28_204_3_c ^ P_28_204_3_d ^ P_28_204_3_e ^ P_28_204_3_f ^ P_28_204_3_g ^ P_28_204_3_h","DEFERRED","Conjunction (Conj): Rule 7","VALIDATED","PASS","PASS","Parent aggregating eight paragraphs on ILC requirements. Most detailed alternative security provision.","HIGH"
28,28.204-3(a),P_28_204_3_a,"Any person required to furnish a bond has the option to furnish a bond secured by an irrevocable letter of credit (ILC) in an amount equal to the penal sum required to be secured (see 28.204). A separate ILC is required for each bond.","P_28_204_3_a_1: Person may furnish bond secured by ILC equal to penal sum; P_28_204_3_a_2: Separate ILC required for each bond","Bond_Required -> (ILC_Equal_To_Penal v ~ILC); ILC_Used -> Separate_ILC_Per_Bond","DEFERRED","Material Implication (Impl): Rule 15 [HIGH-RISK]; Conjunction (Conj): Rule 7; Tautology (Taut): Rule 18","PENDING_REVIEW","PASS","PASS","Permissive ILC option with mandatory one-to-one bond requirement. Amount must equal penal sum. Cross-references 28.204.","MEDIUM"
28,28.204-3(b),P_28_204_3_b,"The ILC must be irrevocable, require presentation of no document other than a written demand and the ILC (and letter of confirmation, if any), expire only as provided in paragraph (f) of this subsection, and be issued/confirmed by an acceptable federally insured financial institution as provided in paragraph (g) of this subsection.","P_28_204_3_b_1: ILC must be irrevocable; P_28_204_3_b_2: Must require only written demand and ILC for presentation; P_28_204_3_b_3: Must expire only per (f); P_28_204_3_b_4: Must be issued/confirmed by acceptable federally insured institution per (g)","ILC -> (Irrevocable ^ Simple_Presentation ^ Expire_Per_f ^ Acceptable_Institution_Per_g)","DEFERRED","Material Implication (Impl): Rule 15 [HIGH-RISK]; Conjunction (Conj): Rule 7","PENDING_REVIEW","PASS","PASS","Four conjunctive mandatory ILC characteristics. All must be present. Cross-references (f) for expiration and (g) for institution requirements.","MEDIUM"
28,28.204-3(c),P_28_204_3_c,"To draw on the ILC, the contracting officer must use the sight draft set forth in the clause at 52.228-14, and present it with the ILC (including letter of confirmation, if any) to the issuing financial institution or the confirming financial institution (if any).","P_28_204_3_c: To draw on ILC CO must use sight draft from 52.228-14 and present with ILC to issuing/confirming institution","Draw_On_ILC -> (Use_Sight_Draft_52_228_14 ^ Present_To_Institution)","DEFERRED","Material Implication (Impl): Rule 15 [HIGH-RISK]; Conjunction (Conj): Rule 7","PENDING_REVIEW","PASS","PASS","Mandatory procedure for ILC draw. Two conjunctive requirements: specific sight draft form AND presentation to appropriate institution. Cross-references 52.228-14.","MEDIUM"
28,28.204-3(d),P_28_204_3_d,"If the contractor does not furnish an acceptable replacement ILC, or other acceptable substitute, at least 30 days before an ILC's scheduled expiration, the contracting officer must immediately draw on the ILC.","P_28_204_3_d: If no acceptable replacement/substitute ILC 30 days before expiration then CO must immediately draw","(~Acceptable_Replacement_30_Days_Before) -> Immediately_Draw_On_ILC","DEFERRED","Material Implication (Impl): Rule 15 [HIGH-RISK]; Negation (Neg): Rule 10","PENDING_REVIEW","PASS","PASS","Mandatory protective action triggered by contractor failure to provide timely replacement. 'Must immediately' leaves no discretion. 30-day threshold is hard deadline.","MEDIUM"
28,28.204-3(e),P_28_204_3_e,"If, after the period of performance of a contract where ILCs are used to support payment bonds, there are outstanding claims against the payment bond, the contracting officer must draw on the ILC prior to the expiration date of the ILC to cover these claims.","P_28_204_3_e: If post-performance outstanding payment bond claims exist then CO must draw on ILC before expiration","(Post_Performance ^ Outstanding_Claims ^ Payment_Bond_ILC) -> Draw_Before_Expiration","DEFERRED","Material Implication (Impl): Rule 15 [HIGH-RISK]; Conjunction (Conj): Rule 7","PENDING_REVIEW","PASS","PASS","Mandatory draw to protect against claims. Three conjunctive conditions trigger the obligation. Timing requirement: before ILC expiration.","MEDIUM"
28,28.204-3(f),P_28_204_3_f,"The period for which financial security is required must be as follows: (parent with (1)-(2)).","P_28_204_3_f: ILC required financial security periods as specified in (1) and (2)","P_28_204_3_f_1 ^ P_28_204_3_f_2","DEFERRED","Conjunction (Conj): Rule 7","VALIDATED","PASS","PASS","Parent aggregating bid guarantee and performance/payment bond security periods.","HIGH"
28,28.204-3(f)(1),P_28_204_3_f_1,"If used as a bid guarantee, the ILC should expire no earlier than 60 days after the close of the bid acceptance period.","P_28_204_3_f_1: Bid guarantee ILC should expire no earlier than 60 days after bid acceptance close","Bid_Guarantee_ILC -> Expire_No_Earlier_Than_60_Days_After_Acceptance","DEFERRED","Material Implication (Impl): Rule 15 [HIGH-RISK]","PENDING_REVIEW","PASS","PASS","Advisory timing ('should' not 'must'). Minimum 60-day post-acceptance expiration. Provides buffer for award processing.","MEDIUM"
28,28.204-3(f)(2),P_28_204_3_f_2,"If used as an alternative to corporate or individual sureties as security for a performance or payment bond, the offeror/contractor may submit an ILC with an initial expiration date estimated to cover the entire period for which financial security is required or an ILC with an initial expiration date that is a minimum period of one year from the date of issuance. The ILC must provide that, unless the issuer provides the beneficiary written notice of non-renewal at least 60 days in advance of the current expiration date, the ILC is automatically extended without amendment for one year from the expiration date, or any future expiration date, until the period of required coverage is completed and the contracting officer provides the financial institution with a written statement waiving the right to payment. The period of required coverage must be: (parent for Bonds statute and other).","P_28_204_3_f_2_a: Offeror may submit ILC covering entire period or with 1-year minimum initial expiration; P_28_204_3_f_2_b: ILC must auto-extend unless 60-day non-renewal notice; P_28_204_3_f_2_c: Required coverage period per sub-paragraphs","(Perf_Payment_Bond_ILC) -> ((Full_Period_ILC v One_Year_Min_ILC) ^ Auto_Extension_Clause ^ Coverage_Per_i_ii)","DEFERRED","Material Implication (Impl): Rule 15 [HIGH-RISK]; Conjunction (Conj): Rule 7; Addition (Add): Rule 8","PENDING_REVIEW","PASS","PASS","Complex ILC structure provision. Disjunctive initial term options. Mandatory auto-extension mechanism with 60-day non-renewal notice. Required coverage periods in sub-paragraphs. Multiple mandatory elements.","LOW"
28,28.204-3(f)(2)(i),P_28_204_3_f_2_i,"For contracts subject to the Bonds statute, the later of- (parent with (A)-(C)).","P_28_204_3_f_2_i: Bonds statute contracts: coverage for latest of three periods","Bonds_Statute -> Latest_Of(P_28_204_3_f_2_i_A; P_28_204_3_f_2_i_B; P_28_204_3_f_2_i_C)","DEFERRED","Material Implication (Impl): Rule 15 [HIGH-RISK]","PENDING_REVIEW","PASS","PASS","Parallel to 28.203-3(a)(1). Three disjunctive periods with longest controlling. Bonds statute applicability trigger.","MEDIUM"
28,28.204-3(f)(2)(i)(A),P_28_204_3_f_2_i_A,"One year following the expected date of final payment.","P_28_204_3_f_2_i_A: Coverage for 1 year following expected final payment date","One_Year_After_Expected_Final_Payment","DEFERRED","Conjunction (Conj): Rule 7","VALIDATED","PASS","PASS","First coverage period option. Note 'expected date' vs 28.203-3(a)(1)(i) which says 'final payment' -- ILC coverage starts from expected date.","HIGH"
28,28.204-3(f)(2)(i)(B),P_28_204_3_f_2_i_B,"For performance bonds only, until completion of any warranty period.","P_28_204_3_f_2_i_B: Performance bonds only: coverage until warranty completion","Performance_Bond -> Until_Warranty_Completion","DEFERRED","Material Implication (Impl): Rule 15 [HIGH-RISK]","PENDING_REVIEW","PASS","PASS","Second coverage period option. Restricted to performance bonds. Parallel to 28.203-3(a)(1)(ii).","MEDIUM"
28,28.204-3(f)(2)(i)(C),P_28_204_3_f_2_i_C,"For payment bonds only, until resolution of all claims filed against the payment bond during the one-year period following final payment.","P_28_204_3_f_2_i_C: Payment bonds only: coverage until all claims resolved from 1-year post-final-payment period","Payment_Bond -> Until_All_Claims_Resolved","DEFERRED","Material Implication (Impl): Rule 15 [HIGH-RISK]","PENDING_REVIEW","PASS","PASS","Third coverage period option. Restricted to payment bonds. Open-ended until all claims resolved. Parallel to 28.203-3(a)(1)(iii).","MEDIUM"
28,28.204-3(f)(2)(ii),P_28_204_3_f_2_ii,"For contracts not subject to the Bonds statute, the later of- (parent with (A)-(B)).","P_28_204_3_f_2_ii: Non-Bonds statute contracts: coverage for latest of two periods","~Bonds_Statute -> Latest_Of(P_28_204_3_f_2_ii_A; P_28_204_3_f_2_ii_B)","DEFERRED","Material Implication (Impl): Rule 15 [HIGH-RISK]; Negation (Neg): Rule 10","PENDING_REVIEW","PASS","PASS","Parallel to 28.203-3(a)(3). Two disjunctive periods with longest controlling. Shorter requirements than Bonds statute contracts.","MEDIUM"
28,28.204-3(f)(2)(ii)(A),P_28_204_3_f_2_ii_A,"90 days following final payment.","P_28_204_3_f_2_ii_A: Coverage for 90 days following final payment","Ninety_Days_After_Final_Payment","DEFERRED","Conjunction (Conj): Rule 7","VALIDATED","PASS","PASS","First non-Bonds statute coverage period. Shorter than the 1-year Bonds statute equivalent.","HIGH"
28,28.204-3(f)(2)(ii)(B),P_28_204_3_f_2_ii_B,"For performance bonds only, until completion of any warranty period.","P_28_204_3_f_2_ii_B: Performance bonds only: coverage until warranty completion","Performance_Bond -> Until_Warranty_Completion","DEFERRED","Material Implication (Impl): Rule 15 [HIGH-RISK]","PENDING_REVIEW","PASS","PASS","Second non-Bonds statute coverage period. Performance bonds only. Identical concept to Bonds statute equivalent at (i)(B).","MEDIUM"
28,28.204-3(g),P_28_204_3_g,"Only federally insured financial institutions rated investment grade must issue or confirm the ILC. Unless the financial institution issuing the ILC had letter of credit business of at least $25 million in the past year, ILCs over $5 million must be confirmed by another acceptable financial institution that had letter of credit business of at least $25 million in the past year. (Parent with (1)-(3)).","P_28_204_3_g_1: Only federally insured investment-grade institutions may issue/confirm ILC; P_28_204_3_g_2: ILCs >$5M require confirmation by institution with >=$25M LC business unless issuer also meets threshold","(Issue_ILC v Confirm_ILC) -> (Federally_Insured ^ Investment_Grade); (ILC_GT_5M ^ Issuer_LC_Business_LT_25M) -> Require_Confirmation_By_25M_Institution","DEFERRED","Material Implication (Impl): Rule 15 [HIGH-RISK]; Conjunction (Conj): Rule 7","PENDING_REVIEW","PASS","PASS","Two-tier institutional requirement. Base: federal insurance and investment grade. Enhanced: confirmation requirement for large ILCs from smaller institutions. $25M LC business threshold creates tiered access. Cross-references (1)-(3) for verification procedures.","MEDIUM"
28,28.204-3(g)(1),P_28_204_3_g_1,"The offeror/contractor is required by paragraph (d) of the clause at 52.228-14, Irrevocable Letter of Credit, to provide the contracting officer a credit rating from a recognized commercial rating service that indicates the financial institution has the required rating(s) as of the date of issuance of the ILC.","P_28_204_3_g_1: Offeror must provide credit rating per 52.228-14(d) showing institution meets rating requirement at ILC issuance","ILC_Submitted -> Provide_Credit_Rating_Per_52_228_14_d","DEFERRED","Material Implication (Impl): Rule 15 [HIGH-RISK]","PENDING_REVIEW","PASS","PASS","Mandatory documentation requirement. Rating must be current as of ILC issuance date. Cross-references 52.228-14(d).","MEDIUM"
28,28.204-3(g)(2),P_28_204_3_g_2,"To support the credit rating of the financial institution(s) issuing or confirming the ILC, the contracting officer must verify the following information: (parent with (i)-(ii)).","P_28_204_3_g_2: CO must verify federal insurance and credit rating for ILC institutions","ILC_Submitted -> CO_Verify_Per_i_ii","DEFERRED","Material Implication (Impl): Rule 15 [HIGH-RISK]","PENDING_REVIEW","PASS","PASS","Mandatory CO verification obligation. Two sub-elements must be verified conjunctively.","MEDIUM"
28,28.204-3(g)(2)(i),P_28_204_3_g_2_i,"Federal insurance: Each financial institution is federally insured. Verification of federal insurance is available through the Federal Deposit Insurance Corporation (FDIC) institution directory at the website http://www2.fdic.gov/idasp/index.asp.","P_28_204_3_g_2_i: CO must verify each institution is federally insured via FDIC directory","Verify_Federal_Insurance_Via_FDIC","DEFERRED","Conjunction (Conj): Rule 7","VALIDATED","PASS","PASS","First verification item. FDIC directory is the prescribed verification source. External dependency on FDIC.","HIGH"
28,28.204-3(g)(2)(ii),P_28_204_3_g_2_ii,"Current credit rating. The current credit rating for each financial institution is investment grade and that the credit rating is from a Nationally Recognized Statistical Rating Organization (NRSRO). NRSROs can be located at the website http://www.sec.gov/answers/nrsro.htm maintained by the SEC.","P_28_204_3_g_2_ii: CO must verify current investment-grade rating from NRSRO","Verify_Investment_Grade_From_NRSRO","DEFERRED","Conjunction (Conj): Rule 7","VALIDATED","PASS","PASS","Second verification item. Investment grade from NRSRO required. SEC website for NRSRO identification. External dependency on SEC/NRSROs.","HIGH"
28,28.204-3(g)(3),P_28_204_3_g_3,"The rating services listed in the website http://www.sec.gov/answers/nrsro.htm use different rating scales (e.g., AAA, AA, A, BBB, BB, B, CCC, CC, C, and D; or Aaa, Aa, A, Baa, Ba, B, Caa, Ca, and C) to provide evaluations of institutional credit risk; however, all such systems specify the range of investment grade ratings (e.g., BBB-AAA or Baa-Aaa in the examples in this section) and permit evaluation of the relative risk associated with a specific institution. If the contracting officer learns that a financial institution's rating has dropped below investment grade level, the contracting officer must give the contractor 30 days to substitute an acceptable ILC or must draw on the ILC using the sight draft in paragraph (g) of the clause at 52.228-14.","P_28_204_3_g_3_a: Rating agencies use different scales but all specify investment grade range; P_28_204_3_g_3_b: If institution rating drops below investment grade CO must give 30 days to substitute or draw on ILC","Rating_Drops_Below_Investment_Grade -> (Give_30_Days_To_Substitute v Draw_On_ILC)","DEFERRED","Material Implication (Impl): Rule 15 [HIGH-RISK]; Addition (Add): Rule 8","PENDING_REVIEW","PASS","PASS","Informational context on rating scales plus mandatory reactive action. Rating downgrade triggers disjunctive CO obligation: either allow 30-day substitution OR draw immediately. Not permissive; CO must take one action. Cross-references 52.228-14(g).","MEDIUM"
28,28.204-3(h),P_28_204_3_h,"A copy of the Uniform Customs and Practice for Documentary Credits, 2007 Edition, International Chamber of Commerce Publication No. 600, is available from: ICC Books USA, 1212 Avenue of the Americas, 21st Floor, New York, NY 10036.","P_28_204_3_h: UCP 600 (ICC Publication No. 600) available from ICC Books USA","UCP_600_Available_From_ICC","DEFERRED","Conjunction (Conj): Rule 7","VALIDATED","PASS","PASS","Informational provision. No regulatory obligation. Reference document availability for ILC practices.","HIGH"
28,28.204-4,P_28_204_4,"Insert the clause at 52.228-14, Irrevocable Letter of Credit, in solicitations and contracts for services, supplies, or construction, when a bid guarantee, or performance bonds, or performance and payment bonds are required.","P_28_204_4: Insert 52.228-14 when bid guarantee or performance bonds or performance and payment bonds required for any contract type","(Bid_Guarantee_Required v Performance_Bond_Required v Performance_Payment_Bonds_Required) -> Insert_52_228_14","DEFERRED","Material Implication (Impl): Rule 15 [HIGH-RISK]; Addition (Add): Rule 8","PENDING_REVIEW","PASS","PASS","Mandatory clause insertion with disjunctive trigger. Any bond/guarantee requirement triggers the ILC clause. Applies to services, supplies, and construction. Cross-references 52.228-14.","MEDIUM"
28,28.301,P_28_301,"Policy (parent aggregating (a)-(c)).","P_28_301: Insurance policy requirements as specified in (a) through (c)","P_28_301_a ^ P_28_301_b ^ P_28_301_c","DEFERRED","Conjunction (Conj): Rule 7","VALIDATED","PASS","PASS","Parent aggregating three paragraphs on insurance policy.","HIGH"
28,28.301(a),P_28_301_a,"Contractors must carry insurance under the following conditions in accordance with law and agency regulations (see CAS 416 at 48 CFR 9904.416 for additional requirements): (parent with (1)-(3)).","P_28_301_a: Contractor insurance requirements per law, agency regulations, and CAS 416","Contractor -> Carry_Insurance_Per_Law_Regs_CAS416 ^ (P_28_301_a_1 ^ P_28_301_a_2 ^ P_28_301_a_3)","DEFERRED","Material Implication (Impl): Rule 15 [HIGH-RISK]; Conjunction (Conj): Rule 7","PENDING_REVIEW","PASS","PASS","Parent mandate. External dependencies on CAS 416 (48 CFR 9904.416) and agency regulations. Three sub-conditions aggregated conjunctively.","MEDIUM"
28,28.301(a)(1),P_28_301_a_1,"The Government requires the contractor to provide insurance. Reasons for requiring insurance include, but are not limited to, the following: (parent with (i)-(ii) as exceptions).","P_28_301_a_1: Government requires contractor insurance except in listed circumstances","Government_Requires_Insurance ^ ~(P_28_301_a_1_i v P_28_301_a_1_ii)","DEFERRED","Conjunction (Conj): Rule 7; Negation (Neg): Rule 10; Addition (Add): Rule 8","PENDING_REVIEW","PASS","PASS","General insurance requirement with two exceptions. The sub-paragraphs (i) and (ii) are situations where insurance is NOT required, forming disjunctive exceptions.","MEDIUM"
28,28.301(a)(1)(i),P_28_301_a_1_i,"It is not in the Government's interest to require the contractor to carry insurance and the Government agrees to indemnify the contractor against certain liabilities.","P_28_301_a_1_i: Exception when Government agrees to indemnify contractor and insurance not in Government interest","~Gov_Interest_To_Require ^ Gov_Agrees_To_Indemnify","DEFERRED","Conjunction (Conj): Rule 7; Negation (Neg): Rule 10","VALIDATED","PASS","PASS","First exception. Both conditions must hold conjunctively: not in Government interest AND Government agrees to indemnify.","HIGH"
28,28.301(a)(1)(ii),P_28_301_a_1_ii,"The contract, together with the Government's property policy, provides adequate protection to the Government's interest and a clause prescribed pursuant to the requirements of 28.303 is included in the contract.","P_28_301_a_1_ii: Exception when contract plus Government property policy provides adequate protection and 28.303 clause included","(Contract_Plus_Policy_Adequate ^ Clause_Per_28_303_Included)","DEFERRED","Conjunction (Conj): Rule 7","VALIDATED","PASS","PASS","Second exception. Two conjunctive conditions: adequate protection AND required clause inclusion. Cross-references 28.303.","HIGH"
28,28.301(a)(2),P_28_301_a_2,"The Government reserves the right to disapprove the purchase of any insurance coverage not in the Government's interest.","P_28_301_a_2: Government reserves right to disapprove insurance not in its interest","Gov_Reserve_Right_Disapprove_Insurance","DEFERRED","Conjunction (Conj): Rule 7","VALIDATED","PASS","PASS","Declarative reservation of rights. Atomic proposition. Unilateral Government authority.","HIGH"
28,28.301(a)(3),P_28_301_a_3,"The allowability of the cost of insurance is determined in accordance with 31.205-19.","P_28_301_a_3: Insurance cost allowability determined per 31.205-19","Insurance_Cost_Allowability -> Per_31_205_19","DEFERRED","Material Implication (Impl): Rule 15 [HIGH-RISK]","PENDING_REVIEW","PASS","PASS","Cross-reference to cost principle. External dependency on FAR 31.205-19 for insurance cost allowability determinations.","MEDIUM"
28,28.301(b),P_28_301_b,"Contractors carrying insurance required by law, regulation, or contract must provide insurance of the types and in the minimum amounts required. These minimum amounts may be reduced when a contract is to be performed in a foreign country. Agencies may prescribe procedures for negotiating insurance requirements that provide broader coverage at lower rates on a fleet or comprehensive basis.","P_28_301_b_1: Contractors must provide required insurance types in minimum amounts; P_28_301_b_2: Minimum amounts may be reduced for foreign country performance; P_28_301_b_3: Agencies may prescribe procedures for fleet/comprehensive coverage negotiation","Insurance_Required -> (Required_Types ^ Minimum_Amounts); Foreign_Country -> (Reduce_Minimums v ~Reduce_Minimums); Agency -> (Prescribe_Fleet_Procedures v ~Prescribe_Fleet_Procedures)","DEFERRED","Material Implication (Impl): Rule 15 [HIGH-RISK]; Conjunction (Conj): Rule 7; Tautology (Taut): Rule 18","PENDING_REVIEW","PASS","PASS","Three-part provision: mandatory compliance, permissive foreign country reduction, and permissive agency fleet procedures.","MEDIUM"
28,28.301(c),P_28_301_c,"Contracts for nonpersonal health care service contracts can specify that contractors providing medical services are required to have medical liability insurance.","P_28_301_c: Nonpersonal health care service contracts may require medical liability insurance","Nonpersonal_Health_Care_Contract -> (Require_Med_Liability v ~Require_Med_Liability)","DEFERRED","Material Implication (Impl): Rule 15 [HIGH-RISK]; Tautology (Taut): Rule 18","PENDING_REVIEW","PASS","PASS","Permissive authority to require medical liability insurance for nonpersonal health care services. 'Can specify' indicates discretion.","MEDIUM"
28,28.302,P_28_302,"All types of insurance required by the contract must provide for notification to the Government when the policy or policies are substantially changed, canceled, or allowed to expire. When the coverage is provided by self-insurance, the contractor must not change or decrease the coverage without the administrative contracting officer's prior approval (see 28.308).","P_28_302_a: Required insurance must notify Government of substantial change/cancellation/expiration; P_28_302_b: Self-insurance changes require ACO prior approval","Required_Insurance -> Government_Notification_Of_Changes; Self_Insurance -> (~Change_Without_ACO_Approval)","DEFERRED","Material Implication (Impl): Rule 15 [HIGH-RISK]; Negation (Neg): Rule 10","PENDING_REVIEW","PASS","PASS","Two mandatory requirements. First: notification obligation for all insurance types. Second: prior approval requirement specifically for self-insurance changes. Cross-references 28.308.","MEDIUM"
28,28.303,P_28_303,"The Government may require a contractor to obtain insurance against loss of or damage to Government property in the contractor's possession or control, by inserting in the contract the clause at 52.228-8, Liability and Insurance - Leased Motor Vehicles. The circumstances under which such insurance may be required include, but are not limited to, situations in which a nongovernmental source is required because (a) the Government's self-insurance against the perils to which the property will be exposed is inappropriate, and (b) the circumstances are such that the risk should not be retained by the Government.","P_28_303_a: Government may require insurance against loss/damage to Government property; P_28_303_b: Required when Government self-insurance inappropriate and risk should not be retained","(Gov_Self_Insurance_Inappropriate ^ Risk_Not_Retained) -> (Require_Property_Insurance v ~Require_Property_Insurance)","DEFERRED","Material Implication (Impl): Rule 15 [HIGH-RISK]; Conjunction (Conj): Rule 7; Tautology (Taut): Rule 18","PENDING_REVIEW","PASS","PASS","Permissive authority with illustrative conditions. Two conjunctive conditions describe when requirement is appropriate but are not exhaustive. Cross-references 52.228-8.","MEDIUM"
28,28.304,P_28_304,"Agency heads may establish risk-pooling arrangements. These arrangements are designed to use the services of the insurance industry for administration of the program and are intended to result in lower insurance costs for Government contract work.","P_28_304: Agency heads may establish risk-pooling arrangements using insurance industry services for lower costs","Agency_Head -> (Establish_Risk_Pooling v ~Establish_Risk_Pooling)","DEFERRED","Material Implication (Impl): Rule 15 [HIGH-RISK]; Tautology (Taut): Rule 18","PENDING_REVIEW","PASS","PASS","Permissive authority at agency head level. Policy rationale is lower costs. No mandatory requirements.","MEDIUM"
28,28.305,P_28_305,"Overseas workers' compensation and war-hazard insurance (parent aggregating (a)-(e)).","P_28_305: Overseas workers comp and war-hazard insurance as specified in (a) through (e)","P_28_305_a ^ P_28_305_b ^ P_28_305_c ^ P_28_305_d ^ P_28_305_e","DEFERRED","Conjunction (Conj): Rule 7","VALIDATED","PASS","PASS","Parent aggregating five paragraphs on overseas insurance requirements.","HIGH"
28,28.305(a),P_28_305_a,"As used in this section, public-work contract means any contract for the construction, alteration, or repair, including painting or decorating, of public buildings or public works, and which requires or involves the employment of mechanics or laborers.","P_28_305_a: Public-work contract defined as construction/alteration/repair of public buildings/works requiring mechanics or laborers","(Construction v Alteration v Repair) ^ Public_Buildings_Or_Works ^ Requires_Mechanics_Or_Laborers -> Public_Work_Contract","DEFERRED","Material Implication (Impl): Rule 15 [HIGH-RISK]; Addition (Add): Rule 8; Conjunction (Conj): Rule 7","PENDING_REVIEW","PASS","PASS","Definitional proposition. Disjunctive work types (construction OR alteration OR repair) combined conjunctively with public buildings/works scope and labor requirement.","MEDIUM"
28,28.305(b),P_28_305_b,"The Defense Base Act (42 U.S.C. 1651, et seq.) extends the Longshore and Harbor Workers' Compensation Act (33 U.S.C. 901) to various classes of employees working outside the United States, including those engaged in- (parent with (1)-(2)).","P_28_305_b: DBA extends LHWCA to employees working outside US in specified categories","DBA_Extends_LHWCA_Overseas ^ (P_28_305_b_1 v P_28_305_b_2)","DEFERRED","Conjunction (Conj): Rule 7; Addition (Add): Rule 8","PENDING_REVIEW","PASS","PASS","Statutory framework provision. DBA is the extending statute; LHWCA is the underlying coverage. Two disjunctive categories of covered employment. External statutory dependencies on 42 USC 1651 and 33 USC 901.","MEDIUM"
28,28.305(b)(1),P_28_305_b_1,"Public-work contracts with the Government.","P_28_305_b_1: DBA covers employees on public-work contracts with Government","Public_Work_Contract_With_Gov -> DBA_Coverage","DEFERRED","Material Implication (Impl): Rule 15 [HIGH-RISK]","PENDING_REVIEW","PASS","PASS","First DBA coverage category. Public-work contract as defined in (a).","MEDIUM"
28,28.305(b)(2),P_28_305_b_2,"Contracts approved or financed under the Foreign Assistance Act of 1961, other than- (parent with (i)-(ii) as exclusions).","P_28_305_b_2: DBA covers Foreign Assistance Act contracts except listed exclusions","Foreign_Assistance_Contract ^ ~(P_28_305_b_2_i v P_28_305_b_2_ii) -> DBA_Coverage","DEFERRED","Material Implication (Impl): Rule 15 [HIGH-RISK]; Conjunction (Conj): Rule 7; Negation (Neg): Rule 10; Addition (Add): Rule 8","PENDING_REVIEW","PASS","PASS","Second DBA coverage category with disjunctive exclusions. Foreign Assistance Act contracts covered unless one of two exclusions applies.","MEDIUM"
28,28.305(b)(2)(i),P_28_305_b_2_i,"Contracts approved or financed by the Development Loan Fund (unless the party to whom the loan is made specifically applies, with the approval of the Secretary of Labor, for DBA coverage).","P_28_305_b_2_i: Development Loan Fund contracts excluded unless borrower applies for DBA coverage with Secretary of Labor approval","Development_Loan_Fund ^ ~(Borrower_Applies ^ SecLabor_Approves) -> Excluded_From_DBA","DEFERRED","Material Implication (Impl): Rule 15 [HIGH-RISK]; Conjunction (Conj): Rule 7; Negation (Neg): Rule 10","PENDING_REVIEW","PASS","PASS","First exclusion with re-inclusion mechanism. Default is excluded. Re-included only if borrower applies AND Secretary of Labor approves. Conjunctive re-inclusion conditions.","MEDIUM"
28,28.305(b)(2)(ii),P_28_305_b_2_ii,"Contracts exclusively for materials or supplies.","P_28_305_b_2_ii: Contracts exclusively for materials or supplies excluded from DBA","Exclusively_Materials_Or_Supplies -> Excluded_From_DBA","DEFERRED","Material Implication (Impl): Rule 15 [HIGH-RISK]","PENDING_REVIEW","PASS","PASS","Second exclusion. 'Exclusively' is key qualifier; mixed contracts would not qualify for exclusion.","MEDIUM"
28,28.305(c),P_28_305_c,"When the Defense Base Act applies, the contractor is required to provide the workers' compensation and war-hazard insurance benefits prescribed by the Act. When the Defense Base Act applies, the War Hazards Compensation Act (42 U.S.C. 1701, et seq.) automatically extends protection on a reciprocal basis.","P_28_305_c_1: When DBA applies contractor must provide prescribed workers comp and war-hazard benefits; P_28_305_c_2: When DBA applies WHCA automatically extends reciprocal protection","DBA_Applies -> (Contractor_Provide_Benefits ^ WHCA_Automatic_Extension)","DEFERRED","Material Implication (Impl): Rule 15 [HIGH-RISK]; Conjunction (Conj): Rule 7","PENDING_REVIEW","PASS","PASS","DBA applicability triggers two conjunctive consequences: mandatory contractor benefits AND automatic WHCA extension. External statutory dependency on 42 USC 1701.","MEDIUM"
28,28.305(d),P_28_305_d,"The Secretary of Labor may waive the applicability of the Defense Base Act to any contract, subcontract, work location, or classification of employees.","P_28_305_d: Secretary of Labor may waive DBA applicability to contracts/subcontracts/locations/employee classifications","SecLabor -> (Waive_DBA v ~Waive_DBA)","DEFERRED","Material Implication (Impl): Rule 15 [HIGH-RISK]; Tautology (Taut): Rule 18","PENDING_REVIEW","PASS","PASS","Permissive waiver authority at Secretary of Labor level. Broad scope: can waive for specific contracts, locations, or employee classes.","MEDIUM"
28,28.305(e),P_28_305_e,"If the Defense Base Act is waived, the War Hazards Compensation Act is automatically waived. If the contractor provides the workers' compensation coverage, the contractor may have a liability not covered by the Defense Base Act insurance. The contractor may have statutory liability under the laws of the country in which the work is being performed; under the Longshore and Harbor Workers' Compensation Act, as extended by the Defense Base Act, or under State workers' compensation laws. In addition, the contractor or the Government may have liability for civil damages under the laws of a country in which the work is being performed.","P_28_305_e_1: DBA waiver automatically waives WHCA; P_28_305_e_2: Contractor may have uncovered liability under various laws; P_28_305_e_3: Contractor must provide coverage and assume liability","DBA_Waived -> WHCA_Waived; DBA_Waived -> (Contractor_Assume_Liability ^ Provide_Coverage)","DEFERRED","Material Implication (Impl): Rule 15 [HIGH-RISK]; Conjunction (Conj): Rule 7","PENDING_REVIEW","PASS","PASS","Automatic WHCA waiver follows DBA waiver. Multiple potential liability sources identified. Contractor bears residual liability risk. Complex interaction of domestic and foreign law.","MEDIUM"
28,28.306,P_28_306,"Insurance under fixed-price contracts (parent aggregating (a)-(b)).","P_28_306: Fixed-price contract insurance as specified in (a) and (b)","P_28_306_a ^ P_28_306_b","DEFERRED","Conjunction (Conj): Rule 7","VALIDATED","PASS","PASS","Parent aggregating general policy and Government installation requirements.","HIGH"
28,28.306(a),P_28_306_a,"Except when the Government's interest would not be served, or when the clause at 52.228-5 is used as specified in 28.310(a), fixed-price contractors and subcontractors are ordinarily responsible for obtaining insurance to cover losses to which they may be exposed in performing the contract. The Government is not ordinarily concerned with the contractor's insurance coverage except for certain conditions: (parent with (1)-(4)).","P_28_306_a: Fixed-price contractors ordinarily responsible for own insurance; Government generally unconcerned except in four special circumstances","Fixed_Price_Contract -> Contractor_Responsible_For_Insurance; Government_Concerned_When -> (P_28_306_a_1 v P_28_306_a_2 v P_28_306_a_3 v P_28_306_a_4)","DEFERRED","Material Implication (Impl): Rule 15 [HIGH-RISK]; Addition (Add): Rule 8","PENDING_REVIEW","PASS","PASS","Default rule for fixed-price with disjunctive exceptions. Government normally not involved. Four circumstances trigger Government interest.","MEDIUM"
28,28.306(a)(1),P_28_306_a_1,"The contractor is, or has a separate operation, engaged principally in Government work.","P_28_306_a_1: Contractor principally engaged in Government work","Principally_Gov_Work","DEFERRED","Conjunction (Conj): Rule 7","VALIDATED","PASS","PASS","First Government-concern circumstance. Atomic condition.","HIGH"
28,28.306(a)(2),P_28_306_a_2,"Government property is involved.","P_28_306_a_2: Government property involved in contract performance","Gov_Property_Involved","DEFERRED","Conjunction (Conj): Rule 7","VALIDATED","PASS","PASS","Second Government-concern circumstance. Atomic condition.","HIGH"
28,28.306(a)(3),P_28_306_a_3,"The work is performed on a Government installation.","P_28_306_a_3: Work performed on Government installation","Work_On_Gov_Installation","DEFERRED","Conjunction (Conj): Rule 7","VALIDATED","PASS","PASS","Third Government-concern circumstance. Atomic condition. Key trigger for 28.310 clause requirement.","HIGH"
28,28.306(a)(4),P_28_306_a_4,"The Government elects to assume certain risks.","P_28_306_a_4: Government elects to assume certain risks","Gov_Elects_Assume_Risks","DEFERRED","Conjunction (Conj): Rule 7","VALIDATED","PASS","PASS","Fourth Government-concern circumstance. Atomic condition. Discretionary Government election.","HIGH"
28,28.306(b),P_28_306_b,"Work on a Government installation (parent with (1)-(2)).","P_28_306_b: Insurance requirements for work on Government installation as specified in (1) and (2)","P_28_306_b_1 ^ P_28_306_b_2","DEFERRED","Conjunction (Conj): Rule 7","VALIDATED","PASS","PASS","Parent aggregating two scenarios based on 52.228-5 applicability.","HIGH"
28,28.306(b)(1),P_28_306_b_1,"When the clause at 52.228-5 is required by 28.310, the minimum insurance requirements must be those set forth in 28.307-2.","P_28_306_b_1: When 52.228-5 required per 28.310 then minimum insurance per 28.307-2","Clause_52_228_5_Required -> Minimum_Insurance_Per_28_307_2","DEFERRED","Material Implication (Impl): Rule 15 [HIGH-RISK]","PENDING_REVIEW","PASS","PASS","Conditional linkage: 52.228-5 requirement triggers 28.307-2 minimums. Cross-references 28.310 and 28.307-2.","MEDIUM"
28,28.306(b)(2),P_28_306_b_2,"When the clause at 52.228-5 is not required by 28.310, but is included in the contract, the insurance types and minimum amounts included in the clause may be omitted or the minimum amounts may be lowered.","P_28_306_b_2: When 52.228-5 not required but included then types may be omitted or minimums lowered","(~Required_52_228_5 ^ Included_52_228_5) -> (Omit_Types v Lower_Minimums v ~Change)","DEFERRED","Material Implication (Impl): Rule 15 [HIGH-RISK]; Conjunction (Conj): Rule 7; Negation (Neg): Rule 10; Tautology (Taut): Rule 18; Addition (Add): Rule 8","PENDING_REVIEW","PASS","PASS","Permissive relaxation when clause is voluntary. CO may omit insurance types or lower minimums. Flexibility for non-mandatory inclusion.","MEDIUM"
28,28.307,P_28_307,"Insurance under cost-reimbursement contracts.","P_28_307: Insurance requirements for cost-reimbursement contracts","Cost_Reimbursement -> Insurance_Per_28_307","DEFERRED","Material Implication (Impl): Rule 15 [HIGH-RISK]","PENDING_REVIEW","PASS","PASS","Section header establishing cost-reimbursement insurance context. Parent for 28.307-1 and 28.307-2.","MEDIUM"
28,28.307-1,P_28_307_1,"Group insurance plans (parent aggregating (a)-(b)).","P_28_307_1: Group insurance plan requirements as specified in (a) and (b)","P_28_307_1_a ^ P_28_307_1_b","DEFERRED","Conjunction (Conj): Rule 7","VALIDATED","PASS","PASS","Parent aggregating two group insurance requirements.","HIGH"
28,28.307-1(a),P_28_307_1_a,"When the Government requires a contractor to buy insurance under a group insurance plan, the contracting officer must obtain the prior approval of the contracting officer before buying insurance under a group plan. Any change in benefits provided under an approved plan requires similar prior approval.","P_28_307_1_a: Prior approval required before buying insurance under group plan; benefit changes also require approval","Group_Plan_Purchase -> Prior_CO_Approval; Benefit_Change -> Prior_CO_Approval","DEFERRED","Material Implication (Impl): Rule 15 [HIGH-RISK]","PENDING_REVIEW","PASS","PASS","Two mandatory approval requirements. Both initial purchase and subsequent benefit changes require prior CO approval. Gate-keeping mechanism for Government cost control.","MEDIUM"
28,28.307-1(b),P_28_307_1_b,"Any plan for which the Government incurs a portion of the premium cost must provide for the Government to share in any refund or credits arising out of the plan's experience, in a proportion equal to the Government's share of the premium cost.","P_28_307_1_b: When Government shares premium cost it must share proportionally in refunds/credits","Gov_Shares_Premium -> Gov_Shares_Refunds_Proportionally","DEFERRED","Material Implication (Impl): Rule 15 [HIGH-RISK]","PENDING_REVIEW","PASS","PASS","Mandatory proportional sharing. Government's refund share equals its premium share. Prevents contractor windfall from Government-funded premiums.","MEDIUM"
28,28.307-2,P_28_307_2,"Liability (parent aggregating (a)-(e)).","P_28_307_2: Liability insurance requirements as specified in (a) through (e)","P_28_307_2_a ^ P_28_307_2_b ^ P_28_307_2_c ^ P_28_307_2_d ^ P_28_307_2_e","DEFERRED","Conjunction (Conj): Rule 7","VALIDATED","PASS","PASS","Parent aggregating five categories of liability insurance.","HIGH"
28,28.307-2(a),P_28_307_2_a,"Workers' compensation and employer's liability. Contractors are required to comply with applicable Federal and State workers' compensation and occupational disease statutes. If occupational diseases are not compensable under those statutes, they must be covered under the employer's liability section of the insurance policy, except when contract operations are so commingled with a contractor's commercial operations that it would not be practical to require this coverage. Employer's liability coverage of at least $100,000 must be required, except in States with exclusive or monopolistic funds that do not permit workers' compensation to be written by private carriers.","P_28_307_2_a_1: Contractor must comply with Federal/State workers comp statutes; P_28_307_2_a_2: Occupational diseases not covered by statute must be covered under employer liability except when commingled; P_28_307_2_a_3: Employer liability minimum $100K except in exclusive/monopolistic fund States","Contractor -> Comply_Workers_Comp_Statutes; (~Statutory_OD_Coverage ^ ~Commingled) -> Employer_Liability_OD_Coverage; (~Exclusive_Fund_State) -> Employer_Liability_GTE_100K","DEFERRED","Material Implication (Impl): Rule 15 [HIGH-RISK]; Conjunction (Conj): Rule 7; Negation (Neg): Rule 10","PENDING_REVIEW","PASS","PASS","Three-layer requirement. Base: statutory compliance. Middle: occupational disease gap-fill except commingled operations. Top: $100K minimum except exclusive fund States. Multiple exceptions create complex conditional structure.","LOW"
28,28.307-2(b),P_28_307_2_b,"General liability (parent with (1)-(2)).","P_28_307_2_b: General liability insurance as specified in (1) and (2)","P_28_307_2_b_1 ^ P_28_307_2_b_2","DEFERRED","Conjunction (Conj): Rule 7","VALIDATED","PASS","PASS","Parent aggregating bodily injury and property damage general liability.","HIGH"
28,28.307-2(b)(1),P_28_307_2_b_1,"Bodily injury liability insurance coverage written on the comprehensive form of policy of at least $500,000 per occurrence.","P_28_307_2_b_1: Bodily injury liability at least $500K per occurrence on comprehensive form","Bodily_Injury_Liability_GTE_500K_Per_Occurrence ^ Comprehensive_Form","DEFERRED","Conjunction (Conj): Rule 7","VALIDATED","PASS","PASS","Mandatory minimum: $500K per occurrence. Must be comprehensive form policy. Two conjunctive requirements.","HIGH"
28,28.307-2(b)(2),P_28_307_2_b_2,"Property damage liability insurance must be required only in special circumstances as determined by the agency.","P_28_307_2_b_2: Property damage liability required only in special circumstances per agency determination","Agency_Special_Circumstances -> (Require_Property_Damage v ~Require_Property_Damage)","DEFERRED","Material Implication (Impl): Rule 15 [HIGH-RISK]; Tautology (Taut): Rule 18","PENDING_REVIEW","PASS","PASS","Permissive/conditional requirement. Not standard; only when agency determines special circumstances exist. Discretionary.","MEDIUM"
28,28.307-2(c),P_28_307_2_c,"Automobile liability. The contracting officer must require automobile liability insurance written on the comprehensive form of policy. The policy must provide for bodily injury and property damage liability covering the operation of all automobiles used in connection with performing the contract. Policies must provide coverage of at least $200,000 per person and $500,000 per occurrence for bodily injury and $20,000 per occurrence for property damage.","P_28_307_2_c_1: CO must require comprehensive auto liability insurance; P_28_307_2_c_2: Must cover all automobiles used in contract performance; P_28_307_2_c_3: Minimums: $200K/$500K bodily injury and $20K property damage","Auto_Liability -> (Comprehensive_Form ^ Cover_All_Autos ^ BI_200K_Per_Person ^ BI_500K_Per_Occurrence ^ PD_20K_Per_Occurrence)","DEFERRED","Material Implication (Impl): Rule 15 [HIGH-RISK]; Conjunction (Conj): Rule 7","PENDING_REVIEW","PASS","PASS","Five conjunctive mandatory requirements for auto liability. Comprehensive form, full auto coverage, and three specific dollar minimums.","MEDIUM"
28,28.307-2(d),P_28_307_2_d,"Aircraft public and passenger liability. When contract operations involve use of aircraft, the contracting officer must require aircraft public and passenger liability insurance. Coverage must be at least $200,000 per person and $500,000 per occurrence for bodily injury, other than passenger liability, and $200,000 per occurrence for property damage. Coverage for passenger liability bodily injury must be at least $200,000 multiplied by the number of seats or passengers, whichever is greater.","P_28_307_2_d_1: When aircraft used CO must require aircraft public and passenger liability; P_28_307_2_d_2: $200K/$500K bodily injury and $200K property damage; P_28_307_2_d_3: Passenger liability at least $200K per seat/passenger whichever greater","Aircraft_Used -> (Require_Aircraft_Liability ^ BI_200K_Person ^ BI_500K_Occurrence ^ PD_200K ^ Passenger_200K_Per_Seat_Or_Passenger)","DEFERRED","Material Implication (Impl): Rule 15 [HIGH-RISK]; Conjunction (Conj): Rule 7","PENDING_REVIEW","PASS","PASS","Conditional on aircraft use. Five conjunctive requirements including passenger liability formula based on seats or passengers (whichever greater).","MEDIUM"
28,28.307-2(e),P_28_307_2_e,"Vessel liability. When contract operations involve use of vessels, the contracting officer must require, as determined by the agency, parsing collision liability and protection and indemnity liability insurance.","P_28_307_2_e: When vessels used CO must require collision and P&I liability insurance as determined by agency","Vessels_Used -> (Require_Collision_Liability ^ Require_PI_Liability)","DEFERRED","Material Implication (Impl): Rule 15 [HIGH-RISK]; Conjunction (Conj): Rule 7","PENDING_REVIEW","PASS","PASS","Conditional on vessel use. Two conjunctive insurance types required. Amounts left to agency determination unlike auto and aircraft which have specified minimums.","MEDIUM"
28,28.308,P_28_308,"Self-insurance (parent aggregating (a)-(f)).","P_28_308: Self-insurance requirements as specified in (a) through (f)","P_28_308_a ^ P_28_308_b ^ P_28_308_c ^ P_28_308_d ^ P_28_308_e ^ P_28_308_f","DEFERRED","Conjunction (Conj): Rule 7","VALIDATED","PASS","PASS","Parent aggregating six paragraphs on self-insurance approval and requirements.","HIGH"
28,28.308(a),P_28_308_a,"When it is anticipated that 50 percent or more of the self-insurance costs will be allocable to Government contract work and the self-insurance costs at the time the program was submitted for approval or the costs incurred/estimated to be incurred under the program total $200,000 or more per year, the contractor must submit the self-insurance program to the administrative contracting officer and the contract auditor for approval. The submission must include, as a minimum, the following: (parent with (1)-(10)).","P_28_308_a: When >=50% allocable to Government AND >=$200K/year then submit self-insurance program to ACO and auditor","(Allocable_GTE_50_Percent ^ Costs_GTE_200K_Year) -> (Submit_To_ACO ^ Submit_To_Auditor ^ Provide_Items_1_thru_10)","DEFERRED","Material Implication (Impl): Rule 15 [HIGH-RISK]; Conjunction (Conj): Rule 7","PENDING_REVIEW","PASS","PASS","Conditional submission requirement. Two conjunctive thresholds: >=50% Government allocation AND >=$200K annual cost. Triggers mandatory submission to both ACO and auditor with 10 minimum documentation items.","MEDIUM"
28,28.308(a)(1),P_28_308_a_1,"A complete description of the program, including any reinsurance agreements, and the types of risks, exposures, and liabilities it is designed to cover.","P_28_308_a_1: Complete description of self-insurance program including reinsurance and coverage scope","Complete_Program_Description","DEFERRED","Conjunction (Conj): Rule 7","VALIDATED","PASS","PASS","First documentation item. Atomic minimum submission element.","HIGH"
28,28.308(a)(2),P_28_308_a_2,"A copy of the corporate insurance manual and organizational chart reflecting the responsibilities for the management of the program.","P_28_308_a_2: Corporate insurance manual and org chart for program management","Insurance_Manual_And_Org_Chart","DEFERRED","Conjunction (Conj): Rule 7","VALIDATED","PASS","PASS","Second documentation item. Atomic minimum submission element.","HIGH"
28,28.308(a)(3),P_28_308_a_3,"The terms regarding the Government's liability under the program for the risks being insured, including the amount of Government exposure and terms governing the payment of premiums, deductibles, and any other costs under the program for coverages applicable to Government contract work.","P_28_308_a_3: Terms of Government liability, exposure, premium/deductible/cost terms for Government work","Gov_Liability_Terms_And_Costs","DEFERRED","Conjunction (Conj): Rule 7","VALIDATED","PASS","PASS","Third documentation item. Comprehensive financial terms for Government exposure.","HIGH"
28,28.308(a)(4),P_28_308_a_4,"The contractor's latest financial statements.","P_28_308_a_4: Contractor's latest financial statements","Latest_Financial_Statements","DEFERRED","Conjunction (Conj): Rule 7","VALIDATED","PASS","PASS","Fourth documentation item. Atomic.","HIGH"
28,28.308(a)(5),P_28_308_a_5,"Any self-insurance feasibility studies or market surveys that were conducted, including the comparative costs involved.","P_28_308_a_5: Self-insurance feasibility studies or market surveys with comparative costs","Feasibility_Studies_Market_Surveys","DEFERRED","Conjunction (Conj): Rule 7","VALIDATED","PASS","PASS","Fifth documentation item. Supports cost-effectiveness analysis.","HIGH"
28,28.308(a)(6),P_28_308_a_6,"Loss history, premiums history, and industry ratios.","P_28_308_a_6: Loss history and premiums history and industry ratios","Loss_Premiums_History_Ratios","DEFERRED","Conjunction (Conj): Rule 7","VALIDATED","PASS","PASS","Sixth documentation item. Three conjunctive data elements for actuarial assessment.","HIGH"
28,28.308(a)(7),P_28_308_a_7,"A formula for establishing reserves, including percentage variations between losses incurred and losses paid and between losses incurred and reserves.","P_28_308_a_7: Reserve formula including percentage variations","Reserve_Formula_With_Variations","DEFERRED","Conjunction (Conj): Rule 7","VALIDATED","PASS","PASS","Seventh documentation item. Technical actuarial element.","HIGH"
28,28.308(a)(8),P_28_308_a_8,"Claims administration policy, procedures, and practices.","P_28_308_a_8: Claims administration policy practices and procedures","Claims_Admin_Policy_Procedures","DEFERRED","Conjunction (Conj): Rule 7","VALIDATED","PASS","PASS","Eighth documentation item. Operational element.","HIGH"
28,28.308(a)(9),P_28_308_a_9,"A method of calculating the projected average loss, including the basis for determining the projected period.","P_28_308_a_9: Projected average loss calculation method with basis for projected period","Projected_Loss_Method","DEFERRED","Conjunction (Conj): Rule 7","VALIDATED","PASS","PASS","Ninth documentation item. Forecasting methodology.","HIGH"
28,28.308(a)(10),P_28_308_a_10,"The procedures for making payments to, and withdrawals from, the approved self-insurance reserve and the method and procedures for determining the obligations incurred under the program for any given fiscal year. If a self-insurance fund is also maintained for protection against catastrophic losses, include the requirements of that fund.","P_28_308_a_10: Fund payment/withdrawal procedures and annual obligation determination; catastrophic fund requirements if applicable","Fund_Procedures_And_Obligation_Methods","DEFERRED","Conjunction (Conj): Rule 7","VALIDATED","PASS","PASS","Tenth documentation item. Financial management procedures including conditional catastrophic fund element.","HIGH"
28,28.308(b),P_28_308_b,"Programs of self-insurance covering a contractor's insurable risks, including the deductible portion of purchased insurance, may be approved when examination of a program indicates the probable cost to the Government will be less than the cost of providing the same coverage by purchase of insurance. Self-insurance must not be approved when the Government may be required to contribute to a self-insurance fund or reserve for the purpose of meeting the contractor's obligations under workers' compensation laws, unless the fund or reserve is limited to- (parent with (1)-(2)).","P_28_308_b_1: Self-insurance approved when probable Government cost less than purchased insurance; P_28_308_b_2: Not approved for workers comp fund obligations unless limited per (1)-(2)","(Probable_Cost_Less_Than_Insurance -> (Approve v ~Approve)); (Workers_Comp_Fund ^ ~(P_28_308_b_1_cond v P_28_308_b_2_cond)) -> ~Approve","DEFERRED","Material Implication (Impl): Rule 15 [HIGH-RISK]; Tautology (Taut): Rule 18; Conjunction (Conj): Rule 7; Negation (Neg): Rule 10","PENDING_REVIEW","PASS","PASS","Permissive approval with cost-effectiveness test plus mandatory prohibition on workers comp self-insurance except under two limited circumstances. Dual conditional structure.","LOW"
28,28.308(b)(1),P_28_308_b_1,"The self-insurance program is approved by a State authority having jurisdiction over workers' compensation and the contractor maintains an approved self-insurance program that covers the employer's liability and any workers' compensation not covered by the State fund.","P_28_308_b_1: State authority approves AND contractor maintains self-insurance covering employer liability and uncovered workers comp","State_Authority_Approval ^ Maintains_Self_Insurance_For_Uncovered","DEFERRED","Conjunction (Conj): Rule 7","VALIDATED","PASS","PASS","First workers comp exception. Two conjunctive conditions: State approval AND maintained coverage for gaps.","HIGH"
28,28.308(b)(2),P_28_308_b_2,"The combined cost of the self-insurance program and purchased insurance that will be charged the Government will not be greater than the cost of all purchased insurance.","P_28_308_b_2: Combined self-insurance and purchased insurance cost to Government must not exceed all-purchased cost","Combined_Cost_LTE_All_Purchased_Cost","DEFERRED","Conjunction (Conj): Rule 7","VALIDATED","PASS","PASS","Second workers comp exception. Cost-effectiveness test: combined approach must not exceed full purchased insurance cost.","HIGH"
28,28.308(c),P_28_308_c,"The contractor must submit any major change in the program for the Government's approval before the change is implemented. Any changes in the program that could increase the cost of coverage to the Government require a new determination of the probable cost to the Government of the changed program. Approval may be withdrawn when the Government determines the program does not comply with this subpart or 31.205-19 or when the conditions under which the program was initially approved have changed to the extent that continued approval is not in the interest of the Government. (parent with (1)-(2) as withdrawal causes).","P_28_308_c_1: Contractor must submit major changes for prior approval; P_28_308_c_2: Cost-increasing changes need new cost determination; P_28_308_c_3: Approval may be withdrawn per (1)-(2)","Major_Change -> Prior_Gov_Approval; Cost_Increase_Change -> New_Cost_Determination; (P_28_308_c_1_cond v P_28_308_c_2_cond) -> (Withdraw_Approval v ~Withdraw_Approval)","DEFERRED","Material Implication (Impl): Rule 15 [HIGH-RISK]; Conjunction (Conj): Rule 7; Addition (Add): Rule 8; Tautology (Taut): Rule 18","PENDING_REVIEW","PASS","PASS","Three-part provision: mandatory change submission, mandatory re-determination for cost increases, and permissive approval withdrawal under two causes. Cross-references 31.205-19.","MEDIUM"
28,28.308(c)(1),P_28_308_c_1,"The program does not comply with the requirements of this subpart or 31.205-19.","P_28_308_c_1: Program does not comply with Subpart 28.3 or 31.205-19","~Comply_Subpart_28_3 v ~Comply_31_205_19","DEFERRED","Addition (Add): Rule 8; Negation (Neg): Rule 10","VALIDATED","PASS","PASS","First withdrawal cause. Disjunctive: noncompliance with either the subpart or the cost principle.","HIGH"
28,28.308(c)(2),P_28_308_c_2,"The conditions under which the program was initially approved have changed to the extent that continued approval is not in the interest of the Government.","P_28_308_c_2: Changed conditions make continued approval not in Government interest","Changed_Conditions ^ ~Gov_Interest","DEFERRED","Conjunction (Conj): Rule 7; Negation (Neg): Rule 10","VALIDATED","PASS","PASS","Second withdrawal cause. Conjunctive: conditions changed AND no longer in Government interest.","HIGH"
28,28.308(d),P_28_308_d,"To qualify for approval of a self-insurance program, the contractor must demonstrate ability to sustain the potential losses involved. In making the determination whether self-insurance is practical, the contracting officer must consider the following: (parent with (1)-(5)).","P_28_308_d: Contractor must demonstrate loss-sustaining ability; CO considers five factors","Self_Insurance_Approval -> (Demonstrate_Loss_Ability ^ CO_Considers_1_thru_5)","DEFERRED","Material Implication (Impl): Rule 15 [HIGH-RISK]; Conjunction (Conj): Rule 7","PENDING_REVIEW","PASS","PASS","Mandatory qualification requirement with five evaluation factors. Contractor bears burden of demonstration; CO evaluates per listed factors.","MEDIUM"
28,28.308(d)(1),P_28_308_d_1,"The soundness of the contractor's financial condition, including available lines of credit.","P_28_308_d_1: CO considers soundness of financial condition including credit lines","Financial_Condition_Soundness","DEFERRED","Conjunction (Conj): Rule 7","VALIDATED","PASS","PASS","First evaluation factor. Financial capacity assessment.","HIGH"
28,28.308(d)(2),P_28_308_d_2,"The geographic dispersion of assets, so that the corporation is not subject to the risk of a single loss depleting its total assets.","P_28_308_d_2: CO considers geographic dispersion of assets for risk diversification","Geographic_Dispersion_Assets","DEFERRED","Conjunction (Conj): Rule 7","VALIDATED","PASS","PASS","Second evaluation factor. Concentration risk assessment.","HIGH"
28,28.308(d)(3),P_28_308_d_3,"The history of previous losses, including their frequency and severity.","P_28_308_d_3: CO considers loss history frequency and severity","Loss_History_Frequency_Severity","DEFERRED","Conjunction (Conj): Rule 7","VALIDATED","PASS","PASS","Third evaluation factor. Historical loss pattern analysis.","HIGH"
28,28.308(d)(4),P_28_308_d_4,"The type and magnitude of risk, e.g., minor potential for loss versus catastrophic loss.","P_28_308_d_4: CO considers type and magnitude of risk","Risk_Type_And_Magnitude","DEFERRED","Conjunction (Conj): Rule 7","VALIDATED","PASS","PASS","Fourth evaluation factor. Risk profile assessment.","HIGH"
28,28.308(d)(5),P_28_308_d_5,"The contractor's compliance with Federal and State laws and regulations.","P_28_308_d_5: CO considers compliance with Federal and State laws and regulations","Compliance_Federal_State_Laws","DEFERRED","Conjunction (Conj): Rule 7","VALIDATED","PASS","PASS","Fifth evaluation factor. Regulatory compliance assessment.","HIGH"
28,28.308(e),P_28_308_e,"Agencies must not approve a self-insurance program to cover risks for which the Government requires the contractor to carry insurance under terms that provide for, or require, the Government to indemnify the contractor or to pay for any portion of the premium costs. Agencies may, however, approve a self-insurance program to cover risks for which the Government has elected to assume the risks.","P_28_308_e_1: Must not approve self-insurance for risks requiring Government indemnification or premium payment; P_28_308_e_2: May approve for Government-assumed risks","(Gov_Indemnification v Gov_Premium_Payment) -> ~Approve_Self_Insurance; Gov_Assumed_Risks -> (Approve v ~Approve)","DEFERRED","Material Implication (Impl): Rule 15 [HIGH-RISK]; Addition (Add): Rule 8; Negation (Neg): Rule 10; Tautology (Taut): Rule 18","PENDING_REVIEW","PASS","PASS","Prohibition with permissive exception. Cannot self-insure when Government bears indemnification or premium cost. Can self-insure when Government has elected to assume risks. Prevents double benefit to contractor.","MEDIUM"
28,28.308(f),P_28_308_f,"Self-insurance programs to cover risks for the purpose of correcting defects in the contractor's own products or work must not be approved. The Government assumes no obligation for losses that are the contractor's own responsibility under the terms of the contract.","P_28_308_f: Self-insurance for correcting own product/work defects must not be approved","Correct_Own_Defects -> ~Approve_Self_Insurance","DEFERRED","Material Implication (Impl): Rule 15 [HIGH-RISK]; Negation (Neg): Rule 10","PENDING_REVIEW","PASS","PASS","Absolute prohibition. No self-insurance for contractor's own defect correction. Government explicitly disclaims liability. No exceptions.","MEDIUM"
28,28.309,P_28_309,"Contract clauses for workers' compensation insurance (parent aggregating (a)-(b)).","P_28_309: Workers comp insurance clause requirements as specified in (a) and (b)","P_28_309_a ^ P_28_309_b","DEFERRED","Conjunction (Conj): Rule 7","VALIDATED","PASS","PASS","Parent aggregating two clause insertion requirements for overseas workers comp.","HIGH"
28,28.309(a),P_28_309_a,"Insert the clause at 52.228-3, Workers' Compensation Insurance (Defense Base Act), in solicitations and contracts when the Defense Base Act applies (see 28.305) and- (parent with (1)-(2)).","P_28_309_a: Insert 52.228-3 when DBA applies AND one of two conditions met","DBA_Applies ^ (P_28_309_a_1 v P_28_309_a_2) -> Insert_52_228_3","DEFERRED","Material Implication (Impl): Rule 15 [HIGH-RISK]; Conjunction (Conj): Rule 7; Addition (Add): Rule 8","PENDING_REVIEW","PASS","PASS","Mandatory clause insertion with conjunctive-disjunctive trigger: DBA applicability AND either of two circumstances. Cross-references 28.305 and 52.228-3.","MEDIUM"
28,28.309(a)(1),P_28_309_a_1,"The contract is a public-work contract performed outside the United States.","P_28_309_a_1: Contract is public-work performed outside US","Public_Work ^ Outside_US","DEFERRED","Conjunction (Conj): Rule 7","VALIDATED","PASS","PASS","First trigger circumstance. Two conjunctive conditions: public-work AND outside US.","HIGH"
28,28.309(a)(2),P_28_309_a_2,"The contract is approved or financed under the Foreign Assistance Act of 1961 and is not excluded by 28.305(b)(2).","P_28_309_a_2: Foreign Assistance Act contract not excluded by 28.305(b)(2)","Foreign_Assistance_Contract ^ ~Excluded_28_305_b_2","DEFERRED","Conjunction (Conj): Rule 7; Negation (Neg): Rule 10","VALIDATED","PASS","PASS","Second trigger circumstance. Conjunctive: Foreign Assistance Act AND not excluded. Cross-references 28.305(b)(2).","HIGH"
28,28.309(b),P_28_309_b,"Insert the clause at 52.228-4, Workers' Compensation and War-Hazard Insurance Overseas, in solicitations and contracts when the contract is a public-work contract performed outside the United States and the Secretary of Labor has waived the applicability of the Defense Base Act.","P_28_309_b: Insert 52.228-4 when public-work outside US and DBA waived by Secretary of Labor","(Public_Work ^ Outside_US ^ DBA_Waived_By_SecLabor) -> Insert_52_228_4","DEFERRED","Material Implication (Impl): Rule 15 [HIGH-RISK]; Conjunction (Conj): Rule 7","PENDING_REVIEW","PASS","PASS","Mandatory clause insertion. Three conjunctive conditions. Covers the DBA-waived scenario where contractor must still provide workers comp. Cross-references 52.228-4.","MEDIUM"
28,28.310,P_28_310,"Contract clause for work on a Government installation (parent aggregating (a)-(b)).","P_28_310: Government installation insurance clause requirements as specified in (a) and (b)","P_28_310_a ^ P_28_310_b","DEFERRED","Conjunction (Conj): Rule 7","VALIDATED","PASS","PASS","Parent aggregating mandatory and permissive clause insertion scenarios.","HIGH"
28,28.310(a),P_28_310_a,"Insert the clause at 52.228-5, Insurance - Work on a Government Installation, in solicitations and contracts when a fixed-price contract is contemplated, the contract amount is expected to exceed the simplified acquisition threshold, and the contract will require work on a Government installation, unless- (parent with (1)-(2) as exceptions).","P_28_310_a: Insert 52.228-5 when fixed-price >SAT and work on Government installation unless exceptions (1)-(2)","(Fixed_Price ^ GT_SAT ^ Gov_Installation_Work ^ ~P_28_310_a_1 ^ ~P_28_310_a_2) -> Insert_52_228_5","DEFERRED","Material Implication (Impl): Rule 15 [HIGH-RISK]; Conjunction (Conj): Rule 7; Negation (Neg): Rule 10","PENDING_REVIEW","PASS","PASS","Mandatory clause insertion with three conjunctive prerequisites and two exceptions. All prerequisites must be met AND neither exception applies. Cross-references 52.228-5.","MEDIUM"
28,28.310(a)(1),P_28_310_a_1,"Only a small amount of work is to be done on the Government installation.","P_28_310_a_1: Only small amount of work on Government installation","Small_Amount_On_Installation","DEFERRED","Conjunction (Conj): Rule 7","VALIDATED","PASS","PASS","First exception. 'Small amount' is undefined and requires CO judgment.","HIGH"
28,28.310(a)(2),P_28_310_a_2,"All work on the Government installation will be performed outside the United States and its outlying areas.","P_28_310_a_2: All installation work outside US and outlying areas","All_Work_Outside_US_And_Outlying","DEFERRED","Conjunction (Conj): Rule 7","VALIDATED","PASS","PASS","Second exception. Geographic exclusion for overseas Government installations.","HIGH"
28,28.310(b),P_28_310_b,"The contracting officer may insert the clause at 52.228-5 in solicitations and contracts described in paragraph (a)(1) or (a)(2) of this section when it is in the Government's interest.","P_28_310_b: CO may insert 52.228-5 in (a)(1)/(a)(2) exception situations when in Government interest","((P_28_310_a_1 v P_28_310_a_2) ^ Gov_Interest) -> (Insert_52_228_5 v ~Insert_52_228_5)","DEFERRED","Material Implication (Impl): Rule 15 [HIGH-RISK]; Addition (Add): Rule 8; Conjunction (Conj): Rule 7; Tautology (Taut): Rule 18","PENDING_REVIEW","PASS","PASS","Permissive override of (a) exceptions. CO may still include the clause even when exceptions apply if Government interest supports it. Discretionary.","MEDIUM"
28,28.311,P_28_311,"Solicitation provision and contract clause on liability insurance under cost-reimbursement contracts (parent aggregating 28.311-1 and 28.311-2).","P_28_311: Cost-reimbursement liability insurance clause requirements as specified in 28.311-1 and 28.311-2","P_28_311_1 ^ P_28_311_2","DEFERRED","Conjunction (Conj): Rule 7","VALIDATED","PASS","PASS","Parent aggregating two subsections on cost-reimbursement insurance clauses.","HIGH"
28,28.311-1,P_28_311_1,"Insert the clause at 52.228-7, Insurance - Liability to Third Persons, in solicitations and contracts, other than those for construction contracts and those for architect-engineer services under part 36, when a cost-reimbursement contract is contemplated, unless the head of the contracting activity waives the requirement for use of the clause.","P_28_311_1_1: Insert 52.228-7 for cost-reimbursement except construction and A-E; P_28_311_1_2: Unless HCA waives","(Cost_Reimbursement ^ ~Construction ^ ~AE_Part_36 ^ ~HCA_Waiver) -> Insert_52_228_7","DEFERRED","Material Implication (Impl): Rule 15 [HIGH-RISK]; Conjunction (Conj): Rule 7; Negation (Neg): Rule 10","PENDING_REVIEW","PASS","PASS","Mandatory clause insertion with three exclusions: construction contracts, A-E services under Part 36, and HCA waiver. Four conjunctive antecedent elements (one positive, three negative). Cross-references 52.228-7 and Part 36.","MEDIUM"
28,28.311-2,P_28_311_2,"Agencies may prescribe their own solicitation provisions and contract clauses to implement the requirements of subpart 28.3.","P_28_311_2: Agencies may prescribe own provisions/clauses for Subpart 28.3 implementation","Agency -> (Prescribe_Own_Clauses v ~Prescribe_Own_Clauses)","DEFERRED","Material Implication (Impl): Rule 15 [HIGH-RISK]; Tautology (Taut): Rule 18","PENDING_REVIEW","PASS","PASS","Permissive supplementation authority. Agencies may add to but not override FAR requirements. Discretionary.","MEDIUM"
28,28.312,P_28_312,"Insert the clause at 52.228-8, Liability and Insurance - Leased Motor Vehicles, in solicitations and contracts for the leasing of motor vehicles (see part 8).","P_28_312: Insert 52.228-8 in solicitations/contracts for motor vehicle leasing","Motor_Vehicle_Leasing -> Insert_52_228_8","DEFERRED","Material Implication (Impl): Rule 15 [HIGH-RISK]","PENDING_REVIEW","PASS","PASS","Mandatory clause insertion. Simple conditional trigger: motor vehicle leasing. Cross-references 52.228-8 and Part 8.","MEDIUM"
28,28.313,P_28_313,"Contract clauses for transportation insurance (parent aggregating (a)-(b)).","P_28_313: Transportation insurance clause requirements as specified in (a) and (b)","P_28_313_a ^ P_28_313_b","DEFERRED","Conjunction (Conj): Rule 7","VALIDATED","PASS","PASS","Parent aggregating two transportation insurance clause requirements.","HIGH"
28,28.313(a),P_28_313_a,"Insert the clause at 52.228-9, Cargo Insurance, in solicitations and contracts for transportation or for transportation-related services, except when freight is shipped under rates subject to released or declared value (see part 47).","P_28_313_a: Insert 52.228-9 for transportation/transport services except released/declared value freight","(Transportation_Contract ^ ~Released_Declared_Value) -> Insert_52_228_9","DEFERRED","Material Implication (Impl): Rule 15 [HIGH-RISK]; Conjunction (Conj): Rule 7; Negation (Neg): Rule 10","PENDING_REVIEW","PASS","PASS","Mandatory clause insertion with exception. Transportation trigger AND not released/declared value. Cross-references 52.228-9 and Part 47.","MEDIUM"
28,28.313(b),P_28_313_b,"Insert the clause at 52.228-10, Vehicular and General Public Liability Insurance, in solicitations and contracts for transportation or for transportation-related services when the Government's vehicular and general public liability insurance is insufficient.","P_28_313_b: Insert 52.228-10 for transportation when Government liability insurance insufficient","(Transportation_Contract ^ Gov_Insurance_Insufficient) -> Insert_52_228_10","DEFERRED","Material Implication (Impl): Rule 15 [HIGH-RISK]; Conjunction (Conj): Rule 7","PENDING_REVIEW","PASS","PASS","Mandatory clause insertion. Two conjunctive conditions: transportation context AND insufficient Government insurance. Cross-references 52.228-10.","MEDIUM"
