RFO_Part,Section_Number,Propositional_ID,Natural_Language,Atomic_Propositions,Formal_Logic_Statement,Dependencies,Justification_Rules,Validation_Status,Logical_Check,Real_World_Check,Validation_Notes,Confidence_Level
27,27.000,P_27_000,"This part provides policies, procedures, solicitation provisions, and contract clauses pertaining to patents, data, and copyrights.","P_27_000_a: Part 27 provides policies and procedures pertaining to patents, data, and copyrights; P_27_000_b: Part 27 provides solicitation provisions and contract clauses pertaining to patents, data, and copyrights",P_27_000 = P_27_000_a ∧ P_27_000_b,None,Conjunction (Conj): Rule 7,VALIDATED,PASS,PASS,Declarative scope statement. Conjunction captures two categories of content provided: policy/procedure and solicitation/contract instruments.,HIGH
27,27.001,P_27_001,"United States, as used in this part, means the 50 States and the District of Columbia, U.S. territories and possessions, Puerto Rico, and the Northern Mariana Islands.",P_27_001_a: United States means the 50 States and the District of Columbia; P_27_001_b: United States includes U.S. territories and possessions; P_27_001_c: United States includes Puerto Rico; P_27_001_d: United States includes the Northern Mariana Islands,P_27_001 = P_27_001_a ∧ P_27_001_b ∧ P_27_001_c ∧ P_27_001_d,None,Conjunction (Conj): Rule 7,VALIDATED,PASS,PASS,Definitional statement. All geographic components are conjunctive; all must be included in the definition of United States for Part 27 purposes.,HIGH
27,27.101,P_27_101,"This part applies to all agencies. However, agencies may adopt alternative policies, procedures, solicitation provisions, and contract clauses to the extent necessary to meet the specific requirements of laws, executive orders, treaties, or international agreements.","P_27_101_a: Part 27 applies to all agencies; P_27_101_b: Agencies may adopt alternative policies, procedures, solicitation provisions, and contract clauses; P_27_101_c: Alternatives are limited to the extent necessary to meet specific requirements of laws, executive orders, treaties, or international agreements",P_27_101 = P_27_101_a ∧ (P_27_101_c ⊃ (P_27_101_b ∨ ~P_27_101_b)),None,Conjunction (Conj): Rule 7; Material Implication (Impl): Rule 15 [HIGH-RISK],PENDING_REVIEW,PASS,PASS,"Universal applicability with permissive exception. 'May' creates discretionary authority for alternatives, but only when necessity condition is met. The tautology in the consequent reflects that adoption is optional even when conditions are met. HIGH-RISK due to material implication.",MEDIUM
27,27.200,P_27_200,"This subpart provides policies and procedures regarding patent and copyright infringement liability, royalties, and security requirements for patent applications containing classified subject matter.","P_27_200: Subpart 27.2 provides policies and procedures regarding patent/copyright infringement liability, royalties, and classified patent application security",P_27_200 = P_27_200_a ∧ P_27_200_b ∧ P_27_200_c,None,Conjunction (Conj): Rule 7,VALIDATED,PASS,PASS,Parent scope statement for subpart 27.2. Three subject areas are conjunctive components.,HIGH
27,27.200(a),P_27_200_a,Patent and copyright infringement liability.,P_27_200_a: Subpart covers patent and copyright infringement liability,P_27_200_a,None,None (atomic statement),VALIDATED,PASS,PASS,Scope element. Standalone atomic proposition identifying coverage area.,HIGH
27,27.200(b),P_27_200_b,Royalties.,P_27_200_b: Subpart covers royalties,P_27_200_b,None,None (atomic statement),VALIDATED,PASS,PASS,Scope element. Standalone atomic proposition identifying coverage area.,HIGH
27,27.200(c),P_27_200_c,Security requirements for patent applications containing classified subject matter.,P_27_200_c: Subpart covers security requirements for patent applications containing classified subject matter,P_27_200_c,None,None (atomic statement),VALIDATED,PASS,PASS,Scope element. Standalone atomic proposition identifying coverage area.,HIGH
27,27.201,P_27_201,Patent and copyright infringement liability.,P_27_201: Patent and copyright infringement liability requirements consist of general provisions and contract clauses,P_27_201 = P_27_201_1 ∧ P_27_201_2,None,Conjunction (Conj): Rule 7,VALIDATED,PASS,PASS,Parent proposition for sections 27.201-1 and 27.201-2.,HIGH
27,27.201-1,P_27_201_1,Patent and copyright infringement liability - General.,P_27_201_1: General provisions for patent and copyright infringement liability,P_27_201_1 = P_27_201_1_a ∧ P_27_201_1_b ∧ P_27_201_1_c ∧ P_27_201_1_d,None,Conjunction (Conj): Rule 7,VALIDATED,PASS,PASS,Parent proposition for 27.201-1(a) through (d).,HIGH
27,27.201-1(a),P_27_201_1_a,"Pursuant to 28 U.S.C. 1498, the exclusive remedy for patent or copyright infringement by or on behalf of the Government is a suit for monetary damages against the Government in the Court of Federal Claims. No injunctive relief is available, and no direct cause of action lies against a contractor that is infringing a patent or copyright with the authorization or consent of the Government (e.g., while performing a contract).",P_27_201_1_a_1: The exclusive remedy for patent or copyright infringement by or on behalf of the Government is a suit for monetary damages against the Government in the Court of Federal Claims; P_27_201_1_a_2: No injunctive relief is available for patent or copyright infringement by or on behalf of the Government; P_27_201_1_a_3: No direct cause of action lies against a contractor infringing with Government authorization or consent,P_27_201_1_a = P_27_201_1_a_1 ∧ ~P_27_201_1_a_2 ∧ ~P_27_201_1_a_3,USC_28,Conjunction (Conj): Rule 7; Negation (Neg): Rule 10,VALIDATED,PASS,PASS,"Three conjunctive requirements established by statute: exclusive remedy channel, prohibition on injunctive relief, and prohibition on direct contractor liability when acting under Government authorization. Negation captures the 'no' prohibitions.",HIGH
27,27.201-1(b),P_27_201_1_b,"The Government may expressly authorize and consent to a contractor's use or manufacture of inventions covered by U.S. patents by inserting the clause at 52.227-1, Authorization and Consent.",P_27_201_1_b_1: Government may authorize and consent to contractor use or manufacture of patented inventions; P_27_201_1_b_2: Authorization and consent is accomplished by inserting clause 52.227-1,P_27_201_1_b = P_27_201_1_b_2 ⊃ (P_27_201_1_b_1 ∨ ~P_27_201_1_b_1),P_52_227_1,Material Implication (Impl): Rule 15 [HIGH-RISK],PENDING_REVIEW,PASS,PASS,Permissive 'may' creates discretionary authority. Insertion of 52.227-1 is the mechanism but granting authorization remains discretionary. Tautology reflects unrestricted choice. HIGH-RISK due to material implication.,MEDIUM
27,27.201-1(c),P_27_201_1_c,"Because of the exclusive remedies granted in 28 U.S.C. 1498, the Government requires notice and assistance from its contractors regarding any claims for patent or copyright infringement by inserting the clause at 52.227-2, Notice and Assistance, Regarding Patent and Copyright Infringement.",P_27_201_1_c_1: Government requires notice and assistance from contractors regarding patent or copyright infringement claims; P_27_201_1_c_2: Requirement is implemented by inserting clause 52.227-2,P_27_201_1_c = P_27_201_1_c_1 ∧ P_27_201_1_c_2,P_52_227_2; USC_28,Conjunction (Conj): Rule 7,VALIDATED,PASS,PASS,Mandatory requirement. 'Requires' establishes obligation. Both the substantive requirement and its implementation mechanism are conjunctive.,HIGH
27,27.201-1(d),P_27_201_1_d,"The Government may require a contractor to reimburse it for liability for patent infringement arising out of a contract for commercial products or commercial services by inserting the clause at 52.227-3, Patent Indemnity.",P_27_201_1_d_1: Government may require contractor reimbursement for patent infringement liability; P_27_201_1_d_2: Applies to contracts for commercial products or commercial services; P_27_201_1_d_3: Implemented by inserting clause 52.227-3,P_27_201_1_d = P_27_201_1_d_2 ⊃ (P_27_201_1_d_3 ⊃ (P_27_201_1_d_1 ∨ ~P_27_201_1_d_1)),P_52_227_3,Material Implication (Impl): Rule 15 [HIGH-RISK],PENDING_REVIEW,PASS,PASS,"Permissive 'may' with conditional scope. Commercial products/services is the triggering condition, but requiring reimbursement remains discretionary. Nested implication: commercial context triggers availability of the clause, but use is permissive. HIGH-RISK due to material implication.",MEDIUM
27,27.201-2,P_27_201_2,Contract clauses for patent and copyright infringement.,"P_27_201_2: Contract clause requirements for patent and copyright consist of authorization/consent, notice/assistance, patent indemnity, construction indemnity, waiver, and prohibition provisions",P_27_201_2 = P_27_201_2_a ∧ P_27_201_2_b ∧ P_27_201_2_c ∧ P_27_201_2_d ∧ P_27_201_2_e ∧ P_27_201_2_f ∧ P_27_201_2_g,None,Conjunction (Conj): Rule 7,VALIDATED,PASS,PASS,Parent proposition for 27.201-2(a) through (g).,HIGH
27,27.201-2(a),P_27_201_2_a,Authorization and Consent clause requirements.,P_27_201_2_a: Authorization and Consent clause insertion requirements,P_27_201_2_a = P_27_201_2_a_1 ∧ P_27_201_2_a_2 ∧ P_27_201_2_a_3,None,Conjunction (Conj): Rule 7,VALIDATED,PASS,PASS,Parent proposition for 27.201-2(a)(1) through (a)(3).,HIGH
27,27.201-2(a)(1),P_27_201_2_a_1,"Insert the clause at 52.227-1, Authorization and Consent, in solicitations and contracts except that use of the clause is optional when using simplified acquisition procedures and prohibited when both complete performance and delivery are outside the United States.",P_27_201_2_a_1_a: Insert clause 52.227-1 in solicitations and contracts; P_27_201_2_a_1_b: Use of clause is optional under simplified acquisition procedures; P_27_201_2_a_1_c: Use of clause is prohibited when both complete performance and delivery are outside the United States,P_27_201_2_a_1 = P_27_201_2_a_1_a ∧ P_27_201_2_a_1_i ∧ P_27_201_2_a_1_ii,P_52_227_1,Conjunction (Conj): Rule 7,VALIDATED,PASS,PASS,Parent with two exception subsections. Base rule is mandatory insertion with carved-out exceptions.,HIGH
27,27.201-2(a)(1)(i),P_27_201_2_a_1_i,Optional when using simplified acquisition procedures.,P_27_201_2_a_1_i: Use of 52.227-1 is optional when simplified acquisition procedures are used,P_27_201_2_a_1_i = SimplifiedAcqProc ⊃ (P_27_201_2_a_1_a ∨ ~P_27_201_2_a_1_a),P_52_227_1,Material Implication (Impl): Rule 15 [HIGH-RISK],PENDING_REVIEW,PASS,PASS,Conditional permissive. Simplified acquisition triggers discretion on clause inclusion. Tautology in consequent reflects optional nature. HIGH-RISK due to material implication.,MEDIUM
27,27.201-2(a)(1)(ii),P_27_201_2_a_1_ii,Prohibited when both complete performance and delivery are outside the United States.,P_27_201_2_a_1_ii_a: Both complete performance and delivery are outside the United States; P_27_201_2_a_1_ii_b: Use of 52.227-1 is prohibited,P_27_201_2_a_1_ii = P_27_201_2_a_1_ii_a ⊃ ~P_27_201_2_a_1_a,P_52_227_1,Material Implication (Impl): Rule 15 [HIGH-RISK]; Negation (Neg): Rule 10,PENDING_REVIEW,PASS,PASS,"Conditional prohibition. When both performance and delivery are outside the US, clause insertion is prohibited (negated). HIGH-RISK due to material implication.",MEDIUM
27,27.201-2(a)(2),P_27_201_2_a_2,"Use the clause with its Alternate I in all R&D solicitations and contracts for which the primary purpose is R&D work, except do not use this alternate in construction and architect-engineer contracts unless the contract calls exclusively for R&D work.",P_27_201_2_a_2_a: Use 52.227-1 Alternate I in R&D solicitations and contracts where primary purpose is R&D; P_27_201_2_a_2_b: Do not use Alternate I in construction and architect-engineer contracts; P_27_201_2_a_2_c: Exception: use Alternate I in construction/AE contracts if contract calls exclusively for R&D,P_27_201_2_a_2 = (PrimaryRD ∧ ~ConstructionAE) ⊃ P_27_201_2_a_2_a; (PrimaryRD ∧ ConstructionAE ∧ ExclusivelyRD) ⊃ P_27_201_2_a_2_a; (PrimaryRD ∧ ConstructionAE ∧ ~ExclusivelyRD) ⊃ ~P_27_201_2_a_2_a,P_52_227_1,Material Implication (Impl): Rule 15 [HIGH-RISK]; Conjunction (Conj): Rule 7; Negation (Neg): Rule 10,PENDING_REVIEW,PASS,PASS,Complex conditional with nested exception. Three scenarios: (1) R&D non-construction = use Alternate I; (2) R&D construction exclusively R&D = use Alternate I; (3) R&D construction not exclusively R&D = do not use. HIGH-RISK due to multiple material implications.,MEDIUM
27,27.201-2(a)(3),P_27_201_2_a_3,Use the clause with its Alternate II in solicitations and contracts for communication services with a common carrier where the services are unregulated and not priced by a tariff schedule set by a regulatory body.,P_27_201_2_a_3_a: Solicitation or contract is for communication services with a common carrier; P_27_201_2_a_3_b: Services are unregulated; P_27_201_2_a_3_c: Services are not priced by a tariff schedule set by a regulatory body; P_27_201_2_a_3_d: Use 52.227-1 Alternate II,P_27_201_2_a_3 = (P_27_201_2_a_3_a ∧ P_27_201_2_a_3_b ∧ P_27_201_2_a_3_c) ⊃ P_27_201_2_a_3_d,P_52_227_1,Material Implication (Impl): Rule 15 [HIGH-RISK]; Conjunction (Conj): Rule 7,PENDING_REVIEW,PASS,PASS,Three conjunctive conditions trigger mandatory use of Alternate II. All three must be met. HIGH-RISK due to material implication.,MEDIUM
27,27.201-2(b),P_27_201_2_b,"Insert the clause at 52.227-2, Notice and Assistance Regarding Patent and Copyright Infringement, in all solicitations and contracts that include the clause at 52.227-1, Authorization and Consent.",P_27_201_2_b_a: Solicitation or contract includes clause 52.227-1; P_27_201_2_b_b: Insert clause 52.227-2 in that solicitation or contract,P_27_201_2_b = P_27_201_2_b_a ⊃ P_27_201_2_b_b,P_52_227_1; P_52_227_2,Material Implication (Impl): Rule 15 [HIGH-RISK],PENDING_REVIEW,PASS,PASS,Conditional mandatory. Presence of 52.227-1 triggers mandatory insertion of 52.227-2. No discretion once condition is met. HIGH-RISK due to material implication.,MEDIUM
27,27.201-2(c),P_27_201_2_c,Patent Indemnity clause requirements.,P_27_201_2_c: Patent Indemnity clause requirements,P_27_201_2_c = P_27_201_2_c_1 ∧ P_27_201_2_c_2 ∧ P_27_201_2_c_3,None,Conjunction (Conj): Rule 7,VALIDATED,PASS,PASS,Parent proposition for 27.201-2(c)(1) through (c)(3).,HIGH
27,27.201-2(c)(1),P_27_201_2_c_1,"Insert the clause at 52.227-3, Patent Indemnity, in solicitations and contracts that may result in the delivery of commercial products or the provision of commercial services, unless Part 12 procedures are used, Part 13 simplified acquisition procedures are used, both complete performance and delivery are outside the United States, or the contracting officer determines after consultation with legal counsel that omission would be consistent with commercial practice.",P_27_201_2_c_1_a: Solicitation or contract may result in delivery of commercial products or provision of commercial services; P_27_201_2_c_1_b: Insert clause 52.227-3,P_27_201_2_c_1 = (P_27_201_2_c_1_a ∧ ~P_27_201_2_c_1_i ∧ ~P_27_201_2_c_1_ii ∧ ~P_27_201_2_c_1_iii ∧ ~P_27_201_2_c_1_iv) ⊃ P_27_201_2_c_1_b,P_52_227_3; Part_12; Part_13,Material Implication (Impl): Rule 15 [HIGH-RISK]; Conjunction (Conj): Rule 7; Negation (Neg): Rule 10,PENDING_REVIEW,PASS,PASS,Conditional mandatory with four negated exceptions. Commercial products/services triggers clause insertion unless any of four exceptions apply. All exceptions must be absent for obligation to attach. HIGH-RISK due to material implication.,MEDIUM
27,27.201-2(c)(1)(i),P_27_201_2_c_1_i,Part 12 procedures are used.,P_27_201_2_c_1_i: Part 12 procedures are used,P_27_201_2_c_1_i,Part_12,None (atomic statement),VALIDATED,PASS,PASS,Exception condition. Atomic proposition serving as negated condition in parent.,HIGH
27,27.201-2(c)(1)(ii),P_27_201_2_c_1_ii,The simplified acquisition procedures of Part 13 are used.,P_27_201_2_c_1_ii: Part 13 simplified acquisition procedures are used,P_27_201_2_c_1_ii,Part_13,None (atomic statement),VALIDATED,PASS,PASS,Exception condition. Atomic proposition serving as negated condition in parent.,HIGH
27,27.201-2(c)(1)(iii),P_27_201_2_c_1_iii,Both complete performance and delivery are outside the United States.,P_27_201_2_c_1_iii: Both complete performance and delivery are outside the United States,P_27_201_2_c_1_iii,None,None (atomic statement),VALIDATED,PASS,PASS,Exception condition. Atomic proposition serving as negated condition in parent.,HIGH
27,27.201-2(c)(1)(iv),P_27_201_2_c_1_iv,The contracting officer determines after consultation with legal counsel that omission of the clause would be consistent with commercial practice.,P_27_201_2_c_1_iv_a: Contracting officer consults with legal counsel; P_27_201_2_c_1_iv_b: CO determines omission consistent with commercial practice,P_27_201_2_c_1_iv = P_27_201_2_c_1_iv_a ∧ P_27_201_2_c_1_iv_b,None,Conjunction (Conj): Rule 7,VALIDATED,PASS,PASS,Exception condition requiring two conjunctive elements: consultation and determination.,HIGH
27,27.201-2(c)(2),P_27_201_2_c_2,Use the clause with either its Alternate I (identification of excluded items) or II (identification of included items) if the contract also requires delivery of non-commercial items/services or the CO determines limitation consistent with commercial practice.,P_27_201_2_c_2: Use 52.227-3 Alternate I or II under specified conditions,P_27_201_2_c_2 = (P_27_201_2_c_2_i ∨ P_27_201_2_c_2_ii) ⊃ (AltI ∨ AltII),P_52_227_3,Material Implication (Impl): Rule 15 [HIGH-RISK]; Disjunction (Disj): Rule 8,PENDING_REVIEW,PASS,PASS,Conditional with disjunctive trigger and disjunctive consequent. Either condition triggers use of either alternate. Choice between Alternate I and II is discretionary. HIGH-RISK due to material implication.,MEDIUM
27,27.201-2(c)(2)(i),P_27_201_2_c_2_i,The contract also requires delivery of items that are not commercial products or the provision of services that are not commercial services.,P_27_201_2_c_2_i: Contract requires delivery of non-commercial items or non-commercial services,P_27_201_2_c_2_i,None,None (atomic statement),VALIDATED,PASS,PASS,Trigger condition for Alternate I/II use.,HIGH
27,27.201-2(c)(2)(ii),P_27_201_2_c_2_ii,The contracting officer determines after consultation with legal counsel that limitation of applicability of the clause would be consistent with commercial practice.,P_27_201_2_c_2_ii_a: CO consults with legal counsel; P_27_201_2_c_2_ii_b: CO determines limitation consistent with commercial practice,P_27_201_2_c_2_ii = P_27_201_2_c_2_ii_a ∧ P_27_201_2_c_2_ii_b,None,Conjunction (Conj): Rule 7,VALIDATED,PASS,PASS,Trigger condition requiring both consultation and determination.,HIGH
27,27.201-2(c)(3),P_27_201_2_c_3,"Use the clause with its Alternate III if the solicitation or contract is for communication services and facilities by a common carrier, and the services are unregulated and are not priced by a tariff schedule set by a regulatory body.",P_27_201_2_c_3_a: Solicitation or contract is for communication services and facilities by a common carrier; P_27_201_2_c_3_b: Services are unregulated and not priced by a tariff schedule set by a regulatory body; P_27_201_2_c_3_c: Use 52.227-3 Alternate III,P_27_201_2_c_3 = (P_27_201_2_c_3_a ∧ P_27_201_2_c_3_b) ⊃ P_27_201_2_c_3_c,P_52_227_3,Material Implication (Impl): Rule 15 [HIGH-RISK]; Conjunction (Conj): Rule 7,PENDING_REVIEW,PASS,PASS,Conditional mandatory. Two conjunctive conditions trigger use of Alternate III. HIGH-RISK due to material implication.,MEDIUM
27,27.201-2(d),P_27_201_2_d,Patent Indemnity - Construction Contracts clause requirements.,P_27_201_2_d: Patent indemnity construction clause requirements,P_27_201_2_d = P_27_201_2_d_1 ∧ P_27_201_2_d_2,None,Conjunction (Conj): Rule 7,VALIDATED,PASS,PASS,Parent proposition for 27.201-2(d)(1) and (d)(2).,HIGH
27,27.201-2(d)(1),P_27_201_2_d_1,"Insert the clause at 52.227-4, Patent Indemnity-Construction Contracts, in solicitations and contracts for construction or that are fixed-price for dismantling, demolition, or removal of improvements. Do not insert the clause in contracts solely for architect-engineer services.","P_27_201_2_d_1_a: Insert 52.227-4 in solicitations and contracts for construction; P_27_201_2_d_1_b: Insert 52.227-4 in fixed-price contracts for dismantling, demolition, or removal of improvements; P_27_201_2_d_1_c: Do not insert 52.227-4 in contracts solely for architect-engineer services",P_27_201_2_d_1 = (Construction ∨ FixedPriceDemolition) ∧ ~SolelyAE ⊃ InsertClause52_227_4,P_52_227_4,Material Implication (Impl): Rule 15 [HIGH-RISK]; Disjunction (Disj): Rule 8; Negation (Neg): Rule 10; Conjunction (Conj): Rule 7,PENDING_REVIEW,PASS,PASS,"Conditional with disjunctive trigger and negated exclusion. Either construction or fixed-price demolition triggers clause insertion, but solely AE contracts are excluded. HIGH-RISK due to material implication.",MEDIUM
27,27.201-2(d)(2),P_27_201_2_d_2,"If the contracting officer determines that the construction will necessarily involve the use of structures, products, materials, equipment, processes, or methods that are nonstandard, noncommercial, or special, the contracting officer may expressly exclude them from the patent indemnification by using the clause with its Alternate I.","P_27_201_2_d_2_a: CO determines construction involves nonstandard, noncommercial, or special items/methods; P_27_201_2_d_2_b: CO may exclude those items from patent indemnification using Alternate I",P_27_201_2_d_2 = P_27_201_2_d_2_a ⊃ (P_27_201_2_d_2_b ∨ ~P_27_201_2_d_2_b),None,Material Implication (Impl): Rule 15 [HIGH-RISK],PENDING_REVIEW,PASS,PASS,Permissive conditional. CO determination triggers discretionary authority to exclude. 'May' creates tautology in consequent. HIGH-RISK due to material implication.,MEDIUM
27,27.201-2(e),P_27_201_2_e,"When in the Government's interest, the agency head may exempt specific U.S. patents, as distinguished from items, from the patent indemnity clause. Upon written approval of the agency head, the contracting officer may insert the clause at 52.227-5, Waiver of Indemnity, in solicitations and contracts in addition to the appropriate patent indemnity clause.","P_27_201_2_e_a: Agency head may exempt specific US patents from patent indemnity clause when in Government interest; P_27_201_2_e_b: Upon written approval of agency head, CO may insert 52.227-5",P_27_201_2_e = (GovInterest ⊃ (P_27_201_2_e_a ∨ ~P_27_201_2_e_a)) ∧ (AgencyHeadApproval ⊃ (P_27_201_2_e_b ∨ ~P_27_201_2_e_b)),P_52_227_5,Material Implication (Impl): Rule 15 [HIGH-RISK]; Conjunction (Conj): Rule 7,PENDING_REVIEW,PASS,PASS,"Two permissive authorities. First: agency head may exempt patents. Second: upon written approval, CO may insert waiver clause. Both use 'may' creating tautologies. Written approval is prerequisite for second authority. HIGH-RISK due to material implication.",MEDIUM
27,27.201-2(f),P_27_201_2_f,"When in the Government's interest, the contracting officer may include a patent indemnity clause not otherwise prescribed in the solicitation and contract.",P_27_201_2_f_a: Government interest exists; P_27_201_2_f_b: CO may include patent indemnity clause not otherwise prescribed,P_27_201_2_f = P_27_201_2_f_a ⊃ (P_27_201_2_f_b ∨ ~P_27_201_2_f_b),None,Material Implication (Impl): Rule 15 [HIGH-RISK],PENDING_REVIEW,PASS,PASS,Permissive conditional. Government interest triggers discretionary authority. 'May' creates tautology. HIGH-RISK due to material implication.,MEDIUM
27,27.201-2(g),P_27_201_2_g,Do not include in any solicitation or contract any clause whereby the Government agrees to indemnify a contractor for patent infringement.,P_27_201_2_g: No solicitation or contract shall include a clause whereby the Government agrees to indemnify a contractor for patent infringement,~(GovIndemnifiesContractorForPatentInfringement),None,Negation (Neg): Rule 10,VALIDATED,PASS,PASS,Absolute prohibition. No conditions or exceptions. Negation captures the mandatory prohibition.,HIGH
27,27.202,P_27_202,Royalties.,P_27_202: Royalties requirements,P_27_202 = P_27_202_5,None,None (single active subsection),VALIDATED,PASS,PASS,Parent. Only 27.202-5 active; 27.202-1 through 27.202-4 reserved.,HIGH
27,27.202-5,P_27_202_5,Solicitation provisions and contract clause for royalties.,P_27_202_5: Royalty provisions and clause requirements,P_27_202_5 = P_27_202_5_a ∧ P_27_202_5_b ∧ P_27_202_5_c,None,Conjunction (Conj): Rule 7,VALIDATED,PASS,PASS,Parent for 27.202-5(a) through (c).,HIGH
27,27.202-5(a),P_27_202_5_a,Royalty Information provision requirements.,P_27_202_5_a: Royalty Information provision insertion requirements,P_27_202_5_a = P_27_202_5_a_1 ∧ P_27_202_5_a_2,None,Conjunction (Conj): Rule 7,VALIDATED,PASS,PASS,Parent for 27.202-5(a)(1) and (a)(2).,HIGH
27,27.202-5(a)(1),P_27_202_5_a_1,Insert provision substantially same as 52.227-6 in negotiated contract solicitations with royalty info desired and certified cost/pricing data under 15.403; or sealed bid solicitations with above-CO approval.,P_27_202_5_a_1: Insert 52.227-6 under specified conditions,P_27_202_5_a_1 = P_27_202_5_a_1_i ∨ P_27_202_5_a_1_ii,P_15_403; P_52_227_6,Disjunction (Disj): Rule 8,VALIDATED,PASS,PASS,Parent with two disjunctive trigger conditions.,HIGH
27,27.202-5(a)(1)(i),P_27_202_5_a_1_i,Any solicitation that may result in a negotiated contract for which royalty information is desired and for which certified cost or pricing data are obtained under 15.403.,P_27_202_5_a_1_i_a: Solicitation may result in negotiated contract; P_27_202_5_a_1_i_b: Royalty information desired; P_27_202_5_a_1_i_c: Certified cost or pricing data obtained under 15.403,(P_27_202_5_a_1_i_a ∧ P_27_202_5_a_1_i_b ∧ P_27_202_5_a_1_i_c) ⊃ Insert52_227_6,P_15_403,Material Implication (Impl): Rule 15 [HIGH-RISK]; Conjunction (Conj): Rule 7,PENDING_REVIEW,PASS,PASS,Three conjunctive conditions trigger mandatory insertion. HIGH-RISK.,MEDIUM
27,27.202-5(a)(1)(ii),P_27_202_5_a_1_ii,Sealed bid solicitations only if need for information approved above CO level as necessary for Government interest protection.,P_27_202_5_a_1_ii_a: Sealed bid solicitation; P_27_202_5_a_1_ii_b: Need approved above CO level; P_27_202_5_a_1_ii_c: Approval based on necessity for Government interest protection,(P_27_202_5_a_1_ii_a ∧ P_27_202_5_a_1_ii_b ∧ P_27_202_5_a_1_ii_c) ⊃ Insert52_227_6,None,Material Implication (Impl): Rule 15 [HIGH-RISK]; Conjunction (Conj): Rule 7,PENDING_REVIEW,PASS,PASS,Three conjunctive conditions for sealed bid use. Requires above-CO approval. HIGH-RISK.,MEDIUM
27,27.202-5(a)(2),P_27_202_5_a_2,"If solicitation is for communication services and facilities by common carrier, use provision with Alternate I.",P_27_202_5_a_2_a: Solicitation for common carrier communication services; P_27_202_5_a_2_b: Use 52.227-6 Alternate I,P_27_202_5_a_2_a ⊃ P_27_202_5_a_2_b,P_52_227_6,Material Implication (Impl): Rule 15 [HIGH-RISK],PENDING_REVIEW,PASS,PASS,Conditional mandatory. Common carrier triggers Alternate I. HIGH-RISK.,MEDIUM
27,27.202-5(b),P_27_202_5_b,"If 52.227-6 not included in solicitation, CO may require offerors to provide sufficient royalty information.",P_27_202_5_b_a: 52.227-6 not included; P_27_202_5_b_b: CO may require royalty information from offerors,~Include52_227_6 ⊃ (P_27_202_5_b_b ∨ ~P_27_202_5_b_b),P_52_227_6,Material Implication (Impl): Rule 15 [HIGH-RISK],PENDING_REVIEW,PASS,PASS,Permissive conditional. Absence of 52.227-6 triggers discretion. Tautology for 'may'. HIGH-RISK.,MEDIUM
27,27.202-5(c),P_27_202_5_c,"Insert 52.227-9, Refund of Royalties, in negotiated fixed-price solicitations/contracts when royalties may be paid. For FPI contracts change 'price' to 'target cost and target profit'. May be used in cost-reimbursement where agency approval of royalties is necessary.","P_27_202_5_c_a: Insert 52.227-9 in negotiated FP when royalties may be paid; P_27_202_5_c_b: For FPI, modify terminology; P_27_202_5_c_c: May use in cost-reimbursement where agency approval necessary",(NegFP ∧ RoyaltiesPossible ⊃ P_27_202_5_c_a) ∧ (FPI ⊃ P_27_202_5_c_b) ∧ (CostReimb ∧ AgencyApprovalNeeded ⊃ (P_27_202_5_c_c ∨ ~P_27_202_5_c_c)),P_52_227_9,Material Implication (Impl): Rule 15 [HIGH-RISK]; Conjunction (Conj): Rule 7,PENDING_REVIEW,PASS,PASS,"Three rules: mandatory FP insertion, mandatory FPI modification, permissive cost-reimbursement use. HIGH-RISK.",MEDIUM
27,27.203,P_27_203,Security requirements for patent applications containing classified subject matter.,P_27_203: Classified patent application security,P_27_203 = P_27_203_1 ∧ P_27_203_2,None,Conjunction (Conj): Rule 7,VALIDATED,PASS,PASS,Parent for 27.203-1 and 27.203-2.,HIGH
27,27.203-1,P_27_203_1,General security requirements.,P_27_203_1: General classified patent security requirements,P_27_203_1 = P_27_203_1_a ∧ P_27_203_1_b ∧ P_27_203_1_c ∧ P_27_203_1_d,None,Conjunction (Conj): Rule 7,VALIDATED,PASS,PASS,Parent for 27.203-1(a) through (d).,HIGH
27,27.203-1(a),P_27_203_1_a,Unauthorized disclosure of classified subject matter in patent applications may violate 18 U.S.C. 792 et seq. and be contrary to national security interests.,P_27_203_1_a_1: May violate 18 U.S.C. 792 et seq.; P_27_203_1_a_2: May be contrary to national security interests,P_27_203_1_a = P_27_203_1_a_1 ∧ P_27_203_1_a_2,USC_18,Conjunction (Conj): Rule 7,VALIDATED,PASS,PASS,Declarative warning. Two conjunctive consequences.,HIGH
27,27.203-1(b),P_27_203_1_b,"Upon receipt of patent application under 52.227-10, ascertain security classification. If classified, inform contractor of transmission procedures. If Secret or higher, notify within 30 days if possible.","P_27_203_1_b_a: Ascertain security classification upon receipt; P_27_203_1_b_b: If classified, inform contractor of procedures; P_27_203_1_b_c: If Secret+, notify within 30 days if possible",P_27_203_1_b_a ∧ (Classified ⊃ P_27_203_1_b_b) ∧ (SecretPlus ⊃ P_27_203_1_b_c),P_52_227_10,Conjunction (Conj): Rule 7; Material Implication (Impl): Rule 15 [HIGH-RISK],PENDING_REVIEW,PASS,PASS,Mandatory base action with two conditional branches. HIGH-RISK.,MEDIUM
27,27.203-1(c),P_27_203_1_c,"Upon receipt of contractor information under 52.227-10(d), promptly submit to legal counsel regarding application security.",P_27_203_1_c_a: Receive information under 52.227-10(d); P_27_203_1_c_b: Promptly submit to legal counsel,P_27_203_1_c_a ⊃ P_27_203_1_c_b,P_52_227_10,Material Implication (Impl): Rule 15 [HIGH-RISK],PENDING_REVIEW,PASS,PASS,Conditional mandatory. Receipt triggers submission. HIGH-RISK.,MEDIUM
27,27.203-1(d),P_27_203_1_d,Act promptly on foreign filing approval requests under 52.227-10(c) to avoid jeopardizing patent rights.,P_27_203_1_d_a: Foreign filing request received; P_27_203_1_d_b: Act promptly to preserve patent rights,P_27_203_1_d_a ⊃ P_27_203_1_d_b,P_52_227_10,Material Implication (Impl): Rule 15 [HIGH-RISK],PENDING_REVIEW,PASS,PASS,Conditional mandatory. Request triggers prompt action. HIGH-RISK.,MEDIUM
27,27.203-2,P_27_203_2,Insert 52.227-10 in all classified solicitations/contracts and where work may reasonably result in classified patent application.,P_27_203_2_a: Insert in classified solicitations/contracts; P_27_203_2_b: Insert where work may result in classified patent application,(Classified ∨ MayResultClassifiedPatent) ⊃ Insert52_227_10,P_52_227_10,Material Implication (Impl): Rule 15 [HIGH-RISK]; Disjunction (Disj): Rule 8,PENDING_REVIEW,PASS,PASS,Disjunctive trigger. Either condition mandates insertion. HIGH-RISK.,MEDIUM
27,27.300,P_27_300,"This subpart provides procedures, solicitation provisions, and contract clauses pertaining to inventions made in the performance of work under a Government contract or subcontract for experimental, developmental, or research work.",P_27_300: Subpart 27.3 covers inventions under Government contracts for experimental/developmental/research work,P_27_300,None,None (atomic statement),VALIDATED,PASS,PASS,Scope statement for subpart 27.3.,HIGH
27,27.301,P_27_301,Definitions for subpart 27.3.,P_27_301: Definitions applicable to subpart 27.3,P_27_301 = P_27_301_inv ∧ P_27_301_made ∧ P_27_301_np ∧ P_27_301_pa ∧ P_27_301_si,None,Conjunction (Conj): Rule 7,VALIDATED,PASS,PASS,Parent for five definitions.,HIGH
27,27.301_invention,P_27_301_inv,"Invention means any invention or discovery that is or may be patentable or otherwise protectable under title 35 of the U.S. Code, or any variety of plant protectable under the Plant Variety Protection Act (7 U.S.C. 2321 et seq.).",P_27_301_inv_a: Invention includes patentable/protectable inventions under 35 USC; P_27_301_inv_b: Invention includes protectable plant varieties under PVPA,P_27_301_inv = P_27_301_inv_a ∨ P_27_301_inv_b,USC_7,Disjunction (Disj): Rule 8,VALIDATED,PASS,PASS,Disjunctive definition. Either patentable invention or protectable plant variety qualifies.,HIGH
27,27.301_made,P_27_301_made,Definition of Made.,P_27_301_made: Definition of Made for inventions and plant varieties,P_27_301_made = P_27_301_made_1 ∨ P_27_301_made_2,None,Disjunction (Disj): Rule 8,VALIDATED,PASS,PASS,Parent for two context-dependent definitions.,HIGH
27,27.301_made(1),P_27_301_made_1,"When used in relation to any invention other than a plant variety, means the conception or first actual reduction to practice of the invention.","P_27_301_made_1_a: For non-plant inventions, Made means conception; P_27_301_made_1_b: For non-plant inventions, Made means first actual reduction to practice",~PlantVariety ⊃ (P_27_301_made_1_a ∨ P_27_301_made_1_b),None,Material Implication (Impl): Rule 15 [HIGH-RISK]; Disjunction (Disj): Rule 8,PENDING_REVIEW,PASS,PASS,Conditional disjunctive definition. Either conception or reduction to practice satisfies Made for non-plant inventions. HIGH-RISK.,MEDIUM
27,27.301_made(2),P_27_301_made_2,"When used in relation to a plant variety, means that the contractor has at least tentatively determined that the variety has been reproduced with recognized characteristics.","P_27_301_made_2: For plant varieties, Made means contractor tentatively determined variety reproduced with recognized characteristics",PlantVariety ⊃ P_27_301_made_2,None,Material Implication (Impl): Rule 15 [HIGH-RISK],PENDING_REVIEW,PASS,PASS,Conditional definition for plant varieties. HIGH-RISK.,MEDIUM
27,27.301_nonprofit,P_27_301_np,"Nonprofit organization means a university or other institution of higher education or an organization described in section 501(c)(3) of the IRC and exempt from taxation under 501(a), or any nonprofit scientific or educational organization qualified under a State nonprofit organization statute.",P_27_301_np_a: University or institution of higher education; P_27_301_np_b: Organization under IRC 501(c)(3) exempt under 501(a); P_27_301_np_c: State-qualified nonprofit scientific or educational organization,P_27_301_np = P_27_301_np_a ∨ P_27_301_np_b ∨ P_27_301_np_c,None,Disjunction (Disj): Rule 8,VALIDATED,PASS,PASS,Disjunctive definition. Any of three organizational types qualifies.,HIGH
27,27.301_practical,P_27_301_pa,"Practical application means to manufacture (composition/product), practice (process/method), or operate (machine/system) under conditions establishing utilization and public availability on reasonable terms.","P_27_301_pa_a: Manufacture, practice, or operate as applicable; P_27_301_pa_b: Under conditions establishing utilization; P_27_301_pa_c: Benefits available to public on reasonable terms",P_27_301_pa = P_27_301_pa_a ∧ P_27_301_pa_b ∧ P_27_301_pa_c,None,Conjunction (Conj): Rule 7,VALIDATED,PASS,PASS,Three conjunctive elements required for practical application.,HIGH
27,27.301_subject,P_27_301_si,Subject invention means any invention of the contractor made in the performance of work under a Government contract.,P_27_301_si_a: Invention of the contractor; P_27_301_si_b: Made in performance of work under Government contract,P_27_301_si = P_27_301_si_a ∧ P_27_301_si_b,None,Conjunction (Conj): Rule 7,VALIDATED,PASS,PASS,Two conjunctive elements define subject invention.,HIGH
27,27.303,P_27_303,Patent rights contract clauses.,P_27_303: Patent rights clause requirements,P_27_303 = P_27_303_a ∧ P_27_303_b ∧ P_27_303_c ∧ P_27_303_d ∧ P_27_303_e,None,Conjunction (Conj): Rule 7,VALIDATED,PASS,PASS,Parent for 27.303(a) through (e).,HIGH
27,27.303(a),P_27_303_a,Patent rights clause insertion requirements.,P_27_303_a: Insertion requirements for patent rights clauses,P_27_303_a = P_27_303_a_1 ∧ P_27_303_a_2 ∧ P_27_303_a_3,None,Conjunction (Conj): Rule 7,VALIDATED,PASS,PASS,Parent for 27.303(a)(1) through (a)(3).,HIGH
27,27.303(a)(1),P_27_303_a_1,"Insert a patent rights clause in all solicitations and contracts for experimental, developmental, or research work as prescribed in this section.",P_27_303_a_1: Insert patent rights clause in all experimental/developmental/research solicitations and contracts,(Experimental ∨ Developmental ∨ Research) ⊃ InsertPatentRightsClause,None,Material Implication (Impl): Rule 15 [HIGH-RISK]; Disjunction (Disj): Rule 8,PENDING_REVIEW,PASS,PASS,Conditional mandatory. Any of three work types triggers insertion. HIGH-RISK.,MEDIUM
27,27.303(a)(2),P_27_303_a_2,"This section also applies to construction/architect-engineer services that include experimental/developmental/research work, test and evaluation studies, or novel facility design.",P_27_303_a_2: Section applies to construction/AE with specified work types,P_27_303_a_2 = P_27_303_a_2_i ∨ P_27_303_a_2_ii ∨ P_27_303_a_2_iii,None,Disjunction (Disj): Rule 8,VALIDATED,PASS,PASS,Parent with three disjunctive applicability conditions.,HIGH
27,27.303(a)(2)(i),P_27_303_a_2_i,"Experimental, developmental, or research work.",P_27_303_a_2_i: Construction/AE includes experimental/developmental/research work,P_27_303_a_2_i,None,None (atomic statement),VALIDATED,PASS,PASS,Applicability condition.,HIGH
27,27.303(a)(2)(ii),P_27_303_a_2_ii,Test and evaluation studies.,P_27_303_a_2_ii: Construction/AE includes test and evaluation studies,P_27_303_a_2_ii,None,None (atomic statement),VALIDATED,PASS,PASS,Applicability condition.,HIGH
27,27.303(a)(2)(iii),P_27_303_a_2_iii,"The design of a Government facility that may involve novel structures, machines, products, materials, processes, or equipment.",P_27_303_a_2_iii: Construction/AE includes Government facility design with novel elements,P_27_303_a_2_iii,None,None (atomic statement),VALIDATED,PASS,PASS,Applicability condition.,HIGH
27,27.303(a)(3),P_27_303_a_3,Do not include patent rights clause for standard construction involving only variations in size/shape/capacity or purely artistic configurations.,P_27_303_a_3: Exclusion for standard types of construction,StandardConstruction ⊃ ~InsertPatentRightsClause,None,Material Implication (Impl): Rule 15 [HIGH-RISK]; Negation (Neg): Rule 10,PENDING_REVIEW,PASS,PASS,Conditional prohibition. Standard construction excludes patent rights clause. HIGH-RISK.,MEDIUM
27,27.303(a)(3)(i),P_27_303_a_3_i,"Variations in size, shape, or capacity of conventional structures.",P_27_303_a_3_i: Standard construction includes only size/shape/capacity variations,P_27_303_a_3_i,None,None (atomic statement),VALIDATED,PASS,PASS,Definition element of standard construction.,HIGH
27,27.303(a)(3)(ii),P_27_303_a_3_ii,"Purely artistic or aesthetic architectural configurations and designs, whether or not qualifying for design patent protection.",P_27_303_a_3_ii: Standard construction includes purely artistic/aesthetic configurations,P_27_303_a_3_ii,None,None (atomic statement),VALIDATED,PASS,PASS,Definition element of standard construction.,HIGH
27,27.303(b),P_27_303_b,Patent Rights-Ownership by Contractor clause and alternates.,P_27_303_b: 52.227-11 and alternate requirements,P_27_303_b = P_27_303_b_1 ∧ P_27_303_b_2 ∧ P_27_303_b_3 ∧ P_27_303_b_4 ∧ P_27_303_b_5 ∧ P_27_303_b_6 ∧ P_27_303_b_7,P_52_227_11,Conjunction (Conj): Rule 7,VALIDATED,PASS,PASS,Parent for 27.303(b)(1) through (b)(7).,HIGH
27,27.303(b)(1),P_27_303_b_1,"Unless an alternative patent rights clause is used per paragraph (c), (d), or (e), insert 52.227-11, Patent Rights-Ownership by the Contractor.","P_27_303_b_1_a: No alternative clause used per (c), (d), or (e); P_27_303_b_1_b: Insert 52.227-11",(~AltClause_c ∧ ~AltClause_d ∧ ~AltClause_e) ⊃ P_27_303_b_1_b,P_52_227_11,Material Implication (Impl): Rule 15 [HIGH-RISK]; Conjunction (Conj): Rule 7; Negation (Neg): Rule 10,PENDING_REVIEW,PASS,PASS,Default clause. Absence of alternatives triggers mandatory insertion of 52.227-11. HIGH-RISK.,MEDIUM
27,27.303(b)(2),P_27_303_b_2,CO may modify 52.227-11(e) or supplement the clause to require additional contractor reporting.,P_27_303_b_2: CO may require additional reporting requirements,P_27_303_b_2 = P_27_303_b_2_i ∨ P_27_303_b_2_ii ∨ P_27_303_b_2_iii ∨ P_27_303_b_2_iv,P_52_227_11,Disjunction (Disj): Rule 8,PENDING_REVIEW,PASS,PASS,Permissive parent. CO 'may' modify/supplement. Four optional reporting items. PENDING_REVIEW due to permissive authority.,MEDIUM
27,27.303(b)(2)(i),P_27_303_b_2_i,Provide periodic (not more frequently than annually) listings of all subject inventions required to be disclosed during the report period.,"P_27_303_b_2_i: Periodic subject invention listings, max annual frequency",P_27_303_b_2_i,None,None (atomic statement),VALIDATED,PASS,PASS,Optional reporting requirement.,HIGH
27,27.303(b)(2)(ii),P_27_303_b_2_ii,Provide a report prior to contract closeout listing all subject inventions or stating none.,P_27_303_b_2_ii: Pre-closeout subject invention report,P_27_303_b_2_ii,None,None (atomic statement),VALIDATED,PASS,PASS,Optional reporting requirement.,HIGH
27,27.303(b)(2)(iii),P_27_303_b_2_iii,"Provide filing date, serial number, title, patent number and issue date for any patent application on any subject invention.",P_27_303_b_2_iii: Patent application filing data,P_27_303_b_2_iii,None,None (atomic statement),VALIDATED,PASS,PASS,Optional reporting requirement.,HIGH
27,27.303(b)(2)(iv),P_27_303_b_2_iv,Furnish the Government an irrevocable power to inspect and make copies of patent application file when Government employee is co-inventor.,P_27_303_b_2_iv_a: Government employee is co-inventor; P_27_303_b_2_iv_b: Furnish irrevocable inspection power,GovCoInventor ⊃ P_27_303_b_2_iv_b,None,Material Implication (Impl): Rule 15 [HIGH-RISK],PENDING_REVIEW,PASS,PASS,Conditional. Co-inventor status triggers inspection right. HIGH-RISK.,MEDIUM
27,27.303(b)(3),P_27_303_b_3,Use 52.227-11 Alternate I if Government must grant foreign government sublicense pursuant to treaty or executive agreement. CO may modify if agency head determines national interest sublicensing.,P_27_303_b_3_a: Treaty/agreement requires foreign sublicense; P_27_303_b_3_b: Use Alternate I; P_27_303_b_3_c: CO may modify if agency head determines national interest,(TreatyRequiresSublicense ⊃ P_27_303_b_3_b) ∧ (AgencyHeadNationalInterest ⊃ (ModifyAltI ∨ ~ModifyAltI)),P_52_227_11,Material Implication (Impl): Rule 15 [HIGH-RISK]; Conjunction (Conj): Rule 7,PENDING_REVIEW,PASS,PASS,Mandatory use with permissive modification. Treaty triggers Alternate I. National interest determination creates modification discretion. HIGH-RISK.,MEDIUM
27,27.303(b)(4),P_27_303_b_4,Use 52.227-11 Alternate II in contracts that may be affected by existing or future treaties or agreements.,P_27_303_b_4_a: Contract may be affected by treaties/agreements; P_27_303_b_4_b: Use Alternate II,P_27_303_b_4_a ⊃ P_27_303_b_4_b,P_52_227_11,Material Implication (Impl): Rule 15 [HIGH-RISK],PENDING_REVIEW,PASS,PASS,Conditional mandatory. Treaty/agreement impact triggers Alternate II. HIGH-RISK.,MEDIUM
27,27.303(b)(5),P_27_303_b_5,Use 52.227-11 Alternate III in contracts with nonprofit organizations for operation of Government-owned facility.,P_27_303_b_5_a: Contract with nonprofit for Government-owned facility operation; P_27_303_b_5_b: Use Alternate III,(Nonprofit ∧ GovFacilityOp) ⊃ P_27_303_b_5_b,P_52_227_11,Material Implication (Impl): Rule 15 [HIGH-RISK]; Conjunction (Conj): Rule 7,PENDING_REVIEW,PASS,PASS,Conditional mandatory. Nonprofit + Gov facility triggers Alternate III. HIGH-RISK.,MEDIUM
27,27.303(b)(6),P_27_303_b_6,"If contract is for operation of Government-owned facility, CO may use 52.227-11 Alternate IV.",P_27_303_b_6_a: Contract for Government-owned facility operation; P_27_303_b_6_b: CO may use Alternate IV,GovFacilityOp ⊃ (P_27_303_b_6_b ∨ ~P_27_303_b_6_b),P_52_227_11,Material Implication (Impl): Rule 15 [HIGH-RISK],PENDING_REVIEW,PASS,PASS,Permissive conditional. Facility operation triggers discretion. Tautology for 'may'. HIGH-RISK.,MEDIUM
27,27.303(b)(7),P_27_303_b_7,"If contract is for services at Government lab directed to fulfill CRADA obligations under 15 U.S.C. 3710a, CO may use Alternate V. Must comply with 37 CFR 401.3(e) and 401.4.",P_27_303_b_7_a: Contract for services at Gov lab fulfilling CRADA; P_27_303_b_7_b: CO may use Alternate V; P_27_303_b_7_c: Must comply with 37 CFR 401.3(e) and 401.4,(CRADALabServices ⊃ (P_27_303_b_7_b ∨ ~P_27_303_b_7_b)) ∧ (P_27_303_b_7_b ⊃ P_27_303_b_7_c),CFR_37; USC_15,Material Implication (Impl): Rule 15 [HIGH-RISK]; Conjunction (Conj): Rule 7,PENDING_REVIEW,PASS,PASS,"Permissive with mandatory compliance condition. CRADA triggers discretion, but if used, CFR compliance is mandatory. HIGH-RISK.",MEDIUM
27,27.303(c),P_27_303_c,Insert patent rights clause per 27.304-2 procedures if solicitation/contract is on behalf of another Government agency.,P_27_303_c_a: Contract on behalf of another agency; P_27_303_c_b: Insert clause per 27.304-2,OnBehalfOtherAgency ⊃ P_27_303_c_b,P_27_304_2,Material Implication (Impl): Rule 15 [HIGH-RISK],PENDING_REVIEW,PASS,PASS,Conditional mandatory. Interagency context triggers specific procedures. HIGH-RISK.,MEDIUM
27,27.303(d),P_27_303_d,"Insert patent rights clause per agency procedures if for DoD, DOE, or NASA and contractor is other than small business or nonprofit.","P_27_303_d_a: Contract for DoD, DOE, or NASA; P_27_303_d_b: Contractor is not small business or nonprofit; P_27_303_d_c: Insert per agency procedures",(P_27_303_d_a ∧ P_27_303_d_b) ⊃ P_27_303_d_c,None,Material Implication (Impl): Rule 15 [HIGH-RISK]; Conjunction (Conj): Rule 7,PENDING_REVIEW,PASS,PASS,Conditional mandatory. Agency + non-SB/nonprofit triggers agency-specific procedures. HIGH-RISK.,MEDIUM
27,27.303(e),P_27_303_e,Government ownership exceptions.,P_27_303_e: Exceptions allowing Government patent ownership,P_27_303_e = P_27_303_e_1 ∧ P_27_303_e_2 ∧ P_27_303_e_3 ∧ P_27_303_e_4 ∧ P_27_303_e_5,None,Conjunction (Conj): Rule 7,VALIDATED,PASS,PASS,Parent for 27.303(e)(1) through (e)(5).,HIGH
27,27.303(e)(1),P_27_303_e_1,"Except as provided in (e)(2), and after compliance with 27.304-1(b), CO may insert 52.227-13 or agency clause if specified conditions exist.",P_27_303_e_1: CO may insert 52.227-13 under four conditions,(P_27_303_e_1_i ∨ P_27_303_e_1_ii ∨ P_27_303_e_1_iii ∨ P_27_303_e_1_iv) ⊃ (Insert52_227_13 ∨ ~Insert52_227_13),P_27_304_1_b; P_52_227_13,Material Implication (Impl): Rule 15 [HIGH-RISK]; Disjunction (Disj): Rule 8,PENDING_REVIEW,PASS,PASS,Permissive conditional with four disjunctive triggers. Any condition enables discretion. Tautology for 'may'. HIGH-RISK.,MEDIUM
27,27.303(e)(1)(i),P_27_303_e_1_i,"Contractor not located in US, no US place of business, or subject to foreign government control.",P_27_303_e_1_i: Contractor is foreign-located or foreign-controlled,P_27_303_e_1_i,None,None (atomic statement),VALIDATED,PASS,PASS,Exception trigger condition.,HIGH
27,27.303(e)(1)(ii),P_27_303_e_1_ii,Exceptional circumstances where agency head determines restriction/elimination of title retention better promotes 35 USC chapter 18 policy.,P_27_303_e_1_ii: Exceptional circumstances determination by agency head,P_27_303_e_1_ii,None,None (atomic statement),VALIDATED,PASS,PASS,Exception trigger condition.,HIGH
27,27.303(e)(1)(iii),P_27_303_e_1_iii,Foreign intelligence/counterintelligence authority determines restriction necessary for security.,P_27_303_e_1_iii: Intel/CI authority security determination,P_27_303_e_1_iii,None,None (atomic statement),VALIDATED,PASS,PASS,Exception trigger condition.,HIGH
27,27.303(e)(1)(iv),P_27_303_e_1_iv,Contract includes operation of DOE GOCO facility primarily dedicated to naval nuclear propulsion or weapons programs.,P_27_303_e_1_iv: DOE GOCO naval nuclear/weapons facility,P_27_303_e_1_iv,None,None (atomic statement),VALIDATED,PASS,PASS,Exception trigger condition.,HIGH
27,27.303(e)(2),P_27_303_e_2,"If agency exercises exceptions (e)(1)(ii) or (iii) with small business/nonprofit, use 52.227-11 with modifications and include greater rights procedures equivalent to 52.227-13(b)(2).",P_27_303_e_2_a: Agency exercises (e)(1)(ii) or (iii) exceptions; P_27_303_e_2_b: Contract with small business or nonprofit; P_27_303_e_2_c: Use modified 52.227-11 with greater rights procedures,(P_27_303_e_2_a ∧ P_27_303_e_2_b) ⊃ P_27_303_e_2_c,P_52_227_11; P_52_227_13,Material Implication (Impl): Rule 15 [HIGH-RISK]; Conjunction (Conj): Rule 7,PENDING_REVIEW,PASS,PASS,Conditional mandatory. SB/nonprofit exception handling requires modified approach. HIGH-RISK.,MEDIUM
27,27.303(e)(3),P_27_303_e_3,"When using 52.227-13, CO may supplement to require additional contractor obligations.",P_27_303_e_3: Permissive supplemental requirements under 52.227-13,P_27_303_e_3 = P_27_303_e_3_i ∨ P_27_303_e_3_ii ∨ P_27_303_e_3_iii ∨ P_27_303_e_3_iv,P_52_227_13,Disjunction (Disj): Rule 8,PENDING_REVIEW,PASS,PASS,Permissive parent. CO 'may' supplement. Four optional requirements.,MEDIUM
27,27.303(e)(3)(i),P_27_303_e_3_i,Furnish subcontract copies containing patent rights clauses (no duplicates if furnished elsewhere).,P_27_303_e_3_i: Subcontract copies with patent rights clauses,P_27_303_e_3_i,None,None (atomic statement),VALIDATED,PASS,PASS,Optional supplemental requirement.,HIGH
27,27.303(e)(3)(ii),P_27_303_e_3_ii,Submit interim and final invention reports listing subject inventions and notifying CO of R&D subcontracts.,P_27_303_e_3_ii: Invention reports and subcontract notification,P_27_303_e_3_ii,None,None (atomic statement),VALIDATED,PASS,PASS,Optional supplemental requirement.,HIGH
27,27.303(e)(3)(iii),P_27_303_e_3_iii,Provide patent application filing data for any subject invention in any country.,P_27_303_e_3_iii: Patent application filing data,P_27_303_e_3_iii,None,None (atomic statement),VALIDATED,PASS,PASS,Optional supplemental requirement.,HIGH
27,27.303(e)(3)(iv),P_27_303_e_3_iv,Submit periodic reports on utilization of subject inventions.,P_27_303_e_3_iv: Utilization reports,P_27_303_e_3_iv,None,None (atomic statement),VALIDATED,PASS,PASS,Optional supplemental requirement.,HIGH
27,27.303(e)(4),P_27_303_e_4,Use 52.227-13 Alternate I if Government must grant foreign sublicense or agency head determines national interest sublicensing.,P_27_303_e_4: Alternate I for foreign sublicensing,P_27_303_e_4 = P_27_303_e_4_i ∨ P_27_303_e_4_ii,P_52_227_13,Disjunction (Disj): Rule 8,VALIDATED,PASS,PASS,Parent with two disjunctive trigger conditions.,HIGH
27,27.303(e)(4)(i),P_27_303_e_4_i,Government must grant foreign government sublicense pursuant to treaty or executive agreement.,P_27_303_e_4_i: Treaty/agreement requires foreign sublicense,TreatyRequiresSublicense ⊃ UseAltI_52_227_13,None,Material Implication (Impl): Rule 15 [HIGH-RISK],PENDING_REVIEW,PASS,PASS,Conditional mandatory. Treaty obligation triggers Alternate I. HIGH-RISK.,MEDIUM
27,27.303(e)(4)(ii),P_27_303_e_4_ii,Agency head determines national interest to sublicense foreign governments pursuant to treaty or agreement at contract award.,P_27_303_e_4_ii: National interest determination for sublicensing,AgencyHeadNationalInterest ⊃ UseAltI_52_227_13,None,Material Implication (Impl): Rule 15 [HIGH-RISK],PENDING_REVIEW,PASS,PASS,Conditional mandatory. National interest determination triggers Alternate I. HIGH-RISK.,MEDIUM
27,27.303(e)(5),P_27_303_e_5,Use 52.227-13 Alternate II when necessary to effectuate existing or future treaty or agreement.,P_27_303_e_5_a: Necessary to effectuate treaty/agreement; P_27_303_e_5_b: Use Alternate II,TreatyEffectuation ⊃ P_27_303_e_5_b,P_52_227_13,Material Implication (Impl): Rule 15 [HIGH-RISK],PENDING_REVIEW,PASS,PASS,Conditional mandatory. Treaty effectuation triggers Alternate II. HIGH-RISK.,MEDIUM
27,27.304,P_27_304,Procedures.,P_27_304: Patent rights procedures,P_27_304 = P_27_304_1 ∧ P_27_304_2 ∧ P_27_304_3 ∧ P_27_304_4,None,Conjunction (Conj): Rule 7,VALIDATED,PASS,PASS,Parent for 27.304-1 through 27.304-4.,HIGH
27,27.304-1,P_27_304_1,General procedures.,P_27_304_1: General patent rights procedures,P_27_304_1 = P_27_304_1_b ∧ P_27_304_1_c ∧ P_27_304_1_d ∧ P_27_304_1_e ∧ P_27_304_1_f ∧ P_27_304_1_g ∧ P_27_304_1_h,None,Conjunction (Conj): Rule 7,VALIDATED,PASS,PASS,Parent. (a) is reserved.,HIGH
27,27.304-1(b),P_27_304_1_b,Exceptions procedures.,P_27_304_1_b: Exception procedures,P_27_304_1_b = P_27_304_1_b_1 ∧ P_27_304_1_b_2,None,Conjunction (Conj): Rule 7,VALIDATED,PASS,PASS,Parent for (b)(1) and (b)(2).,HIGH
27,27.304-1(b)(1),P_27_304_1_b_1,"Before using exceptions under 27.303(e)(1) with SB/nonprofit or 27.303(e)(1)(ii) for any contractor, agency must follow 37 CFR 401.",P_27_304_1_b_1_a: Using exceptions with SB/nonprofit or (e)(1)(ii) for any contractor; P_27_304_1_b_1_b: Agency must follow 37 CFR 401,P_27_304_1_b_1_a ⊃ P_27_304_1_b_1_b,CFR_37; P_27_303_e_1,Material Implication (Impl): Rule 15 [HIGH-RISK],PENDING_REVIEW,PASS,PASS,Conditional mandatory. Exception use triggers CFR compliance. HIGH-RISK.,MEDIUM
27,27.304-1(b)(2),P_27_304_1_b_2,Small business/nonprofit entitled to administrative review of exceptions at 27.303(e)(1)(i) through (iv) per agency procedures and 37 CFR part 401.,P_27_304_1_b_2_a: Contractor is SB or nonprofit; P_27_304_1_b_2_b: Entitled to administrative review of exception use,(SBorNonprofit) ⊃ P_27_304_1_b_2_b,CFR_37; P_27_303_e_1,Material Implication (Impl): Rule 15 [HIGH-RISK],PENDING_REVIEW,PASS,PASS,Conditional right. SB/nonprofit status triggers entitlement. HIGH-RISK.,MEDIUM
27,27.304-1(c),P_27_304_1_c,"Greater rights determinations. Contractor may request greater rights when contract contains 52.227-13 or modified clause. CO may grant if interests of US and public better served, considering four objectives.",P_27_304_1_c_a: Contract contains 52.227-13 or modified clause; P_27_304_1_c_b: Contractor may request greater rights; P_27_304_1_c_c: CO may grant if US/public interests better served,P_27_304_1_c = (P_27_304_1_c_a ⊃ (P_27_304_1_c_b ∨ ~P_27_304_1_c_b)) ∧ (P_27_304_1_c_b ⊃ (P_27_304_1_c_c ∨ ~P_27_304_1_c_c)) ∧ P_27_304_1_c_1 ∧ P_27_304_1_c_2 ∧ P_27_304_1_c_3 ∧ P_27_304_1_c_4,P_52_227_13,Material Implication (Impl): Rule 15 [HIGH-RISK]; Conjunction (Conj): Rule 7,PENDING_REVIEW,PASS,PASS,"Two-stage permissive: contractor may request, CO may grant. Four consideration factors are mandatory when granting. HIGH-RISK.",MEDIUM
27,27.304-1(c)(1),P_27_304_1_c_1,Promoting utilization of inventions arising from federally supported R&D.,P_27_304_1_c_1: Greater rights objective - utilization promotion,P_27_304_1_c_1,None,None (atomic statement),VALIDATED,PASS,PASS,Consideration factor for greater rights.,HIGH
27,27.304-1(c)(2),P_27_304_1_c_2,Ensuring inventions promote full and open competition and free enterprise without encumbering future research.,P_27_304_1_c_2: Greater rights objective - competition,P_27_304_1_c_2,None,None (atomic statement),VALIDATED,PASS,PASS,Consideration factor for greater rights.,HIGH
27,27.304-1(c)(3),P_27_304_1_c_3,Promoting public availability of US inventions by US industry and labor.,P_27_304_1_c_3: Greater rights objective - public availability,P_27_304_1_c_3,None,None (atomic statement),VALIDATED,PASS,PASS,Consideration factor for greater rights.,HIGH
27,27.304-1(c)(4),P_27_304_1_c_4,Ensuring Government obtains sufficient rights to meet needs and protect public against nonuse or unreasonable use.,P_27_304_1_c_4: Greater rights objective - Government rights,P_27_304_1_c_4,None,None (atomic statement),VALIDATED,PASS,PASS,Consideration factor for greater rights.,HIGH
27,27.304-1(d),P_27_304_1_d,"If contractor elects not to retain title, agency may consider and grant inventor retention of rights, subject to specified clause conditions.",P_27_304_1_d_a: Contractor elects not to retain title; P_27_304_1_d_b: Agency may grant inventor retention after consulting contractor,~ContractorRetainsTitle ⊃ (P_27_304_1_d_b ∨ ~P_27_304_1_d_b),None,Material Implication (Impl): Rule 15 [HIGH-RISK],PENDING_REVIEW,PASS,PASS,Permissive conditional. Contractor declination enables discretionary inventor retention. HIGH-RISK.,MEDIUM
27,27.304-1(e),P_27_304_1_e,"When Government employee is co-inventor under SB/nonprofit contract, agency may license or assign rights to contractor, subject to 35 U.S.C. 202-204.",P_27_304_1_e_a: Government employee co-inventor under SB/nonprofit contract; P_27_304_1_e_b: Agency may license or assign rights to contractor,(GovCoInventor ∧ SBorNonprofit) ⊃ (P_27_304_1_e_b ∨ ~P_27_304_1_e_b),USC_35,Material Implication (Impl): Rule 15 [HIGH-RISK]; Conjunction (Conj): Rule 7,PENDING_REVIEW,PASS,PASS,Permissive conditional. Co-inventor + SB/nonprofit triggers discretion. HIGH-RISK.,MEDIUM
27,27.304-1(f),P_27_304_1_f,"Before revoking or modifying contractor license, CO must provide written notice. Agency must allow at least 30 days to show cause. Contractor has right to appeal per 37 CFR part 404.",P_27_304_1_f_a: CO must provide written notice before revocation/modification; P_27_304_1_f_b: Agency must allow at least 30 days to show cause; P_27_304_1_f_c: Contractor has appeal right per 37 CFR part 404,P_27_304_1_f = P_27_304_1_f_a ∧ P_27_304_1_f_b ∧ P_27_304_1_f_c,CFR_37,Conjunction (Conj): Rule 7,VALIDATED,PASS,PASS,Three mandatory procedural requirements for revocation/modification. All must be followed.,HIGH
27,27.304-1(g),P_27_304_1_g,"When exercising march-in rights, agencies shall follow procedures in 37 CFR 401.6.",P_27_304_1_g_a: Exercising march-in rights; P_27_304_1_g_b: Follow 37 CFR 401.6 procedures,MarchInRights ⊃ P_27_304_1_g_b,CFR_37,Material Implication (Impl): Rule 15 [HIGH-RISK],PENDING_REVIEW,PASS,PASS,Conditional mandatory. 'Shall' with march-in triggers CFR compliance. HIGH-RISK.,MEDIUM
27,27.304-1(h),P_27_304_1_h,"If contractor is nonprofit, paragraph (i) of 52.227-11 provides that certain contractor actions require agency approval.",P_27_304_1_h_a: Contractor is nonprofit; P_27_304_1_h_b: Certain actions under 52.227-11(i) require agency approval,Nonprofit ⊃ P_27_304_1_h_b,P_52_227_11,Material Implication (Impl): Rule 15 [HIGH-RISK],PENDING_REVIEW,PASS,PASS,Conditional mandatory. Nonprofit status triggers approval requirements. HIGH-RISK.,MEDIUM
27,27.304-2,P_27_304_2,Contracts placed by or for other Government agencies.,P_27_304_2: Interagency contract procedures,P_27_304_2 = P_27_304_2_a ∧ P_27_304_2_b ∧ P_27_304_2_c,None,Conjunction (Conj): Rule 7,VALIDATED,PASS,PASS,Parent for (a) through (c).,HIGH
27,27.304-2(a),P_27_304_2_a,Interagency patent rights clause selection.,P_27_304_2_a: Clause selection for interagency contracts,P_27_304_2_a = P_27_304_2_a_1 ∧ P_27_304_2_a_2 ∧ P_27_304_2_a_3,None,Conjunction (Conj): Rule 7,VALIDATED,PASS,PASS,Parent with three scenarios.,HIGH
27,27.304-2(a)(1),P_27_304_2_a_1,"If requesting agency clause required and work not severable and funded by requesting agency, use requesting agency clause only.",P_27_304_2_a_1_a: Agency clause required; P_27_304_2_a_1_b: Work not severable; P_27_304_2_a_1_c: Funded by requesting agency; P_27_304_2_a_1_d: Use requesting agency clause only,(P_27_304_2_a_1_a ∧ P_27_304_2_a_1_b ∧ P_27_304_2_a_1_c) ⊃ P_27_304_2_a_1_d,None,Material Implication (Impl): Rule 15 [HIGH-RISK]; Conjunction (Conj): Rule 7,PENDING_REVIEW,PASS,PASS,Conditional mandatory with three conjunctive triggers. HIGH-RISK.,MEDIUM
27,27.304-2(a)(2),P_27_304_2_a_2,"If agency clause required and work severable, apply requesting agency clause to severable portion and appropriate clause to awarding agency work.",P_27_304_2_a_2_a: Agency clause required and work severable; P_27_304_2_a_2_b: Apply requesting clause to severable portion; P_27_304_2_a_2_c: Apply appropriate clause to awarding agency work,(AgencyClauseRequired ∧ Severable) ⊃ (P_27_304_2_a_2_b ∧ P_27_304_2_a_2_c),None,Material Implication (Impl): Rule 15 [HIGH-RISK]; Conjunction (Conj): Rule 7,PENDING_REVIEW,PASS,PASS,Conditional mandatory. Split application required for severable work. HIGH-RISK.,MEDIUM
27,27.304-2(a)(3),P_27_304_2_a_3,"If requesting agency clause not required, use appropriate patent rights clause.",P_27_304_2_a_3_a: Requesting agency clause not required; P_27_304_2_a_3_b: Use appropriate patent rights clause,~AgencyClauseRequired ⊃ P_27_304_2_a_3_b,None,Material Implication (Impl): Rule 15 [HIGH-RISK]; Negation (Neg): Rule 10,PENDING_REVIEW,PASS,PASS,Conditional mandatory. Absence of agency requirement triggers standard approach. HIGH-RISK.,MEDIUM
27,27.304-2(b),P_27_304_2_b,Requesting agency responsible for determinations/deviations. Do not alter requesting agency clause without prior approval.,P_27_304_2_b_a: Requesting agency responsible for determinations; P_27_304_2_b_b: Do not alter clause without prior approval,P_27_304_2_b = P_27_304_2_b_a ∧ ~(AlterClauseWithoutApproval),None,Conjunction (Conj): Rule 7; Negation (Neg): Rule 10,VALIDATED,PASS,PASS,Two requirements: responsibility assignment and alteration prohibition.,HIGH
27,27.304-2(c),P_27_304_2_c,Requesting agency may require invention disclosure forwarding/handling instructions. Establish administration responsibility before awarding contracts.,P_27_304_2_c_a: Requesting agency may require disclosure handling; P_27_304_2_c_b: Establish administration responsibility before award,P_27_304_2_c = (P_27_304_2_c_a ∨ ~P_27_304_2_c_a) ∧ P_27_304_2_c_b,None,Conjunction (Conj): Rule 7,VALIDATED,PASS,PASS,Permissive element (may require) with mandatory element (establish responsibility).,HIGH
27,27.304-3,P_27_304_3,Subcontracts.,P_27_304_3: Subcontract patent policies,P_27_304_3 = P_27_304_3_a ∧ P_27_304_3_b ∧ P_27_304_3_c,None,Conjunction (Conj): Rule 7,VALIDATED,PASS,PASS,Parent.,HIGH
27,27.304-3(a),P_27_304_3_a,Subpart policies apply to all subcontracts at any tier.,P_27_304_3_a: Universal subcontract applicability,P_27_304_3_a,None,None (atomic),VALIDATED,PASS,PASS,Universal applicability.,HIGH
27,27.304-3(b),P_27_304_3_b,Consult counsel when clause inclusion disputed.,P_27_304_3_b: Counsel consultation for disputes,ClauseDisputed ⊃ ConsultCounsel,None,Material Implication (Impl): Rule 15 [HIGH-RISK],PENDING_REVIEW,PASS,PASS,Conditional mandatory. HIGH-RISK.,MEDIUM
27,27.304-3(c),P_27_304_3_c,Contractors must not use subcontracting as leverage for invention rights.,P_27_304_3_c: Anti-leverage prohibition,~SubcontractLeverage,None,Negation (Neg): Rule 10,VALIDATED,PASS,PASS,Absolute prohibition.,HIGH
27,27.304-4,P_27_304_4,Appeals.,P_27_304_4: Appeal procedures,P_27_304_4 = P_27_304_4_a ∧ P_27_304_4_b ∧ P_27_304_4_c,None,Conjunction (Conj): Rule 7,VALIDATED,PASS,PASS,Parent.,HIGH
27,27.304-4(a),P_27_304_4_a,Written statement required for four types of agency actions.,P_27_304_4_a: Written statement triggers,(P_27_304_4_a_1 ∨ P_27_304_4_a_2 ∨ P_27_304_4_a_3 ∨ P_27_304_4_a_4) ⊃ WrittenStatement,None,Material Implication (Impl): Rule 15 [HIGH-RISK]; Disjunction (Disj): Rule 8,PENDING_REVIEW,PASS,PASS,Any action triggers statement. HIGH-RISK.,MEDIUM
27,27.304-4(a)(1),P_27_304_4_a_1,Refusal to extend invention disclosure period.,P_27_304_4_a_1: Disclosure extension refusal,P_27_304_4_a_1,None,None (atomic),VALIDATED,PASS,PASS,Appealable action.,HIGH
27,27.304-4(a)(2),P_27_304_4_a_2,Demand for title conveyance.,P_27_304_4_a_2: Title conveyance demand,P_27_304_4_a_2,None,None (atomic),VALIDATED,PASS,PASS,Appealable action.,HIGH
27,27.304-4(a)(3),P_27_304_4_a_3,Refusal to waive US industry preference.,P_27_304_4_a_3: Preference waiver refusal,P_27_304_4_a_3,None,None (atomic),VALIDATED,PASS,PASS,Appealable action.,HIGH
27,27.304-4(a)(4),P_27_304_4_a_4,Refusal to approve assignment under 27.304-1(h).,P_27_304_4_a_4: Assignment refusal,P_27_304_4_a_4,P_27_304_1_h,None (atomic),VALIDATED,PASS,PASS,Appealable action.,HIGH
27,27.304-4(b),P_27_304_4_b,Agency may establish appeal procedures with due process. Resolution must consider factual/legal basis and 35 USC consistency.,P_27_304_4_b_a: May establish procedures; P_27_304_4_b_b: Resolution must consider basis and statutory consistency,(EstablishProc ∨ ~EstablishProc) ∧ P_27_304_4_b_b,None,Conjunction (Conj): Rule 7,PENDING_REVIEW,PASS,PASS,Permissive establishment with mandatory resolution standards. 'Should' for due process is advisory.,MEDIUM
27,27.304-4(c),P_27_304_4_c,Contract Disputes statute appeals satisfy (b) requirements.,P_27_304_4_c: CDA satisfies appeal needs,CDAApplicable ⊃ SatisfiesReqs,None,Material Implication (Impl): Rule 15 [HIGH-RISK],PENDING_REVIEW,PASS,PASS,Conditional. HIGH-RISK.,MEDIUM
27,27.306,P_27_306,Licensing background patent rights to third parties.,P_27_306: Third-party licensing,P_27_306 = P_27_306_a ∧ P_27_306_b,None,Conjunction (Conj): Rule 7,VALIDATED,PASS,PASS,Parent.,HIGH
27,27.306(a),P_27_306_a,SB/nonprofit contracts must not contain third-party licensing unless agency head approves with two findings.,P_27_306_a: Prohibition with narrow exception,~ThirdPartyLicense ∨ (AgencyHeadApproval ∧ P_27_306_a_1 ∧ P_27_306_a_2),None,Negation (Neg): Rule 10; Conjunction (Conj): Rule 7; Disjunction (Disj): Rule 8,VALIDATED,PASS,PASS,Default prohibition with highest-level exception.,HIGH
27,27.306(a)(1),P_27_306_a_1,Third-party use necessary for subject invention practice or work object use.,P_27_306_a_1: Necessity finding,P_27_306_a_1,None,None (atomic),VALIDATED,PASS,PASS,Required finding.,HIGH
27,27.306(a)(2),P_27_306_a_2,Action necessary for practical application.,P_27_306_a_2: Practical application finding,P_27_306_a_2,None,None (atomic),VALIDATED,PASS,PASS,Required finding.,HIGH
27,27.306(b),P_27_306_b,On-record determination after hearing. Certified/registered mail with 60-day judicial review notice.,P_27_306_b_a: On-record after hearing; P_27_306_b_b: Certified mail; P_27_306_b_c: 60-day review notice,P_27_306_b_a ∧ P_27_306_b_b ∧ P_27_306_b_c,None,Conjunction (Conj): Rule 7,VALIDATED,PASS,PASS,Three mandatory procedural requirements.,HIGH
27,27.400,P_27_400,"Subpart 27.4 scope: data rights, copyrights, data acquisition. Applies to all executive agencies except DOD.",P_27_400_a: Covers data rights/copyrights/acquisition; P_27_400_b: All executive agencies except DOD,P_27_400_a ∧ P_27_400_b,None,Conjunction (Conj): Rule 7,VALIDATED,PASS,PASS,Scope with DOD exclusion.,HIGH
27,27.401,P_27_401,Definitions for subpart 27.4.,P_27_401: Seven definitions,P_27_401 = P_27_401_data ∧ P_27_401_fff ∧ P_27_401_lr ∧ P_27_401_lrd ∧ P_27_401_rcs ∧ P_27_401_rr ∧ P_27_401_ur,None,Conjunction (Conj): Rule 7,VALIDATED,PASS,PASS,Parent.,HIGH
27,27.401_data,P_27_401_data,Data: recorded information regardless of form/media. Includes technical data and computer software. Excludes administrative info.,P_27_401_data_a: Recorded info; P_27_401_data_b: Includes tech data/software; P_27_401_data_c: Excludes admin info,P_27_401_data_a ∧ P_27_401_data_b ∧ ~AdminInfo,None,Conjunction (Conj): Rule 7; Negation (Neg): Rule 10,VALIDATED,PASS,PASS,Inclusive definition with exclusion.,HIGH
27,27.401_fff,P_27_401_fff,"Form, fit, and function data: data enabling interchangeability. For software excludes source code/algorithms/formulas/flow charts.",P_27_401_fff: FFF data definition,P_27_401_fff,None,None (atomic),VALIDATED,PASS,PASS,Definition.,HIGH
27,27.401_lr,P_27_401_lr,Limited rights: Government rights in LRD per Limited Rights Notice.,P_27_401_lr: Limited rights definition,P_27_401_lr,None,None (atomic),VALIDATED,PASS,PASS,Definition.,HIGH
27,27.401_lrd,P_27_401_lrd,"Limited rights data: non-software data embodying trade secrets or commercial/financial confidential/privileged, pertaining to privately developed items.",P_27_401_lrd_a: Not software; P_27_401_lrd_b: Trade secret or confidential; P_27_401_lrd_c: Privately developed items,P_27_401_lrd_a ∧ P_27_401_lrd_b ∧ P_27_401_lrd_c,None,Conjunction (Conj): Rule 7,VALIDATED,PASS,PASS,Three conjunctive elements.,HIGH
27,27.401_rcs,P_27_401_rcs,"Restricted computer software: privately developed software that is trade secret, confidential, or copyrighted.",P_27_401_rcs_a: Privately developed; P_27_401_rcs_b: Trade secret/confidential/copyrighted,P_27_401_rcs_a ∧ P_27_401_rcs_b,None,Conjunction (Conj): Rule 7,VALIDATED,PASS,PASS,Two conjunctive elements.,HIGH
27,27.401_rr,P_27_401_rr,Restricted rights: Government rights in RCS per Restricted Rights Notice.,P_27_401_rr: Restricted rights definition,P_27_401_rr,None,None (atomic),VALIDATED,PASS,PASS,Definition.,HIGH
27,27.401_ur,P_27_401_ur,Unlimited rights: full Government use/disclose/reproduce/derivative/distribute/perform/display rights.,P_27_401_ur: Unlimited rights definition,P_27_401_ur,None,None (atomic),VALIDATED,PASS,PASS,Comprehensive definition.,HIGH
27,27.403,P_27_403,Contracts requiring data must contain rights terms. Clauses address rights not deliverables. Contract must specify data.,P_27_403_a: Must contain rights terms; P_27_403_b: Clauses address rights; P_27_403_c: Contract specifies data,P_27_403_a ∧ P_27_403_b ∧ P_27_403_c,None,Conjunction (Conj): Rule 7,VALIDATED,PASS,PASS,Three mandatory requirements.,HIGH
27,27.404,P_27_404,Basic rights in data clause. Operation of 52.227-14 and 52.227-15.,P_27_404: Basic data rights operations,P_27_404 = P_27_404_1 ∧ P_27_404_2 ∧ P_27_404_3 ∧ P_27_404_4 ∧ P_27_404_5 ∧ P_27_404_6,P_52_227_14; P_52_227_15,Conjunction (Conj): Rule 7,VALIDATED,PASS,PASS,Parent.,HIGH
27,27.404-1,P_27_404_1,Government acquires unlimited rights in four data categories except copyrighted works per 27.404-3.,P_27_404_1: Unlimited rights categories,P_27_404_1 = P_27_404_1_a ∧ P_27_404_1_b ∧ P_27_404_1_c ∧ P_27_404_1_d,P_27_404_3,Conjunction (Conj): Rule 7,VALIDATED,PASS,PASS,Parent for four categories.,HIGH
27,27.404-1(a),P_27_404_1_a,Data first produced under contract (except minor mods to LRD/RCS).,P_27_404_1_a: First-produced data unlimited rights,FirstProduced ∧ ~MinorModLRDRCS,None,Conjunction (Conj): Rule 7; Negation (Neg): Rule 10,VALIDATED,PASS,PASS,Unlimited with narrow exception.,HIGH
27,27.404-1(b),P_27_404_1_b,"Form, fit, and function data delivered under contract.",P_27_404_1_b: FFF data unlimited rights,P_27_404_1_b,None,None (atomic),VALIDATED,PASS,PASS,Unlimited rights category.,HIGH
27,27.404-1(c),P_27_404_1_c,Manuals/training materials for delivered items (except with restricted software).,P_27_404_1_c: Manuals unlimited rights,P_27_404_1_c ∧ ~WithRCS,None,Conjunction (Conj): Rule 7; Negation (Neg): Rule 10,VALIDATED,PASS,PASS,Unlimited with exception.,HIGH
27,27.404-1(d),P_27_404_1_d,All other data except LRD or RCS.,P_27_404_1_d: Residual unlimited rights,~LRD ∧ ~RCS,None,Conjunction (Conj): Rule 7; Negation (Neg): Rule 10,VALIDATED,PASS,PASS,Catch-all with two exceptions.,HIGH
27,27.404-2,P_27_404_2,Limited rights data and restricted computer software.,P_27_404_2: LRD and RCS protections,P_27_404_2 = P_27_404_2_a ∧ P_27_404_2_b ∧ P_27_404_2_c ∧ P_27_404_2_d,None,Conjunction (Conj): Rule 7,VALIDATED,PASS,PASS,Parent for (a) through (d).,HIGH
27,27.404-2(a),P_27_404_2_a,52.227-14 enables contractor to protect LRD/RCS by withholding and delivering FFF data.,P_27_404_2_a: Contractor may withhold LRD/RCS,P_27_404_2_a,P_52_227_14,None (atomic),VALIDATED,PASS,PASS,Protective mechanism.,HIGH
27,27.404-2(b),P_27_404_2_b,Agency may adopt alternate LRD definition in Alternate I for non-Government items contracts.,P_27_404_2_b: Permissive alternate definition,~ItemsForGov ⊃ (AdoptAltDef ∨ ~AdoptAltDef),None,Material Implication (Impl): Rule 15 [HIGH-RISK],PENDING_REVIEW,PASS,PASS,Permissive conditional. HIGH-RISK.,MEDIUM
27,27.404-2(c),P_27_404_2_c,Protection of LRD specified for delivery.,P_27_404_2_c: LRD delivery protection,P_27_404_2_c = P_27_404_2_c_1 ∧ P_27_404_2_c_2 ∧ P_27_404_2_c_3,None,Conjunction (Conj): Rule 7,VALIDATED,PASS,PASS,Parent.,HIGH
27,27.404-2(c)(1),P_27_404_2_c_1,Alternate II enables required LRD delivery. Agencies must not use for manufacture or disclose outside Government without permission except per Notice.,P_27_404_2_c_1_a: Alternate II enables required delivery; P_27_404_2_c_1_b: No manufacture use without permission; P_27_404_2_c_1_c: No outside disclosure except per Notice,P_27_404_2_c_1_a ∧ ~ManufactureWithoutPerm ∧ ~DiscloseOutsideGov,None,Conjunction (Conj): Rule 7; Negation (Neg): Rule 10,VALIDATED,PASS,PASS,Enabling with two prohibitions.,HIGH
27,27.404-2(c)(2),P_27_404_2_c_2,52.227-15 aids Alternate II determination.,P_27_404_2_c_2: Procedural guidance,P_27_404_2_c_2,P_52_227_15,None (atomic),VALIDATED,PASS,PASS,Guidance.,HIGH
27,27.404-2(c)(3),P_27_404_2_c_3,LRD delivered as computer database treated as LRD not RCS.,P_27_404_2_c_3: Classification rule,LRDasDB ⊃ TreatAsLRD,None,Material Implication (Impl): Rule 15 [HIGH-RISK],PENDING_REVIEW,PASS,PASS,Classification rule. HIGH-RISK.,MEDIUM
27,27.404-2(d),P_27_404_2_d,RCS delivery protection.,P_27_404_2_d: RCS protections,P_27_404_2_d = P_27_404_2_d_1 ∧ P_27_404_2_d_2 ∧ P_27_404_2_d_3 ∧ P_27_404_2_d_4 ∧ P_27_404_2_d_5,None,Conjunction (Conj): Rule 7,VALIDATED,PASS,PASS,Parent.,HIGH
27,27.404-2(d)(1),P_27_404_2_d_1,Alternate III enables required RCS delivery.,P_27_404_2_d_1: Enabling provision,P_27_404_2_d_1,None,None (atomic),VALIDATED,PASS,PASS,Enabling.,HIGH
27,27.404-2(d)(2),P_27_404_2_d_2,Use Alternate III where contract requires RCS delivery.,P_27_404_2_d_2: Mandatory Alternate III,RCSRequired ⊃ UseAltIII,None,Material Implication (Impl): Rule 15 [HIGH-RISK],PENDING_REVIEW,PASS,PASS,Conditional mandatory. HIGH-RISK.,MEDIUM
27,27.404-2(d)(3),P_27_404_2_d_3,Government restricted rights: six permitted uses.,P_27_404_2_d_3: Six restricted rights,P_27_404_2_d_3 = P_27_404_2_d_3_i ∧ P_27_404_2_d_3_ii ∧ P_27_404_2_d_3_iii ∧ P_27_404_2_d_3_iv ∧ P_27_404_2_d_3_v ∧ P_27_404_2_d_3_vi,None,Conjunction (Conj): Rule 7,VALIDATED,PASS,PASS,Parent for six uses.,HIGH
27,27.404-2(d)(3)(i),P_27_404_2_d_3_i,Use/copy for acquired computers.,P_27_404_2_d_3_i: Acquired computer use,P_27_404_2_d_3_i,None,None (atomic),VALIDATED,PASS,PASS,Permitted use.,HIGH
27,27.404-2(d)(3)(ii),P_27_404_2_d_3_ii,Use/copy for backup if acquired computer inoperative.,P_27_404_2_d_3_ii: Backup use,Inoperative ⊃ BackupUse,None,Material Implication (Impl): Rule 15 [HIGH-RISK],PENDING_REVIEW,PASS,PASS,Conditional. HIGH-RISK.,MEDIUM
27,27.404-2(d)(3)(iii),P_27_404_2_d_3_iii,Reproduce for archives/backup.,P_27_404_2_d_3_iii: Archive reproduction,P_27_404_2_d_3_iii,None,None (atomic),VALIDATED,PASS,PASS,Permitted use.,HIGH
27,27.404-2(d)(3)(iv),P_27_404_2_d_3_iv,Modify/adapt/combine; derivatives subject to same restricted rights.,P_27_404_2_d_3_iv_a: May modify; P_27_404_2_d_3_iv_b: Derivatives retain restricted rights,P_27_404_2_d_3_iv_a ∧ P_27_404_2_d_3_iv_b,None,Conjunction (Conj): Rule 7,VALIDATED,PASS,PASS,Permission with condition.,HIGH
27,27.404-2(d)(3)(v),P_27_404_2_d_3_v,Disclose/reproduce for support service contractors per (i)-(iv).,P_27_404_2_d_3_v: Support contractor use,P_27_404_2_d_3_v,None,None (atomic),VALIDATED,PASS,PASS,Permitted use.,HIGH
27,27.404-2(d)(3)(vi),P_27_404_2_d_3_vi,Use/copy for replacement computer.,P_27_404_2_d_3_vi: Replacement use,P_27_404_2_d_3_vi,None,None (atomic),VALIDATED,PASS,PASS,Permitted use.,HIGH
27,27.404-2(d)(4),P_27_404_2_d_4,(d)(3) are minimum rights. CO may specify different. Contract must expressly state changes.,P_27_404_2_d_4_a: Minimum rights; P_27_404_2_d_4_b: CO may specify different; P_27_404_2_d_4_c: Must expressly state,P_27_404_2_d_4_a ∧ (DiffRights ⊃ ExpresslyState),None,Conjunction (Conj): Rule 7; Material Implication (Impl): Rule 15 [HIGH-RISK],PENDING_REVIEW,PASS,PASS,Minimum with modification option. HIGH-RISK.,MEDIUM
27,27.404-2(d)(5),P_27_404_2_d_5,52.227-15 aids Alternate III determination.,P_27_404_2_d_5: Procedural guidance,P_27_404_2_d_5,P_52_227_15,None (atomic),VALIDATED,PASS,PASS,Guidance.,HIGH
27,27.404-3,P_27_404_3,Copyrighted works.,P_27_404_3: Copyright provisions,P_27_404_3 = P_27_404_3_a ∧ P_27_404_3_b,None,Conjunction (Conj): Rule 7,VALIDATED,PASS,PASS,Parent.,HIGH
27,27.404-3(a),P_27_404_3_a,Data first produced under contract - copyright.,P_27_404_3_a: Copyright for data first produced,P_27_404_3_a = P_27_404_3_a_1 ∧ P_27_404_3_a_2 ∧ P_27_404_3_a_3 ∧ P_27_404_3_a_4 ∧ P_27_404_3_a_5,None,Conjunction (Conj): Rule 7,VALIDATED,PASS,PASS,Parent for (a)(1)-(a)(5).,HIGH
27,27.404-3(a)(1),P_27_404_3_a_1,"Contractor must get CO permission to assert copyright in data first produced, except for technical/scientific articles in journals.",P_27_404_3_a_1_a: CO permission required for copyright assertion; P_27_404_3_a_1_b: Exception for journal articles,P_27_404_3_a_1_a ∧ ~JournalArticle; JournalArticle ⊃ ~NeedPermission,None,Conjunction (Conj): Rule 7; Negation (Neg): Rule 10; Material Implication (Impl): Rule 15 [HIGH-RISK],PENDING_REVIEW,PASS,PASS,General rule with carve-out. Permission mandatory except for journals. HIGH-RISK.,MEDIUM
27,27.404-3(a)(2),P_27_404_3_a_2,Written request procedures for copyright assertion. Generally grant when copyright enhances dissemination unless five conditions exist.,P_27_404_3_a_2: Written request with presumptive grant and five exceptions,P_27_404_3_a_2 = WrittenRequest ∧ (~P_27_404_3_a_2_i ∧ ~P_27_404_3_a_2_ii ∧ ~P_27_404_3_a_2_iii ∧ ~P_27_404_3_a_2_iv ∧ ~P_27_404_3_a_2_v ⊃ Grant),None,Material Implication (Impl): Rule 15 [HIGH-RISK]; Conjunction (Conj): Rule 7; Negation (Neg): Rule 10,PENDING_REVIEW,PASS,PASS,Presumptive grant with five negated exceptions. HIGH-RISK.,MEDIUM
27,27.404-3(a)(2)(i),P_27_404_3_a_2_i,Data is official agency report or statutorily required.,P_27_404_3_a_2_i: Denial - official report,P_27_404_3_a_2_i,None,None (atomic),VALIDATED,PASS,PASS,Grant denial condition.,HIGH
27,27.404-3(a)(2)(ii),P_27_404_3_a_2_ii,Government intends primarily internal use.,P_27_404_3_a_2_ii: Denial - internal use,P_27_404_3_a_2_ii,None,None (atomic),VALIDATED,PASS,PASS,Grant denial condition.,HIGH
27,27.404-3(a)(2)(iii),P_27_404_3_a_2_iii,Data type distributed to public by agency.,P_27_404_3_a_2_iii: Denial - agency distributes,P_27_404_3_a_2_iii,None,None (atomic),VALIDATED,PASS,PASS,Grant denial condition.,HIGH
27,27.404-3(a)(2)(iv),P_27_404_3_a_2_iv,Distribution limitation in national interest.,P_27_404_3_a_2_iv: Denial - national interest,P_27_404_3_a_2_iv,None,None (atomic),VALIDATED,PASS,PASS,Grant denial condition.,HIGH
27,27.404-3(a)(2)(v),P_27_404_3_a_2_v,Data should be disseminated without restriction.,P_27_404_3_a_2_v: Denial - unrestricted dissemination,P_27_404_3_a_2_v,None,None (atomic),VALIDATED,PASS,PASS,Grant denial condition.,HIGH
27,27.404-3(a)(3),P_27_404_3_a_3,Alternate IV grants blanket copyright permission for data first produced. Use in university/college basic/applied research. Do not use if purpose is software for public distribution.,P_27_404_3_a_3_a: Alternate IV grants blanket copyright; P_27_404_3_a_3_b: Use in university research; P_27_404_3_a_3_c: Do not use for public software distribution,(UnivResearch ∧ ~SoftwareForPublic) ⊃ UseAltIV,None,Material Implication (Impl): Rule 15 [HIGH-RISK]; Conjunction (Conj): Rule 7; Negation (Neg): Rule 10,PENDING_REVIEW,PASS,PASS,Conditional with exclusion. HIGH-RISK.,MEDIUM
27,27.404-3(a)(4),P_27_404_3_a_4,"Government gets paid-up nonexclusive irrevocable worldwide license for all data first produced (for software, excludes public distribution). Agencies may obtain different scope.",P_27_404_3_a_4_a: Government license for non-software data; P_27_404_3_a_4_b: Software license excludes public distribution; P_27_404_3_a_4_c: Agencies may obtain different scope,P_27_404_3_a_4_a ∧ P_27_404_3_a_4_b ∧ (P_27_404_3_a_4_c ∨ ~P_27_404_3_a_4_c),None,Conjunction (Conj): Rule 7,VALIDATED,PASS,PASS,License scope with software limitation and permissive variation.,HIGH
27,27.404-3(a)(5),P_27_404_3_a_5,Contractor must affix copyright notices of 17 USC 401/402 and Government sponsorship acknowledgment. Failure may result in unlimited rights treatment.,P_27_404_3_a_5_a: Must affix copyright notices; P_27_404_3_a_5_b: Must acknowledge Government sponsorship; P_27_404_3_a_5_c: Failure may cause unlimited rights treatment,P_27_404_3_a_5_a ∧ P_27_404_3_a_5_b ∧ (~(P_27_404_3_a_5_a ∧ P_27_404_3_a_5_b) ⊃ UnlimitedRightsTreatment),None,Conjunction (Conj): Rule 7; Material Implication (Impl): Rule 15 [HIGH-RISK]; Negation (Neg): Rule 10,PENDING_REVIEW,PASS,PASS,Mandatory with consequence for noncompliance. HIGH-RISK.,MEDIUM
27,27.404-3(b),P_27_404_3_b,Data not first produced under contract.,P_27_404_3_b: Non-contract data copyright,P_27_404_3_b = P_27_404_3_b_1 ∧ P_27_404_3_b_2,None,Conjunction (Conj): Rule 7,VALIDATED,PASS,PASS,Parent.,HIGH
27,27.404-3(b)(1),P_27_404_3_b_1,Contractors must not deliver non-contract data without acquiring/granting Government copyright license or obtaining CO permission.,P_27_404_3_b_1_a: Must acquire/grant license; P_27_404_3_b_1_b: Or obtain CO permission,~DeliverWithoutLicense ∨ COPermission,None,Disjunction (Disj): Rule 8; Negation (Neg): Rule 10,VALIDATED,PASS,PASS,Prohibition with two alternative compliance paths.,HIGH
27,27.404-3(b)(2),P_27_404_3_b_2,Government license for non-contract data normally same scope as (a)(4). Agencies may obtain different scope after legal counsel consultation.,P_27_404_3_b_2_a: Default license scope per (a)(4); P_27_404_3_b_2_b: May obtain different scope after consultation,P_27_404_3_b_2_a ∧ (LegalConsult ⊃ (DiffScope ∨ ~DiffScope)),None,Conjunction (Conj): Rule 7; Material Implication (Impl): Rule 15 [HIGH-RISK],PENDING_REVIEW,PASS,PASS,Default with permissive variation. HIGH-RISK.,MEDIUM
27,27.404-4,P_27_404_4,"Contractor release, publication, and use of data.",P_27_404_4: Contractor data use,P_27_404_4 = P_27_404_4_a ∧ P_27_404_4_b,None,Conjunction (Conj): Rule 7,VALIDATED,PASS,PASS,Parent.,HIGH
27,27.404-4(a),P_27_404_4_a,Agencies must not restrict unclassified basic/applied research at universities. May restrict release of practical-application software. May preclude copyright assertion for agency distribution.,P_27_404_4_a_a: Must not restrict university research reporting; P_27_404_4_a_b: May restrict practical software release; P_27_404_4_a_c: May preclude copyright for distribution programs,~RestrictUnivResearch ∧ (PracticalSoftware ⊃ (Restrict ∨ ~Restrict)) ∧ (AgencyDistribution ⊃ (PrecludeCopyright ∨ ~PrecludeCopyright)),None,Negation (Neg): Rule 10; Conjunction (Conj): Rule 7; Material Implication (Impl): Rule 15 [HIGH-RISK],PENDING_REVIEW,PASS,PASS,Prohibition with two permissive authorities. HIGH-RISK.,MEDIUM
27,27.404-4(b),P_27_404_4_b,"Except university basic/applied research, agencies may place limitations on contractor data rights per FAR supplements, including copyright assignment. Include restrictions in contract.",P_27_404_4_b_a: Except university research; P_27_404_4_b_b: Agencies may place limitations; P_27_404_4_b_c: Include restrictions in contract,(~UnivResearch) ⊃ ((P_27_404_4_b_b ∨ ~P_27_404_4_b_b) ∧ (P_27_404_4_b_b ⊃ P_27_404_4_b_c)),None,Material Implication (Impl): Rule 15 [HIGH-RISK]; Negation (Neg): Rule 10; Conjunction (Conj): Rule 7,PENDING_REVIEW,PASS,PASS,Permissive with mandatory documentation if exercised. HIGH-RISK.,MEDIUM
27,27.404-5,P_27_404_5,"Unauthorized, omitted, or incorrect markings.",P_27_404_5: Marking procedures,P_27_404_5 = P_27_404_5_a ∧ P_27_404_5_b,None,Conjunction (Conj): Rule 7,VALIDATED,PASS,PASS,Parent.,HIGH
27,27.404-5(a),P_27_404_5_a,Unauthorized markings.,P_27_404_5_a: Unauthorized marking procedures,P_27_404_5_a = P_27_404_5_a_1 ∧ P_27_404_5_a_2 ∧ P_27_404_5_a_3,None,Conjunction (Conj): Rule 7,VALIDATED,PASS,PASS,Parent.,HIGH
27,27.404-5(a)(1),P_27_404_5_a_1,Government has right to return data or cancel/ignore unauthorized markings per 52.227-14(e).,P_27_404_5_a_1: Government right to return/cancel/ignore,ReturnData ∨ CancelMarkings,P_52_227_14,Disjunction (Disj): Rule 8,VALIDATED,PASS,PASS,Two disjunctive Government remedies.,HIGH
27,27.404-5(a)(2),P_27_404_5_a_2,Must make written inquiry; afford contractor 60 days for justification.,P_27_404_5_a_2_a: Written inquiry required; P_27_404_5_a_2_b: 60 days for justification,P_27_404_5_a_2_a ∧ P_27_404_5_a_2_b,None,Conjunction (Conj): Rule 7,VALIDATED,PASS,PASS,Two mandatory procedural steps.,HIGH
27,27.404-5(a)(2)(i),P_27_404_5_a_2_i,Contractor fails to respond or justify: Government may cancel markings.,(~Respond ∨ ~Justify) ⊃ (CancelMarkings ∨ ~CancelMarkings),P_27_404_5_a_2_i: Failure permits cancellation,None,DEFERRED,Material Implication (Impl): Rule 15 [HIGH-RISK]; Disjunction (Disj): Rule 8; Negation (Neg): Rule 10,PENDING_REVIEW,PASS,PASS,Permissive conditional on contractor failure. HIGH-RISK.,MEDIUM
27,27.404-5(a)(2)(ii),P_27_404_5_a_2_ii,Contractor provides justification: consider it.,P_27_404_5_a_2_ii: Justification review,P_27_404_5_a_2_ii = P_27_404_5_a_2_ii_A ∨ P_27_404_5_a_2_ii_B,None,Disjunction (Disj): Rule 8,VALIDATED,PASS,PASS,Two outcomes from review.,HIGH
27,27.404-5(a)(2)(ii)(A),P_27_404_5_a_2_ii_A,Markings authorized: notify contractor in writing.,Authorized ⊃ WrittenNotification,P_27_404_5_a_2_ii_A: Authorize and notify,None,DEFERRED,Material Implication (Impl): Rule 15 [HIGH-RISK],PENDING_REVIEW,PASS,PASS,Conditional mandatory. HIGH-RISK.,MEDIUM
27,27.404-5(a)(2)(ii)(B),P_27_404_5_a_2_ii_B,Markings not authorized: written determination with 90-day suit period. Do not cancel until final resolution.,P_27_404_5_a_2_ii_B_a: Written determination; P_27_404_5_a_2_ii_B_b: 90-day suit period; P_27_404_5_a_2_ii_B_c: No cancellation until resolved,~Authorized ⊃ (WrittenDetermination ∧ SuitPeriod90 ∧ ~CancelUntilResolved),None,Material Implication (Impl): Rule 15 [HIGH-RISK]; Conjunction (Conj): Rule 7; Negation (Neg): Rule 10,PENDING_REVIEW,PASS,PASS,Conditional with three mandatory requirements. HIGH-RISK.,MEDIUM
27,27.404-5(a)(3),P_27_404_5_a_3,Modify procedures per FOIA. Contractor may bring Disputes claim.,P_27_404_5_a_3_a: Modify per FOIA; P_27_404_5_a_3_b: Contractor may bring Disputes claim,P_27_404_5_a_3_a ∧ (P_27_404_5_a_3_b ∨ ~P_27_404_5_a_3_b),None,Conjunction (Conj): Rule 7,PENDING_REVIEW,PASS,PASS,Mandatory FOIA modification with permissive Disputes right.,MEDIUM
27,27.404-5(b),P_27_404_5_b,Omitted or incorrect notices.,P_27_404_5_b: Omitted/incorrect notice procedures,P_27_404_5_b = P_27_404_5_b_1 ∧ P_27_404_5_b_2,None,Conjunction (Conj): Rule 7,VALIDATED,PASS,PASS,Parent.,HIGH
27,27.404-5(b)(1),P_27_404_5_b_1,Data without notices presumed unlimited rights. Contractor has 6-month correction window if four conditions met.,P_27_404_5_b_1_a: Presumption of unlimited rights; P_27_404_5_b_1_b: 6-month correction window,NoNotice ⊃ UnlimitedPresumption; (P_27_404_5_b_1_i ∧ P_27_404_5_b_1_ii ∧ P_27_404_5_b_1_iii ∧ P_27_404_5_b_1_iv) ⊃ CorrectionPermitted,None,Material Implication (Impl): Rule 15 [HIGH-RISK]; Conjunction (Conj): Rule 7,PENDING_REVIEW,PASS,PASS,Presumption with conditional correction. Four requirements for correction. HIGH-RISK.,MEDIUM
27,27.404-5(b)(1)(i),P_27_404_5_b_1_i,Identifies data for notice addition.,P_27_404_5_b_1_i: Identification of data,P_27_404_5_b_1_i,None,None (atomic),VALIDATED,PASS,PASS,Correction condition.,HIGH
27,27.404-5(b)(1)(ii),P_27_404_5_b_1_ii,Demonstrates inadvertent omission.,P_27_404_5_b_1_ii: Inadvertence demonstration,P_27_404_5_b_1_ii,None,None (atomic),VALIDATED,PASS,PASS,Correction condition.,HIGH
27,27.404-5(b)(1)(iii),P_27_404_5_b_1_iii,Establishes authorized notice use.,P_27_404_5_b_1_iii: Authorization establishment,P_27_404_5_b_1_iii,None,None (atomic),VALIDATED,PASS,PASS,Correction condition.,HIGH
27,27.404-5(b)(1)(iv),P_27_404_5_b_1_iv,Acknowledges no Government liability for prior disclosure.,P_27_404_5_b_1_iv: Liability acknowledgment,P_27_404_5_b_1_iv,None,None (atomic),VALIDATED,PASS,PASS,Correction condition.,HIGH
27,27.404-5(b)(2),P_27_404_5_b_2,CO may permit correction or correct notices.,P_27_404_5_b_2: CO correction authority,P_27_404_5_b_2 = P_27_404_5_b_2_i ∨ P_27_404_5_b_2_ii,None,Disjunction (Disj): Rule 8,PENDING_REVIEW,PASS,PASS,Two permissive options.,MEDIUM
27,27.404-5(b)(2)(i),P_27_404_5_b_2_i,Permit contractor correction at contractor expense.,P_27_404_5_b_2_i: Permit correction at expense,P_27_404_5_b_2_i,None,None (atomic),VALIDATED,PASS,PASS,Correction option.,HIGH
27,27.404-5(b)(2)(ii),P_27_404_5_b_2_ii,CO may correct incorrect notices.,P_27_404_5_b_2_ii: CO direct correction,P_27_404_5_b_2_ii,None,None (atomic),VALIDATED,PASS,PASS,Correction option.,HIGH
27,27.404-6,P_27_404_6,CO may obtain right to inspect data at contractor facility using 52.227-14 Alternate V. Inspection up to 3 years after acceptance.,P_27_404_6_a: CO may use Alternate V for inspection; P_27_404_6_b: Inspection for verification of rights status or work evaluation; P_27_404_6_c: Up to 3 years after acceptance,(P_27_404_6_a ∨ ~P_27_404_6_a) ∧ P_27_404_6_b ∧ P_27_404_6_c,P_52_227_14,Conjunction (Conj): Rule 7,PENDING_REVIEW,PASS,PASS,Permissive inspection authority with scope and time limits.,MEDIUM
27,27.405,P_27_405,Other data rights provisions.,P_27_405: Other provisions,P_27_405 = P_27_405_1 ∧ P_27_405_2 ∧ P_27_405_3 ∧ P_27_405_4,None,Conjunction (Conj): Rule 7,VALIDATED,PASS,PASS,Parent.,HIGH
27,27.405-1,P_27_405_1,Special works.,P_27_405_1: Special works provisions,P_27_405_1 = P_27_405_1_a ∧ P_27_405_1_b ∧ P_27_405_1_c ∧ P_27_405_1_d ∧ P_27_405_1_e,None,Conjunction (Conj): Rule 7,VALIDATED,PASS,PASS,Parent.,HIGH
27,27.405-1(a),P_27_405_1_a,"Special works contracts must address Government rights to use, disclose, modify, distribute, and reproduce.",P_27_405_1_a: Must address Government rights in special works,P_27_405_1_a,None,None (atomic),VALIDATED,PASS,PASS,Mandatory requirement.,HIGH
27,27.405-1(b),P_27_405_1_b,Audiovisual contracts may include talent/music limitations consistent with purposes.,P_27_405_1_b: Permissive limitations,P_27_405_1_b ∨ ~P_27_405_1_b,None,None,PENDING_REVIEW,PASS,PASS,Permissive. Tautology for 'may'.,MEDIUM
27,27.405-1(c),P_27_405_1_c,Subsection does not apply to limited rights data or restricted computer software.,P_27_405_1_c: LRD/RCS exclusion,~ApplyToLRD ∧ ~ApplyToRCS,None,Negation (Neg): Rule 10; Conjunction (Conj): Rule 7,VALIDATED,PASS,PASS,Scope exclusion.,HIGH
27,27.405-1(d),P_27_405_1_d,Examples of special works (nine categories).,P_27_405_1_d: Nine special works examples,P_27_405_1_d = P_27_405_1_d_1 ∨ P_27_405_1_d_2 ∨ P_27_405_1_d_3 ∨ P_27_405_1_d_4 ∨ P_27_405_1_d_5 ∨ P_27_405_1_d_6 ∨ P_27_405_1_d_7 ∨ P_27_405_1_d_8 ∨ P_27_405_1_d_9,None,Disjunction (Disj): Rule 8,VALIDATED,PASS,PASS,Parent. Disjunctive examples.,HIGH
27,27.405-1(e),P_27_405_1_e,Audiovisual/special works for public purpose: agencies may negotiate rights protecting free speech and artistic license.,P_27_405_1_e: Public purpose negotiation authority,PublicPurpose ⊃ (NegotiateRights ∨ ~NegotiateRights),None,Material Implication (Impl): Rule 15 [HIGH-RISK],PENDING_REVIEW,PASS,PASS,Permissive conditional. HIGH-RISK.,MEDIUM
27,27.405-2,P_27_405_2,Existing works: contract must address Government rights. Agencies may negotiate rights with limitations.,P_27_405_2_a: Contract must address Government rights; P_27_405_2_b: Agencies may negotiate,P_27_405_2_a ∧ (NegotiateExistingRights ∨ ~NegotiateExistingRights),None,Conjunction (Conj): Rule 7,VALIDATED,PASS,PASS,Mandatory with permissive negotiation.,HIGH
27,27.405-3,P_27_405_3,Commercial computer software.,P_27_405_3: Commercial software provisions,P_27_405_3 = P_27_405_3_a ∧ P_27_405_3_b ∧ P_27_405_3_c,None,Conjunction (Conj): Rule 7,VALIDATED,PASS,PASS,Parent.,HIGH
27,27.405-3(a),P_27_405_3_a,"No specific clause needed for commercial software, but contract must address Government rights. Part 12 guidance applies. Customary licenses used.",P_27_405_3_a_a: No specific clause; P_27_405_3_a_b: Contract must address rights; P_27_405_3_a_c: Customary licenses consistent with Federal law,P_27_405_3_a_b ∧ P_27_405_3_a_c,Part_12,Conjunction (Conj): Rule 7,VALIDATED,PASS,PASS,Two mandatory requirements.,HIGH
27,27.405-3(b),P_27_405_3_b,Vendor standard agreement must be consistent. Exercise caution. Contract terms take precedence over vendor agreement.,P_27_405_3_b_a: Vendor terms must be consistent; P_27_405_3_b_b: Contract terms take precedence,P_27_405_3_b_a ∧ P_27_405_3_b_b,None,Conjunction (Conj): Rule 7,VALIDATED,PASS,PASS,Two mandatory requirements for vendor agreements.,HIGH
27,27.405-3(c),P_27_405_3_c,CO may approve collateral agreement for restricted software from subcontractor under 52.227-14 with Alternate III.,P_27_405_3_c: CO approval authority for collateral agreements,AltIII ∧ SubcontractorRCS ⊃ (COApproveCollateral ∨ ~COApproveCollateral),P_52_227_14,Material Implication (Impl): Rule 15 [HIGH-RISK]; Conjunction (Conj): Rule 7,PENDING_REVIEW,PASS,PASS,Permissive conditional. HIGH-RISK.,MEDIUM
27,27.405-4,P_27_405_4,Other existing data.,P_27_405_4: Existing data provisions,P_27_405_4 = P_27_405_4_a ∧ P_27_405_4_b,None,Conjunction (Conj): Rule 7,VALIDATED,PASS,PASS,Parent.,HIGH
27,27.405-4(a),P_27_405_4_a,No clause required for books/periodicals in exact form or existing non-LRD data without disclosure prohibitions.,P_27_405_4_a: Clause exclusions,P_27_405_4_a = P_27_405_4_a_1 ∨ P_27_405_4_a_2,None,Disjunction (Disj): Rule 8,VALIDATED,PASS,PASS,Two categories excluded from clause requirements.,HIGH
27,27.405-4(b),P_27_405_4_b,State rights in contract. No clause for online database services in standard form.,P_27_405_4_b_a: State rights in contract; P_27_405_4_b_b: No clause for standard online databases,P_27_405_4_b_a ∧ ~ClauseForStdOnlineDB,None,Conjunction (Conj): Rule 7; Negation (Neg): Rule 10,VALIDATED,PASS,PASS,Mandatory statement with exclusion.,HIGH
27,27.406,P_27_406,Acquisition of data.,P_27_406: Data acquisition,P_27_406 = P_27_406_1 ∧ P_27_406_2 ∧ P_27_406_3,None,Conjunction (Conj): Rule 7,VALIDATED,PASS,PASS,Parent.,HIGH
27,27.406-1,P_27_406_1,General data acquisition.,P_27_406_1: General data requirements,P_27_406_1 = P_27_406_1_b,None,None (single active),VALIDATED,PASS,PASS,Parent. (a) and (c) reserved.,HIGH
27,27.406-1(b),P_27_406_1_b,"Specify all data requirements in contract including time, place, limitations. In major systems, state as separate line items.","P_27_406_1_b_a: Specify all data requirements; P_27_406_1_b_b: In major systems, separate line items",P_27_406_1_b_a ∧ (MajorSystem ⊃ P_27_406_1_b_b),None,Conjunction (Conj): Rule 7; Material Implication (Impl): Rule 15 [HIGH-RISK],PENDING_REVIEW,PASS,PASS,Mandatory specification with major system condition. HIGH-RISK.,MEDIUM
27,27.406-2,P_27_406_2,Additional data requirements.,P_27_406_2: Additional data ordering,P_27_406_2 = P_27_406_2_a ∧ P_27_406_2_b ∧ P_27_406_2_c,None,Conjunction (Conj): Rule 7,VALIDATED,PASS,PASS,Parent.,HIGH
27,27.406-2(a),P_27_406_2_a,Use 52.227-16 for subsequent ordering when all requirements unknown at award. Normally use in experimental/developmental/research/demonstration work.,P_27_406_2_a: 52.227-16 for additional data ordering,UnknownReqs ⊃ Use52_227_16,P_52_227_16,Material Implication (Impl): Rule 15 [HIGH-RISK],PENDING_REVIEW,PASS,PASS,Conditional. HIGH-RISK.,MEDIUM
27,27.406-2(b),P_27_406_2_b,52.227-16 allows ordering during performance or 3 years after acceptance. Compensate contractor for conversion/reproduction/delivery.,P_27_406_2_b_a: Ordering during performance or 3 years after; P_27_406_2_b_b: Compensate contractor,P_27_406_2_b_a ∧ P_27_406_2_b_b,P_52_227_16,Conjunction (Conj): Rule 7,VALIDATED,PASS,PASS,Two provisions of 52.227-16.,HIGH
27,27.406-2(c),P_27_406_2_c,Agencies should not order additional software under 52.227-16 solely for public dissemination absent established program.,P_27_406_2_c: Advisory against ordering software for public dissemination,P_27_406_2_c,P_52_227_16,None (atomic),PENDING_REVIEW,PASS,PASS,Advisory 'should' - recommended not mandatory. PENDING_REVIEW for advisory status.,MEDIUM
27,27.406-3,P_27_406_3,Major system acquisition.,P_27_406_3: Major system data,P_27_406_3 = P_27_406_3_a ∧ P_27_406_3_b,None,Conjunction (Conj): Rule 7,VALIDATED,PASS,PASS,Parent.,HIGH
27,27.406-3(a),P_27_406_3_a,52.227-21 implements 41 USC 2302(e). Must identify line items. Review data and declaration. Withhold payment if noncompliant. No final payment until requirements met.,P_27_406_3_a_a: Identify applicable line items; P_27_406_3_a_b: Review data and declaration; P_27_406_3_a_c: Withhold if noncompliant; P_27_406_3_a_d: No final payment until satisfied,P_27_406_3_a_a ∧ P_27_406_3_a_b ∧ (~Compliant ⊃ P_27_406_3_a_c) ∧ P_27_406_3_a_d,P_52_227_21,Conjunction (Conj): Rule 7; Material Implication (Impl): Rule 15 [HIGH-RISK],PENDING_REVIEW,PASS,PASS,Multiple mandatory requirements with conditional withholding. HIGH-RISK.,MEDIUM
27,27.406-3(b),P_27_406_3_b,Civilian agency (non-NASA/Coast Guard) major system requirements.,P_27_406_3_b: Civilian agency major system,P_27_406_3_b = P_27_406_3_b_1 ∧ P_27_406_3_b_2,None,Conjunction (Conj): Rule 7,VALIDATED,PASS,PASS,Parent.,HIGH
27,27.406-3(b)(1),P_27_406_3_b_1,Require delivery of technical data developed exclusively with Federal funds where needed for competitive future acquisition. Use 52.227-22 with 52.227-14.,P_27_406_3_b_1_a: Require delivery of federally-funded technical data; P_27_406_3_b_1_b: Where needed for competitive acquisition; P_27_406_3_b_1_c: Use 52.227-22 and 52.227-14,(FederalFunds ∧ CompetitiveNeed) ⊃ (P_27_406_3_b_1_a ∧ P_27_406_3_b_1_c),P_52_227_14; P_52_227_22,Material Implication (Impl): Rule 15 [HIGH-RISK]; Conjunction (Conj): Rule 7,PENDING_REVIEW,PASS,PASS,Conditional mandatory. HIGH-RISK.,MEDIUM
27,27.406-3(b)(2),P_27_406_3_b_2,Do not require person who developed product/process offered to public to provide technical data relating to major system as condition of procurement. Exception: data necessary for Government operation/maintenance.,P_27_406_3_b_2_a: Do not require commercial product/process data as procurement condition; P_27_406_3_b_2_b: Exception for operation/maintenance data,~RequireAsCondition ∨ (OpMaintenanceData),None,Negation (Neg): Rule 10; Disjunction (Disj): Rule 8,VALIDATED,PASS,PASS,Prohibition with narrow exception.,HIGH
27,27.407,P_27_407,"As necessary, negotiate terms defining Government license rights in technical data in successful proposals.",P_27_407: Negotiate Government license in proposal data,P_27_407,None,None (atomic),VALIDATED,PASS,PASS,Advisory directive. 'As necessary' qualifier.,HIGH
27,27.409,P_27_409,Solicitation provisions and contract clauses.,P_27_409: Clause and provision requirements,P_27_409 = P_27_409_a ∧ P_27_409_b ∧ P_27_409_c ∧ P_27_409_d ∧ P_27_409_e ∧ P_27_409_g ∧ P_27_409_h ∧ P_27_409_i ∧ P_27_409_j ∧ P_27_409_k,None,Conjunction (Conj): Rule 7,VALIDATED,PASS,PASS,Parent. (f) and (l) reserved.,HIGH
27,27.409(a),P_27_409_a,"Generally include only one data rights clause per contract. Where more needed, distinguish portions.","P_27_409_a_a: Generally one clause; P_27_409_a_b: If multiple, distinguish portions",P_27_409_a_a ∧ (MultipleNeeded ⊃ DistinguishPortions),None,Conjunction (Conj): Rule 7; Material Implication (Impl): Rule 15 [HIGH-RISK],PENDING_REVIEW,PASS,PASS,General rule with conditional for multiple clauses. HIGH-RISK.,MEDIUM
27,27.409(b),P_27_409_b,Rights in Data-General clause insertion.,P_27_409_b: 52.227-14 insertion requirements,P_27_409_b = P_27_409_b_1 ∧ P_27_409_b_2 ∧ P_27_409_b_3 ∧ P_27_409_b_4 ∧ P_27_409_b_5 ∧ P_27_409_b_6,P_52_227_14,Conjunction (Conj): Rule 7,VALIDATED,PASS,PASS,Parent.,HIGH
27,27.409(b)(1),P_27_409_b_1,Insert 52.227-14 when data produced/furnished/acquired unless seven exceptions.,P_27_409_b_1: Default insertion with exceptions,DataContract ∧ ~(P_27_409_b_1_i ∨ P_27_409_b_1_ii ∨ P_27_409_b_1_iii ∨ P_27_409_b_1_iv ∨ P_27_409_b_1_v ∨ P_27_409_b_1_vi ∨ P_27_409_b_1_vii) ⊃ Insert52_227_14,P_52_227_14,Material Implication (Impl): Rule 15 [HIGH-RISK]; Negation (Neg): Rule 10; Conjunction (Conj): Rule 7,PENDING_REVIEW,PASS,PASS,Conditional mandatory with seven negated exceptions. HIGH-RISK.,MEDIUM
27,27.409(c),P_27_409_c,Insert 52.227-15 in solicitations containing 52.227-14 when LRD or RCS determination needed.,P_27_409_c: 52.227-15 insertion,Contains52_227_14 ∧ DeterminationNeeded ⊃ Insert52_227_15,P_52_227_14; P_52_227_15,Material Implication (Impl): Rule 15 [HIGH-RISK]; Conjunction (Conj): Rule 7,PENDING_REVIEW,PASS,PASS,Conditional mandatory. HIGH-RISK.,MEDIUM
27,27.409(d),P_27_409_d,Insert 52.227-16 for experimental/developmental/research/demonstration work unless all data requirements known.,P_27_409_d: 52.227-16 insertion,(ExpDevResDemoWork ∧ ~AllReqsKnown) ⊃ Insert52_227_16,P_52_227_16,Material Implication (Impl): Rule 15 [HIGH-RISK]; Conjunction (Conj): Rule 7; Negation (Neg): Rule 10,PENDING_REVIEW,PASS,PASS,Conditional mandatory. HIGH-RISK.,MEDIUM
27,27.409(e),P_27_409_e,Insert 52.227-17 for special works per 27.405-1.,P_27_409_e: 52.227-17 insertion,SpecialWorks ⊃ Insert52_227_17,P_27_405_1; P_52_227_17,Material Implication (Impl): Rule 15 [HIGH-RISK],PENDING_REVIEW,PASS,PASS,Conditional mandatory. HIGH-RISK.,MEDIUM
27,27.409(g),P_27_409_g,CO shall assure contract contains terms for sufficient software rights consistent with 27.405-3.,P_27_409_g: Mandatory sufficient software rights,P_27_409_g,P_27_405_3,None (atomic),VALIDATED,PASS,PASS,Mandatory. 'Shall' creates obligation.,HIGH
27,27.409(h),P_27_409_h,"Insert 52.227-20 in all SBIR Phase I, II, III contracts.",P_27_409_h: SBIR clause insertion,SBIRContract ⊃ Insert52_227_20,P_52_227_20,Material Implication (Impl): Rule 15 [HIGH-RISK],PENDING_REVIEW,PASS,PASS,Conditional mandatory. HIGH-RISK.,MEDIUM
27,27.409(i),P_27_409_i,Agencies may prescribe clauses for three contract types.,P_27_409_i: Agency-prescribed clause authority,P_27_409_i = P_27_409_i_1 ∨ P_27_409_i_2 ∨ P_27_409_i_3,None,Disjunction (Disj): Rule 8,PENDING_REVIEW,PASS,PASS,Permissive for three contexts.,MEDIUM
27,27.409(j),P_27_409_j,Insert 52.227-21 in major system acquisition contracts per 27.406-3(a). Must specify applicable technical data.,P_27_409_j_a: Major system acquisition; P_27_409_j_b: Insert 52.227-21; P_27_409_j_c: Specify applicable data,MajorSysAcq ⊃ (P_27_409_j_b ∧ P_27_409_j_c),P_27_406_3_a; P_52_227_21,Material Implication (Impl): Rule 15 [HIGH-RISK]; Conjunction (Conj): Rule 7,PENDING_REVIEW,PASS,PASS,Conditional mandatory with specification requirement. HIGH-RISK.,MEDIUM
27,27.409(k),P_27_409_k,"For civilian agencies (non-NASA/Coast Guard), insert 52.227-22 in major system contracts.",P_27_409_k_a: Civilian agency non-NASA/CG; P_27_409_k_b: Major system contract; P_27_409_k_c: Insert 52.227-22,(CivilianAgency ∧ MajorSystem) ⊃ P_27_409_k_c,P_52_227_22,Material Implication (Impl): Rule 15 [HIGH-RISK]; Conjunction (Conj): Rule 7,PENDING_REVIEW,PASS,PASS,Conditional mandatory. HIGH-RISK.,MEDIUM
