RFO_Part,Section_Number,Propositional_ID,Natural_Language,Atomic_Propositions,Formal_Logic_Statement,Dependencies,Justification_Rules,Validation_Status,Logical_Check,Real_World_Check,Validation_Notes,Confidence_Level
31,31,P_31_000,"This part contains cost principles and procedures for: (a) The pricing of contracts, subcontracts, and modifications to contracts and subcontracts whenever cost analysis is performed (see 15.404-1(c)); and (b) The determination, negotiation, or allowance of costs when required by a contract clause.",P_31_000_a (cost principles apply to pricing when cost analysis performed); P_31_000_b (cost principles apply to determination/negotiation/allowance of costs when required by contract clause),P_31_000_a ^ P_31_000_b,EXT:15.404-1,Conjunction (Conj): Rule 7,VALIDATED,PASS,PASS,Parent proposition aggregating the two scope provisions. Both apply concurrently. Cross-reference to 15.404-1(c) is external.,HIGH
31,31.000(a),P_31_000_a,"The pricing of contracts, subcontracts, and modifications to contracts and subcontracts whenever cost analysis is performed (see 15.404-1(c)).","P_31_000_a_1 (cost analysis is performed per 15.404-1(c)); P_31_000_a_2 (cost principles apply to pricing of contracts, subcontracts, and modifications)",P_31_000_a_1 -> P_31_000_a_2,P_31_000; EXT:15.404-1,Material Implication (Impl): Rule 15 [HIGH-RISK],PENDING_REVIEW,PASS,PASS,"Conditional: cost principles apply to pricing WHEN cost analysis is performed. ""Whenever"" triggers implication. External dependency on 15.404-1(c). HIGH-RISK due to Rule 15.",MEDIUM
31,31.000(b),P_31_000_b,"The determination, negotiation, or allowance of costs when required by a contract clause.","P_31_000_b_1 (contract clause requires cost determination/negotiation/allowance); P_31_000_b_2 (cost principles apply to determination, negotiation, or allowance of costs)",P_31_000_b_1 -> P_31_000_b_2,P_31_000,Material Implication (Impl): Rule 15 [HIGH-RISK],PENDING_REVIEW,PASS,PASS,"Conditional triggered by contract clause requirement. ""When required"" maps to implication. HIGH-RISK due to Rule 15.",MEDIUM
31,31.001,P_31_001,"The cost principles and procedures in this part apply to contracts with: (a) Commercial organizations; (b) Educational institutions; (c) Construction and architect-engineering; (d) State, local, and federally recognized Indian tribal governments; and (e) Nonprofit organizations.",P_31_001_a (commercial orgs); P_31_001_b (educational institutions); P_31_001_c (construction/A-E); P_31_001_d (state/local/tribal govts); P_31_001_e (nonprofit orgs),P_31_001_a ^ P_31_001_b ^ P_31_001_c ^ P_31_001_d ^ P_31_001_e,,Conjunction (Conj): Rule 7,VALIDATED,PASS,PASS,Parent proposition. All five entity types are covered by Part 31. Conjunction because each is independently subject to the cost principles.,HIGH
31,31.001(a),P_31_001_a,The cost principles and procedures in this part apply to contracts with Commercial organizations.,P_31_001_a (Part 31 cost principles apply to contracts with commercial organizations),P_31_001_a,P_31_001,Conjunction (Conj): Rule 7,VALIDATED,PASS,PASS,"Declarative statement of applicability to commercial organizations. Atomic proposition, no conditional structure.",HIGH
31,31.001(b),P_31_001_b,The cost principles and procedures in this part apply to contracts with Educational institutions.,P_31_001_b (Part 31 cost principles apply to contracts with educational institutions),P_31_001_b,P_31_001,Conjunction (Conj): Rule 7,VALIDATED,PASS,PASS,"Declarative statement of applicability to educational institutions. Atomic proposition, no conditional structure.",HIGH
31,31.001(c),P_31_001_c,The cost principles and procedures in this part apply to contracts with Construction and architect-engineering.,P_31_001_c (Part 31 cost principles apply to contracts with construction and architect-engineering),P_31_001_c,P_31_001,Conjunction (Conj): Rule 7,VALIDATED,PASS,PASS,"Declarative statement of applicability to construction and architect-engineering. Atomic proposition, no conditional structure.",HIGH
31,31.001(d),P_31_001_d,"The cost principles and procedures in this part apply to contracts with State, local, and federally recognized Indian tribal governments.","P_31_001_d (Part 31 cost principles apply to contracts with state, local, and federally recognized indian tribal governments)",P_31_001_d,P_31_001,Conjunction (Conj): Rule 7,VALIDATED,PASS,PASS,"Declarative statement of applicability to state, local, and federally recognized indian tribal governments. Atomic proposition, no conditional structure.",HIGH
31,31.001(e),P_31_001_e,The cost principles and procedures in this part apply to contracts with Nonprofit organizations.,P_31_001_e (Part 31 cost principles apply to contracts with nonprofit organizations),P_31_001_e,P_31_001,Conjunction (Conj): Rule 7,VALIDATED,PASS,PASS,"Declarative statement of applicability to nonprofit organizations. Atomic proposition, no conditional structure.",HIGH
31,31.002,P_31_002,"As used in this part, the following terms have the definitions provided in 31.002.",P_31_002_def_01 through P_31_002_def_43; P_31_002_def_IRD,P_31_002_def_01 ^ P_31_002_def_02 ^ P_31_002_def_03 ^ P_31_002_def_04 ^ P_31_002_def_05 ^ P_31_002_def_06 ^ P_31_002_def_07 ^ P_31_002_def_08 ^ P_31_002_def_09 ^ P_31_002_def_10 ^ P_31_002_def_11 ^ P_31_002_def_12 ^ P_31_002_def_13 ^ P_31_002_def_14 ^ P_31_002_def_15 ^ P_31_002_def_16 ^ P_31_002_def_17 ^ P_31_002_def_18 ^ P_31_002_def_19 ^ P_31_002_def_20 ^ P_31_002_def_21 ^ P_31_002_def_22 ^ P_31_002_def_IRD ^ P_31_002_def_23 ^ P_31_002_def_24 ^ P_31_002_def_25 ^ P_31_002_def_26 ^ P_31_002_def_27 ^ P_31_002_def_28 ^ P_31_002_def_29 ^ P_31_002_def_30 ^ P_31_002_def_31 ^ P_31_002_def_32 ^ P_31_002_def_33 ^ P_31_002_def_34 ^ P_31_002_def_35 ^ P_31_002_def_36 ^ P_31_002_def_37 ^ P_31_002_def_38 ^ P_31_002_def_39 ^ P_31_002_def_40 ^ P_31_002_def_41 ^ P_31_002_def_42 ^ P_31_002_def_43,,Conjunction (Conj): Rule 7,VALIDATED,PASS,PASS,Parent proposition aggregating all 44 definitions. All definitions apply concurrently within Part 31.,HIGH
31,31.002.def_01,P_31_002_def_01,"Accrued benefit cost method means an actuarial cost method under which units of benefits are assigned to each cost accounting period and are valued as they accrue; i.e., based on the services performed by each employee in the period involved. The measure of normal cost under this method for each cost accounting period is the present value of the units of benefit deemed to be credited to employees for service in that period. The measure of the actuarial accrued liability at a plan's inception date is the present value of the units of benefit credited to employees for service prior to that date. (This method is also known as the unit credit cost method without salary projection.)",P_31_002_def_01_a (units of benefits assigned to each cost accounting period and valued as they accrue based on services performed); P_31_002_def_01_b (normal cost = present value of units of benefit credited for service in that period); P_31_002_def_01_c (actuarial accrued liability at inception = present value of units of benefit credited for service prior to inception); P_31_002_def_01_d (also known as unit credit cost method without salary projection),P_31_002_def_01_a ^ P_31_002_def_01_b ^ P_31_002_def_01_c ^ P_31_002_def_01_d,P_31_002,Conjunction (Conj): Rule 7,VALIDATED,PASS,PASS,"Definitional statement for ""Accrued benefit cost method"". Self-contained definition with no conditional structure or cross-references.",HIGH
31,31.002.def_02,P_31_002_def_02,"Actual costs means (except for subpart 31.6) amounts determined on the basis of costs incurred, as distinguished from forecasted costs. Actual costs include standard costs properly adjusted for applicable variances.","P_31_002_def_02_a (actual costs = amounts determined on basis of costs incurred, not forecasted, except subpart 31.6); P_31_002_def_02_b (actual costs include standard costs properly adjusted for applicable variances)",P_31_002_def_02_a ^ P_31_002_def_02_b,P_31_002,Conjunction (Conj): Rule 7,PENDING_REVIEW,PASS,PASS,"Definitional statement for ""Actual costs"". Contains scope exception referencing other subpart(s). Exception creates external dependency requiring cross-part validation.",MEDIUM
31,31.002.def_03,P_31_002_def_03,"Actuarial accrued liability means pension cost attributable, under the actuarial cost method in use, to years prior to the current period considered by a particular actuarial valuation. As of such date, the actuarial accrued liability represents the excess of the present value of future benefits and administrative expenses over the present value of future normal costs for all plan participants and beneficiaries. The excess of the actuarial accrued liability over the actuarial value of the assets of a pension plan is the unfunded actuarial liability. The excess of the actuarial value of the assets of a pension plan over the actuarial accrued liability is an actuarial surplus and is treated as a negative unfunded actuarial liability.",P_31_002_def_03_a (pension cost attributable to years prior to current period under actuarial cost method); P_31_002_def_03_b (represents excess of PV of future benefits/admin expenses over PV of future normal costs); P_31_002_def_03_c (excess of actuarial accrued liability over actuarial value of assets = unfunded actuarial liability); P_31_002_def_03_d (excess of actuarial value of assets over actuarial accrued liability = actuarial surplus = negative unfunded actuarial liability),P_31_002_def_03_a ^ P_31_002_def_03_b ^ P_31_002_def_03_c ^ P_31_002_def_03_d,P_31_002,Conjunction (Conj): Rule 7,VALIDATED,PASS,PASS,"Definitional statement for ""Actuarial accrued liability"". Self-contained definition with no conditional structure or cross-references.",HIGH
31,31.002.def_04,P_31_002_def_04,"Actuarial assumption means an estimate of future conditions affecting pension cost; e.g., mortality rate, employee turnover, compensation levels, earnings on pension plan assets, and changes in values of pension plan assets.","P_31_002_def_04 (actuarial assumption = estimate of future conditions affecting pension cost, including mortality rate, turnover, compensation levels, earnings on plan assets, changes in plan asset values)",P_31_002_def_04,P_31_002,Conjunction (Conj): Rule 7,VALIDATED,PASS,PASS,"Definitional statement for ""Actuarial assumption"". Self-contained definition with no conditional structure or cross-references.",HIGH
31,31.002.def_05,P_31_002_def_05,"Actuarial cost method means a technique which uses actuarial assumptions to measure the present value of future pension benefits and pension plan administrative expenses, and that assigns the cost of such benefits and expenses to cost accounting periods. The actuarial cost method includes the asset valuation method used to determine the actuarial value of the assets of a pension plan.",P_31_002_def_05_a (technique using actuarial assumptions to measure PV of future pension benefits and admin expenses and assigns costs to cost accounting periods); P_31_002_def_05_b (includes asset valuation method to determine actuarial value of pension plan assets),P_31_002_def_05_a ^ P_31_002_def_05_b,P_31_002,Conjunction (Conj): Rule 7,VALIDATED,PASS,PASS,"Definitional statement for ""Actuarial cost method"". Self-contained definition with no conditional structure or cross-references.",HIGH
31,31.002.def_06,P_31_002_def_06,Actuarial gain and loss means the effect on pension cost resulting from differences between actuarial assumptions and actual experience.,P_31_002_def_06 (actuarial gain/loss = effect on pension cost from differences between actuarial assumptions and actual experience),P_31_002_def_06,P_31_002,Conjunction (Conj): Rule 7,VALIDATED,PASS,PASS,"Definitional statement for ""Actuarial gain and loss"". Self-contained definition with no conditional structure or cross-references.",HIGH
31,31.002.def_07,P_31_002_def_07,"Actuarial valuation means the determination, as of a specified date, of the normal cost, actuarial accrued liability, actuarial value of the assets of a pension plan, and other relevant values for the pension plan.","P_31_002_def_07 (actuarial valuation = determination as of specified date of normal cost, actuarial accrued liability, actuarial value of assets, and other relevant values)",P_31_002_def_07,P_31_002,Conjunction (Conj): Rule 7,VALIDATED,PASS,PASS,"Definitional statement for ""Actuarial valuation"". Self-contained definition with no conditional structure or cross-references.",HIGH
31,31.002.def_08,P_31_002_def_08,"Allocate means to assign an item of cost, or a group of items of cost, to one or more cost objectives. This term includes both direct assignment of cost and the reassignment of a share from an indirect cost pool.",P_31_002_def_08_a (allocate = assign item or group of cost items to one or more cost objectives); P_31_002_def_08_b (includes both direct assignment and reassignment from indirect cost pool),P_31_002_def_08_a ^ P_31_002_def_08_b,P_31_002,Conjunction (Conj): Rule 7,VALIDATED,PASS,PASS,"Definitional statement for ""Allocate"". Self-contained definition with no conditional structure or cross-references.",HIGH
31,31.002.def_09,P_31_002_def_09,"Compensation for personal services means all remuneration paid currently or accrued, in whatever form and whether paid immediately or deferred, for services rendered by employees to the contractor.","P_31_002_def_09 (compensation for personal services = all remuneration paid or accrued, in whatever form, whether immediate or deferred, for employee services rendered to contractor)",P_31_002_def_09,P_31_002,Conjunction (Conj): Rule 7,VALIDATED,PASS,PASS,"Definitional statement for ""Compensation for personal services"". Self-contained definition with no conditional structure or cross-references.",HIGH
31,31.002.def_10,P_31_002_def_10,"Cost input means the cost, except general and administrative (G&A) expenses, which for contract costing purposes is allocable to the production of goods and services during a cost accounting period.",P_31_002_def_10 (cost input = cost excluding G&A expenses allocable to production of goods/services during a cost accounting period),P_31_002_def_10,P_31_002,Conjunction (Conj): Rule 7,VALIDATED,PASS,PASS,"Definitional statement for ""Cost input"". Self-contained definition with no conditional structure or cross-references.",HIGH
31,31.002.def_11,P_31_002_def_11,"Cost objective means (except for subpart 31.6) a function, organizational subdivision, contract, or other work unit for which cost data are desired and for which provision is made to accumulate and measure the cost of processes, products, jobs, capitalized projects, etc.","P_31_002_def_11 (cost objective = function, organizational subdivision, contract, or other work unit for which cost data are desired and provision is made to accumulate/measure costs, except subpart 31.6)",P_31_002_def_11,P_31_002,Conjunction (Conj): Rule 7,PENDING_REVIEW,PASS,PASS,"Definitional statement for ""Cost objective"". Contains scope exception referencing other subpart(s). Exception creates external dependency requiring cross-part validation.",MEDIUM
31,31.002.def_12,P_31_002_def_12,"Deferred compensation means an award made by an employer to compensate an employee in a future cost accounting period or periods for services rendered in one or more cost accounting periods before the date of the receipt of compensation by the employee. This definition must not include the amount of year end accruals for salaries, wages, or bonuses that are to be paid within a reasonable period of time after the end of a cost accounting period.",P_31_002_def_12_a (award by employer to compensate employee in future period(s) for services rendered in prior period(s)); P_31_002_def_12_b (excludes year-end accruals for salaries/wages/bonuses paid within reasonable period after end of cost accounting period),P_31_002_def_12_a ^ ~P_31_002_def_12_b,P_31_002,Conjunction (Conj): Rule 7,VALIDATED,PASS,PASS,"Definitional statement for ""Deferred compensation"". Contains explicit exclusion (""must not include"") for year-end accruals. Negation operator applied to exclusion clause.",HIGH
31,31.002.def_13,P_31_002_def_13,"Defined-benefit pension plan means a pension plan in which the benefits to be paid, or the basis for determining such benefits, are established in advance and the contributions are intended to provide the stated benefits.",P_31_002_def_13_a (benefits or basis for benefits established in advance); P_31_002_def_13_b (contributions intended to provide stated benefits),P_31_002_def_13_a ^ P_31_002_def_13_b,P_31_002,Conjunction (Conj): Rule 7,VALIDATED,PASS,PASS,"Definitional statement for ""Defined-benefit pension plan"". Self-contained definition with no conditional structure or cross-references.",HIGH
31,31.002.def_14,P_31_002_def_14,Defined-contribution pension plan means a pension plan in which the contributions to be made are established in advance and the benefits are determined thereby.,P_31_002_def_14_a (contributions established in advance); P_31_002_def_14_b (benefits determined by contributions),P_31_002_def_14_a ^ P_31_002_def_14_b,P_31_002,Conjunction (Conj): Rule 7,VALIDATED,PASS,PASS,"Definitional statement for ""Defined-contribution pension plan"". Self-contained definition with no conditional structure or cross-references.",HIGH
31,31.002.def_15,P_31_002_def_15,"Directly associated cost means any cost which is generated solely as a result of the incurrence of another cost, and which would not have been incurred had the other cost not been incurred.",P_31_002_def_15_a (cost generated solely as result of incurrence of another cost); P_31_002_def_15_b (would not have been incurred had the other cost not been incurred),P_31_002_def_15_a ^ P_31_002_def_15_b,P_31_002,Conjunction (Conj): Rule 7,VALIDATED,PASS,PASS,"Definitional statement for ""Directly associated cost"". Causal dependency structure: cost A generates cost B solely as result of A. Both conditions (sole causation and counterfactual) must be met.",HIGH
31,31.002.def_16,P_31_002_def_16,"Estimating costs means the process of forecasting a future result in terms of cost, based upon information available at the time.",P_31_002_def_16 (estimating costs = process of forecasting future result in terms of cost based on information available at time),P_31_002_def_16,P_31_002,Conjunction (Conj): Rule 7,VALIDATED,PASS,PASS,"Definitional statement for ""Estimating costs"". Self-contained definition with no conditional structure or cross-references.",HIGH
31,31.002.def_17,P_31_002_def_17,"Expressly unallowable cost means a particular item or type of cost which, under the express provisions of an applicable law, regulation, or contract, is specifically named and stated to be unallowable.","P_31_002_def_17_a (particular item or type of cost); P_31_002_def_17_b (under express provisions of applicable law, regulation, or contract); P_31_002_def_17_c (specifically named and stated to be unallowable)",P_31_002_def_17_a ^ P_31_002_def_17_b ^ P_31_002_def_17_c,P_31_002,Conjunction (Conj): Rule 7,VALIDATED,PASS,PASS,"Definitional statement for ""Expressly unallowable cost"". Self-contained definition with no conditional structure or cross-references.",HIGH
31,31.002.def_18,P_31_002_def_18,"Final cost objective means (except for subparts 31.3 and 31.6) a cost objective that has allocated to it both direct and indirect costs and, in the contractor's accumulation system, is one of the final accumulation points.","P_31_002_def_18_a (cost objective with both direct and indirect costs allocated, except subparts 31.3 and 31.6); P_31_002_def_18_b (is one of the final accumulation points in contractor's accumulation system)",P_31_002_def_18_a ^ P_31_002_def_18_b,P_31_002,Conjunction (Conj): Rule 7,PENDING_REVIEW,PASS,PASS,"Definitional statement for ""Final cost objective"". Contains scope exception referencing other subpart(s). Exception creates external dependency requiring cross-part validation.",MEDIUM
31,31.002.def_19,P_31_002_def_19,"Fiscal year means the accounting period for which annual financial statements are regularly prepared, generally a period of 12 months, 52 weeks, or 53 weeks.","P_31_002_def_19 (fiscal year = accounting period for annual financial statements, generally 12 months, 52 weeks, or 53 weeks)",P_31_002_def_19,P_31_002,Conjunction (Conj): Rule 7,VALIDATED,PASS,PASS,"Definitional statement for ""Fiscal year"". Self-contained definition with no conditional structure or cross-references.",HIGH
31,31.002.def_20,P_31_002_def_20,Funded in regard to a pension cost means the portion of pension cost for a current or prior cost accounting period that has been paid to a funding agency.,P_31_002_def_20 (funded pension cost = portion of pension cost for current or prior period that has been paid to a funding agency),P_31_002_def_20,P_31_002,Conjunction (Conj): Rule 7,VALIDATED,PASS,PASS,"Definitional statement for ""Funded"". Self-contained definition with no conditional structure or cross-references.",HIGH
31,31.002.def_21,P_31_002_def_21,"Home office means an office responsible for directing or managing two or more, but not necessarily all, segments of an organization. It typically establishes policy for, and provides guidance to, the segments in their operations. It usually performs management, supervisory, or administrative functions, and may also perform service functions in support of the operations of the various segments. An organization which has intermediate levels, such as groups, may have several home offices which report to a common home office. An intermediate organization may be both a segment and a home office.","P_31_002_def_21_a (office responsible for directing/managing two or more segments); P_31_002_def_21_b (typically establishes policy and provides guidance to segments); P_31_002_def_21_c (usually performs management/supervisory/administrative functions, may perform service functions); P_31_002_def_21_d (organization with intermediate levels may have several home offices reporting to common home office); P_31_002_def_21_e (intermediate organization may be both segment and home office)",P_31_002_def_21_a ^ P_31_002_def_21_b ^ P_31_002_def_21_c ^ P_31_002_def_21_d ^ P_31_002_def_21_e,P_31_002,Conjunction (Conj): Rule 7,PENDING_REVIEW,PASS,PASS,"Definitional statement for ""Home office"". Complex multi-atomic definition. Uses ""typically"" and ""usually"" (advisory language, not mandatory). Last atomic notes dual-role possibility.",MEDIUM
31,31.002.def_22,P_31_002_def_22,"Immediate-gain actuarial cost method means any of the several actuarial cost methods under which actuarial gains and losses are included as part of the unfunded actuarial liability of the pension plan, rather than as part of the normal cost of the plan.","P_31_002_def_22 (immediate-gain actuarial cost method = actuarial cost methods where gains/losses are part of unfunded actuarial liability, not part of normal cost)",P_31_002_def_22,P_31_002,Conjunction (Conj): Rule 7,VALIDATED,PASS,PASS,"Definitional statement for ""Immediate-gain actuarial cost method"". Self-contained definition with no conditional structure or cross-references.",HIGH
31,31.002.def_IRD,P_31_002_def_IRD,"Independent research and development (IR&D) cost means the cost of effort which is neither sponsored by a grant, nor required in performing a contract, and which falls within any of the following four areas: (1) Basic research; (2) Applied research; (3) Development; and (4) Systems and other concept formulation studies.","P_31_002_def_IRD_a (cost of effort neither sponsored by grant nor required in performing a contract); P_31_002_def_IRD_b (falls within: basic research, applied research, development, or systems and other concept formulation studies)",P_31_002_def_IRD_a ^ P_31_002_def_IRD_b,P_31_002,Conjunction (Conj): Rule 7,VALIDATED,PASS,PASS,"SKELETON GAP: This definition (IR&D cost) was missing from the Phase 2 skeleton. Added as P_31_002_def_IRD during Phase 3. IR&D definition includes enumerated list of four research areas joined disjunctively (""any of the following"").",HIGH
31,31.002.def_23,P_31_002_def_23,Indirect cost pools means (except for subparts 31.3 and 31.6) groupings of incurred costs identified with two or more cost objectives but not identified specifically with any final cost objective.,"P_31_002_def_23 (indirect cost pools = groupings of incurred costs identified with two or more cost objectives but not with any final cost objective, except subparts 31.3 and 31.6)",P_31_002_def_23,P_31_002,Conjunction (Conj): Rule 7,PENDING_REVIEW,PASS,PASS,"Definitional statement for ""Indirect cost pools"". Contains scope exception referencing other subpart(s). Exception creates external dependency requiring cross-part validation.",MEDIUM
31,31.002.def_24,P_31_002_def_24,"Insurance administration expenses means the contractor's costs of administering an insurance program; e.g., the costs of operating an insurance or risk-management department, processing claims, actuarial fees, and service fees paid to insurance companies, trustees, or technical consultants.","P_31_002_def_24 (insurance admin expenses = contractor's costs of administering insurance program, including operating insurance/risk-management dept, processing claims, actuarial fees, service fees)",P_31_002_def_24,P_31_002,Conjunction (Conj): Rule 7,VALIDATED,PASS,PASS,"Definitional statement for ""Insurance administration expenses"". Self-contained definition with no conditional structure or cross-references.",HIGH
31,31.002.def_25,P_31_002_def_25,"Intangible capital asset means an asset that has no physical substance, has more than minimal value, and is expected to be held by an enterprise for continued use or possession beyond the current accounting period for the benefits it yields.",P_31_002_def_25_a (no physical substance); P_31_002_def_25_b (more than minimal value); P_31_002_def_25_c (expected to be held beyond current accounting period for benefits it yields),P_31_002_def_25_a ^ P_31_002_def_25_b ^ P_31_002_def_25_c,P_31_002,Conjunction (Conj): Rule 7,VALIDATED,PASS,PASS,"Definitional statement for ""Intangible capital asset"". Self-contained definition with no conditional structure or cross-references.",HIGH
31,31.002.def_26,P_31_002_def_26,"Job means a homogeneous cluster of work tasks, the completion of which serves an enduring purpose for the organization. Taken as a whole, the collection of tasks, duties, and responsibilities constitutes the assignment for one or more individuals whose work is of the same nature and is performed at the same skill/responsibility level-as opposed to a position, which is a collection of tasks assigned to a specific individual. Within a job, there may be pay categories which are dependent on the degree of supervision required by the employee while performing assigned tasks which are performed by all persons with the same job.","P_31_002_def_26_a (homogeneous cluster of work tasks serving enduring purpose); P_31_002_def_26_b (collection of tasks/duties/responsibilities for one or more individuals of same nature and skill level, as opposed to position for specific individual); P_31_002_def_26_c (may have pay categories dependent on degree of supervision required)",P_31_002_def_26_a ^ P_31_002_def_26_b ^ P_31_002_def_26_c,P_31_002,Conjunction (Conj): Rule 7,VALIDATED,PASS,PASS,"Definitional statement for ""Job"". Self-contained definition with no conditional structure or cross-references.",HIGH
31,31.002.def_27,P_31_002_def_27,Job class of employees means employees performing in positions within the same job.,P_31_002_def_27 (job class of employees = employees performing in positions within the same job),P_31_002_def_27,P_31_002,Conjunction (Conj): Rule 7,VALIDATED,PASS,PASS,"Definitional statement for ""Job class of employees"". Self-contained definition with no conditional structure or cross-references.",HIGH
31,31.002.def_28,P_31_002_def_28,Nonqualified pension plan means any pension plan other than a qualified pension plan as defined in this part.,P_31_002_def_28 (nonqualified pension plan = any pension plan other than a qualified pension plan per Part 31),~P_31_002_def_36 <-> P_31_002_def_28,P_31_002; P_31_002_def_36,Biconditional (Bicond): Rule 17,VALIDATED,PASS,PASS,"Definitional statement for ""Nonqualified pension plan"". Defined by negation of qualified pension plan (def_36). Biconditional: not qualified = nonqualified.",MEDIUM
31,31.002.def_29,P_31_002_def_29,"Normal cost means the annual cost attributable, under the actuarial cost method in use, to current and future years as of a particular valuation date excluding any payment in respect of an unfunded actuarial liability.",P_31_002_def_29_a (annual cost attributable to current and future years under actuarial cost method as of valuation date); P_31_002_def_29_b (excludes payment for unfunded actuarial liability),P_31_002_def_29_a ^ ~P_31_002_def_29_b,P_31_002,Conjunction (Conj): Rule 7,VALIDATED,PASS,PASS,"Definitional statement for ""Normal cost"". Contains explicit exclusion of payments for unfunded actuarial liability. Negation applied to exclusion.",HIGH
31,31.002.def_30,P_31_002_def_30,Pay-as-you-go cost method means a method of recognizing pension cost only when benefits are paid to retired employees or their beneficiaries.,P_31_002_def_30 (pay-as-you-go = recognize pension cost only when benefits are paid to retirees or beneficiaries),P_31_002_def_30,P_31_002,Conjunction (Conj): Rule 7,VALIDATED,PASS,PASS,"Definitional statement for ""Pay-as-you-go cost method"". Self-contained definition with no conditional structure or cross-references.",HIGH
31,31.002.def_31,P_31_002_def_31,"Pension plan means a deferred compensation plan established and maintained by one or more employers to provide systematically for the payment of benefits to plan participants after their retirements, provided that the benefits are paid for life or are payable for life at the option of the employees. Additional benefits such as permanent and total disability and death payments, and survivorship payments to beneficiaries of deceased employees, may be an integral part of a pension plan.","P_31_002_def_31_a (deferred compensation plan established/maintained by one or more employers); P_31_002_def_31_b (provides systematically for payment of benefits after retirement); P_31_002_def_31_c (benefits paid for life or payable for life at employee option); P_31_002_def_31_d (additional benefits such as disability, death, survivorship payments may be integral part)",P_31_002_def_31_a ^ P_31_002_def_31_b ^ P_31_002_def_31_c ^ P_31_002_def_31_d,P_31_002,Conjunction (Conj): Rule 7,VALIDATED,PASS,PASS,"Definitional statement for ""Pension plan"". Last atomic uses ""may"" (permissive) for additional benefits. Core definition requires lifetime benefit provision.",HIGH
31,31.002.def_32,P_31_002_def_32,"Pension plan participant means any employee or former employee of an employer or any member or former member of an employee organization, who is or may become eligible to receive a benefit from a pension plan which covers employees of such employer or members of such organization who have satisfied the plan's participation requirements, or whose beneficiaries are receiving or may be eligible to receive any such benefit. A participant whose employment status with the employer has not been terminated is an active participant of the employer's pension plan.","P_31_002_def_32_a (employee/former employee or member/former member who is or may become eligible for pension plan benefit); P_31_002_def_32_b (must have satisfied plan participation requirements, or beneficiaries receiving/eligible for benefit); P_31_002_def_32_c (participant whose employment not terminated = active participant)",P_31_002_def_32_a ^ P_31_002_def_32_b ^ P_31_002_def_32_c,P_31_002,Conjunction (Conj): Rule 7,VALIDATED,PASS,PASS,"Definitional statement for ""Pension plan participant"". Self-contained definition with no conditional structure or cross-references.",HIGH
31,31.002.def_33,P_31_002_def_33,Profit center means (except for subparts 31.3 and 31.6) the smallest organizationally independent segment of a company charged by management with profit and loss responsibilities.,"P_31_002_def_33 (profit center = smallest organizationally independent segment charged with P&L responsibilities, except subparts 31.3 and 31.6)",P_31_002_def_33,P_31_002,Conjunction (Conj): Rule 7,PENDING_REVIEW,PASS,PASS,"Definitional statement for ""Profit center"". Contains scope exception referencing other subpart(s). Exception creates external dependency requiring cross-part validation.",MEDIUM
31,31.002.def_34,P_31_002_def_34,"Projected benefit cost method means either: (1) Any of the several actuarial cost methods that distribute the estimated total cost of all of the employees' prospective benefits over a period of years, usually their working careers; or (2) A modification of the accrued benefit cost method that considers projected compensation levels.",P_31_002_def_34_a (actuarial cost methods distributing estimated total cost of prospective benefits over working careers); P_31_002_def_34_b (modification of accrued benefit cost method considering projected compensation levels),P_31_002_def_34_a v P_31_002_def_34_b,P_31_002; P_31_002_def_01,Addition (Add): Rule 8,VALIDATED,PASS,PASS,"Definitional statement for ""Projected benefit cost method"". Disjunctive definition (""either...or""). Two alternative methods satisfy the definition. References accrued benefit cost method (def_01).",MEDIUM
31,31.002.def_35,P_31_002_def_35,"Proposal means any offer or other submission used as a basis for pricing a contract, contract modification, or termination settlement or for securing payments thereunder.","P_31_002_def_35 (proposal = any offer/submission used as basis for pricing contract, modification, termination settlement, or securing payments)",P_31_002_def_35,P_31_002,Conjunction (Conj): Rule 7,VALIDATED,PASS,PASS,"Definitional statement for ""Proposal"". Self-contained definition with no conditional structure or cross-references.",HIGH
31,31.002.def_36,P_31_002_def_36,"Qualified pension plan means a pension plan comprising a definite written program communicated to and for the exclusive benefit of employees that meets the criteria deemed essential by the Internal Revenue Service as set forth in the Internal Revenue Code for preferential tax treatment regarding contributions, investments, and distributions. Any other plan is a nonqualified pension plan.",P_31_002_def_36_a (definite written program communicated to and for exclusive benefit of employees); P_31_002_def_36_b (meets IRS criteria per IRC for preferential tax treatment); P_31_002_def_36_c (any other plan = nonqualified pension plan),P_31_002_def_36_a ^ P_31_002_def_36_b ^ P_31_002_def_36_c,P_31_002; P_31_002_def_28,Conjunction (Conj): Rule 7,VALIDATED,PASS,PASS,"Definitional statement for ""Qualified pension plan"". Requires IRS/IRC criteria for preferential tax treatment. Last sentence creates the nonqualified pension plan definition by exclusion. Cross-reference to def_28.",MEDIUM
31,31.002.def_37,P_31_002_def_37,Self-insurance charge means a cost which represents the projected average loss under a self-insurance plan.,P_31_002_def_37 (self-insurance charge = cost representing projected average loss under self-insurance plan),P_31_002_def_37,P_31_002,Conjunction (Conj): Rule 7,VALIDATED,PASS,PASS,"Definitional statement for ""Self-insurance charge"". Self-contained definition with no conditional structure or cross-references.",HIGH
31,31.002.def_38,P_31_002_def_38,Service life means the period of usefulness of a tangible capital asset (or group of assets) to its current owner. The period may be expressed in units of time or output. The estimated service life of a tangible capital asset (or group of assets) is a current forecast of its service life and is the period over which depreciation cost is to be assigned.,P_31_002_def_38_a (period of usefulness of tangible capital asset to current owner); P_31_002_def_38_b (may be expressed in units of time or output); P_31_002_def_38_c (estimated service life = current forecast and period over which depreciation cost assigned),P_31_002_def_38_a ^ P_31_002_def_38_b ^ P_31_002_def_38_c,P_31_002; P_31_002_def_41,Conjunction (Conj): Rule 7,VALIDATED,PASS,PASS,"Definitional statement for ""Service life"". References tangible capital asset (def_41). Service life is the depreciation basis period.",MEDIUM
31,31.002.def_39,P_31_002_def_39,Spread-gain actuarial cost method means any of the several projected benefit actuarial cost methods under which actuarial gains and losses are included as part of the current and future normal costs of the pension plan.,P_31_002_def_39 (spread-gain = projected benefit actuarial cost methods where gains/losses are part of current and future normal costs),P_31_002_def_39,P_31_002; P_31_002_def_34,Conjunction (Conj): Rule 7,VALIDATED,PASS,PASS,"Definitional statement for ""Spread-gain actuarial cost method"". References projected benefit cost method (def_34). Distinguishes from immediate-gain method by inclusion of gains/losses in normal costs.",MEDIUM
31,31.002.def_40,P_31_002_def_40,Standard cost means any cost computed with the use of preestablished measures.,P_31_002_def_40 (standard cost = cost computed using preestablished measures),P_31_002_def_40,P_31_002,Conjunction (Conj): Rule 7,VALIDATED,PASS,PASS,"Definitional statement for ""Standard cost"". Self-contained definition with no conditional structure or cross-references.",HIGH
31,31.002.def_41,P_31_002_def_41,"Tangible capital asset means an asset that has physical substance, more than minimal value, and is expected to be held by an enterprise for continued use or possession beyond the current accounting period for the services it yields.",P_31_002_def_41_a (has physical substance); P_31_002_def_41_b (more than minimal value); P_31_002_def_41_c (expected to be held beyond current accounting period for services it yields),P_31_002_def_41_a ^ P_31_002_def_41_b ^ P_31_002_def_41_c,P_31_002,Conjunction (Conj): Rule 7,VALIDATED,PASS,PASS,"Definitional statement for ""Tangible capital asset"". Self-contained definition with no conditional structure or cross-references.",HIGH
31,31.002.def_42,P_31_002_def_42,Variance means the difference between a preestablished measure and an actual measure.,P_31_002_def_42 (variance = difference between preestablished measure and actual measure),P_31_002_def_42,P_31_002,Conjunction (Conj): Rule 7,VALIDATED,PASS,PASS,"Definitional statement for ""Variance"". Self-contained definition with no conditional structure or cross-references.",HIGH
31,31.002.def_43,P_31_002_def_43,"Welfare benefit fund means a trust or organization which receives and accumulates assets to be used either for the payment of postretirement benefits, or for the purchase of such benefits, provided such accumulated assets form a part of a postretirement benefit plan.",P_31_002_def_43_a (trust or organization receiving and accumulating assets); P_31_002_def_43_b (used for payment or purchase of postretirement benefits); P_31_002_def_43_c (accumulated assets form part of postretirement benefit plan),P_31_002_def_43_a ^ P_31_002_def_43_b ^ P_31_002_def_43_c,P_31_002,Conjunction (Conj): Rule 7,VALIDATED,PASS,PASS,"Definitional statement for ""Welfare benefit fund"". Self-contained definition with no conditional structure or cross-references.",HIGH
31,31.003,P_31_003,"Contractors needing assistance in developing or improving their accounting systems and procedures may request a copy of the Defense Contract Audit Agency Pamphlet No. 7641.90, Information for Contractors at http://www.dcaa.mil.",P_31_003_a (contractor needs assistance developing/improving accounting systems); P_31_003_b (contractor may request DCAA Pamphlet No. 7641.90),P_31_003_a -> (P_31_003_b v ~P_31_003_b),,Material Implication (Impl): Rule 15 [HIGH-RISK]; Tautology (Taut): Rule 18,PENDING_REVIEW,PASS,PASS,"""May"" = permissive. Contractor has discretion to request or not. Tautology in consequent reflects pure discretion. No mandatory action.",MEDIUM
31,31.004,P_31_004,Deviations from the cost principles in this part are subject to approval requirements specified in paragraphs (a) and (b).,P_31_004_a (civilian agency deviations); P_31_004_b (DoD and NASA deviations),P_31_004_a ^ P_31_004_b,,Conjunction (Conj): Rule 7,VALIDATED,PASS,PASS,Parent proposition aggregating deviation rules for civilian agencies and DoD/NASA. Both subsections apply to their respective domains.,HIGH
31,31.004(a),P_31_004_a,Civilian agencies: Individual and class deviations from cost principles require specific approvals.,P_31_004_a_1 (individual deviations require agency head approval); P_31_004_a_2 (class deviations require CAAC approval),P_31_004_a_1 ^ P_31_004_a_2,P_31_004,Conjunction (Conj): Rule 7,VALIDATED,PASS,PASS,Parent for civilian agency deviations. Both individual and class deviation rules apply concurrently.,HIGH
31,31.004(a)(1),P_31_004_a_1,Individual deviations from the cost principles in this part require approval by the agency head.,"P_31_004_a_1_a (deviation is individual, from Part 31 cost principles, by civilian agency); P_31_004_a_1_b (approval by agency head is required)",P_31_004_a_1_a -> P_31_004_a_1_b,P_31_004_a,Material Implication (Impl): Rule 15 [HIGH-RISK],PENDING_REVIEW,PASS,PASS,"Mandatory conditional: if individual deviation, then agency head approval required. ""Require"" = mandatory. HIGH-RISK due to Rule 15 but straightforward conditional.",MEDIUM
31,31.004(a)(2),P_31_004_a_2,Class deviations from the cost principles in this part require approval by the Civilian Agency Acquisition Council.,P_31_004_a_2_a (deviation is class deviation from Part 31 cost principles by civilian agency); P_31_004_a_2_b (approval by CAAC is required),P_31_004_a_2_a -> P_31_004_a_2_b,P_31_004_a,Material Implication (Impl): Rule 15 [HIGH-RISK],PENDING_REVIEW,PASS,PASS,"Mandatory conditional: if class deviation, then CAAC approval required. Higher approval authority than individual deviations. HIGH-RISK due to Rule 15.",MEDIUM
31,31.004(b),P_31_004_b,DoD and NASA. See agency supplements for the approval of deviations from the cost principles in this part.,P_31_004_b (DoD and NASA deviations from Part 31 cost principles governed by agency supplements),P_31_004_b,P_31_004,Conjunction (Conj): Rule 7,PENDING_REVIEW,PASS,PASS,Delegative statement directing to agency supplements. No substantive rule stated here; approval process is external. External dependency on DoD/NASA FAR supplements.,MEDIUM
31,31.1,P_31_100,"31.100 Scope of subpart. This subpart describes the applicability of cost principles and procedures to various types of contracts and subcontracts, advance agreements, certification of indirect cost rates, and penalties on certain unallowable costs.",P_31_100_a; P_31_100_b,P_31_100_a ^ P_31_100_b,,Conjunction (Conj): Rule 7,VALIDATED,PASS,PASS,Parent proposition aggregating scope statement. Two components: (a) applicability descriptions and (b) additional coverage areas. Conjunction appropriate as both describe the full scope.,HIGH
31,31.100(a),P_31_100_a,"(a) This subpart describes the applicability of cost principles and procedures to various types of contracts and subcontracts and are grouped by organization type (e.g., commercial, nonprofit, and educational institutions).",P_31_100_a,P_31_100_a,P_31_100,N/A (declarative statement),VALIDATED,PASS,PASS,Declarative/descriptive statement establishing scope. No conditional or mandatory logic required. Already atomic.,HIGH
31,31.100(b),P_31_100_b,"(b) This subpart also describes advance agreements, the requirement for certification of indirect cost rates, and penalties on certain unallowable costs.",P_31_100_b,P_31_100_b,P_31_100,N/A (declarative statement),VALIDATED,PASS,PASS,"Declarative/descriptive statement extending scope. Serial commas link three descriptive topics; conjunction implicit but statement is descriptive, not prescriptive.",HIGH
31,31.101,P_31_101,[Reserved],P_31_101,P_31_101,,N/A (reserved section),VALIDATED,PASS,PASS,Reserved section. No regulatory content. Placeholder only.,HIGH
31,31.102,P_31_102,"31.102 Fixed-price contracts. The applicable subparts of part 31 must be used in the pricing of fixed-price contracts, subcontracts, and modifications whenever cost analysis is performed or a fixed-price contract clause requires determination or negotiation of costs. The application of cost principles must not be construed as requiring negotiation of individual cost elements, and the final price reflects agreement only on total price.",P_31_102_a; P_31_102_b,P_31_102_a ^ P_31_102_b,,Conjunction (Conj): Rule 7,VALIDATED,PASS,PASS,Parent aggregating two subsections: (a) applicability triggers and (b) interpretive limitations. Both apply simultaneously.,HIGH
31,31.102(a),P_31_102_a,"(a) The applicable subparts of part 31 must be used in the pricing of fixed-price contracts, subcontracts, and modifications to contracts and subcontracts whenever-- (1) Cost analysis is performed, or (2) A fixed-price contract clause requires the determination or negotiation of costs.",P_31_102_a_1 (cost analysis performed); P_31_102_a_2 (FP clause requires cost determination/negotiation),(P_31_102_a_1 v P_31_102_a_2) -> ApplySubpart31CostPrinciples,P_31_102,Material Implication (Impl): Rule 15 [HIGH-RISK]; Addition (Add): Rule 8,PENDING_REVIEW,PASS,PASS,Conditional with disjunctive antecedent. 'Whenever' triggers implication. Either condition (cost analysis OR FP clause requirement) triggers mandatory application of Part 31 subparts. HIGH-RISK: implication direction verified -- triggers precede the mandate.,MEDIUM
31,31.102(a)(1),P_31_102_a_1,"(1) Cost analysis is performed, or",P_31_102_a_1,P_31_102_a_1,P_31_102_a,N/A (atomic component of parent disjunction),VALIDATED,PASS,PASS,Atomic trigger condition. Component of disjunctive antecedent in P_31_102_a.,HIGH
31,31.102(a)(2),P_31_102_a_2,(2) A fixed-price contract clause requires the determination or negotiation of costs.,P_31_102_a_2,P_31_102_a_2,P_31_102_a,N/A (atomic component of parent disjunction),VALIDATED,PASS,PASS,Atomic trigger condition. Component of disjunctive antecedent in P_31_102_a.,HIGH
31,31.102(b),P_31_102_b,(b) Parent for interpretive limitations on application of cost principles to fixed-price contracts.,P_31_102_b_1; P_31_102_b_2,P_31_102_b_1 ^ P_31_102_b_2,P_31_102,Conjunction (Conj): Rule 7,VALIDATED,PASS,PASS,Parent for two related interpretive provisions. Both apply simultaneously as limitations on how cost principles interact with fixed-price contracts.,HIGH
31,31.102(b)(1),P_31_102_b_1,(1) The application of cost principles to fixed-price contracts and subcontracts must not be construed as a requirement to negotiate agreements on individual elements of cost in arriving at agreement on the total price.,P_31_102_b_1,~(CostPrinciplesApplied -> NegotiateIndividualCostElements),P_31_102_b,Negation (Neg): Rule 10; Material Implication (Impl): Rule 15 [HIGH-RISK],PENDING_REVIEW,PASS,PASS,Must not be construed as a requirement' negates the implication that applying cost principles mandates individual cost element negotiation. HIGH-RISK: negation of implication. Verified direction: application does NOT mandate element-by-element negotiation.,MEDIUM
31,31.102(b)(2),P_31_102_b_2,(2) The final price accepted by the parties reflects agreement only on the total price.,P_31_102_b_2,P_31_102_b_2,P_31_102_b,N/A (declarative statement),VALIDATED,PASS,PASS,Declarative statement establishing that final price = total price agreement only. No conditional logic. Already atomic.,HIGH
31,31.103,P_31_103,"31.103 Contracts with commercial organizations. This category includes contracts, subcontracts, and modifications negotiated with organizations other than educational institutions (see 31.104), construction and architect-engineer contracts (see 31.105), State and local governments (see 31.107) and nonprofit organizations (see 31.108) on the basis of cost.",P_31_103_a; P_31_103_b,P_31_103_a ^ P_31_103_b,P_31_104; P_31_105; P_31_107; P_31_108,Conjunction (Conj): Rule 7,VALIDATED,PASS,PASS,"Parent with category definition and two subsections: (a) pricing requirement and (b) basis-for-incorporation list. Cross-references to 31.104, 31.105, 31.107, 31.108 define scope by exclusion.",MEDIUM
31,31.103(a),P_31_103_a,(a) The cost principles and procedures in subpart 31.2 must be used in pricing negotiated contracts and contract modifications with commercial organizations whenever cost analysis is performed as required by 15.404-1(c).,P_31_103_a,CostAnalysisPerformed_15_404_1_c -> ApplySubpart31_2_CostPrinciples,P_31_103; EXT:15.404-1,Material Implication (Impl): Rule 15 [HIGH-RISK],PENDING_REVIEW,PASS,PASS,Whenever' triggers conditional. Cost analysis per 15.404-1(c) is the antecedent; mandatory use of subpart 31.2 is the consequent. HIGH-RISK: direction verified. External dependency on 15.404-1(c).,MEDIUM
31,31.103(b),P_31_103_b,(b) The contracting officer must incorporate the cost principles and procedures in subpart 31.2 by reference in contracts with commercial organizations as the basis for-- (1) through (6).,P_31_103_b_1; P_31_103_b_2; P_31_103_b_3; P_31_103_b_4; P_31_103_b_5; P_31_103_b_6,CommercialOrgContract -> IncorporateSubpart31_2 ^ (P_31_103_b_1 ^ P_31_103_b_2 ^ P_31_103_b_3 ^ P_31_103_b_4 ^ P_31_103_b_5 ^ P_31_103_b_6),P_31_103,Material Implication (Impl): Rule 15 [HIGH-RISK]; Conjunction (Conj): Rule 7,PENDING_REVIEW,PASS,PASS,Mandatory incorporation of cost principles for six enumerated purposes. 'Must' = mandatory. Conjunction of all six purposes as the basis. HIGH-RISK: implication verified -- commercial org contract triggers incorporation requirement.,MEDIUM
31,31.103(b)(1),P_31_103_b_1,(1) Determining reimbursable costs under--- (i) Cost-reimbursement contracts and cost-reimbursement subcontracts under contracts performed by commercial organizations; and (ii) The cost-reimbursement portion of time-and-materials contracts except when material is priced on a basis other than at cost (see 16.601(c)(3)).,P_31_103_b_1_i; P_31_103_b_1_ii,P_31_103_b_1_i ^ P_31_103_b_1_ii,P_31_103_b; EXT:16.601,Conjunction (Conj): Rule 7,VALIDATED,PASS,PASS,Parent for two sub-items defining reimbursable cost determination scope. 'And' connector = conjunction.,HIGH
31,31.103(b)(1)(i),P_31_103_b_1_i,(i) Cost-reimbursement contracts and cost-reimbursement subcontracts under contracts performed by commercial organizations.,P_31_103_b_1_i,P_31_103_b_1_i,P_31_103_b_1,N/A (declarative/enumerative),VALIDATED,PASS,PASS,Enumerative item identifying contract type for reimbursable cost determination. Already atomic.,HIGH
31,31.103(b)(1)(ii),P_31_103_b_1_ii,(ii) The cost-reimbursement portion of time-and-materials contracts except when material is priced on a basis other than at cost (see 16.601(c)(3)).,P_31_103_b_1_ii,T_and_M_Contract ^ ~MaterialPricedOtherThanCost -> ApplySubpart31_2_ToReimbursablePortion,P_31_103_b_1; EXT:16.601,Material Implication (Impl): Rule 15 [HIGH-RISK]; Conjunction (Conj): Rule 7; Negation (Neg): Rule 10,PENDING_REVIEW,PASS,PASS,Except when' introduces a conditional exclusion. T&M contract AND material NOT priced on other basis triggers application. External dep on 16.601(c)(3). HIGH-RISK: exception clause modifies applicability.,MEDIUM
31,31.103(b)(2),P_31_103_b_2,(2) Negotiating indirect cost rates (see subpart 42.7).,P_31_103_b_2,P_31_103_b_2,P_31_103_b,N/A (enumerative item),VALIDATED,PASS,PASS,Enumerative purpose for cost principle incorporation. Cross-reference to subpart 42.7. Already atomic.,HIGH
31,31.103(b)(3),P_31_103_b_3,"(3) Proposing, negotiating, or determining costs under terminated contracts (see 49.103 and 49.113).",P_31_103_b_3,P_31_103_b_3,P_31_103_b; EXT:49.103; EXT:49.113,N/A (enumerative item),VALIDATED,PASS,PASS,Enumerative purpose. 'Or' between proposing/negotiating/determining is inclusive disjunction within a single atomic purpose. Cross-references to 49.103 and 49.113.,HIGH
31,31.103(b)(4),P_31_103_b_4,(4) Price revision of fixed-price incentive contracts (see 16.204 and 16.403).,P_31_103_b_4,P_31_103_b_4,P_31_103_b; EXT:16.204; EXT:16.403,N/A (enumerative item),VALIDATED,PASS,PASS,Enumerative purpose. Cross-references to 16.204 and 16.403. Already atomic.,HIGH
31,31.103(b)(5),P_31_103_b_5,(5) Price redetermination of price redetermination contracts (see 16.205 and 16.206).,P_31_103_b_5,P_31_103_b_5,P_31_103_b; EXT:16.205; EXT:16.206,N/A (enumerative item),VALIDATED,PASS,PASS,Enumerative purpose. Cross-references to 16.205 and 16.206. Already atomic.,HIGH
31,31.103(b)(6),P_31_103_b_6,(6) Pricing changes and other contract modifications.,P_31_103_b_6,P_31_103_b_6,P_31_103_b,N/A (enumerative item),VALIDATED,PASS,PASS,Enumerative purpose. Catch-all for pricing changes and modifications. Already atomic.,HIGH
31,31.104,P_31_104,"31.104 Contracts with educational institutions. This category includes contracts, subcontracts, and modifications performed by educational institutions (defined as institutions of higher education in the OMB Uniform Guidance at 2 CFR part 200, subpart A, and 20 U.S.C. 1001).",P_31_104_a; P_31_104_b,P_31_104_a ^ P_31_104_b,,Conjunction (Conj): Rule 7,VALIDATED,PASS,PASS,Parent with category definition referencing OMB Uniform Guidance and 20 U.S.C. 1001 for institutional definition. Two subsections for mandatory incorporation and guide usage.,MEDIUM
31,31.104(a),P_31_104_a,(a) The contracting officer must incorporate the cost principles and procedures in subpart 31.3 by reference in cost-reimbursement contracts with educational institutions as the basis for-- (1) through (3).,P_31_104_a_1; P_31_104_a_2; P_31_104_a_3,EducationalInstitution_CR_Contract -> IncorporateSubpart31_3 ^ (P_31_104_a_1 ^ P_31_104_a_2 ^ P_31_104_a_3),P_31_104,Material Implication (Impl): Rule 15 [HIGH-RISK]; Conjunction (Conj): Rule 7,PENDING_REVIEW,PASS,PASS,Mandatory incorporation of subpart 31.3 for educational institutions in cost-reimbursement contracts. 'Must' = mandatory. Three enumerated purposes. HIGH-RISK: implication direction verified.,MEDIUM
31,31.104(a)(1),P_31_104_a_1,(1) Determining reimbursable costs under cost-reimbursement contracts and cost-reimbursement subcontracts performed by educational institutions.,P_31_104_a_1,P_31_104_a_1,P_31_104_a,N/A (enumerative item),VALIDATED,PASS,PASS,Enumerative purpose for educational institution cost principle incorporation. Already atomic.,HIGH
31,31.104(a)(2),P_31_104_a_2,(2) Negotiating indirect cost rates.,P_31_104_a_2,P_31_104_a_2,P_31_104_a,N/A (enumerative item),VALIDATED,PASS,PASS,Enumerative purpose. Already atomic.,HIGH
31,31.104(a)(3),P_31_104_a_3,(3) Settling costs of cost-reimbursement terminated contracts (see subpart 49.3 and 49.109-7).,P_31_104_a_3,P_31_104_a_3,P_31_104_a; EXT:49.109-7,N/A (enumerative item),VALIDATED,PASS,PASS,Enumerative purpose. Cross-references to subpart 49.3 and 49.109-7. Already atomic.,HIGH
31,31.104(b),P_31_104_b,(b) The cost principles in this subpart are to be used as a guide in evaluating costs in connection with negotiating fixed-price contracts and termination settlements.,P_31_104_b,FP_Contract_Negotiation_EduInst v TerminationSettlement_EduInst -> UseSubpart31_3_AsGuide,P_31_104,Material Implication (Impl): Rule 15 [HIGH-RISK]; Addition (Add): Rule 8,PENDING_REVIEW,PASS,PASS,Are to be used as a guide' is advisory/directive but not as strong as 'must'. Disjunctive antecedent: FP negotiation OR termination settlement triggers guide usage. HIGH-RISK: 'should'-equivalent directive. Set PENDING_REVIEW.,MEDIUM
31,31.105,P_31_105,"31.105 Construction and architect-engineer contracts. This category includes all contracts and contract modifications negotiated on the basis of cost with organizations other than educational institutions, State and local governments, and nonprofit organizations for construction management or construction, alteration or repair of real property, plus architect-engineer contracts related to construction projects. Excludes contracts for vessels, aircraft, or other personal property.",P_31_105_a; P_31_105_b; P_31_105_c; P_31_105_d; P_31_105_e,P_31_105_a ^ P_31_105_b ^ P_31_105_c ^ P_31_105_d ^ P_31_105_e,,Conjunction (Conj): Rule 7,VALIDATED,PASS,PASS,"Parent aggregating scope definition, definition, pricing requirement, incorporation basis, and allowability details across five subsections.",HIGH
31,31.105(a),P_31_105_a,"(a) This category includes all contracts and contract modifications negotiated on the basis of cost with organizations other than educational institutions (see 31.104), State and local governments (see 31.107), and nonprofit organizations except those exempted under OMB Uniform Guidance at 2 CFR part 200, appendix VIII (see 31.108) for construction management or construction, alteration or repair of buildings, bridges, roads, or other kinds of real property. It also includes architect-engineer contracts related to construction projects. It does not include contracts for vessels, aircraft, or other kinds of personal property.",P_31_105_a,P_31_105_a,P_31_105; P_31_104; P_31_107; P_31_108,N/A (definitional/scope statement),VALIDATED,PASS,PASS,"Scope definition establishing category boundaries by inclusion and exclusion. Cross-references to 31.104, 31.107, 31.108. Declarative, already atomic as a single scope statement.",MEDIUM
31,31.105(b),P_31_105_b,"(b) Definition. Construction equipment, as used in this section, means equipment (including marine equipment) in sound workable condition, either owned or controlled by the contractor or the subcontractor at any tier, or obtained from a commercial rental source, and furnished for use under Government contracts.",P_31_105_b,P_31_105_b,P_31_105,N/A (definitional statement),VALIDATED,PASS,PASS,"Definition of 'construction equipment' for purposes of this section. Definitional, already atomic.",HIGH
31,31.105(c),P_31_105_c,"(c) Except as specified in paragraph (d) of this section, the cost principles and procedures in subpart 31.2 must be used in the pricing of contracts and contract modifications in this category if cost analysis is performed as required by 15.404-1(c).",P_31_105_c,(CostAnalysisPerformed_15_404_1_c ^ ~ExceptionsUnder31_105_d) -> ApplySubpart31_2_Pricing,P_31_105; EXT:15.404-1,Material Implication (Impl): Rule 15 [HIGH-RISK]; Conjunction (Conj): Rule 7; Negation (Neg): Rule 10,PENDING_REVIEW,PASS,PASS,"Except as specified in (d)' creates a conditional exception. 'If' triggers implication. Both conditions (cost analysis performed AND no (d) exception) must hold. HIGH-RISK: verified direction. External dep on 15.404-1(c), internal dep on P_31_105_d.",MEDIUM
31,31.105(d),P_31_105_d,(d) The contracting officer must incorporate by reference the cost principles and procedures in subpart 31.2 (as modified by paragraph (d) of this section) in contracts in this category as the basis for-- (1) through (5).,P_31_105_d_1; P_31_105_d_2; P_31_105_d_3; P_31_105_d_4; P_31_105_d_5,ConstructionContract -> IncorporateSubpart31_2_Modified ^ (P_31_105_d_1 ^ P_31_105_d_2 ^ P_31_105_d_3 ^ P_31_105_d_4 ^ P_31_105_d_5),P_31_105,Material Implication (Impl): Rule 15 [HIGH-RISK]; Conjunction (Conj): Rule 7,PENDING_REVIEW,PASS,PASS,"Mandatory incorporation with modification. 'Must' = mandatory. Five enumerated purposes, same structure as 31.103(b). HIGH-RISK: direction verified.",MEDIUM
31,31.105(d)(1),P_31_105_d_1,(1) Determining reimbursable costs under cost-reimbursement contracts and subcontracts.,P_31_105_d_1,P_31_105_d_1,P_31_105_d,N/A (enumerative item),VALIDATED,PASS,PASS,Enumerative purpose. Already atomic.,HIGH
31,31.105(d)(2),P_31_105_d_2,(2) Negotiating indirect cost rates.,P_31_105_d_2,P_31_105_d_2,P_31_105_d,N/A (enumerative item),VALIDATED,PASS,PASS,Enumerative purpose. Already atomic.,HIGH
31,31.105(d)(3),P_31_105_d_3,"(3) Proposing, negotiating, or determining costs under terminated contracts.",P_31_105_d_3,P_31_105_d_3,P_31_105_d,N/A (enumerative item),VALIDATED,PASS,PASS,Enumerative purpose. Already atomic.,HIGH
31,31.105(d)(4),P_31_105_d_4,(4) Price revision of fixed-price incentive contracts.,P_31_105_d_4,P_31_105_d_4,P_31_105_d,N/A (enumerative item),VALIDATED,PASS,PASS,Enumerative purpose. Already atomic.,HIGH
31,31.105(d)(5),P_31_105_d_5,(5) Pricing changes and other contract modifications.,P_31_105_d_5,P_31_105_d_5,P_31_105_d,N/A (enumerative item),VALIDATED,PASS,PASS,Enumerative purpose. Already atomic.,HIGH
31,31.105(e),P_31_105_e,"(e) Allowability provisions for construction and architect-engineer contracts, including exceptions to subpart 31.2, construction equipment cost rules, rental equipment rules, job site costs, and temporary structure costs.",P_31_105_e_1; P_31_105_e_2_iii; P_31_105_e_2_v3; P_31_105_e_3_v2; P_31_105_e_4,P_31_105_e_1 ^ P_31_105_e_2_iii ^ P_31_105_e_2_v3 ^ P_31_105_e_3_v2 ^ P_31_105_e_4,P_31_105,Conjunction (Conj): Rule 7,VALIDATED,PASS,PASS,"Parent for (e). Note: skeleton nesting issues exist. (e)(1) covers allowability rules and equipment costs. Remaining items at (e)(2)-(4) level cover job site, rental, and temporary structure costs. See VERIFY_NESTING notes.",MEDIUM
31,31.105(e)(1),P_31_105_e_1,(1) The allowability of costs for construction and architect-engineer contracts must be determined in accordance with subpart 31.2 except as follows: (i) advance agreements and (ii) construction equipment ownership/operating costs.,P_31_105_e_1_i; P_31_105_e_1_ii,ConstructionContract -> (DetermineAllowabilityPerSubpart31_2 ^ (P_31_105_e_1_i v P_31_105_e_1_ii)),P_31_105_e,Material Implication (Impl): Rule 15 [HIGH-RISK]; Conjunction (Conj): Rule 7,PENDING_REVIEW,PASS,PASS,Must be determined in accordance with' = mandatory. 'Except as follows' introduces two exception categories. HIGH-RISK: verified direction.,MEDIUM
31,31.105(e)(1)(i),P_31_105_e_1_i,"(i) When an advance agreement is used to address costs, such as home office overhead, partner's compensation, employment of consultants, and equipment usage costs due to varying factors of construction projects (see 31.110).",P_31_105_e_1_i,AdvanceAgreementUsed_ConstructionCosts -> ExceptionToSubpart31_2_Determination,P_31_105_e_1; P_31_110,Material Implication (Impl): Rule 15 [HIGH-RISK],PENDING_REVIEW,PASS,PASS,When' triggers conditional. Advance agreement usage creates exception to standard subpart 31.2 determination. Cross-reference to 31.110. HIGH-RISK: direction verified.,MEDIUM
31,31.105(e)(1)(ii),P_31_105_e_1_ii,(ii) Allowable ownership and operating costs of construction equipment must be determined as follows: (A) through (F).,P_31_105_e_1_ii,ConstructionEquipmentCosts -> DeterminePerMethods_A_through_F,P_31_105_e_1,Material Implication (Impl): Rule 15 [HIGH-RISK],PENDING_REVIEW,PASS,PASS,Parent for six sub-methods (A)-(F) for determining construction equipment ownership and operating costs. 'Must be determined' = mandatory. HIGH-RISK: direction verified.,MEDIUM
31,31.105(e)(1)_v2,P_31_105_e_1_v2,[VERIFY_NESTING - Corrected: This is 31.105(e)(1)(ii)(E)(1)] (1) The allowance for ownership costs should include the cost of depreciation and may include facilities capital cost of money.,P_31_105_e_1_v2,OwnershipCostAllowance -> IncludeDepreciation ^ (IncludeFCCOM v ~IncludeFCCOM),P_31_105_e_1,Material Implication (Impl): Rule 15 [HIGH-RISK]; Conjunction (Conj): Rule 7; Tautology (Taut): Rule 18,PENDING_REVIEW,PASS,PASS,VERIFY_NESTING corrected: actual location is 31.105(e)(1)(ii)(E)(1). 'Should' = advisory (PENDING_REVIEW). 'May include' = permissive (tautology). Depreciation is advisory-mandatory; FCCOM is discretionary. HIGH-RISK: advisory modal.,MEDIUM
31,31.105(e)(2),P_31_105_e_2,"[VERIFY_NESTING - Corrected: This is 31.105(e)(1)(ii)(E)(2)] (2) The allowance for operating costs may include costs for such items as fuel, filters, oil, and grease; servicing, repairs, and maintenance; and tire wear and repair.",P_31_105_e_2,OperatingCostAllowance -> (IncludeOperatingItems v ~IncludeOperatingItems),P_31_105_e,Material Implication (Impl): Rule 15 [HIGH-RISK]; Tautology (Taut): Rule 18,PENDING_REVIEW,PASS,PASS,VERIFY_NESTING corrected: actual location is 31.105(e)(1)(ii)(E)(2). 'May include' = permissive. Tautology in consequent reflects discretion. Items listed are illustrative ('such items as').,MEDIUM
31,31.105(e)(3),P_31_105_e_3,"[VERIFY_NESTING - Corrected: This is 31.105(e)(1)(ii)(E)(3)] (3) Costs of labor, mobilization, demobilization, overhead, and profit are generally not reflected in schedules, and separate consideration may be necessary.",P_31_105_e_3,PredeterminedScheduleUsed -> ~ScheduleReflectsLaborMobOverheadProfit ^ (SeparateConsideration v ~SeparateConsideration),P_31_105_e,Material Implication (Impl): Rule 15 [HIGH-RISK]; Negation (Neg): Rule 10; Tautology (Taut): Rule 18,PENDING_REVIEW,PASS,PASS,VERIFY_NESTING corrected: actual location is 31.105(e)(1)(ii)(E)(3). 'Generally not reflected' = factual/advisory. 'May be necessary' = permissive. Two components: descriptive fact and discretionary action.,MEDIUM
31,31.105(e)(1)_v3,P_31_105_e_1_v3,"[VERIFY_NESTING - Corrected: This is 31.105(e)(1)(ii)(F)(1)] (1) If the contractor's accounting system provides for site or home office overhead allocations, all costs which are included in the equipment allowances may need to be included in any cost input base before computing the contractor's overhead rate.",P_31_105_e_1_v3,AccountingSystemProvidesOverheadAllocations -> (IncludeEquipmentAllowancesInCostBase v ~IncludeEquipmentAllowancesInCostBase),P_31_105_e_1,Material Implication (Impl): Rule 15 [HIGH-RISK]; Tautology (Taut): Rule 18,PENDING_REVIEW,PASS,PASS,VERIFY_NESTING corrected: actual location is 31.105(e)(1)(ii)(F)(1). 'If' triggers conditional. 'May need to be' = advisory/discretionary. Tautology reflects permissive nature.,MEDIUM
31,31.105(e)(2)_v2,P_31_105_e_2_v2,"[VERIFY_NESTING - Corrected: This is 31.105(e)(1)(ii)(F)(2)] (2) In periods of suspension of work pursuant to a contract clause, the allowance for equipment ownership must not exceed an amount for standby cost as determined by the schedule or contract provision.",P_31_105_e_2_v2,SuspensionOfWork_ContractClause -> ~(EquipmentOwnershipAllowance > StandbyCostAmount),P_31_105_e_2,Material Implication (Impl): Rule 15 [HIGH-RISK]; Negation (Neg): Rule 10,PENDING_REVIEW,PASS,PASS,VERIFY_NESTING corrected: actual location is 31.105(e)(1)(ii)(F)(2). 'In periods of' = conditional trigger. 'Must not exceed' = mandatory ceiling. HIGH-RISK: negation with implication.,MEDIUM
31,31.105(e)(2)(iii),P_31_105_e_2_iii,(iii) The following costs of renting construction equipment must be treated as follows: (A) operating costs not in rental rate are allowable; (B) major repair/overhaul of rental equipment is unallowable; (C) charges for equipment rented from related entities per 31.205-36(b)(3) and (b)(4).,P_31_105_e_2_iii,RentalConstructionEquipment -> TreatCostsPerRules_A_B_C,P_31_105_e_2; P_31_205_36,Material Implication (Impl): Rule 15 [HIGH-RISK]; Conjunction (Conj): Rule 7,PENDING_REVIEW,PASS,PASS,Parent for three rental equipment cost treatment rules. 'Must be treated' = mandatory. Note: skeleton shows this as (e)(2)(iii) but actual nesting is (e)(1)(iii). Cross-reference to 31.205-36(b)(3)-(4). HIGH-RISK: direction verified.,MEDIUM
31,31.105(e)(2)_v3,P_31_105_e_2_v3,"[VERIFY_NESTING - Corrected: This is 31.105(e)(2)] (2) Costs incurred, at the job site, in performance of the work, such as the cost of superintendence, timekeeping and clerical work, engineering, utility costs, supplies, material handling, restoration and cleanup, etc., are allowable as direct or indirect costs, provided the accounting practice used is in accordance with the contractor's established and consistently followed cost accounting practices for all work.",P_31_105_e_2_v3,JobSiteCosts ^ AccountingPracticeConsistent -> Allowable_DirectOrIndirect,P_31_105_e_2,Material Implication (Impl): Rule 15 [HIGH-RISK]; Conjunction (Conj): Rule 7,PENDING_REVIEW,PASS,PASS,VERIFY_NESTING corrected: actual location is 31.105(e)(2). 'Provided' = conditional conjunction. Allowability conditional on consistent accounting practice. 'Such as' list is illustrative. HIGH-RISK: 'provided that' trigger.,MEDIUM
31,31.105(e)(3)_v2,P_31_105_e_3_v2,"[VERIFY_NESTING - Corrected: This is 31.105(e)(3)] (3) Rental and any other costs, less any applicable credits, incurred in acquiring the temporary use of land, structures, and facilities are allowable.",P_31_105_e_3_v2,TemporaryUseCosts_LessCredits -> Allowable,P_31_105_e_3,Material Implication (Impl): Rule 15 [HIGH-RISK],PENDING_REVIEW,PASS,PASS,VERIFY_NESTING corrected: actual location is 31.105(e)(3). Straightforward allowability declaration. 'Less any applicable credits' = net cost basis. HIGH-RISK: implication direction verified -- costs meeting description are allowable.,MEDIUM
31,31.105(e)(4),P_31_105_e_4,"(4) Costs, less any applicable credits, incurred in constructing or fabricating structures and facilities of a temporary nature are allowable.",P_31_105_e_4,TemporaryConstructionCosts_LessCredits -> Allowable,P_31_105_e,Material Implication (Impl): Rule 15 [HIGH-RISK],PENDING_REVIEW,PASS,PASS,Allowability declaration for temporary structure construction/fabrication costs net of credits. Same pattern as (e)(3). HIGH-RISK: direction verified.,MEDIUM
31,31.106,P_31_106,[Reserved],P_31_106,P_31_106,,N/A (reserved section),VALIDATED,PASS,PASS,Reserved section. No regulatory content. Placeholder only.,HIGH
31,31.107,P_31_107,"31.107 Contracts with State, local, and federally recognized Indian tribal governments. Subpart 31.6 provides principles for determining costs applicable to these contracts, with exceptions for publicly financed educational institutions and publicly owned hospitals.",P_31_107_a; P_31_107_b,P_31_107_a ^ P_31_107_b,,Conjunction (Conj): Rule 7,VALIDATED,PASS,PASS,Parent aggregating applicability statement with exceptions and OMB approval authority.,HIGH
31,31.107(a),P_31_107_a,"(a) Subpart 31.6 provides principles and standards for determining costs applicable to contracts, subcontracts, and modifications with State, local, and federally recognized Indian tribal governments. They apply except contracts with-- (1) Publicly financed educational institutions subject to subpart 31.3; and (2) Publicly owned hospitals and other providers of medical care subject to requirements promulgated by the sponsoring Government agencies.",P_31_107_a_1; P_31_107_a_2,StateLocalTribalContract ^ ~P_31_107_a_1 ^ ~P_31_107_a_2 -> ApplySubpart31_6,P_31_107,Material Implication (Impl): Rule 15 [HIGH-RISK]; Conjunction (Conj): Rule 7; Negation (Neg): Rule 10,PENDING_REVIEW,PASS,PASS,Applicability statement with two exceptions. 'Except contracts with' negates applicability for two categories. Conjunction of contract type AND absence of both exceptions triggers subpart 31.6 application. HIGH-RISK: direction verified.,MEDIUM
31,31.107(a)(1),P_31_107_a_1,(1) Publicly financed educational institutions subject to subpart 31.3.,P_31_107_a_1,P_31_107_a_1,P_31_107_a,N/A (exception definition),VALIDATED,PASS,PASS,Exception category: publicly financed educational institutions. Cross-reference to subpart 31.3. Already atomic.,HIGH
31,31.107(a)(2),P_31_107_a_2,(2) Publicly owned hospitals and other providers of medical care subject to requirements promulgated by the sponsoring Government agencies.,P_31_107_a_2,P_31_107_a_2,P_31_107_a,N/A (exception definition),VALIDATED,PASS,PASS,Exception category: publicly owned hospitals/medical providers. Requirements from sponsoring agencies apply instead. Already atomic.,HIGH
31,31.107(b),P_31_107_b,(b) The Office of Management and Budget (OMB) will approve any other exceptions in particular cases when adequate justification is presented.,P_31_107_b,AdequateJustificationPresented -> OMB_MayApproveException,P_31_107,Material Implication (Impl): Rule 15 [HIGH-RISK],PENDING_REVIEW,PASS,PASS,"When' triggers conditional. 'Will approve' is declarative but effectively conditional on adequate justification. OMB authority statement. HIGH-RISK: 'will' = declarative future, not quite 'shall' mandatory.",MEDIUM
31,31.108,P_31_108,"31.108 Contracts with nonprofit organizations. Subpart 31.7 provides principles and standards for determining costs applicable to contracts and contract modifications with nonprofit organizations other than educational institutions (see subpart 31.3), State and local governments (see subpart 31.6), and those nonprofit organizations exempted under the OMB Uniform Guidance at 2 CFR part 200, appendix VIII (see subpart 31.2 for cost principles applicable to exempt nonprofits).",P_31_108,NonprofitOrg ^ ~EducationalInstitution ^ ~StateLocalGov ^ ~OMB_Exempt -> ApplySubpart31_7,,Material Implication (Impl): Rule 15 [HIGH-RISK]; Conjunction (Conj): Rule 7; Negation (Neg): Rule 10,PENDING_REVIEW,PASS,PASS,"Applicability statement defining nonprofit category by exclusion. Four conditions must hold: is nonprofit AND is not educational institution AND is not state/local gov AND is not OMB-exempt. Cross-references to subparts 31.2, 31.3, 31.6. HIGH-RISK: multiple exclusions in antecedent.",MEDIUM
31,31.109,P_31_109,31.109 Indirect cost rate certification and penalties on unallowable costs. Certain contracts require indirect cost rate certification and penalties may be assessed for unallowable costs in final settlement proposals.,P_31_109_a; P_31_109_b,P_31_109_a ^ P_31_109_b,,Conjunction (Conj): Rule 7,VALIDATED,PASS,PASS,Parent aggregating two provisions: (a) certification requirement and (b) penalty provision.,HIGH
31,31.109(a),P_31_109_a,(a) Certain contracts require certification of the indirect cost rates proposed for final payment purposes (see 42.703-2).,P_31_109_a,CertainContracts -> CertifyIndirectCostRates_FinalPayment,P_31_109; EXT:42.703-2,Material Implication (Impl): Rule 15 [HIGH-RISK],PENDING_REVIEW,PASS,PASS,Certain contracts require' = conditional mandate. 'Certain' is vague but the specifics are in cross-referenced 42.703-2. HIGH-RISK: antecedent is under-specified ('certain contracts'); external dep resolves this.,MEDIUM
31,31.109(b),P_31_109_b,"(b) If unallowable costs are included in final indirect cost settlement proposals, penalties may be assessed (see 42.703-2 and 42.709).",P_31_109_b,UnallowableCostsIncluded_FinalSettlement -> (PenaltiesAssessed v ~PenaltiesAssessed),P_31_109; EXT:42.703-2; EXT:42.709,Material Implication (Impl): Rule 15 [HIGH-RISK]; Tautology (Taut): Rule 18,PENDING_REVIEW,PASS,PASS,"If' triggers conditional. 'May be assessed' = permissive (tautology in consequent). Penalties are discretionary, not automatic. Cross-references to 42.703-2 and 42.709. HIGH-RISK: permissive consequent.",MEDIUM
31,31.11,P_31_110,"31.110 Advance agreements. Provisions governing advance agreements on treatment of special or unusual costs, including when they should be sought, what they may cover, authority limits, negotiation requirements, form requirements, and distribution.",P_31_110_a; P_31_110_b; P_31_110_c; P_31_110_d; P_31_110_e; P_31_110_f; P_31_110_g; P_31_110_h; P_31_110_h_3_i; P_31_110_j,P_31_110_a ^ P_31_110_b ^ P_31_110_c ^ P_31_110_d ^ P_31_110_e ^ P_31_110_f ^ P_31_110_g ^ P_31_110_h ^ P_31_110_h_3_i ^ P_31_110_j,,Conjunction (Conj): Rule 7,VALIDATED,PASS,PASS,Parent aggregating all advance agreement provisions (a) through (j). Note: skeleton maps (i) to P_31_110_h_3_i due to VERIFY_NESTING; actual paragraph is 31.110(i).,MEDIUM
31,31.110(a),P_31_110_a,"(a) To avoid possible subsequent disallowance or dispute based on reasonableness, allocability, or allowability of costs under the specific cost principles at subparts 31.2, 31.3, 31.6, and 31.7, contracting officers should seek an advance agreement on the treatment of special or unusual costs and on statistical sampling methodologies at 31.201-6(c).",P_31_110_a,SpecialOrUnusualCosts v StatisticalSamplingMethodology -> CO_ShouldSeekAdvanceAgreement,P_31_110; P_31_201_6,Material Implication (Impl): Rule 15 [HIGH-RISK]; Addition (Add): Rule 8,PENDING_REVIEW,PASS,PASS,"Should' = advisory, not mandatory. Sets PENDING_REVIEW per methodology. Disjunctive antecedent: special/unusual costs OR statistical sampling. Cross-references subparts 31.2, 31.3, 31.6, 31.7 and 31.201-6(c). HIGH-RISK: advisory modal + implication.",MEDIUM
31,31.110(b),P_31_110_b,(b) Advance agreements may be useful for-- (1) through (16).,P_31_110_b_1; P_31_110_b_2; P_31_110_b_3; P_31_110_b_4; P_31_110_b_5; P_31_110_b_6; P_31_110_b_7; P_31_110_b_8; P_31_110_b_9; P_31_110_b_10; P_31_110_b_11; P_31_110_b_12; P_31_110_b_13; P_31_110_b_14; P_31_110_b_15; P_31_110_b_16,AdvanceAgreement -> (UsefulFor_P_31_110_b_1 v UsefulFor_P_31_110_b_2 v UsefulFor_P_31_110_b_3 v UsefulFor_P_31_110_b_4 v UsefulFor_P_31_110_b_5 v UsefulFor_P_31_110_b_6 v UsefulFor_P_31_110_b_7 v UsefulFor_P_31_110_b_8 v UsefulFor_P_31_110_b_9 v UsefulFor_P_31_110_b_10 v UsefulFor_P_31_110_b_11 v UsefulFor_P_31_110_b_12 v UsefulFor_P_31_110_b_13 v UsefulFor_P_31_110_b_14 v UsefulFor_P_31_110_b_15 v UsefulFor_P_31_110_b_16),P_31_110,Material Implication (Impl): Rule 15 [HIGH-RISK]; Addition (Add): Rule 8,PENDING_REVIEW,PASS,PASS,"May be useful for' = advisory/illustrative. The 16 items form a non-exhaustive disjunctive list of potential advance agreement topics. Not mandatory, not exclusive. HIGH-RISK: advisory modal.",MEDIUM
31,31.110(b)(1),P_31_110_b_1,"(1) Compensation for personal services, including but not limited to allowances for off-site pay, incentive pay, location allowances, hardship pay, cost of living differential, and termination of defined benefit pension plans.",P_31_110_b_1,P_31_110_b_1,P_31_110_b,N/A (enumerative item),VALIDATED,PASS,PASS,Enumerative item in advisory list of advance agreement topics. Already atomic.,HIGH
31,31.110(b)(2),P_31_110_b_2,(2) Use charges for fully depreciated assets.,P_31_110_b_2,P_31_110_b_2,P_31_110_b,N/A (enumerative item),VALIDATED,PASS,PASS,Enumerative item in advisory list of advance agreement topics. Already atomic.,HIGH
31,31.110(b)(3),P_31_110_b_3,(3) Deferred maintenance costs.,P_31_110_b_3,P_31_110_b_3,P_31_110_b,N/A (enumerative item),VALIDATED,PASS,PASS,Enumerative item in advisory list of advance agreement topics. Already atomic.,HIGH
31,31.110(b)(4),P_31_110_b_4,(4) Precontract costs.,P_31_110_b_4,P_31_110_b_4,P_31_110_b,N/A (enumerative item),VALIDATED,PASS,PASS,Enumerative item in advisory list of advance agreement topics. Already atomic.,HIGH
31,31.110(b)(5),P_31_110_b_5,(5) Independent research and development and bid and proposal costs.,P_31_110_b_5,P_31_110_b_5,P_31_110_b,N/A (enumerative item),VALIDATED,PASS,PASS,Enumerative item in advisory list of advance agreement topics. Already atomic.,HIGH
31,31.110(b)(6),P_31_110_b_6,(6) Royalties and other costs for use of patents.,P_31_110_b_6,P_31_110_b_6,P_31_110_b,N/A (enumerative item),VALIDATED,PASS,PASS,Enumerative item in advisory list of advance agreement topics. Already atomic.,HIGH
31,31.110(b)(7),P_31_110_b_7,(7) Selling and distribution costs.,P_31_110_b_7,P_31_110_b_7,P_31_110_b,N/A (enumerative item),VALIDATED,PASS,PASS,Enumerative item in advisory list of advance agreement topics. Already atomic.,HIGH
31,31.110(b)(8),P_31_110_b_8,"(8) Travel and relocation costs, as related to special or mass personnel movements, as related to travel via contractor-owned, -leased, or -chartered aircraft, or as related to maximum per diem rates.",P_31_110_b_8,P_31_110_b_8,P_31_110_b,N/A (enumerative item),VALIDATED,PASS,PASS,Enumerative item in advisory list of advance agreement topics. Already atomic.,HIGH
31,31.110(b)(9),P_31_110_b_9,(9) Costs of idle facilities and idle capacity.,P_31_110_b_9,P_31_110_b_9,P_31_110_b,N/A (enumerative item),VALIDATED,PASS,PASS,Enumerative item in advisory list of advance agreement topics. Already atomic.,HIGH
31,31.110(b)(10),P_31_110_b_10,(10) Severance pay to employees on support service contracts.,P_31_110_b_10,P_31_110_b_10,P_31_110_b,N/A (enumerative item),VALIDATED,PASS,PASS,Enumerative item in advisory list of advance agreement topics. Already atomic.,HIGH
31,31.110(b)(11),P_31_110_b_11,(11) Plant reconversion.,P_31_110_b_11,P_31_110_b_11,P_31_110_b,N/A (enumerative item),VALIDATED,PASS,PASS,Enumerative item in advisory list of advance agreement topics. Already atomic.,HIGH
31,31.110(b)(12),P_31_110_b_12,"(12) Professional services (e.g., legal, accounting, and engineering).",P_31_110_b_12,P_31_110_b_12,P_31_110_b,N/A (enumerative item),VALIDATED,PASS,PASS,Enumerative item in advisory list of advance agreement topics. Already atomic.,HIGH
31,31.110(b)(13),P_31_110_b_13,"(13) General and administrative costs (e.g., corporate, division, or branch allocations) attributable to the general management, supervision, and conduct of the contractor's business as a whole. These costs are particularly significant in construction, jobsite, architect-engineer, facilities, and Government-owned contractor operated (GOCO) plant contracts (see 31.203(h)).",P_31_110_b_13,P_31_110_b_13,P_31_110_b; P_31_203,N/A (enumerative item),VALIDATED,PASS,PASS,Enumerative item in advisory list of advance agreement topics. Already atomic. Cross-reference to 31.203(h).,HIGH
31,31.110(b)(14),P_31_110_b_14,(14) Costs of construction plant and equipment (see 31.105).,P_31_110_b_14,P_31_110_b_14,P_31_110_b; P_31_105,N/A (enumerative item),VALIDATED,PASS,PASS,Enumerative item in advisory list of advance agreement topics. Already atomic. Cross-reference to 31.105.,HIGH
31,31.110(b)(15),P_31_110_b_15,(15) Costs of public relations and advertising.,P_31_110_b_15,P_31_110_b_15,P_31_110_b,N/A (enumerative item),VALIDATED,PASS,PASS,Enumerative item in advisory list of advance agreement topics. Already atomic.,HIGH
31,31.110(b)(16),P_31_110_b_16,(16) Statistical sampling methods (see 31.201-6(c)(4)).,P_31_110_b_16,P_31_110_b_16,P_31_110_b; P_31_201_6,N/A (enumerative item),VALIDATED,PASS,PASS,Enumerative item in advisory list of advance agreement topics. Already atomic. Cross-reference to 31.201-6(c)(4).,HIGH
31,31.110(c),P_31_110_c,"(c) The contracting officer is not authorized to agree to a treatment of costs inconsistent with this part. For example, an advance agreement may not provide that, notwithstanding 31.205-20, interest is allowable.",P_31_110_c,~(CO_AuthorizedToAgree ^ TreatmentInconsistentWithPart31),P_31_110; P_31_205_20,Negation (Neg): Rule 10; Conjunction (Conj): Rule 7,VALIDATED,PASS,PASS,Is not authorized' = prohibition. CO cannot agree to cost treatment inconsistent with Part 31. Example reinforces: interest (31.205-20) cannot be made allowable via advance agreement. Cross-reference to 31.205-20.,HIGH
31,31.110(d),P_31_110_d,(d) Advance agreements may be negotiated before or after contract award but should be negotiated before the contractor incurs costs associated with the advance agreement.,P_31_110_d,(AdvanceAgreement_BeforeAward v AdvanceAgreement_AfterAward) ^ ShouldNegotiateBeforeCostsIncurred,P_31_110,Addition (Add): Rule 8; Conjunction (Conj): Rule 7,PENDING_REVIEW,PASS,PASS,May be negotiated before or after' = permissive disjunction on timing. 'Should be negotiated before' = advisory preference. PENDING_REVIEW due to 'should' advisory component.,MEDIUM
31,31.110(e),P_31_110_e,"(e) The cognizant ACO, or other contracting officer established in part 42, must negotiate advance agreements when-- (1) Negotiation authority is delegated to the ACO; or (2) The advance agreement affects more than one contracting office or more than one agency.",P_31_110_e_1; P_31_110_e_2,(P_31_110_e_1 v P_31_110_e_2) -> ACO_MustNegotiateAdvanceAgreement,P_31_110,Material Implication (Impl): Rule 15 [HIGH-RISK]; Addition (Add): Rule 8,PENDING_REVIEW,PASS,PASS,Must negotiate' = mandatory. 'When' triggers conditional. Disjunctive antecedent: either delegation OR multi-office/agency effect triggers ACO negotiation requirement. HIGH-RISK: direction verified.,MEDIUM
31,31.110(e)(1),P_31_110_e_1,(1) Negotiation authority is delegated to the administrative contracting officer (ACO).,P_31_110_e_1,P_31_110_e_1,P_31_110_e,N/A (trigger condition),VALIDATED,PASS,PASS,Trigger condition for ACO negotiation authority. Already atomic.,HIGH
31,31.110(e)(2),P_31_110_e_2,(2) The advance agreement affects more than one contracting office or more than one agency.,P_31_110_e_2,P_31_110_e_2,P_31_110_e,N/A (trigger condition),VALIDATED,PASS,PASS,Trigger condition for ACO negotiation. Multi-office or multi-agency scope. Already atomic.,HIGH
31,31.110(f),P_31_110_f,(f) The ACO must coordinate the proposed agreement with the contracting officer before executing the advance agreement.,P_31_110_f,ACO_ExecutingAdvanceAgreement -> CoordinateWithCO_BeforeExecution,P_31_110,Material Implication (Impl): Rule 15 [HIGH-RISK],PENDING_REVIEW,PASS,PASS,Must coordinate' = mandatory. 'Before executing' establishes temporal sequence. HIGH-RISK: direction verified -- execution triggers prior coordination requirement.,MEDIUM
31,31.110(g),P_31_110_g,"(g) Unless delegated to the ACO, the contracting officer may negotiate an advance agreement affecting one or more contracts for a single contracting office.",P_31_110_g,~DelegatedToACO -> (CO_NegotiateAdvanceAgreement_SingleOffice v ~CO_NegotiateAdvanceAgreement_SingleOffice),P_31_110,Material Implication (Impl): Rule 15 [HIGH-RISK]; Negation (Neg): Rule 10; Tautology (Taut): Rule 18,PENDING_REVIEW,PASS,PASS,Unless' = conditional negation. 'May negotiate' = permissive (tautology). CO retains discretion to negotiate for single office scope when authority not delegated to ACO. HIGH-RISK: unless trigger + permissive.,MEDIUM
31,31.110(h),P_31_110_h,"(h) Before negotiating an advance agreement-- (1) Determine if other contracting offices have a significant unliquidated dollar balance; (2) Inform any such office or agency; and (3) As appropriate, invite the office or agency and the responsible audit agency to participate.",P_31_110_h_1; P_31_110_h_2; P_31_110_h_3,BeforeNegotiatingAdvanceAgreement -> (P_31_110_h_1 ^ P_31_110_h_2 ^ P_31_110_h_3),P_31_110,Material Implication (Impl): Rule 15 [HIGH-RISK]; Conjunction (Conj): Rule 7,PENDING_REVIEW,PASS,PASS,Before negotiating' = temporal conditional. Three pre-negotiation steps required in conjunction. 'And' connectors confirm conjunction. HIGH-RISK: direction verified.,MEDIUM
31,31.110(h)(1),P_31_110_h_1,(1) Determine if other contracting offices have a significant unliquidated dollar balance in contracts with the same contractor.,P_31_110_h_1,P_31_110_h_1,P_31_110_h,N/A (procedural step),VALIDATED,PASS,PASS,Pre-negotiation procedural step. Mandatory determination. Already atomic.,HIGH
31,31.110(h)(2),P_31_110_h_2,(2) Inform any such office or agency of the matters under consideration for negotiation.,P_31_110_h_2,P_31_110_h_2,P_31_110_h,N/A (procedural step),VALIDATED,PASS,PASS,Pre-negotiation procedural step. Mandatory notification. Already atomic.,HIGH
31,31.110(h)(3),P_31_110_h_3,"(3) As appropriate, invite the office or agency and the responsible audit agency to participate in prenegotiation discussions and/or subsequent negotiations.",P_31_110_h_3,AsAppropriate -> (InviteOfficeAgency ^ InviteAuditAgency) ^ (PreNegDiscussions v SubsequentNegotiations),P_31_110_h,Material Implication (Impl): Rule 15 [HIGH-RISK]; Conjunction (Conj): Rule 7; Addition (Add): Rule 8,PENDING_REVIEW,PASS,PASS,As appropriate' = discretionary qualifier. Invitation scope includes both the office/agency AND audit agency. Participation can be in pre-negotiation discussions OR subsequent negotiations (or both). HIGH-RISK: discretionary antecedent.,MEDIUM
31,31.110(h)(3)(i),P_31_110_h_3_i,"[VERIFY_NESTING - Corrected: This is 31.110(i)] (i) Advance agreements must be in writing, include a statement regarding applicability and duration and be-- (1) Bilateral; and (2) Incorporated into the applicable current and future contract(s).",P_31_110_h_3_i; P_31_110_h_1_v2; P_31_110_h_2_v2,AdvanceAgreement -> InWriting ^ StatementApplicabilityDuration ^ P_31_110_h_1_v2 ^ P_31_110_h_2_v2,P_31_110_h_3,Material Implication (Impl): Rule 15 [HIGH-RISK]; Conjunction (Conj): Rule 7,PENDING_REVIEW,PASS,PASS,"VERIFY_NESTING corrected: actual location is 31.110(i), not (h)(3)(i). 'Must be' = mandatory. Four conjunctive requirements: written, applicability/duration statement, bilateral, and incorporated. HIGH-RISK: direction verified.",MEDIUM
31,31.110(h)(1)_v2,P_31_110_h_1_v2,[VERIFY_NESTING - Corrected: This is 31.110(i)(1)] (1) Bilateral.,P_31_110_h_1_v2,P_31_110_h_1_v2,P_31_110_h_1,N/A (requirement component),VALIDATED,PASS,PASS,VERIFY_NESTING corrected: actual location is 31.110(i)(1). Form requirement for advance agreements. Already atomic.,HIGH
31,31.110(h)(2)_v2,P_31_110_h_2_v2,[VERIFY_NESTING - Corrected: This is 31.110(i)(2)] (2) Incorporated into the applicable current and future contract(s).,P_31_110_h_2_v2,P_31_110_h_2_v2,P_31_110_h_2,N/A (requirement component),VALIDATED,PASS,PASS,VERIFY_NESTING corrected: actual location is 31.110(i)(2). Incorporation requirement for advance agreements. Already atomic.,HIGH
31,31.110(j),P_31_110_j,"(j) Advance agreements and a memorandum providing the information specified in 15.406-3 must be distributed to the cognizant audit agency, ACO, and other contracting officers, as applicable.",P_31_110_j,AdvanceAgreementExecuted -> DistributeTo_AuditAgency ^ DistributeTo_ACO ^ DistributeTo_OtherCOs,P_31_110; EXT:15.406-3,Material Implication (Impl): Rule 15 [HIGH-RISK]; Conjunction (Conj): Rule 7,PENDING_REVIEW,PASS,PASS,Must be distributed' = mandatory. Three distribution targets in conjunction. Cross-reference to 15.406-3 for memorandum content requirements. HIGH-RISK: direction verified.,MEDIUM
31,31.201,P_31_201,31.201 General.,P_31_201,P_31_201_1 ^ P_31_201_2 ^ P_31_201_3 ^ P_31_201_4 ^ P_31_201_5 ^ P_31_201_6 ^ P_31_201_7,,Conjunction (Conj): Rule 7,VALIDATED,PASS,PASS,Parent aggregating subsections 31.201-1 through 31.201-7. All subsections collectively define the general principles for contract costs with commercial organizations.,HIGH
31,31.201-1,P_31_201_1,31.201-1 Composition of total cost.,P_31_201_1,P_31_201_1_a ^ P_31_201_1_b,P_31_201,Conjunction (Conj): Rule 7,VALIDATED,PASS,PASS,Parent for 31.201-1. Subsections (a) and (b) collectively define total cost composition and allowable cost limitations.,HIGH
31,31.201-1(a),P_31_201_1_a,(a),P_31_201_1_a,P_31_201_1_a_1 ^ P_31_201_1_a_2,P_31_201_1,Conjunction (Conj): Rule 7,VALIDATED,PASS,PASS,Parent for (a). Paragraphs (1) and (2) together define total cost formula and acceptable cost determination methods.,HIGH
31,31.201-1(a)(1),P_31_201_1_a_1,"The total cost, including standard costs properly adjusted for applicable variances, of a contract is the sum of the direct and indirect costs allocable to the contract, incurred or to be incurred, plus any allocable cost of money pursuant to 31.205-10, less any allocable credits.",P_31_201_1_a_1_a: Total cost equals sum of direct and indirect costs allocable to contract; P_31_201_1_a_1_b: Standard costs must be adjusted for applicable variances; P_31_201_1_a_1_c: Includes allocable cost of money pursuant to 31.205-10; P_31_201_1_a_1_d: Less any allocable credits,P_31_201_1_a_1_a ^ P_31_201_1_a_1_b ^ P_31_201_1_a_1_c ^ P_31_201_1_a_1_d,P_31_201_1_a; P_31_205_10,Conjunction (Conj): Rule 7,VALIDATED,PASS,PASS,"Definitional formula for total contract cost. Four conjunctive components: base sum of direct+indirect, variance adjustment, cost of money addition, and credit subtraction. Cross-reference to 31.205-10 for cost of money.",HIGH
31,31.201-1(a)(2),P_31_201_1_a_2,"In determining what constitutes a cost, any generally accepted method of determining or estimating costs that is equitable and consistently applied may be used.",P_31_201_1_a_2_a: Method must be generally accepted; P_31_201_1_a_2_b: Method must be equitable; P_31_201_1_a_2_c: Method must be consistently applied,(P_31_201_1_a_2_a ^ P_31_201_1_a_2_b ^ P_31_201_1_a_2_c) -> (Use_Method v ~Use_Method),P_31_201_1_a,Conjunction (Conj): Rule 7; Material Implication (Impl): Rule 15 [HIGH-RISK]; Tautology (Taut): Rule 18,PENDING_REVIEW,PASS,PASS,"Permissive 'may' creates discretion. Three conjunctive conditions (generally accepted, equitable, consistently applied) must all be met to trigger permissive authority. HIGH-RISK: Rule 15 used for conditional structure. Tautology in consequent correctly reflects discretionary nature.",MEDIUM
31,31.201-1(b),P_31_201_1_b,"While the total cost of a contract includes all costs properly allocable to the contract, the allowable costs to the Government are limited to those allocable costs that are allowable pursuant to this part.",P_31_201_1_b_a: Total cost includes all costs properly allocable to contract; P_31_201_1_b_b: Allowable costs to Government limited to allocable costs that are allowable under Part 31,P_31_201_1_b_a ^ P_31_201_1_b_b,P_31_201_1,Conjunction (Conj): Rule 7,VALIDATED,PASS,PASS,Key distinction between total cost (all allocable) and allowable cost (subset that meets Part 31 requirements). Conjunctive: both statements are simultaneously true.,HIGH
31,31.201-2,P_31_201_2,31.201-2 Determining allowability.,P_31_201_2,P_31_201_2_a ^ P_31_201_2_b ^ P_31_201_2_c ^ P_31_201_2_d,P_31_201,Conjunction (Conj): Rule 7,VALIDATED,PASS,PASS,"Parent for 31.201-2. Four subsections collectively define allowability requirements, CAS applicability, inconsistent practices, and contractor record-keeping.",HIGH
31,31.201-2(a),P_31_201_2_a,A cost is allowable only when the cost complies with all of the following requirements:,P_31_201_2_a,P_31_201_2_a_1 ^ P_31_201_2_a_2 ^ P_31_201_2_a_3 ^ P_31_201_2_a_4 ^ P_31_201_2_a_5 <-> Allowable,P_31_201_2,Conjunction (Conj): Rule 7; Biconditional (Bicond): Rule 17,PENDING_REVIEW,PASS,PASS,Only when' triggers biconditional: cost is allowable if and only if ALL five requirements met. This is a critical gatekeeper proposition for the entire Part 31 cost allowability framework.,MEDIUM
31,31.201-2(a)(1),P_31_201_2_a_1,Reasonableness.,P_31_201_2_a_1: Cost must meet reasonableness standard,Allowable -> Reasonable,P_31_201_2_a,Material Implication (Impl): Rule 15 [HIGH-RISK],PENDING_REVIEW,PASS,PASS,First of five conjunctive allowability requirements. Cross-references 31.201-3 for reasonableness standard. HIGH-RISK: implication used; reasonableness is necessary condition for allowability.,MEDIUM
31,31.201-2(a)(2),P_31_201_2_a_2,Allocability.,P_31_201_2_a_2: Cost must meet allocability standard,Allowable -> Allocable,P_31_201_2_a,Material Implication (Impl): Rule 15 [HIGH-RISK],PENDING_REVIEW,PASS,PASS,Second of five conjunctive allowability requirements. Cross-references 31.201-4 for allocability standard. HIGH-RISK: implication used.,MEDIUM
31,31.201-2(a)(3),P_31_201_2_a_3,"Standards promulgated by the Cost Accounting Standards (CAS) Board, if applicable, otherwise, generally accepted accounting principles and practices appropriate to the circumstances.","P_31_201_2_a_3_a: If CAS applicable, cost must comply with CAS; P_31_201_2_a_3_b: If CAS not applicable, cost must comply with GAAP appropriate to circumstances",(CAS_Applicable -> P_31_201_2_a_3_a) ^ (~CAS_Applicable -> P_31_201_2_a_3_b),P_31_201_2_a,Material Implication (Impl): Rule 15 [HIGH-RISK]; Conjunction (Conj): Rule 7,PENDING_REVIEW,PASS,PASS,"Third allowability requirement. Conditional branching: CAS standards if applicable, otherwise GAAP. Two implications conjoined. HIGH-RISK: dual conditionals.",MEDIUM
31,31.201-2(a)(4),P_31_201_2_a_4,Terms of the contract.,P_31_201_2_a_4: Cost must comply with terms of the contract,Allowable -> Compliant_With_Contract_Terms,P_31_201_2_a,Material Implication (Impl): Rule 15 [HIGH-RISK],PENDING_REVIEW,PASS,PASS,Fourth allowability requirement. Contract terms serve as additional constraint on allowability. HIGH-RISK: implication used.,MEDIUM
31,31.201-2(a)(5),P_31_201_2_a_5,Any limitations set forth in this subpart.,P_31_201_2_a_5: Cost must comply with limitations in Subpart 31.2,Allowable -> Compliant_With_Subpart_Limitations,P_31_201_2_a,Material Implication (Impl): Rule 15 [HIGH-RISK],PENDING_REVIEW,PASS,PASS,Fifth allowability requirement. Catch-all for all specific cost limitations in Subpart 31.2 (including 31.205 selected costs). HIGH-RISK: implication used.,MEDIUM
31,31.201-2(b),P_31_201_2_b,(b),P_31_201_2_b,P_31_201_2_b_1 ^ P_31_201_2_b_2 ^ P_31_201_2_b_3 ^ P_31_201_2_b_4 ^ P_31_201_2_b_5,P_31_201_2,Conjunction (Conj): Rule 7,VALIDATED,PASS,PASS,Parent for (b). Five paragraphs collectively address CAS incorporation into cost principles.,HIGH
31,31.201-2(b)(1),P_31_201_2_b_1,"Certain cost principles in this subpart incorporate the measurement, assignment, and allocability rules of selected CAS and limit the allowability of costs to the amounts determined using the criteria in those selected standards.","P_31_201_2_b_1_a: Certain cost principles incorporate selected CAS measurement, assignment, and allocability rules; P_31_201_2_b_1_b: Allowability limited to amounts determined using criteria in those selected standards",P_31_201_2_b_1_a ^ P_31_201_2_b_1_b,P_31_201_2_b,Conjunction (Conj): Rule 7,VALIDATED,PASS,PASS,Declarative statement establishing that selected CAS rules are incorporated into cost principles and serve as ceiling for allowability.,HIGH
31,31.201-2(b)(2),P_31_201_2_b_2,Only those CAS or portions of standards specifically made applicable by the cost principles in this subpart are mandatory unless the contract is CAS-covered (see 48 CFR chapter 99).,"P_31_201_2_b_2_a: Only CAS specifically made applicable by Subpart 31.2 cost principles are mandatory; P_31_201_2_b_2_b: Exception: if contract is CAS-covered per 48 CFR chapter 99, broader CAS applies",(~CAS_Covered -> P_31_201_2_b_2_a) ^ (CAS_Covered -> P_31_201_2_b_2_b),P_31_201_2_b,Material Implication (Impl): Rule 15 [HIGH-RISK]; Conjunction (Conj): Rule 7,PENDING_REVIEW,PASS,PASS,Conditional branching on CAS coverage. Non-CAS-covered contracts: only selected CAS mandatory. CAS-covered contracts: full CAS chapter 99 applies. External reference to 48 CFR chapter 99. HIGH-RISK: dual conditionals.,MEDIUM
31,31.201-2(b)(3),P_31_201_2_b_3,Business units that are not otherwise subject to these standards under a CAS clause are subject to the selected standards only for the purpose of determining allowability of costs on Government contracts.,P_31_201_2_b_3_a: Business unit not subject to CAS under CAS clause; P_31_201_2_b_3_b: Such unit is subject to selected standards only for allowability determination on Government contracts,P_31_201_2_b_3_a -> P_31_201_2_b_3_b,P_31_201_2_b,Material Implication (Impl): Rule 15 [HIGH-RISK],PENDING_REVIEW,PASS,PASS,Scoping rule: non-CAS-covered business units still bound by selected standards but only for cost allowability purposes. HIGH-RISK: implication structures the scope limitation.,MEDIUM
31,31.201-2(b)(4),P_31_201_2_b_4,Including the selected standards in the cost principles does not subject the business unit to any other CAS regulations.,P_31_201_2_b_4: Incorporation of selected CAS standards into cost principles does not trigger broader CAS regulatory applicability,Selected_CAS_In_Cost_Principles -> ~Subject_To_Other_CAS_Regs,P_31_201_2_b,Material Implication (Impl): Rule 15 [HIGH-RISK]; Negation (Neg): Rule 10,PENDING_REVIEW,PASS,PASS,Safe harbor provision: selected CAS incorporation is not a gateway to full CAS applicability. Negation in consequent correctly reflects the prohibition. HIGH-RISK: implication used.,MEDIUM
31,31.201-2(b)(5),P_31_201_2_b_5,"The applicability of the CAS regulations is determined by the CAS clause, if any, in the contract and the requirements of the standards themselves.",P_31_201_2_b_5_a: CAS applicability determined by CAS clause in contract (if any); P_31_201_2_b_5_b: CAS applicability determined by requirements of standards themselves,CAS_Applicability <-> (CAS_Clause_Determination ^ Standards_Requirements),P_31_201_2_b,Biconditional (Bicond): Rule 17; Conjunction (Conj): Rule 7,PENDING_REVIEW,PASS,PASS,Biconditional: CAS applicability is determined exclusively by two conjunctive factors. The 'if any' qualifier acknowledges contracts may lack a CAS clause.,MEDIUM
31,31.201-2(c),P_31_201_2_c,"When contractor accounting practices are inconsistent with subpart 31.2, costs resulting from such inconsistent practices that exceed the amount that would have resulted from using practices consistent with this subpart are unallowable.",P_31_201_2_c_a: Contractor accounting practices are inconsistent with Subpart 31.2; P_31_201_2_c_b: Costs resulting from inconsistent practices; P_31_201_2_c_c: Excess amount over what consistent practices would yield is unallowable,(P_31_201_2_c_a ^ P_31_201_2_c_b) -> P_31_201_2_c_c,P_31_201_2,Material Implication (Impl): Rule 15 [HIGH-RISK]; Conjunction (Conj): Rule 7,PENDING_REVIEW,PASS,PASS,"Penalty provision for inconsistent practices. Only the excess (delta between inconsistent and consistent outcomes) is unallowable, not the entire cost. HIGH-RISK: conditional triggers unallowability determination.",MEDIUM
31,31.201-2(d),P_31_201_2_d,(d),P_31_201_2_d,P_31_201_2_d_1 ^ P_31_201_2_d_2,P_31_201_2,Conjunction (Conj): Rule 7,VALIDATED,PASS,PASS,Parent for (d). Two paragraphs: contractor record-keeping responsibility and CO disallowance authority.,HIGH
31,31.201-2(d)(1),P_31_201_2_d_1,"A contractor is responsible for accounting for costs appropriately and for maintaining records, including supporting documentation, adequate to demonstrate that costs claimed have been incurred, are allocable to the contract, and comply with applicable cost principles in this subpart.",P_31_201_2_d_1_a: Contractor must account for costs appropriately; P_31_201_2_d_1_b: Contractor must maintain records including supporting documentation; P_31_201_2_d_1_c: Records must demonstrate costs have been incurred; P_31_201_2_d_1_d: Records must demonstrate costs are allocable; P_31_201_2_d_1_e: Records must demonstrate compliance with applicable cost principles,P_31_201_2_d_1_a ^ P_31_201_2_d_1_b ^ (P_31_201_2_d_1_c ^ P_31_201_2_d_1_d ^ P_31_201_2_d_1_e),P_31_201_2_d,Conjunction (Conj): Rule 7,VALIDATED,PASS,PASS,"Mandatory contractor obligations. Five conjunctive requirements: appropriate accounting, record maintenance, and three-part evidentiary standard (incurred, allocable, compliant).",HIGH
31,31.201-2(d)(2),P_31_201_2_d_2,The contracting officer may disallow all or part of a claimed cost that is inadequately supported.,P_31_201_2_d_2_a: Claimed cost is inadequately supported; P_31_201_2_d_2_b: CO may disallow all or part of cost,P_31_201_2_d_2_a -> (P_31_201_2_d_2_b v ~P_31_201_2_d_2_b),P_31_201_2_d,Material Implication (Impl): Rule 15 [HIGH-RISK]; Tautology (Taut): Rule 18,PENDING_REVIEW,PASS,PASS,"Permissive 'may' = CO discretion. Inadequate support is necessary condition triggering authority, but CO retains full discretion on whether and how much to disallow. HIGH-RISK: conditional with tautological consequent.",MEDIUM
31,31.201-3,P_31_201_3,31.201-3 Determining reasonableness.,P_31_201_3,P_31_201_3_a ^ P_31_201_3_b ^ P_31_201_3_c,P_31_201,Conjunction (Conj): Rule 7,VALIDATED,PASS,PASS,"Parent for 31.201-3. Three subsections define reasonableness standard, factors, and special scrutiny for non-competitive firms.",HIGH
31,31.201-3(a),P_31_201_3_a,"A cost is reasonable if, in its nature and amount, it does not exceed that which would be incurred by a reasonable person in the conduct of competitive business.",P_31_201_3_a_a: Cost must not exceed in nature what a reasonable person would incur in competitive business; P_31_201_3_a_b: Cost must not exceed in amount what a reasonable person would incur in competitive business,(P_31_201_3_a_a ^ P_31_201_3_a_b) <-> Reasonable,P_31_201_3,Biconditional (Bicond): Rule 17; Conjunction (Conj): Rule 7,PENDING_REVIEW,PASS,PASS,Definitional biconditional: 'if' in definitional context functions as 'if and only if'. Reasonable person standard applied to both nature and amount of cost. Foundational definition for all reasonableness determinations.,MEDIUM
31,31.201-3(a)(1),P_31_201_3_a_1,No presumption of reasonableness must be attached to the incurrence of costs.,P_31_201_3_a_1: No presumption of reasonableness attaches to cost incurrence,~Presumption_Of_Reasonableness,P_31_201_3_a,Negation (Neg): Rule 10,VALIDATED,PASS,PASS,Absolute prohibition on presuming reasonableness. Simple negation. Contractor must affirmatively establish reasonableness; it is not assumed.,HIGH
31,31.201-3(a)(2),P_31_201_3_a_2,"If the contracting officer, or the contracting officer's representative, challenges a specific cost, the burden of proof is on the contractor to prove that the cost is reasonable.",P_31_201_3_a_2_a: CO or CO's representative challenges a specific cost; P_31_201_3_a_2_b: Burden of proof shifts to contractor to prove reasonableness,P_31_201_3_a_2_a -> P_31_201_3_a_2_b,P_31_201_3_a,Material Implication (Impl): Rule 15 [HIGH-RISK],PENDING_REVIEW,PASS,PASS,Conditional burden-shifting. CO challenge triggers mandatory burden on contractor. 'Or' between CO and CO's representative is inclusive disjunction subsumed in antecedent. HIGH-RISK: implication defines evidentiary burden.,MEDIUM
31,31.201-3(b),P_31_201_3_b,"Determining cost reasonableness depends on a number of factors, including--",P_31_201_3_b,P_31_201_3_b_1 ^ P_31_201_3_b_2 ^ P_31_201_3_b_3 ^ P_31_201_3_b_4,P_31_201_3,Conjunction (Conj): Rule 7,VALIDATED,PASS,PASS,"Parent for reasonableness factors. 'Including' signals non-exhaustive list, but all listed factors apply conjunctively. Four enumerated factors.",HIGH
31,31.201-3(b)(1),P_31_201_3_b_1,Whether it is the type of cost generally recognized as ordinary and necessary for the conduct of the contractor's business or contract performance;,P_31_201_3_b_1: Whether cost is generally recognized as ordinary and necessary for contractor's business or contract performance,Reasonableness_Factor_1: Ordinary_And_Necessary,P_31_201_3_b,Conjunction (Conj): Rule 7,VALIDATED,PASS,PASS,First reasonableness factor. 'Ordinary and necessary' is a conjunctive standard familiar from tax law contexts. Applies to either business conduct or contract performance (disjunctive scope).,HIGH
31,31.201-3(b)(2),P_31_201_3_b_2,"Generally accepted sound business practices, arm's length bargaining, and Federal and State laws and regulations;",P_31_201_3_b_2_a: Sound business practices; P_31_201_3_b_2_b: Arm's length bargaining; P_31_201_3_b_2_c: Federal and State laws and regulations,P_31_201_3_b_2_a ^ P_31_201_3_b_2_b ^ P_31_201_3_b_2_c,P_31_201_3_b,Conjunction (Conj): Rule 7,VALIDATED,PASS,PASS,"Second reasonableness factor. Three conjunctive sub-elements: business practices, arm's length standard, and legal compliance.",HIGH
31,31.201-3(b)(3),P_31_201_3_b_3,"The contractor's responsibilities to the Government, other customers, the owners of the business, employees, and the public at large; and","P_31_201_3_b_3: Contractor's responsibilities to Government, other customers, business owners, employees, and public",Reasonableness_Factor_3: Stakeholder_Responsibilities,P_31_201_3_b,Conjunction (Conj): Rule 7,VALIDATED,PASS,PASS,Third reasonableness factor. Multi-stakeholder responsibility assessment. Serial comma list is conjunctive: all stakeholder interests are considered.,HIGH
31,31.201-3(b)(4),P_31_201_3_b_4,Any significant deviations from the contractor's established practices.,P_31_201_3_b_4: Any significant deviations from contractor's established practices,Reasonableness_Factor_4: Significant_Deviations_From_Established_Practices,P_31_201_3_b,Conjunction (Conj): Rule 7,VALIDATED,PASS,PASS,Fourth reasonableness factor. Deviations must be 'significant' to trigger scrutiny. Established practices serve as baseline.,HIGH
31,31.201-3(c),P_31_201_3_c,Reasonableness of specific costs must be examined with particular care in connection with firms or their separate divisions that may not be subject to effective competitive restraints.,P_31_201_3_c_a: Firm or division may not be subject to effective competitive restraints; P_31_201_3_c_b: Reasonableness of specific costs must be examined with particular care,P_31_201_3_c_a -> P_31_201_3_c_b,P_31_201_3,Material Implication (Impl): Rule 15 [HIGH-RISK],PENDING_REVIEW,PASS,PASS,Heightened scrutiny trigger for non-competitive firms/divisions. 'Must' makes this mandatory when condition met. HIGH-RISK: implication structures the enhanced review obligation.,MEDIUM
31,31.201-4,P_31_201_4,31.201-4 Determining allocability. A cost is allocable to a Government contract if it--,P_31_201_4,P_31_201_4_a v P_31_201_4_b v P_31_201_4_c v P_31_201_4_d,P_31_201,Addition (Add): Rule 8,VALIDATED,PASS,PASS,Parent for allocability definition. DISJUNCTIVE: a cost is allocable if it meets ANY ONE of the four criteria. 'If it--' with (a) through (d) connected by 'or' at (c).,HIGH
31,31.201-4(a),P_31_201_4_a,Is assignable or chargeable to one or more cost objectives on the basis of relative benefits received or other equitable relationship;,P_31_201_4_a_a: Cost is assignable or chargeable to cost objectives; P_31_201_4_a_b: Basis is relative benefits received or other equitable relationship,P_31_201_4_a_a ^ P_31_201_4_a_b,P_31_201_4,Conjunction (Conj): Rule 7,VALIDATED,PASS,PASS,First allocability criterion. Both assignment/chargeability AND equitable basis must be present. Internal 'or' between 'assignable' and 'chargeable' and between 'relative benefits' and 'other equitable relationship' are alternatives within each element.,HIGH
31,31.201-4(b),P_31_201_4_b,Is incurred specifically for the contract;,P_31_201_4_b: Cost is incurred specifically for the contract,P_31_201_4_b,P_31_201_4,Conjunction (Conj): Rule 7,VALIDATED,PASS,PASS,Second allocability criterion. Simplest test: direct incurrence for the specific contract. Already atomic.,HIGH
31,31.201-4(c),P_31_201_4_c,"Benefits both the contract and other work, and can be distributed to them in reasonable proportion to the benefits received; or",P_31_201_4_c_a: Cost benefits both the contract and other work; P_31_201_4_c_b: Cost can be distributed in reasonable proportion to benefits received,P_31_201_4_c_a ^ P_31_201_4_c_b,P_31_201_4,Conjunction (Conj): Rule 7,VALIDATED,PASS,PASS,Third allocability criterion. Conjunctive: must BOTH benefit multiple objectives AND be distributable proportionally. Shared benefit cost test.,HIGH
31,31.201-4(d),P_31_201_4_d,"Is necessary to the overall operation of the business, although a direct relationship to any particular cost objective cannot be shown.",P_31_201_4_d_a: Cost is necessary to overall business operation; P_31_201_4_d_b: Direct relationship to particular cost objective cannot be shown,P_31_201_4_d_a ^ P_31_201_4_d_b,P_31_201_4,Conjunction (Conj): Rule 7,VALIDATED,PASS,PASS,Fourth allocability criterion. Catch-all for general business costs. Both conditions must hold: business necessity AND inability to trace directly. Typically G&A type costs.,HIGH
31,31.201-5,P_31_201_5,31.201-5 Credits.,P_31_201_5,P_31_201_5_a ^ P_31_201_5_b,P_31_201,Conjunction (Conj): Rule 7,VALIDATED,PASS,PASS,Parent for credits section. Two subsections: credit-to-Government requirement and credit form.,HIGH
31,31.201-5(a),P_31_201_5_a,"A credit (e.g., income, rebate, or allowance) relating to an allowable cost under a cost contract, received by or accruing to the contractor, must be credited to the Government.",P_31_201_5_a_a: Credit relates to allowable cost under cost contract; P_31_201_5_a_b: Credit received by or accruing to contractor; P_31_201_5_a_c: Credit must be credited to Government,(P_31_201_5_a_a ^ P_31_201_5_a_b) -> P_31_201_5_a_c,P_31_201_5,Material Implication (Impl): Rule 15 [HIGH-RISK]; Conjunction (Conj): Rule 7,PENDING_REVIEW,PASS,PASS,Mandatory credit pass-through. Two conjunctive conditions (relates to allowable cost AND received/accrued) trigger mandatory crediting to Government. 'Must' = mandatory. HIGH-RISK: implication used.,MEDIUM
31,31.201-5(b),P_31_201_5_b,The credit must be a cost reduction to the contract or a cash refund. (See 31.105-6(i)(3) for pension adjustments and asset reversions).,P_31_201_5_b_a: Credit must be a cost reduction to the contract; P_31_201_5_b_b: Or credit must be a cash refund,P_31_201_5_b_a v P_31_201_5_b_b,P_31_201_5,Addition (Add): Rule 8,VALIDATED,PASS,PASS,Disjunctive: credit takes form of either cost reduction OR cash refund. Cross-reference to 31.105-6(i)(3) for pension/asset reversion specifics.,HIGH
31,31.201-6,P_31_201_6,31.201-6 Accounting for unallowable costs.,P_31_201_6,P_31_201_6_a ^ P_31_201_6_b ^ P_31_201_6_c ^ P_31_201_6_d ^ P_31_201_6_e,P_31_201,Conjunction (Conj): Rule 7,VALIDATED,PASS,PASS,"Parent for 31.201-6. Five subsections covering identification/exclusion requirements, designation procedures, statistical sampling, cost pool treatment, and materiality determination.",HIGH
31,31.201-6(a),P_31_201_6_a,"Expressly unallowable costs or mutually agreed to be unallowable costs (including mutually agreed to be unallowable directly associated costs) must be identified and excluded from any billing, claim, or proposal applicable to a Government contract.",P_31_201_6_a_a: Expressly unallowable costs must be identified and excluded from billings/claims/proposals; P_31_201_6_a_b: Mutually agreed unallowable costs (including directly associated) must be identified and excluded from billings/claims/proposals,P_31_201_6_a_a ^ P_31_201_6_a_b,P_31_201_6,Conjunction (Conj): Rule 7,VALIDATED,PASS,PASS,Mandatory identification and exclusion. Both expressly unallowable and mutually agreed unallowable costs must be treated the same way. 'Must' = mandatory.,HIGH
31,31.201-6(a)(1),P_31_201_6_a_1,"A directly associated cost is any cost that is generated solely as a result of incurring another cost, and that would not have been incurred had the other cost not been incurred.",P_31_201_6_a_1_a: Cost generated solely as result of incurring another cost; P_31_201_6_a_1_b: Cost would not have been incurred absent the other cost,P_31_201_6_a_1_a ^ P_31_201_6_a_1_b <-> Directly_Associated_Cost,P_31_201_6_a,Biconditional (Bicond): Rule 17; Conjunction (Conj): Rule 7,PENDING_REVIEW,PASS,PASS,Definitional biconditional for 'directly associated cost.' Both conditions (sole causation AND but-for test) must be met. Critical definition used throughout 31.201-6.,MEDIUM
31,31.201-6(a)(2),P_31_201_6_a_2,"When an unallowable cost is incurred, its directly associated costs are also unallowable.",P_31_201_6_a_2_a: Unallowable cost is incurred; P_31_201_6_a_2_b: Directly associated costs are also unallowable,P_31_201_6_a_2_a -> P_31_201_6_a_2_b,P_31_201_6_a,Material Implication (Impl): Rule 15 [HIGH-RISK],PENDING_REVIEW,PASS,PASS,Taint doctrine: unallowability propagates to directly associated costs. 'When' triggers conditional. HIGH-RISK: implication creates cascading unallowability.,MEDIUM
31,31.201-6(b),P_31_201_6_b,(b),P_31_201_6_b,P_31_201_6_b_1 ^ P_31_201_6_b_2,P_31_201_6,Conjunction (Conj): Rule 7,VALIDATED,PASS,PASS,Parent for (b). Two paragraphs on identification of costs designated unallowable by CO written decision.,HIGH
31,31.201-6(b)(1),P_31_201_6_b_1,"Costs that specifically become designated as unallowable or as unallowable directly associated costs of unallowable costs as a result of a written decision furnished by a contracting officer must be identified if included in or used in computing any billing, claim, or proposal applicable to a Government contract.",P_31_201_6_b_1_a: Costs designated unallowable by CO written decision; P_31_201_6_b_1_b: Costs included in or used in computing billing/claim/proposal; P_31_201_6_b_1_c: Such costs must be identified,(P_31_201_6_b_1_a ^ P_31_201_6_b_1_b) -> P_31_201_6_b_1_c,P_31_201_6_b,Material Implication (Impl): Rule 15 [HIGH-RISK]; Conjunction (Conj): Rule 7,PENDING_REVIEW,PASS,PASS,Conditional identification requirement. Two conjunctive conditions (CO designation AND inclusion in billing) trigger mandatory identification. HIGH-RISK: implication used.,MEDIUM
31,31.201-6(b)(2),P_31_201_6_b_2,This identification requirement also applies to any costs incurred for the same purpose under like circumstances as the costs specifically identified as unallowable under paragraph (a) or (b) of this section.,P_31_201_6_b_2_a: Costs incurred for same purpose under like circumstances as those identified unallowable under (a) or (b); P_31_201_6_b_2_b: Identification requirement applies to such costs,P_31_201_6_b_2_a -> P_31_201_6_b_2_b,P_31_201_6_b,Material Implication (Impl): Rule 15 [HIGH-RISK],PENDING_REVIEW,PASS,PASS,Extension of identification requirement to analogous costs. 'Same purpose under like circumstances' standard prevents evasion through re-categorization. HIGH-RISK: implication extends reach of (a) and (b).,MEDIUM
31,31.201-6(c),P_31_201_6_c,(c),P_31_201_6_c,P_31_201_6_c_1 ^ P_31_201_6_c_2 ^ P_31_201_6_c_3 ^ P_31_201_6_c_4 ^ P_31_201_6_c_5,P_31_201_6,Conjunction (Conj): Rule 7,VALIDATED,PASS,PASS,"Parent for (c). Five paragraphs covering CAS 9904.405 compliance, statistical sampling criteria, penalty provisions, and advance agreement requirements.",HIGH
31,31.201-6(c)(1),P_31_201_6_c_1,The practices for accounting for and the presentation of unallowable costs must be in accordance with those described in 48 CFR 9904.405.,P_31_201_6_c_1: Unallowable cost accounting and presentation practices must comply with 48 CFR 9904.405,P_31_201_6_c_1,P_31_201_6_c,Conjunction (Conj): Rule 7,VALIDATED,PASS,PASS,Mandatory CAS 9904.405 compliance for unallowable cost accounting. External dependency to 48 CFR 9904.405. Already atomic.,HIGH
31,31.201-6(c)(2),P_31_201_6_c_2,"Statistical sampling is an acceptable practice for contractors to follow in accounting for and presenting unallowable costs, provided the following criteria are met:",P_31_201_6_c_2,(P_31_201_6_c_2_i ^ P_31_201_6_c_2_ii ^ P_31_201_6_c_2_iii) -> Statistical_Sampling_Acceptable,P_31_201_6_c,Material Implication (Impl): Rule 15 [HIGH-RISK]; Conjunction (Conj): Rule 7,PENDING_REVIEW,PASS,PASS,Conditional permission for statistical sampling. Three conjunctive criteria (i)-(iii) must all be met. 'Provided' triggers conditional. Parent for sampling criteria.,MEDIUM
31,31.201-6(c)(2)(i),P_31_201_6_c_2_i,The statistical sampling results in an unbiased sample that is a reasonable representation of the sampling universe.,P_31_201_6_c_2_i: Statistical sampling must produce unbiased sample that reasonably represents sampling universe,P_31_201_6_c_2_i,P_31_201_6_c_2,Conjunction (Conj): Rule 7,VALIDATED,PASS,PASS,First sampling criterion: unbiased and representative. Already atomic.,HIGH
31,31.201-6(c)(2)(ii),P_31_201_6_c_2_ii,Any large dollar value or high risk transaction is separately reviewed for unallowable costs and excluded from the sampling process.,P_31_201_6_c_2_ii_a: Large dollar value or high risk transactions separately reviewed; P_31_201_6_c_2_ii_b: Such transactions excluded from sampling process,(Large_Dollar v High_Risk) -> (P_31_201_6_c_2_ii_a ^ P_31_201_6_c_2_ii_b),P_31_201_6_c_2,Material Implication (Impl): Rule 15 [HIGH-RISK]; Addition (Add): Rule 8; Conjunction (Conj): Rule 7,PENDING_REVIEW,PASS,PASS,Disjunctive trigger (large dollar OR high risk) leads to conjunctive requirement (separate review AND exclusion from sampling). HIGH-RISK: implication used.,MEDIUM
31,31.201-6(c)(2)(iii),P_31_201_6_c_2_iii,The statistical sampling permits audit verification.,P_31_201_6_c_2_iii: Statistical sampling must permit audit verification,P_31_201_6_c_2_iii,P_31_201_6_c_2,Conjunction (Conj): Rule 7,VALIDATED,PASS,PASS,Third sampling criterion: auditability. Already atomic.,HIGH
31,31.201-6(c)(3),P_31_201_6_c_3,"For any indirect cost in the selected sample that is subject to the penalty provisions at 42.709, the amount projected to the sampling universe from that sampled cost is also subject to the same penalty provisions.",P_31_201_6_c_3_a: Indirect cost in sample subject to penalty provisions at 42.709; P_31_201_6_c_3_b: Amount projected to sampling universe also subject to same penalty provisions,P_31_201_6_c_3_a -> P_31_201_6_c_3_b,P_31_201_6_c; EXT:42.709,Material Implication (Impl): Rule 15 [HIGH-RISK],PENDING_REVIEW,PASS,PASS,"Penalty propagation: if sampled cost triggers 42.709 penalties, projected amount also penalized. External dependency to FAR 42.709. HIGH-RISK: penalty expansion via statistical projection.",MEDIUM
31,31.201-6(c)(4),P_31_201_6_c_4,Use of statistical sampling methods for identifying and segregating unallowable costs should be the subject of an advance agreement (see 31.110).,P_31_201_6_c_4: Statistical sampling for unallowable costs should be subject of advance agreement per 31.110,Statistical_Sampling_Use -> (Advance_Agreement v ~Advance_Agreement),P_31_201_6_c; P_31_110,Material Implication (Impl): Rule 15 [HIGH-RISK]; Tautology (Taut): Rule 18,PENDING_REVIEW,PASS,PASS,"Should' = advisory, not mandatory. Tautological consequent reflects advisory nature. Cross-reference to 31.110 for advance agreement procedures. PENDING_REVIEW per 'should' override.",MEDIUM
31,31.201-6(c)(4)(i),P_31_201_6_c_4_i,The advance agreement should specify the basic characteristics of the sampling process.,P_31_201_6_c_4_i: Advance agreement should specify basic characteristics of sampling process,Advance_Agreement -> (Specify_Sampling_Characteristics v ~Specify_Sampling_Characteristics),P_31_201_6_c_4,Material Implication (Impl): Rule 15 [HIGH-RISK]; Tautology (Taut): Rule 18,PENDING_REVIEW,PASS,PASS,"Should' = advisory. Tautological consequent. If advance agreement exists, specifying sampling characteristics is recommended but not mandated. PENDING_REVIEW per 'should' override.",MEDIUM
31,31.201-6(c)(4)(ii),P_31_201_6_c_4_ii,The cognizant administrative contracting officer (ACO) or Federal official must request input from the cognizant auditor before entering into any such agreements.,P_31_201_6_c_4_ii_a: ACO or Federal official entering advance agreement; P_31_201_6_c_4_ii_b: Must request input from cognizant auditor before entering agreement,P_31_201_6_c_4_ii_a -> P_31_201_6_c_4_ii_b,P_31_201_6_c_4,Material Implication (Impl): Rule 15 [HIGH-RISK],PENDING_REVIEW,PASS,PASS,Mandatory procedural step. 'Must' = mandatory. Auditor input required before advance agreement execution. HIGH-RISK: implication structures procedural prerequisite.,MEDIUM
31,31.201-6(c)(5),P_31_201_6_c_5,"In the absence of an advance agreement, if an initial review of the facts results in a challenge of the statistical sampling methods by the contracting officer or the contracting officer's representative, the burden of proof must be on the contractor to establish that such a method meets the criteria in paragraph (c)(2) of this section.",P_31_201_6_c_5_a: No advance agreement exists; P_31_201_6_c_5_b: CO or CO rep challenges statistical sampling method; P_31_201_6_c_5_c: Burden of proof on contractor to establish method meets (c)(2) criteria,(P_31_201_6_c_5_a ^ P_31_201_6_c_5_b) -> P_31_201_6_c_5_c,P_31_201_6_c,Material Implication (Impl): Rule 15 [HIGH-RISK]; Conjunction (Conj): Rule 7,PENDING_REVIEW,PASS,PASS,Conditional burden-shifting. Two conjunctive conditions (no advance agreement AND CO challenge) trigger burden shift to contractor. Parallels 31.201-3(a)(2) burden-shifting structure. HIGH-RISK: implication with burden of proof consequence.,MEDIUM
31,31.201-6(d),P_31_201_6_d,"If a directly associated cost is included in a cost pool that is allocated over a base that includes the unallowable cost with which it is associated, the directly associated cost must remain in the cost pool.",P_31_201_6_d_a: Directly associated cost included in cost pool; P_31_201_6_d_b: Cost pool allocated over base including associated unallowable cost; P_31_201_6_d_c: Directly associated cost must remain in cost pool,(P_31_201_6_d_a ^ P_31_201_6_d_b) -> P_31_201_6_d_c,P_31_201_6,Material Implication (Impl): Rule 15 [HIGH-RISK]; Conjunction (Conj): Rule 7,PENDING_REVIEW,PASS,PASS,Cost pool retention rule. Two conjunctive conditions trigger mandatory retention. This is the parent conditional; (d)(1) and (d)(2) provide the detailed treatment rules.,MEDIUM
31,31.201-6(d)(1),P_31_201_6_d_1,"Since the unallowable costs will attract their allocable share of costs from the cost pool, no further action is required to assure disallowance of the directly associated costs.",P_31_201_6_d_1_a: Unallowable costs attract their allocable share from cost pool; P_31_201_6_d_1_b: No further action required for disallowance of directly associated costs,P_31_201_6_d_1_a -> P_31_201_6_d_1_b,P_31_201_6_d,Material Implication (Impl): Rule 15 [HIGH-RISK],PENDING_REVIEW,PASS,PASS,"Self-correcting mechanism: when unallowable costs are in the allocation base, the pool allocation already captures the directly associated costs. No additional purging needed. HIGH-RISK: causal reasoning.",MEDIUM
31,31.201-6(d)(2),P_31_201_6_d_2,"In all other cases, the directly associated costs, if material in amount, must be purged from the cost pool as unallowable costs.",P_31_201_6_d_2_a: Case does not meet (d)(1) conditions; P_31_201_6_d_2_b: Directly associated costs are material in amount; P_31_201_6_d_2_c: Costs must be purged from cost pool as unallowable,(P_31_201_6_d_2_a ^ P_31_201_6_d_2_b) -> P_31_201_6_d_2_c,P_31_201_6_d,Material Implication (Impl): Rule 15 [HIGH-RISK]; Conjunction (Conj): Rule 7,PENDING_REVIEW,PASS,PASS,"Residual rule: when self-correction doesn't apply AND costs are material, mandatory purging. 'Must' = mandatory. Materiality threshold from (e)(1).",MEDIUM
31,31.201-6(e),P_31_201_6_e,(e),P_31_201_6_e,P_31_201_6_e_1 ^ P_31_201_6_e_2 ^ P_31_201_6_e_3,P_31_201_6,Conjunction (Conj): Rule 7,VALIDATED,PASS,PASS,"Parent for (e). Three paragraphs on materiality determination, salary expense treatment, and 31.205 directly associated cost treatment.",HIGH
31,31.201-6(e)(1),P_31_201_6_e_1,"In determining the materiality of a directly associated cost, consideration should be given to the significance of the--",P_31_201_6_e_1,P_31_201_6_e_1_i ^ P_31_201_6_e_1_ii ^ P_31_201_6_e_1_iii,P_31_201_6_e,Conjunction (Conj): Rule 7,PENDING_REVIEW,PASS,PASS,Parent for materiality factors. 'Should' = advisory. Three conjunctive factors for materiality assessment. PENDING_REVIEW per 'should' override.,MEDIUM
31,31.201-6(e)(1)(i),P_31_201_6_e_1_i,Actual dollar amount;,P_31_201_6_e_1_i: Actual dollar amount of directly associated cost,Materiality_Factor_1: Actual_Dollar_Amount,P_31_201_6_e_1,Conjunction (Conj): Rule 7,VALIDATED,PASS,PASS,First materiality factor. Already atomic.,HIGH
31,31.201-6(e)(1)(ii),P_31_201_6_e_1_ii,Cumulative effect of all directly associated costs in a cost pool; and,P_31_201_6_e_1_ii: Cumulative effect of all directly associated costs in cost pool,Materiality_Factor_2: Cumulative_Effect_In_Pool,P_31_201_6_e_1,Conjunction (Conj): Rule 7,VALIDATED,PASS,PASS,Second materiality factor. Aggregation perspective. Already atomic.,HIGH
31,31.201-6(e)(1)(iii),P_31_201_6_e_1_iii,Ultimate effect on the cost of Government contracts.,P_31_201_6_e_1_iii: Ultimate effect on cost of Government contracts,Materiality_Factor_3: Ultimate_Effect_On_Govt_Contracts,P_31_201_6_e_1,Conjunction (Conj): Rule 7,VALIDATED,PASS,PASS,Third materiality factor. End-impact perspective on Government contract costs. Already atomic.,HIGH
31,31.201-6(e)(2),P_31_201_6_e_2,"Salary expenses of employees who participate in activities that generate unallowable costs must be treated as directly associated costs to the extent of the time spent on the proscribed activity, provided the costs are material in accordance with paragraph (e)(1) of this section (except when such salary expenses are unallowable).",P_31_201_6_e_2_a: Employee participates in activities generating unallowable costs; P_31_201_6_e_2_b: Salary expenses treated as directly associated costs to extent of time on proscribed activity; P_31_201_6_e_2_c: Costs must be material per (e)(1); P_31_201_6_e_2_d: Exception when salary expenses themselves are unallowable,(P_31_201_6_e_2_a ^ P_31_201_6_e_2_c ^ ~P_31_201_6_e_2_d) -> P_31_201_6_e_2_b,P_31_201_6_e,Material Implication (Impl): Rule 15 [HIGH-RISK]; Conjunction (Conj): Rule 7; Negation (Neg): Rule 10,PENDING_REVIEW,PASS,PASS,"Complex conditional with exception. Three conjunctive antecedent conditions: employee participation, materiality threshold met, AND salary is not itself unallowable. 'Provided' = conditional prerequisite. 'Except when' = negated exception. 'Must' = mandatory. HIGH-RISK: multiple conditionals layered.",MEDIUM
31,31.201-6(e)(2)(i),P_31_201_6_e_2_i,The time spent on proscribed activities should be compared to total time spent on company activities to determine if the costs are material.,P_31_201_6_e_2_i: Proscribed activity time should be compared to total company activity time for materiality determination,Proscribed_Time_Assessment -> (Compare_To_Total v ~Compare_To_Total),P_31_201_6_e_2,Material Implication (Impl): Rule 15 [HIGH-RISK]; Tautology (Taut): Rule 18,PENDING_REVIEW,PASS,PASS,Should' = advisory. Tautological consequent reflects advisory nature. Provides guidance methodology for materiality assessment of employee time. PENDING_REVIEW per 'should' override.,MEDIUM
31,31.201-6(e)(2)(ii),P_31_201_6_e_2_ii,Time spent by employees outside the normal working hours should not be considered except when it is evident that an employee engages so frequently in company activities during periods outside normal working hours as to indicate that such activities are a part of the employee's regular duties.,P_31_201_6_e_2_ii_a: Time outside normal working hours should not be considered; P_31_201_6_e_2_ii_b: Exception when frequency indicates activities are part of regular duties,(~P_31_201_6_e_2_ii_b -> P_31_201_6_e_2_ii_a) ^ (P_31_201_6_e_2_ii_b -> ~P_31_201_6_e_2_ii_a),P_31_201_6_e_2,Material Implication (Impl): Rule 15 [HIGH-RISK]; Negation (Neg): Rule 10; Conjunction (Conj): Rule 7,PENDING_REVIEW,PASS,PASS,Default exclusion with exception. 'Should not' = advisory default to exclude outside-hours time. 'Except when' = exception triggered by frequency/regularity evidence. PENDING_REVIEW: 'should' advisory + HIGH-RISK implication.,MEDIUM
31,31.201-6(e)(3),P_31_201_6_e_3,"When a selected item of cost at 31.205 provides that directly associated costs be unallowable, such directly associated costs are unallowable only if determined to be material in amount in accordance with the criteria provided in paragraphs (e)(1) and (e)(2) of this section, except in those situations where allowance of any of the directly associated costs involved would be considered to be contrary to public policy.",P_31_201_6_e_3_a: 31.205 cost item provides directly associated costs unallowable; P_31_201_6_e_3_b: Directly associated costs determined material per (e)(1) and (e)(2); P_31_201_6_e_3_c: Directly associated costs are unallowable; P_31_201_6_e_3_d: Exception: allowance would be contrary to public policy,(P_31_201_6_e_3_a ^ (P_31_201_6_e_3_b v P_31_201_6_e_3_d)) -> P_31_201_6_e_3_c,P_31_201_6_e; P_31_205,Material Implication (Impl): Rule 15 [HIGH-RISK]; Conjunction (Conj): Rule 7; Addition (Add): Rule 8,PENDING_REVIEW,PASS,PASS,Complex conditional with dual pathway to unallowability. Normal path: 31.205 designation AND materiality. Public policy exception: 31.205 designation AND contrary to public policy (materiality threshold bypassed). HIGH-RISK: multiple conditionals with exception override.,MEDIUM
31,31.201-7,P_31_201_7,Specific principles and procedures for evaluating and determining costs in connection with contracts and subcontracts for construction and architect-engineer contracts related to construction projects are in 31.105.,P_31_201_7: Cost evaluation principles for construction and A-E contracts are in 31.105,Construction_Or_AE_Contract -> Apply_31_105,P_31_201; P_31_105,Material Implication (Impl): Rule 15 [HIGH-RISK],PENDING_REVIEW,PASS,PASS,"Cross-reference redirect. For construction and A-E contracts, 31.105 governs instead of 31.2 general principles. External dependency to 31.105. HIGH-RISK: implication redirects applicable cost principles.",MEDIUM
31,31.202,P_31_202,31.202 Direct costs.,P_31_202,P_31_202_a ^ P_31_202_b,,Conjunction (Conj): Rule 7,VALIDATED,PASS,PASS,Parent for 31.202. Two subsections: direct cost allocation rules and minor cost treatment exception.,HIGH
31,31.202(a),P_31_202_a,(a),P_31_202_a,P_31_202_a_1 ^ P_31_202_a_2 ^ P_31_202_a_3,P_31_202,Conjunction (Conj): Rule 7,VALIDATED,PASS,PASS,"Parent for (a). Three mandatory direct cost rules: consistency prohibition, direct charging requirement, and other-objective cost treatment.",HIGH
31,31.202(a)(1),P_31_202_a_1,"No final cost objective must have allocated to it as a direct cost any cost, if other costs incurred for the same purpose in like circumstances have been included in any indirect cost pool to be allocated to that or any other final cost objective.",P_31_202_a_1_a: Other costs for same purpose in like circumstances included in indirect cost pool; P_31_202_a_1_b: No such cost shall be allocated as direct cost to any final cost objective,P_31_202_a_1_a -> P_31_202_a_1_b,P_31_202_a,Material Implication (Impl): Rule 15 [HIGH-RISK],PENDING_REVIEW,PASS,PASS,Consistency-in-charging rule. Prevents double-counting by prohibiting direct allocation of costs when similar costs are already in indirect pools. 'Must' with 'no' = mandatory prohibition. HIGH-RISK: implication structures the prohibition.,MEDIUM
31,31.202(a)(2),P_31_202_a_2,Direct costs of the contract must be charged directly to the contract.,P_31_202_a_2: Direct costs must be charged directly to the contract,Direct_Cost -> Charge_Directly,P_31_202_a,Material Implication (Impl): Rule 15 [HIGH-RISK],PENDING_REVIEW,PASS,PASS,"Mandatory direct charging. Simple conditional: if a cost is a direct cost, it must be charged directly. 'Must' = mandatory. HIGH-RISK: foundational allocation rule.",MEDIUM
31,31.202(a)(3),P_31_202_a_3,All costs specifically identified with other final cost objectives of the contractor are direct costs of those cost objectives and are not to be charged to the contract directly or indirectly.,P_31_202_a_3_a: Costs specifically identified with other final cost objectives are direct costs of those objectives; P_31_202_a_3_b: Such costs are not to be charged to this contract directly or indirectly,Other_Objective_Cost -> (P_31_202_a_3_a ^ P_31_202_a_3_b),P_31_202_a,Material Implication (Impl): Rule 15 [HIGH-RISK]; Conjunction (Conj): Rule 7,PENDING_REVIEW,PASS,PASS,Cost segregation rule. Costs belonging to other objectives cannot leak into this contract through either direct or indirect channels. Conjunctive consequent: positive classification AND negative prohibition. HIGH-RISK: implication.,MEDIUM
31,31.202(b),P_31_202_b,"For reasons of practicality, the contractor may treat any direct cost of a minor dollar amount as an indirect cost if the accounting treatment--",P_31_202_b,(Minor_Dollar ^ P_31_202_b_1 ^ P_31_202_b_2) -> (Treat_As_Indirect v ~Treat_As_Indirect),P_31_202,Material Implication (Impl): Rule 15 [HIGH-RISK]; Conjunction (Conj): Rule 7; Tautology (Taut): Rule 18,PENDING_REVIEW,PASS,PASS,Permissive 'may' with three conjunctive conditions: minor dollar amount AND consistent application AND substantially same results. Tautological consequent = discretion. Parent for (b)(1) and (b)(2).,MEDIUM
31,31.202(b)(1),P_31_202_b_1,Is consistently applied to all final cost objectives; and,P_31_202_b_1: Accounting treatment consistently applied to all final cost objectives,P_31_202_b_1,P_31_202_b,Conjunction (Conj): Rule 7,VALIDATED,PASS,PASS,First condition for minor cost reclassification. Consistency requirement. Already atomic.,HIGH
31,31.202(b)(2),P_31_202_b_2,Produces substantially the same results as treating the cost as a direct cost.,P_31_202_b_2: Accounting treatment produces substantially same results as direct cost treatment,P_31_202_b_2,P_31_202_b,Conjunction (Conj): Rule 7,VALIDATED,PASS,PASS,Second condition for minor cost reclassification. Materiality/equivalence test. Already atomic.,HIGH
31,31.203,P_31_203,31.203 Indirect costs.,P_31_203,P_31_203_a ^ P_31_203_b ^ P_31_203_c ^ P_31_203_d ^ P_31_203_e ^ P_31_203_f ^ P_31_203_g ^ P_31_203_h,,Conjunction (Conj): Rule 7,VALIDATED,PASS,PASS,"Parent for 31.203. Nine subsections covering CAS vs non-CAS allocation, indirect cost definition, groupings, base integrity, revision triggers, offsite costs, base periods, GOCO treatment, and GOCO treatment. NOTE: 31.203(i) on excessive pass-through charges (52.215-23) exists in source text but is MISSING from skeleton. Recommend adding P_31_203_i to skeleton before Phase 4 merge.",HIGH
31,31.203(a),P_31_203_a,(a),P_31_203_a,P_31_203_a_1 ^ P_31_203_a_2,P_31_203,Conjunction (Conj): Rule 7,VALIDATED,PASS,PASS,Parent for (a). Two-branch conditional: CAS-covered vs non-CAS contracts.,HIGH
31,31.203(a)(1),P_31_203_a_1,"For contracts subject to full CAS coverage, allocation of indirect costs must be based on the applicable CAS regulations.",P_31_203_a_1_a: Contract subject to full CAS coverage; P_31_203_a_1_b: Indirect cost allocation must be based on applicable CAS regulations,P_31_203_a_1_a -> P_31_203_a_1_b,P_31_203_a,Material Implication (Impl): Rule 15 [HIGH-RISK],PENDING_REVIEW,PASS,PASS,CAS primacy for fully covered contracts. 'Must' = mandatory. HIGH-RISK: implication channels fully CAS-covered contracts to CAS allocation rules.,MEDIUM
31,31.203(a)(2),P_31_203_a_2,"For all other contracts, paragraphs (b) through (h) of this section apply.",P_31_203_a_2_a: Contract not subject to full CAS coverage; P_31_203_a_2_b: Paragraphs (b) through (h) apply,P_31_203_a_2_a -> P_31_203_a_2_b,P_31_203_a,Material Implication (Impl): Rule 15 [HIGH-RISK],PENDING_REVIEW,PASS,PASS,Non-CAS contracts follow 31.203(b)-(h). Complementary to (a)(1). HIGH-RISK: implication channels non-CAS contracts to FAR-based allocation rules.,MEDIUM
31,31.203(b),P_31_203_b,(b),P_31_203_b,P_31_203_b_1 ^ P_31_203_b_2,P_31_203,Conjunction (Conj): Rule 7,VALIDATED,PASS,PASS,Parent for (b). Two paragraphs defining indirect costs and consistency requirement.,HIGH
31,31.203(b)(1),P_31_203_b_1,"After direct costs have been determined and charged directly to the contract or other work, indirect costs are those remaining to be allocated to intermediate or two or more final cost objectives.",P_31_203_b_1_a: Direct costs have been determined and charged; P_31_203_b_1_b: Indirect costs are remaining costs to be allocated to intermediate or multiple final cost objectives,P_31_203_b_1_a -> P_31_203_b_1_b,P_31_203_b,Material Implication (Impl): Rule 15 [HIGH-RISK],PENDING_REVIEW,PASS,PASS,"Definitional: indirect costs defined as residual after direct cost determination. Sequential dependency: direct costs first, then indirect by exclusion. HIGH-RISK: implication structures sequential definition.",MEDIUM
31,31.203(b)(2),P_31_203_b_2,"No final cost objective must have allocated to it as an indirect cost any cost, if other costs incurred for the same purpose, in like circumstances, have been included as a direct cost of that or any other final cost objective.",P_31_203_b_2_a: Other costs for same purpose in like circumstances included as direct cost; P_31_203_b_2_b: No such cost shall be allocated as indirect cost to any final cost objective,P_31_203_b_2_a -> P_31_203_b_2_b,P_31_203_b,Material Implication (Impl): Rule 15 [HIGH-RISK],PENDING_REVIEW,PASS,PASS,Mirror of 31.202(a)(1). Prevents allocating as indirect what is direct elsewhere for same purpose. Consistency-in-charging from the indirect cost side. HIGH-RISK: prohibition via implication.,MEDIUM
31,31.203(c),P_31_203_c,(c),P_31_203_c,P_31_203_c_1 ^ P_31_203_c_2 ^ P_31_203_c_3 ^ P_31_203_c_4,P_31_203,Conjunction (Conj): Rule 7,VALIDATED,PASS,PASS,Parent for (c). Four paragraphs on indirect cost grouping requirements.,HIGH
31,31.203(c)(1),P_31_203_c_1,The contractor must accumulate indirect costs by logical cost groupings with due consideration of the reasons for incurring such costs.,P_31_203_c_1_a: Contractor must accumulate indirect costs by logical cost groupings; P_31_203_c_1_b: Must give due consideration to reasons for incurring costs,P_31_203_c_1_a ^ P_31_203_c_1_b,P_31_203_c,Conjunction (Conj): Rule 7,VALIDATED,PASS,PASS,Mandatory cost grouping. 'Must' = mandatory. Two conjunctive requirements: logical grouping AND reason-based consideration.,HIGH
31,31.203(c)(2),P_31_203_c_2,The contractor must determine each grouping so as to permit use of an allocation base that is common to all cost objectives to which the grouping is to be allocated.,P_31_203_c_2: Contractor must determine groupings to permit common allocation base across all cost objectives,P_31_203_c_2,P_31_203_c,Conjunction (Conj): Rule 7,VALIDATED,PASS,PASS,Mandatory grouping criterion: must enable common allocation base. 'Must' = mandatory. Already atomic.,HIGH
31,31.203(c)(3),P_31_203_c_3,The base selected must allocate the grouping on the basis of the benefits accruing to intermediate and final cost objectives.,P_31_203_c_3: Selected allocation base must allocate grouping based on benefits accruing to cost objectives,P_31_203_c_3,P_31_203_c,Conjunction (Conj): Rule 7,VALIDATED,PASS,PASS,Mandatory allocation base criterion: benefits-based. 'Must' = mandatory. Already atomic.,HIGH
31,31.203(c)(4),P_31_203_c_4,"When substantially the same results can be achieved through less precise methods, the number and composition of cost groupings should be governed by practical considerations and should not unduly complicate the allocation.",P_31_203_c_4_a: Substantially same results achievable through less precise methods; P_31_203_c_4_b: Cost groupings should be governed by practical considerations; P_31_203_c_4_c: Cost groupings should not unduly complicate allocation,P_31_203_c_4_a -> (P_31_203_c_4_b ^ P_31_203_c_4_c),P_31_203_c,Material Implication (Impl): Rule 15 [HIGH-RISK]; Conjunction (Conj): Rule 7,PENDING_REVIEW,PASS,PASS,Should' = advisory. 'When' triggers conditional. Practicality override when precision doesn't improve results. HIGH-RISK: implication. PENDING_REVIEW per 'should' override.,MEDIUM
31,31.203(d),P_31_203_d,(d),P_31_203_d,P_31_203_d_1 ^ P_31_203_d_2,P_31_203,Conjunction (Conj): Rule 7,VALIDATED,PASS,PASS,Parent for (d). Two paragraphs on base integrity: no fragmentation and pro rata sharing.,HIGH
31,31.203(d)(1),P_31_203_d_1,"Once an appropriate base for allocating indirect costs has been accepted, the contractor must not fragment the base by removing individual elements.",P_31_203_d_1_a: Appropriate indirect cost allocation base has been accepted; P_31_203_d_1_b: Contractor must not fragment base by removing individual elements,P_31_203_d_1_a -> P_31_203_d_1_b,P_31_203_d,Material Implication (Impl): Rule 15 [HIGH-RISK]; Negation (Neg): Rule 10,PENDING_REVIEW,PASS,PASS,"Anti-fragmentation rule. 'Must not' = mandatory prohibition. Once base accepted, no cherry-picking allowed. HIGH-RISK: implication with negation in consequent.",MEDIUM
31,31.203(d)(2),P_31_203_d_2,"All items properly includable in an indirect cost base must bear a pro rata share of indirect costs irrespective of their acceptance as Government contract costs (e.g., when a cost input base is used for the allocation of general and administrative (G&A) costs, the contractor must include in the base all items that would properly be part of the cost input base, whether allowable or unallowable, and these items must bear their pro rata share of G&A costs).",P_31_203_d_2_a: All items properly includable in indirect cost base must bear pro rata share of indirect costs; P_31_203_d_2_b: Applies irrespective of acceptance as Government contract costs; P_31_203_d_2_c: Both allowable and unallowable items must be included in base; P_31_203_d_2_d: All items must bear their pro rata share of G&A costs,P_31_203_d_2_a ^ P_31_203_d_2_b ^ P_31_203_d_2_c ^ P_31_203_d_2_d,P_31_203_d,Conjunction (Conj): Rule 7,VALIDATED,PASS,PASS,Comprehensive base inclusion rule. Four conjunctive requirements ensuring no items excluded from bearing their share. G&A example illustrates principle. Prevents contractor from excluding unallowable costs from base to reduce allocation.,HIGH
31,31.203(e),P_31_203_e,"The method of allocating indirect costs may require revision when there is a significant change in the nature of the business, the extent of subcontracting, fixed-asset improvement programs, inventories, the volume of sales and production, manufacturing processes, the contractor's products, or other relevant circumstances.","P_31_203_e_a: Significant change in business nature, subcontracting extent, fixed-asset programs, inventories, sales/production volume, manufacturing processes, products, or other relevant circumstances; P_31_203_e_b: Indirect cost allocation method may require revision",P_31_203_e_a -> (P_31_203_e_b v ~P_31_203_e_b),P_31_203,Material Implication (Impl): Rule 15 [HIGH-RISK]; Tautology (Taut): Rule 18,PENDING_REVIEW,PASS,PASS,May' = permissive. Significant change triggers potential (not mandatory) revision need. Disjunctive list of change types. Tautological consequent reflects discretionary revision. PENDING_REVIEW: HIGH-RISK + 'may'.,MEDIUM
31,31.203(f),P_31_203_f,Separate cost groupings for costs allocable to offsite locations may be necessary to permit equitable distribution of costs on the basis of the benefits accruing to the several cost objectives.,P_31_203_f_a: Costs allocable to offsite locations; P_31_203_f_b: Separate cost groupings may be necessary for equitable distribution,P_31_203_f_a -> (P_31_203_f_b v ~P_31_203_f_b),P_31_203,Material Implication (Impl): Rule 15 [HIGH-RISK]; Tautology (Taut): Rule 18,PENDING_REVIEW,PASS,PASS,May' = permissive. Offsite location costs may warrant separate groupings for equity. Tautological consequent. PENDING_REVIEW: HIGH-RISK + discretionary.,MEDIUM
31,31.203(g),P_31_203_g,A base period for allocating indirect costs is the cost accounting period during which such costs are incurred and accumulated for allocation to work performed in that period.,P_31_203_g: Base period = cost accounting period during which indirect costs incurred and accumulated for allocation to work in that period,Base_Period <-> (Period_Of_Incurrence ^ Period_Of_Accumulation ^ Period_Of_Allocation),P_31_203,Biconditional (Bicond): Rule 17; Conjunction (Conj): Rule 7,PENDING_REVIEW,PASS,PASS,"Definitional biconditional for base period. Three conjunctive elements: incurrence, accumulation, and allocation all within same period. Parent for (g)(1)-(3).",MEDIUM
31,31.203(g)(1),P_31_203_g_1,"For contracts subject to full or modified CAS coverage, the contractor shall follow the criteria and guidance in 48 CFR 9904.406 for selecting the cost accounting periods to be used in allocating indirect costs.",P_31_203_g_1_a: Contract subject to full or modified CAS coverage; P_31_203_g_1_b: Contractor shall follow 48 CFR 9904.406 for cost accounting period selection,P_31_203_g_1_a -> P_31_203_g_1_b,P_31_203_g,Material Implication (Impl): Rule 15 [HIGH-RISK],PENDING_REVIEW,PASS,PASS,CAS primacy for period selection. 'Shall' = mandatory. External dependency to 48 CFR 9904.406. Full or modified CAS coverage both trigger this. HIGH-RISK: implication.,MEDIUM
31,31.203(g)(2),P_31_203_g_2,The base period for allocating indirect costs must be the contractor's fiscal year used for financial reporting purposes in accordance with generally accepted accounting principles.,P_31_203_g_2: Base period must be contractor's fiscal year per GAAP financial reporting,P_31_203_g_2,P_31_203_g,Conjunction (Conj): Rule 7,VALIDATED,PASS,PASS,Mandatory fiscal year alignment. 'Must' = mandatory. GAAP fiscal year is the default base period. Already atomic.,HIGH
31,31.203(g)(3),P_31_203_g_3,"The fiscal year will normally be 12 months, but a different period may be appropriate (e.g., when a change in fiscal year occurs due to a business combination or other circumstances).","P_31_203_g_3_a: Fiscal year normally 12 months; P_31_203_g_3_b: Different period may be appropriate when change occurs (e.g., business combination)",P_31_203_g_3_a ^ (Change_In_Fiscal_Year -> (Different_Period v ~Different_Period)),P_31_203_g,Conjunction (Conj): Rule 7; Material Implication (Impl): Rule 15 [HIGH-RISK]; Tautology (Taut): Rule 18,PENDING_REVIEW,PASS,PASS,Default 12-month with permissive exception. 'May' = discretion for non-standard periods when business circumstances warrant. PENDING_REVIEW: HIGH-RISK + 'may'.,MEDIUM
31,31.203(h),P_31_203_h,"Special care should be exercised in applying the principles of paragraphs (c), (d), and (e) of this section when Government-owned contractor-operated (GOCO) plants are involved. The distribution of corporate, division or branch office G&A expenses to such plants operating with little or no dependence on corporate administrative activities may require more precise cost groupings, detailed accounts screening, and carefully developed distribution bases.","P_31_203_h_a: GOCO plants are involved; P_31_203_h_b: Special care should be exercised in applying (c), (d), (e); P_31_203_h_c: GOCO plants with little/no dependence on corporate admin may require more precise groupings, screening, and distribution bases",P_31_203_h_a -> (P_31_203_h_b ^ P_31_203_h_c),P_31_203,Material Implication (Impl): Rule 15 [HIGH-RISK]; Conjunction (Conj): Rule 7,PENDING_REVIEW,PASS,PASS,Should' and 'may' = advisory. GOCO involvement triggers enhanced scrutiny recommendation. Special treatment for plants with low corporate dependency. PENDING_REVIEW: 'should' + HIGH-RISK.,MEDIUM
31,31.204,P_31_204,31.204 Application of principles and procedures.,P_31_204,P_31_204_a ^ P_31_204_b ^ P_31_204_c ^ P_31_204_d,,Conjunction (Conj): Rule 7,VALIDATED,PASS,PASS,"Parent for 31.204. Four subsections: general allowability standard, subcontract cost allowability, FFP subcontract costs, and 31.205 gap-filling rules.",HIGH
31,31.204(a),P_31_204_a,"Costs are allowable to the extent they are reasonable, allocable, and determined to be allowable under 31.201, 31.202, 31.203, 31.205.","P_31_204_a_a: Cost must be reasonable; P_31_204_a_b: Cost must be allocable; P_31_204_a_c: Cost must be determined allowable under 31.201, 31.202, 31.203, 31.205",(P_31_204_a_a ^ P_31_204_a_b ^ P_31_204_a_c) <-> Allowable,P_31_204; P_31_201; P_31_202; P_31_203; P_31_205,Biconditional (Bicond): Rule 17; Conjunction (Conj): Rule 7,PENDING_REVIEW,PASS,PASS,"Overarching allowability test restating 31.201-2(a) with explicit section references. Three conjunctive conditions. Biconditional: 'to the extent' = allowability tracks compliance. Cross-references 31.201, 31.202, 31.203, 31.205.",MEDIUM
31,31.204(b),P_31_204_b,(b),P_31_204_b,P_31_204_b_1 ^ P_31_204_b_2,P_31_204,Conjunction (Conj): Rule 7,VALIDATED,PASS,PASS,Parent for (b). Two paragraphs on subcontract cost allowability by contract type.,HIGH
31,31.204(b)(1),P_31_204_b_1,"For the following subcontract types, costs incurred as reimbursements or payments to a subcontractor are allowable to the extent the reimbursements or payments are for costs incurred by the subcontractor that are consistent with this part:",P_31_204_b_1,(Subcontract_Type_Listed ^ Costs_Consistent_With_Part_31) -> Allowable,P_31_204_b,Material Implication (Impl): Rule 15 [HIGH-RISK]; Conjunction (Conj): Rule 7,PENDING_REVIEW,PASS,PASS,Conditional allowability for listed subcontract types. Parent for (i)-(iii) listing the types. Two conjunctive conditions: right subcontract type AND Part 31 consistency. HIGH-RISK: implication.,MEDIUM
31,31.204(b)(1)(i),P_31_204_b_1_i,Cost-reimbursement.,P_31_204_b_1_i: Cost-reimbursement subcontracts,Subcontract_Type: Cost_Reimbursement,P_31_204_b_1,Conjunction (Conj): Rule 7,VALIDATED,PASS,PASS,First listed subcontract type subject to Part 31 consistency requirement. Already atomic.,HIGH
31,31.204(b)(1)(ii),P_31_204_b_1_ii,Fixed-price incentive.,P_31_204_b_1_ii: Fixed-price incentive subcontracts,Subcontract_Type: Fixed_Price_Incentive,P_31_204_b_1,Conjunction (Conj): Rule 7,VALIDATED,PASS,PASS,Second listed subcontract type. Already atomic.,HIGH
31,31.204(b)(1)(iii),P_31_204_b_1_iii,"Price redeterminable (i.e., fixed-price contracts with prospective price redetermination and fixed-ceiling-price contracts with retroactive price redetermination).",P_31_204_b_1_iii_a: Fixed-price with prospective price redetermination; P_31_204_b_1_iii_b: Fixed-ceiling-price with retroactive price redetermination,P_31_204_b_1_iii_a v P_31_204_b_1_iii_b,P_31_204_b_1,Addition (Add): Rule 8,VALIDATED,PASS,PASS,Third listed subcontract type. Disjunctive: either prospective or retroactive redetermination variant qualifies.,HIGH
31,31.204(b)(2),P_31_204_b_2,The requirements of paragraph (b)(1) of this section apply to any tier above the first firm-fixed-price subcontract or fixed-price subcontract with economic price adjustment provisions.,P_31_204_b_2_a: Tier above first FFP subcontract or FP with EPA; P_31_204_b_2_b: Requirements of (b)(1) apply,P_31_204_b_2_a -> P_31_204_b_2_b,P_31_204_b,Material Implication (Impl): Rule 15 [HIGH-RISK],PENDING_REVIEW,PASS,PASS,"Tier limitation: (b)(1) flow-down stops at the first FFP or FP-EPA subcontract. Above that tier, Part 31 consistency applies. HIGH-RISK: implication defines flow-down boundary.",MEDIUM
31,31.204(c),P_31_204_c,"Costs incurred as payments under firm-fixed-price subcontracts or fixed-price subcontracts with economic price adjustment provisions or modifications, for which subcontract cost analysis was performed are allowable if the price was negotiated in accordance with 31.102.",P_31_204_c_a: Costs under FFP or FP-EPA subcontracts; P_31_204_c_b: Subcontract cost analysis was performed; P_31_204_c_c: Price negotiated per 31.102; P_31_204_c_d: Costs are allowable,(P_31_204_c_a ^ P_31_204_c_b ^ P_31_204_c_c) -> P_31_204_c_d,P_31_204; P_31_102,Material Implication (Impl): Rule 15 [HIGH-RISK]; Conjunction (Conj): Rule 7,PENDING_REVIEW,PASS,PASS,"Conditional allowability for FFP/FP-EPA subcontract costs. Three conjunctive conditions: right contract type, cost analysis performed, and 31.102-compliant negotiation. External dependency to 31.102. HIGH-RISK: implication.",MEDIUM
31,31.204(d),P_31_204_d,Section 31.205 does not cover every element of cost.,P_31_204_d: Section 31.205 is non-exhaustive,~Exhaustive_31_205,P_31_204; P_31_205,Negation (Neg): Rule 10,VALIDATED,PASS,PASS,Declarative negation establishing 31.205 as non-exhaustive. Parent for (d)(1)-(4) gap-filling rules.,HIGH
31,31.204(d)(1),P_31_204_d_1,Failure to include any item of cost does not imply that it is either allowable or unallowable.,P_31_204_d_1: Omission from 31.205 creates no presumption of allowability or unallowability,~Listed_In_31_205 -> (~Presumed_Allowable ^ ~Presumed_Unallowable),P_31_204_d,Material Implication (Impl): Rule 15 [HIGH-RISK]; Negation (Neg): Rule 10; Conjunction (Conj): Rule 7,PENDING_REVIEW,PASS,PASS,No-presumption rule for unlisted costs. Negation of both presumptions creates neutral starting point. HIGH-RISK: implication with double negation in consequent.,MEDIUM
31,31.204(d)(2),P_31_204_d_2,The determination of allowability must be based on the principles and standards in this subpart and the treatment of similar or related selected items.,P_31_204_d_2_a: Allowability determination based on Subpart 31.2 principles and standards; P_31_204_d_2_b: Also based on treatment of similar or related selected items,Allowability_Determination -> (P_31_204_d_2_a ^ P_31_204_d_2_b),P_31_204_d,Material Implication (Impl): Rule 15 [HIGH-RISK]; Conjunction (Conj): Rule 7,PENDING_REVIEW,PASS,PASS,Gap-filling methodology for unlisted costs. 'Must' = mandatory. Two conjunctive bases: subpart principles AND analogous treatment. HIGH-RISK: implication.,MEDIUM
31,31.204(d)(3),P_31_204_d_3,"When more than one section in 31.205 is relevant to a contractor cost, the cost must be apportioned among the applicable sections, and the determination of allowability of each portion must be based on the guidance contained in the applicable section.",P_31_204_d_3_a: More than one 31.205 section relevant to a cost; P_31_204_d_3_b: Cost must be apportioned among applicable sections; P_31_204_d_3_c: Allowability of each portion based on applicable section guidance,P_31_204_d_3_a -> (P_31_204_d_3_b ^ P_31_204_d_3_c),P_31_204_d; P_31_205,Material Implication (Impl): Rule 15 [HIGH-RISK]; Conjunction (Conj): Rule 7,PENDING_REVIEW,PASS,PASS,Apportionment rule for multi-section costs. 'When' triggers conditional. 'Must' = mandatory. Two conjunctive requirements: apportion AND section-specific analysis. HIGH-RISK: implication.,MEDIUM
31,31.204(d)(4),P_31_204_d_4,"When a cost to which more than one section in 31.205 is relevant and cannot be apportioned, the determination of allowability must be based on the guidance contained in the section that addresses the specific cost.",P_31_204_d_4_a: Multiple 31.205 sections relevant AND cost cannot be apportioned; P_31_204_d_4_b: Allowability determination based on section addressing specific cost,P_31_204_d_4_a -> P_31_204_d_4_b,P_31_204_d; P_31_205,Material Implication (Impl): Rule 15 [HIGH-RISK],PENDING_REVIEW,PASS,PASS,Fallback for non-apportionable multi-section costs. 'When' + 'cannot' triggers conditional. Most specific section governs. HIGH-RISK: implication for conflict resolution.,MEDIUM
31,31.205,P_31_205,31.205 Selected costs.,P_31_205_a: The following subsections prescribe principles and criteria for determining the allowability of selected items of cost.,P_31_205_1 ^ P_31_205_2 ^ P_31_205_3 ^ P_31_205_4 ^ P_31_205_5 ^ P_31_205_6,,Conjunction (Conj): Rule 7,VALIDATED,PASS,PASS,Parent aggregating all 31.205-X subsections in this segment. Conjunction used because all selected cost principles apply collectively.,HIGH
31,31.205-1,P_31_205_1,"31.205-1 Public relations and advertising costs. Prescribes allowability criteria for public relations and advertising costs, including definitions, allowable costs, and unallowable costs.",P_31_205_1_a: Definitions; P_31_205_1_b: Cost composition; P_31_205_1_c: Allowable advertising; P_31_205_1_d: Allowable PR; P_31_205_1_e: Unallowable PR/advertising,P_31_205_1_a ^ P_31_205_1_b ^ P_31_205_1_c ^ P_31_205_1_d ^ P_31_205_1_e,P_31_205,Conjunction (Conj): Rule 7,VALIDATED,PASS,PASS,Parent proposition for 31.205-1. All paragraphs (a) through (e) collectively define the cost principle.,HIGH
31,31.205-1(a),P_31_205_1_a,"Definitions. As used in this section-- Public relations means all functions and activities dedicated to maintaining, protecting, and enhancing the image of a concern or its products; or maintaining or promoting reciprocal understanding and favorable relations with the public at large, or any segment of the public. Advertising means the use of media to promote the sale of products or services and to accomplish the activities referred to in paragraph (d) of this section, regardless of the medium employed, when the advertiser has control over the form and content of what will appear, the media in which it will appear, and when it will appear.",P_31_205_1_a_1: Public relations definition element 1 (image maintenance); P_31_205_1_a_2: Public relations definition element 2 (public understanding); P_31_205_1_a_3: Advertising definition (media use with advertiser control),(P_31_205_1_a_1 v P_31_205_1_a_2) ^ P_31_205_1_a_3,P_31_205_1,Addition (Add): Rule 8; Conjunction (Conj): Rule 7,VALIDATED,PASS,PASS,PR definition is disjunctive (either image maintenance OR public understanding). Advertising is a separate conjunctive definition. Both definitions apply to this section.,HIGH
31,31.205-1(a)(1),P_31_205_1_a_1,"Public relations includes maintaining, protecting, and enhancing the image of a concern or its products.","P_31_205_1_a_1: Functions dedicated to maintaining, protecting, and enhancing the image of a concern or its products",Maintain_Image ^ Protect_Image ^ Enhance_Image,P_31_205_1_a,Conjunction (Conj): Rule 7,VALIDATED,PASS,PASS,"Serial comma list with ""and"" -- conjunction of three activities constituting PR image functions.",HIGH
31,31.205-1(a)(2),P_31_205_1_a_2,"Public relations includes maintaining or promoting reciprocal understanding and favorable relations with the public at large, or any segment of the public. Public relations includes activities associated with areas such as advertising, customer relations, etc.",P_31_205_1_a_2: Functions dedicated to maintaining or promoting reciprocal understanding and favorable relations with the public,(Maintain_Understanding v Promote_Understanding) ^ Favorable_Relations,P_31_205_1_a,Addition (Add): Rule 8; Conjunction (Conj): Rule 7,VALIDATED,PASS,PASS,Disjunctive (maintain OR promote) combined with conjunction (AND favorable relations). Includes illustrative list of associated activities.,HIGH
31,31.205-1(b),P_31_205_1_b,"Public relations and advertising costs include the costs of media time and space, purchased services performed by outside organizations, as well as the applicable portion of salaries, travel, and fringe benefits of employees engaged in the functions and activities of public relations and advertising.",P_31_205_1_b_1: Media time and space costs; P_31_205_1_b_2: Purchased outside services; P_31_205_1_b_3: Employee salaries/travel/fringe for PR/advertising functions,PR_Adv_Costs = P_31_205_1_b_1 ^ P_31_205_1_b_2 ^ P_31_205_1_b_3,P_31_205_1,Conjunction (Conj): Rule 7,VALIDATED,PASS,PASS,"Definitional -- enumerates cost components. Serial comma with ""as well as"" treated as conjunction.",HIGH
31,31.205-1(c),P_31_205_1_c,"The only allowable advertising costs are those that are-- (lists (c)(1), (c)(2), (c)(3)).",P_31_205_1_c: Parent -- allowable advertising is limited to enumerated categories,Allowable_Advertising <-> (P_31_205_1_c_1 v P_31_205_1_c_2 v P_31_205_1_c_3),P_31_205_1,Biconditional (Bicond): Rule 17; Addition (Add): Rule 8,PENDING_REVIEW,PASS,PASS,"""The only allowable...are those that are"" = biconditional (if and only if). Advertising is allowable IFF it falls into one of three categories. Biconditional is appropriate because ""only"" creates exclusivity.",MEDIUM
31,31.205-1(c)(1),P_31_205_1_c_1,"Specifically required by contract, or that arise from requirements of Government contracts, and that are exclusively for-- (i) Acquiring scarce items for contract performance; or (ii) Disposing of scrap or surplus materials acquired for contract performance.",P_31_205_1_c_1_a: Required by contract or arising from Government contract requirements; P_31_205_1_c_1_b: Exclusively for acquiring scarce items or disposing of scrap/surplus,P_31_205_1_c_1_a ^ (P_31_205_1_c_1_i v P_31_205_1_c_1_ii),P_31_205_1_c,Conjunction (Conj): Rule 7; Addition (Add): Rule 8,VALIDATED,PASS,PASS,Two conditions must both be met (conjunction): contract requirement AND exclusive purpose. The exclusive purpose is disjunctive (acquire OR dispose).,HIGH
31,31.205-1(c)(1)(i),P_31_205_1_c_1_i,Acquiring scarce items for contract performance.,P_31_205_1_c_1_i: Advertising exclusively for acquiring scarce items for contract performance,Acquire_Scarce_Items_For_Contract,P_31_205_1_c_1,Conjunction (Conj): Rule 7,VALIDATED,PASS,PASS,Atomic proposition. One of two disjunctive purposes under (c)(1).,HIGH
31,31.205-1(c)(1)(ii),P_31_205_1_c_1_ii,Disposing of scrap or surplus materials acquired for contract performance.,P_31_205_1_c_1_ii: Advertising exclusively for disposing of scrap or surplus materials from contract performance,Dispose_Scrap_Or_Surplus,P_31_205_1_c_1,Conjunction (Conj): Rule 7,VALIDATED,PASS,PASS,Atomic proposition. Second disjunctive purpose under (c)(1).,HIGH
31,31.205-1(c)(2),P_31_205_1_c_2,"Costs of activities to promote sales of products normally sold to the Government, including trade shows, which contain a significant effort to promote exports from the United States. Such costs are allowable, notwithstanding paragraphs (e)(1), (e)(3), (e)(4)(ii), and (e)(5) of this section. However, such costs do not include the costs of memorabilia, alcoholic beverages, entertainment, and physical facilities that are used primarily for entertainment rather than product promotion.",P_31_205_1_c_2_a: Promotes sales of products normally sold to Government; P_31_205_1_c_2_b: Contains significant export promotion effort; P_31_205_1_c_2_c: Overrides certain unallowability provisions; P_31_205_1_c_2_d: Excludes memorabilia/alcohol/entertainment/entertainment facilities,(P_31_205_1_c_2_a ^ P_31_205_1_c_2_b) -> (Allowable ^ ~Memorabilia ^ ~Alcohol ^ ~Entertainment ^ ~Entertainment_Facilities),P_31_205_1_c,Material Implication (Impl): Rule 15 [HIGH-RISK]; Conjunction (Conj): Rule 7; Negation (Neg): Rule 10,PENDING_REVIEW,PASS,PASS,"Conditional: IF promotes Government product sales AND significant export effort THEN allowable, but with explicit exclusions. HIGH-RISK due to implication with multiple conditions. ""Notwithstanding"" clause overrides (e)(1), (e)(3), (e)(4)(ii), (e)(5).",MEDIUM
31,31.205-1(c)(3),P_31_205_1_c_3,Allowable in accordance with 31.205-34.,P_31_205_1_c_3: Advertising costs allowable per 31.205-34,Allowable_Per_31_205_34,P_31_205_1_c; P_31_205_34,Material Implication (Impl): Rule 15 [HIGH-RISK],PENDING_REVIEW,PASS,PASS,Cross-reference to 31.205-34 (entertainment costs). Dependency deferred to Phase 4.,MEDIUM
31,31.205-1(d),P_31_205_1_d,Allowable public relations costs include the following: (d)(1) through (d)(5).,P_31_205_1_d: Parent -- allowable PR cost categories,P_31_205_1_d_1 v P_31_205_1_d_2 v P_31_205_1_d_3 v P_31_205_1_d_4 v P_31_205_1_d_5,P_31_205_1,Addition (Add): Rule 8,VALIDATED,PASS,PASS,"Parent for allowable PR costs. ""Include the following"" indicates disjunctive list -- any of these categories qualifies as allowable.",HIGH
31,31.205-1(d)(1),P_31_205_1_d_1,Costs specifically required by contract.,P_31_205_1_d_1: PR costs required by contract are allowable,Contract_Required_PR -> Allowable,P_31_205_1_d,Material Implication (Impl): Rule 15 [HIGH-RISK],PENDING_REVIEW,PASS,PASS,"Conditional: if contract requires PR costs, then allowable.",MEDIUM
31,31.205-1(d)(2),P_31_205_1_d_2,"Costs of-- (i) Responding to inquiries on company policies and activities; (ii) Communicating with the public, press, stockholders, creditors, and customers; and (iii) Conducting general liaison with news media and Government public relations officers, to the extent that such activities are limited to communication and liaison necessary to keep the public informed on matters of public concern.",P_31_205_1_d_2: Parent -- three categories of allowable communication costs,P_31_205_1_d_2_i v P_31_205_1_d_2_ii v P_31_205_1_d_2_iii,P_31_205_1_d,Addition (Add): Rule 8,VALIDATED,PASS,PASS,Parent for communication-type PR costs. Disjunctive -- any of the three categories is allowable.,HIGH
31,31.205-1(d)(2)(i),P_31_205_1_d_2_i,Responding to inquiries on company policies and activities.,P_31_205_1_d_2_i: Costs of responding to company policy/activity inquiries are allowable,Respond_To_Inquiries -> Allowable,P_31_205_1_d_2,Material Implication (Impl): Rule 15 [HIGH-RISK],PENDING_REVIEW,PASS,PASS,Atomic. Responding to inquiries = allowable PR cost.,MEDIUM
31,31.205-1(d)(2)(ii),P_31_205_1_d_2_ii,"Communicating with the public, press, stockholders, creditors, and customers.",P_31_205_1_d_2_ii: Costs of communicating with public/press/stockholders/creditors/customers are allowable,Communicate_With_Stakeholders -> Allowable,P_31_205_1_d_2,Material Implication (Impl): Rule 15 [HIGH-RISK],PENDING_REVIEW,PASS,PASS,Atomic. General stakeholder communication = allowable PR cost.,MEDIUM
31,31.205-1(d)(2)(iii),P_31_205_1_d_2_iii,"Conducting general liaison with news media and Government public relations officers, to the extent that such activities are limited to communication and liaison necessary to keep the public informed on matters of public concern such as notice of contract awards, plant closings or openings, employee layoffs or rehires, financial information, etc.",P_31_205_1_d_2_iii_a: General liaison with news media and Government PR officers; P_31_205_1_d_2_iii_b: Limited to communication necessary to keep public informed on matters of public concern,P_31_205_1_d_2_iii_a ^ P_31_205_1_d_2_iii_b -> Allowable,P_31_205_1_d_2,Material Implication (Impl): Rule 15 [HIGH-RISK]; Conjunction (Conj): Rule 7,PENDING_REVIEW,PASS,PASS,"Conditional with restriction: liaison is allowable only TO THE EXTENT limited to necessary public concern communications. ""To the extent"" narrows scope.",MEDIUM
31,31.205-1(d)(3),P_31_205_1_d_3,"Costs of participation in community service activities (e.g., blood bank drives, charity drives, savings bond drives, and disaster assistance)(except see paragraph (e)(8) of this section.)","P_31_205_1_d_3: Community service participation costs are allowable, except as limited by (e)(8)",Community_Service_Costs ^ ~P_31_205_1_e_8 -> Allowable,P_31_205_1_d,Material Implication (Impl): Rule 15 [HIGH-RISK]; Conjunction (Conj): Rule 7; Negation (Neg): Rule 10,PENDING_REVIEW,PASS,PASS,"Allowable with exception. Cross-reference to (e)(8) which carves out food donation costs. ""Except"" triggers negation condition.",MEDIUM
31,31.205-1(d)(4),P_31_205_1_d_4,Costs of plant tours and open houses (except see paragraph (e)(5) of this section).,"P_31_205_1_d_4: Plant tour and open house costs are allowable, except as limited by (e)(5)",Plant_Tour_Costs ^ ~P_31_205_1_e_5 -> Allowable,P_31_205_1_d,Material Implication (Impl): Rule 15 [HIGH-RISK]; Conjunction (Conj): Rule 7; Negation (Neg): Rule 10,PENDING_REVIEW,PASS,PASS,Allowable with exception. Cross-reference to (e)(5) which covers promotional material costs.,MEDIUM
31,31.205-1(d)(5),P_31_205_1_d_5,"Costs of keel laying, ship launching, commissioning, and roll-out ceremonies, to the extent specifically provided for by contract.",P_31_205_1_d_5: Ceremony costs allowable only to extent provided by contract,Contract_Provides_For_Ceremony -> Ceremony_Costs_Allowable,P_31_205_1_d,Material Implication (Impl): Rule 15 [HIGH-RISK],PENDING_REVIEW,PASS,PASS,"Conditional: contract must specifically provide for these costs. ""To the extent"" limits allowability to contract scope.",MEDIUM
31,31.205-1(e),P_31_205_1_e,Unallowable public relations and advertising costs include the following: (e)(1) through (e)(8).,P_31_205_1_e: Parent -- unallowable PR and advertising cost categories,P_31_205_1_e_1 ^ P_31_205_1_e_2 ^ P_31_205_1_e_3 ^ P_31_205_1_e_4 ^ P_31_205_1_e_5 ^ P_31_205_1_e_6 ^ P_31_205_1_e_7 ^ P_31_205_1_e_8,P_31_205_1,Conjunction (Conj): Rule 7,VALIDATED,PASS,PASS,Parent for unallowable categories. Conjunction because ALL listed categories are unallowable. Each item is independently unallowable.,HIGH
31,31.205-1(e)(1),P_31_205_1_e_1,"All public relations and advertising costs whose primary purpose is to promote the sale of products or services by stimulating interest in a product or product line (except for those costs made allowable under 31.205-38(b)(5)), or by disseminating messages calling favorable attention to the contractor for purposes of enhancing the company image to sell the company's products or services.",P_31_205_1_e_1_a: Primary purpose is product/service sales promotion; P_31_205_1_e_1_b: Exception for 31.205-38(b)(5); P_31_205_1_e_1_c: Disseminating favorable attention messages for sales,(Sales_Promotion_Purpose ^ ~P_31_205_38_b_5_Exception) v Favorable_Attention_For_Sales -> ~Allowable,P_31_205_1_e; P_31_205_38,Material Implication (Impl): Rule 15 [HIGH-RISK]; Negation (Neg): Rule 10; Addition (Add): Rule 8,PENDING_REVIEW,PASS,PASS,Unallowable if primary purpose is sales promotion (with exception) OR if disseminating favorable attention for sales. Exception for 31.205-38(b)(5) carved out via negation.,MEDIUM
31,31.205-1(e)(2),P_31_205_1_e_2,All costs of trade shows and other special events which do not contain a significant effort to promote the export sales of products normally sold to the Government.,P_31_205_1_e_2: Trade show/special event costs without significant export promotion effort are unallowable,Trade_Show_Costs ^ ~Significant_Export_Promotion -> ~Allowable,P_31_205_1_e,Material Implication (Impl): Rule 15 [HIGH-RISK]; Negation (Neg): Rule 10; Conjunction (Conj): Rule 7,PENDING_REVIEW,PASS,PASS,Conditional: IF trade show AND no significant export promotion effort THEN unallowable. Contrast with (c)(2) which allows those WITH significant export effort.,MEDIUM
31,31.205-1(e)(3),P_31_205_1_e_3,"Costs of sponsoring meetings, conventions, symposia, seminars, and other special events when the principal purpose of the event is other than dissemination of technical information or stimulation of production.",P_31_205_1_e_3: Sponsorship costs for events not primarily for technical dissemination or production stimulation are unallowable,Sponsor_Event ^ ~(Technical_Dissemination v Production_Stimulation) -> ~Allowable,P_31_205_1_e,Material Implication (Impl): Rule 15 [HIGH-RISK]; Negation (Neg): Rule 10,PENDING_REVIEW,PASS,PASS,Conditional: IF sponsoring event AND principal purpose is NOT technical dissemination or production stimulation THEN unallowable.,MEDIUM
31,31.205-1(e)(4),P_31_205_1_e_4,Costs of ceremonies such as corporate celebrations and new product announcements.,"P_31_205_1_e_4: Corporate ceremony costs (celebrations, product announcements) are unallowable",~Allowable_Corporate_Ceremony_Costs,P_31_205_1_e,Negation (Neg): Rule 10,VALIDATED,PASS,PASS,Flat prohibition. No conditions or exceptions stated.,HIGH
31,31.205-1(e)(5),P_31_205_1_e_5,"Costs of promotional material, motion pictures, videotapes, brochures, handouts, magazines, and other media that are designed to call favorable attention to the contractor and its activities.",P_31_205_1_e_5: Promotional material costs designed to favor contractor image are unallowable,Promotional_Material_For_Favorable_Attention -> ~Allowable,P_31_205_1_e,Material Implication (Impl): Rule 15 [HIGH-RISK]; Negation (Neg): Rule 10,PENDING_REVIEW,PASS,PASS,Conditional: IF promotional material designed to call favorable attention THEN unallowable.,MEDIUM
31,31.205-1(e)(6),P_31_205_1_e_6,"Costs of souvenirs, models, imprinted clothing, buttons, and other mementos provided to customers or the public.",P_31_205_1_e_6: Souvenir/memento costs for customers or public are unallowable,~Allowable_Memento_Costs,P_31_205_1_e,Negation (Neg): Rule 10,VALIDATED,PASS,PASS,Flat prohibition on memento costs. No conditions or exceptions.,HIGH
31,31.205-1(e)(7),P_31_205_1_e_7,Costs of memberships in civic and community organizations.,P_31_205_1_e_7: Civic/community organization membership costs are unallowable,~Allowable_Civic_Membership_Costs,P_31_205_1_e,Negation (Neg): Rule 10,VALIDATED,PASS,PASS,Flat prohibition. No conditions or exceptions.,HIGH
31,31.205-1(e)(8),P_31_205_1_e_8,Costs associated with the donation of excess food to nonprofit organizations in accordance with the 42 U.S.C. 1792 (see subpart 26.4).,P_31_205_1_e_8: Excess food donation costs per 42 U.S.C. 1792 are unallowable,~Allowable_Food_Donation_Costs,P_31_205_1_e,Negation (Neg): Rule 10,VALIDATED,PASS,PASS,Unallowable per statutory reference. Cross-reference to 42 U.S.C. 1792 and subpart 26.4.,HIGH
31,31.205-2,P_31_205_2,[Reserved],P_31_205_2: Reserved -- no current regulatory content,RESERVED,P_31_205,,VALIDATED,PASS,PASS,Reserved section. No content to extract. Logged and moved on per skeleton notes.,HIGH
31,31.205-3,P_31_205_3,"Bad debts, including actual or estimated losses arising from uncollectible accounts receivable due from customers and other claims, and any directly associated costs such as collection costs, and legal costs are unallowable.","P_31_205_3_a: Bad debts (actual or estimated losses from uncollectible receivables); P_31_205_3_b: Associated costs (collection, legal); P_31_205_3_c: All are unallowable",~Allowable_Bad_Debts ^ ~Allowable_Associated_Collection_Costs,P_31_205,Negation (Neg): Rule 10; Conjunction (Conj): Rule 7,VALIDATED,PASS,PASS,Flat prohibition on bad debts and all associated costs. No conditions or exceptions. Clear and unambiguous.,HIGH
31,31.205-4,P_31_205_4,31.205-4 Bonding costs. Prescribes allowability of bonding costs arising from Government or contractor requirements.,P_31_205_4_a: Context for bonding costs; P_31_205_4_b: Types of bonds; P_31_205_4_c: Contract-required bonding; P_31_205_4_d: Business-conduct bonding,P_31_205_4_a ^ P_31_205_4_b ^ P_31_205_4_c ^ P_31_205_4_d,P_31_205,Conjunction (Conj): Rule 7,VALIDATED,PASS,PASS,Parent proposition. All paragraphs define the bonding cost principle.,HIGH
31,31.205-4(a),P_31_205_4_a,Bonding costs arise when the Government requires assurance against financial loss to itself or others by reason of the act or default of the contractor or where the contractor requires similar assurance.,P_31_205_4_a: Bonding costs arise from Government or contractor assurance requirements against financial loss,Government_Requires_Assurance v Contractor_Requires_Assurance -> Bonding_Cost_Arises,P_31_205_4,Material Implication (Impl): Rule 15 [HIGH-RISK]; Addition (Add): Rule 8,PENDING_REVIEW,PASS,PASS,Definitional/contextual. Disjunctive trigger (Government OR contractor requires assurance). Establishes when bonding costs arise.,MEDIUM
31,31.205-4(b),P_31_205_4_b,"Government and contractor assurance includes such bonds as bid, performance, payment, advance payment, infringement, and fidelity bonds.","P_31_205_4_b: Bond types include bid, performance, payment, advance payment, infringement, and fidelity bonds",Assurance_Bonds = Bid v Performance v Payment v Advance_Payment v Infringement v Fidelity,P_31_205_4,Addition (Add): Rule 8,VALIDATED,PASS,PASS,"Definitional. Enumerates bond types using ""such as"" -- illustrative, not exhaustive.",HIGH
31,31.205-4(c),P_31_205_4_c,Costs of bonding required pursuant to the terms of the contract are allowable.,P_31_205_4_c: Contract-required bonding costs are allowable,Contract_Required_Bonding -> Allowable,P_31_205_4,Material Implication (Impl): Rule 15 [HIGH-RISK],PENDING_REVIEW,PASS,PASS,Conditional: IF bonding required by contract THEN allowable. Straightforward implication.,MEDIUM
31,31.205-4(d),P_31_205_4_d,Costs of bonding required by the contractor in the general conduct of its business are allowable to the extent that such bonding is in accordance with sound business practice and the rates and premiums are reasonable under the circumstances.,P_31_205_4_d_a: Contractor-required business bonding; P_31_205_4_d_b: Sound business practice; P_31_205_4_d_c: Reasonable rates and premiums,Contractor_Business_Bonding ^ Sound_Business_Practice ^ Reasonable_Rates -> Allowable,P_31_205_4,Material Implication (Impl): Rule 15 [HIGH-RISK]; Conjunction (Conj): Rule 7,PENDING_REVIEW,PASS,PASS,Conditional with multiple conjunctive conditions: bonding must be (1) for general business conduct AND (2) sound business practice AND (3) reasonable rates/premiums. All three required for allowability.,MEDIUM
31,31.205-5,P_31_205_5,[Reserved],P_31_205_5: Reserved -- no current regulatory content,RESERVED,P_31_205,,VALIDATED,PASS,PASS,Reserved section. No content to extract.,HIGH
31,31.205-6,P_31_205_6,"31.205-6 Compensation for personal services. Prescribes allowability principles for all forms of employee compensation including general requirements, reasonableness, form of payment, income tax differentials, bonuses, severance, backpay, stock-based compensation, pensions, deferred compensation, acquisition-related compensation, fringe benefits, rebate plans, postretirement benefits, compensation limits, and ESOPs.",P_31_205_6: Parent aggregating all compensation subsections (a) through (p),P_31_205_6_a ^ P_31_205_6_b ^ P_31_205_6_c ^ P_31_205_6_d ^ P_31_205_6_e ^ P_31_205_6_f ^ P_31_205_6_g ^ P_31_205_6_h ^ P_31_205_6_j ^ P_31_205_6_k ^ P_31_205_6_l ^ P_31_205_6_m ^ P_31_205_6_n ^ P_31_205_6_o ^ P_31_205_6_p,P_31_205,Conjunction (Conj): Rule 7,VALIDATED,PASS,PASS,Parent for all compensation cost principles. Note: paragraph (i) (pension costs) is mapped under skeleton IDs starting with h_3_i and h_1_v2+ due to parser nesting ambiguity. All subsections apply collectively.,HIGH
31,31.205-6(a),P_31_205_6_a,General. Compensation for personal services is allowable subject to the requirements of this cost principle in this section and the following: (a)(1) through (a)(6).,P_31_205_6_a: Parent -- compensation is allowable subject to six general requirements,Compensation_Allowable <-> (P_31_205_6_a_1 ^ P_31_205_6_a_2 ^ P_31_205_6_a_3 ^ P_31_205_6_a_4 ^ P_31_205_6_a_5 ^ P_31_205_6_a_6),P_31_205_6,Biconditional (Bicond): Rule 17; Conjunction (Conj): Rule 7,PENDING_REVIEW,PASS,PASS,"""Allowable subject to"" = conditional/biconditional. All six sub-requirements must be met. ""Subject to"" is treated as biconditional -- allowable IF AND ONLY IF all conditions met.",MEDIUM
31,31.205-6(a)(1),P_31_205_6_a_1,"Compensation for personal services must be for work performed by the employee in the current year and must not represent a retroactive adjustment of prior years' salaries or wages (except see paragraphs (f), (g), (i), (j), (l), and (n) of this section).",P_31_205_6_a_1_a: Must be for current year work; P_31_205_6_a_1_b: Must not be retroactive adjustment; P_31_205_6_a_1_c: Exceptions for (f)(g)(i)(j)(l)(n),Current_Year_Work ^ ~Retroactive_Adjustment ^ (Exception_f v Exception_g v Exception_i v Exception_j v Exception_l v Exception_n),P_31_205_6_a,Conjunction (Conj): Rule 7; Negation (Neg): Rule 10; Addition (Add): Rule 8,PENDING_REVIEW,PASS,PASS,"Two mandatory conditions (current year AND not retroactive) with six exceptions. ""Must"" = mandatory. ""Except see"" creates carve-outs for specific paragraphs.",MEDIUM
31,31.205-6(a)(2),P_31_205_6_a_2,The total compensation for individual employees or job classes of employees must be reasonable for the work performed (except as otherwise specified in this section).,P_31_205_6_a_2: Total compensation must be reasonable for work performed,Total_Compensation -> Reasonable_For_Work,P_31_205_6_a,Material Implication (Impl): Rule 15 [HIGH-RISK],PENDING_REVIEW,PASS,PASS,"""Must be reasonable"" = mandatory standard. ""Except as otherwise specified"" allows other section provisions to override.",MEDIUM
31,31.205-6(a)(3),P_31_205_6_a_3,"The compensation must be based upon and conform to the terms and conditions of the contractor's established compensation plan or practice followed so consistently as to imply, in effect, an agreement to make the payment.",P_31_205_6_a_3_a: Based on established compensation plan; P_31_205_6_a_3_b: Or practice followed consistently implying agreement,Established_Plan v Consistent_Practice_Implying_Agreement -> Allowable_Comp_Basis,P_31_205_6_a,Material Implication (Impl): Rule 15 [HIGH-RISK]; Addition (Add): Rule 8,PENDING_REVIEW,PASS,PASS,"Disjunctive basis: established plan OR consistent practice. ""So consistently as to imply"" is the standard for practice-based compensation.",MEDIUM
31,31.205-6(a)(4),P_31_205_6_a_4,"No presumption of allowability will exist where the contractor introduces major revisions of existing compensation plans or new plans and the contractor has not provided the cognizant administrative contracting officer, either before implementation or within a reasonable period after it, an opportunity to review the allowability of the changes.",P_31_205_6_a_4_a: Major revision or new plan introduced; P_31_205_6_a_4_b: ACO not provided review opportunity; P_31_205_6_a_4_c: No presumption of allowability,(Major_Revision v New_Plan) ^ ~ACO_Review_Opportunity -> ~Presumption_Of_Allowability,P_31_205_6_a,Material Implication (Impl): Rule 15 [HIGH-RISK]; Conjunction (Conj): Rule 7; Negation (Neg): Rule 10; Addition (Add): Rule 8,PENDING_REVIEW,PASS,PASS,"Conditional with negated consequent: IF major change AND no ACO review THEN no presumption. ""Either before or within a reasonable period"" defines the review window.",MEDIUM
31,31.205-6(a)(5),P_31_205_6_a_5,Costs that are unallowable under other paragraphs of subpart 31.2 are not allowable under this section solely on the basis that they constitute compensation for personal services.,P_31_205_6_a_5: Costs unallowable under other 31.2 provisions remain unallowable even if they constitute compensation,Unallowable_Under_31_2 -> ~Allowable_As_Compensation,P_31_205_6_a,Material Implication (Impl): Rule 15 [HIGH-RISK]; Negation (Neg): Rule 10,PENDING_REVIEW,PASS,PASS,Anti-circumvention rule. Cannot reclassify unallowable costs as compensation to make them allowable.,MEDIUM
31,31.205-6(a)(6),P_31_205_6_a_6,31.205-6(a)(6) -- introduces special consideration requirements for certain individuals.,P_31_205_6_a_6: Parent for special consideration of compensation for certain individuals,P_31_205_6_a_6_i ^ P_31_205_6_a_6_ii ^ P_31_205_6_a_6_iii,P_31_205_6_a,Conjunction (Conj): Rule 7,VALIDATED,PASS,PASS,Parent for (a)(6) sub-paragraphs covering special consideration individuals.,HIGH
31,31.205-6(a)(6)(i),P_31_205_6_a_6_i,"Compensation costs for certain individuals require special consideration, such individuals include-- (A) Owners of closely held corporations, members of limited liability companies, partners, sole proprietors, or members of their immediate families; and (B) Persons who are contractually committed to acquire a substantial financial interest in the contractor's enterprise.",P_31_205_6_a_6_i_A: Owners/members/partners/sole proprietors and their families; P_31_205_6_a_6_i_B: Persons acquiring substantial financial interest,(Owner_CloselyHeld v LLC_Member v Partner v SoleProp v Immediate_Family) v Acquiring_Substantial_Interest -> Special_Consideration_Required,P_31_205_6_a_6,Material Implication (Impl): Rule 15 [HIGH-RISK]; Addition (Add): Rule 8,PENDING_REVIEW,PASS,PASS,Identifies individuals requiring special compensation consideration. Disjunctive list of qualifying categories.,MEDIUM
31,31.205-6(a)(6)(ii),P_31_205_6_a_6_ii,"For these individuals, compensation must-- (A) Be reasonable for the personal services rendered; and (B) Not be a distribution of profits (which is not an allowable contract cost).",P_31_205_6_a_6_ii_A: Compensation reasonable for services; P_31_205_6_a_6_ii_B: Not a profit distribution,Special_Individual -> (Reasonable_For_Services ^ ~Profit_Distribution),P_31_205_6_a_6,Material Implication (Impl): Rule 15 [HIGH-RISK]; Conjunction (Conj): Rule 7; Negation (Neg): Rule 10,PENDING_REVIEW,PASS,PASS,For identified individuals: two conjunctive requirements. Must be reasonable AND must not be profit distribution.,MEDIUM
31,31.205-6(a)(6)(iii),P_31_205_6_a_6_iii,"For owners of closely held companies, compensation in excess of the costs that are deductible as compensation under the Internal Revenue Code (26 U.S.C.) and regulations under it is unallowable.","P_31_205_6_a_6_iii: For closely held company owners, compensation exceeding IRC deductibility limits is unallowable",Owner_CloselyHeld ^ Compensation_Exceeds_IRC_Limit -> ~Allowable,P_31_205_6_a_6,Material Implication (Impl): Rule 15 [HIGH-RISK]; Conjunction (Conj): Rule 7; Negation (Neg): Rule 10,PENDING_REVIEW,PASS,PASS,Specific cap for closely held company owners tied to IRC deductibility limits. Excess over that threshold is categorically unallowable.,MEDIUM
31,31.205-6(b),P_31_205_6_b,"Reasonableness. Establishes standards for determining whether compensation is reasonable, covering both labor-management agreement and non-agreement contexts.",P_31_205_6_b: Parent for reasonableness standards,P_31_205_6_b_1 ^ P_31_205_6_b_2,P_31_205_6,Conjunction (Conj): Rule 7,VALIDATED,PASS,PASS,Parent for reasonableness provisions covering two contexts: labor-management agreements and non-agreement compensation.,HIGH
31,31.205-6(b)(1),P_31_205_6_b_1,Compensation pursuant to labor-management agreements. Costs of compensation established under arm's length labor-management agreements negotiated under the terms of the National Labor Relations Act or similar state statutes are allowable and reasonable unless the costs are unwarranted by the character and circumstances of the work or discriminatory against the Government.,P_31_205_6_b_1_a: LM agreement compensation is allowable/reasonable; P_31_205_6_b_1_b: Exception for unwarranted costs; P_31_205_6_b_1_c: Exception for discriminatory costs,Arms_Length_LM_Agreement ^ ~Unwarranted ^ ~Discriminatory_Against_Govt -> Allowable_And_Reasonable,P_31_205_6_b,Material Implication (Impl): Rule 15 [HIGH-RISK]; Conjunction (Conj): Rule 7; Negation (Neg): Rule 10,PENDING_REVIEW,PASS,PASS,Presumption of allowability for NLRA-negotiated agreements UNLESS unwarranted or discriminatory. Two exception conditions negate the presumption.,MEDIUM
31,31.205-6(b)(1)(i),P_31_205_6_b_1_i,"The terms of a labor-management agreement designed to apply to a given set of circumstances and conditions of employment (e.g., work involving extremely hazardous activities or work not requiring recurrent use of overtime) is unwarranted when applied to a Government contract involving significantly different circumstances and conditions of employment (e.g., work involving less hazardous activities or work continually requiring use of overtime).",P_31_205_6_b_1_i: LM agreement terms are unwarranted when applied to Government contracts with significantly different circumstances,LM_Terms_For_Context_A ^ Govt_Contract_Significantly_Different_Context -> Unwarranted,P_31_205_6_b_1,Material Implication (Impl): Rule 15 [HIGH-RISK]; Conjunction (Conj): Rule 7,PENDING_REVIEW,PASS,PASS,"Defines ""unwarranted"": agreement designed for one set of circumstances is unwarranted when applied to significantly different Government contract circumstances.",MEDIUM
31,31.205-6(b)(1)(ii),P_31_205_6_b_1_ii,"A cost is discriminatory against the Government if it results in employee compensation, in whatever form, in excess of that being paid for similar non-Government work under comparable circumstances.",P_31_205_6_b_1_ii: Cost is discriminatory if compensation exceeds comparable non-Government work,Compensation_Exceeds_Comparable_NonGovt -> Discriminatory_Against_Govt,P_31_205_6_b_1,Material Implication (Impl): Rule 15 [HIGH-RISK],PENDING_REVIEW,PASS,PASS,"Defines ""discriminatory against the Government"": compensation exceeds what is paid for similar non-Government work.",MEDIUM
31,31.205-6(b)(2),P_31_205_6_b_2,Compensation not covered by labor-management agreements. Standards for reasonableness of compensation outside LM agreements.,P_31_205_6_b_2: Parent for non-LM agreement compensation reasonableness,P_31_205_6_b_2_i ^ P_31_205_6_b_2_ii,P_31_205_6_b,Conjunction (Conj): Rule 7,VALIDATED,PASS,PASS,Parent for non-LM compensation reasonableness criteria.,HIGH
31,31.205-6(b)(2)(i),P_31_205_6_b_2_i,"Compensation for each employee or job class of employees must be reasonable for the work performed. Compensation is reasonable if the aggregate of each measurable and allowable element amounts to a reasonable total. In determining the reasonableness of total compensation, consider only allowable individual elements of compensation.",P_31_205_6_b_2_i_a: Must be reasonable for work; P_31_205_6_b_2_i_b: Aggregate of allowable elements must be reasonable total; P_31_205_6_b_2_i_c: Only allowable elements considered,Reasonable_For_Work ^ Aggregate_Allowable_Elements_Reasonable ^ Only_Allowable_Considered,P_31_205_6_b_2,Conjunction (Conj): Rule 7,VALIDATED,PASS,PASS,Three conjunctive standards for non-LM compensation reasonableness. All must be satisfied.,HIGH
31,31.205-6(b)(2)(ii),P_31_205_6_b_2_ii,"In addition to the requirements of section 31.201-3, in determining the reasonableness of compensation for particular employees or job classes of employees, consider factors that may be relevant including, but not limited to, conformity with compensation practices of other firms-- (A) Of the same size; (B) In the same industry; (C) In the same geographic area; and (D) Engaged in similar non-Government work under comparable circumstances.",P_31_205_6_b_2_ii_a: Consider practices of same-size firms; P_31_205_6_b_2_ii_b: Same industry; P_31_205_6_b_2_ii_c: Same geographic area; P_31_205_6_b_2_ii_d: Similar non-Government work,Reasonableness_Determination -> Consider(Same_Size ^ Same_Industry ^ Same_Area ^ Similar_NonGovt_Work),P_31_205_6_b_2; P_31_201_3,Material Implication (Impl): Rule 15 [HIGH-RISK]; Conjunction (Conj): Rule 7,PENDING_REVIEW,PASS,PASS,"Factors to consider when determining reasonableness. ""Including but not limited to"" means illustrative, not exhaustive. Cross-reference to 31.201-3.",MEDIUM
31,31.205-6(c),P_31_205_6_c,Form of payment. Covers forms of compensation and valuation rules for securities-based payment.,P_31_205_6_c: Parent for compensation form and valuation rules,P_31_205_6_c_1 ^ P_31_205_6_c_2,P_31_205_6,Conjunction (Conj): Rule 7,VALIDATED,PASS,PASS,Parent for form-of-payment provisions.,HIGH
31,31.205-6(c)(1),P_31_205_6_c_1,"Compensation for personal services includes compensation paid, or to be paid, to employees in the form of-- (i) Cash; (ii) Corporate securities; or (iii) Other assets, products, or services.",P_31_205_6_c_1: Parent -- three forms of compensation,P_31_205_6_c_1_i v P_31_205_6_c_1_ii v P_31_205_6_c_1_iii,P_31_205_6_c,Addition (Add): Rule 8,VALIDATED,PASS,PASS,Disjunctive: compensation can be in any of three forms.,HIGH
31,31.205-6(c)(1)(i),P_31_205_6_c_1_i,Cash.,P_31_205_6_c_1_i: Cash compensation,Compensation_Form_Cash,P_31_205_6_c_1,Conjunction (Conj): Rule 7,VALIDATED,PASS,PASS,Atomic. Cash as form of compensation.,HIGH
31,31.205-6(c)(1)(ii),P_31_205_6_c_1_ii,"Corporate securities, such as stocks, bonds, and other financial instruments (see paragraph (c)(2) of this section regarding valuation).",P_31_205_6_c_1_ii: Securities-based compensation with valuation cross-reference,Compensation_Form_Securities,P_31_205_6_c_1,Conjunction (Conj): Rule 7,VALIDATED,PASS,PASS,Atomic. Securities as form of compensation. Cross-references (c)(2) for valuation rules.,HIGH
31,31.205-6(c)(1)(iii),P_31_205_6_c_1_iii,"Other assets, products, or services.","P_31_205_6_c_1_iii: Other non-cash, non-securities compensation",Compensation_Form_Other_Assets,P_31_205_6_c_1,Conjunction (Conj): Rule 7,VALIDATED,PASS,PASS,Atomic. Catch-all for non-cash/non-securities compensation.,HIGH
31,31.205-6(c)(2),P_31_205_6_c_2,"When compensation is paid with securities of the contractor or of an affiliate, the following additional restrictions apply: (i) and (ii).",P_31_205_6_c_2: Parent -- additional restrictions for securities-based compensation,Securities_Compensation -> (P_31_205_6_c_2_i ^ P_31_205_6_c_2_ii),P_31_205_6_c,Material Implication (Impl): Rule 15 [HIGH-RISK]; Conjunction (Conj): Rule 7,PENDING_REVIEW,PASS,PASS,Conditional: IF paying with securities THEN both restrictions apply.,MEDIUM
31,31.205-6(c)(2)(i),P_31_205_6_c_2_i,"Valuation placed on the securities is the fair market value on the first date the number of shares awarded is known, determined upon the most objective basis available.","P_31_205_6_c_2_i: Securities valued at FMV on date shares awarded are known, most objective basis",Securities_Valuation = FMV_On_Award_Date ^ Most_Objective_Basis,P_31_205_6_c_2,Conjunction (Conj): Rule 7,VALIDATED,PASS,PASS,Mandatory valuation rule. Two conjunctive elements: FMV on specific date AND most objective basis.,HIGH
31,31.205-6(c)(2)(ii),P_31_205_6_c_2_ii,Accruals for the cost of securities before issuing the securities to the employees are subject to adjustment according to the possibilities that the employees will not receive the securities and that their interest in the accruals will be forfeited.,P_31_205_6_c_2_ii: Pre-issuance accruals must be adjusted for forfeiture risk,Pre_Issuance_Accrual -> Adjust_For_Forfeiture_Risk,P_31_205_6_c_2,Material Implication (Impl): Rule 15 [HIGH-RISK],PENDING_REVIEW,PASS,PASS,Conditional: accruals before issuance require adjustment for non-receipt and forfeiture possibilities.,MEDIUM
31,31.205-6(d),P_31_205_6_d,Income tax differential pay. Covers allowability of differential allowances for income tax consequences of assignments.,P_31_205_6_d: Parent for income tax differential pay,P_31_205_6_d_1 ^ P_31_205_6_d_2 ^ P_31_205_6_d_3,P_31_205_6,Conjunction (Conj): Rule 7,VALIDATED,PASS,PASS,Parent for three income tax differential provisions.,HIGH
31,31.205-6(d)(1),P_31_205_6_d_1,Differential allowances for additional income taxes resulting from foreign assignments are allowable.,P_31_205_6_d_1: Foreign assignment tax differentials are allowable,Foreign_Assignment_Tax_Differential -> Allowable,P_31_205_6_d,Material Implication (Impl): Rule 15 [HIGH-RISK],PENDING_REVIEW,PASS,PASS,Conditional: foreign assignment differentials = allowable.,MEDIUM
31,31.205-6(d)(2),P_31_205_6_d_2,Differential allowances for additional income taxes resulting from domestic assignments are unallowable.,P_31_205_6_d_2: Domestic assignment tax differentials are unallowable,Domestic_Assignment_Tax_Differential -> ~Allowable,P_31_205_6_d,Material Implication (Impl): Rule 15 [HIGH-RISK]; Negation (Neg): Rule 10,PENDING_REVIEW,PASS,PASS,Prohibition: domestic differentials are unallowable. Clear contrast with (d)(1).,MEDIUM
31,31.205-6(d)(3),P_31_205_6_d_3,Payments for increased employee income or Federal Insurance Contributions Act taxes incident to allowable reimbursed relocation costs are allowable under 31.205-35(a)(10).,P_31_205_6_d_3: FICA/income tax increases from allowable relocation costs are allowable per 31.205-35(a)(10),Allowable_Relocation ^ Incident_Tax_Increase -> Allowable,P_31_205_6_d; P_31_205_35,Material Implication (Impl): Rule 15 [HIGH-RISK]; Conjunction (Conj): Rule 7,PENDING_REVIEW,PASS,PASS,Conditional: IF relocation is allowable AND tax increase is incident to it THEN allowable. Cross-reference to 31.205-35(a)(10).,MEDIUM
31,31.205-6(e),P_31_205_6_e,Bonuses and incentive compensation. Allowability criteria for bonus and incentive payments.,P_31_205_6_e: Parent for bonus/incentive compensation rules,P_31_205_6_e_1 ^ P_31_205_6_e_2,P_31_205_6,Conjunction (Conj): Rule 7,VALIDATED,PASS,PASS,Parent for bonus/incentive provisions.,HIGH
31,31.205-6(e)(1),P_31_205_6_e_1,Bonuses and incentive compensation are allowable if the-- (i) Awards are paid or accrued under an agreement entered into in good faith before the services are rendered or pursuant to an established plan or policy followed so consistently as to imply an agreement; and (ii) Basis for the award is supported.,P_31_205_6_e_1: Parent -- two conditions for allowable bonuses,P_31_205_6_e_1_i ^ P_31_205_6_e_1_ii -> Allowable_Bonus,P_31_205_6_e,Material Implication (Impl): Rule 15 [HIGH-RISK]; Conjunction (Conj): Rule 7,PENDING_REVIEW,PASS,PASS,Conditional: bonuses allowable IF both conditions met (good faith agreement/plan AND basis supported).,MEDIUM
31,31.205-6(e)(1)(i),P_31_205_6_e_1_i,Awards are paid or accrued under an agreement entered into in good faith between the contractor and the employees before the services are rendered or pursuant to an established plan or policy followed by the contractor so consistently as to imply an agreement to make such payment.,P_31_205_6_e_1_i: Awards under good faith pre-service agreement or consistent established plan/policy,(Good_Faith_Agreement_Before_Services v Consistent_Established_Plan) -> Award_Basis_Valid,P_31_205_6_e_1,Material Implication (Impl): Rule 15 [HIGH-RISK]; Addition (Add): Rule 8,PENDING_REVIEW,PASS,PASS,Disjunctive basis: either good faith pre-service agreement OR consistently followed plan/policy.,MEDIUM
31,31.205-6(e)(1)(ii),P_31_205_6_e_1_ii,Basis for the award is supported.,P_31_205_6_e_1_ii: Award basis must be supported/documented,Award_Basis_Supported,P_31_205_6_e_1,Conjunction (Conj): Rule 7,VALIDATED,PASS,PASS,Atomic requirement. Basis must be supported -- implies documentation.,HIGH
31,31.205-6(e)(2),P_31_205_6_e_2,"When the bonus and incentive compensation payments are deferred, the costs are subject to the requirements of paragraphs (e)(1) and (j) of this section.",P_31_205_6_e_2: Deferred bonus costs must meet (e)(1) and (j) requirements,Deferred_Bonus -> (P_31_205_6_e_1 ^ P_31_205_6_j),P_31_205_6_e,Material Implication (Impl): Rule 15 [HIGH-RISK]; Conjunction (Conj): Rule 7,PENDING_REVIEW,PASS,PASS,Conditional: IF deferred THEN both (e)(1) bonus conditions AND (j) deferred compensation rules apply.,MEDIUM
31,31.205-6(f),P_31_205_6_f,"Severance pay. Covers allowability of severance payments including normal turnover, abnormal/mass, and foreign national severance.",P_31_205_6_f: Parent for severance pay provisions,P_31_205_6_f_1 ^ P_31_205_6_f_2 ^ P_31_205_6_f_3 ^ P_31_205_6_f_4 ^ P_31_205_6_f_5 ^ P_31_205_6_f_6,P_31_205_6,Conjunction (Conj): Rule 7,VALIDATED,PASS,PASS,Parent for all severance pay provisions.,HIGH
31,31.205-6(f)(1),P_31_205_6_f_1,"Severance pay is a payment, in addition to regular salaries and wages, by contractors to workers whose employment is being involuntarily terminated. (See paragraph (i)(6) of this section for payments for early retirement incentive plans).",P_31_205_6_f_1: Definition -- severance pay is additional payment for involuntary termination,Severance_Pay = Additional_Payment ^ Involuntary_Termination,P_31_205_6_f,Conjunction (Conj): Rule 7,VALIDATED,PASS,PASS,Definitional. Cross-reference to (i)(6) for early retirement incentives.,HIGH
31,31.205-6(f)(2),P_31_205_6_f_2,Severance pay is allowable only if it is required by-- (i) through (iv).,P_31_205_6_f_2: Severance allowable only if required by one of four sources,Severance_Allowable <-> (P_31_205_6_f_2_i v P_31_205_6_f_2_ii v P_31_205_6_f_2_iii v P_31_205_6_f_2_iv),P_31_205_6_f,Biconditional (Bicond): Rule 17; Addition (Add): Rule 8,PENDING_REVIEW,PASS,PASS,"""Only if"" = biconditional. Severance is allowable IF AND ONLY IF required by one of four sources.",MEDIUM
31,31.205-6(f)(2)(i),P_31_205_6_f_2_i,Law.,P_31_205_6_f_2_i: Required by law,Required_By_Law,P_31_205_6_f_2,Conjunction (Conj): Rule 7,VALIDATED,PASS,PASS,Atomic. Severance required by law.,HIGH
31,31.205-6(f)(2)(ii),P_31_205_6_f_2_ii,Employer-employee agreement.,P_31_205_6_f_2_ii: Required by employer-employee agreement,Required_By_Agreement,P_31_205_6_f_2,Conjunction (Conj): Rule 7,VALIDATED,PASS,PASS,Atomic. Severance required by agreement.,HIGH
31,31.205-6(f)(2)(iii),P_31_205_6_f_2_iii,Established policy that constitutes an implied agreement on the contractor's part.,P_31_205_6_f_2_iii: Required by established policy implying agreement,Established_Policy_Implying_Agreement,P_31_205_6_f_2,Conjunction (Conj): Rule 7,VALIDATED,PASS,PASS,Atomic. Established policy constituting implied agreement.,HIGH
31,31.205-6(f)(2)(iv),P_31_205_6_f_2_iv,Circumstances of the particular employment.,P_31_205_6_f_2_iv: Required by circumstances of particular employment,Required_By_Employment_Circumstances,P_31_205_6_f_2,Conjunction (Conj): Rule 7,VALIDATED,PASS,PASS,Atomic. Broadest category -- circumstances may require severance.,HIGH
31,31.205-6(f)(3),P_31_205_6_f_3,"Payments made in the event of employment with a replacement contractor where continuity of employment with credit for prior length of service is preserved under substantially equal conditions of employment, or continued employment by the contractor at another facility, subsidiary, affiliate, or parent company of the contractor are not severance pay and are unallowable.",P_31_205_6_f_3_a: Continuity with replacement contractor; P_31_205_6_f_3_b: Continued employment at other facility/entity; P_31_205_6_f_3_c: Such payments are not severance and are unallowable,(Employment_Continuity_With_Replacement v Continued_Employment_Other_Facility) -> (~Severance_Pay ^ ~Allowable),P_31_205_6_f,Material Implication (Impl): Rule 15 [HIGH-RISK]; Conjunction (Conj): Rule 7; Negation (Neg): Rule 10; Addition (Add): Rule 8,PENDING_REVIEW,PASS,PASS,"If employment continues (with replacement or at other facility), payments are categorically not severance and not allowable.",MEDIUM
31,31.205-6(f)(4),P_31_205_6_f_4,31.205-6(f)(4) -- allocation and accrual rules for normal turnover severance.,P_31_205_6_f_4: Parent for normal turnover severance allocation/accrual rules,P_31_205_6_f_4_i ^ P_31_205_6_f_4_ii,P_31_205_6_f,Conjunction (Conj): Rule 7,VALIDATED,PASS,PASS,Parent for (f)(4) sub-paragraphs.,HIGH
31,31.205-6(f)(4)(i),P_31_205_6_f_4_i,Actual normal turnover severance payments must be allocated to all work performed in the contractor's plant.,P_31_205_6_f_4_i: Normal turnover severance must be allocated to all plant work,Normal_Turnover_Severance -> Allocate_To_All_Plant_Work,P_31_205_6_f_4,Material Implication (Impl): Rule 15 [HIGH-RISK],PENDING_REVIEW,PASS,PASS,"""Must"" = mandatory allocation to all plant work, not just Government work.",MEDIUM
31,31.205-6(f)(4)(ii),P_31_205_6_f_4_ii,"If the contractor uses the accrual method to account for normal turnover severance payments, that method will be acceptable if the amount of the accrual is-- (A) Reasonable in light of payments actually made for normal severances over a representative past period; and (B) Allocated to all work performed in the contractor's plant.",P_31_205_6_f_4_ii_A: Accrual reasonable vs. actual payments; P_31_205_6_f_4_ii_B: Allocated to all plant work,Accrual_Method ^ Reasonable_Vs_Actual ^ Allocate_All_Plant_Work -> Acceptable,P_31_205_6_f_4,Material Implication (Impl): Rule 15 [HIGH-RISK]; Conjunction (Conj): Rule 7,PENDING_REVIEW,PASS,PASS,Conditional: IF accrual method AND reasonable AND allocated to all work THEN acceptable. Three conjunctive conditions.,MEDIUM
31,31.205-6(f)(5),P_31_205_6_f_5,"Abnormal or mass severance pay is of such a hypothetical nature that accruals for this purpose are not allowable; however, the Government will consider allowability on a case-by-case basis.",P_31_205_6_f_5_a: Accruals for abnormal/mass severance are unallowable; P_31_205_6_f_5_b: Case-by-case consideration possible,~Allowable_Abnormal_Severance_Accrual ^ (Case_By_Case_Review -> (Allowable v ~Allowable)),P_31_205_6_f,Negation (Neg): Rule 10; Tautology (Taut): Rule 18,PENDING_REVIEW,PASS,PASS,"Prohibition on accruals with discretionary case-by-case exception. ""Will consider"" = discretionary, represented as tautology.",MEDIUM
31,31.205-6(f)(6),P_31_205_6_f_6,31.205-6(f)(6) -- foreign national severance pay limitations.,P_31_205_6_f_6: Parent for foreign national severance limitations,P_31_205_6_f_6_i ^ P_31_205_6_f_6_ii,P_31_205_6_f,Conjunction (Conj): Rule 7,VALIDATED,PASS,PASS,Parent for (f)(6) foreign national severance provisions.,HIGH
31,31.205-6(f)(6)(i),P_31_205_6_f_6_i,"In accordance with 10 U.S.C. 3744(a)(13) and 41 U.S.C. 4304(a)(13) the costs of severance payments to foreign nationals employed under a service contract performed outside the United States are unallowable to the extent that such payments exceed amounts typically paid to employees providing similar services in the same industry in the United States. Further, in accordance with 10 U.S.C. 3744(a)(14), 41 U.S.C. 4304(a)(14) and 10 U.S.C. 1592, all such costs of severance payments that are otherwise allowable are unallowable if the termination of employment of the foreign national is the result of the closing of, or the curtailment of activities at, a United States facility in that country at the request of the government of that country; this does not apply if the closing of a facility or curtailment of activities is made pursuant to a status-of-forces or other country-to-country agreement.",P_31_205_6_f_6_i_a: Foreign national severance exceeding US comparable is unallowable; P_31_205_6_f_6_i_b: Unallowable if termination from host-government-requested facility closure; P_31_205_6_f_6_i_c: SOFA exception,(Foreign_Nat_Severance ^ Exceeds_US_Comparable -> ~Allowable) ^ (Host_Govt_Closure ^ ~SOFA_Agreement -> ~Allowable),P_31_205_6_f_6,Material Implication (Impl): Rule 15 [HIGH-RISK]; Conjunction (Conj): Rule 7; Negation (Neg): Rule 10,PENDING_REVIEW,PASS,PASS,"Two separate statutory limitations on foreign national severance. First caps at US comparable levels. Second prohibits if host government requested closure, with SOFA exception. Complex multi-statutory provision.",LOW
31,31.205-6(f)(6)(ii),P_31_205_6_f_6_ii,10 U.S.C. 3744(b) and 41 U.S.C. 4304(b) permit the head of the agency to waive these cost allowability limitations under certain circumstances (see 37.113 and the solicitation provision at 52.237-8).,P_31_205_6_f_6_ii: Agency head may waive foreign national severance limitations,Agency_Head_Waiver -> (P_31_205_6_f_6_i_Limitations_Waived v ~P_31_205_6_f_6_i_Limitations_Waived),P_31_205_6_f_6; EXT:37.113; EXT:52.237-8,Material Implication (Impl): Rule 15 [HIGH-RISK]; Tautology (Taut): Rule 18,PENDING_REVIEW,PASS,PASS,"""Permit"" = discretionary authority. Tautology represents agency head discretion. Cross-references to 37.113 and 52.237-8.",MEDIUM
31,31.205-6(g),P_31_205_6_g,Backpay. Backpay is a retroactive adjustment of prior years' salaries or wages and is unallowable except payments to the following: (g)(1) through (g)(3).,P_31_205_6_g: Backpay is unallowable except for three enumerated exceptions,~Allowable_Backpay ^ (P_31_205_6_g_1 v P_31_205_6_g_2 v P_31_205_6_g_3),P_31_205_6,Negation (Neg): Rule 10; Addition (Add): Rule 8,PENDING_REVIEW,PASS,PASS,"General prohibition with three disjunctive exceptions. ""Except"" creates carve-outs.",MEDIUM
31,31.205-6(g)(1),P_31_205_6_g_1,"Employees resulting from underpaid work actually performed are allowable, if required by a negotiated settlement, order, or court decree.",P_31_205_6_g_1: Backpay for underpaid work is allowable if required by settlement/order/decree,Underpaid_Work ^ (Negotiated_Settlement v Order v Court_Decree) -> Allowable_Backpay,P_31_205_6_g,Material Implication (Impl): Rule 15 [HIGH-RISK]; Conjunction (Conj): Rule 7; Addition (Add): Rule 8,PENDING_REVIEW,PASS,PASS,Conditional: underpaid work AND required by settlement/order/decree. Two conjunctive conditions with disjunctive authority source.,MEDIUM
31,31.205-6(g)(2),P_31_205_6_g_2,Union employees for the difference in their past and current wage rates for working without a contract or labor agreement during labor management negotiation are allowable.,P_31_205_6_g_2: Union backpay for wage rate difference during no-contract period is allowable,Union_Employee ^ Working_Without_Contract ^ Wage_Rate_Difference -> Allowable_Backpay,P_31_205_6_g,Material Implication (Impl): Rule 15 [HIGH-RISK]; Conjunction (Conj): Rule 7,PENDING_REVIEW,PASS,PASS,Conditional: union employees working without contract during negotiation get backpay for wage difference.,MEDIUM
31,31.205-6(g)(3),P_31_205_6_g_3,Nonunion employees based upon results of union agreement negotiation are allowable only if-- (i) or (ii).,P_31_205_6_g_3: Nonunion backpay from union negotiation results -- allowable only if one of two conditions met,Nonunion_Backpay_From_Union_Negotiation ^ (P_31_205_6_g_3_i v P_31_205_6_g_3_ii) -> Allowable_Backpay,P_31_205_6_g,Material Implication (Impl): Rule 15 [HIGH-RISK]; Conjunction (Conj): Rule 7; Addition (Add): Rule 8,PENDING_REVIEW,PASS,PASS,"""Only if"" with disjunctive conditions. Nonunion backpay allowable only if formal agreement OR established policy.",MEDIUM
31,31.205-6(g)(3)(i),P_31_205_6_g_3_i,A formal agreement or understanding exists between management and the employees concerning these payments.,P_31_205_6_g_3_i: Formal agreement/understanding exists for nonunion backpay,Formal_Agreement_For_Nonunion_Backpay,P_31_205_6_g_3,Conjunction (Conj): Rule 7,VALIDATED,PASS,PASS,Atomic. One of two conditions for nonunion backpay allowability.,HIGH
31,31.205-6(g)(3)(ii),P_31_205_6_g_3_ii,An established policy or practice exists and is followed by the contractor so consistently as to imply an agreement to make such payments.,P_31_205_6_g_3_ii: Established policy/practice consistently followed implying agreement,Established_Policy_Consistently_Followed,P_31_205_6_g_3,Conjunction (Conj): Rule 7,VALIDATED,PASS,PASS,"Atomic. Second condition for nonunion backpay. Same ""consistently as to imply"" standard used elsewhere in 31.205-6.",HIGH
31,31.205-6(h),P_31_205_6_h,"Compensation based on changes in the prices of corporate securities or corporate security ownership, such as stock options, stock appreciation rights, phantom stock plans, and junior stock conversions is unallowable as follows: (h)(1) through (h)(3).",P_31_205_6_h: Parent -- stock/securities-based compensation is unallowable,P_31_205_6_h_1 ^ P_31_205_6_h_2 ^ P_31_205_6_h_3,P_31_205_6,Conjunction (Conj): Rule 7; Negation (Neg): Rule 10,VALIDATED,PASS,PASS,Parent prohibition on securities-based compensation. Three categories all unallowable.,HIGH
31,31.205-6(h)(1),P_31_205_6_h_1,"Any compensation which is calculated, or valued, based on changes in the price of corporate securities.",P_31_205_6_h_1: Compensation based on security price changes is unallowable,Comp_Based_On_Security_Price_Changes -> ~Allowable,P_31_205_6_h,Material Implication (Impl): Rule 15 [HIGH-RISK]; Negation (Neg): Rule 10,PENDING_REVIEW,PASS,PASS,Flat prohibition. Any compensation calculated or valued based on security price changes.,MEDIUM
31,31.205-6(h)(2),P_31_205_6_h_2,Any compensation represented by dividend payments or which is calculated based on dividend payments.,P_31_205_6_h_2: Dividend-based compensation is unallowable,Comp_Based_On_Dividends -> ~Allowable,P_31_205_6_h,Material Implication (Impl): Rule 15 [HIGH-RISK]; Negation (Neg): Rule 10,PENDING_REVIEW,PASS,PASS,Flat prohibition on dividend-based compensation.,MEDIUM
31,31.205-6(h)(3),P_31_205_6_h_3,"Contractor payments to an employee in lieu of the employee receiving or exercising a right, option, or benefit that would have been unallowable under this paragraph (h).",P_31_205_6_h_3: Payments in lieu of unallowable security-based rights are also unallowable,Payment_In_Lieu_Of_Unallowable_Security_Right -> ~Allowable,P_31_205_6_h,Material Implication (Impl): Rule 15 [HIGH-RISK]; Negation (Neg): Rule 10,PENDING_REVIEW,PASS,PASS,Anti-circumvention: cannot substitute cash payments for what would be unallowable security-based compensation.,MEDIUM
31,31.205-6(i),P_31_205_6_h_3_i,"Pension costs. (Parent for pension cost provisions including defined-benefit, defined-contribution, pay-as-you-go, and early retirement incentive plans.)",P_31_205_6_h_3_i: Parent for pension cost principles,P_31_205_6_h_1_v2 ^ P_31_205_6_h_1_i ^ P_31_205_6_h_1_ii ^ P_31_205_6_h_2_v2 ^ P_31_205_6_h_3_v2 ^ P_31_205_6_h_4 ^ P_31_205_6_h_5 ^ P_31_205_6_h_6,P_31_205_6_h_3,Conjunction (Conj): Rule 7,PENDING_REVIEW,PASS,PASS,"VERIFY_NESTING CORRECTED: This is 31.205-6(i), not (h)(3)(i). The skeleton parser misidentified paragraph (i) as a sub-paragraph of (h)(3). Actual section is 31.205-6(i) Pension costs. Parent for all pension provisions.",MEDIUM
31,31.205-6(i)(1),P_31_205_6_h_1_v2,Pension plans are normally segregated into two types of plans: defined-benefit and defined-contribution pension plans.,P_31_205_6_h_1_v2: Two types of pension plans -- defined-benefit and defined-contribution,Pension_Plans = Defined_Benefit v Defined_Contribution,P_31_205_6_h_1,Addition (Add): Rule 8,VALIDATED,PASS,PASS,VERIFY_NESTING CORRECTED: Actual section is 31.205-6(i)(1). Definitional -- two disjunctive plan types.,HIGH
31,31.205-6(i)(1)(i),P_31_205_6_h_1_i,"The contractor must measure, assign, and allocate the costs of defined-benefit pension plans and the costs of defined-contribution pension plans in accordance with 48 CFR 9904.412 and 48 CFR 9904.413.",P_31_205_6_h_1_i: Contractor must measure/assign/allocate pension costs per CAS 412 and 413,DB_Pension_Costs ^ DC_Pension_Costs -> Measure_Assign_Allocate_Per_CAS_412_413,P_31_205_6_h_1,Material Implication (Impl): Rule 15 [HIGH-RISK]; Conjunction (Conj): Rule 7,PENDING_REVIEW,PASS,PASS,VERIFY_NESTING CORRECTED: Actual section is 31.205-6(i)(1)(i). Mandatory CAS compliance for all pension costs.,MEDIUM
31,31.205-6(i)(1)(ii),P_31_205_6_h_1_ii,Pension costs are allowable subject to the referenced standards and the cost limitations and exclusions in this section.,P_31_205_6_h_1_ii: Pension costs allowable subject to CAS standards and section limitations,CAS_Standards_Met ^ Section_Limitations_Met -> Pension_Costs_Allowable,P_31_205_6_h_1,Material Implication (Impl): Rule 15 [HIGH-RISK]; Conjunction (Conj): Rule 7,PENDING_REVIEW,PASS,PASS,VERIFY_NESTING CORRECTED: Actual section is 31.205-6(i)(1)(ii). General allowability subject to dual conditions.,MEDIUM
31,31.205-6(i)(2),P_31_205_6_h_2_v2,Defined-benefit pension plans. The cost limitations and exclusions pertaining to defined-benefit plans are as follows: (i) through (v) plus (3) pension adjustments.,P_31_205_6_h_2_v2: Parent for defined-benefit pension plan cost limitations,P_31_205_6_h_2_i ^ P_31_205_6_h_2_ii ^ P_31_205_6_h_2_iii ^ P_31_205_6_h_2_iv ^ P_31_205_6_h_2_v ^ P_31_205_6_h_3_v2,P_31_205_6_h_2,Conjunction (Conj): Rule 7,PENDING_REVIEW,PASS,PASS,VERIFY_NESTING CORRECTED: Actual section is 31.205-6(i)(2). Parent for defined-benefit cost limitations and exclusions.,MEDIUM
31,31.205-6(i)(2)(i),P_31_205_6_h_2_i,Defined-benefit plan funding requirements: (A) Qualified plans -- costs assigned to current period but not funded are unallowable in subsequent years (except tax return timing). (B) Nonqualified plans -- allowable costs limited per CAS 9904.412-50(d)(2). (C) Nonqualified pay-as-you-go -- limited per CAS 9904.412-50(d)(3).,P_31_205_6_h_2_i_A: Qualified plan funding timing requirement; P_31_205_6_h_2_i_B: Nonqualified plan cost limit; P_31_205_6_h_2_i_C: Nonqualified PAYG limit,(Qualified_DB ^ ~Funded_By_Tax_Return -> ~Allowable_Subsequent) ^ (Nonqualified_DB -> Limited_Per_CAS_412_50_d_2) ^ (Nonqualified_PAYG_DB -> Limited_Per_CAS_412_50_d_3),P_31_205_6_h_2,Material Implication (Impl): Rule 15 [HIGH-RISK]; Conjunction (Conj): Rule 7; Negation (Neg): Rule 10,PENDING_REVIEW,PASS,PASS,VERIFY_NESTING CORRECTED: Actual section is 31.205-6(i)(2)(i). Three sub-rules (A)(B)(C) covering qualified and nonqualified DB plan funding. Complex multi-part provision.,LOW
31,31.205-6(i)(2)(i)(A)(1),P_31_205_6_h_1_v3,"Except for nonqualified pension plans, pension costs (see 48 CFR 9904.412-40(a)(1)) assigned to the current accounting period, but not funded during it, are not allowable in subsequent years (except that a payment made to a fund by the time set for filing the Federal income tax return or any extension thereof is considered to have been made during such taxable year).","P_31_205_6_h_1_v3: Qualified pension costs not funded in current period are unallowable later, with tax return filing exception",(~Nonqualified ^ Pension_Cost_Assigned ^ ~Funded_In_Period ^ ~Funded_By_Tax_Return) -> ~Allowable_Subsequent,P_31_205_6_h_1,Material Implication (Impl): Rule 15 [HIGH-RISK]; Conjunction (Conj): Rule 7; Negation (Neg): Rule 10,PENDING_REVIEW,PASS,PASS,VERIFY_NESTING CORRECTED: Actual section is 31.205-6(i)(2)(i)(A)(1). Funding timing requirement with tax return exception.,LOW
31,31.205-6(i)(2)(i)(A)(2),P_31_205_6_h_2_v3,"Any portion of pension costs computed for a cost accounting period, that exceeds the amount required to be funded pursuant to a waiver granted under the provisions of the Employee Retirement Income Security Act (ERISA) (Chapter 18 of title 29, U.S.C.), will be allowable in those future accounting periods in which the funding of such excess amounts occurs (see 48 CFR 9904.412-50(c)(5)).",P_31_205_6_h_2_v3: ERISA-waived excess pension costs allowable when actually funded in future periods,ERISA_Waiver ^ Excess_Pension_Cost ^ Funded_In_Future_Period -> Allowable_In_Future_Period,P_31_205_6_h_2,Material Implication (Impl): Rule 15 [HIGH-RISK]; Conjunction (Conj): Rule 7,PENDING_REVIEW,PASS,PASS,VERIFY_NESTING CORRECTED: Actual section is 31.205-6(i)(2)(i)(A)(2). ERISA waiver provision allows future-period recovery of excess costs.,MEDIUM
31,31.205-6(i)(2)(ii),P_31_205_6_h_2_ii,"Excess funding and future allowability: (A) Amount funded in excess of pension cost assigned to a period is not allowable in that period per CAS 9904.412-50(a)(4). (B) The excess is allowable in the future period to which it is assigned, if not otherwise unallowable.",P_31_205_6_h_2_ii_A: Excess funding not allowable in current period; P_31_205_6_h_2_ii_B: Excess allowable in future assigned period,(Excess_Funding ^ Current_Period -> ~Allowable_Current) ^ (Excess_Funding ^ Future_Assigned_Period ^ ~Otherwise_Unallowable -> Allowable_Future),P_31_205_6_h_2,Material Implication (Impl): Rule 15 [HIGH-RISK]; Conjunction (Conj): Rule 7; Negation (Neg): Rule 10,PENDING_REVIEW,PASS,PASS,VERIFY_NESTING CORRECTED: Actual section is 31.205-6(i)(2)(ii). Two-part rule on excess funding timing.,MEDIUM
31,31.205-6(i)(2)(iii),P_31_205_6_h_2_iii,Increased pension costs from delayed funding: (A) Unallowable if increase caused by delay beyond 30 days after each quarter. (B) Composite rate inequity -- limited to segment-level calculation per CAS 9904.413-50(c). (C) Contractor must determine unallowable costs per actuarial method used.,P_31_205_6_h_2_iii_A: Delay >30 days after quarter = unallowable increase; P_31_205_6_h_2_iii_B: Composite rate inequity limit; P_31_205_6_h_2_iii_C: Actuarial method for unallowable determination,(Delay_Beyond_30_Days -> ~Allowable_Increase) ^ (Composite_Rate_Inequity -> Segment_Calculation_Limit) ^ (Must_Use_Actuarial_Method),P_31_205_6_h_2,Material Implication (Impl): Rule 15 [HIGH-RISK]; Conjunction (Conj): Rule 7; Negation (Neg): Rule 10,PENDING_REVIEW,PASS,PASS,VERIFY_NESTING CORRECTED: Actual section is 31.205-6(i)(2)(iii). Three-part provision on delayed funding consequences.,LOW
31,31.205-6(i)(2)(iv),P_31_205_6_h_2_iv,PBGC indemnification: (A) CO will consider allowability of PBGC indemnification costs under ERISA 4062/4064 on case-by-case basis if insurance was required and obtained. (B) Consideration primarily for appraising allocability to Government work. (C) Government will participate despite 31.205-19 if beneficial/equitable relationship exists.,P_31_205_6_h_2_iv_A: PBGC indemnification case-by-case; P_31_205_6_h_2_iv_B: Allocability focus; P_31_205_6_h_2_iv_C: Government participation if equitable,(PBGC_Indemnification ^ P_31_205_6_h_1_v4 ^ P_31_205_6_h_2_v4) -> (Case_By_Case_Review v ~Case_By_Case_Review),P_31_205_6_h_2; P_31_205_19,Material Implication (Impl): Rule 15 [HIGH-RISK]; Tautology (Taut): Rule 18,PENDING_REVIEW,PASS,PASS,"VERIFY_NESTING CORRECTED: Actual section is 31.205-6(i)(2)(iv). ""Will consider"" = discretionary. Three-part PBGC provision. Cross-reference to 31.205-19.",LOW
31,31.205-6(i)(2)(iv)(A)(1),P_31_205_6_h_1_v4,Insurance was required by the PBGC under ERISA section 4023.,P_31_205_6_h_1_v4: PBGC insurance was required under ERISA 4023,PBGC_Insurance_Required_Under_ERISA_4023,P_31_205_6_h_1,Conjunction (Conj): Rule 7,VALIDATED,PASS,PASS,VERIFY_NESTING CORRECTED: Actual section is 31.205-6(i)(2)(iv)(A)(1). Atomic condition for PBGC indemnification consideration.,HIGH
31,31.205-6(i)(2)(iv)(A)(2),P_31_205_6_h_2_v4,It was obtained and the indemnification payment is not recoverable under the insurance.,P_31_205_6_h_2_v4: Insurance obtained and indemnification not recoverable,Insurance_Obtained ^ ~Payment_Recoverable,P_31_205_6_h_2,Conjunction (Conj): Rule 7; Negation (Neg): Rule 10,VALIDATED,PASS,PASS,VERIFY_NESTING CORRECTED: Actual section is 31.205-6(i)(2)(iv)(A)(2). Two conjunctive conditions.,HIGH
31,31.205-6(i)(2)(v),P_31_205_6_h_2_v,Withdrawal of pension fund assets: (A) Increased costs from asset withdrawal/transfer are unallowable except per advance agreement (see (i)(3) for plan termination). (B) Advance agreement must state Government equitable share and provide credit.,P_31_205_6_h_2_v_A: Increased costs from asset withdrawal unallowable except advance agreement; P_31_205_6_h_2_v_B: Advance agreement requirements,(Asset_Withdrawal ^ ~Advance_Agreement -> ~Allowable_Increase) ^ (Advance_Agreement -> P_31_205_6_h_1_v5 ^ P_31_205_6_h_2_v5),P_31_205_6_h_2,Material Implication (Impl): Rule 15 [HIGH-RISK]; Conjunction (Conj): Rule 7; Negation (Neg): Rule 10,PENDING_REVIEW,PASS,PASS,VERIFY_NESTING CORRECTED: Actual section is 31.205-6(i)(2)(v). Two-part provision on asset withdrawal with advance agreement requirement.,MEDIUM
31,31.205-6(i)(2)(v)(B)(1),P_31_205_6_h_1_v5,State the amount of the Government's equitable share in the gross amount withdrawn or transferred.,P_31_205_6_h_1_v5: Advance agreement must state Government equitable share amount,Advance_Agreement -> State_Govt_Equitable_Share,P_31_205_6_h_1,Material Implication (Impl): Rule 15 [HIGH-RISK],PENDING_REVIEW,PASS,PASS,VERIFY_NESTING CORRECTED: Actual section is 31.205-6(i)(2)(v)(B)(1). First advance agreement requirement.,MEDIUM
31,31.205-6(i)(2)(v)(B)(2),P_31_205_6_h_2_v5,Provide that the Government receives a credit equal to the amount of the Government's equitable share of the gross withdrawal or transfer.,P_31_205_6_h_2_v5: Advance agreement must provide Government credit for equitable share,Advance_Agreement -> Govt_Receives_Credit_For_Equitable_Share,P_31_205_6_h_2,Material Implication (Impl): Rule 15 [HIGH-RISK],PENDING_REVIEW,PASS,PASS,VERIFY_NESTING CORRECTED: Actual section is 31.205-6(i)(2)(v)(B)(2). Second advance agreement requirement.,MEDIUM
31,31.205-6(i)(3),P_31_205_6_h_3_v2,"Pension adjustments and asset reversions. Covers segment closings, plan terminations, curtailment of benefits, and other asset reversions.",P_31_205_6_h_3_v2: Parent for pension adjustment and asset reversion rules,P_31_205_6_h_3_i_v2 ^ P_31_205_6_h_3_ii,P_31_205_6_h_3,Conjunction (Conj): Rule 7,PENDING_REVIEW,PASS,PASS,VERIFY_NESTING CORRECTED: Actual section is 31.205-6(i)(3). Parent for pension adjustment provisions.,MEDIUM
31,31.205-6(i)(3)(i),P_31_205_6_h_3_i_v2,"For segment closings, pension plan terminations, or curtailment of benefits, the amount of the adjustment must be-- (A) For CAS-covered: per CAS 9904.413-50(c)(12). (B) For non-CAS-covered: per CAS 9904.413-50(c)(12) with modified numerator for non-CAS contracts subject to 31.2 or certified cost/pricing data.",P_31_205_6_h_3_i_v2_A: CAS-covered adjustment per 413-50(c)(12); P_31_205_6_h_3_i_v2_B: Non-CAS adjustment with modified numerator,(Segment_Closing v Plan_Termination v Benefit_Curtailment) -> ((Full_CAS -> CAS_413_50_c_12) ^ (~Full_CAS ^ Subject_31_2 -> Modified_CAS_413_50_c_12)),P_31_205_6_h_3_i,Material Implication (Impl): Rule 15 [HIGH-RISK]; Conjunction (Conj): Rule 7; Addition (Add): Rule 8,PENDING_REVIEW,PASS,PASS,VERIFY_NESTING CORRECTED: Actual section is 31.205-6(i)(3)(i). Complex bifurcated rule based on CAS coverage status.,LOW
31,31.205-6(i)(3)(ii),P_31_205_6_h_3_ii,"Other asset reversions: (A) For all other reversions, contractor must refund or credit Government equitable share of gross withdrawal. (B) Government share reflects participation through certified cost/pricing data contracts or 31.2-subject contracts. (C) Excise taxes on reversions/withdrawals are unallowable per 31.205-41(c)(6).",P_31_205_6_h_3_ii_A: Government option for refund/credit; P_31_205_6_h_3_ii_B: Equitable share basis; P_31_205_6_h_3_ii_C: Excise taxes unallowable,(Other_Reversion -> (Refund v Credit) ^ Govt_Equitable_Share) ^ (Excise_Tax_On_Reversion -> ~Allowable),P_31_205_6_h_3; P_31_205_41,Material Implication (Impl): Rule 15 [HIGH-RISK]; Conjunction (Conj): Rule 7; Addition (Add): Rule 8; Negation (Neg): Rule 10,PENDING_REVIEW,PASS,PASS,VERIFY_NESTING CORRECTED: Actual section is 31.205-6(i)(3)(ii). Three-part provision. Cross-reference to 31.205-41(c)(6) for excise tax unallowability.,LOW
31,31.205-6(i)(4),P_31_205_6_h_4,"Defined-contribution pension plans. In addition to defined-contribution pension plans, this paragraph also covers profit sharing, savings plans, and other such plans, provided the plans fall within the definition of a pension plan.","P_31_205_6_h_4: Parent for defined-contribution plan rules (also covers profit sharing, savings plans)",P_31_205_6_h_4_i ^ P_31_205_6_h_4_ii,P_31_205_6_h,Conjunction (Conj): Rule 7,PENDING_REVIEW,PASS,PASS,VERIFY_NESTING CORRECTED: Actual section is 31.205-6(i)(4). Scope extends to profit sharing and savings plans meeting pension definition.,MEDIUM
31,31.205-6(i)(4)(i),P_31_205_6_h_4_i,Defined-contribution allowable cost limits: (A) Limited to net contribution required for cost accounting period after credits. (B) ERISA-waived excess allowable in future periods when funded per CAS 9904.412-50(c)(5).,P_31_205_6_h_4_i_A: Net contribution limit after credits; P_31_205_6_h_4_i_B: ERISA excess in future periods,(DC_Cost -> Net_Contribution_After_Credits) ^ (ERISA_Waiver_DC ^ Funded_Future -> Allowable_Future),P_31_205_6_h_4,Material Implication (Impl): Rule 15 [HIGH-RISK]; Conjunction (Conj): Rule 7,PENDING_REVIEW,PASS,PASS,VERIFY_NESTING CORRECTED: Actual section is 31.205-6(i)(4)(i). Two-part limit on DC plan costs.,MEDIUM
31,31.205-6(i)(4)(ii),P_31_205_6_h_4_ii,The provisions of paragraphs (i)(2)(ii) and (i)(2)(iv) of this section apply to defined-contribution plans.,P_31_205_6_h_4_ii: DB excess funding and PBGC indemnification rules also apply to DC plans,DC_Plan -> (Apply_i_2_ii ^ Apply_i_2_iv),P_31_205_6_h_4,Material Implication (Impl): Rule 15 [HIGH-RISK]; Conjunction (Conj): Rule 7,PENDING_REVIEW,PASS,PASS,VERIFY_NESTING CORRECTED: Actual section is 31.205-6(i)(4)(ii). Cross-reference applying DB rules to DC context.,MEDIUM
31,31.205-6(i)(5),P_31_205_6_h_5,Pension plans using the pay-as-you-go cost method.,P_31_205_6_h_5: Parent for pay-as-you-go pension rules,P_31_205_6_h_5_i ^ P_31_205_6_h_5_ii,P_31_205_6_h,Conjunction (Conj): Rule 7,PENDING_REVIEW,PASS,PASS,VERIFY_NESTING CORRECTED: Actual section is 31.205-6(i)(5). Parent for PAYG pension provisions.,MEDIUM
31,31.205-6(i)(5)(i),P_31_205_6_h_5_i,Pension costs for a pension plan using the pay-as-you-go cost method are allowable to the extent they are not otherwise unallowable.,P_31_205_6_h_5_i: PAYG pension costs allowable unless otherwise unallowable,PAYG_Pension_Cost ^ ~Otherwise_Unallowable -> Allowable,P_31_205_6_h_5,Material Implication (Impl): Rule 15 [HIGH-RISK]; Conjunction (Conj): Rule 7; Negation (Neg): Rule 10,PENDING_REVIEW,PASS,PASS,VERIFY_NESTING CORRECTED: Actual section is 31.205-6(i)(5)(i). General allowability with negative condition.,MEDIUM
31,31.205-6(i)(5)(ii),P_31_205_6_h_5_ii,"When using the pay-as-you-go cost method, the contractor must measure, assign, and allocate the cost of pension plans in accordance with 48 CFR 9904.412 and 9904.413.",P_31_205_6_h_5_ii: PAYG method must still comply with CAS 412 and 413,PAYG_Method -> Measure_Assign_Allocate_Per_CAS_412_413,P_31_205_6_h_5,Material Implication (Impl): Rule 15 [HIGH-RISK],PENDING_REVIEW,PASS,PASS,VERIFY_NESTING CORRECTED: Actual section is 31.205-6(i)(5)(ii). CAS compliance mandatory even for PAYG method.,MEDIUM
31,31.205-6(i)(6),P_31_205_6_h_6,Early retirement incentives.,P_31_205_6_h_6: Parent for early retirement incentive provisions,P_31_205_6_h_6_i ^ P_31_205_6_h_6_ii,P_31_205_6_h,Conjunction (Conj): Rule 7,PENDING_REVIEW,PASS,PASS,VERIFY_NESTING CORRECTED: Actual section is 31.205-6(i)(6). Parent for early retirement provisions.,MEDIUM
31,31.205-6(i)(6)(i),P_31_205_6_h_6_i,An early retirement incentive is an incentive given to an employee to retire early.,P_31_205_6_h_6_i: Definition -- early retirement incentive,Early_Retirement_Incentive = Incentive_To_Retire_Early,P_31_205_6_h_6,Conjunction (Conj): Rule 7,VALIDATED,PASS,PASS,VERIFY_NESTING CORRECTED: Actual section is 31.205-6(i)(6)(i). Definitional.,HIGH
31,31.205-6(i)(6)(ii),P_31_205_6_h_6_ii,"Early retirement incentive costs allowable subject to pension cost criteria in (i)(2)(i) through (i)(2)(iv) if-- (1) measured/assigned/allocated per contractor accounting practices, (2) per plan terms, and (3) only for active employees. Excess over annual salary is unallowable. Present value per accounting practices. Unallowable costs per CAS 9904.412-50(a)(2).",P_31_205_6_h_6_ii_a: Three conditions for allowability; P_31_205_6_h_6_ii_b: Annual salary cap; P_31_205_6_h_6_ii_c: Present value and unallowable cost accounting,(P_31_205_6_h_1_v6 ^ P_31_205_6_h_2_v6 ^ P_31_205_6_h_3_v3) -> Allowable_ERI ^ (Excess_Over_Annual_Salary -> ~Allowable),P_31_205_6_h_6,Material Implication (Impl): Rule 15 [HIGH-RISK]; Conjunction (Conj): Rule 7; Negation (Neg): Rule 10,PENDING_REVIEW,PASS,PASS,VERIFY_NESTING CORRECTED: Actual section is 31.205-6(i)(6)(ii). Complex multi-condition allowability with salary cap.,LOW
31,31.205-6(i)(6)(ii)(A)(1),P_31_205_6_h_1_v6,"Contractor measures, assigns, and allocates the costs in accordance with the contractor's accounting practices for pension costs.",P_31_205_6_h_1_v6: ERI costs measured/assigned/allocated per contractor pension accounting practices,ERI_Cost -> Measure_Per_Pension_Practices,P_31_205_6_h_1,Material Implication (Impl): Rule 15 [HIGH-RISK],PENDING_REVIEW,PASS,PASS,VERIFY_NESTING CORRECTED: Actual section is 31.205-6(i)(6)(ii)(A)(1). First allowability condition for ERI.,MEDIUM
31,31.205-6(i)(6)(ii)(A)(2),P_31_205_6_h_2_v6,Incentives are in accordance with the terms and conditions of an early retirement incentive plan.,P_31_205_6_h_2_v6: ERI must conform to plan terms and conditions,ERI -> Conform_To_Plan_Terms,P_31_205_6_h_2,Material Implication (Impl): Rule 15 [HIGH-RISK],PENDING_REVIEW,PASS,PASS,VERIFY_NESTING CORRECTED: Actual section is 31.205-6(i)(6)(ii)(A)(2). Second condition.,MEDIUM
31,31.205-6(i)(6)(ii)(A)(3),P_31_205_6_h_3_v3,"Contractor applies the plan only to active employees (i.e., the cost of extending the plan to employees who retired or were terminated before the adoption of the plan is unallowable).",P_31_205_6_h_3_v3: ERI only for active employees; extending to previously retired/terminated is unallowable,ERI -> Active_Employees_Only ^ (~Active_Employee -> ~Allowable),P_31_205_6_h_3,Material Implication (Impl): Rule 15 [HIGH-RISK]; Conjunction (Conj): Rule 7; Negation (Neg): Rule 10,PENDING_REVIEW,PASS,PASS,VERIFY_NESTING CORRECTED: Actual section is 31.205-6(i)(6)(ii)(A)(3). Third condition with explicit prohibition on inactive employees.,MEDIUM
31,31.205-6(i)(6)(ii)(B)(1),P_31_205_6_h_1_v7,The contractor must compute the present value in accordance with its accounting practices for pension costs.,P_31_205_6_h_1_v7: ERI present value computed per contractor pension accounting practices,ERI_Excess_Calculation -> Compute_PV_Per_Pension_Practices,P_31_205_6_h_1,Material Implication (Impl): Rule 15 [HIGH-RISK],PENDING_REVIEW,PASS,PASS,VERIFY_NESTING CORRECTED: Actual section is 31.205-6(i)(6)(ii)(B)(1). Present value methodology requirement.,MEDIUM
31,31.205-6(i)(6)(ii)(B)(2),P_31_205_6_h_2_v7,The contractor must account for any unallowable costs in accordance with 48 CFR 9904.412-50(a)(2).,P_31_205_6_h_2_v7: Unallowable ERI costs accounted per CAS 9904.412-50(a)(2),Unallowable_ERI -> Account_Per_CAS_412_50_a_2,P_31_205_6_h_2,Material Implication (Impl): Rule 15 [HIGH-RISK],PENDING_REVIEW,PASS,PASS,VERIFY_NESTING CORRECTED: Actual section is 31.205-6(i)(6)(ii)(B)(2). CAS compliance for unallowable cost accounting.,MEDIUM
31,31.205-6(j),P_31_205_6_j,Deferred compensation other than pensions. The costs of deferred compensation awards are allowable subject to the following: (j)(1) and (j)(2).,P_31_205_6_j: Parent -- deferred compensation allowable subject to two conditions,P_31_205_6_j_1 ^ P_31_205_6_j_2,P_31_205_6,Conjunction (Conj): Rule 7,VALIDATED,PASS,PASS,Parent for deferred compensation provisions. Both conditions apply.,HIGH
31,31.205-6(j)(1),P_31_205_6_j_1,"The costs must be measured, assigned, and allocated in accordance with 48 CFR 9904.415.",P_31_205_6_j_1: Deferred comp costs must comply with CAS 415,Deferred_Comp -> Measure_Assign_Allocate_Per_CAS_415,P_31_205_6_j,Material Implication (Impl): Rule 15 [HIGH-RISK],PENDING_REVIEW,PASS,PASS,Mandatory CAS 415 compliance for deferred compensation measurement.,MEDIUM
31,31.205-6(j)(2),P_31_205_6_j_2,The costs of deferred compensation awards are unallowable if the awards are made in periods subsequent to the period when the work being remunerated was performed.,P_31_205_6_j_2: Deferred comp awards made after the work period are unallowable,Award_After_Work_Period -> ~Allowable,P_31_205_6_j,Material Implication (Impl): Rule 15 [HIGH-RISK]; Negation (Neg): Rule 10,PENDING_REVIEW,PASS,PASS,Anti-retroactivity rule for deferred compensation. Award must be contemporaneous with work.,MEDIUM
31,31.205-6(k),P_31_205_6_k,Compensation incidental to business acquisitions. The following costs are unallowable: (k)(1) and (k)(2).,P_31_205_6_k: Parent -- acquisition-related compensation is unallowable,P_31_205_6_k_1 ^ P_31_205_6_k_2,P_31_205_6,Conjunction (Conj): Rule 7; Negation (Neg): Rule 10,VALIDATED,PASS,PASS,Parent for two categories of unallowable acquisition-related compensation.,HIGH
31,31.205-6(k)(1),P_31_205_6_k_1,"Payments to employees under agreements in which they receive special compensation, in excess of the contractor's normal severance pay practice, if their employment terminates following a change in the management control over, or ownership of, the contractor or a substantial portion of its assets.",P_31_205_6_k_1: Golden parachute payments exceeding normal severance after ownership change are unallowable,Special_Comp_On_Termination ^ Exceeds_Normal_Severance ^ Ownership_Change -> ~Allowable,P_31_205_6_k,Material Implication (Impl): Rule 15 [HIGH-RISK]; Conjunction (Conj): Rule 7; Negation (Neg): Rule 10,PENDING_REVIEW,PASS,PASS,"Three conjunctive conditions: special compensation AND exceeds normal AND follows ownership change. ""Golden parachute"" type payments.",MEDIUM
31,31.205-6(k)(2),P_31_205_6_k_2,"Payments to employees under plans introduced in connection with a change, whether actual or prospective, in the management control over, or ownership of, the contractor or a substantial portion of its assets in which those employees receive special compensation, which is contingent upon the employee remaining with the contractor for a specified period of time.",P_31_205_6_k_2: Retention bonus plans tied to ownership changes are unallowable,Retention_Plan ^ Ownership_Change ^ Contingent_On_Remaining -> ~Allowable,P_31_205_6_k,Material Implication (Impl): Rule 15 [HIGH-RISK]; Conjunction (Conj): Rule 7; Negation (Neg): Rule 10,PENDING_REVIEW,PASS,PASS,Retention bonus prohibition: plans introduced for ownership changes with stay-bonus contingency.,MEDIUM
31,31.205-6(l),P_31_205_6_l,Fringe benefits.,P_31_205_6_l: Parent for fringe benefit provisions,P_31_205_6_l_1 ^ P_31_205_6_l_2,P_31_205_6,Conjunction (Conj): Rule 7,VALIDATED,PASS,PASS,Parent for fringe benefit provisions.,HIGH
31,31.205-6(l)(1),P_31_205_6_l_1,"Fringe benefits are in addition to regular wages and salaries and are allowances and services provided by the contractor to its employees as compensation (e.g., the cost of vacations, sick leave, holidays, military leave, employee insurance, and supplemental unemployment benefit plans).",P_31_205_6_l_1: Definition -- fringe benefits are additional allowances/services beyond regular wages,Fringe_Benefits = Additional_Allowances_And_Services_Beyond_Wages,P_31_205_6_l,Conjunction (Conj): Rule 7,VALIDATED,PASS,PASS,Definitional with illustrative examples. Not exhaustive list.,HIGH
31,31.205-6(l)(2),P_31_205_6_l_2,"Except as provided in subpart 31.2, the costs of fringe benefits are allowable if they are reasonable and required by law, employer-employee agreement, or an established policy of the contractor.","P_31_205_6_l_2_a: Reasonable; P_31_205_6_l_2_b: Required by law, agreement, or established policy; P_31_205_6_l_2_c: Subject to 31.2 exceptions",Reasonable ^ (Required_By_Law v Required_By_Agreement v Established_Policy) ^ ~Excepted_By_31_2 -> Allowable,P_31_205_6_l,Material Implication (Impl): Rule 15 [HIGH-RISK]; Conjunction (Conj): Rule 7; Addition (Add): Rule 8; Negation (Neg): Rule 10,PENDING_REVIEW,PASS,PASS,Conditional: fringe benefits allowable IF reasonable AND required by one of three sources AND not excepted by 31.2.,MEDIUM
31,31.205-6(m),P_31_205_6_m,Employee rebate and purchase discount plans. Rebates and purchase discounts provided to employees on products or services produced by the contractor or affiliates are unallowable.,P_31_205_6_m: Employee rebate/discount plan costs are unallowable,~Allowable_Employee_Rebate_Discount_Costs,P_31_205_6,Negation (Neg): Rule 10,VALIDATED,PASS,PASS,Flat prohibition. No conditions or exceptions.,HIGH
31,31.205-6(n),P_31_205_6_n,"Postretirement benefits (PRB) other than pensions. Covers all benefits other than cash/life insurance paid by pension plans, provided to employees/beneficiaries/dependents post-retirement.",P_31_205_6_n: Parent for PRB provisions,P_31_205_6_n_1 ^ P_31_205_6_n_2 ^ P_31_205_6_n_3 ^ P_31_205_6_n_4 ^ P_31_205_6_n_5,P_31_205_6,Conjunction (Conj): Rule 7,VALIDATED,PASS,PASS,Parent for all PRB provisions.,HIGH
31,31.205-6(n)(1),P_31_205_6_n_1,"PRB covers all benefits, other than cash benefits and life insurance benefits paid by pension plans, provided to employees, their beneficiaries, and covered dependents during the period following the employees' retirement (e.g., postretirement health care; life insurance provided outside a pension plan; and other welfare benefits, such as tuition assistance, day care, legal services, and housing subsidies provided after retirement).","P_31_205_6_n_1: Definition -- PRB scope excludes pension-plan cash/life insurance; includes health care, outside life insurance, other welfare benefits",PRB = Post_Retirement_Benefits ^ ~Pension_Cash_Benefits ^ ~Pension_Life_Insurance,P_31_205_6_n,Conjunction (Conj): Rule 7; Negation (Neg): Rule 10,VALIDATED,PASS,PASS,Definitional. Scope defined by exclusion (not pension cash/life insurance) and inclusion (illustrative examples).,HIGH
31,31.205-6(n)(2),P_31_205_6_n_2,"To be allowable, PRB costs must be incurred pursuant to law, employer-employee agreement, or an established policy of the contractor, and must comply with the following: (i) through (iii) methods and additional requirements.",P_31_205_6_n_2: PRB allowable if incurred per law/agreement/policy AND complies with sub-requirements,(Law v Agreement v Established_Policy) ^ Comply_With_Subreqs -> PRB_Allowable,P_31_205_6_n,Material Implication (Impl): Rule 15 [HIGH-RISK]; Conjunction (Conj): Rule 7; Addition (Add): Rule 8,PENDING_REVIEW,PASS,PASS,Conditional: PRB allowable IF authorized by one of three sources AND complies with method-specific requirements.,MEDIUM
31,31.205-6(n)(2)(i),P_31_205_6_n_2_i,"Pay-as-you-go. PRB costs are not accrued during the working lives of employees. Costs are assigned to the period in which-- (A) Benefits are actually provided; or (B) The costs are paid to an insurer, provider, or other recipient for current year benefits or premiums.",P_31_205_6_n_2_i_A: Costs assigned when benefits provided; P_31_205_6_n_2_i_B: Costs assigned when paid to insurer/provider,PAYG_PRB -> Assign_When(Benefits_Provided v Paid_To_Insurer),P_31_205_6_n_2,Material Implication (Impl): Rule 15 [HIGH-RISK]; Addition (Add): Rule 8,PENDING_REVIEW,PASS,PASS,PAYG method: costs assigned to period of benefit delivery or payment. Disjunctive assignment triggers.,MEDIUM
31,31.205-6(n)(2)(ii),P_31_205_6_n_2_ii,Terminal funding. PRB costs are not accrued during the working lives of the employees. (A) Terminal funding occurs when the entire PRB liability is paid in a lump sum upon the termination of employees (or upon conversion to such a terminal-funded plan) to an insurer or trustee to establish and maintain a fund or reserve for the sole purpose of providing PRB to retirees. (B) Terminal funded costs must be amortized over a period of 15 years.,P_31_205_6_n_2_ii_A: Terminal funding = lump sum to insurer/trustee at termination; P_31_205_6_n_2_ii_B: Must amortize over 15 years,Terminal_Funding -> (Lump_Sum_To_Insurer ^ Sole_Purpose_PRB ^ Amortize_15_Years),P_31_205_6_n_2,Material Implication (Impl): Rule 15 [HIGH-RISK]; Conjunction (Conj): Rule 7,PENDING_REVIEW,PASS,PASS,Terminal funding method: definitional plus mandatory 15-year amortization.,MEDIUM
31,31.205-6(n)(2)(iii),P_31_205_6_n_2_iii,"Accrual basis. PRB costs are accrued during the working lives of employees. Accrued PRB costs must comply with measurement/assignment methods (A), funding (B), actuarial standards (C), prior period adjustments (D), unfunded liability calculation (E), prepayment credit (F), and method change rules (G).",P_31_205_6_n_2_iii: Parent for accrual-basis PRB requirements (A through G),Accrual_PRB -> (Comply_A ^ Comply_B ^ Comply_C ^ Comply_D ^ Comply_E ^ Comply_F ^ Comply_G),P_31_205_6_n_2,Material Implication (Impl): Rule 15 [HIGH-RISK]; Conjunction (Conj): Rule 7,PENDING_REVIEW,PASS,PASS,Parent for seven accrual-basis requirements. All must be met for allowability.,MEDIUM
31,31.205-6(n)(2)(iii)(A)(1),P_31_205_6_n_1_v2,"Generally accepted accounting principles. However, transitions from the pay-as-you-go method to the accrual accounting method must be handled in accordance with transition rules at (i), (ii), and (iii).",P_31_205_6_n_1_v2: GAAP measurement method with PAYG-to-accrual transition rules,GAAP_Measurement ^ (PAYG_To_Accrual_Transition -> Comply_Transition_Rules),P_31_205_6_n_1,Material Implication (Impl): Rule 15 [HIGH-RISK]; Conjunction (Conj): Rule 7,PENDING_REVIEW,PASS,PASS,VERIFY_NESTING CORRECTED: Actual section is 31.205-6(n)(2)(iii)(A)(1). GAAP method with mandatory transition handling.,MEDIUM
31,31.205-6(n)(2)(iii)(A)(1)(i),P_31_205_6_n_1_i,"In the year of transition from the pay-as-you-go method to accrual accounting for purposes of Government contract cost accounting, the transition obligation must be the excess of the accumulated PRB obligation over the fair value of plan assets determined in accordance with paragraph (n)(2)(iii)(E); the fair value must be reduced by the prepayment credit as determined in accordance with paragraph (n)(2)(iii)(F).",P_31_205_6_n_1_i: Transition obligation = accumulated PRB obligation minus FV of plan assets minus prepayment credit,Transition_Year -> (Transition_Obligation = Accumulated_PRB - FV_Assets - Prepayment_Credit),P_31_205_6_n_1,Material Implication (Impl): Rule 15 [HIGH-RISK],PENDING_REVIEW,PASS,PASS,VERIFY_NESTING CORRECTED: Actual section is 31.205-6(n)(2)(iii)(A)(1)(i). Transition obligation calculation formula.,MEDIUM
31,31.205-6(n)(2)(iii)(A)(1)(ii),P_31_205_6_n_1_ii,"PRB cost attributable to the transition obligation assigned to the current year that is in excess of the amount assignable to accounting periods on the basis of a straight line amortization of the transition obligation over the average remaining working lives of active employees covered by the PRB plan or a 20-year period, whichever period is longer, is unallowable. However, if the plan is comprised of inactive participants only, the PRB cost attributable to the transition obligation assigned to the current year that is in excess of the amount assignable to accounting periods on a straight line amortization of the transition obligation over the average future life expectancy of the participants is unallowable.",P_31_205_6_n_1_ii_a: Active plan -- excess over SL amortization (longer of avg working lives or 20yr) is unallowable; P_31_205_6_n_1_ii_b: Inactive-only plan -- excess over SL amortization over avg life expectancy is unallowable,(Active_Plan ^ Transition_Cost_Exceeds_SL_Amort_Max_Working_Lives_Or_20yr -> ~Allowable) ^ (Inactive_Only_Plan ^ Transition_Cost_Exceeds_SL_Amort_Life_Expectancy -> ~Allowable),P_31_205_6_n_1,Material Implication (Impl): Rule 15 [HIGH-RISK]; Conjunction (Conj): Rule 7; Negation (Neg): Rule 10,PENDING_REVIEW,PASS,PASS,VERIFY_NESTING CORRECTED: Actual section is 31.205-6(n)(2)(iii)(A)(1)(ii). Bifurcated amortization rule based on active vs. inactive plan status. Complex formula.,LOW
31,31.205-6(n)(2)(iii)(A)(1)(iii),P_31_205_6_n_1_iii,"For a plan that transitioned from pay-as-you-go to accrual accounting for Government contract cost accounting prior to July 22, 2013, the unallowable amount of PRB cost attributable to the transition obligation amortization must continue to be based on the cost principle in effect at the time of the transition until the original transition obligation schedule is fully amortized.",P_31_205_6_n_1_iii: Pre-July 2013 transitions continue under prior cost principle until fully amortized,Pre_July_2013_Transition -> Continue_Prior_Cost_Principle_Until_Fully_Amortized,P_31_205_6_n_1,Material Implication (Impl): Rule 15 [HIGH-RISK],PENDING_REVIEW,PASS,PASS,VERIFY_NESTING CORRECTED: Actual section is 31.205-6(n)(2)(iii)(A)(1)(iii). Grandfathering provision for pre-2013 transitions.,MEDIUM
31,31.205-6(n)(2)(iii)(A)(2),P_31_205_6_n_2_v2,Contributions to a welfare benefit fund determined in accordance with applicable Internal Revenue Code. Allowable PRB costs based on such contributions must comply with (i) through (iii).,P_31_205_6_n_2_v2: IRC welfare benefit fund method with three sub-requirements,IRC_Welfare_Fund -> (P_31_205_6_n_2_i_v2 ^ P_31_205_6_n_2_ii_v2 ^ P_31_205_6_n_2_iii_v2),P_31_205_6_n_2,Material Implication (Impl): Rule 15 [HIGH-RISK]; Conjunction (Conj): Rule 7,PENDING_REVIEW,PASS,PASS,VERIFY_NESTING CORRECTED: Actual section is 31.205-6(n)(2)(iii)(A)(2). Alternative measurement method via IRC welfare benefit fund.,MEDIUM
31,31.205-6(n)(2)(iii)(A)(2)(i),P_31_205_6_n_2_i_v2,"Be measured using reasonable actuarial assumptions, which must include a health care inflation assumption unless prohibited by the Internal Revenue Code provisions governing welfare benefit funds.",P_31_205_6_n_2_i_v2: Reasonable actuarial assumptions including health care inflation assumption,Reasonable_Actuarial ^ (Health_Care_Inflation_Assumption v IRC_Prohibits_Assumption),P_31_205_6_n_2_i,Conjunction (Conj): Rule 7; Addition (Add): Rule 8,VALIDATED,PASS,PASS,VERIFY_NESTING CORRECTED: Actual section is 31.205-6(n)(2)(iii)(A)(2)(i). Actuarial requirement with IRC exception.,HIGH
31,31.205-6(n)(2)(iii)(A)(2)(ii),P_31_205_6_n_2_ii_v2,"Be assigned to accounting periods on the basis of the average working lives of active employees covered by the PRB plan or a 15-year period, whichever period is longer. However, if the plan is comprised of inactive participants only, the cost must be spread over the average future life expectancy of the participants.",P_31_205_6_n_2_ii_v2_a: Active plan -- assign over longer of avg working lives or 15yr; P_31_205_6_n_2_ii_v2_b: Inactive-only -- spread over avg life expectancy,(Active_Plan -> Assign_Over_Max_Working_Lives_Or_15yr) ^ (Inactive_Only -> Spread_Over_Life_Expectancy),P_31_205_6_n_2_ii,Material Implication (Impl): Rule 15 [HIGH-RISK]; Conjunction (Conj): Rule 7,PENDING_REVIEW,PASS,PASS,VERIFY_NESTING CORRECTED: Actual section is 31.205-6(n)(2)(iii)(A)(2)(ii). Bifurcated assignment period based on plan participant status.,MEDIUM
31,31.205-6(n)(2)(iii)(A)(2)(iii),P_31_205_6_n_2_iii_v2,"Exclude Federal income taxes, whether incurred by the fund or the contractor (including any increase in PRB costs associated with such taxes), unless the fund holding the plan assets is tax-exempt under the provisions of 26 U.S.C. 501(c).",P_31_205_6_n_2_iii_v2: Exclude federal income taxes from PRB costs unless fund is 501(c) tax-exempt,~Tax_Exempt_501c -> Exclude_Federal_Income_Taxes,P_31_205_6_n_2_iii,Material Implication (Impl): Rule 15 [HIGH-RISK]; Negation (Neg): Rule 10,PENDING_REVIEW,PASS,PASS,VERIFY_NESTING CORRECTED: Actual section is 31.205-6(n)(2)(iii)(A)(2)(iii). Tax exclusion with 501(c) exception.,MEDIUM
31,31.205-6(n)(2)(iii)(G)(1),P_31_205_6_n_1_v3,Treat the change in the unfunded actuarial liability (unfunded accumulated postretirement benefit obligation) as a gain or loss.,P_31_205_6_n_1_v3: Method change -- treat unfunded liability change as gain/loss,Accrual_Method_Change -> Treat_Unfunded_Liability_Change_As_Gain_Or_Loss,P_31_205_6_n_1,Material Implication (Impl): Rule 15 [HIGH-RISK],PENDING_REVIEW,PASS,PASS,VERIFY_NESTING CORRECTED: Actual section is 31.205-6(n)(2)(iii)(G)(1). First requirement when changing accrual methods.,MEDIUM
31,31.205-6(n)(2)(iii)(G)(2),P_31_205_6_n_2_v3,"Present an analysis demonstrating that all costs assigned to prior periods have been accounted for in accordance with paragraphs (n)(2)(iii)(D), (E), and (F) to ensure that no duplicate recovery of costs exists. Any duplicate recovery of costs due to the change from one method to another is unallowable. The analysis and new accrual accounting method may be a subject appropriate for an advance agreement in accordance with 31.110.",P_31_205_6_n_2_v3_a: Analysis required showing no duplicate recovery; P_31_205_6_n_2_v3_b: Duplicate recovery is unallowable; P_31_205_6_n_2_v3_c: May use advance agreement per 31.110,Method_Change -> (No_Duplicate_Recovery_Analysis ^ ~Allowable_Duplicate_Recovery),P_31_205_6_n_2; P_31_110,Material Implication (Impl): Rule 15 [HIGH-RISK]; Conjunction (Conj): Rule 7; Negation (Neg): Rule 10,PENDING_REVIEW,PASS,PASS,VERIFY_NESTING CORRECTED: Actual section is 31.205-6(n)(2)(iii)(G)(2). Anti-duplicate-recovery with advance agreement option. Cross-reference to 31.110.,MEDIUM
31,31.205-6(n)(3),P_31_205_6_n_3,"To be allowable, PRB costs must be funded by the time set for filing the Federal income tax return or any extension thereof, or paid to an insurer, provider, or other recipient by the time set for filing the Federal income tax return or extension thereof. PRB costs assigned to the current year, but not funded, paid or otherwise liquidated by the tax return due date as extended are not allowable in any subsequent year.",P_31_205_6_n_3_a: PRB must be funded/paid by tax return deadline; P_31_205_6_n_3_b: Unfunded/unpaid by deadline = unallowable in subsequent years,(PRB_Cost ^ ~Funded_By_Tax_Deadline -> ~Allowable_Subsequent) ^ (PRB_Cost ^ Funded_By_Tax_Deadline -> Allowable),P_31_205_6_n,Material Implication (Impl): Rule 15 [HIGH-RISK]; Conjunction (Conj): Rule 7; Negation (Neg): Rule 10,PENDING_REVIEW,PASS,PASS,Funding timing requirement paralleling pension rules. Missed deadline = permanent loss of allowability for that period.,MEDIUM
31,31.205-6(n)(4),P_31_205_6_n_4,Increased PRB costs caused by delay in funding beyond 30 days after each quarter of the year to which they are assignable are unallowable.,P_31_205_6_n_4: PRB cost increases from >30-day funding delay after quarter end are unallowable,PRB_Funding_Delay_Beyond_30_Days -> ~Allowable_Increase,P_31_205_6_n,Material Implication (Impl): Rule 15 [HIGH-RISK]; Negation (Neg): Rule 10,PENDING_REVIEW,PASS,PASS,Timeliness penalty: cost increases from delayed quarterly funding are unallowable.,MEDIUM
31,31.205-6(n)(5),P_31_205_6_n_5,The Government must receive an equitable share of any amount of previously funded PRB costs which revert or inure to the contractor. Such equitable share must reflect the Government's previous participation in PRB costs through those contracts for which certified cost or pricing data were required or which were subject to subpart 31.2.,P_31_205_6_n_5_a: Government gets equitable share of PRB reversions; P_31_205_6_n_5_b: Share reflects prior participation through certified cost/pricing data or 31.2 contracts,PRB_Reversion_To_Contractor -> Govt_Receives_Equitable_Share ^ Share_Reflects_Prior_Participation,P_31_205_6_n,Material Implication (Impl): Rule 15 [HIGH-RISK]; Conjunction (Conj): Rule 7,PENDING_REVIEW,PASS,PASS,Equitable recovery provision for Government when PRB funds revert. Mirrors pension reversion rules.,MEDIUM
31,31.205-6(o),P_31_205_6_o,"Limitation on allowability of compensation. Statutory caps on employee compensation for Government contracts, with tiered applicability by agency, contract date, and employee coverage.",P_31_205_6_o: Parent for compensation cap provisions,P_31_205_6_o_1 ^ P_31_205_6_o_2_v2 ^ P_31_205_6_o_3_v2 ^ P_31_205_6_o_4,P_31_205_6,Conjunction (Conj): Rule 7,VALIDATED,PASS,PASS,"Parent for four components: definitions, pre-2014 senior exec cap, pre-2014 all-employee cap (DoD/NASA/CG), and post-2014 all-agency all-employee cap.",HIGH
31,31.205-6(o)(1),P_31_205_6_o_1,"Definitions. As used in this paragraph (o)-- Compensation means total wages, salary, bonuses, deferred compensation, and employer contributions to defined contribution pension plans for the fiscal year. Senior executive definitions (pre- and post-January 2, 1999). Fiscal year means contractor-established fiscal year. Contractor's headquarters means highest organizational level from which executive compensation costs are allocated to Government contracts.","P_31_205_6_o_1: Definitions for compensation, senior executive, fiscal year, and contractor headquarters",Def_Compensation ^ Def_Senior_Executive ^ Def_Fiscal_Year ^ Def_Contractor_HQ,P_31_205_6_o,Conjunction (Conj): Rule 7,VALIDATED,PASS,PASS,Definitional paragraph with four key terms defined for compensation cap provisions.,HIGH
31,31.205-6(o)(1)(A)(1),P_31_205_6_o_1_v2,"Prior to January 2, 1999 -- (1) The Chief Executive Officer (CEO) or any individual acting in a similar capacity at the contractor's headquarters.",P_31_205_6_o_1_v2: Pre-1999 senior executive definition element 1 (CEO),Pre_1999 ^ (CEO v Acting_CEO) -> Senior_Executive,P_31_205_6_o_1,Material Implication (Impl): Rule 15 [HIGH-RISK]; Addition (Add): Rule 8,PENDING_REVIEW,PASS,PASS,"VERIFY_NESTING CORRECTED: Actual section is 31.205-6(o)(1) ""Senior executive"" definition (A)(1). Pre-1999 CEO element.",MEDIUM
31,31.205-6(o)(1)(A)(2),P_31_205_6_o_2,"The four most highly compensated employees in management positions at the contractor's headquarters, other than the CEO.",P_31_205_6_o_2: Pre-1999 senior executive definition element 2 (top 4 HQ managers),Pre_1999 ^ Top_4_HQ_Management -> Senior_Executive,P_31_205_6_o,Material Implication (Impl): Rule 15 [HIGH-RISK],PENDING_REVIEW,PASS,PASS,VERIFY_NESTING CORRECTED: Actual section is 31.205-6(o)(1) definition (A)(2). Pre-1999 top 4 headquarters managers.,MEDIUM
31,31.205-6(o)(1)(A)(3),P_31_205_6_o_3,"If the contractor has intermediate home offices or segments that report directly to the contractor's headquarters, the five most highly compensated employees in management positions at each such intermediate home office or segment.",P_31_205_6_o_3: Pre-1999 senior executive definition element 3 (top 5 at each intermediate office/segment),Pre_1999 ^ Intermediate_Office ^ Top_5_Management -> Senior_Executive,P_31_205_6_o,Material Implication (Impl): Rule 15 [HIGH-RISK]; Conjunction (Conj): Rule 7,PENDING_REVIEW,PASS,PASS,VERIFY_NESTING CORRECTED: Actual section is 31.205-6(o)(1) definition (A)(3). Pre-1999 intermediate office provision.,MEDIUM
31,31.205-6(o)(2),P_31_205_6_o_2_v2,"Senior executive compensation limit for contracts awarded before June 24, 2014.",P_31_205_6_o_2_v2: Parent for pre-June 2014 senior executive cap,P_31_205_6_o_2_i ^ P_31_205_6_o_2_ii,P_31_205_6_o_2,Conjunction (Conj): Rule 7,PENDING_REVIEW,PASS,PASS,VERIFY_NESTING CORRECTED: Actual section is 31.205-6(o)(2). Parent for pre-2014 senior exec cap. Applicability and substance.,MEDIUM
31,31.205-6(o)(2)(i),P_31_205_6_o_2_i,"Applicability. This paragraph (o)(2) applies to the following: (A) To all executive agencies, other than DoD, NASA and the Coast Guard, for contracts awarded before June 24, 2014; (B) To DoD, NASA, and the Coast Guard for contracts awarded before December 31, 2011.","P_31_205_6_o_2_i_A: Non-DoD/NASA/CG agencies, contracts before June 24, 2014; P_31_205_6_o_2_i_B: DoD/NASA/CG, contracts before Dec 31, 2011",(Non_DoD_NASA_CG ^ Contract_Before_June_2014) v (DoD_NASA_CG ^ Contract_Before_Dec_2011) -> Apply_o_2,P_31_205_6_o_2,Material Implication (Impl): Rule 15 [HIGH-RISK]; Conjunction (Conj): Rule 7; Addition (Add): Rule 8,PENDING_REVIEW,PASS,PASS,Bifurcated applicability based on agency and contract award date.,MEDIUM
31,31.205-6(o)(2)(ii),P_31_205_6_o_2_ii,"Costs incurred after January 1, 1998, for the compensation of a senior executive in excess of the benchmark compensation amount determined applicable for the contractor fiscal year by the Administrator, Office of Federal Procurement Policy (OFPP), under 41 U.S.C. 1127 as in effect prior to June 24, 2014, are unallowable (10 U.S.C. 3744(a)(16) and 41 U.S.C. 4304(a)(16), as in effect prior to June 24, 2014). This limitation is the sole statutory limitation on allowable senior executive compensation costs incurred after January 1, 1998, under contracts awarded before June 24, 2014.",P_31_205_6_o_2_ii: Senior exec compensation exceeding OFPP benchmark is unallowable for applicable contracts,Senior_Exec ^ Compensation_Exceeds_OFPP_Benchmark ^ Costs_After_Jan_1998 -> ~Allowable,P_31_205_6_o_2,Material Implication (Impl): Rule 15 [HIGH-RISK]; Conjunction (Conj): Rule 7; Negation (Neg): Rule 10,PENDING_REVIEW,PASS,PASS,Statutory cap on senior exec compensation. Three conjunctive conditions for unallowability. Sole statutory limitation for pre-2014 contracts.,MEDIUM
31,31.205-6(o)(3),P_31_205_6_o_3_v2,"All employee compensation limit for contracts awarded before June 24, 2014.",P_31_205_6_o_3_v2: Parent for pre-June 2014 all-employee cap (DoD/NASA/CG only),P_31_205_6_o_3_i ^ P_31_205_6_o_3_ii,P_31_205_6_o_3,Conjunction (Conj): Rule 7,PENDING_REVIEW,PASS,PASS,VERIFY_NESTING CORRECTED: Actual section is 31.205-6(o)(3). Parent for DoD/NASA/CG all-employee cap.,MEDIUM
31,31.205-6(o)(3)(i),P_31_205_6_o_3_i,"Applicability. This paragraph (o)(3) applies to DOD, NASA, and the Coast Guard for contracts awarded on or after December 31, 2011, and before June 24, 2014.","P_31_205_6_o_3_i: Applies to DoD/NASA/CG for contracts Dec 31, 2011 through June 23, 2014",DoD_NASA_CG ^ Contract_OnAfter_Dec_2011 ^ Contract_Before_June_2014 -> Apply_o_3,P_31_205_6_o_3,Material Implication (Impl): Rule 15 [HIGH-RISK]; Conjunction (Conj): Rule 7,PENDING_REVIEW,PASS,PASS,"Narrow applicability window: DoD/NASA/CG only, Dec 31 2011 through June 23 2014.",MEDIUM
31,31.205-6(o)(3)(ii),P_31_205_6_o_3_ii,"Costs incurred after January 1, 2012, for the compensation of any contractor employee in excess of the benchmark compensation amount, determined applicable for the contractor fiscal year by the Administrator, Office of Federal Procurement Policy (OFPP) under 41 U.S.C. 1127 as in effect prior to June 24, 2014, are unallowable (10 U.S.C. 3744(a)(16) as in effect prior to June 24, 2014.)",P_31_205_6_o_3_ii: All-employee compensation exceeding OFPP benchmark is unallowable for applicable DoD/NASA/CG contracts,Any_Employee ^ Compensation_Exceeds_OFPP_Benchmark ^ Costs_After_Jan_2012 -> ~Allowable,P_31_205_6_o_3,Material Implication (Impl): Rule 15 [HIGH-RISK]; Conjunction (Conj): Rule 7; Negation (Neg): Rule 10,PENDING_REVIEW,PASS,PASS,"Expanded cap: extends from senior execs to ALL employees for DoD/NASA/CG contracts in the window. Per Pub. L. 112-81, section 803.",MEDIUM
31,31.205-6(o)(4),P_31_205_6_o_4,"All employee compensation limit for contracts awarded on or after June 24, 2014.",P_31_205_6_o_4: Parent for post-June 2014 all-agency all-employee cap,P_31_205_6_o_4_i ^ P_31_205_6_o_4_ii ^ P_31_205_6_o_4_iii,P_31_205_6_o,Conjunction (Conj): Rule 7,VALIDATED,PASS,PASS,"Parent for current compensation cap: applicability, cap rule, and exceptions.",HIGH
31,31.205-6(o)(4)(i),P_31_205_6_o_4_i,"Applicability. This paragraph (o)(4) applies to executive agency contracts awarded on or after June 24, 2014, and any subcontracts thereunder.","P_31_205_6_o_4_i: Applies to all executive agency contracts on/after June 24, 2014 and subcontracts",Executive_Agency ^ Contract_OnAfter_June_2014 -> Apply_o_4,P_31_205_6_o_4,Material Implication (Impl): Rule 15 [HIGH-RISK]; Conjunction (Conj): Rule 7,PENDING_REVIEW,PASS,PASS,"Broadest applicability: all executive agencies, all contracts on/after June 24 2014, including subcontracts.",MEDIUM
31,31.205-6(o)(4)(ii),P_31_205_6_o_4_ii,"Costs incurred on or after June 24, 2014, for the compensation of employees in excess of the benchmark compensation amount determined applicable for the contractor fiscal year by the Administrator, Office of Federal Procurement Policy (OFPP) are unallowable under 10 U.S.C. 3744(a)(16) and 41 U.S.C. 4304(a)(16), as in effect on or after June 24, 2014, pursuant to section 702 of Public Law 113-67.",P_31_205_6_o_4_ii: All-employee compensation exceeding OFPP benchmark is unallowable for post-June 2014 contracts,Any_Employee ^ Compensation_Exceeds_OFPP_Benchmark ^ Costs_OnAfter_June_2014 -> ~Allowable,P_31_205_6_o_4,Material Implication (Impl): Rule 15 [HIGH-RISK]; Conjunction (Conj): Rule 7; Negation (Neg): Rule 10,PENDING_REVIEW,PASS,PASS,Current universal cap per Pub. L. 113-67. Sole statutory limitation for post-June 2014 contracts.,MEDIUM
31,31.205-6(o)(4)(iii),P_31_205_6_o_4_iii,"Exceptions. An agency head may establish one or more narrowly targeted exceptions for scientists, engineers, or other specialists upon a determination that such exceptions are needed to ensure that the executive agency has continued access to needed skills and capabilities. In making such a determination, the agency must consider, at a minimum, for each contractor employee in a narrowly targeted excepted position-- (A) The amount of taxpayer funded compensation to be received by each employee; and (B) The duties and services performed by each employee.",P_31_205_6_o_4_iii_a: Agency head may grant exceptions; P_31_205_6_o_4_iii_b: For scientists/engineers/specialists; P_31_205_6_o_4_iii_c: Based on skills/capabilities need; P_31_205_6_o_4_iii_d: Must consider taxpayer-funded amount and duties,Agency_Head ^ Skills_Need_Determination ^ (Scientists v Engineers v Specialists) -> (Exception_Granted v ~Exception_Granted) ^ Consider(Taxpayer_Funded_Amount ^ Employee_Duties),P_31_205_6_o_4,Material Implication (Impl): Rule 15 [HIGH-RISK]; Tautology (Taut): Rule 18; Conjunction (Conj): Rule 7; Addition (Add): Rule 8,PENDING_REVIEW,PASS,PASS,"""May"" = discretionary (tautology). Narrowly targeted to specific specialist categories. Mandatory minimum considerations for any exception determination.",MEDIUM
31,31.205-6(p),P_31_205_6_p,Employee stock ownership plans (ESOP). Covers allowability of ESOP contributions.,P_31_205_6_p: Parent for ESOP provisions,P_31_205_6_p_1 ^ P_31_205_6_p_2 ^ P_31_205_6_p_3,P_31_205_6,Conjunction (Conj): Rule 7,VALIDATED,PASS,PASS,"Parent for ESOP provisions: definition, contribution forms, and allowability conditions.",HIGH
31,31.205-6(p)(1),P_31_205_6_p_1,An ESOP is a stock bonus plan designed to invest primarily in the stock of the employer corporation.,P_31_205_6_p_1: Definition -- ESOP is a stock bonus plan investing primarily in employer stock,ESOP = Stock_Bonus_Plan ^ Invests_Primarily_In_Employer_Stock,P_31_205_6_p,Conjunction (Conj): Rule 7,VALIDATED,PASS,PASS,Definitional. Two conjunctive elements.,HIGH
31,31.205-6(p)(2),P_31_205_6_p_2,"The contractor's contributions to an Employee Stock Ownership Trust (ESOT) may be in the form of cash, stock, or property.","P_31_205_6_p_2: ESOT contributions may be cash, stock, or property",ESOT_Contribution = Cash v Stock v Property,P_31_205_6_p,Addition (Add): Rule 8,VALIDATED,PASS,PASS,"Disjunctive: three permissible contribution forms. ""May"" here describes permissible forms, not discretionary authority.",HIGH
31,31.205-6(p)(3),P_31_205_6_p_3,Costs of ESOPs are allowable subject to the following conditions: (i) through (v).,P_31_205_6_p_3: Parent -- ESOP costs allowable subject to five conditions,P_31_205_6_p_3_i ^ P_31_205_6_p_3_ii ^ P_31_205_6_p_3_iii ^ P_31_205_6_p_3_iv ^ P_31_205_6_p_3_v,P_31_205_6_p,Conjunction (Conj): Rule 7,VALIDATED,PASS,PASS,Parent for five ESOP allowability conditions. All must be met.,HIGH
31,31.205-6(p)(3)(i),P_31_205_6_p_3_i,"The contractor measures, assigns, and allocates costs in accordance with 48 CFR 9904.415.",P_31_205_6_p_3_i: ESOP costs must comply with CAS 415,ESOP_Cost -> Measure_Assign_Allocate_Per_CAS_415,P_31_205_6_p_3,Material Implication (Impl): Rule 15 [HIGH-RISK],PENDING_REVIEW,PASS,PASS,CAS 415 compliance mandatory for ESOP cost measurement.,MEDIUM
31,31.205-6(p)(3)(ii),P_31_205_6_p_3_ii,Contributions by the contractor in any one year that exceed the deductibility limits of the Internal Revenue Code for that year are unallowable.,P_31_205_6_p_3_ii: ESOP contributions exceeding IRC deductibility limits are unallowable,ESOP_Contribution ^ Exceeds_IRC_Deductibility -> ~Allowable,P_31_205_6_p_3,Material Implication (Impl): Rule 15 [HIGH-RISK]; Conjunction (Conj): Rule 7; Negation (Neg): Rule 10,PENDING_REVIEW,PASS,PASS,IRC deductibility cap on ESOP contributions. Excess is unallowable.,MEDIUM
31,31.205-6(p)(3)(iii),P_31_205_6_p_3_iii,"When the contribution is in the form of stock, the value of the stock contribution is limited to the fair market value of the stock on the date that title is effectively transferred to the trust.",P_31_205_6_p_3_iii: Stock contributions valued at FMV on title transfer date,Stock_Contribution -> Value_Limited_To_FMV_On_Transfer_Date,P_31_205_6_p_3,Material Implication (Impl): Rule 15 [HIGH-RISK],PENDING_REVIEW,PASS,PASS,FMV valuation rule for stock contributions to ESOT. Transfer date determines valuation.,MEDIUM
31,31.205-6(p)(3)(iv),P_31_205_6_p_3_iv,"When the contribution is in the form of cash-- (A) Stock purchases by the ESOT in excess of fair market value are unallowable; and (B) When stock purchases are in excess of fair market value, the contractor must credit the amount of the excess to the same indirect cost pools that were charged for the ESOP contributions in the year in which the stock purchase occurs. However, when the trust purchases the stock with borrowed funds which will be repaid over a period of years by cash contributions from the contractor to the trust, the contractor must credit the excess price over fair market value to the indirect cost pools pro rata over the period of years during which the contractor contributes the cash used by the trust to repay the loan.",P_31_205_6_p_3_iv_A: Cash ESOT stock purchases above FMV unallowable; P_31_205_6_p_3_iv_B: Excess credited to indirect cost pools; P_31_205_6_p_3_iv_C: Borrowed fund purchases -- pro rata credit over repayment period,(Cash_Contribution ^ ESOT_Purchase_Exceeds_FMV -> ~Allowable ^ Credit_Indirect_Pools) ^ (Borrowed_Funds -> Pro_Rata_Credit_Over_Repayment),P_31_205_6_p_3,Material Implication (Impl): Rule 15 [HIGH-RISK]; Conjunction (Conj): Rule 7; Negation (Neg): Rule 10,PENDING_REVIEW,PASS,PASS,Multi-part cash contribution rule. Excess over FMV unallowable with credit mechanism. Special treatment for leveraged ESOP (borrowed funds).,LOW
31,31.205-6(p)(3)(v),P_31_205_6_p_3_v,"When the fair market value of unissued stock or stock of a closely held corporation is not readily determinable, the valuation will be made on a case-by-case basis taking into consideration the guidelines for valuation used by the IRS.",P_31_205_6_p_3_v: Non-readily-determinable FMV for unissued/closely-held stock -- case-by-case per IRS guidelines,~Readily_Determinable_FMV -> Case_By_Case_Valuation_Per_IRS,P_31_205_6_p_3,Material Implication (Impl): Rule 15 [HIGH-RISK],PENDING_REVIEW,PASS,PASS,Fallback valuation for non-publicly-traded stock. IRS guidelines provide framework.,MEDIUM
31,31.205-7,P_31_205_7,"31.205-7 Contingencies. Parent proposition establishing rules for contingency costs, including definition, historical costing treatment, and categorization of future cost contingencies.",P_31_205_7_a; P_31_205_7_b; P_31_205_7_c,P_31_205_7_a ^ P_31_205_7_b ^ P_31_205_7_c,P_31_205,Conjunction (Conj): Rule 7,VALIDATED,PASS,PASS,"Parent aggregating definition, historical costing rules, and future cost categorization for contingencies. All sub-provisions required for complete coverage.",HIGH
31,31.205-7(a),P_31_205_7_a,"Contingency, as used in this subpart, means a possible future event or condition arising from presently known or unknown causes, the outcome of which is indeterminable at the present time.",P_31_205_7_a,Contingency = PossibleFutureEvent ^ (KnownCauses v UnknownCauses) ^ IndeterminableOutcome,P_31_205_7,Conjunction (Conj): Rule 7; Addition (Add): Rule 8,VALIDATED,PASS,PASS,"Definitional provision. Three conjunctive elements define the term: future event/condition, known or unknown causation, indeterminable outcome.",HIGH
31,31.205-7(b),P_31_205_7_b,Parent for historical costing treatment of contingency costs.,P_31_205_7_b_1; P_31_205_7_b_2,P_31_205_7_b_1 ^ P_31_205_7_b_2,P_31_205_7,Conjunction (Conj): Rule 7,VALIDATED,PASS,PASS,Parent aggregating general unallowability rule and exception for past period contingency factors.,HIGH
31,31.205-7(b)(1),P_31_205_7_b_1,Costs for contingencies are generally unallowable for historical costing purposes because such costing deals with costs incurred and recorded on the contractor's books.,P_31_205_7_b_1,HistoricalCosting -> ~Allowable(ContingencyCosts),P_31_205_7_b,Material Implication (Impl): Rule 15 [HIGH-RISK]; Negation (Neg): Rule 10,PENDING_REVIEW,PASS,PASS,General prohibition on contingency costs in historical costing context. 'Generally' qualifier noted but the rationale (costs must be incurred and recorded) makes this effectively a prohibition. HIGH-RISK rule 15 used for conditional structure.,MEDIUM
31,31.205-7(b)(2),P_31_205_7_b_2,"A contingency factor may be recognized when it is applicable to a past period to give recognition to minor unsettled factors in the interest of expediting settlement (e.g., terminations).",P_31_205_7_b_2,(ApplicableToPastPeriod ^ MinorUnsettledFactors ^ ExpediateSettlement) -> (RecognizeContingencyFactor v ~RecognizeContingencyFactor),P_31_205_7_b,Material Implication (Impl): Rule 15 [HIGH-RISK]; Tautology (Taut): Rule 18; Conjunction (Conj): Rule 7,PENDING_REVIEW,PASS,PASS,"May' = permissive/discretionary. Three conditions must be met (past period applicability, minor unsettled factors, expediting settlement) but recognition remains discretionary.",MEDIUM
31,31.205-7(c),P_31_205_7_c,"In connection with estimates of future costs, contingencies fall into two categories.",P_31_205_7_c_1; P_31_205_7_c_2,FutureCostEstimates -> (P_31_205_7_c_1 v P_31_205_7_c_2),P_31_205_7,Material Implication (Impl): Rule 15 [HIGH-RISK]; Addition (Add): Rule 8,PENDING_REVIEW,PASS,PASS,Parent for two categories of future cost contingencies. Disjunctive: contingencies fall into one or the other category. HIGH-RISK rule 15 for conditional trigger.,MEDIUM
31,31.205-7(c)(1),P_31_205_7_c_1,"Those that may arise from presently known and existing conditions, the effects of which are foreseeable within reasonable limits of accuracy (e.g., anticipated costs of rejects and defective work). Contingencies of this category are to be included in the estimates of future costs so as to provide the best estimate of performance cost.",P_31_205_7_c_1_a: Contingency arises from known/existing conditions with foreseeable effects; P_31_205_7_c_1_b: Such contingencies must be included in future cost estimates,(KnownExistingConditions ^ ForeseeableEffects) -> IncludeInFutureCostEstimates,P_31_205_7_c,Material Implication (Impl): Rule 15 [HIGH-RISK]; Conjunction (Conj): Rule 7,PENDING_REVIEW,PASS,PASS,Category 1 contingencies: foreseeable effects from known conditions. 'Are to be included' = mandatory inclusion. The purpose is best estimate of performance cost.,MEDIUM
31,31.205-7(c)(2),P_31_205_7_c_2,"Those that may arise from presently known or unknown conditions, the effect of which cannot be measured so precisely as to provide equitable results to the contractor and to the Government (e.g., results of pending litigation). Contingencies of this category are to be excluded from cost estimates under the several items of cost but should be disclosed separately (including the basis upon which the contingency is computed) to facilitate the negotiation of appropriate contractual coverage. (See 31.205-6(f) and 31.205-19.)",P_31_205_7_c_2_a: Contingency arises from known or unknown conditions with imprecise effects; P_31_205_7_c_2_b: Such contingencies must be excluded from cost estimates; P_31_205_7_c_2_c: Such contingencies should be disclosed separately with computation basis,(KnownOrUnknownConditions ^ ~PreciselyMeasurable) -> (ExcludeFromCostEstimates ^ ShouldDiscloseSeparately),P_31_205_7_c; P_31_205_6; P_31_205_19,Material Implication (Impl): Rule 15 [HIGH-RISK]; Conjunction (Conj): Rule 7,PENDING_REVIEW,PASS,PASS,"Category 2 contingencies: imprecise effects. Exclusion is mandatory ('are to be excluded'), but separate disclosure is advisory ('should'). Cross-refs to 31.205-6(f) and 31.205-19. Advisory 'should' noted.",MEDIUM
31,31.205-8,P_31_205_8,"Contributions or donations, including cash, property and services, regardless of recipient, are unallowable (except see 31.205-1(d)(3)).",P_31_205_8,(Contribution v Donation) ^ (Cash v Property v Services) -> ~Allowable,P_31_205; P_31_205_1,Material Implication (Impl): Rule 15 [HIGH-RISK]; Negation (Neg): Rule 10; Addition (Add): Rule 8,PENDING_REVIEW,PASS,PASS,Blanket prohibition on contributions/donations regardless of form or recipient. Single exception via 31.205-1(d)(3). 'Regardless of recipient' broadens scope significantly.,MEDIUM
31,31.205-9,P_31_205_9,[Reserved],P_31_205_9,[Reserved],P_31_205,,VALIDATED,PASS,PASS,Reserved section. No substantive content. Logged and moved on per skeleton notes.,HIGH
31,31.205-10,P_31_205_10,"31.205-10 Cost of money. Parent proposition establishing that cost of money is an imputed cost allowable under specified conditions, including CAS compliance and identification in proposals.",P_31_205_10_a; P_31_205_10_b; P_31_205_10_c,P_31_205_10_a ^ P_31_205_10_b ^ P_31_205_10_c,P_31_205,Conjunction (Conj): Rule 7,VALIDATED,PASS,PASS,"Parent aggregating definition (a), allowability conditions (b), and prohibition on actual interest (c).",HIGH
31,31.205-10(a),P_31_205_10_a,Cost of money: (1) Is an imputed cost that is not a form of interest on borrowings; (2) Is an incurred cost for cost-reimbursement and progress payment purposes; (3) Refers to facilities capital cost of money and cost of money as element of capital assets under construction.,P_31_205_10_a_1; P_31_205_10_a_2; P_31_205_10_a_3,P_31_205_10_a_1 ^ P_31_205_10_a_2 ^ P_31_205_10_a_3,P_31_205_10,Conjunction (Conj): Rule 7,VALIDATED,PASS,PASS,Parent for three definitional attributes of cost of money. All three are conjunctive -- each describes a different aspect.,HIGH
31,31.205-10(a)(1),P_31_205_10_a_1,Cost of money is an imputed cost that is not a form of interest on borrowings (see 31.205-20).,P_31_205_10_a_1,CostOfMoney -> (ImputedCost ^ ~InterestOnBorrowings),P_31_205_10_a; P_31_205_20,Material Implication (Impl): Rule 15 [HIGH-RISK]; Conjunction (Conj): Rule 7; Negation (Neg): Rule 10,PENDING_REVIEW,PASS,PASS,Definitional: cost of money is imputed AND is NOT interest on borrowings. Cross-ref to 31.205-20 for interest rules.,MEDIUM
31,31.205-10(a)(2),P_31_205_10_a_2,Cost of money is an incurred cost for cost-reimbursement purposes under applicable cost-reimbursement contracts and for progress payment purposes under fixed-price contracts.,P_31_205_10_a_2_i; P_31_205_10_a_2_ii,P_31_205_10_a_2_i ^ P_31_205_10_a_2_ii,P_31_205_10_a,Conjunction (Conj): Rule 7,VALIDATED,PASS,PASS,Parent for two incurred cost contexts. Both are conjunctive (cost of money is incurred for both purposes).,HIGH
31,31.205-10(a)(2)(i),P_31_205_10_a_2_i,Cost of money is an incurred cost for cost-reimbursement purposes under applicable cost-reimbursement contracts.,P_31_205_10_a_2_i,CostReimbursementContract -> CostOfMoney_IsIncurredCost,P_31_205_10_a_2,Material Implication (Impl): Rule 15 [HIGH-RISK],PENDING_REVIEW,PASS,PASS,Cost of money treated as incurred cost under cost-reimbursement contracts.,MEDIUM
31,31.205-10(a)(2)(ii),P_31_205_10_a_2_ii,Cost of money is an incurred cost for progress payment purposes under fixed-price contracts.,P_31_205_10_a_2_ii,FixedPriceContract -> CostOfMoney_IsIncurredCost_ForProgressPayments,P_31_205_10_a_2,Material Implication (Impl): Rule 15 [HIGH-RISK],PENDING_REVIEW,PASS,PASS,Cost of money treated as incurred cost for progress payments under fixed-price contracts.,MEDIUM
31,31.205-10(a)(3),P_31_205_10_a_3,Cost of money refers to facilities capital cost of money (see 48 CFR 9904.414) and cost of money as an element of the cost of capital assets under construction (see 48 CFR 9904.417).,P_31_205_10_a_3_i; P_31_205_10_a_3_ii,P_31_205_10_a_3_i ^ P_31_205_10_a_3_ii,P_31_205_10_a,Conjunction (Conj): Rule 7,VALIDATED,PASS,PASS,Parent for two CAS-defined cost of money types. Both are conjunctive elements of the definition.,HIGH
31,31.205-10(a)(3)(i),P_31_205_10_a_3_i,Facilities capital cost of money (see 48 CFR 9904.414).,P_31_205_10_a_3_i,CostOfMoney_RefersTo -> FacilitiesCapitalCostOfMoney(CAS_414),P_31_205_10_a_3,Material Implication (Impl): Rule 15 [HIGH-RISK],PENDING_REVIEW,PASS,PASS,Cross-reference to CAS 414 for facilities capital cost of money. External dependency on 48 CFR 9904.414.,MEDIUM
31,31.205-10(a)(3)(ii),P_31_205_10_a_3_ii,Cost of money as an element of the cost of capital assets under construction (see 48 CFR 9904.417).,P_31_205_10_a_3_ii,CostOfMoney_RefersTo -> CostOfCapitalAssetsUnderConstruction(CAS_417),P_31_205_10_a_3,Material Implication (Impl): Rule 15 [HIGH-RISK],PENDING_REVIEW,PASS,PASS,Cross-reference to CAS 417 for cost of money as element of capital assets under construction. External dependency on 48 CFR 9904.417.,MEDIUM
31,31.205-10(b),P_31_205_10_b,Cost of money is allowable when all three conditions in (b)(1) through (b)(3) are met.,P_31_205_10_b_1; P_31_205_10_b_2; P_31_205_10_b_3,(P_31_205_10_b_1 ^ P_31_205_10_b_2 ^ P_31_205_10_b_3) -> Allowable(CostOfMoney),P_31_205_10,Material Implication (Impl): Rule 15 [HIGH-RISK]; Conjunction (Conj): Rule 7,PENDING_REVIEW,PASS,PASS,Parent for three conjunctive conditions for allowability. All three must be satisfied. 'When' triggers conditional.,MEDIUM
31,31.205-10(b)(1),P_31_205_10_b_1,"It is measured, assigned, and allocated to contracts in accordance with 48 CFR 9904.414 or measured and added to the cost of capital assets under construction in accordance with 48 CFR 9904.417, as applicable.",P_31_205_10_b_1,(Measured ^ Assigned ^ AllocatedPerCAS414) v (Measured ^ AddedToCapitalAssetCostPerCAS417),P_31_205_10_b,Conjunction (Conj): Rule 7; Addition (Add): Rule 8,VALIDATED,PASS,PASS,"Disjunctive: either CAS 414 path (measure, assign, allocate) or CAS 417 path (measure and add), as applicable. External deps on CAS 414 and 417.",HIGH
31,31.205-10(b)(2),P_31_205_10_b_2,"The requirements of 31.205-52, which limit the allowability of cost of money, are followed.",P_31_205_10_b_2,Followed(Requirements_31_205_52),P_31_205_10_b; P_31_205_52,Conjunction (Conj): Rule 7,VALIDATED,PASS,PASS,Simple requirement to follow 31.205-52 limitations. Cross-ref dependency.,HIGH
31,31.205-10(b)(3),P_31_205_10_b_3,The estimated facilities capital cost of money is specifically identified and proposed in cost proposals relating to the contract under which the cost is to be claimed.,P_31_205_10_b_3,SpecificallyIdentified(FacilitiesCapitalCOM) ^ ProposedInCostProposal,P_31_205_10_b,Conjunction (Conj): Rule 7,VALIDATED,PASS,PASS,Two conjunctive requirements: specific identification AND inclusion in cost proposals. Both mandatory.,HIGH
31,31.205-10(c),P_31_205_10_c,Actual interest cost in lieu of the calculated imputed cost of money is unallowable.,P_31_205_10_c,ActualInterestCost_InLieuOf_ImputedCOM -> ~Allowable,P_31_205_10,Material Implication (Impl): Rule 15 [HIGH-RISK]; Negation (Neg): Rule 10,PENDING_REVIEW,PASS,PASS,Clear prohibition: cannot substitute actual interest for imputed cost of money. Establishes bright line between allowable imputed cost and unallowable actual interest.,MEDIUM
31,31.205-11,P_31_205_11,"31.205-11 Depreciation. Parent proposition establishing rules for depreciation on contractor property as an allowable cost, subject to CAS compliance, limitations on government-furnished property, fully depreciated property, impairment, sale-leaseback, and finance lease requirements.",P_31_205_11_a; P_31_205_11_b; P_31_205_11_c; P_31_205_11_d; P_31_205_11_e; P_31_205_11_f; P_31_205_11_g; P_31_205_11_h,P_31_205_11_a ^ P_31_205_11_b ^ P_31_205_11_c ^ P_31_205_11_d ^ P_31_205_11_e ^ P_31_205_11_f ^ P_31_205_11_g ^ P_31_205_11_h,P_31_205,Conjunction (Conj): Rule 7,VALIDATED,PASS,PASS,Parent for 8 sub-provisions covering all depreciation rules. All provisions apply conjunctively.,HIGH
31,31.205-11(a),P_31_205_11_a,Parent for general allowability of depreciation and residual value rules for tangible personal property.,P_31_205_11_a_1; P_31_205_11_a_2,P_31_205_11_a_1 ^ P_31_205_11_a_2,P_31_205_11,Conjunction (Conj): Rule 7,VALIDATED,PASS,PASS,Parent for general depreciation allowability and residual value treatment.,HIGH
31,31.205-11(a)(1),P_31_205_11_a_1,"Depreciation on a contractor's plant, equipment, and other capital facilities is an allowable contract cost, subject to the limitations in this cost principle.",P_31_205_11_a_1,Depreciation(Plant ^ Equipment ^ CapitalFacilities) -> Allowable_SubjectToLimitations,P_31_205_11_a,Material Implication (Impl): Rule 15 [HIGH-RISK]; Conjunction (Conj): Rule 7,PENDING_REVIEW,PASS,PASS,"General allowability of depreciation, qualified by 'subject to limitations in this cost principle.' The conditional links the cost type to allowability with the caveat.",MEDIUM
31,31.205-11(a)(2),P_31_205_11_a_2,"For tangible personal property, only estimated residual values that exceed 10 percent of the capitalized cost of the asset need to be used in establishing depreciable costs.",P_31_205_11_a_2_i; P_31_205_11_a_2_ii,(TangiblePersonalProperty ^ ResidualValue > 10%_CapitalizedCost) -> MustUseInDepreciableCosts,P_31_205_11_a,Material Implication (Impl): Rule 15 [HIGH-RISK]; Conjunction (Conj): Rule 7,PENDING_REVIEW,PASS,PASS,Threshold rule: only residual values exceeding 10% of capitalized cost need consideration. Parent for exceptions in (i) and (ii).,MEDIUM
31,31.205-11(a)(2)(i),P_31_205_11_a_2_i,"Where either the declining balance method of depreciation or the class life asset depreciation range system is used, the residual value does not need to be deducted from capitalized cost to determine depreciable costs.",P_31_205_11_a_2_i,(DecliningBalanceMethod v ClassLifeADRS) -> ~Required(DeductResidualValue),P_31_205_11_a_2,Material Implication (Impl): Rule 15 [HIGH-RISK]; Addition (Add): Rule 8; Negation (Neg): Rule 10,PENDING_REVIEW,PASS,PASS,Exception to residual value deduction for specific depreciation methods. Disjunctive antecedent: either method triggers the exception.,MEDIUM
31,31.205-11(a)(2)(ii),P_31_205_11_a_2_ii,Depreciation cost that would significantly reduce the book value of a tangible capital asset below its residual value is unallowable.,P_31_205_11_a_2_ii,DepreciationCost_ReducesBookValue_BelowResidual -> ~Allowable,P_31_205_11_a_2,Material Implication (Impl): Rule 15 [HIGH-RISK]; Negation (Neg): Rule 10,PENDING_REVIEW,PASS,PASS,Prohibition on over-depreciation. 'Significantly' is a qualitative threshold that may require judgment.,MEDIUM
31,31.205-11(b),P_31_205_11_b,Parent for CAS 409 compliance requirements for depreciation.,P_31_205_11_b_1; P_31_205_11_b_2,P_31_205_11_b_1 ^ P_31_205_11_b_2,P_31_205_11,Conjunction (Conj): Rule 7,VALIDATED,PASS,PASS,Parent for CAS 409 mandatory compliance and continuation requirements.,HIGH
31,31.205-11(b)(1),P_31_205_11_b_1,Contractors with contracts subject to 48 CFR 9904.409 must adhere to the requirement of that standard for all fully CAS-covered contracts and may elect to adopt the standard for all other contracts.,P_31_205_11_b_1_a: Contractors with CAS 409 contracts must adhere for fully CAS-covered contracts; P_31_205_11_b_1_b: Contractors may elect CAS 409 for all other contracts,(SubjectToCAS409 ^ FullyCASCovered) -> MustAdhere(CAS409); (SubjectToCAS409 ^ ~FullyCASCovered) -> (ElectCAS409 v ~ElectCAS409),P_31_205_11_b,Material Implication (Impl): Rule 15 [HIGH-RISK]; Conjunction (Conj): Rule 7; Tautology (Taut): Rule 18,PENDING_REVIEW,PASS,PASS,"Two-part rule: mandatory adherence for fully CAS-covered, permissive election for others. 'May elect' = discretionary per tautology treatment.",MEDIUM
31,31.205-11(b)(2),P_31_205_11_b_2,"All requirements of 48 CFR 9904.409 are applicable if the election in paragraph (b)(1) of this section is made, and contractors must continue to follow it until notification of final acceptance of all deliverable items under negotiated Government contracts.",P_31_205_11_b_2,ElectionMade(b1) -> (AllCAS409Requirements ^ ContinueUntilFinalAcceptance),P_31_205_11_b,Material Implication (Impl): Rule 15 [HIGH-RISK]; Conjunction (Conj): Rule 7,PENDING_REVIEW,PASS,PASS,"If election is made under (b)(1), all CAS 409 requirements apply AND contractor must continue until final acceptance. Lock-in provision.",MEDIUM
31,31.205-11(c),P_31_205_11_c,"For contracts that are not subject to 48 CFR 9904.409, allowable depreciation must not exceed the amount used for financial accounting purposes and must be determined in a manner consistent with the depreciation policies and procedures followed in the same segment on non-Government business (except see paragraphs (g) and (h) of this section).",P_31_205_11_c_a: Allowable depreciation must not exceed financial accounting amount; P_31_205_11_c_b: Depreciation must be consistent with non-Government business policies in same segment,~SubjectToCAS409 -> (~ExceedFinancialAccountingAmount ^ ConsistentWithNonGovtPolicies),P_31_205_11,Material Implication (Impl): Rule 15 [HIGH-RISK]; Conjunction (Conj): Rule 7; Negation (Neg): Rule 10,PENDING_REVIEW,PASS,PASS,For non-CAS-409 contracts: two conjunctive constraints. Must not exceed financial accounting amounts AND must be consistent with same-segment non-Govt policies. Exceptions in (g) and (h).,MEDIUM
31,31.205-11(d),P_31_205_11_d,"Depreciation, rental, or use charges are unallowable on property acquired from the Government at no cost to the contractor or any division, subsidiary, or affiliate of the contractor under common control.",P_31_205_11_d,GovtPropertyAtNoCost(Contractor v Division v Subsidiary v Affiliate_CommonControl) -> ~Allowable(Depreciation v Rental v UseCharges),P_31_205_11,Material Implication (Impl): Rule 15 [HIGH-RISK]; Negation (Neg): Rule 10; Addition (Add): Rule 8,PENDING_REVIEW,PASS,PASS,Prohibition on depreciation/rental/use charges for no-cost government property. Scope extends to affiliates under common control.,MEDIUM
31,31.205-11(e),P_31_205_11_e,"The depreciation on an item that meets the criteria for allowance at price under 31.205-26(f) may be based on that price, provided the same policies and procedures are used for costing all business of the using division, subsidiary, or organization under common control.",P_31_205_11_e,(MeetsCriteria_31_205_26f ^ SamePoliciesAllBusiness) -> (DepreciationBasedOnPrice v ~DepreciationBasedOnPrice),P_31_205_11; P_31_205_26,Material Implication (Impl): Rule 15 [HIGH-RISK]; Tautology (Taut): Rule 18; Conjunction (Conj): Rule 7,PENDING_REVIEW,PASS,PASS,May' = permissive. Two conditions (meets 31.205-26(f) criteria AND consistent policies) enable but do not mandate price-based depreciation. Cross-ref to 31.205-26(f).,MEDIUM
31,31.205-11(f),P_31_205_11_f,Parent for rules on fully depreciated property.,P_31_205_11_f_1; P_31_205_11_f_2; P_31_205_11_f_3,P_31_205_11_f_1 ^ P_31_205_11_f_2 ^ P_31_205_11_f_3,P_31_205_11,Conjunction (Conj): Rule 7,VALIDATED,PASS,PASS,"Parent aggregating prohibition, agreed charge exception, and charge determination factors for fully depreciated property.",HIGH
31,31.205-11(f)(1),P_31_205_11_f_1,"No depreciation or rental is allowed on property that is fully depreciated by the contractor or by any division, subsidiary, or affiliate of the contractor under common control.",P_31_205_11_f_1,FullyDepreciated(Contractor v Division v Subsidiary v Affiliate_CommonControl) -> ~Allowable(Depreciation v Rental),P_31_205_11_f,Material Implication (Impl): Rule 15 [HIGH-RISK]; Negation (Neg): Rule 10; Addition (Add): Rule 8,PENDING_REVIEW,PASS,PASS,Prohibition on depreciation/rental for fully depreciated property. Common control scope prevents circumvention through related entities.,MEDIUM
31,31.205-11(f)(2),P_31_205_11_f_2,A reasonable charge for using fully depreciated property may be agreed upon and allowed (except see 31.110(b)(2)).,P_31_205_11_f_2,FullyDepreciatedProperty -> (ReasonableUseCharge_AgreedAndAllowed v ~ReasonableUseCharge_AgreedAndAllowed),P_31_205_11_f; P_31_110,Material Implication (Impl): Rule 15 [HIGH-RISK]; Tautology (Taut): Rule 18,PENDING_REVIEW,PASS,PASS,May' = permissive. A use charge is possible by agreement but not mandated. Exception in 31.110(b)(2). Charge must be 'reasonable.',MEDIUM
31,31.205-11(f)(3),P_31_205_11_f_3,"In determining the charge, consideration must be given to cost, total estimated useful life at the time of negotiations, effect of any increased maintenance charges or decreased efficiency due to age, and the amount of depreciation previously charged to Government contracts or subcontracts.",P_31_205_11_f_3,DeterminingCharge -> Consider(Cost ^ EstimatedUsefulLife ^ MaintenanceEfficiencyEffects ^ PriorGovtDepreciation),P_31_205_11_f,Material Implication (Impl): Rule 15 [HIGH-RISK]; Conjunction (Conj): Rule 7,PENDING_REVIEW,PASS,PASS,Four mandatory consideration factors when determining the use charge. 'Must' = mandatory. All four are conjunctive requirements.,MEDIUM
31,31.205-11(g),P_31_205_11_g,"Whether or not the contract is subject to CAS, the following apply.",P_31_205_11_g_1; P_31_205_11_g_2; P_31_205_11_g_3,(CASSubject v ~CASSubject) -> (P_31_205_11_g_1 ^ P_31_205_11_g_2 ^ P_31_205_11_g_3),P_31_205_11,Material Implication (Impl): Rule 15 [HIGH-RISK]; Tautology (Taut): Rule 18; Conjunction (Conj): Rule 7,PENDING_REVIEW,PASS,PASS,Universal applicability regardless of CAS status. The tautological antecedent (CAS or not CAS) means these apply to ALL contracts. Three conjunctive sub-provisions.,MEDIUM
31,31.205-11(g)(1),P_31_205_11_g_1,The requirements of 31.205-52.,P_31_205_11_g_1,Apply(Requirements_31_205_52),P_31_205_11_g; P_31_205_52,Conjunction (Conj): Rule 7,VALIDATED,PASS,PASS,Simple cross-reference requiring compliance with 31.205-52 (asset valuation).,HIGH
31,31.205-11(g)(2),P_31_205_11_g_2,"In the event of a write-down from carrying value to fair value as a result of impairments caused by events or changes in circumstances, allowable depreciation of the impaired assets is limited to the amounts that would have been allowed had the assets not been written down (see 31.205-16(g)). However, this does not preclude a change in depreciation resulting from other causes such as permissible changes in estimates of service life, consumption of services, or residual value.","P_31_205_11_g_2_a: Impairment write-down limits depreciation to pre-write-down amounts; P_31_205_11_g_2_b: Changes from other causes (service life, consumption, residual value) are not precluded",ImpairmentWriteDown -> LimitDepreciation(PreWriteDownAmounts); ~Preclude(ChangeFromOtherCauses),P_31_205_11_g; P_31_205_16,Material Implication (Impl): Rule 15 [HIGH-RISK]; Negation (Neg): Rule 10,PENDING_REVIEW,PASS,PASS,Two-part rule: (1) impairment write-downs do not increase allowable depreciation beyond what would have been allowed without write-down; (2) carve-out for other legitimate depreciation changes. Cross-ref to 31.205-16(g).,MEDIUM
31,31.205-11(g)(3),P_31_205_11_g_3,Parent for reacquired property rules in sale-leaseback context.,P_31_205_11_g_3_i; P_31_205_11_g_3_ii,P_31_205_11_g_3_i ^ P_31_205_11_g_3_ii,P_31_205_11_g,Conjunction (Conj): Rule 7,VALIDATED,PASS,PASS,Parent for reacquisition depreciation basis rule and definition of reacquired property.,HIGH
31,31.205-11(g)(3)(i),P_31_205_11_g_3_i,"In the event the contractor reacquires property involved in a sale and leaseback arrangement, allowable depreciation of reacquired property must be based on the net book value of the asset as of the date the contractor originally became a lessee of the property in the sale and leaseback arrangement, adjusted for any allowable gain or loss determined in accordance with 31.205-16(b), and less any amount of depreciation expense included in the calculation of the amount that would have been allowed had the contractor retained title under 31.205-11(h)(1) and 31.205-36(b)(2).",P_31_205_11_g_3_i_a: Depreciation based on net book value at original lessee date; P_31_205_11_g_3_i_b: Adjusted for allowable gain/loss per 31.205-16(b); P_31_205_11_g_3_i_c: Less depreciation included in retained-title calculation per 31.205-11(h)(1) and 31.205-36(b)(2),ReacquireProperty_SaleLeaseback -> DepreciationBasis(NetBookValue_AtLesseeDate ^ AdjustGainLoss_16b ^ LessDepreciation_h1_36b2),P_31_205_11_g_3; P_31_205_16; P_31_205_36,Material Implication (Impl): Rule 15 [HIGH-RISK]; Conjunction (Conj): Rule 7,PENDING_REVIEW,PASS,PASS,"Complex depreciation basis calculation for reacquired sale-leaseback property. Three conjunctive adjustments to net book value. Multiple cross-references: 31.205-16(b), 31.205-11(h)(1), 31.205-36(b)(2).",MEDIUM
31,31.205-11(g)(3)(ii),P_31_205_11_g_3_ii,"As used in this paragraph (g)(3), reacquired property is property that generated either any depreciation expense or any cost of money considered in the calculation of the limitations under 31.205-11(h)(1) and 31.205-36(b)(2) during the most recent accounting period prior to the date of reacquisition.",P_31_205_11_g_3_ii,ReacquiredProperty <-> (GeneratedDepreciationExpense v GeneratedCOM_InLimitationCalc) ^ MostRecentPeriodPriorToReacquisition,P_31_205_11_g_3; P_31_205_36,Biconditional (Bicond): Rule 17; Addition (Add): Rule 8; Conjunction (Conj): Rule 7,PENDING_REVIEW,PASS,PASS,Definitional provision using biconditional. Property qualifies as 'reacquired' if and only if it generated depreciation or cost of money in the limitation calculations during the most recent accounting period before reacquisition. Cross-refs to 31.205-11(h)(1) and 31.205-36(b)(2).,MEDIUM
31,31.205-11(h),P_31_205_11_h,"A finance lease, as defined in Financial Accounting Standards Board's Accounting Standards Codification (FASB ASC) 842, Leases, is subject to the requirements of this cost principle. (See 31.205-36 for Operating Leases.)",P_31_205_11_h_1; P_31_205_11_h_2,FinanceLease(FASB_ASC_842) -> SubjectTo(ThisCostPrinciple) ^ (P_31_205_11_h_1 ^ P_31_205_11_h_2),P_31_205_11; P_31_205_36,Material Implication (Impl): Rule 15 [HIGH-RISK]; Conjunction (Conj): Rule 7,PENDING_REVIEW,PASS,PASS,Finance leases per FASB ASC 842 are subject to depreciation cost principle. Cross-ref to 31.205-36 for operating leases. Parent for sale-leaseback and related-party limitations.,MEDIUM
31,31.205-11(h)(1),P_31_205_11_h_1,"Lease costs under a sale and leaseback arrangement are allowable only up to the amount that would be allowed if the contractor retained title, computed based on the net book value of the asset on the date the contractor becomes a lessee of the property adjusted for any gain or loss recognized in accordance with 31.205-16(b).",P_31_205_11_h_1,SaleLeaseback -> AllowableLeaseCosts_LimitedTo(RetainedTitleAmount(NetBookValue_AtLesseeDate ^ AdjustedPerGainLoss_16b)),P_31_205_11_h; P_31_205_16,Material Implication (Impl): Rule 15 [HIGH-RISK]; Conjunction (Conj): Rule 7,PENDING_REVIEW,PASS,PASS,"Sale-leaseback cost cap: allowable costs limited to what would have been allowed had contractor kept title. Computed from net book value at lessee date, adjusted per 31.205-16(b). 'Only' emphasizes this is a ceiling.",MEDIUM
31,31.205-11(h)(2),P_31_205_11_h_2,"If it is determined that the terms of the finance lease have been significantly affected by the fact that the lessee and lessor are related, depreciation charges are not allowable in excess of those that would have occurred if the lease contained terms consistent with those found in a lease between unrelated parties.",P_31_205_11_h_2,(FinanceLease ^ RelatedParties ^ TermsSignificantlyAffected) -> ~Allowable(DepreciationCharges > UnrelatedPartyTerms),P_31_205_11_h,Material Implication (Impl): Rule 15 [HIGH-RISK]; Conjunction (Conj): Rule 7; Negation (Neg): Rule 10,PENDING_REVIEW,PASS,PASS,"Related-party limitation: if lease terms are influenced by related-party status, depreciation capped at arm's length equivalent. Three conjunctive conditions trigger the limitation.",MEDIUM
31,31.205-12,P_31_205_12,"31.205-12 Economic planning costs. Parent proposition establishing definition, exclusions, and allowability of economic planning costs.",P_31_205_12_a; P_31_205_12_b; P_31_205_12_c,P_31_205_12_a ^ P_31_205_12_b ^ P_31_205_12_c,P_31_205,Conjunction (Conj): Rule 7,VALIDATED,PASS,PASS,"Parent for three sub-provisions: definition, exclusion scope, and allowability determination.",HIGH
31,31.205-12(a),P_31_205_12_a,Economic planning costs are the costs of general long-range management planning that is concerned with the future overall development of the contractor's business and that may take into account the eventual possibility of economic dislocations or fundamental alterations in those markets in which the contractor currently does business.,P_31_205_12_a,EconomicPlanningCosts = GeneralLongRangePlanning ^ FutureOverallDevelopment ^ (MayConsiderDislocations v MayConsiderMarketAlterations),P_31_205_12,Conjunction (Conj): Rule 7; Addition (Add): Rule 8,VALIDATED,PASS,PASS,"Definitional provision. Core elements are conjunctive (general long-range, future development). Consideration of dislocations/alterations is permissive ('may').",HIGH
31,31.205-12(b),P_31_205_12_b,Economic planning costs do not include organization or reorganization costs covered by 31.205-27. (See 31.205-38 for market planning costs other than economic planning costs.),P_31_205_12_b,EconomicPlanningCosts -> ~Include(OrgReorgCosts_31_205_27),P_31_205_12; P_31_205_27; P_31_205_38,Material Implication (Impl): Rule 15 [HIGH-RISK]; Negation (Neg): Rule 10,PENDING_REVIEW,PASS,PASS,Exclusion scope: organization/reorganization costs are carved out to 31.205-27. Market planning costs carved out to 31.205-38.,MEDIUM
31,31.205-12(c),P_31_205_12_c,Economic planning costs are allowable.,P_31_205_12_c,Allowable(EconomicPlanningCosts),P_31_205_12,Conjunction (Conj): Rule 7,VALIDATED,PASS,PASS,Simple declarative allowability statement. No conditions or limitations beyond definition in (a) and exclusions in (b).,HIGH
31,31.205-13,P_31_205_13,"31.205-13 Employee morale, health, welfare, food service, and dormitory costs and credits. Parent proposition establishing allowability of employee morale/welfare costs with limitations on gifts, recreation, food/dormitory losses, and employee associations.",P_31_205_13_a; P_31_205_13_b; P_31_205_13_c; P_31_205_13_d; P_31_205_13_e; P_31_205_13_f,P_31_205_13_a ^ P_31_205_13_b ^ P_31_205_13_c ^ P_31_205_13_d ^ P_31_205_13_e ^ P_31_205_13_f,P_31_205,Conjunction (Conj): Rule 7,VALIDATED,PASS,PASS,"Parent for six sub-provisions covering allowability, gifts, recreation, food/dormitory losses, employee associations, and contributions.",HIGH
31,31.205-13(a),P_31_205_13_a,"Aggregate costs incurred on activities designed to improve working conditions, employer-employee relations, employee morale, and employee performance (less income generated by these activities) are allowable, subject to the limitations in this section. Examples of allowable activities include house publications, health clinics, wellness/fitness centers, employee counseling services, and food and dormitory services.",P_31_205_13_a_1; P_31_205_13_a_2; P_31_205_13_a_3; P_31_205_13_a_4; P_31_205_13_a_5,(MoraleWelfareActivities ^ NetOfIncome) -> Allowable_SubjectToLimitations,P_31_205_13,Material Implication (Impl): Rule 15 [HIGH-RISK]; Conjunction (Conj): Rule 7,PENDING_REVIEW,PASS,PASS,"General allowability for morale/welfare activities, net of income. Subject to section limitations. Parent for example list in (1)-(5).",MEDIUM
31,31.205-13(a)(1),P_31_205_13_a_1,"House publications are an example of allowable employee morale, health, welfare activities.",P_31_205_13_a_1,HousePublications -> ExampleOf(AllowableMoraleActivity),P_31_205_13_a,Material Implication (Impl): Rule 15 [HIGH-RISK],VALIDATED,PASS,PASS,Enumerated example of allowable activity. Not exhaustive.,HIGH
31,31.205-13(a)(2),P_31_205_13_a_2,"Health clinics are an example of allowable employee morale, health, welfare activities.",P_31_205_13_a_2,HealthClinics -> ExampleOf(AllowableMoraleActivity),P_31_205_13_a,Material Implication (Impl): Rule 15 [HIGH-RISK],VALIDATED,PASS,PASS,Enumerated example of allowable activity.,HIGH
31,31.205-13(a)(3),P_31_205_13_a_3,"Wellness/fitness centers are an example of allowable employee morale, health, welfare activities.",P_31_205_13_a_3,WellnessFitnessCenters -> ExampleOf(AllowableMoraleActivity),P_31_205_13_a,Material Implication (Impl): Rule 15 [HIGH-RISK],VALIDATED,PASS,PASS,Enumerated example of allowable activity.,HIGH
31,31.205-13(a)(4),P_31_205_13_a_4,"Employee counseling services are an example of allowable employee morale, health, welfare activities.",P_31_205_13_a_4,EmployeeCounselingServices -> ExampleOf(AllowableMoraleActivity),P_31_205_13_a,Material Implication (Impl): Rule 15 [HIGH-RISK],VALIDATED,PASS,PASS,Enumerated example of allowable activity.,HIGH
31,31.205-13(a)(5),P_31_205_13_a_5,"Food and dormitory services for the contractor's employees at or near the contractor's facilities, including operating or furnishing facilities for cafeterias, dining rooms, canteens, lunch wagons, vending machines, living accommodations, and similar types of services.",P_31_205_13_a_5_i; P_31_205_13_a_5_ii,FoodDormitoryServices(AtOrNearFacilities) -> ExampleOf(AllowableMoraleActivity) ^ (P_31_205_13_a_5_i ^ P_31_205_13_a_5_ii),P_31_205_13_a,Material Implication (Impl): Rule 15 [HIGH-RISK]; Conjunction (Conj): Rule 7,PENDING_REVIEW,PASS,PASS,Enumerated example with sub-examples. Parent for types of food/dormitory services.,MEDIUM
31,31.205-13(a)(5)(i),P_31_205_13_a_5_i,"Operating or furnishing facilities for cafeterias, dining rooms, canteens, lunch wagons, vending machines, living accommodations.",P_31_205_13_a_5_i,OperateOrFurnish(Cafeterias ^ DiningRooms ^ Canteens ^ LunchWagons ^ VendingMachines ^ LivingAccommodations),P_31_205_13_a_5,Conjunction (Conj): Rule 7,VALIDATED,PASS,PASS,Non-exhaustive list of food/dormitory facility types. Conjunctive enumeration of examples.,HIGH
31,31.205-13(a)(5)(ii),P_31_205_13_a_5_ii,Similar types of services.,P_31_205_13_a_5_ii,SimilarServicesTypes,P_31_205_13_a_5,Conjunction (Conj): Rule 7,VALIDATED,PASS,PASS,Catch-all for services similar to those enumerated in (i). Extends scope beyond the explicit list.,HIGH
31,31.205-13(b),P_31_205_13_b,Parent for gift cost rules including prohibition and exception for performance/achievement awards.,P_31_205_13_b_1; P_31_205_13_b_2,P_31_205_13_b_1 ^ P_31_205_13_b_2,P_31_205_13,Conjunction (Conj): Rule 7,VALIDATED,PASS,PASS,Parent for gift prohibition and award exception.,HIGH
31,31.205-13(b)(1),P_31_205_13_b_1,Costs of gifts are unallowable.,P_31_205_13_b_1,~Allowable(CostsOfGifts),P_31_205_13_b,Negation (Neg): Rule 10,VALIDATED,PASS,PASS,Blanket prohibition on gift costs. Simple negation.,HIGH
31,31.205-13(b)(2),P_31_205_13_b_2,Gifts do not include awards for performance made pursuant to 31.205-6(e) or awards made in recognition of employee achievements pursuant to an established contractor plan or policy.,P_31_205_13_b_2,~Gift(PerformanceAwards_31_205_6e v AchievementAwards_EstablishedPlan),P_31_205_13_b; P_31_205_6,Negation (Neg): Rule 10; Addition (Add): Rule 8,VALIDATED,PASS,PASS,Definitional carve-out: performance awards per 31.205-6(e) and achievement awards per established plans are NOT gifts. Disjunctive exclusion.,HIGH
31,31.205-13(c),P_31_205_13_c,"Costs of recreation are unallowable, except for the costs of employees' participation in company sponsored sports teams or employee organizations designed to improve company loyalty, teamwork, or physical fitness.","P_31_205_13_c_a: Recreation costs are unallowable; P_31_205_13_c_b: Exception for company-sponsored sports teams/employee organizations improving loyalty, teamwork, or fitness",~Allowable(RecreationCosts) ^ ((CompanySponsoredSportsTeams v EmployeeOrgs_Loyalty_Teamwork_Fitness) -> Allowable),P_31_205_13,Negation (Neg): Rule 10; Material Implication (Impl): Rule 15 [HIGH-RISK]; Addition (Add): Rule 8,PENDING_REVIEW,PASS,PASS,"General prohibition with specific exception. Exception requires company sponsorship AND purpose of improving loyalty, teamwork, or fitness.",MEDIUM
31,31.205-13(d),P_31_205_13_d,Parent for food and dormitory loss allowability rules.,P_31_205_13_d_1; P_31_205_13_d_2,P_31_205_13_d_1 ^ P_31_205_13_d_2,P_31_205_13,Conjunction (Conj): Rule 7,VALIDATED,PASS,PASS,Parent for loss allowability criteria and indirect expense allocation requirement.,HIGH
31,31.205-13(d)(1),P_31_205_13_d_1,The allowability of food and dormitory losses are determined by the following criteria.,P_31_205_13_d_1_i; P_31_205_13_d_1_ii; P_31_205_13_d_1_iii,P_31_205_13_d_1_i ^ P_31_205_13_d_1_ii ^ P_31_205_13_d_1_iii,P_31_205_13_d,Conjunction (Conj): Rule 7,VALIDATED,PASS,PASS,Parent for three criteria governing food/dormitory loss allowability.,HIGH
31,31.205-13(d)(1)(i),P_31_205_13_d_1_i,Losses from operating food and dormitory services are allowable only if the contractor's objective is to operate such services on a break-even basis.,P_31_205_13_d_1_i,BreakEvenObjective -> Allowable(FoodDormitoryLosses); ~BreakEvenObjective -> ~Allowable(FoodDormitoryLosses),P_31_205_13_d_1,Biconditional (Bicond): Rule 17; Negation (Neg): Rule 10,PENDING_REVIEW,PASS,PASS,Only if' creates biconditional: losses allowable if and only if break-even objective. Contractor intent is the controlling factor.,MEDIUM
31,31.205-13(d)(1)(ii),P_31_205_13_d_1_ii,"Losses sustained because food services or lodging accommodations are furnished without charge or at prices or rates that would not be conducive to the accomplishment of the objective in paragraph (d)(1)(i) of this section are not allowable, except as described in paragraph (d)(1)(iii) of this section.",P_31_205_13_d_1_ii,(FreeOrBelowBreakEvenPricing -> ~Allowable(Losses)) ^ ExceptPer_d_1_iii,P_31_205_13_d_1,Material Implication (Impl): Rule 15 [HIGH-RISK]; Negation (Neg): Rule 10,PENDING_REVIEW,PASS,PASS,Losses from underpriced or free services are unallowable. Exception in (iii) for unusual circumstances. Links to break-even objective in (i).,MEDIUM
31,31.205-13(d)(1)(iii),P_31_205_13_d_1_iii,"A loss may be allowed if the contractor can demonstrate that unusual circumstances exist such that even with efficient management, operating the services on a break-even basis would require charging inordinately high prices, or prices or rates higher than those charged by commercial establishments offering the same services in the same geographical areas. Examples include: (A) remote locations without adequate commercial facilities; (B) excessive unproductive labor costs if services unavailable; (C) termination/reduction would not yield net cost savings.",P_31_205_13_d_1_iii,(UnusualCircumstances ^ EfficientManagement ^ (InordinatelyHighPrices v AboveCommercialRates)) -> (AllowLoss v ~AllowLoss),P_31_205_13_d_1,Material Implication (Impl): Rule 15 [HIGH-RISK]; Tautology (Taut): Rule 18; Conjunction (Conj): Rule 7,PENDING_REVIEW,PASS,PASS,"May' = permissive. Contractor must demonstrate unusual circumstances AND efficient management AND pricing impracticality. Three examples provided (remote location, labor costs, no net savings) but list is illustrative. Sub-items (A)-(C) handled via atomic decomposition within this proposition.",MEDIUM
31,31.205-13(d)(2),P_31_205_13_d_2,Costs of food and dormitory services must include an allocable share of indirect expenses pertaining to these activities.,P_31_205_13_d_2,FoodDormitoryCosts -> MustInclude(AllocableShareIndirectExpenses),P_31_205_13_d,Material Implication (Impl): Rule 15 [HIGH-RISK],PENDING_REVIEW,PASS,PASS,Mandatory inclusion of allocable indirect expenses in food/dormitory cost calculations. 'Must' = mandatory.,MEDIUM
31,31.205-13(e),P_31_205_13_e,"When the contractor has an arrangement authorizing an employee association to provide or operate a service, such as vending machines in the contractor's plant, and retain the profits, such profits must be treated in the same manner as if the contractor were providing the service (except see paragraph (f) of this section).",P_31_205_13_e,(EmployeeAssociationArrangement ^ RetainsProfits) -> TreatProfitsAsContractorProvided,P_31_205_13,Material Implication (Impl): Rule 15 [HIGH-RISK]; Conjunction (Conj): Rule 7,PENDING_REVIEW,PASS,PASS,Employee association profits treated as if contractor-provided. Prevents profit diversion through employee associations. Exception in (f).,MEDIUM
31,31.205-13(f),P_31_205_13_f,"Contributions by the contractor to an employee organization, including funds from vending machine receipts or similar sources, are allowable only to the extent that the contractor demonstrates that an equivalent amount of the costs incurred by the employee organization would be allowable if directly incurred by the contractor.",P_31_205_13_f,ContractorContribution_ToEmployeeOrg -> Allowable_OnlyIfEquivalentDirectCostsAllowable,P_31_205_13,Material Implication (Impl): Rule 15 [HIGH-RISK]; Biconditional (Bicond): Rule 17,PENDING_REVIEW,PASS,PASS,Only to the extent' creates a proportional limitation. Allowability of contributions mirrors what would be allowable if contractor incurred directly. Burden of demonstration on contractor.,MEDIUM
31,31.205-14,P_31_205_14,"31.205-14 Entertainment costs. Parent proposition establishing that entertainment costs, club memberships, and associated costs are unallowable, with no cross-principle escape.",P_31_205_14_a; P_31_205_14_b; P_31_205_14_c,P_31_205_14_a ^ P_31_205_14_b ^ P_31_205_14_c,P_31_205,Conjunction (Conj): Rule 7,VALIDATED,PASS,PASS,"Parent for three sub-provisions: entertainment costs, membership costs, and anti-circumvention clause.",HIGH
31,31.205-14(a),P_31_205_14_a,"Costs of amusement, diversions, social activities, and any directly associated costs, such as tickets to shows or sporting events, meals, lodging, rentals, transportation, and gratuities are unallowable.",P_31_205_14_a,~Allowable(Amusement ^ Diversions ^ SocialActivities ^ AssociatedCosts(Tickets ^ Meals ^ Lodging ^ Rentals ^ Transportation ^ Gratuities)),P_31_205_14,Negation (Neg): Rule 10; Conjunction (Conj): Rule 7,VALIDATED,PASS,PASS,Broad prohibition on entertainment and all directly associated costs. List is illustrative ('such as') but comprehensive.,HIGH
31,31.205-14(b),P_31_205_14_b,"Costs of membership in social, dining, country clubs, or other organizations having the same purposes are also unallowable, regardless of whether the cost is reported as taxable income to the employees.",P_31_205_14_b,~Allowable(ClubMemberships(Social v Dining v Country v SimilarPurpose)) ^ RegardlessOfTaxableIncomeReporting,P_31_205_14,Negation (Neg): Rule 10; Addition (Add): Rule 8,VALIDATED,PASS,PASS,Club membership prohibition. 'Regardless of taxable income reporting' closes a potential loophole where costs might be recharacterized as compensation.,HIGH
31,31.205-14(c),P_31_205_14_c,Costs made specifically unallowable under this cost principle are not allowable under any other cost principle.,P_31_205_14_c,UnallowableUnder_31_205_14 -> ~Allowable_UnderAnyOtherCostPrinciple,P_31_205_14,Material Implication (Impl): Rule 15 [HIGH-RISK]; Negation (Neg): Rule 10,PENDING_REVIEW,PASS,PASS,Anti-circumvention clause. Prevents reclassifying entertainment costs under a different cost principle to achieve allowability. Strong lockout provision.,MEDIUM
31,31.205-15,P_31_205_15,"31.205-15 Fines, penalties, and mischarging costs. Parent proposition establishing unallowability of fines/penalties from legal violations and mischarging costs.",P_31_205_15_a; P_31_205_15_b,P_31_205_15_a ^ P_31_205_15_b,P_31_205,Conjunction (Conj): Rule 7,VALIDATED,PASS,PASS,Parent for two sub-provisions: fines/penalties and mischarging costs.,HIGH
31,31.205-15(a),P_31_205_15_a,"Costs of fines and penalties resulting from violations of, or failure of the contractor to comply with, Federal, State, local, or foreign laws and regulations, are unallowable except when incurred as a result of compliance with specific terms and conditions of the contract or written instructions from the contracting officer.",P_31_205_15_a_a: Fines/penalties from legal violations are unallowable; P_31_205_15_a_b: Exception when incurred from compliance with contract terms or CO written instructions,(ViolationOfLaw v FailureToComply) -> ~Allowable(FinesPenalties) ^ ((ComplianceWithContractTerms v WrittenCOInstructions) -> Allowable(FinesPenalties)),P_31_205_15,Material Implication (Impl): Rule 15 [HIGH-RISK]; Negation (Neg): Rule 10; Addition (Add): Rule 8,PENDING_REVIEW,PASS,PASS,General prohibition with narrow exception. Fines from law violations are unallowable UNLESS they result from following contract terms or CO instructions. Exception protects contractors acting under government direction.,MEDIUM
31,31.205-15(b),P_31_205_15_b,"Costs incurred in connection with, or related to, the mischarging of costs on Government contracts are unallowable when the costs are caused by, or result from, alteration or destruction of records, or other false or improper charging or recording of costs. Such costs include those incurred to measure or otherwise determine the magnitude of the improper charging, and costs incurred to remedy or correct the mischarging, such as costs to rescreen and reconstruct records.",P_31_205_15_b,(MischargingCosts ^ (AlteredRecords v DestroyedRecords v FalseCharging v ImproperRecording)) -> ~Allowable(AllRelatedCosts_Including_Measurement ^ Remediation),P_31_205_15,Material Implication (Impl): Rule 15 [HIGH-RISK]; Negation (Neg): Rule 10; Conjunction (Conj): Rule 7; Addition (Add): Rule 8,PENDING_REVIEW,PASS,PASS,"Prohibition encompasses both the mischarging itself AND all costs to investigate and correct it. Broad scope: includes measurement, rescreening, reconstruction costs.",MEDIUM
31,31.205-16,P_31_205_16,"31.205-16 Gains and losses on disposition or impairment of depreciable property or other capital assets. Parent proposition establishing treatment of gains/losses from property disposition including sale-leaseback, tangible capital assets, involuntary conversions, depreciation reserve processing, and non-depreciable capital assets.",P_31_205_16_a; P_31_205_16_b; P_31_205_16_c; P_31_205_16_d; P_31_205_16_e; P_31_205_16_f; P_31_205_16_g; P_31_205_16_h,P_31_205_16_a ^ P_31_205_16_b ^ P_31_205_16_c ^ P_31_205_16_d ^ P_31_205_16_e ^ P_31_205_16_f ^ P_31_205_16_g ^ P_31_205_16_h,P_31_205,Conjunction (Conj): Rule 7,VALIDATED,PASS,PASS,Parent for 8 sub-provisions covering all gain/loss treatment scenarios.,HIGH
31,31.205-16(a),P_31_205_16_a,Parent for general gain/loss inclusion rules and business combination exception.,P_31_205_16_a_1; P_31_205_16_a_2,P_31_205_16_a_1 ^ P_31_205_16_a_2,P_31_205_16,Conjunction (Conj): Rule 7,VALIDATED,PASS,PASS,Parent for general timing rule and business combination carve-out.,HIGH
31,31.205-16(a)(1),P_31_205_16_a_1,"Gains and losses from the sale, retirement, or other disposition (except see 31.205-19) of depreciable property must be included in the year in which they occur as credits or charges to the cost grouping(s) in which the depreciation or amortization applicable to those assets was included (except see paragraph (e) of this section).",P_31_205_16_a_1,(Sale v Retirement v OtherDisposition) ^ DepreciableProperty -> IncludeInYearOfOccurrence_InApplicableCostGrouping,P_31_205_16_a; P_31_205_19,Material Implication (Impl): Rule 15 [HIGH-RISK]; Conjunction (Conj): Rule 7; Addition (Add): Rule 8,PENDING_REVIEW,PASS,PASS,Timing rule: gains/losses included in year of occurrence. Cost grouping rule: match to where depreciation/amortization was charged. Exceptions for insurance (31.205-19) and involuntary conversions (e).,MEDIUM
31,31.205-16(a)(2),P_31_205_16_a_2,No gain or loss must be recognized as a result of the transfer of assets in a business combination (see 31.205-52).,P_31_205_16_a_2,BusinessCombinationTransfer -> ~Recognize(GainOrLoss),P_31_205_16_a; P_31_205_52,Material Implication (Impl): Rule 15 [HIGH-RISK]; Negation (Neg): Rule 10,PENDING_REVIEW,PASS,PASS,Business combination carve-out: no gain/loss recognition on asset transfers. Cross-ref to 31.205-52.,MEDIUM
31,31.205-16(b),P_31_205_16_b,"Notwithstanding paragraph (c) of this section, when costs of depreciable property are subject to the sale and leaseback limitations in 31.205-11(h)(1) or 31.205-36(b)(2), the gain or loss rules in (b)(1) and (b)(2) apply.",P_31_205_16_b_1; P_31_205_16_b_2,(SaleLeaseback_SubjectTo_11h1 v SaleLeaseback_SubjectTo_36b2) -> (P_31_205_16_b_1 ^ P_31_205_16_b_2),P_31_205_16; P_31_205_11; P_31_205_36,Material Implication (Impl): Rule 15 [HIGH-RISK]; Addition (Add): Rule 8; Conjunction (Conj): Rule 7,PENDING_REVIEW,PASS,PASS,Sale-leaseback override of paragraph (c). 'Notwithstanding' establishes priority. Cross-refs to 31.205-11(h)(1) and 31.205-36(b)(2).,MEDIUM
31,31.205-16(b)(1),P_31_205_16_b_1,The gain or loss is the difference between the net amount realized and the undepreciated balance of the asset on the date the contractor becomes a lessee.,P_31_205_16_b_1,GainOrLoss = NetAmountRealized - UndepreciatedBalance_AtLesseeDate,P_31_205_16_b,Conjunction (Conj): Rule 7,VALIDATED,PASS,PASS,Definitional: gain/loss computation for sale-leaseback. Simple arithmetic formula.,HIGH
31,31.205-16(b)(2),P_31_205_16_b_2,"When the application of paragraph (b)(1) of this section results in a loss, the rules in (b)(2)(i) and (b)(2)(ii) apply.",P_31_205_16_b_2_i; P_31_205_16_b_2_ii,Loss_Per_b1 -> (P_31_205_16_b_2_i v P_31_205_16_b_2_ii),P_31_205_16_b,Material Implication (Impl): Rule 15 [HIGH-RISK]; Addition (Add): Rule 8,PENDING_REVIEW,PASS,PASS,Parent for loss treatment rules when (b)(1) computation yields a loss. Disjunctive: one of two scenarios applies depending on FMV vs. undepreciated balance.,MEDIUM
31,31.205-16(b)(2)(i),P_31_205_16_b_2_i,The allowable portion of the loss is zero if the fair market value exceeds the undepreciated balance of the asset on the date the contractor becomes a lessee.,P_31_205_16_b_2_i,(FMV > UndepreciatedBalance_AtLesseeDate) -> AllowableLoss = Zero,P_31_205_16_b_2,Material Implication (Impl): Rule 15 [HIGH-RISK],PENDING_REVIEW,PASS,PASS,"When FMV exceeds undepreciated balance, the sale-leaseback loss is entirely unallowable. Prevents gaming through below-market sale prices when asset has appreciated.",MEDIUM
31,31.205-16(b)(2)(ii),P_31_205_16_b_2_ii,The allowable portion of the loss is limited to the difference between the fair market value and the undepreciated balance of the asset on the date the contractor becomes a lessee if the fair market value is less than the undepreciated balance of the asset on the date the contractor becomes a lessee.,P_31_205_16_b_2_ii,(FMV < UndepreciatedBalance_AtLesseeDate) -> AllowableLoss = FMV - UndepreciatedBalance,P_31_205_16_b_2,Material Implication (Impl): Rule 15 [HIGH-RISK],PENDING_REVIEW,PASS,PASS,"When FMV is below undepreciated balance, allowable loss is limited to that difference. Recognizes genuine economic loss while preventing inflated claims.",MEDIUM
31,31.205-16(c),P_31_205_16_c,Parent for tangible capital asset disposition treatment.,P_31_205_16_c_1; P_31_205_16_c_2,P_31_205_16_c_1 ^ P_31_205_16_c_2,P_31_205_16,Conjunction (Conj): Rule 7,VALIDATED,PASS,PASS,Parent for depreciation adjustment characterization and gain/loss computation.,HIGH
31,31.205-16(c)(1),P_31_205_16_c_1,"Gains and losses on disposition of tangible capital assets, including those acquired under capital leases (also known as a finance lease) (see 31.205-11(h)), must be considered as adjustments of depreciation costs previously recognized.",P_31_205_16_c_1,Disposition(TangibleCapitalAssets_IncludingFinanceLeases) -> GainLoss_IsDepreciationAdjustment,P_31_205_16_c; P_31_205_11,Material Implication (Impl): Rule 15 [HIGH-RISK],PENDING_REVIEW,PASS,PASS,"Characterization rule: gains/losses are depreciation adjustments, not independent income/expense items. Includes finance lease assets per 31.205-11(h).",MEDIUM
31,31.205-16(c)(2),P_31_205_16_c_2,"The gain or loss for each asset disposed of is the difference between the net amount realized, including insurance proceeds from involuntary conversions, and its undepreciated balance.",P_31_205_16_c_2,GainOrLoss = (NetAmountRealized + InsuranceProceeds) - UndepreciatedBalance,P_31_205_16_c,Conjunction (Conj): Rule 7,VALIDATED,PASS,PASS,Computation formula for gain/loss per asset. Insurance proceeds explicitly included in net amount realized.,HIGH
31,31.205-16(d),P_31_205_16_d,"The gain recognized for contract costing purposes must be limited to the difference between the acquisition cost (or for assets acquired under a finance lease, the value at which the leased asset is capitalized) of the asset and its undepreciated balance, except see paragraph (e) of this section.",P_31_205_16_d,GainForCosting_LimitedTo(AcquisitionCost_OrCapitalizedValue - UndepreciatedBalance),P_31_205_16,Material Implication (Impl): Rule 15 [HIGH-RISK],PENDING_REVIEW,PASS,PASS,Gain cap: recognized gain cannot exceed the spread between acquisition cost (or capitalized value for finance leases) and undepreciated balance. Prevents windfall gains from market appreciation being charged to contracts. Exception in (e).,MEDIUM
31,31.205-16(e),P_31_205_16_e,"Special considerations apply to an involuntary conversion when a contractor's property is destroyed by events that are out of the owner's control, such as fire, windstorm, flood, accident, theft, etc., and an insurance award is recovered.",P_31_205_16_e_1; P_31_205_16_e_2,InvoluntaryConversion(DestroyedByUncontrollableEvents ^ InsuranceRecovered) -> (P_31_205_16_e_1 v P_31_205_16_e_2),P_31_205_16,Material Implication (Impl): Rule 15 [HIGH-RISK]; Conjunction (Conj): Rule 7; Addition (Add): Rule 8,PENDING_REVIEW,PASS,PASS,Parent for involuntary conversion rules. Two scenarios based on whether asset is replaced. Events are illustrative ('such as').,MEDIUM
31,31.205-16(e)(1),P_31_205_16_e_1,"When there is an insurance award and the converted asset is not replaced, gain or loss must be recognized in the period of disposition. The gain recognized for contract costing purposes must be limited to the difference between the acquisition cost of the asset and its undepreciated balance.",P_31_205_16_e_1_a: Gain/loss recognized in period of disposition; P_31_205_16_e_1_b: Gain limited to acquisition cost minus undepreciated balance,(InsuranceAward ^ ~AssetReplaced) -> (RecognizeInPeriodOfDisposition ^ GainLimitedTo(AcquisitionCost - UndepreciatedBalance)),P_31_205_16_e,Material Implication (Impl): Rule 15 [HIGH-RISK]; Conjunction (Conj): Rule 7; Negation (Neg): Rule 10,PENDING_REVIEW,PASS,PASS,Non-replacement scenario: immediate recognition with gain cap. Two conjunctive requirements: timing and gain limitation.,MEDIUM
31,31.205-16(e)(2),P_31_205_16_e_2,"When the converted asset is replaced, the contractor must either adjust the depreciable basis of the new asset or recognize the gain/loss in the period of disposition with Government participation.",P_31_205_16_e_2_i; P_31_205_16_e_2_ii,AssetReplaced -> (P_31_205_16_e_2_i v P_31_205_16_e_2_ii),P_31_205_16_e,Material Implication (Impl): Rule 15 [HIGH-RISK]; Addition (Add): Rule 8,PENDING_REVIEW,PASS,PASS,Replacement scenario: contractor must choose one of two approaches. Disjunctive choice but one must be selected ('must either').,MEDIUM
31,31.205-16(e)(2)(i),P_31_205_16_e_2_i,Adjust the depreciable basis of the new asset by the amount of the total realized gain or loss.,P_31_205_16_e_2_i,"AssetReplaced -> AdjustDepreciableBasis(NewAsset, TotalRealizedGainOrLoss)",P_31_205_16_e_2,Material Implication (Impl): Rule 15 [HIGH-RISK],PENDING_REVIEW,PASS,PASS,Option 1: fold gain/loss into new asset's depreciable basis. Defers recognition over the life of the replacement asset.,MEDIUM
31,31.205-16(e)(2)(ii),P_31_205_16_e_2_ii,"Recognize the gain or loss in the period of disposition, in which case the Government must participate to the same extent as outlined in paragraph (f)(1) of this section.",P_31_205_16_e_2_ii,AssetReplaced -> RecognizeGainLoss_InPeriod ^ GovtParticipation_Per_f1,P_31_205_16_e_2,Material Implication (Impl): Rule 15 [HIGH-RISK]; Conjunction (Conj): Rule 7,PENDING_REVIEW,PASS,PASS,Option 2: immediate recognition with mandatory Government participation per (f)(1). Cross-ref creates dependency.,MEDIUM
31,31.205-16(f),P_31_205_16_f,Gains and losses on the disposition of depreciable property must not be recognized as a separate charge or credit when conditions in (f)(1) or (f)(2) are met.,P_31_205_16_f_1; P_31_205_16_f_2,(P_31_205_16_f_1 v P_31_205_16_f_2) -> ~RecognizeSeparately(GainOrLoss),P_31_205_16,Material Implication (Impl): Rule 15 [HIGH-RISK]; Negation (Neg): Rule 10; Addition (Add): Rule 8,PENDING_REVIEW,PASS,PASS,Parent for two conditions preventing separate gain/loss recognition. Disjunctive: either condition triggers the prohibition.,MEDIUM
31,31.205-16(f)(1),P_31_205_16_f_1,Gains and losses are processed through the depreciation reserve account and reflected in the depreciation allowable under 31.205-11.,P_31_205_16_f_1,ProcessedThroughDepreciationReserve ^ ReflectedInAllowableDepreciation_31_205_11,P_31_205_16_f; P_31_205_11,Conjunction (Conj): Rule 7,VALIDATED,PASS,PASS,Condition 1: gain/loss absorbed through depreciation reserve mechanism. Cross-ref to 31.205-11.,HIGH
31,31.205-16(f)(2),P_31_205_16_f_2,"The property is exchanged as part of the purchase price of a similar item, and the gain or loss is taken into consideration in the depreciation cost basis of the new item.",P_31_205_16_f_2,ExchangeForSimilarItem ^ GainLossInNewItemDepreciationBasis,P_31_205_16_f,Conjunction (Conj): Rule 7,VALIDATED,PASS,PASS,Condition 2: like-kind exchange where gain/loss is folded into new item's basis.,HIGH
31,31.205-16(g),P_31_205_16_g,"Gains and losses arising from mass or extraordinary sales, retirements, or other disposition other than through business combinations must be considered on a case-by-case basis.",P_31_205_16_g,(MassSales v ExtraordinarySales v MassRetirements v OtherExtraordinaryDisposition) ^ ~BusinessCombination -> CaseByCase,P_31_205_16,Material Implication (Impl): Rule 15 [HIGH-RISK]; Conjunction (Conj): Rule 7; Addition (Add): Rule 8; Negation (Neg): Rule 10,PENDING_REVIEW,PASS,PASS,Mass/extraordinary dispositions require individual evaluation. No formulaic treatment. Excludes business combinations.,MEDIUM
31,31.205-16(h),P_31_205_16_h,Gains and losses of any nature arising from the sale or exchange of capital assets other than depreciable property must be excluded in computing contract costs.,P_31_205_16_h_1; P_31_205_16_h_2,(SaleOrExchange ^ CapitalAssets ^ ~DepreciableProperty) -> ExcludeFromContractCosts,P_31_205_16,Material Implication (Impl): Rule 15 [HIGH-RISK]; Conjunction (Conj): Rule 7; Negation (Neg): Rule 10,PENDING_REVIEW,PASS,PASS,Exclusion rule for non-depreciable capital asset gains/losses. Parent for impairment and written-down asset sub-rules.,MEDIUM
31,31.205-16(h)(1),P_31_205_16_h_1,"With respect to long-lived tangible and identifiable intangible assets held for use, no loss must be allowed for a write-down from carrying value to fair value as a result of impairments caused by events or changes in circumstances (e.g., environmental damage, idle facilities arising from a declining business base, etc.).",P_31_205_16_h_1,LongLivedAsset_HeldForUse ^ ImpairmentWriteDown -> ~Allowable(Loss),P_31_205_16_h,Material Implication (Impl): Rule 15 [HIGH-RISK]; Negation (Neg): Rule 10; Conjunction (Conj): Rule 7,PENDING_REVIEW,PASS,PASS,Prohibition on impairment write-down losses for assets held for use. Government does not share in impairment losses. Examples illustrative.,MEDIUM
31,31.205-16(h)(2),P_31_205_16_h_2,"If depreciable property or other capital assets have been written down from carrying value to fair value due to impairments, gains or losses upon disposition must be the amounts that would have been allowed had the assets not been written down.",P_31_205_16_h_2,ImpairedWrittenDown ^ Disposition -> GainLoss_BasedOn_PreWriteDownValue,P_31_205_16_h,Material Implication (Impl): Rule 15 [HIGH-RISK]; Conjunction (Conj): Rule 7,PENDING_REVIEW,PASS,PASS,Disposition after impairment: gain/loss computed as if write-down never occurred. Prevents double-counting of impairment losses and preserving government's share of gains.,MEDIUM
31,31.205-17,P_31_205_17,"31.205-17 Idle facilities and idle capacity costs. Parent proposition establishing definitions, allowability rules for idle facilities and idle capacity, and separate agreement requirements.",P_31_205_17_a; P_31_205_17_b; P_31_205_17_c; P_31_205_17_d,P_31_205_17_a ^ P_31_205_17_b ^ P_31_205_17_c ^ P_31_205_17_d,P_31_205,Conjunction (Conj): Rule 7,VALIDATED,PASS,PASS,"Parent for definitions, idle facilities rules, idle capacity rules, and separate agreement provision.",HIGH
31,31.205-17(a),P_31_205_17_a,"Definitions. As used in this section: Costs of idle facilities or idle capacity means costs such as maintenance, repair, housing, rent, and other related costs (e.g., property taxes, insurance, and depreciation). Facilities means plant or any portion thereof (including land integral to the operation), equipment, individually or collectively, or any other tangible capital asset, wherever located, and whether owned or leased by the contractor. Idle capacity means the unused capacity of partially used facilities, the difference between 100% one-shift capacity (less normal delays) and actual usage; a multiple-shift basis may be used if shown to be normally expected. Idle facilities means completely unused facilities that are excess to the contractor's current needs.",P_31_205_17_a_def_1: Costs of idle facilities/capacity defined; P_31_205_17_a_def_2: Facilities defined; P_31_205_17_a_def_3: Idle capacity defined; P_31_205_17_a_def_4: Idle facilities defined,CostsOfIdleFacilitiesOrCapacity = (Maintenance ^ Repair ^ Housing ^ Rent ^ RelatedCosts); Facilities = (Plant v Equipment v TangibleCapitalAsset) ^ (OwnedOrLeased); IdleCapacity = UnusedCapacity(PartiallyUsedFacilities) ^ (100%OneShift - NormalDelays - ActualUsage); IdleFacilities = CompletelyUnused ^ ExcessToCurrentNeeds,P_31_205_17,Conjunction (Conj): Rule 7; Addition (Add): Rule 8,VALIDATED,PASS,PASS,"Four definitions. Costs definition is illustrative ('such as'). Facilities definition is broad (owned or leased, wherever located). Idle capacity uses one-shift default with multi-shift option. Idle facilities = completely unused.",HIGH
31,31.205-17(b),P_31_205_17_b,The costs of idle facilities are unallowable unless the facilities meet conditions in (b)(1) or (b)(2).,P_31_205_17_b_1; P_31_205_17_b_2,IdleFacilityCosts -> (~Allowable ^ ~(P_31_205_17_b_1 v P_31_205_17_b_2)); (P_31_205_17_b_1 v P_31_205_17_b_2) -> Allowable(IdleFacilityCosts),P_31_205_17,Material Implication (Impl): Rule 15 [HIGH-RISK]; Negation (Neg): Rule 10; Addition (Add): Rule 8,PENDING_REVIEW,PASS,PASS,Default prohibition with two disjunctive exceptions. 'Unless' triggers conditional with negation.,MEDIUM
31,31.205-17(b)(1),P_31_205_17_b_1,Idle facilities are necessary to meet fluctuations in workload.,P_31_205_17_b_1,NecessaryForWorkloadFluctuations -> Allowable(IdleFacilityCosts),P_31_205_17_b,Material Implication (Impl): Rule 15 [HIGH-RISK],PENDING_REVIEW,PASS,PASS,Exception 1: workload fluctuation necessity. 'Necessary' requires demonstration of genuine need.,MEDIUM
31,31.205-17(b)(2),P_31_205_17_b_2,"Were necessary when acquired and are now idle because of changes in requirements, production economies, reorganization, termination, or other causes that could not have been reasonably foreseen. (Costs of idle facilities are allowable for a reasonable period, ordinarily not to exceed one year, depending upon the initiative taken to use, lease, or dispose of the idle facilities (except see 31.205-42)).","P_31_205_17_b_2_a: Facilities were necessary when acquired; P_31_205_17_b_2_b: Now idle due to unforeseeable causes; P_31_205_17_b_2_c: Allowable for reasonable period, ordinarily not exceeding one year; P_31_205_17_b_2_d: Depends on initiative to use, lease, or dispose",(NecessaryWhenAcquired ^ IdleDueToUnforeseeableCauses) -> Allowable(IdleFacilityCosts) ^ ReasonablePeriod(OrdinarilyNotExceedOneYear) ^ DependsOnMitigationInitiative,P_31_205_17_b; P_31_205_42,Material Implication (Impl): Rule 15 [HIGH-RISK]; Conjunction (Conj): Rule 7,PENDING_REVIEW,PASS,PASS,Exception 2: facilities necessary at acquisition but now idle from unforeseeable changes. Time-limited (ordinarily one year) with mitigation requirement. Cross-ref to 31.205-42. 'Ordinarily' allows flexibility but establishes presumptive cap.,MEDIUM
31,31.205-17(c),P_31_205_17_c,"Costs of idle capacity are costs of doing business and are a factor in the normal fluctuations of usage or overhead rates from period to period. Such costs are allowable when the capacity is necessary or was originally reasonable and is not subject to reduction or elimination by subletting, renting, or sale, in accordance with sound business, economics, or security practices. Widespread idle capacity throughout an entire plant or among a group of assets having substantially the same function may be idle facilities.",P_31_205_17_c_a: Idle capacity costs are normal business costs; P_31_205_17_c_b: Allowable when necessary or originally reasonable and not reducible; P_31_205_17_c_c: Widespread idle capacity may be reclassified as idle facilities,(NecessaryCapacity v OriginallyReasonable) ^ ~ReducibleBySublettingRentingSale -> Allowable(IdleCapacityCosts); WidespreadIdleCapacity -> MayBeIdleFacilities,P_31_205_17,Material Implication (Impl): Rule 15 [HIGH-RISK]; Conjunction (Conj): Rule 7; Addition (Add): Rule 8; Tautology (Taut): Rule 18,PENDING_REVIEW,PASS,PASS,More permissive than idle facilities. Two conditions: (1) necessary/originally reasonable AND (2) not reducible. Reclassification warning: widespread idle capacity can become idle facilities (subject to stricter rules).,MEDIUM
31,31.205-17(d),P_31_205_17_d,"Any costs to be paid directly by the Government for idle facilities, or idle capacity reserved for defense mobilization production must be the subject of a separate agreement (see 31.110(b)(9)).",P_31_205_17_d,(DirectGovtPayment_IdleFacilities v DefenseMobilizationReserve) -> RequireSeparateAgreement,P_31_205_17; P_31_110,Material Implication (Impl): Rule 15 [HIGH-RISK]; Addition (Add): Rule 8,PENDING_REVIEW,PASS,PASS,Separate agreement requirement for direct government payment or defense mobilization reserve. Cross-ref to 31.110(b)(9).,MEDIUM
31,31.205-18,P_31_205_18,"31.205-18 Independent research and development and bid and proposal costs. Parent proposition establishing definitions, CAS 420 composition/allocation requirements, allowability, deferred IR&D cost treatment, and cooperative arrangement rules.",P_31_205_18_a; P_31_205_18_b; P_31_205_18_c; P_31_205_18_d; P_31_205_18_e,P_31_205_18_a ^ P_31_205_18_b ^ P_31_205_18_c ^ P_31_205_18_d ^ P_31_205_18_e,P_31_205,Conjunction (Conj): Rule 7,VALIDATED,PASS,PASS,Parent for five sub-provisions. Largest section in this segment with VERIFY_NESTING entries requiring resolution.,HIGH
31,31.205-18(a),P_31_205_18_a,"Definitions. As used in this section: Applied research, Bid and proposal (B&P) costs, Company, Development, Independent research and development (IR&D), and Systems and other concept formulation studies are defined.",P_31_205_18_a_1; P_31_205_18_a_2; P_31_205_18_a_3; P_31_205_18_a_1_v2; P_31_205_18_a_2_v2; P_31_205_18_a_1_v3; P_31_205_18_a_2_v3; P_31_205_18_a_3_v2; P_31_205_18_a_4,AppliedResearch_Def ^ BPCosts_Def ^ Company_Def ^ Development_Def ^ IRD_Def ^ SystemsConceptFormulation_Def,P_31_205_18,Conjunction (Conj): Rule 7,VALIDATED,PASS,PASS,Parent for all definitions in this section. Multiple nested numbered lists create the VERIFY_NESTING entries. Six distinct terms defined.,HIGH
31,31.205-18(a)(1),P_31_205_18_a_1,"Applied research means effort that normally follows basic research, but may not be severable from the related basic research.",P_31_205_18_a_1,AppliedResearch -> (NormallyFollowsBasicResearch ^ (MayNotBeSeverable v Severable)),P_31_205_18_a,Material Implication (Impl): Rule 15 [HIGH-RISK]; Conjunction (Conj): Rule 7; Tautology (Taut): Rule 18,PENDING_REVIEW,PASS,PASS,First element of applied research definition. 'May not be severable' = permissive acknowledgment of potential inseverability.,MEDIUM
31,31.205-18(a)(2),P_31_205_18_a_2,"Applied research attempts to determine and exploit the potential of scientific discoveries or improvements in technology, materials, processes, methods, devices, or techniques.",P_31_205_18_a_2,AppliedResearch -> AttemptToExploit(ScientificDiscoveries v TechnologyImprovements),P_31_205_18_a,Material Implication (Impl): Rule 15 [HIGH-RISK]; Addition (Add): Rule 8,PENDING_REVIEW,PASS,PASS,Second element of applied research definition. Broad scope of exploitable discoveries/improvements.,MEDIUM
31,31.205-18(a)(3),P_31_205_18_a_3,"Applied research attempts to advance the state of the art. Applied research does not include efforts whose principal aim is design, development, or test of specific items or services to be considered for sale; these efforts are within the definition of the term development, defined in this section.",P_31_205_18_a_3_a: Applied research advances state of the art; P_31_205_18_a_3_b: Does not include design/development/test of specific items for sale (those are 'development'),AppliedResearch -> AdvancesStateOfArt ^ ~Include(Design_Development_Test_SpecificItemsForSale),P_31_205_18_a,Material Implication (Impl): Rule 15 [HIGH-RISK]; Conjunction (Conj): Rule 7; Negation (Neg): Rule 10,PENDING_REVIEW,PASS,PASS,"Third element with boundary definition: excludes specific-item design/dev/test efforts, which fall under 'development.'",MEDIUM
31,31.205-18(a)(1)_v2,P_31_205_18_a_1_v2,"[VERIFY_NESTING resolved] Development excludes subcontracted technical effort that is for the sole purpose of developing an additional source for an existing product. Actual nesting: This is item (1) under the Development definition's exclusion list, not a sub-paragraph of applied research.",P_31_205_18_a_1_v2,Development -> ~Include(SubcontractedEffort_SolePurpose_AdditionalSource),P_31_205_18_a_1,Negation (Neg): Rule 10; Material Implication (Impl): Rule 15 [HIGH-RISK],PENDING_REVIEW,PASS,PASS,"VERIFY_NESTING resolved: This numbered item belongs to the Development definition's exclusion clause, not under applied research. Exclusion for sole-source development subcontracts.",MEDIUM
31,31.205-18(a)(2)_v2,P_31_205_18_a_2_v2,"[VERIFY_NESTING resolved] Development excludes development effort for manufacturing or production materials, systems, processes, methods, equipment, tools, and techniques not intended for sale. Actual nesting: This is item (2) under the Development definition's exclusion list.",P_31_205_18_a_2_v2,Development -> ~Include(ManufacturingProductionEffort_NotForSale),P_31_205_18_a_2,Negation (Neg): Rule 10; Material Implication (Impl): Rule 15 [HIGH-RISK],PENDING_REVIEW,PASS,PASS,VERIFY_NESTING resolved: Second exclusion from Development definition. Manufacturing/production development not for sale is carved out.,MEDIUM
31,31.205-18(a)(1)_v3,P_31_205_18_a_1_v3,[VERIFY_NESTING resolved] IR&D consists of projects falling within basic research. Actual nesting: This is item (1) under the IR&D definition's four areas.,P_31_205_18_a_1_v3,IRD_Area -> BasicResearch,P_31_205_18_a_1,Material Implication (Impl): Rule 15 [HIGH-RISK],VALIDATED,PASS,PASS,VERIFY_NESTING resolved: First IR&D project area. Simple enumeration.,HIGH
31,31.205-18(a)(2)_v3,P_31_205_18_a_2_v3,[VERIFY_NESTING resolved] IR&D consists of projects falling within applied research. Actual nesting: This is item (2) under the IR&D definition's four areas.,P_31_205_18_a_2_v3,IRD_Area -> AppliedResearch,P_31_205_18_a_2,Material Implication (Impl): Rule 15 [HIGH-RISK],VALIDATED,PASS,PASS,VERIFY_NESTING resolved: Second IR&D project area.,HIGH
31,31.205-18(a)(3)_v2,P_31_205_18_a_3_v2,[VERIFY_NESTING resolved] IR&D consists of projects falling within development. Actual nesting: This is item (3) under the IR&D definition's four areas.,P_31_205_18_a_3_v2,IRD_Area -> Development,P_31_205_18_a_3,Material Implication (Impl): Rule 15 [HIGH-RISK],VALIDATED,PASS,PASS,VERIFY_NESTING resolved: Third IR&D project area.,HIGH
31,31.205-18(a)(4),P_31_205_18_a_4,Systems and other concept formulation studies. The term does not include the costs of effort sponsored by a grant or required in the performance of a contract. IR&D effort must not include technical effort expended in developing and preparing technical data specifically to support submitting a bid or proposal.,P_31_205_18_a_4_a: Fourth IR&D area is systems/concept formulation studies; P_31_205_18_a_4_b: IR&D excludes grant-sponsored or contract-required effort; P_31_205_18_a_4_c: IR&D must not include technical effort for bid/proposal data,IRD_Area -> SystemsConceptFormulation; IRD -> ~Include(GrantSponsored v ContractRequired); IRD -> ~Include(TechnicalEffort_ForBidProposal),P_31_205_18_a,Conjunction (Conj): Rule 7; Negation (Neg): Rule 10; Material Implication (Impl): Rule 15 [HIGH-RISK],PENDING_REVIEW,PASS,PASS,"Fourth IR&D area plus two exclusions. Key boundary: bid/proposal technical data prep is B&P, not IR&D.",MEDIUM
31,31.205-18(b),P_31_205_18_b,Composition and allocation of costs. The requirements of 48 CFR 9904.420 are incorporated in their entirety and must apply as follows.,P_31_205_18_b_1; P_31_205_18_b_2,CAS_420_Requirements -> Apply(P_31_205_18_b_1 ^ P_31_205_18_b_2),P_31_205_18,Material Implication (Impl): Rule 15 [HIGH-RISK]; Conjunction (Conj): Rule 7,PENDING_REVIEW,PASS,PASS,CAS 420 incorporated in entirety. Parent for fully-CAS and modified/non-CAS application rules.,MEDIUM
31,31.205-18(b)(1),P_31_205_18_b_1,Fully-CAS-covered contracts. Contracts that are fully-CAS-covered must be subject to all requirements of 48 CFR 9904.420.,P_31_205_18_b_1,FullyCASCovered -> SubjectTo(AllRequirements_CAS420),P_31_205_18_b,Material Implication (Impl): Rule 15 [HIGH-RISK],PENDING_REVIEW,PASS,PASS,Full CAS 420 applicability for fully covered contracts. No exceptions.,MEDIUM
31,31.205-18(b)(2),P_31_205_18_b_2,Modified CAS-covered and non-CAS-covered contracts. Parent for differentiated CAS 420 application rules.,P_31_205_18_b_2_i; P_31_205_18_b_2_ii; P_31_205_18_b_2_iii,P_31_205_18_b_2_i ^ P_31_205_18_b_2_ii ^ P_31_205_18_b_2_iii,P_31_205_18_b,Conjunction (Conj): Rule 7,VALIDATED,PASS,PASS,Parent for three sub-provisions covering modified CAS and non-CAS contract treatment.,HIGH
31,31.205-18(b)(2)(i),P_31_205_18_b_2_i,Non-CAS-covered contracts or contracts that contain terms or conditions requiring modified CAS coverage must be subject to all requirements of 48 CFR 9904.420 except 48 CFR 9904.420-50(e)(2) and 48 CFR 9904.420-50(f)(2).,P_31_205_18_b_2_i,(NonCASCovered v ModifiedCASCoverage) -> SubjectTo(CAS420 ^ ~CAS420_50e2 ^ ~CAS420_50f2),P_31_205_18_b_2,Material Implication (Impl): Rule 15 [HIGH-RISK]; Conjunction (Conj): Rule 7; Negation (Neg): Rule 10; Addition (Add): Rule 8,PENDING_REVIEW,PASS,PASS,Modified application: most of CAS 420 applies except two specific provisions (50(e)(2) and 50(f)(2)).,MEDIUM
31,31.205-18(b)(2)(ii),P_31_205_18_b_2_ii,"Non-CAS-covered contracts or modified CAS-covered contracts awarded when the contractor has CAS-covered contracts requiring compliance with 48 CFR 9904.420, must be subject to all the requirements of 48 CFR 9904.420.",P_31_205_18_b_2_ii,(NonCASCovered v ModifiedCAS) ^ HasCASCoveredContracts_RequiringCAS420 -> SubjectTo(AllRequirements_CAS420),P_31_205_18_b_2,Material Implication (Impl): Rule 15 [HIGH-RISK]; Conjunction (Conj): Rule 7; Addition (Add): Rule 8,PENDING_REVIEW,PASS,PASS,"Override provision: if contractor has ANY CAS-covered contracts requiring CAS 420, then ALL contracts (including non-CAS) must comply with full CAS 420. No exceptions.",MEDIUM
31,31.205-18(b)(2)(iii),P_31_205_18_b_2_iii,"When the requirements of 48 CFR 9904.420-50(e)(2) and 48 CFR 9904.420-50(f)(2) are not applicable, the following allocation rules in (A) and (B) apply.",P_31_205_18_b_1_v2; P_31_205_18_b_2_v2,~Applicable(CAS420_50e2 ^ CAS420_50f2) -> (P_31_205_18_b_1_v2 ^ P_31_205_18_b_2_v2),P_31_205_18_b_2,Material Implication (Impl): Rule 15 [HIGH-RISK]; Negation (Neg): Rule 10; Conjunction (Conj): Rule 7,PENDING_REVIEW,PASS,PASS,Conditional trigger for alternative allocation rules when CAS 420-50(e)(2) and (f)(2) don't apply. Parent for (A) and (B) sub-provisions.,MEDIUM
31,31.205-18(b)(1)_v2,P_31_205_18_b_1_v2,"[VERIFY_NESTING resolved] IR&D and B&P costs must be allocated to final cost objectives on the same basis of allocation used for the general and administrative (G&A) expense grouping of the profit center (see 31.002) in which the costs are incurred. When IR&D and B&P costs clearly benefit other profit centers or benefit the entire company, those costs must be allocated through the G&A of the other profit centers or through the corporate G&A, as appropriate. Actual nesting: This is sub-paragraph (A) with items (1) and (2) under 31.205-18(b)(2)(iii).","P_31_205_18_b_1_v2_a: Allocate IR&D/B&P on same basis as G&A of profit center; P_31_205_18_b_1_v2_b: When benefiting other centers or company, allocate through appropriate G&A",IRD_BPCosts -> AllocateOnGABasis(ProfitCenter); BenefitsOtherCentersOrCompany -> AllocateThroughAppropriateGA,P_31_205_18_b_1; P_31_002,Material Implication (Impl): Rule 15 [HIGH-RISK]; Conjunction (Conj): Rule 7,PENDING_REVIEW,PASS,PASS,"VERIFY_NESTING resolved: Sub-paragraph (A) under (b)(2)(iii). Two allocation rules: (1) default to profit center G&A basis, (2) cross-benefit allocation through appropriate G&A. Cross-ref to 31.002 for profit center definition.",MEDIUM
31,31.205-18(b)(2)_v2,P_31_205_18_b_2_v2,"[VERIFY_NESTING resolved] If allocations of IR&D or B&P through the G&A base do not provide equitable cost allocation, the contracting officer may approve use of a different base. Actual nesting: This is sub-paragraph (B) under 31.205-18(b)(2)(iii).",P_31_205_18_b_2_v2,~EquitableAllocation_ThroughGA -> (CO_ApproveDifferentBase v ~CO_ApproveDifferentBase),P_31_205_18_b_2,Material Implication (Impl): Rule 15 [HIGH-RISK]; Tautology (Taut): Rule 18; Negation (Neg): Rule 10,PENDING_REVIEW,PASS,PASS,VERIFY_NESTING resolved: Sub-paragraph (B) under (b)(2)(iii). 'May' = CO discretion. Only triggered when G&A-based allocation is inequitable.,MEDIUM
31,31.205-18(c),P_31_205_18_c,"Allowability. Except as provided in paragraphs (d) and (e) of this section, costs for IR&D and B&P are allowable as indirect expenses on contracts if those costs are allocable and reasonable.",P_31_205_18_c,(IRD_BPCosts ^ Allocable ^ Reasonable ^ ~ExceptPer_d_e) -> Allowable_AsIndirectExpenses,P_31_205_18,Material Implication (Impl): Rule 15 [HIGH-RISK]; Conjunction (Conj): Rule 7; Negation (Neg): Rule 10,PENDING_REVIEW,PASS,PASS,General allowability rule for IR&D and B&P as indirect costs. Two conditions: allocable and reasonable. Subject to exceptions in (d) deferred costs and (e) cooperative arrangements.,MEDIUM
31,31.205-18(d),P_31_205_18_d,Deferred IR&D costs. Parent for prior-period IR&D cost rules and documentation requirements.,P_31_205_18_d_1; P_31_205_18_d_2,P_31_205_18_d_1 ^ P_31_205_18_d_2,P_31_205_18,Conjunction (Conj): Rule 7,VALIDATED,PASS,PASS,Parent for deferred cost conditions and contract documentation requirements.,HIGH
31,31.205-18(d)(1),P_31_205_18_d_1,"IR&D costs incurred in previous accounting periods are unallowable, except when a contractor has developed a specific product at its own risk in anticipation of recovering the development costs in the sale price of the product and all four conditions in (d)(1)(i) through (d)(1)(iv) are met.",P_31_205_18_d_1_i; P_31_205_18_d_1_ii; P_31_205_18_d_1_iii; P_31_205_18_d_1_iv,PriorPeriodIRD -> ~Allowable; (SpecificProduct_AtOwnRisk ^ AnticipateRecovery ^ P_31_205_18_d_1_i ^ P_31_205_18_d_1_ii ^ P_31_205_18_d_1_iii ^ P_31_205_18_d_1_iv) -> Allowable(DeferredIRD),P_31_205_18_d,Material Implication (Impl): Rule 15 [HIGH-RISK]; Negation (Neg): Rule 10; Conjunction (Conj): Rule 7,PENDING_REVIEW,PASS,PASS,Default prohibition on prior-period IR&D with narrow exception requiring specific product development at own risk plus four conjunctive conditions.,MEDIUM
31,31.205-18(d)(1)(i),P_31_205_18_d_1_i,The total amount of IR&D costs applicable to the product can be identified.,P_31_205_18_d_1_i,Identifiable(TotalIRDCosts_ForProduct),P_31_205_18_d_1,Conjunction (Conj): Rule 7,VALIDATED,PASS,PASS,First condition for deferred IR&D: cost identifiability. Must be able to quantify total product-specific IR&D.,HIGH
31,31.205-18(d)(1)(ii),P_31_205_18_d_1_ii,The proration of such costs to sales of the product is reasonable.,P_31_205_18_d_1_ii,Reasonable(ProrationToSales),P_31_205_18_d_1,Conjunction (Conj): Rule 7,VALIDATED,PASS,PASS,Second condition: reasonable proration to product sales.,HIGH
31,31.205-18(d)(1)(iii),P_31_205_18_d_1_iii,The contractor had no Government business during the time that the costs were incurred or did not allocate IR&D costs to Government contracts except to prorate the cost of developing a specific product to the sales of that product.,P_31_205_18_d_1_iii,NoGovtBusiness_DuringCostPeriod v (~AllocatedIRD_ToGovt ^ OnlyProratedSpecificProduct),P_31_205_18_d_1,Addition (Add): Rule 8; Conjunction (Conj): Rule 7; Negation (Neg): Rule 10,VALIDATED,PASS,PASS,"Third condition: disjunctive. Either no govt business during cost period, or IR&D only allocated as specific product proration.",HIGH
31,31.205-18(d)(1)(iv),P_31_205_18_d_1_iv,No costs of current IR&D programs are allocated to Government work except to prorate the costs of developing a specific product to the sales of that product.,P_31_205_18_d_1_iv,~Allocate(CurrentIRD_ToGovt) v ProrateSpecificProduct_ToSales,P_31_205_18_d_1,Negation (Neg): Rule 10; Addition (Add): Rule 8,VALIDATED,PASS,PASS,Fourth condition: current IR&D not allocated to govt except for specific product proration. Mirrors (iii) for current period.,HIGH
31,31.205-18(d)(2),P_31_205_18_d_2,Parent for contract provision and CO documentation requirements when deferred costs are recognized.,P_31_205_18_d_2_i; P_31_205_18_d_2_ii,P_31_205_18_d_2_i ^ P_31_205_18_d_2_ii,P_31_205_18_d,Conjunction (Conj): Rule 7,VALIDATED,PASS,PASS,Parent for two conjunctive requirements when deferred IR&D costs are recognized.,HIGH
31,31.205-18(d)(2)(i),P_31_205_18_d_2_i,"When deferred costs are recognized, the contract (except firm-fixed-price and fixed-price with economic price adjustment contracts) will include a specific provision setting forth the amount of deferred IR&D costs that are allocable to the contract.",P_31_205_18_d_2_i,DeferredCostsRecognized ^ ~(FFP v FP_EPA) -> ContractIncludes(SpecificProvision_DeferredIRDAmount),P_31_205_18_d_2,Material Implication (Impl): Rule 15 [HIGH-RISK]; Conjunction (Conj): Rule 7; Negation (Neg): Rule 10,PENDING_REVIEW,PASS,PASS,Contract provision requirement for deferred costs. Excludes FFP and FP-EPA contracts. 'Will' = declarative/mandatory.,MEDIUM
31,31.205-18(d)(2)(ii),P_31_205_18_d_2_ii,The contracting officer must document the circumstances and reason for accepting the deferred costs in the negotiation memorandum.,P_31_205_18_d_2_ii,DeferredCostsAccepted -> CO_MustDocument(Circumstances ^ Reasons)_InNegotiationMemo,P_31_205_18_d_2,Material Implication (Impl): Rule 15 [HIGH-RISK]; Conjunction (Conj): Rule 7,PENDING_REVIEW,PASS,PASS,CO documentation duty. 'Must' = mandatory. Both circumstances AND reasons required in negotiation memorandum.,MEDIUM
31,31.205-18(e),P_31_205_18_e,"Cooperative arrangements. Parent for IR&D costs under cooperative arrangements including joint ventures, limited partnerships, teaming, CRDAs, and cost allowability.",P_31_205_18_e_1; P_31_205_18_e_2; P_31_205_18_e_3; P_31_205_18_e_4,P_31_205_18_e_1 ^ P_31_205_18_e_2 ^ P_31_205_18_e_3 ^ P_31_205_18_e_4,P_31_205_18,Conjunction (Conj): Rule 7,VALIDATED,PASS,PASS,Parent for four sub-provisions covering cooperative arrangement IR&D treatment.,HIGH
31,31.205-18(e)(1),P_31_205_18_e_1,"IR&D costs may be incurred by contractors working jointly with one or more non-Federal entities pursuant to a cooperative arrangement (e.g., joint ventures, limited partnerships, teaming arrangements, and collaboration and consortium arrangements).",P_31_205_18_e_1,CooperativeArrangement(JointVenture v LimitedPartnership v TeamingArrangement v Collaboration v Consortium) -> (IncurIRDCosts v ~IncurIRDCosts),P_31_205_18_e,Material Implication (Impl): Rule 15 [HIGH-RISK]; Tautology (Taut): Rule 18; Addition (Add): Rule 8,PENDING_REVIEW,PASS,PASS,May' = permissive. IR&D costs can be incurred under cooperative arrangements. Examples are illustrative.,MEDIUM
31,31.205-18(e)(2),P_31_205_18_e_2,"IR&D costs may include costs contributed by contractors in performing cooperative research and development agreements, or similar arrangements, entered into under specified statutory authorities.",P_31_205_18_e_2_i; P_31_205_18_e_2_ii; P_31_205_18_e_2_iii; P_31_205_18_e_2_iv,CRDA_Costs -> (MayInclude_InIRD v ~MayInclude_InIRD) ^ (P_31_205_18_e_2_i v P_31_205_18_e_2_ii v P_31_205_18_e_2_iii v P_31_205_18_e_2_iv),P_31_205_18_e,Material Implication (Impl): Rule 15 [HIGH-RISK]; Tautology (Taut): Rule 18; Addition (Add): Rule 8,PENDING_REVIEW,PASS,PASS,May include' = permissive. CRDA costs can be counted as IR&D. Parent for four statutory authority sources.,MEDIUM
31,31.205-18(e)(2)(i),P_31_205_18_e_2_i,15 U.S.C. 3710(a).,P_31_205_18_e_2_i,StatutoryAuthority_15USC3710a,P_31_205_18_e_2,Conjunction (Conj): Rule 7,VALIDATED,PASS,PASS,Stevenson-Wydler Technology Innovation Act authority for CRDAs.,HIGH
31,31.205-18(e)(2)(ii),P_31_205_18_e_2_ii,51 U.S.C. 20113(e) for the National Aeronautics and Space Administration.,P_31_205_18_e_2_ii,StatutoryAuthority_51USC20113e_NASA,P_31_205_18_e_2,Conjunction (Conj): Rule 7,VALIDATED,PASS,PASS,NASA-specific CRDA authority.,HIGH
31,31.205-18(e)(2)(iii),P_31_205_18_e_2_iii,10 U.S.C. 4021 for DoD.,P_31_205_18_e_2_iii,StatutoryAuthority_10USC4021_DoD,P_31_205_18_e_2,Conjunction (Conj): Rule 7,VALIDATED,PASS,PASS,DoD-specific CRDA authority.,HIGH
31,31.205-18(e)(2)(iv),P_31_205_18_e_2_iv,Other equivalent authority.,P_31_205_18_e_2_iv,OtherEquivalentStatutoryAuthority,P_31_205_18_e_2,Conjunction (Conj): Rule 7,VALIDATED,PASS,PASS,Catch-all for other equivalent statutory authorities beyond the three specifically named.,HIGH
31,31.205-18(e)(3),P_31_205_18_e_3,IR&D costs incurred by a contractor pursuant to these types of cooperative arrangements should be considered as allowable IR&D costs if the work performed would have been allowed as contractor IR&D had there been no cooperative arrangement.,P_31_205_18_e_3,CooperativeIRD ^ (WouldBeAllowable_WithoutArrangement) -> ShouldConsider_AllowableIRD,P_31_205_18_e,Material Implication (Impl): Rule 15 [HIGH-RISK],PENDING_REVIEW,PASS,PASS,"Should' = advisory, not binding. Allowability test: would the work qualify as IR&D if done independently? Noted as advisory per modal verb mapping.",MEDIUM
31,31.205-18(e)(4),P_31_205_18_e_4,"Costs incurred in preparing, submitting, and supporting offers on potential cooperative arrangements are allowable if they are allocable, reasonable, and not otherwise unallowable.",P_31_205_18_e_4,(CoopArrangementOfferCosts ^ Allocable ^ Reasonable ^ ~OtherwiseUnallowable) -> Allowable,P_31_205_18_e,Material Implication (Impl): Rule 15 [HIGH-RISK]; Conjunction (Conj): Rule 7; Negation (Neg): Rule 10,PENDING_REVIEW,PASS,PASS,Standard three-part allowability test for cooperative arrangement offer costs. Fourth condition (~otherwise unallowable) adds catch-all constraint.,MEDIUM
31,31.205-19,P_31_205_19,"31.205-19 Insurance and indemnification. Parent proposition establishing rules for insurance (purchased and self-insurance) and indemnification cost allowability, including captive insurer treatment, CAS 416 compliance, and specific cost limitations.",P_31_205_19_a; P_31_205_19_b; P_31_205_19_c; P_31_205_19_d; P_31_205_19_e,P_31_205_19_a ^ P_31_205_19_b ^ P_31_205_19_c ^ P_31_205_19_d ^ P_31_205_19_e,P_31_205,Conjunction (Conj): Rule 7,VALIDATED,PASS,PASS,"Parent for five sub-provisions: scope (a), captive insurer treatment (b), self-insurance limitations (c), purchased insurance limitations (d), and cost limitations (e).",HIGH
31,31.205-19(a),P_31_205_19_a,Insurance by purchase or by self-insuring includes coverage the contractor is required to carry under contract terms and any other coverage maintained in connection with general business conduct.,P_31_205_19_a_1; P_31_205_19_a_2,InsuranceScope = P_31_205_19_a_1 ^ P_31_205_19_a_2,P_31_205_19,Conjunction (Conj): Rule 7,VALIDATED,PASS,PASS,Parent defining scope of insurance: required coverage plus voluntary business coverage.,HIGH
31,31.205-19(a)(1),P_31_205_19_a_1,"Coverage the contractor is required to carry or to have approved, under the terms of the contract.",P_31_205_19_a_1,ContractRequiredCoverage(Required v Approved),P_31_205_19_a,Addition (Add): Rule 8,VALIDATED,PASS,PASS,Contract-mandated insurance coverage. Disjunctive: required to carry OR required to have approved.,HIGH
31,31.205-19(a)(2),P_31_205_19_a_2,Any other coverage the contractor maintains in connection with the general conduct of its business.,P_31_205_19_a_2,OtherBusinessCoverage,P_31_205_19_a,Conjunction (Conj): Rule 7,VALIDATED,PASS,PASS,Voluntary business insurance coverage. Broad scope ('any other').,HIGH
31,31.205-19(b),P_31_205_19_b,Parent for captive insurer treatment rules.,P_31_205_19_b_1; P_31_205_19_b_2,P_31_205_19_b_1 ^ P_31_205_19_b_2,P_31_205_19,Conjunction (Conj): Rule 7,VALIDATED,PASS,PASS,Parent for captive insurer default treatment and competition exception.,HIGH
31,31.205-19(b)(1),P_31_205_19_b_1,"For purposes of applying the provisions of this section, the Government considers insurance provided by captive insurers (i.e., insurers owned by or under control of the contractor) as self-insurance.",P_31_205_19_b_1,CaptiveInsurer(OwnedOrControlledByContractor) -> TreatedAsSelfInsurance,P_31_205_19_b,Material Implication (Impl): Rule 15 [HIGH-RISK],PENDING_REVIEW,PASS,PASS,Default rule: captive insurer = self-insurance treatment. Prevents circumvention of self-insurance limits through related-party insurers.,MEDIUM
31,31.205-19(b)(2),P_31_205_19_b_2,"If the captive insurer also sells insurance to the general public in substantial quantities and it can be demonstrated that the charge to the contractor is based on competition, the Government will consider the insurance as purchased insurance.",P_31_205_19_b_2,(CaptiveInsurer ^ SellsToPublic_SubstantialQuantities ^ CompetitionBasedCharge) -> TreatedAsPurchasedInsurance,P_31_205_19_b,Material Implication (Impl): Rule 15 [HIGH-RISK]; Conjunction (Conj): Rule 7,PENDING_REVIEW,PASS,PASS,"Exception to captive insurer default. Three conjunctive conditions: (1) sells to public, (2) in substantial quantities, (3) demonstrated competition-based pricing. 'Will' = declarative.",MEDIUM
31,31.205-19(c),P_31_205_19_c,"Whether or not the contract is subject to CAS, self-insurance charges are allowable subject to paragraph (e) of this section and the following limitations.",P_31_205_19_c_1; P_31_205_19_c_2; P_31_205_19_c_3; P_31_205_19_c_4,(CASSubject v ~CASSubject) -> SelfInsurance_Allowable_SubjectTo(P_31_205_19_e ^ P_31_205_19_c_1 ^ P_31_205_19_c_2 ^ P_31_205_19_c_3 ^ P_31_205_19_c_4),P_31_205_19,Material Implication (Impl): Rule 15 [HIGH-RISK]; Tautology (Taut): Rule 18; Conjunction (Conj): Rule 7,PENDING_REVIEW,PASS,PASS,Universal applicability (CAS or not). Self-insurance allowable but subject to (e) limitations plus four specific constraints. Tautological antecedent.,MEDIUM
31,31.205-19(c)(1),P_31_205_19_c_1,"The contractor must measure, assign, and allocate costs in accordance with 48 CFR 9904.416.",P_31_205_19_c_1,SelfInsurance -> MustComply(Measure ^ Assign ^ Allocate)_PerCAS416,P_31_205_19_c,Material Implication (Impl): Rule 15 [HIGH-RISK]; Conjunction (Conj): Rule 7,PENDING_REVIEW,PASS,PASS,CAS 416 compliance mandatory for self-insurance. Three conjunctive requirements. External dependency on CAS 416.,MEDIUM
31,31.205-19(c)(2),P_31_205_19_c_2,"The contractor must comply with part 28; however, approval of a contractor's insurance program in accordance with part 28 does not constitute a determination as to the allowability of the program's cost.",P_31_205_19_c_2,SelfInsurance -> ComplyWithPart28 ^ ~(Part28Approval -> AllowabilityDetermination),P_31_205_19_c,Material Implication (Impl): Rule 15 [HIGH-RISK]; Conjunction (Conj): Rule 7; Negation (Neg): Rule 10,PENDING_REVIEW,PASS,PASS,Part 28 compliance required but its approval is not an allowability determination. Separates insurance program approval from cost allowability.,MEDIUM
31,31.205-19(c)(3),P_31_205_19_c_3,"If purchased insurance is available, any self-insurance charge plus insurance administration expenses in excess of the cost of comparable purchased insurance plus associated insurance administration expenses is unallowable.",P_31_205_19_c_3,PurchasedInsuranceAvailable ^ (SelfInsuranceCharge + AdminExpenses > ComparablePurchasedInsurance + AdminExpenses) -> ~Allowable(Excess),P_31_205_19_c,Material Implication (Impl): Rule 15 [HIGH-RISK]; Conjunction (Conj): Rule 7; Negation (Neg): Rule 10,PENDING_REVIEW,PASS,PASS,Cost cap: self-insurance plus admin cannot exceed comparable purchased insurance plus admin. Prevents self-insurance premium over market.,MEDIUM
31,31.205-19(c)(4),P_31_205_19_c_4,Self-insurance charges for risks of catastrophic losses are unallowable (see 28.308(e)).,P_31_205_19_c_4,SelfInsurance_CatastrophicRisk -> ~Allowable,P_31_205_19_c; EXT:28.308,Material Implication (Impl): Rule 15 [HIGH-RISK]; Negation (Neg): Rule 10,PENDING_REVIEW,PASS,PASS,Prohibition on self-insuring catastrophic losses. Cross-ref to 28.308(e).,MEDIUM
31,31.205-19(d),P_31_205_19_d,"Purchased insurance costs are allowable, subject to paragraph (e) of this section and the following limitations.",P_31_205_19_d_1; P_31_205_19_d_2; P_31_205_19_d_3,PurchasedInsurance -> Allowable_SubjectTo(P_31_205_19_e ^ P_31_205_19_d_1 ^ P_31_205_19_d_2 ^ P_31_205_19_d_3),P_31_205_19,Material Implication (Impl): Rule 15 [HIGH-RISK]; Conjunction (Conj): Rule 7,PENDING_REVIEW,PASS,PASS,General allowability of purchased insurance subject to (e) limitations and three specific constraints.,MEDIUM
31,31.205-19(d)(1),P_31_205_19_d_1,"For contracts subject to full CAS coverage, the contractor must measure, assign, and allocate costs in accordance with 48 CFR 9904.416.",P_31_205_19_d_1,FullCASCoverage -> MustComply(Measure ^ Assign ^ Allocate)_PerCAS416,P_31_205_19_d,Material Implication (Impl): Rule 15 [HIGH-RISK]; Conjunction (Conj): Rule 7,PENDING_REVIEW,PASS,PASS,CAS 416 compliance for purchased insurance under fully CAS-covered contracts. Same CAS requirement as self-insurance (c)(1) but scoped to full CAS only.,MEDIUM
31,31.205-19(d)(2),P_31_205_19_d_2,"For all contracts, premiums for insurance purchased from fronting insurance companies (insurance companies not related to the contractor but who reinsure with a captive insurer of the contractor) are unallowable to the extent they exceed the sum of the amount that would have been allowed had the contractor insured directly with the captive insurer and reasonable fronting company charges for services rendered.",P_31_205_19_d_2_i; P_31_205_19_d_2_ii,FrontingInsurance(ReinsureWithCaptive) -> ~Allowable(Premiums > (DirectCaptiveAmount + ReasonableFrontingCharges)),P_31_205_19_d,Material Implication (Impl): Rule 15 [HIGH-RISK]; Negation (Neg): Rule 10; Conjunction (Conj): Rule 7,PENDING_REVIEW,PASS,PASS,Anti-fronting provision: premiums capped at direct-captive equivalent plus reasonable fronting fees. Prevents inflating costs through intermediary arrangement.,MEDIUM
31,31.205-19(d)(2)(i),P_31_205_19_d_2_i,The amount that would have been allowed had the contractor insured directly with the captive insurer.,P_31_205_19_d_2_i,DirectCaptiveInsurance_AllowableAmount,P_31_205_19_d_2,Conjunction (Conj): Rule 7,VALIDATED,PASS,PASS,First component of fronting premium cap: direct captive insurance equivalent.,HIGH
31,31.205-19(d)(2)(ii),P_31_205_19_d_2_ii,Reasonable fronting company charges for services rendered.,P_31_205_19_d_2_ii,ReasonableFrontingCharges,P_31_205_19_d_2,Conjunction (Conj): Rule 7,VALIDATED,PASS,PASS,Second component of fronting premium cap: reasonable service charges.,HIGH
31,31.205-19(d)(3),P_31_205_19_d_3,"Actual losses are unallowable unless expressly provided for in the contract, except losses under nominal deductibles and minor losses in ordinary course of business.",P_31_205_19_d_3_i; P_31_205_19_d_3_ii,ActualLosses -> ~Allowable ^ (ExpresslyProvided -> Allowable) ^ (P_31_205_19_d_3_i v P_31_205_19_d_3_ii -> Allowable),P_31_205_19_d,Material Implication (Impl): Rule 15 [HIGH-RISK]; Negation (Neg): Rule 10; Addition (Add): Rule 8,PENDING_REVIEW,PASS,PASS,Default prohibition on actual losses with two exceptions: contract provision and specific carved-out loss types in (i) and (ii).,MEDIUM
31,31.205-19(d)(3)(i),P_31_205_19_d_3_i,"Losses incurred under the nominal deductible provisions of purchased insurance, in keeping with sound business practice, are allowable.",P_31_205_19_d_3_i,(NominalDeductible ^ SoundBusinessPractice) -> Allowable(Losses),P_31_205_19_d_3,Material Implication (Impl): Rule 15 [HIGH-RISK]; Conjunction (Conj): Rule 7,PENDING_REVIEW,PASS,PASS,Exception 1: nominal deductible losses allowable if consistent with sound business practice. Two conjunctive conditions.,MEDIUM
31,31.205-19(d)(3)(ii),P_31_205_19_d_3_ii,"Minor losses, such as spoilage, breakage, and disappearance of small hand tools that occur in the ordinary course of business and that are not covered by insurance, are allowable.",P_31_205_19_d_3_ii,(MinorLosses ^ OrdinaryCourseOfBusiness ^ ~CoveredByInsurance) -> Allowable,P_31_205_19_d_3,Material Implication (Impl): Rule 15 [HIGH-RISK]; Conjunction (Conj): Rule 7; Negation (Neg): Rule 10,PENDING_REVIEW,PASS,PASS,Exception 2: minor uninsured business losses allowable. Three conjunctive conditions. Examples illustrative ('such as').,MEDIUM
31,31.205-19(e),P_31_205_19_e,Self-insurance and purchased insurance costs are subject to the following cost limitations.,P_31_205_19_e_1; P_31_205_19_e_2; P_31_205_19_e_3; P_31_205_19_e_4; P_31_205_19_e_5; P_31_205_19_e_6; P_31_205_19_e_7,P_31_205_19_e_1 ^ P_31_205_19_e_2 ^ P_31_205_19_e_3 ^ P_31_205_19_e_4 ^ P_31_205_19_e_5 ^ P_31_205_19_e_6 ^ P_31_205_19_e_7,P_31_205_19,Conjunction (Conj): Rule 7,VALIDATED,PASS,PASS,Parent for seven cost limitations applicable to both self-insurance and purchased insurance.,HIGH
31,31.205-19(e)(1),P_31_205_19_e_1,Costs of insurance required or approved pursuant to the contract are allowable.,P_31_205_19_e_1,(ContractRequired v ContractApproved) -> Allowable(InsuranceCosts),P_31_205_19_e,Material Implication (Impl): Rule 15 [HIGH-RISK]; Addition (Add): Rule 8,PENDING_REVIEW,PASS,PASS,Contract-required or approved insurance is allowable. Disjunctive trigger.,MEDIUM
31,31.205-19(e)(2),P_31_205_19_e_2,Costs of insurance maintained by the contractor in connection with the general conduct of its business are allowable subject to the following limitations.,P_31_205_19_e_2_i; P_31_205_19_e_2_ii; P_31_205_19_e_2_iii; P_31_205_19_e_2_iv; P_31_205_19_e_2_v,GeneralBusinessInsurance -> Allowable_SubjectTo(P_31_205_19_e_2_i ^ P_31_205_19_e_2_ii ^ P_31_205_19_e_2_iii ^ P_31_205_19_e_2_iv ^ P_31_205_19_e_2_v),P_31_205_19_e,Material Implication (Impl): Rule 15 [HIGH-RISK]; Conjunction (Conj): Rule 7,PENDING_REVIEW,PASS,PASS,General business insurance allowable with five specific limitations. Parent for (i)-(v).,MEDIUM
31,31.205-19(e)(2)(i),P_31_205_19_e_2_i,"Types and extent of coverage must follow sound business practice, and the rates and premiums must be reasonable.",P_31_205_19_e_2_i,SoundBusinessPractice(CoverageTypes ^ CoverageExtent) ^ Reasonable(Rates ^ Premiums),P_31_205_19_e_2,Conjunction (Conj): Rule 7,VALIDATED,PASS,PASS,Two conjunctive requirements: sound business practice for coverage scope AND reasonable rates/premiums.,HIGH
31,31.205-19(e)(2)(ii),P_31_205_19_e_2_ii,Costs allowed for business interruption or other similar insurance must be limited to exclude coverage of profit.,P_31_205_19_e_2_ii,BusinessInterruptionInsurance -> ~Include(ProfitCoverage),P_31_205_19_e_2,Material Implication (Impl): Rule 15 [HIGH-RISK]; Negation (Neg): Rule 10,PENDING_REVIEW,PASS,PASS,Business interruption insurance cannot include profit coverage. Government does not insure contractor profits.,MEDIUM
31,31.205-19(e)(2)(iii),P_31_205_19_e_2_iii,"The cost of property insurance premiums for insurance coverage in excess of the acquisition cost of the insured assets is allowable only when the contractor has a formal written policy assuring that in the event the insured property is involuntarily converted, the new asset must be valued at the book value of the replaced asset plus or minus adjustments for differences between insurance proceeds and actual replacement cost. If the contractor does not have such a formal written policy, the cost of premiums for insurance coverage in excess of the acquisition cost of the insured asset is unallowable.","P_31_205_19_e_2_iii_a: Excess coverage premiums allowable with formal written replacement policy; P_31_205_19_e_2_iii_b: Without such policy, excess coverage premiums are unallowable",FormalWrittenPolicy(BookValueReplacement) -> Allowable(ExcessCoveragePremiums); ~FormalWrittenPolicy -> ~Allowable(ExcessCoveragePremiums),P_31_205_19_e_2,Biconditional (Bicond): Rule 17; Negation (Neg): Rule 10,PENDING_REVIEW,PASS,PASS,Only when' creates biconditional. Formal written policy is both necessary and sufficient for excess coverage premium allowability. Policy must specify book-value replacement valuation.,MEDIUM
31,31.205-19(e)(2)(iv),P_31_205_19_e_2_iv,"Costs of insurance for the risk of loss of Government property are allowable to the extent that the contractor is liable for such loss, the contracting officer has not revoked the Government's assumption of risk (see 45.104(b)), and the insurance does not cover loss from willful misconduct or lack of good faith by managerial personnel (see FAR 52.245-1(h)(1)(ii)).",P_31_205_19_e_2_iv_a: Contractor is liable for loss; P_31_205_19_e_2_iv_b: CO has not revoked risk assumption; P_31_205_19_e_2_iv_c: Insurance does not cover willful misconduct/lack of good faith,GovtPropertyInsurance -> Allowable_ToExtent(ContractorLiable ^ ~RiskAssumptionRevoked ^ ~CoversWillfulMisconduct),P_31_205_19_e_2; EXT:45.104; EXT:52.245-1,Material Implication (Impl): Rule 15 [HIGH-RISK]; Conjunction (Conj): Rule 7; Negation (Neg): Rule 10,PENDING_REVIEW,PASS,PASS,Three conjunctive conditions for government property insurance allowability. Cross-refs to 45.104(b) and FAR 52.245-1(h)(1)(ii). Sub-items (A)-(C) in source text handled via atomic decomposition.,MEDIUM
31,31.205-19(e)(2)(v),P_31_205_19_e_2_v,"Costs of insurance on the lives of officers, partners, proprietors, or employees are allowable only to the extent that the insurance represents additional compensation (see 31.205-6).",P_31_205_19_e_2_v,LifeInsurance(Officers v Partners v Proprietors v Employees) -> Allowable_OnlyAsAdditionalCompensation,P_31_205_19_e_2; P_31_205_6,Biconditional (Bicond): Rule 17; Addition (Add): Rule 8,PENDING_REVIEW,PASS,PASS,Only to the extent' = proportional limitation. Key person life insurance allowable only as compensation. Cross-ref to 31.205-6 compensation rules.,MEDIUM
31,31.205-19(e)(3),P_31_205_19_e_3,The cost of insurance to protect the contractor against the costs of correcting its own defects in materials and workmanship is unallowable.,P_31_205_19_e_3,Insurance_AgainstOwnDefects(Materials ^ Workmanship) -> ~Allowable,P_31_205_19_e,Material Implication (Impl): Rule 15 [HIGH-RISK]; Negation (Neg): Rule 10,PENDING_REVIEW,PASS,PASS,Prohibition on insuring against own quality failures. Government does not pay for contractor to insure against its own defective work.,MEDIUM
31,31.205-19(e)(4),P_31_205_19_e_4,The cost of insurance to cover fortuitous or casualty losses resulting from defects in materials or workmanship are allowable as a normal business expense.,P_31_205_19_e_4,Insurance_FortuitousCasualtyLosses_FromDefects -> Allowable_AsNormalBusinessExpense,P_31_205_19_e,Material Implication (Impl): Rule 15 [HIGH-RISK],PENDING_REVIEW,PASS,PASS,"Distinction from (e)(3): insurance against fortuitous/casualty losses from defects IS allowable, unlike insurance against correction costs. Key difference: insuring outcomes vs. insuring remediation.",MEDIUM
31,31.205-19(e)(5),P_31_205_19_e_5,Premiums for retroactive or backdated insurance written to cover known losses that have occurred are unallowable.,P_31_205_19_e_5,RetroactiveInsurance_KnownLosses -> ~Allowable(Premiums),P_31_205_19_e,Material Implication (Impl): Rule 15 [HIGH-RISK]; Negation (Neg): Rule 10,PENDING_REVIEW,PASS,PASS,Prohibition on retroactive insurance for known losses. Insurance by definition covers future risk; covering known losses is not genuine insurance.,MEDIUM
31,31.205-19(e)(6),P_31_205_19_e_6,"The Government is obligated to indemnify the contractor only to the extent authorized by law, as expressly provided for in the contract, except as provided in paragraph (d)(3) of this section.",P_31_205_19_e_6,GovtIndemnification -> OnlyToExtent(AuthorizedByLaw ^ ExpresslyInContract) v ExceptPer_d3,P_31_205_19_e,Material Implication (Impl): Rule 15 [HIGH-RISK]; Conjunction (Conj): Rule 7,PENDING_REVIEW,PASS,PASS,Government indemnification limited to legal authorization AND express contract provision. Exception for actual losses under (d)(3). Two conjunctive conditions for indemnification.,MEDIUM
31,31.205-19(e)(7),P_31_205_19_e_7,Late premium payment charges related to employee deferred compensation plan insurance incurred pursuant to 29 U.S.C. 1307 or 29 U.S.C. 1323 are unallowable.,P_31_205_19_e_7,LatePremiumCharges(DeferredCompPlan_29USC1307 v 29USC1323) -> ~Allowable,P_31_205_19_e,Material Implication (Impl): Rule 15 [HIGH-RISK]; Negation (Neg): Rule 10; Addition (Add): Rule 8,PENDING_REVIEW,PASS,PASS,Prohibition on late payment charges for ERISA-related insurance. Contractor should not pass penalty for tardy payments to Government.,MEDIUM
31,31.205-20,P_31_205_20,31.205-20 Interest and other financial costs. [Reserved],P_31_205_20: Interest and other financial costs is a reserved section with no current regulatory content.,[RESERVED],P_31_205,,VALIDATED,PASS,PASS,Reserved section. No operative text to convert. Placeholder only.,HIGH
31,31.205-21,P_31_205_21,"31.205-21 Labor relations costs. Costs of maintaining satisfactory labor relations are allowable (paragraph (a)), but costs of activities to persuade employees regarding collective bargaining rights are unallowable per Executive Order 13494 (paragraph (b)).",P_31_205_21_a; P_31_205_21_b,P_31_205_21_a ^ P_31_205_21_b,P_31_205,Conjunction (Conj): Rule 7,VALIDATED,PASS,PASS,Parent proposition aggregating allowable labor relations costs (a) and unallowable persuasion costs (b). Conjunctive structure captures both requirements.,HIGH
31,31.205-21(a),P_31_205_21_a,"Costs incurred in maintaining satisfactory relations between the contractor and its employees, including costs of shop stewards, labor management committees, employee publications, and other related activities, are allowable.","P_31_205_21_a: Costs of maintaining satisfactory employer-employee relations (including shop stewards, labor management committees, employee publications, related activities) are allowable.",SatisfactoryLaborRelationsCosts -> Allowable,P_31_205_21,Material Implication (Impl): Rule 15 [HIGH-RISK],PENDING_REVIEW,PASS,PASS,"Conditional: if costs are for maintaining satisfactory labor relations, then allowable. HIGH-RISK rule 15 used. The 'including' list is illustrative, not exhaustive. Implication direction correct: type of cost triggers allowability.",MEDIUM
31,31.205-21(b),P_31_205_21_b,"As required by Executive Order 13494, Economy in Government Contracting, costs of any activities undertaken to persuade employees of any entity to exercise, or not to exercise, or concerning the manner of exercising, the right to organize and bargain collectively, through representatives of the employees' own choosing are unallowable. Examples of unallowable costs are (1)-(4).",P_31_205_21_b: Costs of activities to persuade employees regarding exercise of collective bargaining rights are unallowable per EO 13494; P_31_205_21_b_1; P_31_205_21_b_2; P_31_205_21_b_3; P_31_205_21_b_4,PersuasionActivityCosts -> ~Allowable,P_31_205_21,Material Implication (Impl): Rule 15 [HIGH-RISK]; Negation (Neg): Rule 10,PENDING_REVIEW,PASS,PASS,"Costs aimed at persuading employees on collective bargaining rights are categorically unallowable. EO 13494 is an external authority reference. HIGH-RISK rule 15 used for conditional structure. Sub-items (1)-(4) are examples, not exhaustive.",MEDIUM
31,31.205-21(b)(1),P_31_205_21_b_1,Preparing and distributing materials.,P_31_205_21_b_1: Preparing and distributing materials (to persuade employees regarding collective bargaining) is an example of unallowable costs under 31.205-21(b).,PreparingDistributingMaterials -> ~Allowable,P_31_205_21_b,Material Implication (Impl): Rule 15 [HIGH-RISK]; Negation (Neg): Rule 10,PENDING_REVIEW,PASS,PASS,Example of unallowable persuasion cost. Inherits unallowability from parent (b). Context-dependent: only unallowable when purpose is persuading re collective bargaining.,MEDIUM
31,31.205-21(b)(2),P_31_205_21_b_2,Hiring or consulting legal counsel or consultants.,P_31_205_21_b_2: Hiring or consulting legal counsel or consultants (for persuading employees regarding collective bargaining) is an example of unallowable costs under 31.205-21(b).,HiringConsultantsForPersuasion -> ~Allowable,P_31_205_21_b,Material Implication (Impl): Rule 15 [HIGH-RISK]; Negation (Neg): Rule 10,PENDING_REVIEW,PASS,PASS,Example of unallowable persuasion cost. Only unallowable when purpose is influencing collective bargaining decisions.,MEDIUM
31,31.205-21(b)(3),P_31_205_21_b_3,Meetings (including paying the salaries of the attendees at meetings held for this purpose); and,P_31_205_21_b_3: Meetings for persuading employees regarding collective bargaining (including salary costs of attendees) are an example of unallowable costs under 31.205-21(b).,MeetingsForPersuasion -> ~Allowable,P_31_205_21_b,Material Implication (Impl): Rule 15 [HIGH-RISK]; Negation (Neg): Rule 10,PENDING_REVIEW,PASS,PASS,Example of unallowable persuasion cost. Parenthetical clarifies that attendee salary costs are included in the unallowable scope.,MEDIUM
31,31.205-21(b)(4),P_31_205_21_b_4,"Planning or conducting activities by managers, supervisors, or union representatives during work hours.","P_31_205_21_b_4: Planning or conducting persuasion activities by managers, supervisors, or union representatives during work hours is an example of unallowable costs under 31.205-21(b).",PlanningConductingPersuasionDuringWorkHours -> ~Allowable,P_31_205_21_b,Material Implication (Impl): Rule 15 [HIGH-RISK]; Negation (Neg): Rule 10,PENDING_REVIEW,PASS,PASS,Example of unallowable persuasion cost. Specifies that work-hours activity by management or union reps for this purpose is unallowable.,MEDIUM
31,31.205-22,P_31_205_22,"31.205-22 Lobbying and political activity costs. Costs of lobbying and political activities are generally unallowable (paragraph (a)), with specific exceptions (paragraph (b)), and procedural requirements for identification, recordkeeping, and dispute resolution (paragraphs (c)-(e)).",P_31_205_22_a; P_31_205_22_b; P_31_205_22_c; P_31_205_22_d; P_31_205_22_e,P_31_205_22_a ^ P_31_205_22_b ^ P_31_205_22_c ^ P_31_205_22_d ^ P_31_205_22_e,P_31_205,Conjunction (Conj): Rule 7,VALIDATED,PASS,PASS,Parent proposition aggregating all paragraphs of 31.205-22. Conjunctive: all sub-requirements apply simultaneously.,HIGH
31,31.205-22(a),P_31_205_22_a,"Costs associated with the following activities are unallowable: (1) influencing elections, (2) political organizations, (3) influencing legislation, (4) legislative liaison for unallowable purposes, (5) improperly influencing Executive branch.",P_31_205_22_a_1; P_31_205_22_a_2; P_31_205_22_a_3; P_31_205_22_a_4; P_31_205_22_a_5,(P_31_205_22_a_1 v P_31_205_22_a_2 v P_31_205_22_a_3 v P_31_205_22_a_4 v P_31_205_22_a_5) -> ~Allowable,P_31_205_22,Material Implication (Impl): Rule 15 [HIGH-RISK]; Negation (Neg): Rule 10; Addition (Add): Rule 8,PENDING_REVIEW,PASS,PASS,Disjunctive antecedent: any one of the five listed activities triggers unallowability. Each sub-item independently sufficient to render costs unallowable.,MEDIUM
31,31.205-22(a)(1),P_31_205_22_a_1,"Attempts to influence the outcomes of any Federal, State, or local election, referendum, initiative, or similar procedure, through in-kind or cash contributions, endorsements, publicity, or similar activities.","P_31_205_22_a_1: Costs of attempting to influence outcomes of any Federal, State, or local election, referendum, initiative, or similar procedure through contributions, endorsements, publicity, or similar activities are unallowable.",AttemptInfluenceElection -> ~Allowable,P_31_205_22_a,Material Implication (Impl): Rule 15 [HIGH-RISK]; Negation (Neg): Rule 10,PENDING_REVIEW,PASS,PASS,"Broad scope: covers all levels of government elections and similar procedures. Methods listed (contributions, endorsements, publicity) are illustrative via 'or similar activities'.",MEDIUM
31,31.205-22(a)(2),P_31_205_22_a_2,"Establishing, administering, contributing to, or paying the expenses of a political party, campaign, political action committee, or other organization established for the purpose of influencing the outcomes of elections.","P_31_205_22_a_2: Costs of establishing, administering, contributing to, or paying expenses of political parties, campaigns, PACs, or similar organizations aimed at influencing elections are unallowable.",PoliticalOrgCosts -> ~Allowable,P_31_205_22_a,Material Implication (Impl): Rule 15 [HIGH-RISK]; Negation (Neg): Rule 10,PENDING_REVIEW,PASS,PASS,Covers full lifecycle of political organization involvement: establishment through ongoing financial support. Disjunctive activities (establishing OR administering OR contributing OR paying) all trigger unallowability.,MEDIUM
31,31.205-22(a)(3),P_31_205_22_a_3,"Any attempt to influence the introduction of Federal, state, or local legislation, or enactment or modification of any pending Federal, state, or local legislation, through methods in (i) and (ii).",P_31_205_22_a_3_i; P_31_205_22_a_3_ii,AttemptInfluenceLegislation ^ (P_31_205_22_a_3_i v P_31_205_22_a_3_ii) -> ~Allowable,P_31_205_22_a,Material Implication (Impl): Rule 15 [HIGH-RISK]; Negation (Neg): Rule 10; Conjunction (Conj): Rule 7; Addition (Add): Rule 8,PENDING_REVIEW,PASS,PASS,Parent for legislative influence prohibition. Two methods specified in sub-items (i) and (ii). Covers both introduction and modification of legislation at all government levels.,MEDIUM
31,31.205-22(a)(3)(i),P_31_205_22_a_3_i,"Through communication with any member or employee of the Congress or state legislature including efforts to influence state or local officials to engage in similar lobbying activity, or with any government official or employee in connection with a decision to sign or veto enrolled legislation.","P_31_205_22_a_3_i: Influencing legislation through direct communication with legislators, legislative employees, or government officials regarding signing/vetoing legislation is unallowable.",DirectLegislativeCommunication -> ~Allowable,P_31_205_22_a_3,Material Implication (Impl): Rule 15 [HIGH-RISK]; Negation (Neg): Rule 10,PENDING_REVIEW,PASS,PASS,"Covers direct lobbying: communication with Congress members/staff, state legislators, and officials involved in sign/veto decisions. Also covers indirect lobbying via influencing state/local officials to lobby.",MEDIUM
31,31.205-22(a)(3)(ii),P_31_205_22_a_3_ii,"By preparing, distributing or using publicity or propaganda, or by urging members of the general public or any segment thereof to contribute to or participate in any mass demonstration, march, rally, fund raising drive, lobbying campaign or letter writing or telephone campaign.","P_31_205_22_a_3_ii: Influencing legislation through publicity/propaganda or grassroots mobilization (demonstrations, rallies, fundraising drives, letter/phone campaigns) is unallowable.",GrassrootsLobbyingCosts -> ~Allowable,P_31_205_22_a_3,Material Implication (Impl): Rule 15 [HIGH-RISK]; Negation (Neg): Rule 10,PENDING_REVIEW,PASS,PASS,"Covers grassroots lobbying: publicity, propaganda, and public mobilization activities. Broad list of grassroots methods is illustrative.",MEDIUM
31,31.205-22(a)(4),P_31_205_22_a_4,"Legislative liaison activities, including attendance at legislative sessions or committee hearings, gathering information regarding legislation, and analyzing the effect of legislation, when such activities are carried on in support of or in knowing preparation for an effort to engage in unallowable activities.","P_31_205_22_a_4: Costs of legislative liaison activities (attending sessions/hearings, gathering/analyzing legislative information) are unallowable when carried on in support of or in knowing preparation for unallowable lobbying activities.",LegislativeLiaison ^ (SupportUnallowableActivity v KnowingPreparation) -> ~Allowable,P_31_205_22_a,Material Implication (Impl): Rule 15 [HIGH-RISK]; Negation (Neg): Rule 10; Conjunction (Conj): Rule 7,PENDING_REVIEW,PASS,PASS,Critical conditional: legislative liaison is only unallowable WHEN done in support of or knowing preparation for other unallowable activities. Same activities could be allowable if not connected to prohibited purposes. The 'when' clause is determinative.,MEDIUM
31,31.205-22(a)(5),P_31_205_22_a_5,"Costs incurred in attempting to improperly influence (see 3.401), either directly or indirectly, an employee or officer of the Executive branch of the Government to give consideration to or act regarding a regulatory or contract matter.","P_31_205_22_a_5: Costs of attempting to improperly influence Executive branch employees/officers regarding regulatory or contract matters, directly or indirectly, are unallowable.",ImproperInfluenceExecutiveBranch -> ~Allowable,P_31_205_22_a; EXT:3.401,Material Implication (Impl): Rule 15 [HIGH-RISK]; Negation (Neg): Rule 10,PENDING_REVIEW,PASS,PASS,Cross-references FAR 3.401 for definition of 'improperly influence'. Covers both direct and indirect influence attempts on Executive branch regarding regulatory or contract matters.,MEDIUM
31,31.205-22(b),P_31_205_22_b,"Costs associated with the following activities are excepted from paragraph (a) of this section: (1) technical/factual presentations, (2) lobbying to reduce contract cost, (3) statutorily authorized activities.",P_31_205_22_b_1; P_31_205_22_b_2; P_31_205_22_b_3,(P_31_205_22_b_1 v P_31_205_22_b_2 v P_31_205_22_b_3) -> ~P_31_205_22_a,P_31_205_22,Material Implication (Impl): Rule 15 [HIGH-RISK]; Negation (Neg): Rule 10; Addition (Add): Rule 8,PENDING_REVIEW,PASS,PASS,"Exception clause: three types of activities are carved out from the general prohibition in (a). Disjunctive: any one exception independently sufficient. The exception negates application of (a), not the underlying cost characterization.",MEDIUM
31,31.205-22(b)(1),P_31_205_22_b_1,"Providing a technical and factual presentation of information on a topic directly related to the performance of a contract through a hearing testimony, statements, or letters to the Congress or a state legislature, or subdivision, member, or cognizant staff member thereof, in response to a documented request (including a Congressional Record notice requesting testimony or statements for the record at a regularly scheduled hearing) made by the recipient member, legislative body, or subdivision, or a cognizant staff member thereof, provided such information is readily obtainable and can be readily put in deliverable form; and provided that costs under this section for transportation, lodging or meals are unallowable unless incurred for the purpose of offering testimony at a regularly scheduled Congressional hearing pursuant to a written request for such presentation made by the Chairman or Ranking Minority Member of the Committee or Subcommittee conducting such hearing.",P_31_205_22_b_1_a: Technical/factual presentation directly related to contract performance; P_31_205_22_b_1_b: Made through testimony/statements/letters to Congress or state legislature; P_31_205_22_b_1_c: In response to documented request; P_31_205_22_b_1_d: Information readily obtainable and deliverable; P_31_205_22_b_1_e: Transportation/lodging/meals unallowable unless for testimony at regularly scheduled Congressional hearing per written request from Chairman or Ranking Minority Member,(TechnicalFactualPresentation ^ DirectlyRelatedToContract ^ DocumentedRequest ^ ReadilyObtainable) -> ExceptedFromProhibition; TransportLodgingMeals -> ~Allowable UNLESS (RegularlyScheduledHearing ^ WrittenRequestChairmanOrRanking),P_31_205_22_b,Material Implication (Impl): Rule 15 [HIGH-RISK]; Conjunction (Conj): Rule 7; Negation (Neg): Rule 10,PENDING_REVIEW,PASS,PASS,Complex multi-condition exception. Four conjunctive requirements for the exception to apply. Additional nested restriction on travel costs: only allowable for regularly scheduled Congressional hearings with written request from committee leadership. HIGH-RISK: multiple conditionals interacting.,LOW
31,31.205-22(b)(2),P_31_205_22_b_2,"Any lobbying made unallowable by paragraph (a)(3) of this section to influence state or local legislation in order to directly reduce contract cost, or to avoid material impairment of the contractor's authority to perform the contract.",P_31_205_22_b_2: Lobbying to influence state/local legislation is excepted from (a)(3) prohibition when done to directly reduce contract cost or avoid material impairment of contractor's performance authority.,(LobbyingStateLocal ^ (ReduceContractCost v AvoidMaterialImpairment)) -> ExceptedFromProhibition,P_31_205_22_b,Material Implication (Impl): Rule 15 [HIGH-RISK]; Conjunction (Conj): Rule 7; Addition (Add): Rule 8,PENDING_REVIEW,PASS,PASS,Exception limited to state/local legislation lobbying (not federal). Disjunctive purpose: cost reduction OR avoiding material impairment. 'Directly' narrows the cost-reduction justification.,MEDIUM
31,31.205-22(b)(3),P_31_205_22_b_3,Any activity specifically authorized by statute to be undertaken with funds from the contract.,P_31_205_22_b_3: Activities specifically authorized by statute to use contract funds are excepted from the (a) prohibition.,StatutorilyAuthorizedActivity -> ExceptedFromProhibition,P_31_205_22_b,Material Implication (Impl): Rule 15 [HIGH-RISK],PENDING_REVIEW,PASS,PASS,"Broad statutory carve-out. Requires specific statutory authorization, not general permissiveness. External dependency: specific authorizing statutes not identified.",MEDIUM
31,31.205-22(c),P_31_205_22_c,"When a contractor seeks reimbursement for indirect costs, total lobbying costs must be separately identified in the indirect cost rate proposal, and thereafter treated as other unallowable activity costs.","P_31_205_22_c: When seeking indirect cost reimbursement, contractor must separately identify total lobbying costs in indirect cost rate proposal and treat them as unallowable activity costs.",SeeksIndirectReimbursement -> (SeparatelyIdentifyLobbyCosts ^ TreatAsUnallowable),P_31_205_22,Material Implication (Impl): Rule 15 [HIGH-RISK]; Conjunction (Conj): Rule 7,PENDING_REVIEW,PASS,PASS,Procedural requirement triggered by seeking indirect cost reimbursement. Two mandatory actions: separate identification AND treatment as unallowable. Cross-reference to indirect cost rate proposal process.,MEDIUM
31,31.205-22(d),P_31_205_22_d,Contractors must maintain adequate records to demonstrate that the certification of costs as being allowable or unallowable (see 42.703-2) pursuant to this section complies with the requirements of this section.,P_31_205_22_d: Contractors must maintain adequate records demonstrating that cost allowability/unallowability certifications under this section comply with section requirements.,Contractor -> MaintainAdequateRecords ^ DemonstrateCertificationCompliance,P_31_205_22; EXT:42.703-2,Conjunction (Conj): Rule 7; Material Implication (Impl): Rule 15 [HIGH-RISK],PENDING_REVIEW,PASS,PASS,Mandatory recordkeeping requirement. Cross-references FAR 42.703-2 for certification requirements. 'Must' = mandatory. Records must be adequate to demonstrate compliance.,MEDIUM
31,31.205-22(e),P_31_205_22_e,Existing procedures should be utilized to resolve in advance any significant questions or disagreements concerning the interpretation or application of this section.,P_31_205_22_e: Existing procedures should be used to resolve in advance significant questions or disagreements about interpretation or application of this section.,SignificantQuestion v Disagreement -> SHOULD(UseExistingProcedures ^ ResolveInAdvance),P_31_205_22,Material Implication (Impl): Rule 15 [HIGH-RISK]; Addition (Add): Rule 8,PENDING_REVIEW,PASS,PASS,"Should' = advisory, not mandatory. PENDING_REVIEW per methodology for advisory language. Encourages proactive dispute resolution but does not mandate it.",MEDIUM
31,31.205-23,P_31_205_23,"Losses on other contracts, including the contractor's contributed portion under cost-sharing contracts, are unallowable.",P_31_205_23: Losses on other contracts (including contractor's contributed portion under cost-sharing contracts) are unallowable.,LossesOnOtherContracts -> ~Allowable,P_31_205,Material Implication (Impl): Rule 15 [HIGH-RISK]; Negation (Neg): Rule 10,PENDING_REVIEW,PASS,PASS,"Categorical prohibition. Covers all losses on other contracts including cost-sharing portions. No exceptions stated. Simple conditional: if the cost is a loss on another contract, it is unallowable.",MEDIUM
31,31.205-24,P_31_205_24,[Reserved],P_31_205_24: Reserved section with no current regulatory content.,[RESERVED],P_31_205,,VALIDATED,PASS,PASS,Reserved section. No operative text to convert. Placeholder only.,HIGH
31,31.205-25,P_31_205_25,"31.205-25 Manufacturing and production engineering costs. Certain manufacturing and production engineering costs are allowable (paragraph (a)), certain activities are excluded from this cost principle (paragraph (b)), and capitalized costs are governed by 31.205-11 (paragraph (c)).",P_31_205_25_a; P_31_205_25_b; P_31_205_25_c,P_31_205_25_a ^ P_31_205_25_b ^ P_31_205_25_c,P_31_205; P_31_205_11,Conjunction (Conj): Rule 7,VALIDATED,PASS,PASS,"Parent proposition. Three paragraphs operate conjunctively: allowable costs, exclusions, and capitalization rule.",HIGH
31,31.205-25(a),P_31_205_25_a,"The following costs of manufacturing and production engineering effort are allowable: (1) new/improved materials and techniques, (2) pilot production lines, (3) improving production functions, (4) producibility analysis.",P_31_205_25_a_1; P_31_205_25_a_2; P_31_205_25_a_3; P_31_205_25_a_4,P_31_205_25_a_1 v P_31_205_25_a_2 v P_31_205_25_a_3 v P_31_205_25_a_4 -> Allowable,P_31_205_25,Material Implication (Impl): Rule 15 [HIGH-RISK]; Addition (Add): Rule 8,PENDING_REVIEW,PASS,PASS,Disjunctive list of allowable manufacturing/production engineering costs. Each type independently sufficient to be allowable.,MEDIUM
31,31.205-25(a)(1),P_31_205_25_a_1,"Developing and deploying new or improved materials, systems, processes, methods, equipment, tools and techniques that are, or are expected to be, used in producing products or services.","P_31_205_25_a_1: Costs of developing and deploying new or improved production materials, systems, processes, methods, equipment, tools, and techniques (used or expected to be used in production) are allowable.",(DevelopDeploy ^ NewImprovedProductionCapability ^ (UsedInProduction v ExpectedToBeUsed)) -> Allowable,P_31_205_25_a,Material Implication (Impl): Rule 15 [HIGH-RISK]; Conjunction (Conj): Rule 7; Addition (Add): Rule 8,PENDING_REVIEW,PASS,PASS,Conjunctive conditions: must be developing/deploying AND new/improved AND used or expected to be used in production. 'Expected to be' broadens beyond current use.,MEDIUM
31,31.205-25(a)(2),P_31_205_25_a_2,Developing and deploying pilot production lines.,P_31_205_25_a_2: Costs of developing and deploying pilot production lines are allowable.,PilotProductionLineCosts -> Allowable,P_31_205_25_a,Material Implication (Impl): Rule 15 [HIGH-RISK],PENDING_REVIEW,PASS,PASS,Straightforward allowability for pilot production line development and deployment costs.,MEDIUM
31,31.205-25(a)(3),P_31_205_25_a_3,"Improving current production functions, such as plant layout, production scheduling and control, methods and job analysis, equipment capabilities and capacities, inspection techniques, and tooling analysis (including tooling design and application improvements).","P_31_205_25_a_3: Costs of improving current production functions (plant layout, scheduling, methods analysis, equipment capabilities, inspection, tooling) are allowable.",ImprovingProductionFunctions -> Allowable,P_31_205_25_a,Material Implication (Impl): Rule 15 [HIGH-RISK],PENDING_REVIEW,PASS,PASS,Allowable production improvement costs. 'Such as' list is illustrative. Broad scope covering various production function improvements.,MEDIUM
31,31.205-25(a)(4),P_31_205_25_a_4,"Material and manufacturing producibility analysis for production suitability and to optimize manufacturing processes, methods, and techniques.",P_31_205_25_a_4: Costs of material and manufacturing producibility analysis (for production suitability and process optimization) are allowable.,ProducibilityAnalysis -> Allowable,P_31_205_25_a,Material Implication (Impl): Rule 15 [HIGH-RISK],PENDING_REVIEW,PASS,PASS,Allowable producibility analysis costs. Dual purpose: production suitability assessment and manufacturing optimization.,MEDIUM
31,31.205-25(b),P_31_205_25_b,"This cost principle does not cover: (1) basic and applied research related to new technology (see 31.205-18), and (2) development for manufacturing items intended for sale (see 31.205-18).",P_31_205_25_b_1; P_31_205_25_b_2,P_31_205_25_b_1 ^ P_31_205_25_b_2,P_31_205_25; P_31_205_18,Conjunction (Conj): Rule 7,VALIDATED,PASS,PASS,Scope exclusion. Two categories excluded conjunctively. Both redirect to 31.205-18 (Independent research and development costs).,HIGH
31,31.205-25(b)(1),P_31_205_25_b_1,"Basic and applied research effort related to new technology, materials, systems, processes, methods, equipment, tools and techniques (see 31.205-18).",P_31_205_25_b_1: Basic and applied research related to new technology/materials/systems/processes/methods/equipment/tools/techniques is excluded from this cost principle and governed by 31.205-18.,BasicAppliedResearch -> ~CoveredBy31_205_25,P_31_205_25_b; P_31_205_18,Material Implication (Impl): Rule 15 [HIGH-RISK]; Negation (Neg): Rule 10,PENDING_REVIEW,PASS,PASS,Scope exclusion redirecting to 31.205-18. Distinguishes research (excluded) from production engineering (covered by this section).,MEDIUM
31,31.205-25(b)(2),P_31_205_25_b_2,"Development effort for manufacturing or production materials, systems, processes, methods, equipment, tools and techniques that are intended for sale (see 31.205-18).",P_31_205_25_b_2: Development of manufacturing/production capabilities intended for sale is excluded from this cost principle and governed by 31.205-18.,DevelopmentForSale -> ~CoveredBy31_205_25,P_31_205_25_b; P_31_205_18,Material Implication (Impl): Rule 15 [HIGH-RISK]; Negation (Neg): Rule 10,PENDING_REVIEW,PASS,PASS,"Key distinction: development FOR SALE goes to 31.205-18, not this section. Production engineering for internal use stays here.",MEDIUM
31,31.205-25(c),P_31_205_25_c,"Where manufacturing or production development costs are capitalized or required to be capitalized under the contractor's capitalization policies, allowable cost will be determined in accordance with the requirements of 31.205-11.","P_31_205_25_c: When manufacturing/production development costs are capitalized or required to be capitalized, allowability is determined per 31.205-11.",(CapitalizedCosts v RequiredToCapitalize) -> AllowabilityPer31_205_11,P_31_205_25; P_31_205_11,Material Implication (Impl): Rule 15 [HIGH-RISK]; Addition (Add): Rule 8,PENDING_REVIEW,PASS,PASS,Conditional redirect: capitalization triggers application of 31.205-11 (Depreciation) instead of this section. Disjunctive trigger: actually capitalized OR required to capitalize.,MEDIUM
31,31.205-26,P_31_205_26,"31.205-26 Material costs. Rules for determining allowable material costs, including definitions (a), adjustments (b), inventory adjustments (c), charging methods (d), interorganizational transfers (e), and commercial item pricing (f).",P_31_205_26_a; P_31_205_26_b; P_31_205_26_c; P_31_205_26_d; P_31_205_26_e; P_31_205_26_f,P_31_205_26_a ^ P_31_205_26_b ^ P_31_205_26_c ^ P_31_205_26_d ^ P_31_205_26_e ^ P_31_205_26_f,P_31_205,Conjunction (Conj): Rule 7,VALIDATED,PASS,PASS,Parent proposition. Six paragraphs operate conjunctively covering different aspects of material cost allowability.,HIGH
31,31.205-26(a),P_31_205_26_a,Material costs definitions and computation requirements (paragraphs (a)(1) and (a)(2)).,P_31_205_26_a_1; P_31_205_26_a_2,P_31_205_26_a_1 ^ P_31_205_26_a_2,P_31_205_26,Conjunction (Conj): Rule 7,VALIDATED,PASS,PASS,Sub-parent aggregating definition of material costs and computation requirement. Both apply.,HIGH
31,31.205-26(a)(1),P_31_205_26_a_1,"Material costs include the costs of items, such as raw materials, parts, subassemblies, components, and manufacturing supplies, whether purchased or manufactured by the contractor, and may include collateral items such as inbound transportation and in-transit insurance.","P_31_205_26_a_1_a: Material costs include costs of items (raw materials, parts, subassemblies, components, manufacturing supplies) whether purchased or manufactured; P_31_205_26_a_1_b: Material costs may include collateral items (inbound transportation, in-transit insurance)",MaterialCosts = (CostsOfItems ^ (Purchased v Manufactured)); CollateralItems -> (IncludeInMaterialCosts v ~IncludeInMaterialCosts),P_31_205_26_a,Conjunction (Conj): Rule 7; Addition (Add): Rule 8; Tautology (Taut): Rule 18,VALIDATED,PASS,PASS,Definitional. 'Such as' list is illustrative. 'May include' for collateral items = permissive (tautology per methodology). Covers both purchased and contractor-manufactured items.,HIGH
31,31.205-26(a)(2),P_31_205_26_a_2,"In computing material costs, the contractor must consider reasonable overruns, spoilage, or defective work (unless otherwise provided in any contract provision relating to inspecting and correcting defective work).","P_31_205_26_a_2: When computing material costs, contractor must consider reasonable overruns, spoilage, or defective work, unless contract provides otherwise for inspection/correction of defective work.",ComputingMaterialCosts -> MustConsider(ReasonableOverruns v Spoilage v DefectiveWork); ContractProvisionForDefectiveWork -> ~ThisRequirement,P_31_205_26_a,Material Implication (Impl): Rule 15 [HIGH-RISK]; Addition (Add): Rule 8; Negation (Neg): Rule 10,PENDING_REVIEW,PASS,PASS,Must' = mandatory. Disjunctive list of factors to consider. 'Unless' clause creates exception when contract has specific defective work provisions. 'Reasonable' is a qualifying judgment term.,MEDIUM
31,31.205-26(b),P_31_205_26_b,"The contractor must adjust material costs for credits and properly handle income credits, per (b)(1) and (b)(2).",P_31_205_26_b_1; P_31_205_26_b_2,Contractor -> (P_31_205_26_b_1 ^ P_31_205_26_b_2),P_31_205_26,Conjunction (Conj): Rule 7; Material Implication (Impl): Rule 15 [HIGH-RISK],PENDING_REVIEW,PASS,PASS,Parent 'must' requirement with two mandatory sub-obligations. Both must be performed.,MEDIUM
31,31.205-26(b)(1),P_31_205_26_b_1,"Adjust the costs of material for income and other credits, including available trade discounts, refunds, rebates, allowances, and cash discounts, and credits for scrap, salvage, and material returned to vendors.","P_31_205_26_b_1: Contractor must adjust material costs for income and other credits including trade discounts, refunds, rebates, allowances, cash discounts, scrap credits, salvage credits, and vendor return credits.",Contractor -> AdjustMaterialCostsForCredits,P_31_205_26_b,Material Implication (Impl): Rule 15 [HIGH-RISK],PENDING_REVIEW,PASS,PASS,Mandatory adjustment requirement. 'Including' list is illustrative of credit types that must be accounted for. Broad scope covering various credit and discount types.,MEDIUM
31,31.205-26(b)(2),P_31_205_26_b_2,"Credit such income and other credits either directly to the cost of the material or allocate such income and other credits as a credit to indirect costs. When the contractor can demonstrate that failure to take cash discounts was reasonable, the contractor does not need to credit lost discounts.","P_31_205_26_b_2_a: Credits must be applied either directly to material cost or allocated as indirect cost credit; P_31_205_26_b_2_b: When failure to take cash discounts was demonstrably reasonable, lost discounts need not be credited.",(DirectCreditToMaterial v AllocateToIndirect); DemonstrateReasonableFailure -> ~RequiredToCreditLostDiscounts,P_31_205_26_b,Addition (Add): Rule 8; Material Implication (Impl): Rule 15 [HIGH-RISK]; Negation (Neg): Rule 10,PENDING_REVIEW,PASS,PASS,"Two parts: (1) disjunctive crediting methods (direct OR indirect), (2) conditional exception for lost cash discounts when failure to take them was reasonable. 'Can demonstrate' places burden on contractor.",MEDIUM
31,31.205-26(c),P_31_205_26_c,Reasonable adjustments arising from differences between periodic physical inventories and book inventories may be included in arriving at costs when such adjustments relate to the period of contract performance.,P_31_205_26_c: Reasonable inventory adjustments (physical vs. book) may be included in costs when adjustments relate to the contract performance period.,(ReasonableInventoryAdjustment ^ RelateToContractPeriod) -> (IncludeInCosts v ~IncludeInCosts),P_31_205_26,Material Implication (Impl): Rule 15 [HIGH-RISK]; Conjunction (Conj): Rule 7; Tautology (Taut): Rule 18,PENDING_REVIEW,PASS,PASS,May' = permissive (tautology). Two conditions: adjustments must be reasonable AND relate to contract performance period. Inventory variance inclusion is discretionary when conditions met.,MEDIUM
31,31.205-26(d),P_31_205_26_d,Material charging methods for contract-specific purchases (d)(1) and store-issued materials (d)(2).,P_31_205_26_d_1; P_31_205_26_d_2,P_31_205_26_d_1 ^ P_31_205_26_d_2,P_31_205_26,Conjunction (Conj): Rule 7,VALIDATED,PASS,PASS,Sub-parent. Two methods for charging materials to contracts depending on procurement method.,HIGH
31,31.205-26(d)(1),P_31_205_26_d_1,"When materials are purchased specifically for and are identifiable solely with performance under a contract, the actual purchase cost of those materials should be charged to the contract.","P_31_205_26_d_1: When materials are purchased specifically for and identifiable solely with a contract, actual purchase cost should be charged to that contract.",(PurchasedSpecificallyFor ^ IdentifiableSolelyWith) -> SHOULD(ChargeActualPurchaseCost),P_31_205_26_d,Material Implication (Impl): Rule 15 [HIGH-RISK]; Conjunction (Conj): Rule 7,PENDING_REVIEW,PASS,PASS,Should' = advisory. Two conjunctive conditions: purchased specifically for AND identifiable solely with the contract. PENDING_REVIEW per methodology for 'should' language.,MEDIUM
31,31.205-26(d)(2),P_31_205_26_d_2,"If material is issued from stores, any generally recognized method of pricing such material is acceptable if that method is consistently applied and the results are equitable.","P_31_205_26_d_2: For store-issued material, any generally recognized pricing method is acceptable if consistently applied and producing equitable results.",(IssuedFromStores ^ GenerallyRecognizedMethod ^ ConsistentlyApplied ^ EquitableResults) -> Acceptable,P_31_205_26_d,Material Implication (Impl): Rule 15 [HIGH-RISK]; Conjunction (Conj): Rule 7,PENDING_REVIEW,PASS,PASS,"Four conjunctive conditions for acceptability: issued from stores, recognized method, consistent application, and equitable results. Flexible on method choice but strict on consistency and equity.",MEDIUM
31,31.205-26(e),P_31_205_26_e,"Allowance for materials, supplies and services that are sold or transferred between any divisions, subdivisions, subsidiaries, or affiliates of the contractor under a common control must be on basis of cost (e)(1) or may be at price when conditions met (e)(2).",P_31_205_26_e_1; P_31_205_26_e_2,InterorgTransfer -> (P_31_205_26_e_1 v P_31_205_26_e_2),P_31_205_26,Material Implication (Impl): Rule 15 [HIGH-RISK]; Addition (Add): Rule 8,PENDING_REVIEW,PASS,PASS,"Interorganizational transfer pricing. Disjunctive: cost basis (default) OR price basis (when conditions met). Scope: divisions, subdivisions, subsidiaries, affiliates under common control.",MEDIUM
31,31.205-26(e)(1),P_31_205_26_e_1,Must be on the basis of cost incurred in accordance with this subpart.,P_31_205_26_e_1: Interorganizational transfers must be priced on cost basis per Subpart 31.2.,InterorgTransfer -> CostBasisPerSubpart31_2,P_31_205_26_e,Material Implication (Impl): Rule 15 [HIGH-RISK],PENDING_REVIEW,PASS,PASS,Must' = mandatory default. Cost basis is the standard requirement for interorganizational transfers. Cross-references Subpart 31.2 for cost determination.,MEDIUM
31,31.205-26(e)(2),P_31_205_26_e_2,May be at price when conditions in (i) and (ii) are met.,P_31_205_26_e_2_i; P_31_205_26_e_2_ii,(P_31_205_26_e_2_i ^ P_31_205_26_e_2_ii) -> (PriceBasis v ~PriceBasis),P_31_205_26_e,Material Implication (Impl): Rule 15 [HIGH-RISK]; Conjunction (Conj): Rule 7; Tautology (Taut): Rule 18,PENDING_REVIEW,PASS,PASS,May' = permissive (tautology). Both conditions (i) and (ii) must be met conjunctively for price-basis option to be available.,MEDIUM
31,31.205-26(e)(2)(i),P_31_205_26_e_2_i,"It is the established practice of the transferring organization to price interorganizational transfers at other than cost for commercial work of the contractor or any division, subsidiary or affiliate of the contractor under a common control.",P_31_205_26_e_2_i: The transferring organization must have an established practice of pricing interorganizational transfers at other than cost for commercial work.,EstablishedPracticeNonCostPricing ^ CommercialWork -> ConditionMet,P_31_205_26_e_2,Material Implication (Impl): Rule 15 [HIGH-RISK]; Conjunction (Conj): Rule 7,PENDING_REVIEW,PASS,PASS,First condition for price-basis transfers. Requires established practice (not ad hoc) for commercial work specifically. Organization must already price commercial interorg transfers at other than cost.,MEDIUM
31,31.205-26(e)(2)(ii),P_31_205_26_e_2_ii,The item being transferred qualifies for an exception under 15.403-1(b) and the contracting officer has not determined the price to be unreasonable.,P_31_205_26_e_2_ii: The transferred item must qualify for a 15.403-1(b) exception AND the contracting officer must not have determined the price unreasonable.,QualifiesForException15_403_1_b ^ ~CODeterminedUnreasonable -> ConditionMet,P_31_205_26_e_2; EXT:15.403-1,Material Implication (Impl): Rule 15 [HIGH-RISK]; Conjunction (Conj): Rule 7; Negation (Neg): Rule 10,PENDING_REVIEW,PASS,PASS,Second condition for price-basis transfers. Two conjunctive requirements: exception qualification AND no unreasonableness determination. Cross-references FAR 15.403-1(b).,MEDIUM
31,31.205-26(f),P_31_205_26_f,"When a commercial product or commercial service under paragraph (e) of this section is sold or transferred at a price based on a catalog or market price, the contractor should/may make adjustments per (f)(1) and (f)(2).",P_31_205_26_f_1; P_31_205_26_f_2,CommercialItemCatalogMarketPrice -> (P_31_205_26_f_1 ^ P_31_205_26_f_2),P_31_205_26,Material Implication (Impl): Rule 15 [HIGH-RISK]; Conjunction (Conj): Rule 7,PENDING_REVIEW,PASS,PASS,Conditional on commercial product/service transferred at catalog/market price. Triggers two adjustment considerations. Cross-references paragraph (e).,MEDIUM
31,31.205-26(f)(1),P_31_205_26_f_1,Should adjust the price to reflect the quantities being acquired.,P_31_205_26_f_1: Contractor should adjust catalog/market price to reflect acquisition quantities.,CatalogMarketPriceTransfer -> SHOULD(AdjustForQuantity),P_31_205_26_f,Material Implication (Impl): Rule 15 [HIGH-RISK],PENDING_REVIEW,PASS,PASS,Should' = advisory. PENDING_REVIEW per methodology. Quantity adjustments are expected but not strictly mandatory.,MEDIUM
31,31.205-26(f)(2),P_31_205_26_f_2,May adjust the price to reflect the actual cost of any modifications necessary because of contract requirements.,P_31_205_26_f_2: Contractor may adjust price to reflect actual cost of modifications required by contract.,ContractRequiredModifications -> (AdjustPrice v ~AdjustPrice),P_31_205_26_f,Material Implication (Impl): Rule 15 [HIGH-RISK]; Tautology (Taut): Rule 18,PENDING_REVIEW,PASS,PASS,"May' = permissive (tautology). Adjustment for contract-required modifications is discretionary, not mandatory.",MEDIUM
31,31.205-27,P_31_205_27,"31.205-27 Organization costs. Expenditures for organization/reorganization and capital raising are generally unallowable (paragraph (a)), with exception for compensation-related stock activities (paragraph (b)).",P_31_205_27_a; P_31_205_27_b,P_31_205_27_a ^ P_31_205_27_b,P_31_205,Conjunction (Conj): Rule 7,VALIDATED,PASS,PASS,Parent proposition. General prohibition with compensation exception.,HIGH
31,31.205-27(a),P_31_205_27_a,Organization cost prohibitions and clarifications (paragraphs (a)(1) through (a)(3)).,P_31_205_27_a_1; P_31_205_27_a_2; P_31_205_27_a_3,P_31_205_27_a_1 ^ P_31_205_27_a_2 ^ P_31_205_27_a_3,P_31_205_27,Conjunction (Conj): Rule 7,VALIDATED,PASS,PASS,"Sub-parent aggregating prohibition scope, expenditure types, and reorganization cost clarification.",HIGH
31,31.205-27(a)(1),P_31_205_27_a_1,"Except as provided in paragraph (b) of this section, expenditures in connection with the following are unallowable: (i) planning/executing organization or reorganization including M&A, (ii) resisting reorganization or ownership changes, (iii) raising capital.",P_31_205_27_a_1_i; P_31_205_27_a_1_ii; P_31_205_27_a_1_iii,~P_31_205_27_b -> ((P_31_205_27_a_1_i v P_31_205_27_a_1_ii v P_31_205_27_a_1_iii) -> ~Allowable),P_31_205_27_a,Material Implication (Impl): Rule 15 [HIGH-RISK]; Negation (Neg): Rule 10; Addition (Add): Rule 8,PENDING_REVIEW,PASS,PASS,Prohibition with exception carve-out for paragraph (b). Three disjunctive categories of unallowable expenditures. 'Except as provided' creates conditional: prohibition applies unless (b) exception triggered.,MEDIUM
31,31.205-27(a)(1)(i),P_31_205_27_a_1_i,"Planning or executing the organization or reorganization of the corporate structure of a business, including mergers and acquisitions.",P_31_205_27_a_1_i: Expenditures for planning or executing corporate organization/reorganization (including M&A) are unallowable.,OrgReorgPlanningExecution -> ~Allowable,P_31_205_27_a_1,Material Implication (Impl): Rule 15 [HIGH-RISK]; Negation (Neg): Rule 10,PENDING_REVIEW,PASS,PASS,Covers both planning and execution phases. 'Including mergers and acquisitions' broadens scope. Subject to (b) exception.,MEDIUM
31,31.205-27(a)(1)(ii),P_31_205_27_a_1_ii,Resisting or planning to resist the reorganization of the corporate structure of a business or a change in the controlling interest in the ownership of a business.,P_31_205_27_a_1_ii: Expenditures for resisting or planning to resist corporate reorganization or ownership changes are unallowable.,ResistingReorg v PlanningToResist -> ~Allowable,P_31_205_27_a_1,Material Implication (Impl): Rule 15 [HIGH-RISK]; Negation (Neg): Rule 10; Addition (Add): Rule 8,PENDING_REVIEW,PASS,PASS,Anti-takeover defense costs are unallowable. Covers both actual resistance and planning for resistance. Disjunctive: either activity triggers unallowability.,MEDIUM
31,31.205-27(a)(1)(iii),P_31_205_27_a_1_iii,Raising capital (net worth plus long-term liabilities).,P_31_205_27_a_1_iii: Expenditures for raising capital (defined as net worth plus long-term liabilities) are unallowable.,RaisingCapitalCosts -> ~Allowable,P_31_205_27_a_1,Material Implication (Impl): Rule 15 [HIGH-RISK]; Negation (Neg): Rule 10,PENDING_REVIEW,PASS,PASS,Capital raising costs unallowable. Parenthetical defines capital as net worth plus long-term liabilities. Note: original text appears to have incomplete parenthetical.,MEDIUM
31,31.205-27(a)(2),P_31_205_27_a_2,"Such expenditures include incorporation fees and costs of attorneys, accountants, brokers, promoters and organizers, management consultants and investment counselors, whether or not employees of the contractor.","P_31_205_27_a_2: Unallowable organization expenditures include incorporation fees and costs of various professionals (attorneys, accountants, brokers, promoters, organizers, management consultants, investment counselors) whether or not employees.",OrgCostTypes = (IncorporationFees v ProfessionalCosts) ^ (EmployeeOrNot),P_31_205_27_a,Conjunction (Conj): Rule 7; Addition (Add): Rule 8,VALIDATED,PASS,PASS,Clarifying provision. Lists types of expenditures covered. 'Whether or not employees' prevents circumvention by using internal staff. List is illustrative via 'include'.,HIGH
31,31.205-27(a)(3),P_31_205_27_a_3,"Unallowable reorganization costs include the cost of any change in the contractor's financial structure, excluding administrative costs of short-term borrowings for working capital, resulting in alterations in the rights and interests of security holders, whether or not additional capital is raised.","P_31_205_27_a_3: Reorganization costs (changes in financial structure altering security holder rights/interests) are unallowable, excluding administrative costs of short-term working capital borrowings, regardless of whether additional capital is raised.",FinancialStructureChange ^ AlterSecurityHolderRights -> ~Allowable; ShortTermWorkingCapitalAdmin -> ~(~Allowable),P_31_205_27_a,Material Implication (Impl): Rule 15 [HIGH-RISK]; Negation (Neg): Rule 10; Conjunction (Conj): Rule 7,PENDING_REVIEW,PASS,PASS,Complex proposition. General rule: financial restructuring costs are unallowable when security holder rights are altered. Exception: short-term working capital borrowing admin costs. 'Whether or not additional capital is raised' prevents defense that no capital was raised.,MEDIUM
31,31.205-27(b),P_31_205_27_b,"The cost of activities primarily intended to provide compensation will not be considered organizational costs subject to this section but will be governed by 31.205-6. These activities include acquiring stock for (1) executive bonuses, (2) employee savings plans, (3) employee stock ownership plans.",P_31_205_27_b_1; P_31_205_27_b_2; P_31_205_27_b_3,CompensationPurpose -> ~SubjectTo31_205_27 ^ GovernedBy31_205_6,P_31_205_27; P_31_205_6,Material Implication (Impl): Rule 15 [HIGH-RISK]; Negation (Neg): Rule 10; Conjunction (Conj): Rule 7,PENDING_REVIEW,PASS,PASS,Exception redirecting compensation-related stock activities to 31.205-6 (Compensation). 'Primarily intended to provide compensation' is the trigger. Three listed stock acquisition purposes.,MEDIUM
31,31.205-27(b)(1),P_31_205_27_b_1,Executive bonuses.,"P_31_205_27_b_1: Stock acquisition for executive bonuses is governed by 31.205-6, not this section.",StockForExecutiveBonuses -> GovernedBy31_205_6,P_31_205_27_b,Material Implication (Impl): Rule 15 [HIGH-RISK],PENDING_REVIEW,PASS,PASS,Example of compensation-related stock activity excepted from organization cost prohibition.,MEDIUM
31,31.205-27(b)(2),P_31_205_27_b_2,Employee savings plans.,"P_31_205_27_b_2: Stock acquisition for employee savings plans is governed by 31.205-6, not this section.",StockForEmployeeSavingsPlans -> GovernedBy31_205_6,P_31_205_27_b,Material Implication (Impl): Rule 15 [HIGH-RISK],PENDING_REVIEW,PASS,PASS,Example of compensation-related stock activity excepted from organization cost prohibition.,MEDIUM
31,31.205-27(b)(3),P_31_205_27_b_3,Employee stock ownership plans.,"P_31_205_27_b_3: Stock acquisition for ESOPs is governed by 31.205-6, not this section.",StockForESOPs -> GovernedBy31_205_6,P_31_205_27_b,Material Implication (Impl): Rule 15 [HIGH-RISK],PENDING_REVIEW,PASS,PASS,Example of compensation-related stock activity excepted from organization cost prohibition.,MEDIUM
31,31.205-28,P_31_205_28,"31.205-28 Other business expenses. The following types of recurring costs are allowable: (a) registry/transfer charges, (b) shareholder meetings, (c) proxy solicitations, (d) shareholder reports, (e) regulatory filings, (f) director/committee meetings, (g) other similar costs.",P_31_205_28_a; P_31_205_28_b; P_31_205_28_c; P_31_205_28_d; P_31_205_28_e; P_31_205_28_f; P_31_205_28_g,P_31_205_28_a v P_31_205_28_b v P_31_205_28_c v P_31_205_28_d v P_31_205_28_e v P_31_205_28_f v P_31_205_28_g -> Allowable,P_31_205,Material Implication (Impl): Rule 15 [HIGH-RISK]; Addition (Add): Rule 8,PENDING_REVIEW,PASS,PASS,Parent with disjunctive list of allowable recurring business costs. Each independently allowable. (g) 'Other similar costs' provides catch-all.,MEDIUM
31,31.205-28(a),P_31_205_28_a,Registry and transfer charges resulting from changes in ownership of securities issued by the contractor.,P_31_205_28_a: Registry and transfer charges from ownership changes in contractor-issued securities are allowable recurring business costs.,RegistryTransferCharges -> Allowable,P_31_205_28,Material Implication (Impl): Rule 15 [HIGH-RISK],PENDING_REVIEW,PASS,PASS,Specific allowable business cost. Limited to changes in ownership of contractor's own securities.,MEDIUM
31,31.205-28(b),P_31_205_28_b,Cost of shareholders' meetings.,P_31_205_28_b: Costs of shareholders' meetings are allowable recurring business costs.,ShareholderMeetingCosts -> Allowable,P_31_205_28,Material Implication (Impl): Rule 15 [HIGH-RISK],PENDING_REVIEW,PASS,PASS,Straightforward allowability for shareholder meeting costs.,MEDIUM
31,31.205-28(c),P_31_205_28_c,Normal proxy solicitations.,P_31_205_28_c: Costs of normal proxy solicitations are allowable recurring business costs.,NormalProxySolicitations -> Allowable,P_31_205_28,Material Implication (Impl): Rule 15 [HIGH-RISK],PENDING_REVIEW,PASS,PASS,"Normal' qualifier implies extraordinary proxy solicitations (e.g., proxy fights) may not be covered. Routine proxy activities are allowable.",MEDIUM
31,31.205-28(d),P_31_205_28_d,Preparing and publishing reports to shareholders.,P_31_205_28_d: Costs of preparing and publishing shareholder reports are allowable recurring business costs.,ShareholderReportCosts -> Allowable,P_31_205_28,Material Implication (Impl): Rule 15 [HIGH-RISK],PENDING_REVIEW,PASS,PASS,Covers both preparation and publication of shareholder reports.,MEDIUM
31,31.205-28(e),P_31_205_28_e,Preparing and submitting required reports and forms to taxing and other regulatory bodies.,P_31_205_28_e: Costs of preparing and submitting required reports/forms to taxing and regulatory bodies are allowable recurring business costs.,RegulatoryFilingCosts -> Allowable,P_31_205_28,Material Implication (Impl): Rule 15 [HIGH-RISK],PENDING_REVIEW,PASS,PASS,Required' qualifier limits to mandatory filings. Voluntary submissions may not be covered.,MEDIUM
31,31.205-28(f),P_31_205_28_f,Incidental costs of directors' and committee meetings.,P_31_205_28_f: Incidental costs of directors' and committee meetings are allowable recurring business costs.,DirectorCommitteeMeetingCosts -> Allowable,P_31_205_28,Material Implication (Impl): Rule 15 [HIGH-RISK],PENDING_REVIEW,PASS,PASS,Incidental' qualifier limits scope. Major or extraordinary meeting costs may require separate analysis.,MEDIUM
31,31.205-28(g),P_31_205_28_g,Other similar costs.,P_31_205_28_g: Other costs similar to those listed in (a)-(f) are allowable recurring business costs.,SimilarRecurringBusinessCosts -> Allowable,P_31_205_28,Material Implication (Impl): Rule 15 [HIGH-RISK],PENDING_REVIEW,PASS,PASS,Catch-all provision. 'Similar' requires analogy to listed cost types. Provides flexibility for unlisted but comparable recurring business costs.,MEDIUM
31,31.205-29,P_31_205_29,"31.205-29 Plant protection costs. Allowable plant protection costs include (a) wages/uniforms/equipment of protection personnel, (b) depreciation on protection capital assets, (c) military compliance expenses.",P_31_205_29_a; P_31_205_29_b; P_31_205_29_c,P_31_205_29_a v P_31_205_29_b v P_31_205_29_c -> Allowable,P_31_205,Material Implication (Impl): Rule 15 [HIGH-RISK]; Addition (Add): Rule 8,PENDING_REVIEW,PASS,PASS,Parent proposition. Disjunctive: each type of plant protection cost independently allowable.,MEDIUM
31,31.205-29(a),P_31_205_29_a,"Wages, uniforms, and equipment of personnel engaged in plant protection.","P_31_205_29_a: Wages, uniforms, and equipment costs for plant protection personnel are allowable.",PlantProtectionPersonnelCosts -> Allowable,P_31_205_29,Material Implication (Impl): Rule 15 [HIGH-RISK],PENDING_REVIEW,PASS,PASS,Conjunctive list of allowable cost types for protection personnel: wages AND uniforms AND equipment.,MEDIUM
31,31.205-29(b),P_31_205_29_b,Depreciation on plant protection capital assets.,P_31_205_29_b: Depreciation on plant protection capital assets is allowable.,PlantProtectionDepreciation -> Allowable,P_31_205_29,Material Implication (Impl): Rule 15 [HIGH-RISK],PENDING_REVIEW,PASS,PASS,Allowability of depreciation on protection-related capital assets. Cross-reference to 31.205-11 for depreciation methodology implied.,MEDIUM
31,31.205-29(c),P_31_205_29_c,Necessary expenses to comply with military requirements.,P_31_205_29_c: Necessary expenses for compliance with military requirements for plant protection are allowable.,MilitaryComplianceExpenses ^ Necessary -> Allowable,P_31_205_29,Material Implication (Impl): Rule 15 [HIGH-RISK]; Conjunction (Conj): Rule 7,PENDING_REVIEW,PASS,PASS,"Necessary' qualifier requires expenses to be genuinely needed for military compliance, not merely convenient.",MEDIUM
31,31.205-30,P_31_205_30,"31.205-30 Patent costs. Certain patent costs are allowable when required by Government contract (paragraph (a)), general patent counseling is allowable (paragraph (b)), and non-required patent costs are unallowable (paragraph (c)).",P_31_205_30_a; P_31_205_30_b; P_31_205_30_c,P_31_205_30_a ^ P_31_205_30_b ^ P_31_205_30_c,P_31_205,Conjunction (Conj): Rule 7,VALIDATED,PASS,PASS,"Parent proposition. Three paragraphs: contract-required patent costs (allowable), general counseling (allowable), non-required patent costs (unallowable).",HIGH
31,31.205-30(a),P_31_205_30_a,"The following patent costs are allowable when incurred as a requirement of a Government contract (except see 31.205-33): (1) invention disclosures, (2) art searches, (3) patent filing/prosecution where Government gets title or royalty-free license.",P_31_205_30_a_1; P_31_205_30_a_2; P_31_205_30_a_3,GovernmentContractRequirement ^ ~P_31_205_33_exception -> (P_31_205_30_a_1 v P_31_205_30_a_2 v P_31_205_30_a_3) -> Allowable,P_31_205_30; P_31_205_33,Material Implication (Impl): Rule 15 [HIGH-RISK]; Conjunction (Conj): Rule 7; Addition (Add): Rule 8; Negation (Neg): Rule 10,PENDING_REVIEW,PASS,PASS,Conditional allowability: must be a Government contract requirement. Cross-references 31.205-33 as exception. Three disjunctive types of allowable patent costs.,MEDIUM
31,31.205-30(a)(1),P_31_205_30_a_1,"Costs of preparing invention disclosures, reports, and other documents.","P_31_205_30_a_1: Costs of preparing invention disclosures, reports, and related documents are allowable when required by Government contract.",ContractRequired ^ InventionDisclosureCosts -> Allowable,P_31_205_30_a,Material Implication (Impl): Rule 15 [HIGH-RISK]; Conjunction (Conj): Rule 7,PENDING_REVIEW,PASS,PASS,"Allowability contingent on Government contract requirement (from parent). Covers disclosures, reports, and related documentation.",MEDIUM
31,31.205-30(a)(2),P_31_205_30_a_2,Costs for searching the art to the extent necessary to make the invention disclosures.,P_31_205_30_a_2: Art search costs necessary for invention disclosures are allowable when required by Government contract.,ContractRequired ^ ArtSearchCosts ^ NecessaryForDisclosures -> Allowable,P_31_205_30_a,Material Implication (Impl): Rule 15 [HIGH-RISK]; Conjunction (Conj): Rule 7,PENDING_REVIEW,PASS,PASS,"To the extent necessary' limits allowability to searches needed for disclosures, not broader patent landscape searches.",MEDIUM
31,31.205-30(a)(3),P_31_205_30_a_3,Other costs in connection with the filing and prosecution of a United States patent application where title or royalty-free license is to be conveyed to the Government.,P_31_205_30_a_3: Patent filing/prosecution costs for US patent applications where Government receives title or royalty-free license are allowable when required by Government contract.,ContractRequired ^ USPatentFiling ^ (GovernmentTitle v RoyaltyFreeLicense) -> Allowable,P_31_205_30_a,Material Implication (Impl): Rule 15 [HIGH-RISK]; Conjunction (Conj): Rule 7; Addition (Add): Rule 8,PENDING_REVIEW,PASS,PASS,Three conjunctive conditions: contract-required AND US patent AND Government receives title or royalty-free license. Disjunctive on Government benefit: title OR license.,MEDIUM
31,31.205-30(b),P_31_205_30_b,"General counseling services relating to patent matters, such as advice on patent laws, regulations, clauses, and employee agreements, are allowable.","P_31_205_30_b: General patent counseling services (advice on patent laws, regulations, clauses, employee agreements) are allowable.",GeneralPatentCounselingServices -> Allowable,P_31_205_30,Material Implication (Impl): Rule 15 [HIGH-RISK],PENDING_REVIEW,PASS,PASS,Allowable regardless of specific Government contract requirement. 'General counseling' is key qualifier. 'Such as' list is illustrative.,MEDIUM
31,31.205-30(c),P_31_205_30_c,"Other than those for general counseling services, patent costs not required by the contract are unallowable (see 31.205-37).",P_31_205_30_c: Patent costs not required by contract and not for general counseling services are unallowable.,~ContractRequired ^ ~GeneralCounseling -> ~Allowable,P_31_205_30; P_31_205_37,Material Implication (Impl): Rule 15 [HIGH-RISK]; Negation (Neg): Rule 10; Conjunction (Conj): Rule 7,PENDING_REVIEW,PASS,PASS,Residual prohibition. Two negative conditions: not required by contract AND not general counseling. Cross-references 31.205-37 (Royalties and other costs for use of patents).,MEDIUM
31,31.205-31,P_31_205_31,"31.205-31 Plant reconversion costs. Defines reconversion costs (paragraph (a)), declares them generally unallowable with exception (paragraph (b)), and allows additional costs when equity dictates (paragraph (c)).",P_31_205_31_a; P_31_205_31_b; P_31_205_31_c,P_31_205_31_a ^ P_31_205_31_b ^ P_31_205_31_c,P_31_205,Conjunction (Conj): Rule 7,VALIDATED,PASS,PASS,"Parent proposition. Three paragraphs: definition, general prohibition with exception, equity-based additional allowance.",HIGH
31,31.205-31(a),P_31_205_31_a,"Plant reconversion costs are those incurred in restoring or rehabilitating the contractor's facilities to approximately the same condition that existed immediately prior to the start of the Government contract, with the exception of reasonable wear and tear.","P_31_205_31_a: Plant reconversion costs are defined as costs to restore/rehabilitate contractor facilities to pre-Government-contract condition, excluding reasonable wear and tear.",PlantReconversionCosts = RestorationToPreContractCondition ^ ~ReasonableWearAndTear,P_31_205_31,Conjunction (Conj): Rule 7; Negation (Neg): Rule 10,VALIDATED,PASS,PASS,Definitional provision. Two key qualifiers: 'approximately the same condition' (not perfect restoration) and exclusion of reasonable wear and tear.,HIGH
31,31.205-31(b),P_31_205_31_b,Reconversion costs are unallowable except for the cost of removing Government property and the restoration or rehabilitation costs caused by such removal.,"P_31_205_31_b: Reconversion costs are unallowable, except costs of removing Government property and restoration costs caused by that removal.",ReconversionCosts -> ~Allowable; (RemovingGovProperty v RestorationFromRemoval) -> Allowable,P_31_205_31,Material Implication (Impl): Rule 15 [HIGH-RISK]; Negation (Neg): Rule 10; Addition (Add): Rule 8,PENDING_REVIEW,PASS,PASS,General prohibition with narrow exception. Only Government property removal and its consequential restoration costs are allowable. All other reconversion costs are unallowable.,MEDIUM
31,31.205-31(c),P_31_205_31_c,"In circumstances, where equity so dictates, additional costs may be allowed to the extent agreed upon before costs are incurred. Care should be exercised to avoid duplication of costs through allowance as contingencies, additional profit or fee, or in other contracts.","P_31_205_31_c_a: Where equity dictates, additional reconversion costs may be allowed if agreed upon before incurrence; P_31_205_31_c_b: Care should be exercised to avoid cost duplication through contingencies, profit/fee, or other contracts.",EquityDictates ^ AgreedBeforeIncurrence -> (AdditionalCostsAllowed v ~AdditionalCostsAllowed); SHOULD(AvoidDuplication),P_31_205_31,Material Implication (Impl): Rule 15 [HIGH-RISK]; Conjunction (Conj): Rule 7; Tautology (Taut): Rule 18,PENDING_REVIEW,PASS,PASS,May' = permissive (tautology). Two conjunctive conditions: equity dictates AND pre-agreement. 'Should' advisory on avoiding duplication. Equity is a judgment call. PENDING_REVIEW for both 'may' and 'should'.,MEDIUM
31,31.205-32,P_31_205_32,Precontract costs are costs incurred before the effective date of the contract directly pursuant to the negotiation and in anticipation of the contract award when such incurrence is necessary to comply with the proposed contract delivery schedule. These costs are allowable to the extent that they would have been allowable if incurred after the date of the contract (see 31.110).,"P_31_205_32_a: Precontract costs are costs incurred before contract effective date, directly pursuant to negotiation, in anticipation of award, when necessary for proposed delivery schedule; P_31_205_32_b: Such costs are allowable to the extent they would have been allowable if incurred post-contract.",(PreContractDate ^ DirectlyPursuantToNegotiation ^ InAnticipationOfAward ^ NecessaryForSchedule) -> (AllowableIfPostContract -> Allowable),P_31_205; P_31_110,Material Implication (Impl): Rule 15 [HIGH-RISK]; Conjunction (Conj): Rule 7; Hypothetical Syllogism (HS): Rule 3,PENDING_REVIEW,PASS,PASS,Complex multi-condition allowability. Four conjunctive conditions for cost characterization as precontract. Allowability test: hypothetical -- would the cost be allowable if incurred after contract? Cross-references 31.110. HIGH-RISK: nested conditionals.,LOW
31,31.205-33,P_31_205_33,"31.205-33 Professional and consultant service costs. Definition (a), general description (b), allowability conditions (c), unallowable circumstances (d), allowability determination factors (e), and retainer fee rules (f).",P_31_205_33_a; P_31_205_33_b; P_31_205_33_c; P_31_205_33_d; P_31_205_33_e; P_31_205_33_f,P_31_205_33_a ^ P_31_205_33_b ^ P_31_205_33_c ^ P_31_205_33_d ^ P_31_205_33_e ^ P_31_205_33_f,P_31_205,Conjunction (Conj): Rule 7,VALIDATED,PASS,PASS,Parent proposition. Six paragraphs covering full scope of professional/consultant service cost allowability.,HIGH
31,31.205-33(a),P_31_205_33_a,"Professional and consultant services, as used in this section, means services provided by persons who are members of a particular profession or possess a special skill and who are not officers or employees of the contractor (e.g., services acquired by contractors or subcontractors in order to enhance their legal, economic, financial, or technical positions).","P_31_205_33_a: Professional and consultant services are defined as services from non-employee professionals or specialists (e.g., to enhance legal, economic, financial, or technical positions).",ProfConsultantServices = (ProfessionMember v SpecialSkill) ^ ~OfficerOrEmployee,P_31_205_33,Conjunction (Conj): Rule 7; Addition (Add): Rule 8; Negation (Neg): Rule 10,VALIDATED,PASS,PASS,Definitional. Two disjunctive qualifications (profession member OR special skill) AND one exclusion (not officer/employee). Example list is illustrative.,HIGH
31,31.205-33(b),P_31_205_33_b,"Professional and consultant services are generally acquired to obtain information, advice, opinions, alternatives, conclusions, recommendations, training, or direct assistance, such as for studies, analyses, evaluations, liaison with Government officials, or other forms of representation.","P_31_205_33_b: Professional/consultant services are generally acquired for information, advice, opinions, alternatives, conclusions, recommendations, training, or direct assistance.",ProfConsultantServices -> GenerallyFor(Information v Advice v Opinions v Alternatives v Conclusions v Recommendations v Training v DirectAssistance),P_31_205_33,Addition (Add): Rule 8,VALIDATED,PASS,PASS,"Descriptive provision. 'Generally' acknowledges exceptions. Disjunctive list of service purposes. Not a requirement, but context for applying the section.",HIGH
31,31.205-33(c),P_31_205_33_c,Costs of professional and consultant services are allowable subject to this section when reasonable in relation to the services rendered and when not contingent upon recovery of the costs from the Government (except see 31.205-30 and 31.205-47).,"P_31_205_33_c: Professional/consultant service costs are allowable when: (1) reasonable in relation to services rendered, (2) not contingent on Government cost recovery (except per 31.205-30 and 31.205-47), and (3) subject to this entire section's requirements.",ReasonableInRelation ^ ~ContingentOnGovRecovery ^ SubjectToSection -> Allowable,P_31_205_33; P_31_205_30; P_31_205_47,Material Implication (Impl): Rule 15 [HIGH-RISK]; Conjunction (Conj): Rule 7; Negation (Neg): Rule 10,PENDING_REVIEW,PASS,PASS,"Three conjunctive conditions for allowability. Contingency fee prohibition with two cross-reference exceptions (31.205-30 patent costs, 31.205-47 costs related to legal proceedings). 'Subject to this section' incorporates all other paragraphs.",MEDIUM
31,31.205-33(d),P_31_205_33_d,Costs of professional and consultant services performed under any of the following circumstances are unallowable: (1)-(4).,P_31_205_33_d_1; P_31_205_33_d_2; P_31_205_33_d_3; P_31_205_33_d_4,(P_31_205_33_d_1 v P_31_205_33_d_2 v P_31_205_33_d_3 v P_31_205_33_d_4) -> ~Allowable,P_31_205_33,Material Implication (Impl): Rule 15 [HIGH-RISK]; Negation (Neg): Rule 10; Addition (Add): Rule 8,PENDING_REVIEW,PASS,PASS,Disjunctive list of unallowable circumstances. Any one independently triggers unallowability.,MEDIUM
31,31.205-33(d)(1),P_31_205_33_d_1,"Services to improperly obtain, distribute, or use information or data protected by law or regulation (e.g., 52.215-1(e), Restriction on Disclosure and Use of Data).","P_31_205_33_d_1: Costs of services to improperly obtain, distribute, or use legally protected information/data are unallowable.",ImproperlyObtainDistributeUseProtectedData -> ~Allowable,P_31_205_33_d; EXT:52.215-1,Material Implication (Impl): Rule 15 [HIGH-RISK]; Negation (Neg): Rule 10,PENDING_REVIEW,PASS,PASS,Improperly' is the key qualifier. Proper use of protected data is not targeted. Cross-references FAR 52.215-1(e).,MEDIUM
31,31.205-33(d)(2),P_31_205_33_d_2,"Services that are intended to improperly influence the contents of solicitations, the evaluation of proposals or quotations, or the selection of sources for contract award, whether award is by the Government, or by a prime contractor or subcontractor.","P_31_205_33_d_2: Costs of services intended to improperly influence solicitation contents, proposal/quotation evaluation, or source selection (Government or prime/sub award) are unallowable.",ImproperlyInfluenceSolicitation v ImproperlyInfluenceEvaluation v ImproperlyInfluenceSourceSelection -> ~Allowable,P_31_205_33_d,Material Implication (Impl): Rule 15 [HIGH-RISK]; Negation (Neg): Rule 10; Addition (Add): Rule 8,PENDING_REVIEW,PASS,PASS,"Broad anti-corruption provision. Covers influence on solicitations, evaluations, and source selection. Applies regardless of whether award is Government, prime, or subcontract level. 'Intended to improperly influence' is the trigger.",MEDIUM
31,31.205-33(d)(3),P_31_205_33_d_3,"Any other services obtained, performed, or otherwise resulting in violation of any statute or regulation prohibiting improper business practices or conflicts of interest.",P_31_205_33_d_3: Costs of services violating statutes/regulations prohibiting improper business practices or conflicts of interest are unallowable.,ViolatesImproperPracticeOrCOIStatute -> ~Allowable,P_31_205_33_d,Material Implication (Impl): Rule 15 [HIGH-RISK]; Negation (Neg): Rule 10,PENDING_REVIEW,PASS,PASS,"Catch-all for statutory/regulatory violations. Covers services obtained, performed, or resulting in violations. Broad scope: any statute or regulation on improper practices or conflicts.",MEDIUM
31,31.205-33(d)(4),P_31_205_33_d_4,Services performed that are inconsistent with the purpose and scope of the services contracted for or otherwise agreed upon.,P_31_205_33_d_4: Costs of services inconsistent with the contracted purpose and scope are unallowable.,InconsistentWithContractedScope -> ~Allowable,P_31_205_33_d,Material Implication (Impl): Rule 15 [HIGH-RISK]; Negation (Neg): Rule 10,PENDING_REVIEW,PASS,PASS,Scope limitation. Services must match what was contracted for. 'Or otherwise agreed upon' covers informal agreements beyond formal contract.,MEDIUM
31,31.205-33(e),P_31_205_33_e,"In determining the allowability of costs (including retainer fees), no single factor or combination of factors is necessarily determinative; therefore, the contracting officer must consider the following factors: (1)-(8).",P_31_205_33_e_1; P_31_205_33_e_2; P_31_205_33_e_3; P_31_205_33_e_4; P_31_205_33_e_5; P_31_205_33_e_6; P_31_205_33_e_7; P_31_205_33_e_8,DeterminingAllowability -> CO_MustConsider(P_31_205_33_e_1 ^ P_31_205_33_e_2 ^ P_31_205_33_e_3 ^ P_31_205_33_e_4 ^ P_31_205_33_e_5 ^ P_31_205_33_e_6 ^ P_31_205_33_e_7 ^ P_31_205_33_e_8) ^ ~SingleFactorDeterminative,P_31_205_33,Material Implication (Impl): Rule 15 [HIGH-RISK]; Conjunction (Conj): Rule 7; Negation (Neg): Rule 10,PENDING_REVIEW,PASS,PASS,"Multi-factor test. CO must consider ALL eight factors conjunctively. No single factor is determinative. 'Must consider' = mandatory analysis, but outcome is judgment-based. Includes retainer fees.",MEDIUM
31,31.205-33(e)(1),P_31_205_33_e_1,The nature and scope of the service rendered in relation to the service required.,P_31_205_33_e_1: CO must consider the nature and scope of service rendered vs. service required.,Factor_NatureScopeRenderedVsRequired,P_31_205_33_e,Conjunction (Conj): Rule 7,VALIDATED,PASS,PASS,Factor 1 of 8. Compares actual service delivery against what was needed. Judgment-based assessment.,HIGH
31,31.205-33(e)(2),P_31_205_33_e_2,"The necessity of contracting for the service, considering the contractor's capability in the particular area.",P_31_205_33_e_2: CO must consider whether contracting for the service was necessary given the contractor's in-house capability.,Factor_NecessityGivenContractorCapability,P_31_205_33_e,Conjunction (Conj): Rule 7,VALIDATED,PASS,PASS,Factor 2 of 8. Make-or-buy analysis: was external service genuinely needed or could contractor do it in-house?,HIGH
31,31.205-33(e)(3),P_31_205_33_e_3,"The past pattern of acquiring such services and their costs, particularly in the years prior to the award of Government contracts.","P_31_205_33_e_3: CO must consider the contractor's historical pattern of acquiring such services, especially pre-Government-contract years.",Factor_PastPatternPreGovContract,P_31_205_33_e,Conjunction (Conj): Rule 7,VALIDATED,PASS,PASS,Factor 3 of 8. Historical comparison. 'Particularly' pre-Government-contract years suggests scrutiny of whether Government contract drove increased consulting costs.,HIGH
31,31.205-33(e)(4),P_31_205_33_e_4,The impact of Government contracts on the contractor's business.,P_31_205_33_e_4: CO must consider the impact of Government contracts on the contractor's overall business.,Factor_GovContractImpactOnBusiness,P_31_205_33_e,Conjunction (Conj): Rule 7,VALIDATED,PASS,PASS,Factor 4 of 8. Assesses whether Government contracting creates additional consulting needs.,HIGH
31,31.205-33(e)(5),P_31_205_33_e_5,"Whether the proportion of Government work to the contractor's total business is such as to influence the contractor in favor of incurring the cost, particularly when the services rendered are not of a continuing nature and have little relationship to work under Government contracts.","P_31_205_33_e_5: CO must consider whether the Government work proportion influences the contractor to incur costs, especially for non-continuing services with little Government contract relationship.",Factor_GovProportionInfluence ^ NonContinuingNature ^ LittleGovRelationship,P_31_205_33_e,Conjunction (Conj): Rule 7,PENDING_REVIEW,PASS,PASS,"Factor 5 of 8. Cost-shifting scrutiny: are consulting costs incurred primarily because Government will pay? 'Particularly' flags non-continuing, low-relevance services for extra scrutiny.",MEDIUM
31,31.205-33(e)(6),P_31_205_33_e_6,Whether the service can be performed more economically by employment rather than by contracting.,P_31_205_33_e_6: CO must consider whether hiring would be more economical than contracting for the service.,Factor_EmploymentVsContracting,P_31_205_33_e,Conjunction (Conj): Rule 7,VALIDATED,PASS,PASS,Factor 6 of 8. Cost-effectiveness comparison between employment and outsourcing.,HIGH
31,31.205-33(e)(7),P_31_205_33_e_7,"The qualifications of the individual or concern rendering the service, and the customary fee charged, especially on non-Government contracts.","P_31_205_33_e_7: CO must consider the service provider's qualifications and customary fees, especially non-Government fees.",Factor_QualificationsAndCustomaryFees,P_31_205_33_e,Conjunction (Conj): Rule 7,VALIDATED,PASS,PASS,Factor 7 of 8. Two sub-factors: qualifications AND fee reasonableness. Non-Government fee comparison helps detect Government-inflated pricing.,HIGH
31,31.205-33(e)(8),P_31_205_33_e_8,"Adequacy of the contractual agreement for the service (e.g., description of the service, estimate of time required, rate of compensation, termination provisions).","P_31_205_33_e_8: CO must consider adequacy of the service agreement (service description, time estimate, compensation rate, termination provisions).",Factor_AgreementAdequacy,P_31_205_33_e,Conjunction (Conj): Rule 7,VALIDATED,PASS,PASS,Factor 8 of 8. Contractual documentation quality. 'E.g.' list is illustrative of agreement elements to evaluate.,HIGH
31,31.205-33(f),P_31_205_33_f,"Retainer fees are allowable when supported by evidence that (1) services are necessary and customary, (2) past services justify fee amount, (3) fee is reasonable vs. in-house capability, (4) actual services are documented per (i)-(ii).",P_31_205_33_f_1; P_31_205_33_f_2; P_31_205_33_f_3; P_31_205_33_f_4,(P_31_205_33_f_1 ^ P_31_205_33_f_2 ^ P_31_205_33_f_3 ^ P_31_205_33_f_4) -> RetainerFeesAllowable,P_31_205_33,Material Implication (Impl): Rule 15 [HIGH-RISK]; Conjunction (Conj): Rule 7,PENDING_REVIEW,PASS,PASS,"Four conjunctive evidence requirements for retainer fee allowability. All must be supported. Evidence-based test, not a brightline rule.",MEDIUM
31,31.205-33(f)(1),P_31_205_33_f_1,The services covered by the retainer agreement are necessary and customary.,P_31_205_33_f_1: Evidence must show services under retainer are necessary and customary.,RetainerServices -> NecessaryAndCustomary,P_31_205_33_f,Material Implication (Impl): Rule 15 [HIGH-RISK]; Conjunction (Conj): Rule 7,PENDING_REVIEW,PASS,PASS,Two conjunctive requirements: necessary AND customary. Both must be demonstrated.,MEDIUM
31,31.205-33(f)(2),P_31_205_33_f_2,"The level of past services justifies the amount of the retainer fees (if no services were rendered, fees are not automatically unallowable).","P_31_205_33_f_2: Past service levels must justify retainer fee amount; however, absence of services rendered does not automatically make fees unallowable.",PastServiceLevel -> JustifiesRetainerAmount; ~ServicesRendered -> ~(AutomaticallyUnallowable),P_31_205_33_f,Material Implication (Impl): Rule 15 [HIGH-RISK]; Negation (Neg): Rule 10,PENDING_REVIEW,PASS,PASS,Two-part test. General rule: past services must justify fees. Exception: no-service periods don't automatically disqualify. Protects legitimate retainer arrangements with intermittent service needs.,MEDIUM
31,31.205-33(f)(3),P_31_205_33_f_3,"The retainer fee is reasonable in comparison with maintaining an in-house capability to perform the covered services, when factors such as cost and level of expertise are considered.","P_31_205_33_f_3: Retainer fee must be reasonable compared to in-house capability costs, considering cost and expertise level.",RetainerFee -> ReasonableVsInHouse ^ ConsiderCostAndExpertise,P_31_205_33_f,Material Implication (Impl): Rule 15 [HIGH-RISK]; Conjunction (Conj): Rule 7,PENDING_REVIEW,PASS,PASS,Make-or-buy reasonableness test for retainer fees. Multi-factor comparison: cost and expertise at minimum.,MEDIUM
31,31.205-33(f)(4),P_31_205_33_f_4,"The actual services performed are documented in accordance with the following: (i) fees supported by evidence, (ii) evidence of propriety and legality.",P_31_205_33_f_4_i; P_31_205_33_f_4_ii,P_31_205_33_f_4_i ^ P_31_205_33_f_4_ii,P_31_205_33_f,Conjunction (Conj): Rule 7,VALIDATED,PASS,PASS,Documentation requirement with two sub-requirements. Both must be satisfied.,HIGH
31,31.205-33(f)(4)(i),P_31_205_33_f_4_i,Fees for services rendered are allowable only when supported by evidence of the nature and scope of the service furnished (see also 31.205-38(c)).,P_31_205_33_f_4_i: Service fees allowable only when supported by evidence of nature and scope of service furnished.,~EvidenceOfNatureAndScope -> ~FeesAllowable,P_31_205_33_f_4; P_31_205_38,Modus Tollens (MT): Rule 2; Negation (Neg): Rule 10,PENDING_REVIEW,PASS,PASS,Only when' = necessary condition. No evidence of service nature/scope means fees are not allowable. Cross-references 31.205-38(c) for selling costs.,MEDIUM
31,31.205-33(f)(4)(ii),P_31_205_33_f_4_ii,"Evidence necessary to determine that work performed is proper, does not violate law or regulation, and includes: (A) details of all agreements with service providers, (B) invoices/billings with sufficient detail, (C) work products and related documents.",P_31_205_33_f_4_ii_A; P_31_205_33_f_4_ii_B; P_31_205_33_f_4_ii_C,ProperWork ^ ~ViolateLawOrReg ^ (P_31_205_33_f_4_ii_A ^ P_31_205_33_f_4_ii_B ^ P_31_205_33_f_4_ii_C),P_31_205_33_f_4,Conjunction (Conj): Rule 7; Negation (Neg): Rule 10,PENDING_REVIEW,PASS,PASS,"Evidence must demonstrate propriety and legality. Three conjunctive documentation requirements (A-C). Note: sub-items A, B, C may need skeleton ID additions during Phase 3 atomic decomposition per known skeleton notes.",MEDIUM
31,31.205-34,P_31_205_34,"31.205-34 Recruitment costs. Certain recruitment costs are allowable (paragraph (a)), and help-wanted advertising is unallowable under specific conditions (paragraph (b)).",P_31_205_34_a; P_31_205_34_b,P_31_205_34_a ^ P_31_205_34_b,P_31_205,Conjunction (Conj): Rule 7,VALIDATED,PASS,PASS,Parent proposition. Allowable recruitment costs and unallowable advertising conditions.,HIGH
31,31.205-34(a),P_31_205_34_a,"The following costs are allowable: (1) employment agencies, (2) employment offices, (3) testing programs, (4) recruiter travel, (5) applicant travel, (6) help-wanted advertising.",P_31_205_34_a_1; P_31_205_34_a_2; P_31_205_34_a_3; P_31_205_34_a_4; P_31_205_34_a_5; P_31_205_34_a_6,P_31_205_34_a_1 v P_31_205_34_a_2 v P_31_205_34_a_3 v P_31_205_34_a_4 v P_31_205_34_a_5 v P_31_205_34_a_6 -> Allowable,P_31_205_34,Material Implication (Impl): Rule 15 [HIGH-RISK]; Addition (Add): Rule 8,PENDING_REVIEW,PASS,PASS,Disjunctive list of allowable recruitment costs. Each independently allowable. Note: (6) help-wanted advertising subject to (b) restrictions.,MEDIUM
31,31.205-34(a)(1),P_31_205_34_a_1,"Costs for employment agencies, not in excess of standard commercial rates.",P_31_205_34_a_1: Employment agency costs are allowable when not exceeding standard commercial rates.,EmploymentAgencyCosts ^ ~ExceedStandardRates -> Allowable,P_31_205_34_a,Material Implication (Impl): Rule 15 [HIGH-RISK]; Conjunction (Conj): Rule 7; Negation (Neg): Rule 10,PENDING_REVIEW,PASS,PASS,Allowable with rate cap: must not exceed standard commercial rates. Excess above standard rates would be unallowable.,MEDIUM
31,31.205-34(a)(2),P_31_205_34_a_2,Costs of operating an employment office needed to secure and maintain an adequate labor force.,P_31_205_34_a_2: Costs of operating an employment office to secure and maintain adequate labor force are allowable.,EmploymentOfficeCosts ^ NeededForLaborForce -> Allowable,P_31_205_34_a,Material Implication (Impl): Rule 15 [HIGH-RISK]; Conjunction (Conj): Rule 7,PENDING_REVIEW,PASS,PASS,Needed' qualifier requires the office to be genuinely necessary for labor force adequacy.,MEDIUM
31,31.205-34(a)(3),P_31_205_34_a_3,Costs of operating an aptitude and educational testing program.,P_31_205_34_a_3: Costs of aptitude and educational testing programs are allowable.,AptitudeTestingProgramCosts -> Allowable,P_31_205_34_a,Material Implication (Impl): Rule 15 [HIGH-RISK],PENDING_REVIEW,PASS,PASS,Straightforward allowability for recruitment-related testing programs.,MEDIUM
31,31.205-34(a)(4),P_31_205_34_a_4,Travel costs of employees engaged in recruiting personnel.,P_31_205_34_a_4: Travel costs of employees engaged in recruiting are allowable.,RecruiterTravelCosts -> Allowable,P_31_205_34_a,Material Implication (Impl): Rule 15 [HIGH-RISK],PENDING_REVIEW,PASS,PASS,Allowable travel costs for employees performing recruitment duties.,MEDIUM
31,31.205-34(a)(5),P_31_205_34_a_5,Travel costs of applicants for interviews.,P_31_205_34_a_5: Applicant interview travel costs are allowable.,ApplicantTravelCosts -> Allowable,P_31_205_34_a,Material Implication (Impl): Rule 15 [HIGH-RISK],PENDING_REVIEW,PASS,PASS,Allowable travel costs for job applicants attending interviews.,MEDIUM
31,31.205-34(a)(6),P_31_205_34_a_6,Costs of help-wanted advertising.,P_31_205_34_a_6: Help-wanted advertising costs are allowable (subject to restrictions in paragraph (b)).,HelpWantedAdvertisingCosts -> Allowable,P_31_205_34_a,Material Implication (Impl): Rule 15 [HIGH-RISK],PENDING_REVIEW,PASS,PASS,Generally allowable but subject to (b) restrictions. Must be read in conjunction with (b).,MEDIUM
31,31.205-34(b),P_31_205_34_b,"Help-wanted advertising costs are unallowable if the advertising (1) does not describe specific positions or classes of positions, or (2) includes irrelevant recruitment material.",P_31_205_34_b_1; P_31_205_34_b_2,(P_31_205_34_b_1 v P_31_205_34_b_2) -> ~Allowable,P_31_205_34,Material Implication (Impl): Rule 15 [HIGH-RISK]; Negation (Neg): Rule 10; Addition (Add): Rule 8,PENDING_REVIEW,PASS,PASS,Disjunctive disqualifiers for help-wanted advertising. Either condition independently makes the advertising cost unallowable.,MEDIUM
31,31.205-34(b)(1),P_31_205_34_b_1,Does not describe specific positions or classes of positions.,P_31_205_34_b_1: Help-wanted advertising that does not describe specific positions or position classes is unallowable.,~DescribesSpecificPositions -> ~Allowable,P_31_205_34_b,Negation (Neg): Rule 10; Material Implication (Impl): Rule 15 [HIGH-RISK],PENDING_REVIEW,PASS,PASS,Advertising must be position-specific. Generic brand advertising disguised as recruitment is unallowable.,MEDIUM
31,31.205-34(b)(2),P_31_205_34_b_2,"Includes material that is not relevant for recruitment purposes, such as extensive illustrations or descriptions of the company's products or capabilities.","P_31_205_34_b_2: Help-wanted advertising containing irrelevant non-recruitment material (e.g., extensive product/capability descriptions) is unallowable.",ContainsIrrelevantMaterial -> ~Allowable,P_31_205_34_b,Material Implication (Impl): Rule 15 [HIGH-RISK]; Negation (Neg): Rule 10,PENDING_REVIEW,PASS,PASS,Prevents using recruitment advertising as disguised corporate advertising. 'Such as' list is illustrative. Key test: relevance to recruitment purpose.,MEDIUM
31,31.205-35,P_31_205_35,"31.205-35 Relocation costs. Defines allowable relocation costs (a), allowability criteria (b), unallowable costs (c), refund requirement (d), mass/special movements (e), and contract-specific employee relocation (f).",P_31_205_35_a; P_31_205_35_b; P_31_205_35_c; P_31_205_35_d; P_31_205_35_e; P_31_205_35_f,P_31_205_35_a ^ P_31_205_35_b ^ P_31_205_35_c ^ P_31_205_35_d ^ P_31_205_35_e ^ P_31_205_35_f,P_31_205,Conjunction (Conj): Rule 7,VALIDATED,PASS,PASS,Parent proposition. Six paragraphs covering all aspects of relocation cost allowability.,HIGH
31,31.205-35(a),P_31_205_35_a,Relocation costs are costs incident to the permanent change of assigned work location (for a period of 12 months or more) of an existing employee or upon recruitment of a new employee. The following types of relocation costs are allowable: (1)-(12).,P_31_205_35_a_1; P_31_205_35_a_2; P_31_205_35_a_3; P_31_205_35_a_4; P_31_205_35_a_5; P_31_205_35_a_6; P_31_205_35_a_7; P_31_205_35_a_8; P_31_205_35_a_9; P_31_205_35_a_10; P_31_205_35_a_11; P_31_205_35_a_12,PermanentRelocation(>=12months) ^ (ExistingEmployee v NewRecruit) -> (P_31_205_35_a_1 v P_31_205_35_a_2 v ... v P_31_205_35_a_12) -> Allowable,P_31_205_35,Material Implication (Impl): Rule 15 [HIGH-RISK]; Conjunction (Conj): Rule 7; Addition (Add): Rule 8,PENDING_REVIEW,PASS,PASS,Definition of relocation costs (permanent change >= 12 months) and disjunctive list of 12 allowable cost types. Threshold trigger: permanent assignment change. Each sub-type independently allowable.,MEDIUM
31,31.205-35(a)(1),P_31_205_35_a_1,Costs of travel of the employee and members of the employee's immediate family (see 31.205-46) and transportation of household items and personal effects to the new location.,"P_31_205_35_a_1: Travel costs for employee and immediate family, plus transportation of household goods/personal effects, are allowable relocation costs.",EmployeeFamilyTravelCosts ^ HouseholdTransportation -> Allowable,P_31_205_35_a; P_31_205_46,Material Implication (Impl): Rule 15 [HIGH-RISK]; Conjunction (Conj): Rule 7,PENDING_REVIEW,PASS,PASS,Two cost categories: personal travel and household goods transportation. Cross-references 31.205-46 for travel cost standards.,MEDIUM
31,31.205-35(a)(2),P_31_205_35_a_2,"Costs of finding a new home, such as advance trips by the employee and/or the spouse, to locate living quarters, and temporary lodging during the transition period for the employee and members of the employee's immediate family.",P_31_205_35_a_2: House-hunting costs (advance trips for employee/spouse to locate housing) and temporary lodging during transition are allowable relocation costs.,HouseHuntingCosts v TemporaryLodging -> Allowable,P_31_205_35_a,Material Implication (Impl): Rule 15 [HIGH-RISK]; Addition (Add): Rule 8,PENDING_REVIEW,PASS,PASS,Two cost categories: house-hunting trips and transition-period temporary lodging. 'Such as' indicates illustrative examples. Family included in temporary lodging.,MEDIUM
31,31.205-35(a)(3),P_31_205_35_a_3,"Closing costs incident to the disposition of the actual residence owned by the employee when notified of the transfer (e.g., brokerage fees, legal fees, appraisal fees, points, and finance charges), except that these costs, when added to the costs described in paragraph (a)(4) of this section, must not exceed 14 percent of the sales price of the property sold.","P_31_205_35_a_3: Closing costs for selling employee's residence upon transfer notification are allowable, except total of (a)(3) plus (a)(4) costs must not exceed 14% of sales price.",ClosingCostsOnSale ^ TransferNotification -> Allowable; (P_31_205_35_a_3 + P_31_205_35_a_4) -> ~Exceed14PercentOfSalesPrice,P_31_205_35_a,Material Implication (Impl): Rule 15 [HIGH-RISK]; Conjunction (Conj): Rule 7; Negation (Neg): Rule 10,PENDING_REVIEW,PASS,PASS,Allowable with cap. The 14% cap is combined with (a)(4) continuing ownership costs. 'E.g.' list of closing cost types is illustrative. 'Actual residence' limits to primary residence.,MEDIUM
31,31.205-35(a)(4),P_31_205_35_a_4,"Continuing costs of ownership of the vacant former actual residence being sold, such as maintenance of building and grounds (exclusive of fixing up expenses), utilities, taxes, property insurance, and mortgage interest, after the settlement date or lease date of a new permanent residence, except that these costs, when added to the costs described in paragraph (a)(3) of this section, must not exceed 14 percent of the sales price of the property sold.","P_31_205_35_a_4: Continuing ownership costs of vacant former residence after settling into new residence are allowable (excluding fixing-up expenses), subject to combined 14% cap with (a)(3).",ContinuingOwnershipCosts ^ VacantFormerResidence ^ AfterNewResidenceSettlement ^ ~FixingUpExpenses -> Allowable; (P_31_205_35_a_3 + P_31_205_35_a_4) -> ~Exceed14PercentOfSalesPrice,P_31_205_35_a,Material Implication (Impl): Rule 15 [HIGH-RISK]; Conjunction (Conj): Rule 7; Negation (Neg): Rule 10,PENDING_REVIEW,PASS,PASS,"Multiple conditions: vacant former residence, after new settlement, excludes fixing-up expenses. Combined 14% cap with (a)(3). 'Such as' list is illustrative. Triggered after new residence settlement/lease date.",MEDIUM
31,31.205-35(a)(5),P_31_205_35_a_5,The cost of a mortgage title policy is allowable if it is a cost incident to acquiring a home in a new location.,P_31_205_35_a_5: Mortgage title policy costs are allowable when incident to acquiring a home in the new location.,MortgageTitlePolicy ^ IncidentToNewHomeAcquisition -> Allowable,P_31_205_35_a,Material Implication (Impl): Rule 15 [HIGH-RISK]; Conjunction (Conj): Rule 7,PENDING_REVIEW,PASS,PASS,Conditional allowability: must be incident to new home acquisition. Title policies for other purposes not covered.,MEDIUM
31,31.205-35(a)(6),P_31_205_35_a_6,"Other necessary and reasonable expenses normally incident to relocation, such as disconnecting and connecting household appliances; automobile registration; driver's license and use taxes; cutting and fitting rugs, draperies, and curtains; forfeited utility fees and deposits; and purchase of insurance against damage to or loss of personal property while in transit.","P_31_205_35_a_6: Other necessary and reasonable miscellaneous relocation expenses are allowable (e.g., appliance connect/disconnect, auto registration, forfeited deposits, in-transit insurance).",MiscRelocationExpense ^ Necessary ^ Reasonable ^ NormallyIncident -> Allowable,P_31_205_35_a,Material Implication (Impl): Rule 15 [HIGH-RISK]; Conjunction (Conj): Rule 7,PENDING_REVIEW,PASS,PASS,Three qualifying conditions: necessary AND reasonable AND normally incident. 'Such as' list is illustrative catch-all. Subject to lump-sum alternative in (b)(5).,MEDIUM
31,31.205-35(a)(7),P_31_205_35_a_7,"Costs incident to acquiring a home in the new work location, except that (i) not allowable for non-homeowners, (ii) total must not exceed 5% of purchase price.",P_31_205_35_a_7_i; P_31_205_35_a_7_ii,HomeAcquisitionCosts ^ ~P_31_205_35_a_7_i ^ P_31_205_35_a_7_ii -> Allowable,P_31_205_35_a,Material Implication (Impl): Rule 15 [HIGH-RISK]; Conjunction (Conj): Rule 7; Negation (Neg): Rule 10,PENDING_REVIEW,PASS,PASS,Allowable with two exceptions as restrictive conditions. Must satisfy both: was a homeowner AND within 5% cap.,MEDIUM
31,31.205-35(a)(7)(i),P_31_205_35_a_7_i,These costs are not allowable for existing employees or newly recruited employees who were not homeowners before the relocation.,P_31_205_35_a_7_i: Home acquisition costs at new location are not allowable for employees (existing or new) who were not homeowners before relocation.,~HomeownerBeforeRelocation -> ~HomeAcquisitionCostsAllowable,P_31_205_35_a_7,Material Implication (Impl): Rule 15 [HIGH-RISK]; Negation (Neg): Rule 10,PENDING_REVIEW,PASS,PASS,Pre-relocation homeownership is a prerequisite. First-time homebuyers cannot claim these costs as allowable relocation expenses.,MEDIUM
31,31.205-35(a)(7)(ii),P_31_205_35_a_7_ii,The total costs must not exceed 5 percent of the purchase price of the new home.,P_31_205_35_a_7_ii: Total home acquisition costs in new location must not exceed 5% of the new home's purchase price.,HomeAcquisitionCosts -> ~Exceed5PercentOfPurchasePrice,P_31_205_35_a_7,Negation (Neg): Rule 10; Material Implication (Impl): Rule 15 [HIGH-RISK],PENDING_REVIEW,PASS,PASS,Hard cap at 5% of new home purchase price. 'Must not exceed' = mandatory ceiling.,MEDIUM
31,31.205-35(a)(8),P_31_205_35_a_8,"Mortgage interest differential payments, except that these costs are not allowable for existing or newly recruited employees who, before the relocation, were not homeowners and the total payments are limited to an amount determined as follows: (i) calculation method, (ii) lump-sum adjustment.",P_31_205_35_a_8_i; P_31_205_35_a_8_ii,MortgageDifferentialPayments ^ HomeownerBeforeRelocation ^ WithinCalculatedLimit -> Allowable,P_31_205_35_a,Material Implication (Impl): Rule 15 [HIGH-RISK]; Conjunction (Conj): Rule 7,PENDING_REVIEW,PASS,PASS,Allowable with same homeownership prerequisite as (a)(7)(i). Payment amount limited by formula in (i) and subject to pro-rata adjustment per (ii).,MEDIUM
31,31.205-35(a)(8)(i),P_31_205_35_a_8_i,The difference between the mortgage interest rates of the old and new residences times the current balance of the old mortgage times 3 years.,P_31_205_35_a_8_i: Mortgage differential payment limit = (old rate - new rate) x old mortgage balance x 3 years.,MortgageDiffLimit = (OldRate - NewRate) * OldBalance * 3,P_31_205_35_a_8,Conjunction (Conj): Rule 7,VALIDATED,PASS,PASS,Mathematical formula for calculating maximum mortgage differential payment. Three-year multiplier caps the benefit period.,HIGH
31,31.205-35(a)(8)(ii),P_31_205_35_a_8_ii,"When mortgage differential payments are made on a lump-sum basis and the employee leaves or is transferred again in less than 3 years, the amount initially recognized must be proportionately adjusted to reflect payments only for the actual time of the relocation.","P_31_205_35_a_8_ii: When lump-sum mortgage differential payments are made and employee leaves/transfers within 3 years, the amount must be proportionately adjusted to actual relocation time.",(LumpSumPayment ^ (EmployeeLeaves v TransferredAgain) ^ LessThan3Years) -> ProportionateAdjustment,P_31_205_35_a_8,Material Implication (Impl): Rule 15 [HIGH-RISK]; Conjunction (Conj): Rule 7; Addition (Add): Rule 8,PENDING_REVIEW,PASS,PASS,Clawback mechanism. Three conjunctive triggers: lump-sum basis AND departure/transfer AND within 3 years. 'Must' = mandatory pro-rata adjustment.,MEDIUM
31,31.205-35(a)(9),P_31_205_35_a_9,"Rental differential payments covering situations where relocated employees retain ownership of a vacated home in the old location and rent at the new location. The rented quarters at the new location must be comparable to those vacated, and the allowable differential payments may not exceed the actual rental costs for the new home, less the fair market rent for the vacated home times 3 years.","P_31_205_35_a_9: Rental differential payments are allowable when employee retains old home and rents at new location, limited to (new rent - old home FMR) x 3 years, with comparable quarters requirement.",RetainOldHome ^ RentAtNew ^ ComparableQuarters -> RentalDifferentialAllowable; DiffPayment -> ~Exceed((NewRent - OldFMR) * 3),P_31_205_35_a,Material Implication (Impl): Rule 15 [HIGH-RISK]; Conjunction (Conj): Rule 7; Negation (Neg): Rule 10,PENDING_REVIEW,PASS,PASS,"Three conditions: retain old home, rent at new, comparable quarters. Payment cap formula: (actual new rent - FMR of vacated home) x 3 years. Comparable quarters is a judgment standard.",MEDIUM
31,31.205-35(a)(10),P_31_205_35_a_10,Costs of canceling an unexpired lease.,P_31_205_35_a_10: Costs of canceling an unexpired lease due to relocation are allowable.,LeaseCancellationCosts -> Allowable,P_31_205_35_a,Material Implication (Impl): Rule 15 [HIGH-RISK],PENDING_REVIEW,PASS,PASS,Straightforward allowability for lease cancellation costs incident to relocation.,MEDIUM
31,31.205-35(a)(11),P_31_205_35_a_11,Payments for increased employee income or Federal Insurance Contributions Act (26 U.S.C. chapter 21) taxes incident to allowable reimbursed relocation costs.,P_31_205_35_a_11: Tax gross-up payments (income taxes and FICA) on allowable reimbursed relocation costs are allowable.,TaxGrossUpOnAllowableRelocation -> Allowable,P_31_205_35_a,Material Implication (Impl): Rule 15 [HIGH-RISK],PENDING_REVIEW,PASS,PASS,Allowable only when incident to 'allowable reimbursed' relocation costs. Tax gross-ups on unallowable relocation costs would not qualify.,MEDIUM
31,31.205-35(a)(12),P_31_205_35_a_12,Payments for spouse employment assistance.,P_31_205_35_a_12: Spouse employment assistance payments are allowable relocation costs.,SpouseEmploymentAssistance -> Allowable,P_31_205_35_a,Material Implication (Impl): Rule 15 [HIGH-RISK],PENDING_REVIEW,PASS,PASS,Straightforward allowability for spouse employment assistance in relocation context.,MEDIUM
31,31.205-35(b),P_31_205_35_b,"The costs in paragraph (a) of this section must meet the following criteria to be considered allowable: (1) employer benefit, (2) established policy, (3) not otherwise unallowable, (4) actual expense limit, (5) miscellaneous lump-sum, (6) lump-sum reimbursement options.",P_31_205_35_b_1; P_31_205_35_b_2; P_31_205_35_b_3; P_31_205_35_b_4; P_31_205_35_b_5; P_31_205_35_b_6,P_31_205_35_b_1 ^ P_31_205_35_b_2 ^ P_31_205_35_b_3 ^ P_31_205_35_b_4 -> RelocationCostsAllowable,P_31_205_35,Material Implication (Impl): Rule 15 [HIGH-RISK]; Conjunction (Conj): Rule 7,PENDING_REVIEW,PASS,PASS,Four mandatory conjunctive criteria (b)(1)-(4) that all (a) costs must meet. (b)(5) and (b)(6) provide additional procedural options/modifications. 'Must meet' = all required.,MEDIUM
31,31.205-35(b)(1),P_31_205_35_b_1,The move must be for the benefit of the employer.,P_31_205_35_b_1: Relocation must be for employer's benefit to be allowable.,~EmployerBenefit -> ~Allowable,P_31_205_35_b,Modus Tollens (MT): Rule 2; Negation (Neg): Rule 10,PENDING_REVIEW,PASS,PASS,Must' = mandatory prerequisite. Employee-initiated moves for personal reasons would not satisfy this criterion.,MEDIUM
31,31.205-35(b)(2),P_31_205_35_b_2,Reimbursement must be in accordance with an established policy or practice that is consistently followed by the employer and is designed to motivate employees to relocate promptly and economically.,"P_31_205_35_b_2: Reimbursement must follow an established, consistently applied policy designed to motivate prompt and economical relocation.",EstablishedPolicy ^ ConsistentlyFollowed ^ DesignedForPromptEconomicalRelocation -> CriterionMet,P_31_205_35_b,Material Implication (Impl): Rule 15 [HIGH-RISK]; Conjunction (Conj): Rule 7,PENDING_REVIEW,PASS,PASS,"Three conjunctive requirements: established policy, consistent application, and design purpose (prompt and economical). Ad hoc or inconsistent reimbursement fails this test.",MEDIUM
31,31.205-35(b)(3),P_31_205_35_b_3,The costs must not be otherwise unallowable under subpart 31.2.,P_31_205_35_b_3: Relocation costs must not be separately unallowable under Subpart 31.2.,~OtherwiseUnallowableUnder31_2 -> CriterionMet,P_31_205_35_b,Negation (Neg): Rule 10; Material Implication (Impl): Rule 15 [HIGH-RISK],PENDING_REVIEW,PASS,PASS,Cross-check requirement against all other cost principles in Subpart 31.2. A cost cannot become allowable merely because it is incident to relocation if it is separately prohibited.,MEDIUM
31,31.205-35(b)(4),P_31_205_35_b_4,"Amounts to be reimbursed must not exceed the employee's actual expenses, except as provided for in paragraphs (b)(5) and (b)(6) of this section.","P_31_205_35_b_4: Reimbursement must not exceed actual expenses, except as modified by (b)(5) and (b)(6).",ReimbursementAmount -> ~ExceedActualExpenses; (P_31_205_35_b_5 v P_31_205_35_b_6) -> ExceptionToActualExpenseLimit,P_31_205_35_b,Negation (Neg): Rule 10; Material Implication (Impl): Rule 15 [HIGH-RISK]; Addition (Add): Rule 8,PENDING_REVIEW,PASS,PASS,Actual expense ceiling with two exceptions: (b)(5) miscellaneous lump-sum and (b)(6) specific lump-sum options. 'Must not exceed' = hard cap absent exceptions.,MEDIUM
31,31.205-35(b)(5),P_31_205_35_b_5,"For miscellaneous costs of the type discussed in paragraph (a)(6) of this subsection, a lump-sum amount, not to exceed $5,000, may be allowed in lieu of actual costs.","P_31_205_35_b_5: For miscellaneous relocation costs per (a)(6), a lump-sum up to $5,000 may be allowed instead of actual costs.",MiscCostsPerA6 -> (LumpSum_UpTo5000 v ~LumpSum_UpTo5000),P_31_205_35_b,Material Implication (Impl): Rule 15 [HIGH-RISK]; Tautology (Taut): Rule 18,PENDING_REVIEW,PASS,PASS,"May' = permissive (tautology). $5,000 cap on lump-sum alternative for (a)(6) miscellaneous costs. Simplifies administration but is discretionary.",MEDIUM
31,31.205-35(b)(6),P_31_205_35_b_6,"Lump-sum reimbursement options for certain relocation costs when adequately supported, per (i) and (ii).",P_31_205_35_b_6_i; P_31_205_35_b_6_ii,P_31_205_35_b_6_i ^ P_31_205_35_b_6_ii,P_31_205_35_b,Conjunction (Conj): Rule 7,VALIDATED,PASS,PASS,Sub-parent for lump-sum reimbursement rules. Both (i) scope and (ii) adjustment prohibition apply.,HIGH
31,31.205-35(b)(6)(i),P_31_205_35_b_6_i,"Reimbursement on a lump-sum basis may be allowed for any of the following relocation costs when adequately supported by data on the individual elements (e.g., transportation, lodging, and meals) comprising the build-up of the lump-sum amount to be paid based on the circumstances of the particular employee's relocation: (A) finding a new home per (a)(2), (B) travel to new location per (a)(1) (excluding household goods), (C) temporary lodging per (a)(2).","P_31_205_35_b_6_i: Lump-sum reimbursement may be allowed for (A) house-hunting, (B) travel to new location (not household goods), (C) temporary lodging, when supported by element-level data.",AdequateDataSupport -> (LumpSumForHouseHunting v LumpSumForTravel v LumpSumForTempLodging) -> (MayAllow v ~MayAllow),P_31_205_35_b_6,Material Implication (Impl): Rule 15 [HIGH-RISK]; Addition (Add): Rule 8; Tautology (Taut): Rule 18,PENDING_REVIEW,PASS,PASS,"May' = permissive. Key requirement: adequate data support showing element-level build-up. Three specific cost types eligible. Household goods excluded from (B). Sub-items (A), (B), (C) are captured within this proposition rather than separate skeleton IDs.",MEDIUM
31,31.205-35(b)(6)(ii),P_31_205_35_b_6_ii,"When reimbursement on a lump-sum basis is used, any adjustments to reflect actual costs are unallowable.","P_31_205_35_b_6_ii: When lump-sum reimbursement is used, adjustments to reflect actual costs are unallowable.",LumpSumBasisUsed -> AdjustmentsToActualCosts -> ~Allowable,P_31_205_35_b_6,Material Implication (Impl): Rule 15 [HIGH-RISK]; Negation (Neg): Rule 10,PENDING_REVIEW,PASS,PASS,"Anti-cherry-picking rule. Once lump-sum is chosen, cannot later adjust to actual costs (whether higher or lower). Election is binding.",MEDIUM
31,31.205-35(c),P_31_205_35_c,"The following types of costs are unallowable: (1) loss on home sale, (2) certain home acquisition costs at new location, (3) continuing mortgage payments, (4) employee loan costs.",P_31_205_35_c_1; P_31_205_35_c_2; P_31_205_35_c_3; P_31_205_35_c_4,(P_31_205_35_c_1 v P_31_205_35_c_2 v P_31_205_35_c_3 v P_31_205_35_c_4) -> ~Allowable,P_31_205_35,Material Implication (Impl): Rule 15 [HIGH-RISK]; Negation (Neg): Rule 10; Addition (Add): Rule 8,PENDING_REVIEW,PASS,PASS,Disjunctive list of categorically unallowable relocation costs. Each independently unallowable.,MEDIUM
31,31.205-35(c)(1),P_31_205_35_c_1,Loss on the sale of a home.,P_31_205_35_c_1: Loss on the sale of an employee's home due to relocation is unallowable.,HomeSaleLoss -> ~Allowable,P_31_205_35_c,Material Implication (Impl): Rule 15 [HIGH-RISK]; Negation (Neg): Rule 10,PENDING_REVIEW,PASS,PASS,Categorical prohibition. Government does not bear market risk on employee home values.,MEDIUM
31,31.205-35(c)(2),P_31_205_35_c_2,Costs incident to acquiring a home in the new location as follows: (i)-(vi).,P_31_205_35_c_2_i; P_31_205_35_c_2_ii; P_31_205_35_c_2_iii; P_31_205_35_c_2_iv; P_31_205_35_c_2_v; P_31_205_35_c_2_vi,(P_31_205_35_c_2_i v P_31_205_35_c_2_ii v P_31_205_35_c_2_iii v P_31_205_35_c_2_iv v P_31_205_35_c_2_v v P_31_205_35_c_2_vi) -> ~Allowable,P_31_205_35_c,Material Implication (Impl): Rule 15 [HIGH-RISK]; Negation (Neg): Rule 10; Addition (Add): Rule 8,PENDING_REVIEW,PASS,PASS,Six types of unallowable home acquisition costs. Disjunctive: each independently unallowable. Note distinction from (a)(7) which allows some acquisition costs with caps.,MEDIUM
31,31.205-35(c)(2)(i),P_31_205_35_c_2_i,Real estate brokers' fees and commissions.,P_31_205_35_c_2_i: Real estate broker fees and commissions for new home acquisition are unallowable.,BrokerFeesNewHome -> ~Allowable,P_31_205_35_c_2,Material Implication (Impl): Rule 15 [HIGH-RISK]; Negation (Neg): Rule 10,PENDING_REVIEW,PASS,PASS,Unallowable for new home acquisition. Note: broker fees for selling old home may be allowable under (a)(3) closing costs.,MEDIUM
31,31.205-35(c)(2)(ii),P_31_205_35_c_2_ii,Costs of litigation.,P_31_205_35_c_2_ii: Litigation costs for new home acquisition are unallowable.,LitigationCostsNewHome -> ~Allowable,P_31_205_35_c_2,Material Implication (Impl): Rule 15 [HIGH-RISK]; Negation (Neg): Rule 10,PENDING_REVIEW,PASS,PASS,Categorical prohibition on litigation costs in new home acquisition context.,MEDIUM
31,31.205-35(c)(2)(iii),P_31_205_35_c_2_iii,Real and personal property insurance against damage or loss of property.,P_31_205_35_c_2_iii: Property insurance (real and personal) for new home is unallowable as acquisition cost.,PropertyInsuranceNewHome -> ~Allowable,P_31_205_35_c_2,Material Implication (Impl): Rule 15 [HIGH-RISK]; Negation (Neg): Rule 10,PENDING_REVIEW,PASS,PASS,Covers both real property and personal property insurance at new location.,MEDIUM
31,31.205-35(c)(2)(iv),P_31_205_35_c_2_iv,Mortgage life insurance.,P_31_205_35_c_2_iv: Mortgage life insurance for new home is unallowable.,MortgageLifeInsurance -> ~Allowable,P_31_205_35_c_2,Material Implication (Impl): Rule 15 [HIGH-RISK]; Negation (Neg): Rule 10,PENDING_REVIEW,PASS,PASS,Categorical prohibition on mortgage life insurance as relocation cost.,MEDIUM
31,31.205-35(c)(2)(v),P_31_205_35_c_2_v,Owner's title policy insurance when such insurance was not previously carried by the employee on the old residence.,P_31_205_35_c_2_v: Owner's title policy insurance is unallowable when employee did not carry it on old residence.,TitlePolicy ^ ~PreviouslyCarriedOnOldResidence -> ~Allowable,P_31_205_35_c_2,Material Implication (Impl): Rule 15 [HIGH-RISK]; Conjunction (Conj): Rule 7; Negation (Neg): Rule 10,PENDING_REVIEW,PASS,PASS,"Conditional prohibition. If employee had title insurance on old home, new home title insurance may be allowable (compare (a)(5)). Only unallowable when it represents a new expense the employee didn't previously carry.",MEDIUM
31,31.205-35(c)(2)(vi),P_31_205_35_c_2_vi,Property taxes and operating or maintenance costs.,P_31_205_35_c_2_vi: Property taxes and operating/maintenance costs for new home acquisition are unallowable.,PropertyTaxesAndMaintenance -> ~Allowable,P_31_205_35_c_2,Material Implication (Impl): Rule 15 [HIGH-RISK]; Negation (Neg): Rule 10,PENDING_REVIEW,PASS,PASS,Ongoing costs of new home ownership are unallowable as relocation costs. These are normal living expenses.,MEDIUM
31,31.205-35(c)(3),P_31_205_35_c_3,Continuing mortgage principal payments on a residence being sold.,P_31_205_35_c_3: Continuing mortgage principal payments on residence being sold are unallowable.,ContinuingMortgagePrincipalOnSale -> ~Allowable,P_31_205_35_c,Material Implication (Impl): Rule 15 [HIGH-RISK]; Negation (Neg): Rule 10,PENDING_REVIEW,PASS,PASS,"Mortgage principal payments are equity-building, not relocation costs. Note: mortgage interest on old home may be allowable under (a)(4).",MEDIUM
31,31.205-35(c)(4),P_31_205_35_c_4,Costs incident to furnishing equity or nonequity loans to employees or making arrangements with lenders for employees to obtain lower-than-market rate mortgage loans.,P_31_205_35_c_4: Costs of providing employee loans or arranging below-market mortgage rates are unallowable.,EmployeeLoanCosts v BelowMarketMortgageArrangements -> ~Allowable,P_31_205_35_c,Material Implication (Impl): Rule 15 [HIGH-RISK]; Negation (Neg): Rule 10; Addition (Add): Rule 8,PENDING_REVIEW,PASS,PASS,Two disjunctive unallowable cost types: direct employee loans and below-market mortgage arrangements. Prevents subsidized financing from being charged as relocation.,MEDIUM
31,31.205-35(d),P_31_205_35_d,"If relocation costs for an employee have been allowed as an allocable indirect or direct cost, and the employee resigns within 12 months for reasons within the employee's control, the contractor must refund or credit the relocation costs to the Government.","P_31_205_35_d: When relocation costs were allowed and employee resigns within 12 months for controllable reasons, contractor must refund/credit those costs to Government.",(RelocationCostsAllowed ^ ResignsWithin12Months ^ ReasonsWithinControl) -> MustRefundOrCredit,P_31_205_35,Material Implication (Impl): Rule 15 [HIGH-RISK]; Conjunction (Conj): Rule 7,PENDING_REVIEW,PASS,PASS,Clawback provision. Three conjunctive triggers: costs were allowed AND resignation within 12 months AND employee-controlled reasons. 'Must' = mandatory refund/credit. Key: 'within the employee's control' excludes involuntary departures.,MEDIUM
31,31.205-35(e),P_31_205_35_e,"Subject to the requirements of this section, the costs of family movements and of personnel movements of a special or mass nature are allowable. The cost, however, should be assigned on the basis of work (contracts) or time period benefited.",P_31_205_35_e_a: Family movements and special/mass personnel movements are allowable subject to this section; P_31_205_35_e_b: Cost allocation should be based on work/contracts or time period benefited.,FamilyOrMassMovement ^ SubjectToSectionRequirements -> Allowable; SHOULD(AllocateByWorkOrTimePeriod),P_31_205_35,Material Implication (Impl): Rule 15 [HIGH-RISK]; Conjunction (Conj): Rule 7,PENDING_REVIEW,PASS,PASS,"Two parts: (1) allowability for family/mass movements subject to section requirements, (2) advisory cost allocation method. 'Should' = advisory for allocation method. PENDING_REVIEW for advisory language.",MEDIUM
31,31.205-35(f),P_31_205_35_f,Relocation costs (both outgoing and return) of employees who are hired for performance on specific contracts or long-term field projects are allowable if conditions (1)-(4) are met. (5) addresses return costs for released employees.,P_31_205_35_f_1; P_31_205_35_f_2; P_31_205_35_f_3; P_31_205_35_f_4; P_31_205_35_f_5,(P_31_205_35_f_1 ^ P_31_205_35_f_2 ^ P_31_205_35_f_3 ^ P_31_205_35_f_4) -> ContractSpecificRelocationAllowable,P_31_205_35,Material Implication (Impl): Rule 15 [HIGH-RISK]; Conjunction (Conj): Rule 7,PENDING_REVIEW,PASS,PASS,Four conjunctive conditions for contract-specific employee relocation. All four must be met. (5) provides an additional rule for return costs. Covers both outgoing and return relocation.,MEDIUM
31,31.205-35(f)(1),P_31_205_35_f_1,Term of employment is 12 months or more.,P_31_205_35_f_1: Employment term must be 12 months or more for contract-specific relocation to be allowable.,EmploymentTerm >= 12months -> ConditionMet,P_31_205_35_f,Material Implication (Impl): Rule 15 [HIGH-RISK],PENDING_REVIEW,PASS,PASS,Minimum duration threshold. Consistent with (a) definition of permanent relocation.,MEDIUM
31,31.205-35(f)(2),P_31_205_35_f_2,Employment agreement specifically limits the duration of employment to the time spent on the contract or field project for which the employee is hired.,P_31_205_35_f_2: Employment agreement must specifically limit employment duration to the contract/project period.,AgreementLimitsDuration -> ConditionMet,P_31_205_35_f,Material Implication (Impl): Rule 15 [HIGH-RISK],PENDING_REVIEW,PASS,PASS,"Specifically limits' requires explicit contractual language, not implied limitation.",MEDIUM
31,31.205-35(f)(3),P_31_205_35_f_3,"Employment agreement provides for return relocation to the employee's permanent and principal home immediately prior to the outgoing relocation, or other location of equal or lesser cost.",P_31_205_35_f_3: Employment agreement must provide for return relocation to employee's pre-relocation home or equivalent/lesser-cost location.,AgreementProvidesReturnRelocation ^ (OriginalHome v EqualOrLesserCostLocation) -> ConditionMet,P_31_205_35_f,Material Implication (Impl): Rule 15 [HIGH-RISK]; Conjunction (Conj): Rule 7; Addition (Add): Rule 8,PENDING_REVIEW,PASS,PASS,Two-part condition: agreement must provide return relocation AND destination must be original home or equal/lesser-cost alternative. Prevents relocation cost escalation.,MEDIUM
31,31.205-35(f)(4),P_31_205_35_f_4,Relocation costs are determined in accordance with this section.,P_31_205_35_f_4: Relocation costs must comply with all requirements of section 31.205-35.,RelocationCosts -> DeterminedPerThisSection,P_31_205_35_f,Material Implication (Impl): Rule 15 [HIGH-RISK],PENDING_REVIEW,PASS,PASS,Cross-reference condition ensuring all other section requirements apply to contract-specific relocations.,MEDIUM
31,31.205-35(f)(5),P_31_205_35_f_5,"The costs to return employees, who are released from employment upon completion of field assignments pursuant to their employment agreements, are not subject to the refund or credit requirement of paragraph (d) of this section.",P_31_205_35_f_5: Return relocation costs for employees released upon field assignment completion per their agreements are exempt from the (d) refund/credit requirement.,ReleasedUponCompletion ^ PerEmploymentAgreement -> ~SubjectTo_P_31_205_35_d_Refund,P_31_205_35_f,Material Implication (Impl): Rule 15 [HIGH-RISK]; Conjunction (Conj): Rule 7; Negation (Neg): Rule 10,PENDING_REVIEW,PASS,PASS,Exception to (d) clawback. Two conditions: released upon completion AND per employment agreement. Protects employees who leave as contractually planned.,MEDIUM
31,31.205-36,P_31_205_36,"Rental costs. This section establishes cost principles for rental costs, covering operating leases, sale-leaseback arrangements, interorganizational charges, and unexpired lease terminations.",P_31_205_36 = P_31_205_36_a ^ P_31_205_36_b ^ P_31_205_36_c,P_31_205_36_a ^ P_31_205_36_b ^ P_31_205_36_c,P_31_205,Conjunction (Conj): Rule 7,VALIDATED,PASS,PASS,"Parent proposition aggregating applicability, allowable rental costs, and termination lease costs. All subsections collectively define the rental cost principle.",HIGH
31,31.205-36(a),P_31_205_36_a,"This section is applicable to the cost of renting or leasing real or personal property acquired under operating leases as defined in Financial Accounting Standards Board's Accounting Standards Codification (FASB ASC) 842, Leases. (See 31.205-11 for capital leases.)",P_31_205_36_a_a: Section applies to operating lease rental/leasing costs for real or personal property as defined by FASB ASC 842; P_31_205_36_a_b: Capital leases are addressed under 31.205-11,P_31_205_36_a_a ^ P_31_205_36_a_b,P_31_205_36; P_31_205_11,Conjunction (Conj): Rule 7,VALIDATED,PASS,PASS,Scope-setting provision. Defines coverage as operating leases per FASB ASC 842. Cross-reference to 31.205-11 for capital leases establishes mutual exclusivity of coverage.,HIGH
31,31.205-36(b),P_31_205_36_b,The following costs are allowable--,P_31_205_36_b = P_31_205_36_b_1 ^ P_31_205_36_b_2 ^ P_31_205_36_b_3 ^ P_31_205_36_b_4,P_31_205_36_b_1 ^ P_31_205_36_b_2 ^ P_31_205_36_b_3 ^ P_31_205_36_b_4,P_31_205_36,Conjunction (Conj): Rule 7,VALIDATED,PASS,PASS,Parent for allowable rental cost categories. All four subcategories are independently allowable when their respective conditions are met.,HIGH
31,31.205-36(b)(1),P_31_205_36_b_1,"Rental costs under operating leases, when the rates are reasonable at the time of the lease decision, after consideration of rental costs of comparable property, market conditions, property type/life/condition/value, alternatives available, and other agreement provisions.",P_31_205_36_b_1 = P_31_205_36_b_1_a: Operating lease rental costs are allowable when rates are reasonable at lease decision time; P_31_205_36_b_1_b: Reasonableness requires consideration of factors in (i)-(v),P_31_205_36_b_1_a ^ (P_31_205_36_b_1_i ^ P_31_205_36_b_1_ii ^ P_31_205_36_b_1_iii ^ P_31_205_36_b_1_iv ^ P_31_205_36_b_1_v) -> P_31_205_36_b_1_b,P_31_205_36_b,Conjunction (Conj): Rule 7; Material Implication (Impl): Rule 15 [HIGH-RISK],PENDING_REVIEW,PASS,PASS,Conditional allowability tied to reasonableness at time of lease decision. The five subfactors are conjunctive considerations (all must be evaluated). HIGH-RISK: implication used to link factor consideration to reasonableness determination.,MEDIUM
31,31.205-36(b)(1)(i),P_31_205_36_b_1_i,"Rental costs of comparable property, if any;",P_31_205_36_b_1_i: Consideration of rental costs of comparable property as factor in reasonableness determination,P_31_205_36_b_1_i,P_31_205_36_b_1,Conjunction (Conj): Rule 7,VALIDATED,PASS,PASS,"Atomic factor for reasonableness evaluation. ""If any"" qualifier acknowledges comparable property may not always exist.",HIGH
31,31.205-36(b)(1)(ii),P_31_205_36_b_1_ii,Market conditions in the area;,P_31_205_36_b_1_ii: Consideration of market conditions in the area as factor in reasonableness determination,P_31_205_36_b_1_ii,P_31_205_36_b_1,Conjunction (Conj): Rule 7,VALIDATED,PASS,PASS,Atomic factor for reasonableness evaluation. Local market conditions must be assessed.,HIGH
31,31.205-36(b)(1)(iii),P_31_205_36_b_1_iii,"The type, life expectancy, condition, and value of the property leased;","P_31_205_36_b_1_iii: Consideration of property type, life expectancy, condition, and value as factor in reasonableness determination",P_31_205_36_b_1_iii,P_31_205_36_b_1,Conjunction (Conj): Rule 7,VALIDATED,PASS,PASS,"Atomic factor. Four property attributes (type, life expectancy, condition, value) are conjunctive sub-considerations within this single factor.",HIGH
31,31.205-36(b)(1)(iv),P_31_205_36_b_1_iv,Alternatives available; and,P_31_205_36_b_1_iv: Consideration of available alternatives as factor in reasonableness determination,P_31_205_36_b_1_iv,P_31_205_36_b_1,Conjunction (Conj): Rule 7,VALIDATED,PASS,PASS,Atomic factor for reasonableness evaluation. Requires consideration of lease alternatives.,HIGH
31,31.205-36(b)(1)(v),P_31_205_36_b_1_v,Other provisions of the agreement.,P_31_205_36_b_1_v: Consideration of other agreement provisions as factor in reasonableness determination,P_31_205_36_b_1_v,P_31_205_36_b_1,Conjunction (Conj): Rule 7,VALIDATED,PASS,PASS,Catch-all factor. Allows consideration of any other lease agreement provisions bearing on reasonableness.,HIGH
31,31.205-36(b)(2),P_31_205_36_b_2,"Rental costs under a sale and leaseback arrangement only up to the amount the contractor would be allowed if the contractor retained title, and the computation of which is based on the net book value of the asset on the date the contractor becomes a lessee of the property adjusted for any gain or loss recognized in accordance with 31.205-16(b).",P_31_205_36_b_2_a: Sale-leaseback rental costs are allowable; P_31_205_36_b_2_b: Limited to the amount allowable had contractor retained title; P_31_205_36_b_2_c: Computation based on net book value at lessee date adjusted per 31.205-16(b),P_31_205_36_b_2_a ^ P_31_205_36_b_2_b ^ P_31_205_36_b_2_c,P_31_205_36_b; P_31_205_16,Conjunction (Conj): Rule 7,VALIDATED,PASS,PASS,"Conjunctive requirement: allowability capped at retained-title equivalent, computed from net book value with gain/loss adjustment per 31.205-16(b). Prevents contractors from inflating costs through sale-leaseback structures.",HIGH
31,31.205-36(b)(3),P_31_205_36_b_3,"Charges in the nature of rent for property between any divisions, subsidiaries, or organization under common control, to the extent that they do not exceed normal ownership costs and provided no duplication of other allowed costs.",P_31_205_36_b_3 = P_31_205_36_b_3_i ^ P_31_205_36_b_3_ii,P_31_205_36_b_3_i ^ P_31_205_36_b_3_ii,P_31_205_36_b,Conjunction (Conj): Rule 7,VALIDATED,PASS,PASS,Parent for interorganizational rental charges. Both conditions (cost ceiling and no duplication) must be satisfied conjunctively.,HIGH
31,31.205-36(b)(3)(i),P_31_205_36_b_3_i,"To the extent that they do not exceed the normal costs of ownership, such as depreciation, taxes, insurance, facilities capital cost of money, and maintenance (excluding interest or other unallowable costs pursuant to part 31);","P_31_205_36_b_3_i_a: Interorg rental charges allowable up to normal ownership costs; P_31_205_36_b_3_i_b: Normal ownership costs include depreciation, taxes, insurance, facilities capital cost of money, maintenance; P_31_205_36_b_3_i_c: Interest and other Part 31 unallowable costs excluded",(P_31_205_36_b_3_i_a ^ P_31_205_36_b_3_i_b) ^ ~P_31_205_36_b_3_i_c,P_31_205_36_b_3,Conjunction (Conj): Rule 7; Negation (Neg): Rule 10,VALIDATED,PASS,PASS,Cost ceiling set at normal ownership costs. Enumerated examples are illustrative. Interest and Part 31 unallowable costs explicitly excluded via negation.,HIGH
31,31.205-36(b)(3)(ii),P_31_205_36_b_3_ii,Provided that no part of such costs must duplicate any other allowed cost.,P_31_205_36_b_3_ii: No duplication of any other allowed cost is permitted,~Duplicate_Allowed_Cost,P_31_205_36_b_3,Negation (Neg): Rule 10,VALIDATED,PASS,PASS,"Anti-duplication provision. Mandatory prohibition (""must"") on cost duplication.",HIGH
31,31.205-36(b)(4),P_31_205_36_b_4,"Rental cost of personal property leased from any division, subsidiary, or affiliate of the contractor under common control, that has an established practice of leasing the same or similar property to unaffiliated lessees must be allowed in accordance with paragraph (b)(1) of this section.",P_31_205_36_b_4_a: Personal property leased from related entity under common control; P_31_205_36_b_4_b: Related entity has established practice of leasing to unaffiliated lessees; P_31_205_36_b_4_c: Must be allowed per (b)(1) reasonableness standards,(P_31_205_36_b_4_a ^ P_31_205_36_b_4_b) -> P_31_205_36_b_4_c,P_31_205_36_b,Conjunction (Conj): Rule 7; Material Implication (Impl): Rule 15 [HIGH-RISK],PENDING_REVIEW,PASS,PASS,"Conditional: when related entity has established leasing practice, the (b)(1) reasonableness test applies (not the (b)(3) ownership-cost ceiling). HIGH-RISK implication. This carves out an exception to (b)(3) for entities that are genuine leasing businesses.",MEDIUM
31,31.205-36(c),P_31_205_36_c,The allowability of rental costs under unexpired leases in connection with terminations is subject to 31.205-42(e).,P_31_205_36_c: Unexpired lease rental costs related to contract terminations governed by 31.205-42(e),TerminationLeaseRental -> P_31_205_42_e,P_31_205_36; P_31_205_42,Material Implication (Impl): Rule 15 [HIGH-RISK],PENDING_REVIEW,PASS,PASS,Cross-reference delegation. Rental costs under unexpired leases in termination context are entirely governed by 31.205-42(e). HIGH-RISK: implication used for cross-reference dependency.,MEDIUM
31,31.205-37,P_31_205_37,"Royalties and other costs for use of patents. This section establishes cost principles for royalties on patents and patent rights, including conditions for allowability, reasonableness considerations for less-than-arms-length transactions, and limitations on formerly owned patents.",P_31_205_37 = P_31_205_37_a ^ P_31_205_37_b ^ P_31_205_37_c,P_31_205_37_a ^ P_31_205_37_b ^ P_31_205_37_c,P_31_205,Conjunction (Conj): Rule 7,VALIDATED,PASS,PASS,"Parent proposition aggregating allowability rules, reasonableness considerations, and formerly-owned patent limitations.",HIGH
31,31.205-37(a),P_31_205_37_a,"Royalties on a patent or amortization of the cost of purchasing a patent or patent rights necessary for the proper performance of the contract and applicable to contract products or processes are allowable unless the Government has a license or right to free use, the patent has been adjudicated/administratively determined invalid, the patent is considered unenforceable, or the patent is expired.",P_31_205_37_a_a: Royalties/amortization on patents necessary for contract performance and applicable to contract products/processes are allowable; P_31_205_37_a_b: Subject to exceptions in (a)(1)-(4),P_31_205_37_a_a ^ ~(P_31_205_37_a_1 v P_31_205_37_a_2 v P_31_205_37_a_3 v P_31_205_37_a_4),P_31_205_37,Conjunction (Conj): Rule 7; Negation (Neg): Rule 10; Addition (Add): Rule 8,VALIDATED,PASS,PASS,"Default allowability with disjunctive exceptions. Any one of the four exceptions triggers unallowability. ""Unless"" maps to negated disjunction.",HIGH
31,31.205-37(a)(1),P_31_205_37_a_1,The Government has a license or the right to a free use of the patent;,P_31_205_37_a_1: Government has license or right to free use of the patent,GovLicense v GovFreeUseRight,P_31_205_37_a,Addition (Add): Rule 8,VALIDATED,PASS,PASS,Disjunctive exception: either a license OR a right to free use triggers unallowability of the royalty.,HIGH
31,31.205-37(a)(2),P_31_205_37_a_2,"The patent has been adjudicated to be invalid, or has been administratively determined to be invalid;",P_31_205_37_a_2: Patent adjudicated invalid or administratively determined invalid,AdjudicatedInvalid v AdminDeterminedInvalid,P_31_205_37_a,Addition (Add): Rule 8,VALIDATED,PASS,PASS,Disjunctive exception: judicial or administrative invalidity finding either suffices.,HIGH
31,31.205-37(a)(3),P_31_205_37_a_3,The patent is considered to be unenforceable; or,P_31_205_37_a_3: Patent is considered unenforceable,PatentUnenforceable,P_31_205_37_a,Conjunction (Conj): Rule 7,VALIDATED,PASS,PASS,Atomic exception. Unenforceability determination makes royalty unallowable.,HIGH
31,31.205-37(a)(4),P_31_205_37_a_4,The patent is expired.,P_31_205_37_a_4: Patent is expired,PatentExpired,P_31_205_37_a,Conjunction (Conj): Rule 7,VALIDATED,PASS,PASS,Atomic exception. Expired patent royalties are unallowable.,HIGH
31,31.205-37(b),P_31_205_37_b,"Care should be exercised in determining reasonableness when the royalties may have been arrived at as a result of less-than-arm's-length bargaining, including royalties paid to affiliated persons, paid to unaffiliated parties under agreements in contemplation of Government contract award, or paid under post-award agreements.",P_31_205_37_b_a: Care should be exercised in determining reasonableness for less-than-arms-length royalties; P_31_205_37_b_b: Includes scenarios in (b)(1)-(3),LessThanArmsLength -> ExerciseCare_Reasonableness,P_31_205_37,Material Implication (Impl): Rule 15 [HIGH-RISK],PENDING_REVIEW,PASS,PASS,"Advisory provision (""should""). Less-than-arms-length bargaining triggers heightened reasonableness scrutiny. HIGH-RISK implication. ""Should"" = advisory, not binding, per modal verb mapping.",MEDIUM
31,31.205-37(b)(1),P_31_205_37_b_1,"Paid to persons, including corporations, affiliated with the contractor;",P_31_205_37_b_1: Royalties paid to persons/corporations affiliated with the contractor,P_31_205_37_b_1,P_31_205_37_b,Conjunction (Conj): Rule 7,VALIDATED,PASS,PASS,Atomic scenario triggering heightened reasonableness scrutiny. Affiliated party payments.,HIGH
31,31.205-37(b)(2),P_31_205_37_b_2,"Paid to unaffiliated parties, including corporations, under an agreement entered into in contemplation that a Government contract would be awarded; or",P_31_205_37_b_2: Royalties paid to unaffiliated parties under agreement contemplating Government contract award,P_31_205_37_b_2,P_31_205_37_b,Conjunction (Conj): Rule 7,VALIDATED,PASS,PASS,Atomic scenario. Pre-award agreements with unaffiliated parties in anticipation of Government work.,HIGH
31,31.205-37(b)(3),P_31_205_37_b_3,Paid under an agreement entered into after the contract award.,P_31_205_37_b_3: Royalties paid under post-award agreement,P_31_205_37_b_3,P_31_205_37_b,Conjunction (Conj): Rule 7,VALIDATED,PASS,PASS,Atomic scenario. Post-award royalty agreements warrant heightened scrutiny.,HIGH
31,31.205-37(c),P_31_205_37_c,The royalty amount allowed for a patent formerly owned by a contractor should not exceed the cost that would have been allowed had the contractor retained title.,P_31_205_37_c: Royalty for formerly owned patent limited to cost allowable had contractor retained title,FormerlyOwnedPatent -> RoyaltyAmount <= RetainedTitleCost,P_31_205_37,Material Implication (Impl): Rule 15 [HIGH-RISK],PENDING_REVIEW,PASS,PASS,"Advisory limitation (""should""). Prevents windfall from divesting then licensing back a patent. Cost ceiling = what depreciation/amortization would have been. HIGH-RISK implication.",MEDIUM
31,31.205-38,P_31_205_38,"Selling costs. This section establishes cost principles for selling costs, categorizing selling activities and their respective allowability rules, with a specific provision for seller/agent compensation.",P_31_205_38 = P_31_205_38_a ^ P_31_205_38_b ^ P_31_205_38_c,P_31_205_38_a ^ P_31_205_38_b ^ P_31_205_38_c,P_31_205,Conjunction (Conj): Rule 7,VALIDATED,PASS,PASS,"Parent proposition aggregating scope/unallowability rule, selling activity categories, and seller compensation provision.",HIGH
31,31.205-38(a),P_31_205_38_a,Parent for selling cost scope and default unallowability rule.,P_31_205_38_a = P_31_205_38_a_1 ^ P_31_205_38_a_2,P_31_205_38_a_1 ^ P_31_205_38_a_2,P_31_205_38,Conjunction (Conj): Rule 7,VALIDATED,PASS,PASS,Parent for (a)(1) scope definition and (a)(2) default unallowability.,HIGH
31,31.205-38(a)(1),P_31_205_38_a_1,"Selling encompasses all efforts to market the contractor's products or services, some of which are addressed in other sections of 31.205.",P_31_205_38_a_1: Selling = all efforts to market contractor products/services; some addressed in other 31.205 sections,P_31_205_38_a_1,P_31_205_38_a,Conjunction (Conj): Rule 7,VALIDATED,PASS,PASS,Definitional/scope. Establishes that selling is broadly defined and cross-references other cost principles.,HIGH
31,31.205-38(a)(2),P_31_205_38_a_2,The costs of any selling efforts other than those addressed in this cost principle are unallowable.,P_31_205_38_a_2: Selling costs not addressed in 31.205-38 are unallowable,~AddressedIn_31_205_38 -> ~Allowable,P_31_205_38_a,Material Implication (Impl): Rule 15 [HIGH-RISK]; Negation (Neg): Rule 10,PENDING_REVIEW,PASS,PASS,Default unallowability for selling costs not covered by this section. Strong gatekeeper provision. HIGH-RISK: double negation in implication.,MEDIUM
31,31.205-38(b),P_31_205_38_b,"Selling activity includes the following broad categories: Advertising, Corporate image enhancement, Bid and proposal costs, Market planning, Direct selling.",P_31_205_38_b = P_31_205_38_b_1 ^ P_31_205_38_b_2 ^ P_31_205_38_b_3 ^ P_31_205_38_b_4 ^ P_31_205_38_b_5,P_31_205_38_b_1 ^ P_31_205_38_b_2 ^ P_31_205_38_b_3 ^ P_31_205_38_b_4 ^ P_31_205_38_b_5,P_31_205_38,Conjunction (Conj): Rule 7,VALIDATED,PASS,PASS,Parent categorizing five selling activity types. Each delegates to its own allowability provision.,HIGH
31,31.205-38(b)(1),P_31_205_38_b_1,"Advertising. Advertising is defined at 31.205-1(b), and advertising costs are subject to the allowability provisions of 31.205-1(d) and (f).",P_31_205_38_b_1_a: Advertising defined at 31.205-1(b); P_31_205_38_b_1_b: Advertising costs subject to 31.205-1(d) and (f),P_31_205_38_b_1_a ^ P_31_205_38_b_1_b,P_31_205_38_b; P_31_205_1,Conjunction (Conj): Rule 7,VALIDATED,PASS,PASS,Cross-reference delegation. Definition and allowability both governed by 31.205-1.,HIGH
31,31.205-38(b)(2),P_31_205_38_b_2,"Corporate image enhancement. Corporate image enhancement activities, including broadly targeted sales efforts, other than advertising, are included within the definition of public relations at 31.205-1(a), and the costs of such efforts are subject to the allowability provisions at 31.205-1(e) and (f).",P_31_205_38_b_2_a: Corporate image enhancement (non-advertising broadly targeted sales) defined as public relations per 31.205-1(a); P_31_205_38_b_2_b: Costs subject to 31.205-1(e) and (f),P_31_205_38_b_2_a ^ P_31_205_38_b_2_b,P_31_205_38_b; P_31_205_1,Conjunction (Conj): Rule 7,VALIDATED,PASS,PASS,Cross-reference delegation to public relations cost principle. Distinguishes corporate image enhancement from advertising.,HIGH
31,31.205-38(b)(3),P_31_205_38_b_3,Bid and proposal costs. Bid and proposal costs are defined at 31.205-18 and are subject to the allowability provisions of that section.,P_31_205_38_b_3: B&P costs defined and governed by 31.205-18,P_31_205_38_b_3,P_31_205_38_b; P_31_205_18,Conjunction (Conj): Rule 7,VALIDATED,PASS,PASS,Cross-reference delegation. B&P costs entirely governed by 31.205-18.,HIGH
31,31.205-38(b)(4),P_31_205_38_b_4,Market planning. Market planning involves market research and analysis and general management planning concerned with development of the contractor's business. Long-range market planning costs are subject to the allowability provisions of 31.205-12. Other market planning costs are allowable.,P_31_205_38_b_4_a: Market planning = market research/analysis and general management planning for business development; P_31_205_38_b_4_b: Long-range market planning costs subject to 31.205-12; P_31_205_38_b_4_c: Other market planning costs are allowable,P_31_205_38_b_4_a ^ P_31_205_38_b_4_b ^ P_31_205_38_b_4_c,P_31_205_38_b; P_31_205_12,Conjunction (Conj): Rule 7,VALIDATED,PASS,PASS,"Bifurcated treatment: long-range market planning governed by 31.205-12 (IR&D/B&P), other market planning is directly allowable.",HIGH
31,31.205-38(b)(5),P_31_205_38_b_5,"Direct selling. Direct selling efforts are those acts or actions to induce particular customers to purchase particular products or services of the contractor. Direct selling is characterized by person-to-person contact and includes such efforts as familiarizing a potential customer with the contractor's products or services, conditions of sale, service capabilities, etc. It also includes negotiation, liaison between customer and contractor personnel, technical and consulting efforts, individual demonstrations, and any other efforts having as their purpose the application or adaptation of the contractor's products or services for a particular customer's use. The cost of direct selling efforts is allowable.",P_31_205_38_b_5_a: Direct selling = acts to induce particular customers to purchase particular products/services; P_31_205_38_b_5_b: Characterized by person-to-person contact; P_31_205_38_b_5_c: Cost of direct selling efforts is allowable,P_31_205_38_b_5_a ^ P_31_205_38_b_5_b -> P_31_205_38_b_5_c,P_31_205_38_b,Conjunction (Conj): Rule 7; Material Implication (Impl): Rule 15 [HIGH-RISK],PENDING_REVIEW,PASS,PASS,Definitional provision with direct allowability conclusion. Direct selling is broadly defined with enumerated examples. HIGH-RISK: implication links definition to allowability.,MEDIUM
31,31.205-38(c),P_31_205_38_c,"Notwithstanding any other limitation of this section, seller or agent compensation, fees, commissions, percentages, retainer or brokerage fees, whether or not contingent upon the award of contracts, are allowable only when paid to bona fide employees or established commercial or selling agencies maintained by the contractor for the purpose of securing business.","P_31_205_38_c_a: Seller/agent compensation (fees, commissions, percentages, retainer, brokerage fees) whether or not contingent on award; P_31_205_38_c_b: Allowable only when paid to bona fide employees or established commercial/selling agencies maintained for securing business",P_31_205_38_c_a -> (BoneFideEmployee v EstablishedAgency) <-> Allowable,P_31_205_38,Material Implication (Impl): Rule 15 [HIGH-RISK]; Biconditional (Bicond): Rule 17; Addition (Add): Rule 8,PENDING_REVIEW,PASS,PASS,"Override provision (""notwithstanding""). ""Only when"" = biconditional: allowable if and only if paid to bona fide employees or established agencies. HIGH-RISK: complex logic with biconditional. Anti-corruption provision preventing payments to sham entities.",MEDIUM
31,31.205-39,P_31_205_39,Service and warranty costs. This section defines service and warranty costs and establishes their allowability when consistent with contract terms.,P_31_205_39 = P_31_205_39_a ^ P_31_205_39_b,P_31_205_39_a ^ P_31_205_39_b,P_31_205,Conjunction (Conj): Rule 7,VALIDATED,PASS,PASS,Parent proposition aggregating definition and allowability provisions.,HIGH
31,31.205-39(a),P_31_205_39_a,"Service and warranty costs include those arising from the fulfillment of any contractual obligation of a contractor to provide services, such as installation, training, correcting defects in the products, replacing defective parts, and making refunds in the case of inadequate performance.","P_31_205_39_a: Service/warranty costs = costs from fulfilling contractual obligations for services (installation, training, defect correction, part replacement, refunds for inadequate performance)",P_31_205_39_a,P_31_205_39,Conjunction (Conj): Rule 7,VALIDATED,PASS,PASS,"Definitional. Enumerated examples are illustrative (""such as""), not exhaustive.",HIGH
31,31.205-39(b),P_31_205_39_b,"When consistent with the terms of the contract, service and warranty costs are allowable. However, care should be exercised to avoid duplication of the allowance as an element of both estimated product cost and risk.",P_31_205_39_b_a: Service/warranty costs allowable when consistent with contract terms; P_31_205_39_b_b: Care should be exercised to avoid duplication in both estimated product cost and risk,ContractConsistent -> Allowable_ServiceWarranty; ~(DuplicateProductCost ^ DuplicateRisk),P_31_205_39,Material Implication (Impl): Rule 15 [HIGH-RISK]; Negation (Neg): Rule 10,PENDING_REVIEW,PASS,PASS,"Conditional allowability plus advisory anti-duplication caution. ""Should"" in second clause = advisory. HIGH-RISK: implication for conditional allowability. The duplication warning prevents double-counting in both cost estimation and risk assessment.",MEDIUM
31,31.205-40,P_31_205_40,"Special tooling and special test equipment costs. This section establishes cost principles for special tooling and test equipment, including allocation requirements, depreciation limitations, and adaptation costs.",P_31_205_40 = P_31_205_40_a ^ P_31_205_40_b ^ P_31_205_40_c,P_31_205_40_a ^ P_31_205_40_b ^ P_31_205_40_c,P_31_205,Conjunction (Conj): Rule 7,VALIDATED,PASS,PASS,"Parent proposition aggregating general allowability/allocation, depreciation limitation, and adaptation cost provisions.",HIGH
31,31.205-40(a),P_31_205_40_a,"Except as provided in paragraph (b), the cost of special tooling and special test equipment used in performing one or more Government contracts is allowable and must be allocated to the specific Government contract or contracts for which it is acquired.",P_31_205_40_a_a: Cost of special tooling/test equipment for Government contracts is allowable (except per (b)); P_31_205_40_a_b: Must be allocated to the specific Government contract(s) for which acquired,~P_31_205_40_b -> (Allowable_SpecialTooling ^ AllocateToSpecificContract),P_31_205_40,Material Implication (Impl): Rule 15 [HIGH-RISK]; Conjunction (Conj): Rule 7; Negation (Neg): Rule 10,PENDING_REVIEW,PASS,PASS,"General rule with exception carve-out for (b). Allowability is default, but allocation to specific contracts is mandatory. HIGH-RISK: negated exception in antecedent.",MEDIUM
31,31.205-40(b),P_31_205_40_b,Depreciation or amortization is the only allowable cost for special tooling and special test equipment acquired or replaced before contract effective date (whether or not altered/adapted) or specifically excluded in the contract schedule.,P_31_205_40_b = P_31_205_40_b_1 v P_31_205_40_b_2,(P_31_205_40_b_1 v P_31_205_40_b_2) -> OnlyDepreciationAmortization_Allowable,P_31_205_40,Material Implication (Impl): Rule 15 [HIGH-RISK]; Addition (Add): Rule 8,PENDING_REVIEW,PASS,PASS,"Limitation: ""only allowable cost"" restricts to depreciation/amortization for two disjunctive scenarios. HIGH-RISK: implication.",MEDIUM
31,31.205-40(b)(1),P_31_205_40_b_1,"Acquired or replaced by the contractor before the effective date of the contract, whether or not altered or adapted for use in performing the contract; or","P_31_205_40_b_1: Special tooling/test equipment acquired or replaced before contract effective date, regardless of alteration/adaptation",P_31_205_40_b_1,P_31_205_40_b,Conjunction (Conj): Rule 7,VALIDATED,PASS,PASS,"Atomic condition. Pre-contract acquisition triggers depreciation-only limitation. ""Whether or not"" clause eliminates alteration as a distinguishing factor.",HIGH
31,31.205-40(b)(2),P_31_205_40_b_2,Specifically excluded in the contract schedule.,P_31_205_40_b_2: Special tooling/test equipment specifically excluded in the contract schedule,P_31_205_40_b_2,P_31_205_40_b,Conjunction (Conj): Rule 7,VALIDATED,PASS,PASS,Atomic condition. Contract-specific exclusion triggers depreciation-only limitation.,HIGH
31,31.205-40(c),P_31_205_40_c,The cost to adapt contractor-owned special tooling or special test equipment for use under a contract is an allowable cost. The cost to return the equipment to its prior configuration is also an allowable cost.,P_31_205_40_c_a: Cost to adapt contractor-owned special tooling/test equipment for contract use is allowable; P_31_205_40_c_b: Cost to return equipment to prior configuration is also allowable,P_31_205_40_c_a ^ P_31_205_40_c_b,P_31_205_40,Conjunction (Conj): Rule 7,VALIDATED,PASS,PASS,"Two independent allowability declarations. Both adaptation and restoration costs are allowable. Does not conflict with (b) because (b) addresses the equipment cost itself, not the adaptation cost.",HIGH
31,31.205-41,P_31_205_41,"Taxes. This section establishes cost principles for tax costs, defining exemptions, specifying allowable and unallowable tax categories, allocation rules for property taxes, and refund/credit handling.",P_31_205_41 = P_31_205_41_a ^ P_31_205_41_b ^ P_31_205_41_c ^ P_31_205_41_d ^ P_31_205_41_e,P_31_205_41_a ^ P_31_205_41_b ^ P_31_205_41_c ^ P_31_205_41_d ^ P_31_205_41_e,P_31_205,Conjunction (Conj): Rule 7,VALIDATED,PASS,PASS,"Parent proposition aggregating definition, allowable taxes, unallowable taxes, allocation rules, and refund provisions.",HIGH
31,31.205-41(a),P_31_205_41_a,"Definition. Exemption, as used in this section, means freedom from taxation, in whole or in part, and includes a tax abatement or reduction resulting from mode of assessment, method of calculation, or otherwise.","P_31_205_41_a: ""Exemption"" defined as freedom from taxation (whole or partial), including abatements or reductions from assessment mode, calculation method, or otherwise",P_31_205_41_a,P_31_205_41,Conjunction (Conj): Rule 7,VALIDATED,PASS,PASS,"Definitional provision. Broad definition of ""exemption"" encompassing full and partial tax relief regardless of mechanism.",HIGH
31,31.205-41(b),P_31_205_41_b,The following types of costs are allowable:,P_31_205_41_b = P_31_205_41_b_1 ^ P_31_205_41_b_2 ^ P_31_205_41_b_3 ^ P_31_205_41_b_4,P_31_205_41_b_1 ^ P_31_205_41_b_2 ^ P_31_205_41_b_3 ^ P_31_205_41_b_4,P_31_205_41,Conjunction (Conj): Rule 7,VALIDATED,PASS,PASS,Parent for allowable tax cost categories. Four independent allowable categories.,HIGH
31,31.205-41(b)(1),P_31_205_41_b_1,"Federal, State, and local taxes (see part 29) that are required to be and are paid or accrued in accordance with generally accepted accounting principles.","P_31_205_41_b_1_a: Federal, State, and local taxes; P_31_205_41_b_1_b: Required to be paid or accrued; P_31_205_41_b_1_c: In accordance with GAAP",P_31_205_41_b_1_a ^ P_31_205_41_b_1_b ^ P_31_205_41_b_1_c,P_31_205_41_b,Conjunction (Conj): Rule 7,VALIDATED,PASS,PASS,"Conjunctive requirement: taxes must be (1) federal/state/local, (2) legally required, and (3) GAAP-compliant in payment/accrual. Cross-reference to Part 29.",HIGH
31,31.205-41(b)(2),P_31_205_41_b_2,"Taxes otherwise allowable under paragraph (b)(1) of this section, but upon which a claim of illegality or erroneous assessment exists, are allowable provided the contractor, before paying such taxes, promptly requests instructions from the contracting officer and takes all directed action.",P_31_205_41_b_2_a: Taxes allowable under (b)(1) with illegality/erroneous assessment claim; P_31_205_41_b_2_b: Allowable if contractor meets (i) and (ii) before paying,(P_31_205_41_b_1 ^ IllegalityOrErroneousClaim) -> (P_31_205_41_b_2_i ^ P_31_205_41_b_2_ii) -> Allowable,P_31_205_41_b,Material Implication (Impl): Rule 15 [HIGH-RISK]; Conjunction (Conj): Rule 7,PENDING_REVIEW,PASS,PASS,Conditional chain: disputed taxes allowable if contractor satisfies both procedural steps before payment. HIGH-RISK: nested implication via exportation.,MEDIUM
31,31.205-41(b)(2)(i),P_31_205_41_b_2_i,Promptly requests instructions from the contracting officer concerning such taxes; and,P_31_205_41_b_2_i: Contractor promptly requests CO instructions concerning the disputed taxes,P_31_205_41_b_2_i,P_31_205_41_b_2,Conjunction (Conj): Rule 7,VALIDATED,PASS,PASS,"Procedural requirement. ""Promptly"" introduces timeliness obligation. Must occur before tax payment.",HIGH
31,31.205-41(b)(2)(ii),P_31_205_41_b_2_ii,"Takes all action directed by the contracting officer arising out of paragraph (b)(2)(i) of this section or an independent decision of the Government as to the existence of a claim of illegality or erroneous assessment, to determine the legality of the assessment or secure a refund of such taxes.",P_31_205_41_b_2_ii_a: Contractor takes all CO-directed action from (b)(2)(i) or independent Government decision; P_31_205_41_b_2_ii_b: Action purpose: determine legality (A) or secure refund (B),P_31_205_41_b_2_ii_a ^ (DetermineLegality v SecureRefund),P_31_205_41_b_2,Conjunction (Conj): Rule 7; Addition (Add): Rule 8,VALIDATED,PASS,PASS,Contractor must comply with CO direction. Disjunctive purpose: either legality determination or refund pursuit. Sub-paragraphs (A) and (B) captured as atomic disjuncts within this proposition.,HIGH
31,31.205-41(b)(3),P_31_205_41_b_3,Interest or penalties incurred by the contractor for non-payment of any tax at the direction of the contracting officer or by reason of the failure of the contracting officer to ensure timely direction after a prompt request.,P_31_205_41_b_3_a: Interest/penalties for non-payment at CO direction are allowable; P_31_205_41_b_3_b: Interest/penalties from CO failure to provide timely direction after prompt request are allowable,P_31_205_41_b_3_a v P_31_205_41_b_3_b,P_31_205_41_b,Addition (Add): Rule 8,VALIDATED,PASS,PASS,Disjunctive allowability: either CO-directed non-payment or CO failure to respond timely. Protects contractor from penalties caused by Government action/inaction.,HIGH
31,31.205-41(b)(4),P_31_205_41_b_4,"The Environmental Tax, also known as the Superfund Tax, (section 59A of the Internal Revenue Code).",P_31_205_41_b_4: Environmental/Superfund Tax (IRC 59A) is allowable,P_31_205_41_b_4,P_31_205_41_b,Conjunction (Conj): Rule 7,VALIDATED,PASS,PASS,Specific tax explicitly declared allowable.,HIGH
31,31.205-41(c),P_31_205_41_c,The following types of costs are not allowable:,P_31_205_41_c = P_31_205_41_c_1 ^ P_31_205_41_c_2 ^ P_31_205_41_c_3 ^ P_31_205_41_c_4 ^ P_31_205_41_c_5 ^ P_31_205_41_c_6 ^ P_31_205_41_c_7 ^ P_31_205_41_c_8,P_31_205_41_c_1 ^ P_31_205_41_c_2 ^ P_31_205_41_c_3 ^ P_31_205_41_c_4 ^ P_31_205_41_c_5 ^ P_31_205_41_c_6 ^ P_31_205_41_c_7 ^ P_31_205_41_c_8,P_31_205_41,Conjunction (Conj): Rule 7,VALIDATED,PASS,PASS,Parent for unallowable tax cost categories. Eight independently unallowable tax types.,HIGH
31,31.205-41(c)(1),P_31_205_41_c_1,Federal income and excess profits taxes.,P_31_205_41_c_1: Federal income and excess profits taxes are unallowable,~Allowable_FedIncomeTax ^ ~Allowable_ExcessProfitsTax,P_31_205_41_c,Negation (Neg): Rule 10; Conjunction (Conj): Rule 7,VALIDATED,PASS,PASS,Categorical prohibition. Federal income taxes and excess profits taxes both unallowable.,HIGH
31,31.205-41(c)(2),P_31_205_41_c_2,"Taxes in connection with financing, refinancing, refunding operations, or reorganizations (see 31.205-20 and 31.205-27).","P_31_205_41_c_2: Taxes related to financing, refinancing, refunding, or reorganization are unallowable",~Allowable_FinancingTaxes,P_31_205_41_c; P_31_205_20; P_31_205_27,Negation (Neg): Rule 10,VALIDATED,PASS,PASS,Categorical prohibition with cross-references to interest (31.205-20) and organization costs (31.205-27).,HIGH
31,31.205-41(c)(3),P_31_205_41_c_3,"Taxes from which exemptions are available to the contractor directly, or available to the contractor based on an exemption afforded the Government, except when the contracting officer determines that the administrative burden incident to obtaining the exemption outweighs the corresponding benefits accruing to the Government. When partial exemption from a tax is attributable to Government contract activity, taxes charged to such work in excess of that amount resulting from application of the preferential treatment. These provisions intend that the tax preference attributable to the Government contract activity be realized by the Government.",P_31_205_41_c_3_a: Taxes for which contractor has direct or Government-based exemption are unallowable; P_31_205_41_c_3_b: Exception when CO determines admin burden outweighs exemption benefit; P_31_205_41_c_3_c: Partial exemptions attributable to Government work must benefit the Government,(ExemptionAvailable ^ ~(AdminBurden > ExemptionBenefit)) -> ~Allowable; PartialExemption_GovWork -> GovRealizesPreference,P_31_205_41_c,Material Implication (Impl): Rule 15 [HIGH-RISK]; Negation (Neg): Rule 10; Conjunction (Conj): Rule 7,PENDING_REVIEW,PASS,PASS,"Complex provision with exception to the exception. Default: if exemption available, tax unallowable. Exception: CO cost-benefit override. Plus partial exemption pass-through rule. HIGH-RISK: nested conditional with negation. Policy intent: Government should benefit from tax preferences attributable to Government work.",LOW
31,31.205-41(c)(4),P_31_205_41_c_4,Special assessments on land that represent capital improvements.,P_31_205_41_c_4: Special assessments on land representing capital improvements are unallowable,~Allowable_LandSpecialAssessments,P_31_205_41_c,Negation (Neg): Rule 10,VALIDATED,PASS,PASS,"Categorical prohibition. Special assessments treated as capital, not operating costs.",HIGH
31,31.205-41(c)(5),P_31_205_41_c_5,"Taxes (including excises) on real or personal property, or on the value, use, possession or sale of such property, which is used solely in connection with work other than on Government contracts.",P_31_205_41_c_5: Property taxes/excises on property used solely for non-Government work are unallowable,PropertyUsedSolely_NonGov -> ~Allowable_PropertyTax,P_31_205_41_c,Material Implication (Impl): Rule 15 [HIGH-RISK]; Negation (Neg): Rule 10,PENDING_REVIEW,PASS,PASS,Conditional: sole non-Government use triggers unallowability. Reasonable allocation principle. HIGH-RISK: implication.,MEDIUM
31,31.205-41(c)(6),P_31_205_41_c_6,"Any excise tax in subtitle D, Chapter 43 of the Internal Revenue Code of 1986, which includes excise taxes imposed in connection with qualified pension plans, welfare plans, deferred compensation plans, or other similar types of plans.","P_31_205_41_c_6: IRC Chapter 43 excise taxes (pension, welfare, deferred comp plans) are unallowable",~Allowable_IRC_Ch43_ExciseTax,P_31_205_41_c,Negation (Neg): Rule 10,VALIDATED,PASS,PASS,"Categorical prohibition. These excise taxes typically arise from plan compliance failures, making them penalty-like.",HIGH
31,31.205-41(c)(7),P_31_205_41_c_7,Income tax accruals designed to account for the tax effects of differences between taxable income and pretax income as reflected by the books of account and financial statements.,P_31_205_41_c_7: Income tax accruals for book-tax differences are unallowable,~Allowable_IncomeTaxAccruals_BookTaxDiff,P_31_205_41_c,Negation (Neg): Rule 10,VALIDATED,PASS,PASS,Categorical prohibition. Deferred tax accruals (timing differences between book and tax income) are not allowable contract costs.,HIGH
31,31.205-41(c)(8),P_31_205_41_c_8,Any tax imposed under 26 U.S.C. 5000C.,P_31_205_41_c_8: Tax under 26 U.S.C. 5000C is unallowable,~Allowable_26USC5000C,P_31_205_41_c,Negation (Neg): Rule 10,VALIDATED,PASS,PASS,Categorical prohibition. 26 U.S.C. 5000C imposes tax on foreign persons receiving specified Federal procurement payments.,HIGH
31,31.205-41(d),P_31_205_41_d,Taxes on property used solely in connection with non-Government or Government work should be considered directly applicable to the respective category of work unless the amounts involved are insignificant or comparable results would otherwise be obtained.,P_31_205_41_d_a: Property taxes for sole-use property should be directly charged to the respective work category; P_31_205_41_d_b: Exception if amounts insignificant or comparable results obtained otherwise,SoleUseProperty -> DirectCharge_RespectiveCategory; (InsignificantAmount v ComparableResults) -> ~DirectCharge_Required,P_31_205_41,Material Implication (Impl): Rule 15 [HIGH-RISK]; Addition (Add): Rule 8,PENDING_REVIEW,PASS,PASS,"Advisory allocation rule (""should""). Direct charge is default for sole-use property taxes. Materiality exception with disjunctive triggers. HIGH-RISK: implication.",MEDIUM
31,31.205-41(d)(1),P_31_205_41_d_1,Taxes on contractor-owned work-in-process that is used solely in connection with non-Government work should be allocated to such work;,P_31_205_41_d_1: WIP taxes for sole non-Government use should be allocated to non-Government work,WIP_SolelyNonGov -> AllocateToNonGov,P_31_205_41_d,Material Implication (Impl): Rule 15 [HIGH-RISK],PENDING_REVIEW,PASS,PASS,"Advisory (""should""). Direct allocation of WIP taxes to non-Government work. HIGH-RISK: implication.",MEDIUM
31,31.205-41(d)(2),P_31_205_41_d_2,Taxes on contractor-owned work-in-process inventory (and Government-owned work-in-process inventory when taxed) used solely in connection with Government work should be charged to such work; and,P_31_205_41_d_2: WIP taxes (contractor-owned and Government-owned when taxed) for sole Government use should be charged to Government work,WIP_SolelyGov -> ChargeToGov,P_31_205_41_d,Material Implication (Impl): Rule 15 [HIGH-RISK],PENDING_REVIEW,PASS,PASS,"Advisory (""should""). Parenthetical extends to Government-owned WIP when taxed. HIGH-RISK: implication.",MEDIUM
31,31.205-41(d)(3),P_31_205_41_d_3,The cost of taxes incurred on property used in both Government and non-Government work must be apportioned to all such work based upon the use of such property on the respective final cost objectives.,P_31_205_41_d_3: Taxes on dual-use property must be apportioned based on use on respective final cost objectives,DualUseProperty -> ApportionByUse,P_31_205_41_d,Material Implication (Impl): Rule 15 [HIGH-RISK],PENDING_REVIEW,PASS,PASS,"Mandatory (""must""). Mixed-use property taxes apportioned by usage. Stronger obligation than (d)(1) and (d)(2) which use ""should"". HIGH-RISK: implication.",MEDIUM
31,31.205-41(e),P_31_205_41_e,"Any taxes, interest, or penalties that were allowed as contract costs and are refunded to the contractor must be credited or paid to the Government as directed by the contracting officer.",P_31_205_41_e_a: Refunded taxes/interest/penalties previously allowed as contract costs; P_31_205_41_e_b: Must be credited or paid to Government per CO direction,(AllowedAsCost ^ Refunded) -> CreditOrPayGov_PerCO,P_31_205_41,Material Implication (Impl): Rule 15 [HIGH-RISK]; Conjunction (Conj): Rule 7,PENDING_REVIEW,PASS,PASS,Mandatory refund pass-through. Government recovers refunded amounts previously reimbursed. HIGH-RISK: implication.,MEDIUM
31,31.205-41(e)(1),P_31_205_41_e_1,"If a contractor or subcontractor obtains a foreign tax credit that reduces its Federal income tax return because of the payment of any tax or duty allowed as contract costs, and if those costs were reimbursed by a foreign government, the amount of the reduction must be paid to the United States Treasury at the time the Federal income tax return is filed.",P_31_205_41_e_1_a: Foreign tax credit reduces Federal income tax from allowed contract cost taxes/duties; P_31_205_41_e_1_b: Those costs were reimbursed by foreign government; P_31_205_41_e_1_c: Reduction amount must be paid to US Treasury at filing time,(P_31_205_41_e_1_a ^ P_31_205_41_e_1_b) -> P_31_205_41_e_1_c,P_31_205_41_e,Material Implication (Impl): Rule 15 [HIGH-RISK]; Conjunction (Conj): Rule 7,PENDING_REVIEW,PASS,PASS,Conjunctive antecedent: both conditions must be met. Prevents double recovery from both foreign government reimbursement and US tax credit. HIGH-RISK: implication.,MEDIUM
31,31.205-41(e)(2),P_31_205_41_e_2,"Any interest actually paid or credited to a contractor incident to a refund of tax, interest, or penalty must be paid or credited to the Government only to the extent that such interest accrued over the period during which the contractor had been reimbursed by the Government for the taxes, interest, or penalties.",P_31_205_41_e_2_a: Interest from tax/penalty refund must be paid/credited to Government; P_31_205_41_e_2_b: Limited to interest accrued during period of Government reimbursement,RefundInterest -> PayGov_LimitedToReimbursedPeriod,P_31_205_41_e,Material Implication (Impl): Rule 15 [HIGH-RISK],PENDING_REVIEW,PASS,PASS,Mandatory pass-through with temporal limitation. Government only recovers interest for the period it was carrying the cost. Equitable result. HIGH-RISK: implication.,MEDIUM
31,31.205-42,P_31_205_42,Termination costs. The following cost principles apply to contract terminations and are used in conjunction with the other cost principles in this subpart.,P_31_205_42 = P_31_205_42_a ^ P_31_205_42_b ^ P_31_205_42_c ^ P_31_205_42_d ^ P_31_205_42_e ^ P_31_205_42_f ^ P_31_205_42_g ^ P_31_205_42_h,P_31_205_42_a ^ P_31_205_42_b ^ P_31_205_42_c ^ P_31_205_42_d ^ P_31_205_42_e ^ P_31_205_42_f ^ P_31_205_42_g ^ P_31_205_42_h,P_31_205,Conjunction (Conj): Rule 7,VALIDATED,PASS,PASS,Parent proposition aggregating eight termination cost subcategories. Used in conjunction with other Subpart 31.2 principles.,HIGH
31,31.205-42(a),P_31_205_42_a,Common items. The contracting officer should consider the contractor's plans and orders for current and planned production when determining if items can reasonably be used on other work of the contractor.,P_31_205_42_a = P_31_205_42_a_1 ^ P_31_205_42_a_2 ^ P_31_205_42_a_3,P_31_205_42_a_1 ^ P_31_205_42_a_2 ^ P_31_205_42_a_3,P_31_205_42,Conjunction (Conj): Rule 7,PENDING_REVIEW,PASS,PASS,"Parent with advisory guidance (""should""). CO must evaluate whether common items can be diverted to other contractor work.",MEDIUM
31,31.205-42(a)(1),P_31_205_42_a_1,The costs of items reasonably usable on the contractor's other work must not be allowable unless the contractor submits evidence that the items could not be retained at cost without sustaining a loss.,P_31_205_42_a_1_a: Items reasonably usable on other work are unallowable; P_31_205_42_a_1_b: Exception if contractor shows items cannot be retained at cost without loss,ReasonablyUsable -> (~Allowable); LossEvidence -> Allowable,P_31_205_42_a,Material Implication (Impl): Rule 15 [HIGH-RISK]; Negation (Neg): Rule 10,PENDING_REVIEW,PASS,PASS,"Default unallowability with loss-evidence exception. ""Must not be allowable unless"" = prohibition with escape clause. HIGH-RISK: conditional with negation.",MEDIUM
31,31.205-42(a)(2),P_31_205_42_a_2,Contemporaneous purchases of common items by the contractor must be regarded as evidence that such items are reasonably usable on the contractor's other work.,P_31_205_42_a_2: Contemporaneous purchases of common items are evidence of reasonable usability on other work,ContemporaneousPurchase -> EvidenceOfUsability,P_31_205_42_a,Material Implication (Impl): Rule 15 [HIGH-RISK],PENDING_REVIEW,PASS,PASS,"Evidentiary presumption. ""Must be regarded"" = mandatory inference. Creates rebuttable presumption that buying the same items means they are usable elsewhere. HIGH-RISK: implication.",MEDIUM
31,31.205-42(a)(3),P_31_205_42_a_3,"Any acceptance of common items as allocable to the terminated portion of the contract should be limited to the extent that the quantities of such items on hand, in transit, and on order are in excess of the reasonable quantitative requirements of other work.",P_31_205_42_a_3: Allocation of common items to terminated contract limited to quantities exceeding other work requirements,AllocateToTerminated -> LimitToExcess_OtherWorkReqs,P_31_205_42_a,Material Implication (Impl): Rule 15 [HIGH-RISK],PENDING_REVIEW,PASS,PASS,"Advisory (""should""). Only excess quantities allocable to terminated contract. Items needed for other work cannot be charged to termination. HIGH-RISK: implication.",MEDIUM
31,31.205-42(b),P_31_205_42_b,Costs continuing after termination.,P_31_205_42_b = P_31_205_42_b_1 ^ P_31_205_42_b_2,P_31_205_42_b_1 ^ P_31_205_42_b_2,P_31_205_42,Conjunction (Conj): Rule 7,VALIDATED,PASS,PASS,"Parent for continuing costs: allowable if unavoidable, unallowable if from negligence/willfulness.",HIGH
31,31.205-42(b)(1),P_31_205_42_b_1,"Despite all reasonable efforts by the contractor, costs that cannot be discontinued immediately after the effective date of termination are generally allowable.",P_31_205_42_b_1_a: Contractor made all reasonable efforts; P_31_205_42_b_1_b: Costs cannot be immediately discontinued; P_31_205_42_b_1_c: Such costs generally allowable,(P_31_205_42_b_1_a ^ P_31_205_42_b_1_b) -> P_31_205_42_b_1_c,P_31_205_42_b,Material Implication (Impl): Rule 15 [HIGH-RISK]; Conjunction (Conj): Rule 7,PENDING_REVIEW,PASS,PASS,"Conditional allowability. ""Generally"" introduces qualification. Both reasonable effort and inability to discontinue required. HIGH-RISK: implication.",MEDIUM
31,31.205-42(b)(2),P_31_205_42_b_2,Costs continuing after the effective date of the termination due to the negligent or willful failure of the contractor to discontinue the costs must be unallowable.,P_31_205_42_b_2: Continuing costs from negligent or willful failure to discontinue are unallowable,(NegligentFailure v WillfulFailure) -> ~Allowable,P_31_205_42_b,Material Implication (Impl): Rule 15 [HIGH-RISK]; Negation (Neg): Rule 10; Addition (Add): Rule 8,PENDING_REVIEW,PASS,PASS,"Mandatory unallowability (""must""). Disjunctive trigger: negligence OR willfulness. Counterpart to (b)(1). HIGH-RISK: implication with negation.",MEDIUM
31,31.205-42(c),P_31_205_42_c,"Initial costs. Initial costs, including starting load and preparatory costs, are allowable as follows:",P_31_205_42_c = P_31_205_42_c_1 ^ P_31_205_42_c_2 ^ P_31_205_42_c_3 ^ P_31_205_42_c_4 ^ P_31_205_42_c_5,P_31_205_42_c_1 ^ P_31_205_42_c_2 ^ P_31_205_42_c_3 ^ P_31_205_42_c_4 ^ P_31_205_42_c_5,P_31_205_42,Conjunction (Conj): Rule 7,VALIDATED,PASS,PASS,"Parent for initial/startup costs in termination. Five provisions covering definitions, constraints, and allocation.",HIGH
31,31.205-42(c)(1),P_31_205_42_c_1,"Starting load costs, not fully absorbed because of termination, are nonrecurring labor, material, and related overhead costs incurred in the early part of production and result from factors such as excessive spoilage, idle time, training, and lack of familiarity.","P_31_205_42_c_1_a: Starting load costs not fully absorbed due to termination; P_31_205_42_c_1_b: Defined as nonrecurring labor, material, and overhead in early production; P_31_205_42_c_1_c: Result from factors in (i)-(iv)",P_31_205_42_c_1_a ^ P_31_205_42_c_1_b ^ (P_31_205_42_c_1_i v P_31_205_42_c_1_ii v P_31_205_42_c_1_iii v P_31_205_42_c_1_iv),P_31_205_42_c,Conjunction (Conj): Rule 7; Addition (Add): Rule 8,VALIDATED,PASS,PASS,"Definitional provision. ""Such as"" = illustrative factors (disjunctive). Starting load costs are a specific category of initial costs.",HIGH
31,31.205-42(c)(1)(i),P_31_205_42_c_1_i,Excessive spoilage due to inexperienced labor;,P_31_205_42_c_1_i: Excessive spoilage from inexperienced labor as starting load factor,P_31_205_42_c_1_i,P_31_205_42_c_1,Conjunction (Conj): Rule 7,VALIDATED,PASS,PASS,Atomic illustrative factor for starting load costs.,HIGH
31,31.205-42(c)(1)(ii),P_31_205_42_c_1_ii,Idle time and subnormal production due to testing and changing production methods;,P_31_205_42_c_1_ii: Idle time and subnormal production from testing/changing production methods as starting load factor,P_31_205_42_c_1_ii,P_31_205_42_c_1,Conjunction (Conj): Rule 7,VALIDATED,PASS,PASS,Atomic illustrative factor for starting load costs.,HIGH
31,31.205-42(c)(1)(iii),P_31_205_42_c_1_iii,Training; and,P_31_205_42_c_1_iii: Training as starting load factor,P_31_205_42_c_1_iii,P_31_205_42_c_1,Conjunction (Conj): Rule 7,VALIDATED,PASS,PASS,Atomic illustrative factor for starting load costs.,HIGH
31,31.205-42(c)(1)(iv),P_31_205_42_c_1_iv,"Lack of familiarity or experience with the product, materials, or manufacturing processes.",P_31_205_42_c_1_iv: Lack of product/material/process familiarity as starting load factor,P_31_205_42_c_1_iv,P_31_205_42_c_1,Conjunction (Conj): Rule 7,VALIDATED,PASS,PASS,Atomic illustrative factor for starting load costs.,HIGH
31,31.205-42(c)(2),P_31_205_42_c_2,"Preparatory costs incurred in preparing to perform the terminated contract include such costs as those incurred for initial plant rearrangement and alterations, management and personnel organization, and production planning. They do not include special machinery and equipment and starting load costs.","P_31_205_42_c_2_a: Preparatory costs include initial plant rearrangement/alterations, management/personnel organization, production planning; P_31_205_42_c_2_b: Excludes special machinery/equipment and starting load costs",P_31_205_42_c_2_a ^ ~(SpecialMachinery v StartingLoadCosts),P_31_205_42_c,Conjunction (Conj): Rule 7; Negation (Neg): Rule 10,VALIDATED,PASS,PASS,Definitional with explicit exclusions. Preparatory costs are distinct from (c)(1) starting load costs and from special equipment.,HIGH
31,31.205-42(c)(3),P_31_205_42_c_3,"When initial costs are included in the settlement proposal as a direct charge, such costs must not be included in overhead. Initial costs attributable to only one contract must not be allocated to other contracts.",P_31_205_42_c_3_a: Direct-charged initial costs must not be in overhead; P_31_205_42_c_3_b: Single-contract initial costs must not be allocated to other contracts,(DirectCharge -> ~IncludeInOverhead) ^ (SingleContractCost -> ~AllocateToOther),P_31_205_42_c,Material Implication (Impl): Rule 15 [HIGH-RISK]; Negation (Neg): Rule 10; Conjunction (Conj): Rule 7,PENDING_REVIEW,PASS,PASS,Two mandatory anti-duplication rules. Prevents double-counting of initial costs. HIGH-RISK: dual implications with negations.,MEDIUM
31,31.205-42(c)(4),P_31_205_42_c_4,"If initial costs are claimed and they have not been segregated on the contractor's books, they must be segregated for settlement purposes from cost reports and schedules reflecting that high unit cost incurred during the early stages of the contract.",P_31_205_42_c_4: Unsegregated initial costs must be segregated from cost reports/schedules for settlement,(InitialCostsClaimed ^ ~Segregated) -> SegregateForSettlement,P_31_205_42_c,Material Implication (Impl): Rule 15 [HIGH-RISK]; Conjunction (Conj): Rule 7; Negation (Neg): Rule 10,PENDING_REVIEW,PASS,PASS,"Mandatory (""must""). Conjunctive antecedent triggers segregation requirement. HIGH-RISK: implication with negation.",MEDIUM
31,31.205-42(c)(5),P_31_205_42_c_5,"If the settlement proposal is on the inventory basis, initial costs should normally be allocated on the basis of total end items called for by the contract immediately before termination; however, if the contract includes end items of a diverse nature, some other equitable basis may be used, such as machine or labor hours.","P_31_205_42_c_5_a: Inventory-basis settlement: initial costs allocated by total end items pre-termination; P_31_205_42_c_5_b: Diverse end items: other equitable basis may be used (e.g., machine/labor hours)",InventoryBasis -> AllocateByEndItems; DiverseEndItems -> (EquitableBasis v ~EquitableBasis),P_31_205_42_c,Material Implication (Impl): Rule 15 [HIGH-RISK]; Tautology (Taut): Rule 18,PENDING_REVIEW,PASS,PASS,"Advisory (""should"" / ""may""). Default allocation by end items with discretionary alternative for diverse items. ""May"" = permissive tautology. HIGH-RISK: implication.",MEDIUM
31,31.205-42(d),P_31_205_42_d,"Loss of useful value. Loss of useful value of special tooling, and special machinery and equipment is generally allowable, provided the conditions in (d)(1)-(3) are met.",P_31_205_42_d = P_31_205_42_d_1 ^ P_31_205_42_d_2 ^ P_31_205_42_d_3,(P_31_205_42_d_1 ^ P_31_205_42_d_2 ^ P_31_205_42_d_3) -> Allowable_LossOfUsefulValue,P_31_205_42,Material Implication (Impl): Rule 15 [HIGH-RISK]; Conjunction (Conj): Rule 7,PENDING_REVIEW,PASS,PASS,"Conditional allowability. ""Generally"" qualified by ""provided."" All three conditions conjunctively required. HIGH-RISK: implication.",MEDIUM
31,31.205-42(d)(1),P_31_205_42_d_1,"Special tooling, or special machinery and equipment is not reasonably capable of use in the other work of the contractor;",P_31_205_42_d_1: Special tooling/machinery/equipment not reasonably capable of use on other contractor work,~ReasonablyCapableOtherUse,P_31_205_42_d,Negation (Neg): Rule 10,VALIDATED,PASS,PASS,Atomic condition. Equipment must have no reasonable alternative use. Mirrors (a) common items analysis.,HIGH
31,31.205-42(d)(2),P_31_205_42_d_2,Government's interest is protected by transfer of title or by other means deemed appropriate by the contracting officer; and,P_31_205_42_d_2: Government interest protected via title transfer or other CO-approved means,TitleTransfer v CO_ApprovedProtection,P_31_205_42_d,Addition (Add): Rule 8,VALIDATED,PASS,PASS,Disjunctive condition. Government protection required through title transfer or alternative mechanism at CO discretion.,HIGH
31,31.205-42(d)(3),P_31_205_42_d_3,"Loss of useful value for any one terminated contract is limited to that portion of the acquisition cost, which bears the same ratio to the total acquisition cost as the terminated portion of the contract bears to the entire terminated contract, and other Government contracts for which the special tooling, or special machinery and equipment was acquired.",P_31_205_42_d_3: Loss limited to proportional acquisition cost (terminated portion / total contract + other Government contracts),LossOfUsefulValue <= (TerminatedPortion / TotalContract_PlusOtherGovContracts) * AcquisitionCost,P_31_205_42_d,Conjunction (Conj): Rule 7,VALIDATED,PASS,PASS,Mathematical limitation. Pro-rata formula prevents claiming full acquisition cost when only part of the contract was terminated or when equipment served multiple contracts.,HIGH
31,31.205-42(e),P_31_205_42_e,"Rental under unexpired leases. Rental costs under unexpired leases, less the residual value of such leases, are allowable when reasonably necessary for the performance of the terminated contract, if conditions in (e)(1) and (e)(2) are met.",P_31_205_42_e = P_31_205_42_e_1 ^ P_31_205_42_e_2,ReasonablyNecessary ^ P_31_205_42_e_1 ^ P_31_205_42_e_2 -> Allowable_UnexpiredLeaseRental,P_31_205_42,Material Implication (Impl): Rule 15 [HIGH-RISK]; Conjunction (Conj): Rule 7,PENDING_REVIEW,PASS,PASS,Conditional allowability. Three conjunctive requirements: reasonable necessity plus both sub-conditions. Net of residual value. HIGH-RISK: implication. Cross-referenced by 31.205-36(c).,MEDIUM
31,31.205-42(e)(1),P_31_205_42_e_1,The amount of rental claimed does not exceed the reasonable use value of the property leased for the period of the contract and such further period as may be reasonable; and,P_31_205_42_e_1: Rental claim limited to reasonable use value for contract period plus reasonable extension,RentalClaimed <= ReasonableUseValue,P_31_205_42_e,Conjunction (Conj): Rule 7,VALIDATED,PASS,PASS,Cost ceiling based on reasonable use value. Temporal scope includes contract period plus reasonable additional time.,HIGH
31,31.205-42(e)(2),P_31_205_42_e_2,"The contractor makes all reasonable efforts to terminate, assign, settle, or otherwise reduce the cost of such lease.","P_31_205_42_e_2: Contractor must make all reasonable efforts to mitigate lease costs (terminate, assign, settle, or reduce)",ReasonableMitigationEfforts,P_31_205_42_e,Conjunction (Conj): Rule 7,VALIDATED,PASS,PASS,"Mitigation obligation. Disjunctive methods (terminate, assign, settle, or reduce) but effort itself is mandatory.",HIGH
31,31.205-42(f),P_31_205_42_f,Alterations of leased property. The cost of alterations and reasonable restorations required by the lease may be allowed when the alterations were necessary for performing the contract.,P_31_205_42_f_a: Alteration and reasonable restoration costs required by lease; P_31_205_42_f_b: May be allowed when necessary for contract performance,NecessaryForContract -> (Allowable_Alterations v ~Allowable_Alterations),P_31_205_42,Material Implication (Impl): Rule 15 [HIGH-RISK]; Tautology (Taut): Rule 18,PENDING_REVIEW,PASS,PASS,"""May"" = permissive/discretionary. Contract necessity is a prerequisite condition but does not guarantee allowability. HIGH-RISK: implication with tautology for ""may.""",MEDIUM
31,31.205-42(g),P_31_205_42_g,Settlement expenses.,P_31_205_42_g = P_31_205_42_g_1 ^ P_31_205_42_g_2,P_31_205_42_g_1 ^ P_31_205_42_g_2,P_31_205_42,Conjunction (Conj): Rule 7,VALIDATED,PASS,PASS,Parent for settlement expense provisions: allowable categories and segregation requirement.,HIGH
31,31.205-42(g)(1),P_31_205_42_g_1,"Settlement expenses, including the following, are generally allowable:",P_31_205_42_g_1 = P_31_205_42_g_1_i ^ P_31_205_42_g_1_ii ^ P_31_205_42_g_1_iii,P_31_205_42_g_1_i ^ P_31_205_42_g_1_ii ^ P_31_205_42_g_1_iii,P_31_205_42_g,Conjunction (Conj): Rule 7,VALIDATED,PASS,PASS,"Parent for three categories of generally allowable settlement expenses. ""Generally"" qualifies allowability.",HIGH
31,31.205-42(g)(1)(i),P_31_205_42_g_1_i,"Accounting, legal, clerical, and similar costs reasonably necessary for the preparation and presentation of settlement claims to the contracting officer, and the termination and settlement of subcontracts.",P_31_205_42_g_1_i_a: Accounting/legal/clerical costs for preparing/presenting settlement claims to CO; P_31_205_42_g_1_i_b: Costs for termination/settlement of subcontracts,P_31_205_42_g_1_i_a ^ P_31_205_42_g_1_i_b,P_31_205_42_g_1,Conjunction (Conj): Rule 7,VALIDATED,PASS,PASS,"Two purposes captured in atomic decomposition corresponding to sub-paragraphs (A) and (B). ""Reasonably necessary"" qualifier applies to both.",HIGH
31,31.205-42(g)(1)(ii),P_31_205_42_g_1_ii,"Reasonable costs for the storage, transportation, protection, and disposition of property acquired or produced for the contract.","P_31_205_42_g_1_ii: Reasonable costs for storage, transportation, protection, and disposition of contract property",P_31_205_42_g_1_ii,P_31_205_42_g_1,Conjunction (Conj): Rule 7,VALIDATED,PASS,PASS,"Atomic. Four conjunctive cost types (storage, transportation, protection, disposition) all allowable when reasonable.",HIGH
31,31.205-42(g)(1)(iii),P_31_205_42_g_1_iii,"Indirect costs related to salary and wages incurred as settlement expenses in paragraphs (g)(1)(i) and (g)(1)(ii); normally, such indirect costs must be limited to payroll taxes, fringe benefits, occupancy costs, and immediate supervision costs.","P_31_205_42_g_1_iii_a: Indirect costs related to (g)(1)(i) and (g)(1)(ii) salary/wages are allowable; P_31_205_42_g_1_iii_b: Normally limited to payroll taxes, fringe benefits, occupancy, immediate supervision",P_31_205_42_g_1_iii_a ^ P_31_205_42_g_1_iii_b,P_31_205_42_g_1,Conjunction (Conj): Rule 7,VALIDATED,PASS,PASS,"Allowable with limitation. ""Normally"" suggests standard practice, with potential exceptions. Four enumerated indirect cost types.",HIGH
31,31.205-42(g)(2),P_31_205_42_g_2,"If settlement expenses are significant, a cost account or work order must be established to separately identify and accumulate them.",P_31_205_42_g_2: Significant settlement expenses must be separately tracked via cost account or work order,SignificantExpenses -> EstablishSeparateAccount,P_31_205_42_g,Material Implication (Impl): Rule 15 [HIGH-RISK],PENDING_REVIEW,PASS,PASS,"Conditional mandatory requirement. ""Significant"" is not defined, requiring judgment. HIGH-RISK: implication.",MEDIUM
31,31.205-42(h),P_31_205_42_h,Subcontractor claims.,P_31_205_42_h = P_31_205_42_h_1 ^ P_31_205_42_h_2,P_31_205_42_h_1 ^ P_31_205_42_h_2,P_31_205_42,Conjunction (Conj): Rule 7,VALIDATED,PASS,PASS,Parent for subcontractor claim provisions: general allowability and indirect expense allocation.,HIGH
31,31.205-42(h)(1),P_31_205_42_h_1,"Subcontractor claims, including the allocable portion of the claims common to the contract and to other work of the contractor, are generally allowable.","P_31_205_42_h_1: Subcontractor claims, including allocable common portions, are generally allowable",P_31_205_42_h_1,P_31_205_42_h,Conjunction (Conj): Rule 7,VALIDATED,PASS,PASS,"General allowability. ""Generally"" qualifies. Allocable portion of shared claims is included.",HIGH
31,31.205-42(h)(2),P_31_205_42_h_2,An appropriate share of the contractor's indirect expense may be allocated to the amount of settlements with subcontractors provided that the amount allocated is reasonably proportionate to the relative benefits received and is otherwise consistent with 31.201-4 and 31.203(d). The indirect expense so allocated must exclude the same and similar costs claimed directly or indirectly as settlement expenses.,P_31_205_42_h_2_a: Indirect expense may be allocated to subcontractor settlements; P_31_205_42_h_2_b: Must be proportionate to benefits received and consistent with 31.201-4 and 31.203(d); P_31_205_42_h_2_c: Must exclude costs already claimed as settlement expenses,(ProportionateToBenefits ^ ConsistentWith_31_201_4 ^ ConsistentWith_31_203_d) -> (AllocateIndirect v ~AllocateIndirect); ~DuplicateSettlementCosts,P_31_205_42_h; P_31_201_4; P_31_203,Material Implication (Impl): Rule 15 [HIGH-RISK]; Tautology (Taut): Rule 18; Negation (Neg): Rule 10; Conjunction (Conj): Rule 7,PENDING_REVIEW,PASS,PASS,"Permissive (""may"") with mandatory constraints. Allocation discretionary but must be proportionate and consistent with allocability/allocation standards. Anti-duplication rule is mandatory (""must""). HIGH-RISK: complex multi-rule logic.",MEDIUM
31,31.205-43,P_31_205_43,"Trade, business, technical, and professional activity costs. The following types of costs are allowable:",P_31_205_43 = P_31_205_43_a ^ P_31_205_43_b ^ P_31_205_43_c,P_31_205_43_a ^ P_31_205_43_b ^ P_31_205_43_c,P_31_205,Conjunction (Conj): Rule 7,VALIDATED,PASS,PASS,Parent proposition aggregating three allowable cost categories.,HIGH
31,31.205-43(a),P_31_205_43_a,"Memberships in trade, business, technical, and professional organizations.",P_31_205_43_a: Membership costs in trade/business/technical/professional organizations are allowable,P_31_205_43_a,P_31_205_43,Conjunction (Conj): Rule 7,VALIDATED,PASS,PASS,Atomic. Categorical allowability for organizational memberships.,HIGH
31,31.205-43(b),P_31_205_43_b,"Subscriptions to trade, business, professional, or other technical periodicals.",P_31_205_43_b: Subscription costs to trade/business/professional/technical periodicals are allowable,P_31_205_43_b,P_31_205_43,Conjunction (Conj): Rule 7,VALIDATED,PASS,PASS,Atomic. Categorical allowability for professional periodical subscriptions.,HIGH
31,31.205-43(c),P_31_205_43_c,"When the principal purpose of a meeting, convention, conference, symposium, or seminar is the dissemination of trade, business, technical or professional information or the stimulation of production or improved productivity, the costs in (c)(1)-(3) are allowable.",P_31_205_43_c = P_31_205_43_c_1 ^ P_31_205_43_c_2 ^ P_31_205_43_c_3,PrincipalPurpose_Professional -> (P_31_205_43_c_1 ^ P_31_205_43_c_2 ^ P_31_205_43_c_3),P_31_205_43,Material Implication (Impl): Rule 15 [HIGH-RISK]; Conjunction (Conj): Rule 7,PENDING_REVIEW,PASS,PASS,Conditional: principal purpose must be professional/technical information dissemination or productivity improvement. HIGH-RISK: implication.,MEDIUM
31,31.205-43(c)(1),P_31_205_43_c_1,"Costs of organizing, setting up, and sponsoring the meetings, conventions, symposia, etc., including rental of meeting facilities, transportation, subsistence, and incidental costs;","P_31_205_43_c_1: Organizing/setup/sponsoring costs (facility rental, transportation, subsistence, incidentals) are allowable",P_31_205_43_c_1,P_31_205_43_c,Conjunction (Conj): Rule 7,VALIDATED,PASS,PASS,Atomic under (c) condition. Enumerated organizing costs are illustrative.,HIGH
31,31.205-43(c)(2),P_31_205_43_c_2,"Costs of attendance by contractor employees, including travel costs (see 31.205-46); and",P_31_205_43_c_2: Employee attendance costs including travel (per 31.205-46) are allowable,P_31_205_43_c_2,P_31_205_43_c; P_31_205_46,Conjunction (Conj): Rule 7,VALIDATED,PASS,PASS,Atomic under (c) condition. Travel costs cross-referenced to 31.205-46.,HIGH
31,31.205-43(c)(3),P_31_205_43_c_3,Costs of attendance by individuals who are not employees of the contractor when such costs are not also reimbursed to the individual by the employing company and the individual's attendance is essential to achieve the purpose.,P_31_205_43_c_3 = P_31_205_43_c_3_i ^ P_31_205_43_c_3_ii,P_31_205_43_c_3_i ^ P_31_205_43_c_3_ii,P_31_205_43_c,Conjunction (Conj): Rule 7,VALIDATED,PASS,PASS,Parent for non-employee attendance. Both conditions must be met conjunctively.,HIGH
31,31.205-43(c)(3)(i),P_31_205_43_c_3_i,"Such costs are not also reimbursed to the individual by the employing company or organization, and",P_31_205_43_c_3_i: Non-employee attendance costs not already reimbursed by their employer,~ReimbursedByEmployer,P_31_205_43_c_3,Negation (Neg): Rule 10,VALIDATED,PASS,PASS,Anti-duplication condition. Prevents double reimbursement.,HIGH
31,31.205-43(c)(3)(ii),P_31_205_43_c_3_ii,"The individual's attendance is essential to achieve the purpose of the conference, meeting, convention, symposium, etc.",P_31_205_43_c_3_ii: Non-employee attendance must be essential to achieve event purpose,AttendanceEssential,P_31_205_43_c_3,Conjunction (Conj): Rule 7,VALIDATED,PASS,PASS,"Necessity condition. ""Essential"" sets a high bar for non-employee attendance costs.",HIGH
31,31.205-44,P_31_205_44,"Training and education costs. Costs for employee training and education that are related to the field in which the employee works, or may reasonably be expected to work, are allowable except for the exceptions in (a)-(f).",P_31_205_44_a_base: Employee training/education costs related to current or reasonably expected field of work are allowable; P_31_205_44_b_base: Subject to exceptions (a)-(f),RelatedToField -> Allowable_Training; (P_31_205_44_a v P_31_205_44_b v P_31_205_44_c v P_31_205_44_d v P_31_205_44_e v P_31_205_44_f) -> ~Allowable_Training,P_31_205,Material Implication (Impl): Rule 15 [HIGH-RISK]; Negation (Neg): Rule 10; Addition (Add): Rule 8,PENDING_REVIEW,PASS,PASS,"Default allowability with six disjunctive exceptions. ""Except"" structure. HIGH-RISK: dual implications with opposing conclusions.",MEDIUM
31,31.205-44(a),P_31_205_44_a,Overtime compensation for training and education is unallowable.,P_31_205_44_a: Overtime compensation for training/education is unallowable,~Allowable_OvertimeTraining,P_31_205_44,Negation (Neg): Rule 10,VALIDATED,PASS,PASS,Categorical prohibition. Training overtime costs cannot be charged.,HIGH
31,31.205-44(b),P_31_205_44_b,"The cost of salaries for attending undergraduate level classes or part-time graduate level classes during working hours is unallowable, except when unusual circumstances do not permit attendance at such classes outside of working hours.",P_31_205_44_b_a: Salary costs for undergraduate or part-time graduate classes during work hours unallowable; P_31_205_44_b_b: Exception for unusual circumstances preventing outside-hours attendance,~Allowable_WorkHourClassSalary; UnusualCircumstances -> Allowable_WorkHourClassSalary,P_31_205_44,Negation (Neg): Rule 10; Material Implication (Impl): Rule 15 [HIGH-RISK],PENDING_REVIEW,PASS,PASS,"Default prohibition with exception. ""Unusual circumstances"" undefined, requiring judgment. HIGH-RISK: implication for exception.",MEDIUM
31,31.205-44(c),P_31_205_44_c,"Costs of tuition, fees, training materials, textbooks, subsistence, salary, and any other payments in connection with full-time graduate level education, are unallowable for any portion of the program that exceeds two school years or the length of the degree program, whichever is less.",P_31_205_44_c_a: Full-time graduate education costs unallowable beyond temporal limit; P_31_205_44_c_b: Limit = lesser of two school years or degree program length,"ExceedsTimeLimit -> ~Allowable_GradEdCosts; TimeLimit = MIN(TwoSchoolYears, DegreeProgramLength)",P_31_205_44,Material Implication (Impl): Rule 15 [HIGH-RISK]; Negation (Neg): Rule 10,PENDING_REVIEW,PASS,PASS,Temporal limitation on graduate education. Uses lesser-of calculation. Costs within the limit are implicitly allowable. HIGH-RISK: implication.,MEDIUM
31,31.205-44(d),P_31_205_44_d,"Grants to educational or training institutions, including the donation of facilities or other properties, scholarships, and fellowships are considered contributions and are unallowable.","P_31_205_44_d: Grants/donations to educational institutions (facilities, properties, scholarships, fellowships) are contributions and unallowable",~Allowable_EdGrants,P_31_205_44,Negation (Neg): Rule 10,VALIDATED,PASS,PASS,"Categorical reclassification. Grants treated as contributions, which are governed by 31.205-8 (contributions/donations) as unallowable.",HIGH
31,31.205-44(e),P_31_205_44_e,"Training or education costs for other than bona fide employees are unallowable, except that the costs incurred for educating employee dependents (primary and secondary level studies) when the employee is working in a foreign country where suitable public education is not available may be included in overseas differential pay.","P_31_205_44_e_a: Non-employee training/education costs are unallowable; P_31_205_44_e_b: Exception: dependent education (K-12) for employees in foreign countries without suitable public education, included in overseas differential",~BoneFideEmployee -> ~Allowable_TrainingCost; (ForeignCountry ^ ~SuitablePublicEd ^ DependentK12) -> IncludeInOverseasDiff,P_31_205_44,Material Implication (Impl): Rule 15 [HIGH-RISK]; Negation (Neg): Rule 10; Conjunction (Conj): Rule 7,PENDING_REVIEW,PASS,PASS,Default prohibition with narrow exception for overseas dependent education. Three conjunctive conditions for exception. HIGH-RISK: dual implications.,MEDIUM
31,31.205-44(f),P_31_205_44_f,Contractor contributions to college savings plans for employee dependents are unallowable.,P_31_205_44_f: Contractor contributions to college savings plans for employee dependents are unallowable,~Allowable_CollegeSavingsPlan,P_31_205_44,Negation (Neg): Rule 10,VALIDATED,PASS,PASS,Categorical prohibition. 529 plan or similar contributions for dependents are not allowable.,HIGH
31,31.205-45,P_31_205_45,[Reserved],P_31_205_45: Section reserved; no current regulatory content,RESERVED,P_31_205,,VALIDATED,PASS,PASS,Reserved section. No extractable content. Logged and passed.,HIGH
31,31.205-46,P_31_205_46,"Travel costs. This section establishes cost principles for travel costs including transportation, lodging, meals, incidental expenses, excess airfare, contractor aircraft, and automobiles.",P_31_205_46 = P_31_205_46_a ^ P_31_205_46_b ^ P_31_205_46_c ^ P_31_205_46_d,P_31_205_46_a ^ P_31_205_46_b ^ P_31_205_46_c ^ P_31_205_46_d,P_31_205,Conjunction (Conj): Rule 7,VALIDATED,PASS,PASS,Parent proposition aggregating four major travel cost subcategories.,HIGH
31,31.205-46(a),P_31_205_46_a,"Costs for transportation, lodging, meals, and incidental expenses.",P_31_205_46_a = P_31_205_46_a_1 ^ P_31_205_46_a_2 ^ P_31_205_46_a_3 ^ P_31_205_46_a_4 ^ P_31_205_46_a_5 ^ P_31_205_46_a_6 ^ P_31_205_46_a_7,P_31_205_46_a_1 ^ P_31_205_46_a_2 ^ P_31_205_46_a_3 ^ P_31_205_46_a_4 ^ P_31_205_46_a_5 ^ P_31_205_46_a_6 ^ P_31_205_46_a_7,P_31_205_46,Conjunction (Conj): Rule 7,VALIDATED,PASS,PASS,Parent for transportation/lodging/meals/incidental costs. Seven sub-provisions.,HIGH
31,31.205-46(a)(1),P_31_205_46_a_1,"Costs incurred by contractor personnel on official company business are allowable, subject to the limitations contained in this section.",P_31_205_46_a_1_a: Contractor personnel travel costs on official business are allowable; P_31_205_46_a_1_b: Subject to section limitations,OfficialBusiness -> Allowable_TravelCost ^ SubjectToLimitations,P_31_205_46_a,Material Implication (Impl): Rule 15 [HIGH-RISK]; Conjunction (Conj): Rule 7,PENDING_REVIEW,PASS,PASS,General allowability with limitation qualifier. HIGH-RISK: implication.,MEDIUM
31,31.205-46(a)(1)(i),P_31_205_46_a_1_i,"Costs for transportation may be based on mileage rates, actual costs incurred, or on a combination thereof, provided the method used results in a reasonable charge.","P_31_205_46_a_1_i: Transportation costs may use mileage rates, actual costs, or combination if reasonable",(MileageRate v ActualCost v Combination) ^ ReasonableCharge -> Allowable_Transportation,P_31_205_46_a_1,Addition (Add): Rule 8; Conjunction (Conj): Rule 7; Material Implication (Impl): Rule 15 [HIGH-RISK],PENDING_REVIEW,PASS,PASS,"Three disjunctive methods, all subject to reasonableness. ""May"" = permissive choice of method. ""Provided"" = conditional. HIGH-RISK: implication.",MEDIUM
31,31.205-46(a)(1)(ii),P_31_205_46_a_1_ii,"Costs for lodging, meals, and incidental expenses may be based on per diem, actual expenses, or a combination thereof, provided the method used results in a reasonable charge.","P_31_205_46_a_1_ii: Lodging/meals/incidentals may use per diem, actual expenses, or combination if reasonable",(PerDiem v ActualExpenses v Combination) ^ ReasonableCharge -> Allowable_LMI,P_31_205_46_a_1,Addition (Add): Rule 8; Conjunction (Conj): Rule 7; Material Implication (Impl): Rule 15 [HIGH-RISK],PENDING_REVIEW,PASS,PASS,Parallel to (a)(1)(i) for lodging/meals/incidentals. Three disjunctive methods with reasonableness requirement. HIGH-RISK: implication.,MEDIUM
31,31.205-46(a)(2),P_31_205_46_a_2,"Except as provided in paragraph (a)(3) of this section, costs incurred for lodging, meals, and incidental expenses, must be considered to be reasonable and allowable only to the extent that they do not exceed, on a daily basis, the maximum per diem rates in effect at the time of travel as set forth in the FTR, JTR, or Standardized Regulations.","P_31_205_46_a_2_a: LMI costs reasonable/allowable only if within daily max per diem; P_31_205_46_a_2_b: Per diem rates from FTR, JTR, or State Dept regulations; P_31_205_46_a_2_c: Exception per (a)(3)",~P_31_205_46_a_3 -> (LMI_Costs <= MaxPerDiem),P_31_205_46_a,Material Implication (Impl): Rule 15 [HIGH-RISK]; Negation (Neg): Rule 10,PENDING_REVIEW,PASS,PASS,"Per diem ceiling with exception carve-out. ""Only to the extent"" = strict limitation. Three alternative rate sources in (i)-(iii). HIGH-RISK: negated exception in antecedent.",MEDIUM
31,31.205-46(a)(2)(i),P_31_205_46_a_2_i,"Federal Travel Regulation (FTR), prescribed by the General Services Administration, for travel in the United States, available at chapters 300 through 304 of title 41 CFR;","P_31_205_46_a_2_i: FTR (GSA, 41 CFR 300-304) per diem rates for US travel",P_31_205_46_a_2_i,P_31_205_46_a_2,Conjunction (Conj): Rule 7,VALIDATED,PASS,PASS,Atomic rate source. FTR covers domestic US travel.,HIGH
31,31.205-46(a)(2)(ii),P_31_205_46_a_2_ii,"Joint Travel Regulations (JTR), prescribed by the Department of Defense, for the United States and its outlying areas;",P_31_205_46_a_2_ii: JTR (DoD) per diem rates for US and outlying areas,P_31_205_46_a_2_ii,P_31_205_46_a_2,Conjunction (Conj): Rule 7,VALIDATED,PASS,PASS,Atomic rate source. JTR covers US and outlying areas (broader geographic scope than FTR for military-adjacent travel).,HIGH
31,31.205-46(a)(2)(iii),P_31_205_46_a_2_iii,"Standardized Regulations (Government Civilians, Foreign Areas), section 925, Maximum Travel Per Diem Allowances of Foreign Areas, prescribed by the Department of State, for travel in areas not covered in (a)(2)(i) and (ii).",P_31_205_46_a_2_iii: State Dept Standardized Regulations per diem for foreign areas not covered by FTR/JTR,P_31_205_46_a_2_iii,P_31_205_46_a_2,Conjunction (Conj): Rule 7,VALIDATED,PASS,PASS,Atomic rate source. Residual coverage for foreign areas. Three sources collectively cover all geographic areas.,HIGH
31,31.205-46(a)(3),P_31_205_46_a_3,"In unusual situations, actual costs in excess of the maximum per diem rates are allowable provided that such amounts do not exceed the higher amounts authorized for Federal civilian employees as permitted in the referenced regulations. Conditions: warranting condition exists per referenced regs, written justification approved by contractor official, advance CO approval for repetitive/continuing use in a particular area.",P_31_205_46_a_3_a: Unusual situations allow actual costs above max per diem; P_31_205_46_a_3_b: Must not exceed higher Federal civilian employee amounts; P_31_205_46_a_3_c: Conditions (i)-(iii) must be met,UnusualSituation -> (ActualCosts_AbovePerDiem ^ ActualCosts <= FedCivilianHigherRate ^ P_31_205_46_a_3_i ^ P_31_205_46_a_3_ii ^ P_31_205_46_a_3_iii),P_31_205_46_a,Material Implication (Impl): Rule 15 [HIGH-RISK]; Conjunction (Conj): Rule 7,PENDING_REVIEW,PASS,PASS,Exception to (a)(2) per diem ceiling. Multiple conjunctive conditions. Still capped at Federal civilian higher amounts. HIGH-RISK: implication with multiple conjuncts.,MEDIUM
31,31.205-46(a)(3)(i),P_31_205_46_a_3_i,"One of the conditions warranting approval of the actual expense method, as set forth in the regulations referred in paragraph (a)(2)(i), (ii), or (iii) of this section, must exist.",P_31_205_46_a_3_i: A warranting condition per FTR/JTR/State Dept regs must exist,WarrantingConditionExists,P_31_205_46_a_3,Conjunction (Conj): Rule 7,VALIDATED,PASS,PASS,Threshold condition. Must satisfy one of the Federal travel regulation warranting conditions.,HIGH
31,31.205-46(a)(3)(ii),P_31_205_46_a_3_ii,A written justification for use of the higher amounts must be approved by an official of the contractor's organization.,P_31_205_46_a_3_ii: Written justification approved by contractor official required,WrittenJustification ^ ContractorOfficialApproval,P_31_205_46_a_3,Conjunction (Conj): Rule 7,VALIDATED,PASS,PASS,Documentation and approval requirement. Both written justification and organizational approval are mandatory.,HIGH
31,31.205-46(a)(3)(iii),P_31_205_46_a_3_iii,"If it becomes necessary to exercise the authority to use the higher actual expense method repetitively or on a continuing basis in a particular area, the contractor must obtain advance approval from the contracting officer.",P_31_205_46_a_3_iii: Repetitive/continuing use of higher actual expense method in an area requires advance CO approval,RepetitiveOrContinuingUse -> AdvanceCO_Approval,P_31_205_46_a_3,Material Implication (Impl): Rule 15 [HIGH-RISK],PENDING_REVIEW,PASS,PASS,Escalation requirement for pattern usage. Prevents routine circumvention of per diem limits. HIGH-RISK: implication.,MEDIUM
31,31.205-46(a)(3)(iv),P_31_205_46_a_3_iv,"Documentation to support actual costs incurred must be in accordance with the contractor's established practices, subject to paragraph (a)(7) of this section, and a receipt is required for each expenditure of $75.00 or more. The approved justification required by paragraph (a)(3)(ii) of this section and, if applicable, paragraph (a)(3)(iii) of this section must be retained.",P_31_205_46_a_3_iv_a: Documentation per contractor established practices; P_31_205_46_a_3_iv_b: Subject to (a)(7) requirements; P_31_205_46_a_3_iv_c: Receipt required for expenditures >= $75; P_31_205_46_a_3_iv_d: Approved justifications must be retained,P_31_205_46_a_3_iv_a ^ P_31_205_46_a_3_iv_b ^ P_31_205_46_a_3_iv_c ^ P_31_205_46_a_3_iv_d,P_31_205_46_a_3,Conjunction (Conj): Rule 7,VALIDATED,PASS,PASS,Four conjunctive documentation requirements. $75 receipt threshold is specific and auditable.,HIGH
31,31.205-46(a)(4),P_31_205_46_a_4,"Paragraphs (a)(2) and (a)(3) of this section do not incorporate the regulations cited in paragraphs (a)(2)(i), (ii), and (iii) of this section in their entirety. Only the maximum per diem rates, the definitions of lodging, meals, and incidental expenses, and the regulatory coverage dealing with unusual situations are addressed.","P_31_205_46_a_4: (a)(2)/(a)(3) incorporate only max per diem rates, LMI definitions, and unusual situation coverage from cited regulations, not full incorporation",P_31_205_46_a_4,P_31_205_46_a,Conjunction (Conj): Rule 7,VALIDATED,PASS,PASS,Scope limitation on incorporation by reference. Prevents unintended incorporation of full FTR/JTR/State Dept regulations. Important interpretive guidance.,HIGH
31,31.205-46(a)(5),P_31_205_46_a_5,Contracting officers should consider an advance agreement to address compliance with paragraphs (a)(2) and (3) of this section (see 31.110).,P_31_205_46_a_5: CO should consider advance agreement for (a)(2)/(a)(3) compliance per 31.110,P_31_205_46_a_5,P_31_205_46_a; P_31_110,Conjunction (Conj): Rule 7,PENDING_REVIEW,PASS,PASS,"Advisory (""should""). Encourages proactive agreement on travel cost methodology. Cross-reference to 31.110 advance agreements. ""Should"" = PENDING_REVIEW.",MEDIUM
31,31.205-46(a)(6),P_31_205_46_a_6,Parent for per diem adjustment provisions when no lodging costs incurred or on partial travel days.,P_31_205_46_a_6 = P_31_205_46_a_6_i ^ P_31_205_46_a_6_ii,P_31_205_46_a_6_i ^ P_31_205_46_a_6_ii,P_31_205_46_a,Conjunction (Conj): Rule 7,VALIDATED,PASS,PASS,Parent for per diem rate adjustment guidance.,HIGH
31,31.205-46(a)(6)(i),P_31_205_46_a_6_i,"The maximum per diem rates referenced in paragraph (a)(2) of this section generally would not constitute a reasonable daily charge when no lodging costs are incurred and/or on partial travel days (e.g., day of departure and return).",P_31_205_46_a_6_i_a: Max per diem generally unreasonable when no lodging incurred; P_31_205_46_a_6_i_b: Max per diem generally unreasonable on partial travel days,(NoLodging v PartialTravelDay) -> ~ReasonableAtMaxPerDiem,P_31_205_46_a_6,Material Implication (Impl): Rule 15 [HIGH-RISK]; Negation (Neg): Rule 10; Addition (Add): Rule 8,PENDING_REVIEW,PASS,PASS,"Disjunctive trigger for per diem reduction. ""Generally"" qualifies. Sub-paragraphs (A) and (B) captured as atomic disjuncts. HIGH-RISK: implication with negation.",MEDIUM
31,31.205-46(a)(6)(ii),P_31_205_46_a_6_ii,"The contractor must make appropriate downward adjustments from the maximum per diem rates under these circumstances. While these adjustments need not be calculated in accordance with the FTR or JTR, they must result in a reasonable charge.",P_31_205_46_a_6_ii_a: Contractor must make downward per diem adjustments; P_31_205_46_a_6_ii_b: FTR/JTR calculation method not required; P_31_205_46_a_6_ii_c: Adjustments must result in reasonable charge,P_31_205_46_a_6_ii_a ^ P_31_205_46_a_6_ii_b ^ P_31_205_46_a_6_ii_c,P_31_205_46_a_6,Conjunction (Conj): Rule 7,VALIDATED,PASS,PASS,"Mandatory adjustment (""must"") with method flexibility. Sub-paragraphs (A) and (B) captured as atomics. Reasonableness is the ultimate test, not mechanical FTR/JTR compliance.",HIGH
31,31.205-46(a)(7),P_31_205_46_a_7,"Costs must be allowable only if the following information is documented: date and place of expenses, purpose of trip, name/title/relationship of person on trip.",P_31_205_46_a_7 = P_31_205_46_a_7_i ^ P_31_205_46_a_7_ii ^ P_31_205_46_a_7_iii,P_31_205_46_a_7_i ^ P_31_205_46_a_7_ii ^ P_31_205_46_a_7_iii -> Allowable_TravelCost,P_31_205_46_a,Material Implication (Impl): Rule 15 [HIGH-RISK]; Conjunction (Conj): Rule 7,PENDING_REVIEW,PASS,PASS,"Mandatory documentation requirement. ""Only if"" = biconditional-like. All three documentation elements required conjunctively. HIGH-RISK: implication.",MEDIUM
31,31.205-46(a)(7)(i),P_31_205_46_a_7_i,"Date and place (city, town, or other similar designation) of the expenses;",P_31_205_46_a_7_i: Documentation of date and place of expenses,P_31_205_46_a_7_i,P_31_205_46_a_7,Conjunction (Conj): Rule 7,VALIDATED,PASS,PASS,Atomic documentation element. Date and geographic location required.,HIGH
31,31.205-46(a)(7)(ii),P_31_205_46_a_7_ii,Purpose of the trip; and,P_31_205_46_a_7_ii: Documentation of trip purpose,P_31_205_46_a_7_ii,P_31_205_46_a_7,Conjunction (Conj): Rule 7,VALIDATED,PASS,PASS,Atomic documentation element. Business purpose must be recorded.,HIGH
31,31.205-46(a)(7)(iii),P_31_205_46_a_7_iii,Name of person on trip and that person's title or relationship to the contractor.,P_31_205_46_a_7_iii: Documentation of traveler name and title/relationship,P_31_205_46_a_7_iii,P_31_205_46_a_7,Conjunction (Conj): Rule 7,VALIDATED,PASS,PASS,Atomic documentation element. Traveler identification required.,HIGH
31,31.205-46(b),P_31_205_46_b,Excess airfare costs.,P_31_205_46_b = P_31_205_46_b_1 ^ P_31_205_46_b_2,P_31_205_46_b_1 ^ P_31_205_46_b_2,P_31_205_46,Conjunction (Conj): Rule 7,VALIDATED,PASS,PASS,Parent for excess airfare: general unallowability and exceptions.,HIGH
31,31.205-46(b)(1),P_31_205_46_b_1,"Airfare costs in excess of the lowest priced airfare available to the contractor during normal business hours are unallowable except when the lowest price airfare results in circuitous routing, unreasonable hours, excessively prolonged travel, offsetting increased costs, unreasonable conditions for traveler needs, or inability to meet mission requirements.",P_31_205_46_b_1_a: Excess airfare (above lowest priced) is unallowable; P_31_205_46_b_1_b: Exception if lowest airfare causes any condition in (i)-(vi),~(P_31_205_46_b_1_i v P_31_205_46_b_1_ii v P_31_205_46_b_1_iii v P_31_205_46_b_1_iv v P_31_205_46_b_1_v v P_31_205_46_b_1_vi) -> ~Allowable_ExcessAirfare,P_31_205_46_b,Material Implication (Impl): Rule 15 [HIGH-RISK]; Negation (Neg): Rule 10; Addition (Add): Rule 8,PENDING_REVIEW,PASS,PASS,Default unallowability with six disjunctive exceptions. Any one exception permits higher airfare. HIGH-RISK: negated disjunction in implication.,MEDIUM
31,31.205-46(b)(1)(i),P_31_205_46_b_1_i,Circuitous routing;,P_31_205_46_b_1_i: Lowest airfare results in circuitous routing,P_31_205_46_b_1_i,P_31_205_46_b_1,Conjunction (Conj): Rule 7,VALIDATED,PASS,PASS,Atomic exception to excess airfare prohibition.,HIGH
31,31.205-46(b)(1)(ii),P_31_205_46_b_1_ii,Travel during unreasonable hours;,P_31_205_46_b_1_ii: Lowest airfare requires travel during unreasonable hours,P_31_205_46_b_1_ii,P_31_205_46_b_1,Conjunction (Conj): Rule 7,VALIDATED,PASS,PASS,Atomic exception to excess airfare prohibition.,HIGH
31,31.205-46(b)(1)(iii),P_31_205_46_b_1_iii,Excessively prolonged travel;,P_31_205_46_b_1_iii: Lowest airfare results in excessively prolonged travel,P_31_205_46_b_1_iii,P_31_205_46_b_1,Conjunction (Conj): Rule 7,VALIDATED,PASS,PASS,Atomic exception to excess airfare prohibition.,HIGH
31,31.205-46(b)(1)(iv),P_31_205_46_b_1_iv,Increased costs that would offset transportation savings;,P_31_205_46_b_1_iv: Lowest airfare results in increased costs offsetting transportation savings,P_31_205_46_b_1_iv,P_31_205_46_b_1,Conjunction (Conj): Rule 7,VALIDATED,PASS,PASS,Atomic exception. Economic analysis: net cost comparison.,HIGH
31,31.205-46(b)(1)(v),P_31_205_46_b_1_v,Unreasonable or inadequate conditions for the physical or medical needs of the traveler; or,P_31_205_46_b_1_v: Lowest airfare creates unreasonable/inadequate conditions for traveler physical/medical needs,P_31_205_46_b_1_v,P_31_205_46_b_1,Conjunction (Conj): Rule 7,VALIDATED,PASS,PASS,Atomic exception. Health/safety consideration.,HIGH
31,31.205-46(b)(1)(vi),P_31_205_46_b_1_vi,An inability to meet mission requirements.,P_31_205_46_b_1_vi: Lowest airfare results in inability to meet mission requirements,P_31_205_46_b_1_vi,P_31_205_46_b_1,Conjunction (Conj): Rule 7,VALIDATED,PASS,PASS,Atomic exception. Mission necessity override.,HIGH
31,31.205-46(b)(2),P_31_205_46_b_2,Airfare costs in excess of the lowest priced airfare that meet the criteria in paragraph (b)(1) of this section are allowable if documented and justified.,P_31_205_46_b_2: Excess airfare meeting (b)(1) criteria is allowable if documented and justified,(MeetsCriteria_b1 ^ Documented ^ Justified) -> Allowable_ExcessAirfare,P_31_205_46_b,Material Implication (Impl): Rule 15 [HIGH-RISK]; Conjunction (Conj): Rule 7,PENDING_REVIEW,PASS,PASS,Three conjunctive conditions for excess airfare allowability. HIGH-RISK: implication.,MEDIUM
31,31.205-46(c),P_31_205_46_c,"Cost of travel by contractor-owned, -leased, or -chartered aircraft. This includes the cost of lease, charter, operation (including personnel), maintenance, depreciation, insurance, and other related costs.",P_31_205_46_c = P_31_205_46_c_1 ^ P_31_205_46_c_2 ^ P_31_205_46_c_3 ^ P_31_205_46_c_4 ^ P_31_205_46_c_5,P_31_205_46_c_1 ^ P_31_205_46_c_2 ^ P_31_205_46_c_3 ^ P_31_205_46_c_4 ^ P_31_205_46_c_5,P_31_205_46,Conjunction (Conj): Rule 7,VALIDATED,PASS,PASS,"Parent for contractor aircraft travel. Five sub-provisions covering cost limits, exceptions, documentation, manifests, and advance agreements.",HIGH
31,31.205-46(c)(1),P_31_205_46_c_1,Such costs are limited to the allowable airfare described in paragraph (b) of this section for the flight destination unless this manner of travel is specifically required by the contract or a higher amount is approved by the contracting officer.,P_31_205_46_c_1_a: Contractor aircraft costs limited to allowable commercial airfare per (b); P_31_205_46_c_1_b: Exception if contract requires this travel method; P_31_205_46_c_1_c: Exception if CO approves higher amount,~(ContractRequired v CO_HigherApproval) -> CostLimited_ToAirfare_b,P_31_205_46_c,Material Implication (Impl): Rule 15 [HIGH-RISK]; Negation (Neg): Rule 10; Addition (Add): Rule 8,PENDING_REVIEW,PASS,PASS,Default cost ceiling at commercial airfare with two disjunctive exceptions. HIGH-RISK: negated disjunction.,MEDIUM
31,31.205-46(c)(2),P_31_205_46_c_2,"A higher amount may be agreed to when the criteria in paragraph (b) of this section are met, or when an advance agreement under paragraph (5) of this section has been executed.",P_31_205_46_c_2: Higher aircraft cost may be agreed when (b) criteria met or advance agreement per (c)(5) exists,(CriteriaMet_b v AdvanceAgreement_c5) -> (HigherAmount v ~HigherAmount),P_31_205_46_c,Material Implication (Impl): Rule 15 [HIGH-RISK]; Tautology (Taut): Rule 18; Addition (Add): Rule 8,PENDING_REVIEW,PASS,PASS,"""May"" = permissive. Disjunctive preconditions. Tautology for ""may."" HIGH-RISK: implication with tautology.",MEDIUM
31,31.205-46(c)(3),P_31_205_46_c_3,"In all cases, travel by contractor-owned, -leased, or -chartered aircraft must be fully documented and justified.",P_31_205_46_c_3: All contractor aircraft travel must be fully documented and justified,ContractorAircraft -> FullyDocumented ^ Justified,P_31_205_46_c,Material Implication (Impl): Rule 15 [HIGH-RISK]; Conjunction (Conj): Rule 7,PENDING_REVIEW,PASS,PASS,"Universal requirement (""in all cases""). No exceptions to documentation/justification. HIGH-RISK: implication.",MEDIUM
31,31.205-46(c)(4),P_31_205_46_c_4,"For each contractor-owned, -leased, or -chartered aircraft used for any business purpose which is charged or allocated, directly or indirectly, to a Government contract, the contractor must maintain and make available manifest/logs for all flights. Minimum log requirements: date/time/departure, destination/date/arrival, passenger names/relationships, authorization, purpose.",P_31_205_46_c_4_a: Manifest/logs required for all flights on contractor aircraft charged to Government contracts; P_31_205_46_c_4_b: Minimum content requirements (i)-(v),ChargedToGovContract -> MaintainManifestLogs ^ (P_31_205_46_c_4_i ^ P_31_205_46_c_4_ii ^ P_31_205_46_c_4_iii ^ P_31_205_46_c_4_iv ^ P_31_205_46_c_4_v),P_31_205_46_c,Material Implication (Impl): Rule 15 [HIGH-RISK]; Conjunction (Conj): Rule 7,PENDING_REVIEW,PASS,PASS,Mandatory manifest/log requirement with five minimum content elements. HIGH-RISK: implication.,MEDIUM
31,31.205-46(c)(4)(i),P_31_205_46_c_4_i,"Date, time, and points of departure;","P_31_205_46_c_4_i: Manifest must include date, time, and departure points",P_31_205_46_c_4_i,P_31_205_46_c_4,Conjunction (Conj): Rule 7,VALIDATED,PASS,PASS,Atomic manifest element.,HIGH
31,31.205-46(c)(4)(ii),P_31_205_46_c_4_ii,"Destination, date, and time of arrival;","P_31_205_46_c_4_ii: Manifest must include destination, date, and arrival time",P_31_205_46_c_4_ii,P_31_205_46_c_4,Conjunction (Conj): Rule 7,VALIDATED,PASS,PASS,Atomic manifest element.,HIGH
31,31.205-46(c)(4)(iii),P_31_205_46_c_4_iii,Name of each passenger and relationship to the contractor;,P_31_205_46_c_4_iii: Manifest must include each passenger name and contractor relationship,P_31_205_46_c_4_iii,P_31_205_46_c_4,Conjunction (Conj): Rule 7,VALIDATED,PASS,PASS,Atomic manifest element. Anti-abuse provision for identifying non-business passengers.,HIGH
31,31.205-46(c)(4)(iv),P_31_205_46_c_4_iv,Authorization for trip; and,P_31_205_46_c_4_iv: Manifest must include trip authorization,P_31_205_46_c_4_iv,P_31_205_46_c_4,Conjunction (Conj): Rule 7,VALIDATED,PASS,PASS,Atomic manifest element.,HIGH
31,31.205-46(c)(4)(v),P_31_205_46_c_4_v,Purpose of trip.,P_31_205_46_c_4_v: Manifest must include trip purpose,P_31_205_46_c_4_v,P_31_205_46_c_4,Conjunction (Conj): Rule 7,VALIDATED,PASS,PASS,Atomic manifest element.,HIGH
31,31.205-46(c)(5),P_31_205_46_c_5,"Where an advance agreement is proposed (see 31.110), consideration may be given to the following:",P_31_205_46_c_5 = P_31_205_46_c_5_i ^ P_31_205_46_c_5_ii,AdvanceAgreementProposed -> (P_31_205_46_c_5_i ^ P_31_205_46_c_5_ii),P_31_205_46_c; P_31_110,Material Implication (Impl): Rule 15 [HIGH-RISK]; Conjunction (Conj): Rule 7,PENDING_REVIEW,PASS,PASS,"Conditional consideration factors for advance agreements on contractor aircraft. ""May"" = advisory. HIGH-RISK: implication.",MEDIUM
31,31.205-46(c)(5)(i),P_31_205_46_c_5_i,"Whether scheduled commercial airlines or other suitable, less costly, travel accommodations are available at reasonable times, with reasonable frequency, and serve the required destinations conveniently.","P_31_205_46_c_5_i: Consider availability of commercial alternatives (reasonable times, frequency, convenience)",P_31_205_46_c_5_i,P_31_205_46_c_5,Conjunction (Conj): Rule 7,VALIDATED,PASS,PASS,Atomic consideration factor. Commercial alternative availability assessment.,HIGH
31,31.205-46(c)(5)(ii),P_31_205_46_c_5_ii,Whether increased flexibility in scheduling results in time savings and more effective use of personnel that would outweigh additional travel costs.,P_31_205_46_c_5_ii: Consider whether scheduling flexibility/time savings/personnel effectiveness outweigh additional costs,P_31_205_46_c_5_ii,P_31_205_46_c_5,Conjunction (Conj): Rule 7,VALIDATED,PASS,PASS,Atomic consideration factor. Cost-benefit analysis of flexibility vs. cost.,HIGH
31,31.205-46(d),P_31_205_46_d,Parent for automobile cost provisions.,P_31_205_46_d = P_31_205_46_d_1 ^ P_31_205_46_d_2,P_31_205_46_d_1 ^ P_31_205_46_d_2,P_31_205_46,Conjunction (Conj): Rule 7,VALIDATED,PASS,PASS,Parent for contractor automobile cost provisions: business use allowability and personal use unallowability.,HIGH
31,31.205-46(d)(1),P_31_205_46_d_1,"Costs of contractor-owned or leased automobiles, as used in this paragraph, include the costs of lease, operation (including personnel), maintenance, depreciation, insurance, etc., and are allowable, if reasonable, to the extent that the automobiles are used for company business.","P_31_205_46_d_1_a: Automobile costs (lease, operation, maintenance, depreciation, insurance) are allowable; P_31_205_46_d_1_b: Must be reasonable; P_31_205_46_d_1_c: Limited to extent of business use",CompanyBusiness ^ Reasonable -> Allowable_AutoCost,P_31_205_46_d,Material Implication (Impl): Rule 15 [HIGH-RISK]; Conjunction (Conj): Rule 7,PENDING_REVIEW,PASS,PASS,"Conditional allowability: business use and reasonableness both required. ""To the extent"" = proportional limitation. HIGH-RISK: implication.",MEDIUM
31,31.205-46(d)(2),P_31_205_46_d_2,That portion of the cost of company-furnished automobiles that relates to personal use by employees (including transportation to and from work) is compensation for personal services and is unallowable.,P_31_205_46_d_2_a: Personal use portion of company auto costs (including commuting) is unallowable; P_31_205_46_d_2_b: Reclassified as compensation for personal services,PersonalUse -> ~Allowable ^ ReclassifyAsCompensation,P_31_205_46_d,Material Implication (Impl): Rule 15 [HIGH-RISK]; Negation (Neg): Rule 10; Conjunction (Conj): Rule 7,PENDING_REVIEW,PASS,PASS,"Unallowability plus reclassification. Commuting explicitly included as personal use. Treated as compensation, not travel cost. HIGH-RISK: implication with negation.",MEDIUM
31,31.205-47,P_31_205_47,"Costs related to legal and other proceedings. This section establishes cost principles for legal and proceeding-related costs, including definitions, unallowability conditions, exceptions, limitations, and segregation requirements.",P_31_205_47 = P_31_205_47_a ^ P_31_205_47_b ^ P_31_205_47_c ^ P_31_205_47_d ^ P_31_205_47_e ^ P_31_205_47_f ^ P_31_205_47_g,P_31_205_47_a ^ P_31_205_47_b ^ P_31_205_47_c ^ P_31_205_47_d ^ P_31_205_47_e ^ P_31_205_47_f ^ P_31_205_47_g,P_31_205,Conjunction (Conj): Rule 7,VALIDATED,PASS,PASS,Parent proposition. Largest and most complex section in this segment. Seven major subsections covering definitions through cost segregation.,HIGH
31,31.205-47(a),P_31_205_47_a,"Definitions. As used in this section: ""Costs"" means costs including administrative, clerical, legal services (in-house or private), accountants, consultants, employees, officers, directors, and similar costs before/during/after proceedings with direct relationship to the proceedings. ""Fraud"" means acts of fraud/corruption, causes for debarment/suspension under 9.406-2(a) and 9.407-2(a), and False Claims Act/Kickback violations. ""Penalty"" does not include restitution, reimbursement, or compensatory damages. ""Proceeding"" includes an investigation.","P_31_205_47_a_def_costs: ""Costs"" broadly defined for proceedings; P_31_205_47_a_def_fraud: ""Fraud"" defined by reference to specific statutes; P_31_205_47_a_def_penalty: ""Penalty"" excludes restitution/reimbursement/compensatory damages; P_31_205_47_a_def_proceeding: ""Proceeding"" includes investigations",P_31_205_47_a_def_costs ^ P_31_205_47_a_def_fraud ^ P_31_205_47_a_def_penalty ^ P_31_205_47_a_def_proceeding,P_31_205_47; EXT:9.406-2; EXT:9.407-2,Conjunction (Conj): Rule 7,VALIDATED,PASS,PASS,"Four definitional provisions. Broad ""costs"" definition, three-part ""fraud"" definition, narrow ""penalty"" exclusion, and expanded ""proceeding"" scope.",HIGH
31,31.205-47(a)(1),P_31_205_47_a_1,Of fraud or corruption or attempts to defraud the Government or to corrupt its agents;,P_31_205_47_a_1: Fraud/corruption/attempted fraud/corruption of Government agents,FraudOrCorruption v AttemptToDefraud v CorruptAgents,P_31_205_47_a,Addition (Add): Rule 8,VALIDATED,PASS,PASS,First element of fraud definition. Disjunctive: any of these acts qualifies.,HIGH
31,31.205-47(a)(2),P_31_205_47_a_2,That constitute a cause for debarment or suspension under 9.406-2(a) and 9.407-2(a); and,P_31_205_47_a_2: Acts constituting cause for debarment under 9.406-2(a) or suspension under 9.407-2(a),DebarmentCause_9_406_2_a ^ SuspensionCause_9_407_2_a,P_31_205_47_a; EXT:9.406-2; EXT:9.407-2,Conjunction (Conj): Rule 7,VALIDATED,PASS,PASS,Second element of fraud definition. Cross-references to debarment/suspension grounds.,HIGH
31,31.205-47(a)(3),P_31_205_47_a_3,"That violate the False Claims Act, 31 U.S.C., sections 3729-3731, or 41 U.S.C. chapter 87, Kickbacks.",P_31_205_47_a_3: Violations of False Claims Act (31 U.S.C. 3729-3731) or Kickback statutes (41 U.S.C. ch. 87),FCA_Violation v KickbackViolation,P_31_205_47_a,Addition (Add): Rule 8,VALIDATED,PASS,PASS,Third element of fraud definition. Disjunctive: FCA or Kickback violations.,HIGH
31,31.205-47(b),P_31_205_47_b,"Costs incurred in connection with any proceeding brought by a Federal, State, local, or foreign government for law/regulation violation, or by whistleblower under 41 U.S.C. 4712 or 10 U.S.C. 4701, or third party under False Claims Act, are unallowable if the result is conviction, civil/admin finding of liability/penalty, agency decision to debar/suspend/rescind/terminate, consent/compromise, or same misconduct as another unallowable proceeding.",P_31_205_47_b = P_31_205_47_b_1 v P_31_205_47_b_2 v P_31_205_47_b_3 v P_31_205_47_b_4 v P_31_205_47_b_5,Proceeding ^ (P_31_205_47_b_1 v P_31_205_47_b_2 v P_31_205_47_b_3 v P_31_205_47_b_4 v P_31_205_47_b_5) -> ~Allowable,P_31_205_47,Material Implication (Impl): Rule 15 [HIGH-RISK]; Addition (Add): Rule 8; Negation (Neg): Rule 10,PENDING_REVIEW,PASS,PASS,"Core unallowability provision. Five disjunctive adverse outcomes trigger unallowability. Statutory references: 41 U.S.C. 4310, 10 U.S.C. 3750. HIGH-RISK: complex implication with disjunctive triggers.",LOW
31,31.205-47(b)(1),P_31_205_47_b_1,"In a criminal proceeding, a conviction;",P_31_205_47_b_1: Criminal conviction triggers unallowability,CriminalConviction,P_31_205_47_b,Conjunction (Conj): Rule 7,VALIDATED,PASS,PASS,Atomic outcome trigger. Criminal conviction = unallowable proceeding costs.,HIGH
31,31.205-47(b)(2),P_31_205_47_b_2,"In a civil or administrative proceeding, either a finding of liability with fraud allegation, or imposition of monetary penalty / corrective action order without fraud allegation.",P_31_205_47_b_2 = P_31_205_47_b_2_i v P_31_205_47_b_2_ii,P_31_205_47_b_2_i v P_31_205_47_b_2_ii,P_31_205_47_b,Addition (Add): Rule 8,VALIDATED,PASS,PASS,Parent for civil/admin proceeding outcomes. Disjunctive: either sub-outcome triggers unallowability.,HIGH
31,31.205-47(b)(2)(i),P_31_205_47_b_2_i,A finding of contractor liability where the proceeding involves an allegation of fraud or similar misconduct; or,P_31_205_47_b_2_i: Liability finding in proceeding involving fraud/similar misconduct allegation,LiabilityFinding ^ FraudAllegation,P_31_205_47_b_2,Conjunction (Conj): Rule 7,VALIDATED,PASS,PASS,"Conjunctive: both liability finding AND fraud allegation required. Fraud need not be proven, only alleged.",HIGH
31,31.205-47(b)(2)(ii),P_31_205_47_b_2_ii,"The imposition of a monetary penalty, or an order issued by the agency head to the contractor or subcontractor to take corrective action under 41 U.S.C. 4712 or 10 U.S.C. 4701, where the proceeding does not involve an allegation of fraud or similar misconduct; or",P_31_205_47_b_2_ii: Monetary penalty or corrective action order in non-fraud proceeding,(MonetaryPenalty v CorrectiveActionOrder) ^ ~FraudAllegation,P_31_205_47_b_2,Addition (Add): Rule 8; Conjunction (Conj): Rule 7; Negation (Neg): Rule 10,VALIDATED,PASS,PASS,"Disjunctive outcomes (penalty or order) in non-fraud context. Lower threshold than (b)(2)(i) because no fraud allegation needed, but penalty/order still required.",HIGH
31,31.205-47(b)(3),P_31_205_47_b_3,"A final decision by an appropriate official of an executive agency to debar or suspend the contractor, rescind or void a contract, or terminate for default by reason of law/regulation violation.",P_31_205_47_b_3 = P_31_205_47_b_3_i v P_31_205_47_b_3_ii v P_31_205_47_b_3_iii,P_31_205_47_b_3_i v P_31_205_47_b_3_ii v P_31_205_47_b_3_iii,P_31_205_47_b,Addition (Add): Rule 8,VALIDATED,PASS,PASS,Three disjunctive agency actions. Any one triggers unallowability.,HIGH
31,31.205-47(b)(3)(i),P_31_205_47_b_3_i,Debar or suspend the contractor;,P_31_205_47_b_3_i: Agency decision to debar or suspend contractor,Debar v Suspend,P_31_205_47_b_3,Addition (Add): Rule 8,VALIDATED,PASS,PASS,Disjunctive: debarment or suspension.,HIGH
31,31.205-47(b)(3)(ii),P_31_205_47_b_3_ii,Rescind or void a contract; or,P_31_205_47_b_3_ii: Agency decision to rescind or void a contract,Rescind v Void,P_31_205_47_b_3,Addition (Add): Rule 8,VALIDATED,PASS,PASS,Disjunctive: rescission or voiding.,HIGH
31,31.205-47(b)(3)(iii),P_31_205_47_b_3_iii,Terminate a contract for default by reason of a violation or failure to comply with a law or regulation; or,P_31_205_47_b_3_iii: Termination for default due to law/regulation violation or noncompliance,T4D_LawViolation,P_31_205_47_b_3,Conjunction (Conj): Rule 7,VALIDATED,PASS,PASS,Atomic. Default termination specifically for legal noncompliance (not performance issues).,HIGH
31,31.205-47(b)(4),P_31_205_47_b_4,Disposition of the matter by consent or compromise if the proceeding could have led to any of the outcomes listed in paragraphs (b)(1) through (3) of this section (but see paragraphs (c) and (d) of this section); or,"P_31_205_47_b_4: Consent/compromise disposition where proceeding could have led to (b)(1)-(3) outcomes, subject to (c) and (d) exceptions",ConsentOrCompromise ^ CouldHaveLedTo_b1_b3 -> ~Allowable,P_31_205_47_b,Material Implication (Impl): Rule 15 [HIGH-RISK]; Conjunction (Conj): Rule 7; Negation (Neg): Rule 10,PENDING_REVIEW,PASS,PASS,"Settlement/consent unallowability. ""Could have led to"" = potential outcomes, not actual. Cross-references to (c) and (d) exceptions. HIGH-RISK: implication.",MEDIUM
31,31.205-47(b)(5),P_31_205_47_b_5,"Not covered by paragraphs (b)(1) through (3) of this section, but where the underlying alleged contractor misconduct was the same as that which led to a different proceeding whose costs are unallowable by reason of paragraphs (b)(1) through (3) of this section.",P_31_205_47_b_5: Proceeding with same underlying misconduct as another proceeding with unallowable costs under (b)(1)-(3),SameMisconduct_AsUnallowableProceeding -> ~Allowable,P_31_205_47_b,Material Implication (Impl): Rule 15 [HIGH-RISK]; Negation (Neg): Rule 10,PENDING_REVIEW,PASS,PASS,Anti-circumvention provision. Prevents splitting proceedings to allow costs on one while disallowing on another with same underlying misconduct. HIGH-RISK: implication.,MEDIUM
31,31.205-47(c),P_31_205_47_c,Parent for consent/compromise cost recovery exceptions.,P_31_205_47_c = P_31_205_47_c_1 ^ P_31_205_47_c_2,P_31_205_47_c_1 ^ P_31_205_47_c_2,P_31_205_47,Conjunction (Conj): Rule 7,VALIDATED,PASS,PASS,Parent for two exception provisions to (b) unallowability for consent/compromise situations.,HIGH
31,31.205-47(c)(1),P_31_205_47_c_1,"To the extent costs are not otherwise unallowable, costs incurred in connection with any proceeding commenced by the United States (see paragraph (b) of this section) that is resolved by consent or compromise pursuant to an agreement entered into between the contractor and the United States, and which are unallowable (solely because of paragraph (b) of this section), may be allowed if specifically provided in such agreement.",P_31_205_47_c_1_a: Costs from US-commenced proceeding resolved by consent/compromise; P_31_205_47_c_1_b: Unallowable solely due to (b); P_31_205_47_c_1_c: May be allowed if specifically provided in the settlement agreement,(USProceeding ^ ConsentCompromise ^ UnallowableSolelyDueTo_b ^ SpecificallyProvidedInAgreement) -> (Allowable v ~Allowable),P_31_205_47_c,Material Implication (Impl): Rule 15 [HIGH-RISK]; Conjunction (Conj): Rule 7; Tautology (Taut): Rule 18,PENDING_REVIEW,PASS,PASS,"Permissive exception (""may""). Four conjunctive conditions. Agreement must specifically provide for cost recovery. ""May"" = Government discretion in negotiating settlement terms. HIGH-RISK: complex conditional with tautology.",MEDIUM
31,31.205-47(c)(2),P_31_205_47_c_2,Parent for third-party settlement and whistleblower disposition exceptions.,P_31_205_47_c_2 = P_31_205_47_c_2_i ^ P_31_205_47_c_2_ii,P_31_205_47_c_2_i ^ P_31_205_47_c_2_ii,P_31_205_47_c,Conjunction (Conj): Rule 7,VALIDATED,PASS,PASS,Parent for two sub-exceptions: False Claims Act third-party settlements and whistleblower reprisal dispositions.,HIGH
31,31.205-47(c)(2)(i),P_31_205_47_c_2_i,"In the event of a settlement of any proceeding brought by a third party under the False Claims Act in which the United States did not intervene, reasonable costs incurred by the contractor in connection with such a proceeding that are not otherwise unallowable by regulation or by separate agreement with the United States may be allowed if the contracting officer, in consultation with legal, determines that there was very little likelihood that the third party would have been successful on the merits.","P_31_205_47_c_2_i_a: FCA third-party proceeding where US did not intervene, settled; P_31_205_47_c_2_i_b: Reasonable costs not otherwise unallowable; P_31_205_47_c_2_i_c: May be allowed if CO (consulting legal) determines very little likelihood of success on merits",(FCA_ThirdParty ^ ~USIntervened ^ Settlement ^ ReasonableCosts ^ ~OtherwiseUnallowable ^ CO_DeterminesLowLikelihood) -> (Allowable v ~Allowable),P_31_205_47_c_2,Material Implication (Impl): Rule 15 [HIGH-RISK]; Conjunction (Conj): Rule 7; Negation (Neg): Rule 10; Tautology (Taut): Rule 18,PENDING_REVIEW,PASS,PASS,"Complex permissive exception. Six conjunctive conditions. CO must consult legal and make merit determination. ""Very little likelihood"" = high bar for contractor. HIGH-RISK: highly complex conditional.",LOW
31,31.205-47(c)(2)(ii),P_31_205_47_c_2_ii,"In the event of disposition, by consent or compromise of a proceeding brought by a whistleblower for alleged reprisal in accordance with 41 U.S.C. 4712 or 10 U.S.C. 4701, reasonable costs incurred by a contractor or subcontractor in connection with such a proceeding that are not otherwise unallowable by regulation, or by agreement with the United States, may be allowed if the contracting officer, in consultation with legal, determines that there was very little likelihood that the claimant would have been successful on the merits.",P_31_205_47_c_2_ii_a: Whistleblower reprisal proceeding (41 U.S.C. 4712 / 10 U.S.C. 4701) resolved by consent/compromise; P_31_205_47_c_2_ii_b: Reasonable costs not otherwise unallowable; P_31_205_47_c_2_ii_c: May be allowed if CO (consulting legal) determines very little likelihood of success on merits,(WhistleblowerReprisal ^ ConsentCompromise ^ ReasonableCosts ^ ~OtherwiseUnallowable ^ CO_DeterminesLowLikelihood) -> (Allowable v ~Allowable),P_31_205_47_c_2,Material Implication (Impl): Rule 15 [HIGH-RISK]; Conjunction (Conj): Rule 7; Negation (Neg): Rule 10; Tautology (Taut): Rule 18,PENDING_REVIEW,PASS,PASS,"Parallel to (c)(2)(i) for whistleblower reprisal proceedings. Same ""very little likelihood"" standard. HIGH-RISK: highly complex conditional.",LOW
31,31.205-47(d),P_31_205_47_d,"To the extent that the costs are not otherwise unallowable, costs incurred in connection with a proceeding under paragraph (b) of this section commenced by a State, local, or foreign government may be allowable when the contracting officer determines that the costs were incurred either as a direct result of a Government contract term/condition or compliance with CO written direction.",P_31_205_47_d = P_31_205_47_d_1 v P_31_205_47_d_2,~OtherwiseUnallowable ^ StatLocalForeignProceeding ^ (P_31_205_47_d_1 v P_31_205_47_d_2) ^ CO_Determination -> (Allowable v ~Allowable),P_31_205_47,Material Implication (Impl): Rule 15 [HIGH-RISK]; Conjunction (Conj): Rule 7; Addition (Add): Rule 8; Tautology (Taut): Rule 18; Negation (Neg): Rule 10,PENDING_REVIEW,PASS,PASS,"Permissive exception for state/local/foreign proceedings. CO discretion with two disjunctive bases. ""May"" = tautology. HIGH-RISK: complex multi-element conditional.",LOW
31,31.205-47(d)(1),P_31_205_47_d_1,Direct result of a specific term or condition of a Government contract; or,P_31_205_47_d_1: Costs were direct result of specific Government contract term/condition,DirectResultOfContractTerm,P_31_205_47_d,Conjunction (Conj): Rule 7,VALIDATED,PASS,PASS,Atomic basis for CO determination. Government contract caused the legal exposure.,HIGH
31,31.205-47(d)(2),P_31_205_47_d_2,Result of compliance with specific written direction of the contracting officer.,P_31_205_47_d_2: Costs resulted from compliance with specific written CO direction,ComplianceWithWrittenCO_Direction,P_31_205_47_d,Conjunction (Conj): Rule 7,VALIDATED,PASS,PASS,Atomic basis for CO determination. Government directed the action that led to the proceeding.,HIGH
31,31.205-47(e),P_31_205_47_e,"Costs incurred in connection with proceedings described in paragraph (b) of this section which are not made unallowable by that paragraph, may be allowable to the extent that conditions (e)(1)-(3) are met.",P_31_205_47_e = P_31_205_47_e_1 ^ P_31_205_47_e_2 ^ P_31_205_47_e_3,~UnallowableUnder_b ^ (P_31_205_47_e_1 ^ P_31_205_47_e_2 ^ P_31_205_47_e_3) -> (Allowable v ~Allowable),P_31_205_47,Material Implication (Impl): Rule 15 [HIGH-RISK]; Conjunction (Conj): Rule 7; Negation (Neg): Rule 10; Tautology (Taut): Rule 18,PENDING_REVIEW,PASS,PASS,"Conditional allowability for proceeding costs not disqualified by (b). Three conjunctive conditions. ""May"" = permissive. HIGH-RISK: complex conditional.",MEDIUM
31,31.205-47(e)(1),P_31_205_47_e_1,The costs are reasonable in relation to the activities required to deal with the proceeding and the underlying cause of action;,P_31_205_47_e_1: Proceeding costs must be reasonable relative to required activities and underlying cause,ReasonableCosts_RelativeToActivities,P_31_205_47_e,Conjunction (Conj): Rule 7,VALIDATED,PASS,PASS,Reasonableness condition. Proportionality test between costs and proceeding scope.,HIGH
31,31.205-47(e)(2),P_31_205_47_e_2,"The costs are not otherwise recovered from the Government or a third party, either directly as a result of the proceeding; and",P_31_205_47_e_2: Costs not otherwise recovered from Government or third party,~RecoveredFromGovOrThirdParty,P_31_205_47_e,Negation (Neg): Rule 10,VALIDATED,PASS,PASS,Anti-double-recovery condition. Cannot charge Government if already recovered elsewhere.,HIGH
31,31.205-47(e)(3),P_31_205_47_e_3,"The percentage of costs allowed does not exceed the percentage determined to be appropriate considering the complexity of procurement litigation, generally accepted principles governing the award of legal fees in civil actions involving the United States as a party.",P_31_205_47_e_3_a: Allowed cost percentage must be appropriate per litigation complexity and legal fee principles; P_31_205_47_e_3_b: Subject to (e)(3)(i) 80% cap and (e)(3)(ii) agreement limitations,P_31_205_47_e_3_a ^ P_31_205_47_e_3_i ^ P_31_205_47_e_3_ii,P_31_205_47_e,Conjunction (Conj): Rule 7,VALIDATED,PASS,PASS,Percentage limitation with two sub-provisions establishing specific caps.,HIGH
31,31.205-47(e)(3)(i),P_31_205_47_e_3_i,Such percentage must not exceed 80 percent of the legal costs incurred.,P_31_205_47_e_3_i: Legal cost recovery capped at 80% of incurred legal costs,AllowedPercentage <= 80% * LegalCostsIncurred,P_31_205_47_e_3,Conjunction (Conj): Rule 7,VALIDATED,PASS,PASS,Hard cap. 80% ceiling on legal cost recovery. Contractor always bears at least 20%.,HIGH
31,31.205-47(e)(3)(ii),P_31_205_47_e_3_ii,"Agreements reached under paragraph (c) of this section must be subject to this limitation. If, however, an agreement described in paragraph (c)(1) of this section explicitly states the amount of otherwise allowable incurred legal fees and limits the allowable recovery to 80 percent or less of the stated legal fees, no additional limitation need be applied.","P_31_205_47_e_3_ii_a: (c) agreements subject to 80% limitation; P_31_205_47_e_3_ii_b: Exception if (c)(1) agreement explicitly states fees and limits to <= 80%, no additional limitation needed",P_31_205_47_e_3_ii_a ^ (ExplicitFeeStatement ^ Limit_80OrLess -> ~AdditionalLimitationNeeded),P_31_205_47_e_3,Conjunction (Conj): Rule 7; Material Implication (Impl): Rule 15 [HIGH-RISK]; Negation (Neg): Rule 10,PENDING_REVIEW,PASS,PASS,"Default application of 80% cap to (c) agreements, with exception for agreements that self-impose the limit. Prevents double-limiting. HIGH-RISK: conditional with negation.",MEDIUM
31,31.205-47(e)(4),P_31_205_47_e_4,The amount of reimbursement allowed for legal costs in connection with any proceeding described in paragraph (c)(2) of this section must be determined by the contracting officer but must not exceed 80 percent of otherwise allowable legal costs incurred. No additional limitations need be applied.,P_31_205_47_e_4_a: Legal costs for (c)(2) proceedings determined by CO; P_31_205_47_e_4_b: Must not exceed 80% of otherwise allowable legal costs; P_31_205_47_e_4_c: No additional limitations needed,CO_Determination ^ (LegalCostReimbursement <= 80% * AllowableLegalCosts) ^ ~AdditionalLimitations,P_31_205_47_e,Conjunction (Conj): Rule 7; Negation (Neg): Rule 10,VALIDATED,PASS,PASS,Specific provision for (c)(2) proceedings. CO has determination authority with hard 80% cap. Simplified: no further percentage analysis needed beyond the 80% cap.,HIGH
31,31.205-47(f),P_31_205_47_f,Costs not covered elsewhere in this section are unallowable if incurred in connection with the categories in (f)(1)-(9).,P_31_205_47_f = P_31_205_47_f_1 v P_31_205_47_f_2 v P_31_205_47_f_3 v P_31_205_47_f_4 v P_31_205_47_f_5 v P_31_205_47_f_6 v P_31_205_47_f_7 v P_31_205_47_f_8 v P_31_205_47_f_9,~CoveredElsewhere ^ (P_31_205_47_f_1 v P_31_205_47_f_2 v P_31_205_47_f_3 v P_31_205_47_f_4 v P_31_205_47_f_5 v P_31_205_47_f_6 v P_31_205_47_f_7 v P_31_205_47_f_8 v P_31_205_47_f_9) -> ~Allowable,P_31_205_47,Material Implication (Impl): Rule 15 [HIGH-RISK]; Addition (Add): Rule 8; Negation (Neg): Rule 10; Conjunction (Conj): Rule 7,PENDING_REVIEW,PASS,PASS,"Catch-all unallowability provision. Nine disjunctive categories. ""Not covered elsewhere"" = residual provision. HIGH-RISK: complex disjunctive conditional.",MEDIUM
31,31.205-47(f)(1),P_31_205_47_f_1,Defense against Government claims or appeals or the prosecution of claims or appeals against the Government;,P_31_205_47_f_1: Costs of defending against or prosecuting claims/appeals involving the Government,P_31_205_47_f_1,P_31_205_47_f,Conjunction (Conj): Rule 7,VALIDATED,PASS,PASS,Atomic unallowable category. Both defensive and offensive litigation against Government.,HIGH
31,31.205-47(f)(2),P_31_205_47_f_2,"Organization, reorganization, (including mergers and acquisitions) or resisting mergers and acquisitions (see 31.205-27);",P_31_205_47_f_2: Costs of organization/reorganization/M&A or resisting M&A (see 31.205-27),P_31_205_47_f_2,P_31_205_47_f; P_31_205_27,Conjunction (Conj): Rule 7,VALIDATED,PASS,PASS,Atomic unallowable category. Cross-reference to 31.205-27 organization costs.,HIGH
31,31.205-47(f)(3),P_31_205_47_f_3,Defense of antitrust suits;,P_31_205_47_f_3: Antitrust defense costs are unallowable,P_31_205_47_f_3,P_31_205_47_f,Conjunction (Conj): Rule 7,VALIDATED,PASS,PASS,Atomic unallowable category.,HIGH
31,31.205-47(f)(4),P_31_205_47_f_4,"Defense of suits brought by employees or former employees of the contractor under 18 U.S.C. 1031, where the contractor was found liable or settled;",P_31_205_47_f_4: Defense costs for employee/former employee suits under 18 U.S.C. 1031 where contractor found liable or settled,(EmployeeSuit_18USC1031 ^ (FoundLiable v Settled)) -> ~Allowable,P_31_205_47_f,Material Implication (Impl): Rule 15 [HIGH-RISK]; Addition (Add): Rule 8; Conjunction (Conj): Rule 7; Negation (Neg): Rule 10,PENDING_REVIEW,PASS,PASS,Conditional unallowability. Suit type + adverse outcome both required. HIGH-RISK: implication.,MEDIUM
31,31.205-47(f)(5),P_31_205_47_f_5,"Costs of legal, accounting, and consultant services and directly associated costs incurred in connection with the defense or prosecution of lawsuits or appeals between contractors arising from teaming/JV/shared interest agreements or dual sourcing/coproduction programs (with exceptions).",P_31_205_47_f_5 = P_31_205_47_f_5_i v P_31_205_47_f_5_ii,P_31_205_47_f_5_i v P_31_205_47_f_5_ii -> ~Allowable,P_31_205_47_f,Material Implication (Impl): Rule 15 [HIGH-RISK]; Addition (Add): Rule 8; Negation (Neg): Rule 10,PENDING_REVIEW,PASS,PASS,Parent for inter-contractor litigation costs. Two sub-categories. HIGH-RISK: implication.,MEDIUM
31,31.205-47(f)(5)(i),P_31_205_47_f_5_i,"An agreement or contract concerning a teaming arrangement, a joint venture, or similar arrangement of shared interest; or",P_31_205_47_f_5_i: Litigation from teaming/JV/shared interest arrangements,P_31_205_47_f_5_i,P_31_205_47_f_5,Conjunction (Conj): Rule 7,VALIDATED,PASS,PASS,Atomic sub-category. Teaming/JV disputes.,HIGH
31,31.205-47(f)(5)(ii),P_31_205_47_f_5_ii,"Dual sourcing, coproduction, or similar programs, except when incurred as a result of compliance with specific terms and conditions of the contract or subcontract or written instructions from the contracting officer or when agreed to in writing by the contracting officer;",P_31_205_47_f_5_ii_a: Dual sourcing/coproduction litigation costs unallowable; P_31_205_47_f_5_ii_b: Exception for contract/subcontract compliance; P_31_205_47_f_5_ii_c: Exception for CO written instruction/agreement,DualSourceLitigation ^ ~(ContractCompliance v CO_WrittenInstruction v CO_WrittenAgreement) -> ~Allowable,P_31_205_47_f_5,Material Implication (Impl): Rule 15 [HIGH-RISK]; Conjunction (Conj): Rule 7; Negation (Neg): Rule 10; Addition (Add): Rule 8,PENDING_REVIEW,PASS,PASS,Default unallowability with three disjunctive exceptions. Government-directed or contract-required litigation costs carved out. HIGH-RISK: complex negated conditional.,MEDIUM
31,31.205-47(f)(6),P_31_205_47_f_6,"Patent infringement litigation, unless otherwise provided for in the contract.",P_31_205_47_f_6: Patent infringement litigation costs unallowable unless contract provides otherwise,~ContractProvision -> ~Allowable_PatentLitigation,P_31_205_47_f,Material Implication (Impl): Rule 15 [HIGH-RISK]; Negation (Neg): Rule 10,PENDING_REVIEW,PASS,PASS,"Default unallowability with contract-specific exception. ""Unless"" = negated condition. HIGH-RISK: double negation.",MEDIUM
31,31.205-47(f)(7),P_31_205_47_f_7,"Representation of, or assistance to, individuals, groups, or legal entities that the contractor is not legally bound to provide arising from an action where the party was convicted of the violation of a law or regulation or was found liable in a civil or administrative proceeding.",P_31_205_47_f_7_a: Costs of representing/assisting parties contractor not legally bound to support; P_31_205_47_f_7_b: Where party convicted or found liable,~LegallyBound ^ (Convicted v FoundLiable) -> ~Allowable_RepresentationCosts,P_31_205_47_f,Material Implication (Impl): Rule 15 [HIGH-RISK]; Conjunction (Conj): Rule 7; Negation (Neg): Rule 10; Addition (Add): Rule 8,PENDING_REVIEW,PASS,PASS,Conjunctive antecedent: no legal obligation AND adverse outcome. Prevents charging Government for voluntary legal aid to convicted/liable parties. HIGH-RISK: complex conditional.,MEDIUM
31,31.205-47(f)(8),P_31_205_47_f_8,"Protests of Government solicitations or contract awards, or the defense against protests of such solicitations or contract awards, unless the costs of defending against a protest are incurred pursuant to a written request from the contracting officer.",P_31_205_47_f_8_a: Protest costs (offensive or defensive) are unallowable; P_31_205_47_f_8_b: Exception: defense costs pursuant to written CO request,~WrittenCO_Request -> ~Allowable_ProtestCosts,P_31_205_47_f,Material Implication (Impl): Rule 15 [HIGH-RISK]; Negation (Neg): Rule 10,PENDING_REVIEW,PASS,PASS,Default unallowability with narrow exception for CO-requested protest defense. Note: offensive protest costs have no exception. HIGH-RISK: negated conditional.,MEDIUM
31,31.205-47(f)(9),P_31_205_47_f_9,A Congressional investigation or inquiry into an issue that is the subject matter of a proceeding resulting in a disposition as described in paragraphs (b)(1) through (5) of this section (see 10 U.S.C. 3744(a)(17)).,P_31_205_47_f_9: Congressional investigation/inquiry costs where subject matter relates to (b)(1)-(5) proceeding disposition,CongressionalInvestigation ^ SubjectOfProceeding_b1_b5 -> ~Allowable,P_31_205_47_f,Material Implication (Impl): Rule 15 [HIGH-RISK]; Conjunction (Conj): Rule 7; Negation (Neg): Rule 10,PENDING_REVIEW,PASS,PASS,Unallowability for Congressional investigation costs linked to adverse proceedings. Statutory reference: 10 U.S.C. 3744(a)(17). HIGH-RISK: conjunctive conditional.,MEDIUM
31,31.205-47(g),P_31_205_47_g,Parent for cost segregation and payment withholding provisions.,P_31_205_47_g = P_31_205_47_g_1 ^ P_31_205_47_g_2,P_31_205_47_g_1 ^ P_31_205_47_g_2,P_31_205_47,Conjunction (Conj): Rule 7,VALIDATED,PASS,PASS,Parent for cost segregation requirement and pending proceeding payment rules.,HIGH
31,31.205-47(g)(1),P_31_205_47_g_1,"Costs that may be unallowable under 31.205-47, including directly associated costs, must be segregated and accounted for separately by the contractor.",P_31_205_47_g_1: Potentially unallowable proceeding costs (and directly associated costs) must be segregated and separately accounted,PotentiallyUnallowable_31_205_47 -> Segregate ^ SeparatelyAccount,P_31_205_47_g,Material Implication (Impl): Rule 15 [HIGH-RISK]; Conjunction (Conj): Rule 7,PENDING_REVIEW,PASS,PASS,"Mandatory segregation (""must""). Applies to costs that ""may be"" unallowable, not just those determined to be. Proactive accounting requirement. HIGH-RISK: implication.",MEDIUM
31,31.205-47(g)(2),P_31_205_47_g_2,"When a proceeding covered by paragraph (b) and paragraphs (f)(4) and (f)(7) of this section is pending, the CO must withhold payment or may provide conditional payment with adequate security and repayment agreement.","P_31_205_47_g_2_a: Pending proceeding under (b), (f)(4), (f)(7); P_31_205_47_g_2_b: CO must withhold payment or may conditionally pay with security",PendingProceeding -> (P_31_205_47_g_2_i v P_31_205_47_g_2_ii),P_31_205_47_g,Material Implication (Impl): Rule 15 [HIGH-RISK]; Addition (Add): Rule 8,PENDING_REVIEW,PASS,PASS,"Parent for two payment options during pending proceedings. (i) is mandatory, (ii) is discretionary alternative. HIGH-RISK: implication.",MEDIUM
31,31.205-47(g)(2)(i),P_31_205_47_g_2_i,The contracting officer must withhold payment of such costs; or,P_31_205_47_g_2_i: CO must withhold payment of potentially unallowable proceeding costs,CO_MustWithhold,P_31_205_47_g_2,Conjunction (Conj): Rule 7,VALIDATED,PASS,PASS,"Default action: mandatory withholding. ""Must"" = no discretion.",HIGH
31,31.205-47(g)(2)(ii),P_31_205_47_g_2_ii,"When determined to be in the best interests of the Government, the contracting officer may provide for conditional payment upon provision of adequate security, or other adequate assurance, and agreement by the contractor to repay all unallowable costs, plus interest, if the costs are subsequently determined to be unallowable.",P_31_205_47_g_2_ii_a: CO may provide conditional payment if in Government best interest; P_31_205_47_g_2_ii_b: Requires adequate security/assurance; P_31_205_47_g_2_ii_c: Requires contractor repayment agreement for unallowable costs plus interest,BestInterest -> (AdequateSecurity ^ RepaymentAgreement) -> (ConditionalPayment v ~ConditionalPayment),P_31_205_47_g_2,Material Implication (Impl): Rule 15 [HIGH-RISK]; Conjunction (Conj): Rule 7; Tautology (Taut): Rule 18,PENDING_REVIEW,PASS,PASS,"Permissive alternative to withholding (""may""). Three conjunctive conditions: best interest, security, repayment agreement. Includes interest on repayment. HIGH-RISK: nested implication with tautology.",MEDIUM
31,31.205-48,P_31_205_48,Research and development costs. This section addresses R&D costs sponsored by grants or required by contract performance.,P_31_205_48 = P_31_205_48_a ^ P_31_205_48_b,P_31_205_48_a ^ P_31_205_48_b,P_31_205,Conjunction (Conj): Rule 7,VALIDATED,PASS,PASS,Parent proposition aggregating R&D definition and excess cost unallowability.,HIGH
31,31.205-48(a),P_31_205_48_a,"Definition. Research and development, as used in this section, means the type of technical effort described in 31.205-18 but sponsored by a grant or required in the performance of a contract.",P_31_205_48_a: R&D = technical effort per 31.205-18 when grant-sponsored or contract-required,P_31_205_48_a,P_31_205_48; P_31_205_18,Conjunction (Conj): Rule 7,VALIDATED,PASS,PASS,Definitional. Distinguishes from IR&D (31.205-18) by funding source: grant or contract requirement vs. contractor-initiated.,HIGH
31,31.205-48(b),P_31_205_48_b,"When costs are incurred in excess of either the price of a contract or amount of a grant for research and development, the excess is unallowable under any other Government contract.",P_31_205_48_b: R&D costs exceeding contract price or grant amount are unallowable on any other Government contract,R&D_CostsExceedContractOrGrant -> ~Allowable_OtherGovContract,P_31_205_48,Material Implication (Impl): Rule 15 [HIGH-RISK]; Negation (Neg): Rule 10,PENDING_REVIEW,PASS,PASS,"Prevents cross-subsidization of R&D overruns across contracts. ""Either...or"" = disjunctive trigger (price or grant amount). HIGH-RISK: implication with negation.",MEDIUM
31,31.205-49,P_31_205_49,Goodwill. This section defines goodwill and establishes that its costs are unallowable.,P_31_205_49 = P_31_205_49_a ^ P_31_205_49_b ^ P_31_205_49_c ^ P_31_205_49_d,P_31_205_49_a ^ P_31_205_49_b ^ P_31_205_49_c ^ P_31_205_49_d,P_31_205,Conjunction (Conj): Rule 7,VALIDATED,PASS,PASS,"Parent proposition aggregating goodwill definition, description, scope, and cost prohibition.",HIGH
31,31.205-49(a),P_31_205_49_a,"Goodwill is an unidentifiable intangible asset that originates under the purchase method of accounting for a business combination when the price paid by the acquiring company exceeds the sum of the identifiable individual assets acquired less liabilities assumed, based upon their fair values.",P_31_205_49_a: Goodwill = unidentifiable intangible asset from purchase-method business combination where price exceeds net fair value of identifiable assets less liabilities,P_31_205_49_a,P_31_205_49,Conjunction (Conj): Rule 7,VALIDATED,PASS,PASS,Technical accounting definition. Goodwill = purchase price minus net fair value of identifiable assets/liabilities.,HIGH
31,31.205-49(b),P_31_205_49_b,The excess amount paid is commonly referred to as goodwill.,P_31_205_49_b: The excess purchase price is commonly called goodwill,P_31_205_49_b,P_31_205_49,Conjunction (Conj): Rule 7,VALIDATED,PASS,PASS,Clarifying/descriptive provision. Restates (a) in plain language.,HIGH
31,31.205-49(c),P_31_205_49_c,Goodwill may arise from the acquisition of a company as a whole or a portion thereof.,P_31_205_49_c: Goodwill can arise from whole or partial company acquisition,WholeAcquisition v PartialAcquisition -> GoodwillMayArise,P_31_205_49,Addition (Add): Rule 8; Material Implication (Impl): Rule 15 [HIGH-RISK],PENDING_REVIEW,PASS,PASS,"Scope expansion. Goodwill not limited to whole-company acquisitions. ""May"" = possibility, not permission. HIGH-RISK: implication.",MEDIUM
31,31.205-49(d),P_31_205_49_d,"Any costs for amortization, expensing, write-off, or write-down of goodwill are unallowable.","P_31_205_49_d: All goodwill cost recovery methods (amortization, expensing, write-off, write-down) are unallowable",~Allowable_GoodwillAmortization ^ ~Allowable_GoodwillExpensing ^ ~Allowable_GoodwillWriteOff ^ ~Allowable_GoodwillWriteDown,P_31_205_49,Negation (Neg): Rule 10; Conjunction (Conj): Rule 7,VALIDATED,PASS,PASS,"Comprehensive prohibition. ""Any costs"" + four enumerated methods = total ban on goodwill cost recovery. No exceptions.",HIGH
31,31.205-50,P_31_205_50,[Reserved],P_31_205_50: Section reserved; no current regulatory content,RESERVED,P_31_205,,VALIDATED,PASS,PASS,Reserved section. No extractable content. Logged and passed.,HIGH
31,31.205-51,P_31_205_51,Costs of alcoholic beverages are unallowable.,P_31_205_51: All costs of alcoholic beverages are unallowable,~Allowable_AlcoholicBeverages,P_31_205,Negation (Neg): Rule 10,VALIDATED,PASS,PASS,"Categorical prohibition. One of the simplest and most absolute cost principles in the FAR. No exceptions, no conditions, no cross-references.",HIGH
31,31.205-52,P_31_205_52,Asset valuations resulting from business combinations. This section establishes cost principles for tangible and intangible capital asset valuations arising from business combinations using the purchase method.,P_31_205_52 = P_31_205_52_a ^ P_31_205_52_b,P_31_205_52_a ^ P_31_205_52_b,P_31_205,Conjunction (Conj): Rule 7,VALIDATED,PASS,PASS,Parent proposition aggregating tangible and intangible capital asset valuation rules.,HIGH
31,31.205-52(a),P_31_205_52_a,"For tangible capital assets, when the purchase method of accounting for a business combination is used, whether or not the contract or subcontract is subject to CAS, the allowable depreciation and cost of money must be based on the capitalized asset values measured and assigned in accordance with 48 CFR 9904.404-50(d), if allocable, reasonable, and not otherwise unallowable.","P_31_205_52_a_a: Tangible assets in purchase-method combinations; P_31_205_52_a_b: Depreciation/cost of money based on values per CAS 404-50(d); P_31_205_52_a_c: Applies regardless of CAS coverage; P_31_205_52_a_d: Must be allocable, reasonable, and not otherwise unallowable",PurchaseMethod_Tangible -> (Depreciation_BasedOn_CAS404 ^ Allocable ^ Reasonable ^ ~OtherwiseUnallowable),P_31_205_52,Material Implication (Impl): Rule 15 [HIGH-RISK]; Conjunction (Conj): Rule 7; Negation (Neg): Rule 10,PENDING_REVIEW,PASS,PASS,"Mandatory CAS 404 valuation for tangible assets regardless of CAS applicability. Four conjunctive requirements. ""Whether or not subject to CAS"" extends applicability broadly. HIGH-RISK: implication.",MEDIUM
31,31.205-52(b),P_31_205_52_b,"For intangible capital assets, when the purchase method of accounting for a business combination is used, allowable amortization and cost of money must be limited to the total of the amounts that would have been allowed had the combination not taken place.",P_31_205_52_b: Intangible asset amortization/cost of money limited to pre-combination allowable amounts,PurchaseMethod_Intangible -> (Amortization_CoM <= PreCombinationAllowable),P_31_205_52,Material Implication (Impl): Rule 15 [HIGH-RISK],PENDING_REVIEW,PASS,PASS,"Cost ceiling for intangible assets. Prevents business combinations from inflating intangible asset costs charged to Government. ""Had the combination not taken place"" = counterfactual baseline. HIGH-RISK: implication.",MEDIUM
31,31.301,P_31_301,This subpart provides the principles for determining the cost of work performed by educational institutions under contracts and contract modifications with the Government.,P_31_301_a: This subpart provides cost principles for educational institution contracts and contract modifications with the Government,P_31_301_a,,Conjunction (Conj): Rule 7,VALIDATED,PASS,PASS,Declarative purpose statement. Single atomic proposition. No conditional or modal structure. Straightforward scope declaration.,HIGH
31,31.302,P_31_302,"The OMB Uniform Guidance at 2 CFR part 200, subpart E and appendix III, provides principles for determining the costs applicable to work performed by educational institutions under contracts with the Government.","P_31_302_a: OMB Uniform Guidance at 2 CFR part 200, subpart E and appendix III provides cost determination principles for educational institution contracts",P_31_302_a,,Conjunction (Conj): Rule 7,VALIDATED,PASS,PASS,Declarative reference to external authority (2 CFR 200). Single atomic. Cross-reference to OMB guidance is external dependency.,MEDIUM
31,31.303,P_31_303,31.303 Requirements. Contracts referring to this subpart must comply with OMB Uniform Guidance and agencies are not expected to add restrictions.,P_31_303_a: Requirements for educational institution contracts per 31.303(a); P_31_303_b: Agency restriction limitation per 31.303(b),P_31_303_a ^ P_31_303_b,,Conjunction (Conj): Rule 7,VALIDATED,PASS,PASS,Parent proposition aggregating two subsections. Both requirements apply conjunctively.,HIGH
31,31.303(a),P_31_303_a,"Contracts that refer to this subpart for determining allowable costs under contracts with educational institutions must be deemed to refer to and must have the allowability of costs determined by the contracting officer in accordance with, the OMB Uniform Guidance at 2 CFR part 200, subpart E and appendix III, in effect on the date of the contract.","P_31_303_a_1: Contracts referring to this subpart must be deemed to refer to OMB Uniform Guidance at 2 CFR part 200, subpart E and appendix III; P_31_303_a_2: Allowability of costs must be determined by the contracting officer in accordance with that guidance; P_31_303_a_3: The applicable version is the one in effect on the date of the contract",ContractRefersToSubpart31_3 -> (P_31_303_a_1 ^ P_31_303_a_2 ^ P_31_303_a_3),P_31_303,Material Implication (Impl): Rule 15 [HIGH-RISK]; Conjunction (Conj): Rule 7,PENDING_REVIEW,PASS,PASS,"Conditional: if contract refers to subpart, then three mandatory requirements apply conjunctively. 'Must' = mandatory. HIGH-RISK due to implication. The temporal anchor (date of contract) is captured as separate atomic.",MEDIUM
31,31.303(b),P_31_303_b,Agencies are not expected to place additional restrictions on individual items of cost.,P_31_303_b_a: Agencies are not expected to place additional restrictions on individual cost items,~ExpectedAdditionalRestrictions_Agencies_EdInst,P_31_303,Negation (Neg): Rule 10,VALIDATED,PASS,PASS,Advisory negation. 'Not expected' is weaker than 'shall not' -- closer to 'should not'. Treated as descriptive negation rather than prohibition. No conditional trigger.,HIGH
31,31.601,P_31_601,"This subpart provides the principles for determining allowable cost of contracts, subcontracts, and modifications to contracts and subcontracts with State, local, and federally recognized Indian tribal governments.","P_31_601_a: This subpart provides cost allowability principles for contracts, subcontracts, and modifications with State, local, and federally recognized Indian tribal governments",P_31_601_a,,Conjunction (Conj): Rule 7,VALIDATED,PASS,PASS,Declarative purpose statement. Single atomic. Broader scope than 31.301 -- includes subcontracts and modifications explicitly.,HIGH
31,31.602,P_31_602,"The OMB Uniform Guidance at 2 CFR part 200, subpart E and appendices V and VII sets forth the principles for determining the allowable costs of contracts and subcontracts with State, local, and federally recognized Indian tribal governments. These principles are for cost determination and are not intended to identify the circumstances or dictate the extent of Federal and State or local participation in financing a particular contract.","P_31_602_a: OMB Uniform Guidance at 2 CFR part 200, subpart E and appendices V and VII provides cost allowability principles for State/local/tribal contracts; P_31_602_b: These principles are for cost determination only and do not dictate extent of Federal/State/local financing participation",P_31_602_a ^ P_31_602_b,,Conjunction (Conj): Rule 7; Negation (Neg): Rule 10,VALIDATED,PASS,PASS,Two atomics: affirmative scope statement and negative scope limitation. The second atomic constrains interpretation of the first. External reference to 2 CFR 200.,MEDIUM
31,31.603,P_31_603,"31.603 Requirements. Contracts must comply with OMB guidance, agencies should not add restrictions, and specific costs are statutorily unallowable.",P_31_603_a: Contract reference requirement; P_31_603_b: Agency restriction limitation; P_31_603_c: Statutorily unallowable costs,P_31_603_a ^ P_31_603_b ^ P_31_603_c,,Conjunction (Conj): Rule 7,VALIDATED,PASS,PASS,Parent proposition aggregating three subsections. All apply conjunctively.,HIGH
31,31.603(a),P_31_603_a,"Contracts that refer to this subpart for determining allowable costs under contracts with State, local and Indian tribal governments must be deemed to refer to and must have the allowability of costs determined by the contracting officer in accordance with, the OMB Uniform Guidance at 2 CFR part 200, subpart E and appendices V and VII, in effect on the date of the contract.","P_31_603_a_1: Contracts referring to this subpart must be deemed to refer to OMB Uniform Guidance at 2 CFR part 200, subpart E and appendices V and VII; P_31_603_a_2: Allowability must be determined by the CO in accordance with that guidance; P_31_603_a_3: Applicable version is the one in effect on the date of the contract",ContractRefersToSubpart31_6 -> (P_31_603_a_1 ^ P_31_603_a_2 ^ P_31_603_a_3),P_31_603,Material Implication (Impl): Rule 15 [HIGH-RISK]; Conjunction (Conj): Rule 7,PENDING_REVIEW,PASS,PASS,Parallel structure to 31.303(a). Conditional triggered by contract reference. Three mandatory conjunctive requirements. HIGH-RISK due to implication.,MEDIUM
31,31.603(b),P_31_603_b,Agencies are not expected to place additional restrictions on individual items of cost.,P_31_603_b_a: Agencies are not expected to place additional restrictions on individual cost items for State/local/tribal contracts,~ExpectedAdditionalRestrictions_Agencies_StateLocal,P_31_603,Negation (Neg): Rule 10,VALIDATED,PASS,PASS,"Advisory negation paralleling 31.303(b). 'Not expected' = advisory, not mandatory prohibition.",HIGH
31,31.603(c),P_31_603_c,"In accordance with 10 U.S.C. 3744, 41 U.S.C. 4304, 31 U.S.C. 3730, and 41 U.S.C. 4310, the following are unallowable:","P_31_603_c_parent: Per statutory authority (10 U.S.C. 3744, 41 U.S.C. 4304, 31 U.S.C. 3730, 41 U.S.C. 4310), costs enumerated in (c)(1) through (c)(15) are unallowable",StatutoryAuthority -> ~Allowable(P_31_603_c_1 ^ P_31_603_c_2 ^ P_31_603_c_3 ^ P_31_603_c_4 ^ P_31_603_c_5 ^ P_31_603_c_6 ^ P_31_603_c_7 ^ P_31_603_c_8 ^ P_31_603_c_9 ^ P_31_603_c_10 ^ P_31_603_c_11 ^ P_31_603_c_12 ^ P_31_603_c_13 ^ P_31_603_c_14 ^ P_31_603_c_15),P_31_603,Material Implication (Impl): Rule 15 [HIGH-RISK]; Conjunction (Conj): Rule 7; Negation (Neg): Rule 10,PENDING_REVIEW,PASS,PASS,Parent for 15 unallowable cost categories. Statutory mandate (four U.S.C. citations) triggers blanket unallowability. HIGH-RISK due to implication from statutory authority to prohibition. All 15 items are conjunctively unallowable.,MEDIUM
31,31.603(c)(1),P_31_603_c_1,"Costs of entertainment, including amusement, diversion, and social activities, and any costs directly associated with such costs (such as tickets to shows or sports events, meals, lodging, rentals, transportation, and gratuities).","P_31_603_c_1_a: Costs of entertainment (amusement, diversion, social activities) are unallowable; P_31_603_c_1_b: Costs directly associated with entertainment (tickets, meals, lodging, rentals, transportation, gratuities) are unallowable",~Allowable(P_31_603_c_1_a) ^ ~Allowable(P_31_603_c_1_b),P_31_603_c,Negation (Neg): Rule 10; Conjunction (Conj): Rule 7,VALIDATED,PASS,PASS,"Two atomics: direct entertainment costs and associated costs. Both unallowable. Parenthetical lists are illustrative examples, not exhaustive.",HIGH
31,31.603(c)(2),P_31_603_c_2,"Costs incurred to influence (directly or indirectly) legislative action on any matter pending before Congress, a State legislature, or a legislative body of a political subdivision of a State.","P_31_603_c_2_a: Costs to influence legislative action (directly or indirectly) before Congress, State legislatures, or political subdivision legislative bodies are unallowable",~Allowable(InfluenceLegislativeAction_Direct v InfluenceLegislativeAction_Indirect),P_31_603_c,Negation (Neg): Rule 10; Addition (Add): Rule 8,VALIDATED,PASS,PASS,Disjunctive scope: both direct and indirect influence costs are captured. Applies to all levels of legislature.,HIGH
31,31.603(c)(3),P_31_603_c_3,Costs incurred in defense of any civil or criminal fraud proceeding or similar proceeding (including filing of any false certification) brought by the United States where the contractor is found liable or has pleaded nolo contendere to a charge of fraud or similar proceeding (including filing of a false certification).,P_31_603_c_3_a: Costs of defending civil/criminal fraud proceedings brought by the US are unallowable; P_31_603_c_3_b: Unallowability applies where contractor is found liable or pleads nolo contendere,((FoundLiable v PleadNoloContendere) ^ FraudProceedingByUS) -> ~Allowable(DefenseCosts),P_31_603_c,Material Implication (Impl): Rule 15 [HIGH-RISK]; Conjunction (Conj): Rule 7; Addition (Add): Rule 8; Negation (Neg): Rule 10,PENDING_REVIEW,PASS,PASS,Conditional unallowability: defense costs are unallowable only when the contractor is found liable or pleads nolo contendere. The proceeding must be brought by the US. HIGH-RISK due to conditional structure requiring specific disposition outcomes.,MEDIUM
31,31.603(c)(4),P_31_603_c_4,"Payments of fines and penalties resulting from violations of, or failure to comply with, Federal, state, local, or foreign laws and regulations, except when incurred as a result of compliance with specific terms and conditions of the contract or specific written instructions from the contracting officer authorizing in advance such payments in accordance with applicable regulations in the FAR or an executive agency supplement to the FAR.",P_31_603_c_4_a: Fines and penalties from law/regulation violations are unallowable; P_31_603_c_4_b: Exception when incurred from compliance with specific contract terms; P_31_603_c_4_c: Exception when incurred from specific written CO instructions authorizing advance payment per FAR or agency supplement,(FinesFromViolations ^ ~(ComplianceWithContractTerms v WrittenCOAuthorization)) -> ~Allowable(FinesPenalties),P_31_603_c,Material Implication (Impl): Rule 15 [HIGH-RISK]; Conjunction (Conj): Rule 7; Negation (Neg): Rule 10; Addition (Add): Rule 8,PENDING_REVIEW,PASS,PASS,Default unallowable with two disjunctive exceptions. Exception requires either specific contract terms or advance written CO authorization per FAR. HIGH-RISK: conditional with negated exception structure.,MEDIUM
31,31.603(c)(5),P_31_603_c_5,"Costs of any membership in any social, dining, or country club or organization.","P_31_603_c_5_a: Membership costs in social, dining, or country clubs/organizations are unallowable",~Allowable(MembershipCosts_SocialDiningCountryClub),P_31_603_c,Negation (Neg): Rule 10,VALIDATED,PASS,PASS,"Absolute prohibition. No exceptions. Covers social, dining, and country clubs disjunctively.",HIGH
31,31.603(c)(6),P_31_603_c_6,Costs of alcoholic beverages.,P_31_603_c_6_a: Costs of alcoholic beverages are unallowable,~Allowable(AlcoholicBeverageCosts),P_31_603_c,Negation (Neg): Rule 10,VALIDATED,PASS,PASS,Absolute prohibition. No exceptions. Single atomic.,HIGH
31,31.603(c)(7),P_31_603_c_7,"Contributions or donations, regardless of the recipient.",P_31_603_c_7_a: Contributions or donations are unallowable regardless of recipient,~Allowable(Contributions v Donations),P_31_603_c,Negation (Neg): Rule 10; Addition (Add): Rule 8,VALIDATED,PASS,PASS,Absolute prohibition. 'Regardless of the recipient' eliminates any recipient-based exception.,HIGH
31,31.603(c)(8),P_31_603_c_8,Costs of advertising designed to promote the contractor or its products.,P_31_603_c_8_a: Advertising costs designed to promote the contractor or its products are unallowable,~Allowable(PromotionalAdvertisingCosts),P_31_603_c,Negation (Neg): Rule 10,VALIDATED,PASS,PASS,"Prohibition scoped to promotional advertising only. Advertising for other purposes (e.g., recruitment) not addressed here.",HIGH
31,31.603(c)(9),P_31_603_c_9,"Costs of promotional items and memorabilia, including models, gifts, and souvenirs.","P_31_603_c_9_a: Costs of promotional items and memorabilia (models, gifts, souvenirs) are unallowable",~Allowable(PromotionalItems ^ Memorabilia),P_31_603_c,Negation (Neg): Rule 10; Conjunction (Conj): Rule 7,VALIDATED,PASS,PASS,Absolute prohibition. Parenthetical list is illustrative.,HIGH
31,31.603(c)(10),P_31_603_c_10,Costs for travel by commercial aircraft which exceed the amount of the standard commercial fare.,P_31_603_c_10_a: Travel costs by commercial aircraft exceeding standard commercial fare are unallowable,CommercialAirTravel ^ ExceedsStandardFare -> ~Allowable(ExcessAirfareCosts),P_31_603_c,Material Implication (Impl): Rule 15 [HIGH-RISK]; Conjunction (Conj): Rule 7; Negation (Neg): Rule 10,PENDING_REVIEW,PASS,PASS,Conditional: only the excess above standard fare is unallowable. Commercial air travel at or below standard fare is not addressed. HIGH-RISK due to implication.,MEDIUM
31,31.603(c)(11),P_31_603_c_11,"Costs incurred in making any payment (commonly known as a golden parachute payment), which is--",P_31_603_c_11_parent: Golden parachute payments are unallowable when both conditions in (i) and (ii) are met,~Allowable(P_31_603_c_11_i ^ P_31_603_c_11_ii),P_31_603_c,Negation (Neg): Rule 10; Conjunction (Conj): Rule 7,VALIDATED,PASS,PASS,Parent for golden parachute definition. Both sub-conditions (i) and (ii) must be met conjunctively for the payment to be classified as unallowable golden parachute.,HIGH
31,31.603(c)(11)(i),P_31_603_c_11_i,In an amount in excess of the normal severance pay paid by the contractor to an employee upon termination of employment; and,P_31_603_c_11_i_a: Payment exceeds normal severance pay upon employment termination,PaymentAmount > NormalSeverancePay,P_31_603_c_11,Conjunction (Conj): Rule 7,VALIDATED,PASS,PASS,First conjunctive condition for golden parachute classification. The 'and' connector confirms both (i) and (ii) are required.,HIGH
31,31.603(c)(11)(ii),P_31_603_c_11_ii,"Paid to the employee contingent upon, and following, a change in management control over, or ownership of, the contractor or a substantial portion of the contractor's assets.",P_31_603_c_11_ii_a: Payment is contingent upon and follows a change in management control or ownership of the contractor or substantial portion of contractor assets,ContingentUpon(ChangeInControl v ChangeInOwnership) ^ FollowsChange,P_31_603_c_11,Conjunction (Conj): Rule 7; Addition (Add): Rule 8,VALIDATED,PASS,PASS,Second conjunctive condition. Disjunctive trigger: either management control change or ownership change. Payment must be both contingent on and following the change.,HIGH
31,31.603(c)(12),P_31_603_c_12,Costs of commercial insurance that protects against the costs of the contractor for correction of the contractor's own defects in materials or workmanship.,P_31_603_c_12_a: Commercial insurance costs protecting against contractor's own defect correction costs are unallowable,~Allowable(InsuranceCosts_DefectCorrection),P_31_603_c,Negation (Neg): Rule 10,VALIDATED,PASS,PASS,"Absolute prohibition. Scoped to insurance against own defects only, not general commercial insurance.",HIGH
31,31.603(c)(13),P_31_603_c_13,Costs of severance pay paid by the contractor to a foreign national employed by the contractor under a service contract performed--,P_31_603_c_13_parent: Foreign national severance pay under service contracts is unallowable under conditions in (i) or (ii),~Allowable(ForeignNationalSeverance ^ (P_31_603_c_13_i v P_31_603_c_13_ii)),P_31_603_c,Negation (Neg): Rule 10; Conjunction (Conj): Rule 7; Addition (Add): Rule 8,VALIDATED,PASS,PASS,Parent for foreign national severance pay. Two disjunctive conditions in (i) and (ii) -- either triggers unallowability.,HIGH
31,31.603(c)(13)(i),P_31_603_c_13_i,"Outside the United States, to the extent that the amount of the severance pay paid in any case exceeds the amount paid in industry involved under the customary or prevailing practice for firms in that industry providing similar services in the United States, as determined in accordance with the FAR; or",P_31_603_c_13_i_a: Severance pay to foreign national outside the US is unallowable to the extent it exceeds customary US industry practice for similar services as determined per FAR,ForeignNationalSeverance_OutsideUS ^ ExceedsUSIndustryCustom -> ~Allowable(ExcessSeveranceAmount),P_31_603_c_13,Material Implication (Impl): Rule 15 [HIGH-RISK]; Conjunction (Conj): Rule 7; Negation (Neg): Rule 10,PENDING_REVIEW,PASS,PASS,Conditional: unallowable only to the extent of the excess. Requires comparison to US industry standard. 'Or' connector with (ii) confirms disjunctive relationship. HIGH-RISK due to conditional with comparative benchmark.,MEDIUM
31,31.603(c)(13)(ii),P_31_603_c_13_ii,"In a foreign country, if the termination of the employment of the foreign national is the result of the closing of, or curtailment of activities, at a United States facility in that country at the request of the government of that country.",P_31_603_c_13_ii_a: Severance pay in foreign country is unallowable if termination results from closing/curtailment of US facility at request of host government,(ForeignCountry ^ TerminationFromUSFacilityClosure ^ AtRequestOfHostGovt) -> ~Allowable(SeverancePay),P_31_603_c_13,Material Implication (Impl): Rule 15 [HIGH-RISK]; Conjunction (Conj): Rule 7; Negation (Neg): Rule 10,PENDING_REVIEW,PASS,PASS,"Three conjunctive conditions in antecedent: foreign country location, termination from facility closure/curtailment, and host government request. All three must be met. HIGH-RISK due to triple-condition implication.",MEDIUM
31,31.603(c)(14),P_31_603_c_14,-14,P_31_603_c_14_parent: Legal proceeding costs governed by conditions in (i) and (ii),P_31_603_c_14_i ^ P_31_603_c_14_ii,P_31_603_c,Conjunction (Conj): Rule 7,VALIDATED,PASS,PASS,Structural parent for legal proceedings cost provisions. No independent content -- subsections (i) and (ii) carry the substantive rules.,HIGH
31,31.603(c)(14)(i),P_31_603_c_14_i,"Unless an exception at 31.205-47(c) or (d) applies, costs incurred by a contractor in connection with any criminal, civil, or administrative proceedings that result in dispositions described at 31.205-47(b)(1) through (5) commenced by: (A) A Federal, State, local, or foreign government, for a violation of, or failure to comply with, law or regulation by the contractor (including its agents or employees); (B) A contractor or subcontractor employee submitting a whistleblower complaint of reprisal in accordance with 41 U.S.C. 4712 or 10 U.S.C. 4701; or (C) A third party in the name of the United States under the False Claims Act, 31 U.S.C. 3730.","P_31_603_c_14_i_a: Costs of legal proceedings are unallowable when resulting in dispositions per 31.205-47(b)(1)-(5); P_31_603_c_14_i_b: Exception exists at 31.205-47(c) or (d); P_31_603_c_14_i_c: Applies to proceedings by government, whistleblower complainants, or False Claims Act third parties",(~Exception_31_205_47_c_d ^ ProceedingByGovt_Whistleblower_FCA ^ DispositionPer_31_205_47_b) -> ~Allowable(ProceedingCosts),P_31_603_c_14; P_31_205_47,Material Implication (Impl): Rule 15 [HIGH-RISK]; Conjunction (Conj): Rule 7; Negation (Neg): Rule 10,PENDING_REVIEW,PASS,PASS,"Complex conditional with negated exception. Three conjunctive antecedent conditions: no exception applies, proceeding commenced by specified parties, and disposition matches 31.205-47(b)(1)-(5). Multiple cross-references to 31.205-47. HIGH-RISK due to multi-condition implication with exception carve-out.",LOW
31,31.603(c)(14)(ii),P_31_603_c_14_ii,"For any proceedings in paragraph (c)(14)(i) of this section that does not result in a disposition described at 31.205-47(b)(1) through (5), or to which exceptions at 31.205-47(c) apply, the cost of that proceeding must be subject to the limitations in 31.205-47(e).","P_31_603_c_14_ii_a: If proceeding under (c)(14)(i) does not result in disposition per 31.205-47(b)(1)-(5) or an exception at 31.205-47(c) applies, then costs are subject to limitations in 31.205-47(e)",(~DispositionPer_31_205_47_b v Exception_31_205_47_c) -> SubjectToLimitations_31_205_47_e,P_31_603_c_14; P_31_205_47,Material Implication (Impl): Rule 15 [HIGH-RISK]; Addition (Add): Rule 8,PENDING_REVIEW,PASS,PASS,"Fallback provision: when (c)(14)(i) unallowability does not apply (either no adverse disposition or exception applies), costs are not fully allowable but subject to 31.205-47(e) limitations. Disjunctive antecedent. Cross-references P_31_603_c_14_i and 31.205-47. HIGH-RISK.",LOW
31,31.603(c)(15),P_31_603_c_15,Costs incurred in connection with a Congressional investigation or inquiry into an issue that is the subject matter of a proceeding resulting in a disposition as described at 31.205-47(b)(1) through (5).,P_31_603_c_15_a: Costs of Congressional investigation/inquiry are unallowable when the issue is subject of a proceeding with disposition per 31.205-47(b)(1)-(5),(CongressionalInvestigation ^ SubjectOfProceedingWithDisposition_31_205_47_b) -> ~Allowable(InvestigationCosts),P_31_603_c; P_31_205_47,Material Implication (Impl): Rule 15 [HIGH-RISK]; Conjunction (Conj): Rule 7; Negation (Neg): Rule 10,PENDING_REVIEW,PASS,PASS,Conditional unallowability: Congressional investigation costs are unallowable only when linked to a proceeding with adverse disposition per 31.205-47(b). Cross-reference to 31.205-47. HIGH-RISK.,MEDIUM
31,31.701,P_31_701,"Nonprofit organization means a business entity organized and operated exclusively for charitable, scientific, or educational purposes, of which no part of the net earnings inure to the benefit of any private shareholder or individual, of which no substantial part of the activities is carrying on propaganda or otherwise attempting to influence legislation or participating in any political campaign on behalf of any candidate for public office, and which are exempt from federal income taxation under section 501 of the Internal Revenue Code.","P_31_701_a: Nonprofit org is organized/operated exclusively for charitable, scientific, or educational purposes; P_31_701_b: No net earnings inure to private shareholders/individuals; P_31_701_c: No substantial propaganda, legislative influence, or political campaign activity; P_31_701_d: Exempt from federal income tax under IRC section 501",NonprofitOrg <-> (P_31_701_a ^ P_31_701_b ^ P_31_701_c ^ P_31_701_d),,Biconditional (Bicond): Rule 17; Conjunction (Conj): Rule 7,VALIDATED,PASS,PASS,"Definitional biconditional: all four conditions must be met conjunctively for an entity to qualify as a nonprofit organization. 'Means' = definitional equivalence. Four atomics capture the exclusive purpose, earnings restriction, activity restriction, and tax exemption requirements.",HIGH
31,31.702,P_31_702,"The OMB Uniform Guidance at 2 CFR part 200, subpart E and appendix IV, sets forth principles for determining the costs applicable to work performed by nonprofit organizations (as defined in the OMB Uniform Guidance at 2 CFR part 200) under contracts with the Government. See 31.108 for exceptions to the cost principles for nonprofit organizations.","P_31_702_a: OMB Uniform Guidance at 2 CFR part 200, subpart E and appendix IV provides cost principles for nonprofit organization contracts; P_31_702_b: Exceptions to nonprofit cost principles are at 31.108",P_31_702_a ^ P_31_702_b,P_31_108,Conjunction (Conj): Rule 7,VALIDATED,PASS,PASS,Two atomics: affirmative guidance reference and cross-reference to exceptions at 31.108. External dependency on 2 CFR 200 and internal dependency on 31.108.,MEDIUM
31,31.703,P_31_703,"31.703 Requirements. Contracts must comply with OMB guidance and agencies generally should not add restrictions, with statutory exception for 31.603(c) costs.",P_31_703_a: Contract reference requirement; P_31_703_b: Agency restriction limitation with statutory exception,P_31_703_a ^ P_31_703_b,P_31_603,Conjunction (Conj): Rule 7,VALIDATED,PASS,PASS,Parent proposition aggregating two subsections. Both apply conjunctively.,HIGH
31,31.703(a),P_31_703_a,"Contracts that refer to this subpart for determining allowable costs must be deemed to refer to and must have the allowability of costs determined by the contracting officer in accordance with, the OMB Uniform Guidance at 2 CFR part 200, subpart E and appendix IV in effect on the date of the contract.","P_31_703_a_1: Contracts referring to this subpart must be deemed to refer to OMB Uniform Guidance at 2 CFR part 200, subpart E and appendix IV; P_31_703_a_2: Allowability must be determined by CO in accordance with that guidance; P_31_703_a_3: Applicable version is the one in effect on the date of the contract",ContractRefersToSubpart31_7 -> (P_31_703_a_1 ^ P_31_703_a_2 ^ P_31_703_a_3),P_31_703,Material Implication (Impl): Rule 15 [HIGH-RISK]; Conjunction (Conj): Rule 7,PENDING_REVIEW,PASS,PASS,Parallel structure to 31.303(a) and 31.603(a). Conditional with three mandatory conjunctive requirements. HIGH-RISK due to implication.,MEDIUM
31,31.703(b),P_31_703_b,"Agencies are not expected to place additional restrictions on individual items of cost. However, under 10 U.S.C. 3744 and 41 U.S.C. 4304, the costs cited in 31.603(c) are unallowable.","P_31_703_b_1: Agencies are not expected to place additional restrictions on individual cost items for nonprofit contracts; P_31_703_b_2: Under 10 U.S.C. 3744 and 41 U.S.C. 4304, costs cited in 31.603(c) are unallowable for nonprofit contracts",~ExpectedAdditionalRestrictions_Agencies_Nonprofit ^ (StatutoryAuthority_10USC3744_41USC4304 -> ~Allowable(CostsIn_31_603_c)),P_31_703; P_31_603,Negation (Neg): Rule 10; Conjunction (Conj): Rule 7; Material Implication (Impl): Rule 15 [HIGH-RISK],PENDING_REVIEW,PASS,PASS,Two atomics joined conjunctively. First is advisory negation (parallels 31.303(b)/603(b)). Second is statutory mandate incorporating 31.603(c) unallowable costs by reference. 'However' signals the exception/override. Cross-reference to P_31_603_c. HIGH-RISK due to implication from statutory authority.,MEDIUM