RFO_Part,Section_Number,Propositional_ID,Natural_Language,Atomic_Propositions,Formal_Logic_Statement,Dependencies,Justification_Rules,Validation_Status,Logical_Check,Real_World_Check,Validation_Notes,Confidence_Level
14,14.000,P_14_000,"This part prescribes (a) the basic requirements of contracting for supplies and services (including construction) by sealed bidding, (b) the information to be included in the invitation for bids (IFB), (c) procedures concerning the submission of bids, (d) requirements for opening, evaluating bids, awarding contracts, and (e) procedures for two-step sealed bidding.","P_14_000_a: Part 14 prescribes basic requirements of contracting by sealed bidding; P_14_000_b: Part 14 prescribes information to be included in IFB; P_14_000_c: Part 14 prescribes procedures concerning submission of bids; P_14_000_d: Part 14 prescribes requirements for opening, evaluating bids, and awarding contracts; P_14_000_e: Part 14 prescribes procedures for two-step sealed bidding",P_14_000 = P_14_000_a ∧ P_14_000_b ∧ P_14_000_c ∧ P_14_000_d ∧ P_14_000_e,None,Conjunction (Conj): Rule 7,VALIDATED,PASS,PASS,"Scope statement establishing five conjunctive areas covered by Part 14. All five are descriptive of part coverage, not prescriptive requirements. Straightforward conjunction.",HIGH
14,14.1,P_14_1,General requirements for sealed bidding (Subpart 14.1).,"P_14_1: General requirements for sealed bidding consist of paragraphs (a), (b), and (c)",P_14_1 = P_14_1_a ∧ P_14_1_b ∧ P_14_1_c,None,Conjunction (Conj): Rule 7,VALIDATED,PASS,PASS,Parent proposition for Subpart 14.1. Three subsections are conjunctively required.,HIGH
14,14.1(a),P_14_1_a,"Sealed bidding is a method of contracting that employs competitive bids, public opening of bids, and awards.",P_14_1_a_1: Sealed bidding employs competitive bids; P_14_1_a_2: Sealed bidding employs public opening of bids; P_14_1_a_3: Sealed bidding employs awards,P_14_1_a = P_14_1_a_1 ∧ P_14_1_a_2 ∧ P_14_1_a_3,None,Conjunction (Conj): Rule 7,VALIDATED,PASS,PASS,Definitional statement. Three elements define sealed bidding. All three are necessary characteristics. Declarative 'is' establishes definition rather than mandate.,HIGH
14,14.1(b),P_14_1_b,Use sealed bidding whenever the conditions in 6.101(b) are met.,P_14_1_b_a: Conditions in 6.101(b) are met; P_14_1_b_b: Sealed bidding is used,P_14_1_b_a ⊃ P_14_1_b_b,None,Material Implication (Impl): Rule 15 [HIGH-RISK],PENDING_REVIEW,PASS,PASS,"Mandatory conditional: meeting conditions in 6.101(b) triggers requirement to use sealed bidding. 'Whenever' indicates material implication. External dependency on Part 6. HIGH-RISK because implication could be read as biconditional (sealed bidding used ONLY when conditions met), but text does not say 'only when.'",MEDIUM
14,14.1(c),P_14_1_c,The contracting officer must use firm-fixed-price contracts when using sealed bidding or fixed-price contracts with economic price adjustment clauses when some flexibility is necessary and feasible.,P_14_1_c_a: Sealed bidding is being used; P_14_1_c_b: CO uses firm-fixed-price contracts; P_14_1_c_c: Some flexibility is necessary and feasible; P_14_1_c_d: CO uses fixed-price contracts with economic price adjustment clauses,(P_14_1_c_a ∧ ~P_14_1_c_c) ⊃ P_14_1_c_b; (P_14_1_c_a ∧ P_14_1_c_c) ⊃ P_14_1_c_d,None,Material Implication (Impl): Rule 15 [HIGH-RISK]; Conjunction (Conj): Rule 7; Negation (Neg): Rule 10,PENDING_REVIEW,PASS,PASS,Two conditional paths: default is FFP when using sealed bidding; FP-EPA permitted when flexibility necessary and feasible. 'Must' makes both paths mandatory under their respective conditions. The 'or' here is exclusive based on whether flexibility condition is met. HIGH-RISK because the two implications partition the sealed bidding condition.,MEDIUM
14,14.201,P_14_201,Preparation of invitations for bids.,"P_14_201: Preparation of invitations for bids encompasses format, uniform contract format, requirements, economic purchase quantities, bid samples, descriptive literature, and solicitation provisions",P_14_201 = P_14_201_1 ∧ P_14_202 ∧ P_14_203 ∧ P_14_204 ∧ P_14_205 ∧ P_14_206 ∧ P_14_207,None,Conjunction (Conj): Rule 7,VALIDATED,PASS,PASS,Parent proposition for Subpart 14.2 Presolicitation. All subsections are conjunctively required components of IFB preparation.,HIGH
14,14.201-1,P_14_201_1,Format requirements for IFBs.,"P_14_201_1: Format requirements encompass uniform contract format use, exceptions, and simplified contract format option",P_14_201_1 = P_14_201_1_a ∧ P_14_201_1_b ∧ P_14_201_1_c_1 ∧ P_14_201_1_c_2,None,Conjunction (Conj): Rule 7,VALIDATED,PASS,PASS,Parent proposition for section 14.201-1 format requirements.,HIGH
14,14.201-1(a),P_14_201_1_a,"Contracting officers must prepare invitation for bids and contracts using parts I, II, III, and IV of the uniform contract format (see part 15) to the maximum practicable extent.",P_14_201_1_a_a: COs prepare IFBs and contracts using uniform contract format parts I-IV; P_14_201_1_a_b: Use is to maximum practicable extent,P_14_201_1_a = P_14_201_1_a_a ∧ P_14_201_1_a_b,EXT_Part_15,Conjunction (Conj): Rule 7,VALIDATED,PASS,PASS,Mandatory requirement ('must') qualified by 'to the maximum practicable extent.' Conjunction of the action and its qualifier. External reference to Part 15.,HIGH
14,14.201-1(b),P_14_201_1_b,"The uniform contract format is not required when contracting for: (1) Construction (see part 36); (2) Shipbuilding (including design, construction, and conversion), ship overhaul, and ship repair; (3) Subsistence items; (4) Supplies or services requiring special contract forms prescribed elsewhere in this regulation that are inconsistent with the uniform contract format; or (5) Firm-fixed-price or fixed-price with economic price adjustment acquisitions that use the simplified contract format.","P_14_201_1_b_1: Contracting for construction; P_14_201_1_b_2: Contracting for shipbuilding, ship overhaul, or ship repair; P_14_201_1_b_3: Contracting for subsistence items; P_14_201_1_b_4: Supplies or services requiring special contract forms inconsistent with UCF; P_14_201_1_b_5: FFP or FP-EPA acquisitions using simplified contract format; P_14_201_1_b_x: Uniform contract format is not required",(P_14_201_1_b_1 ∨ P_14_201_1_b_2 ∨ P_14_201_1_b_3 ∨ P_14_201_1_b_4 ∨ P_14_201_1_b_5) ⊃ ~P_14_201_1_a_a,EXT_Part_36,Material Implication (Impl): Rule 15 [HIGH-RISK]; Disjunction (Add): Rule 8; Negation (Neg): Rule 10,PENDING_REVIEW,PASS,PASS,Any one of five disjunctive conditions triggers exception to UCF requirement. 'Or' at end of list confirms disjunction. Each exception independently sufficient. Negates the parent requirement in P_14_201_1_a. HIGH-RISK: implication used to model exception to general rule.,MEDIUM
14,14.201-1(c)(1),P_14_201_1_c_1,The contracting officer may use the simplified contract format in lieu of the uniform contract format.,P_14_201_1_c_1_a: CO uses simplified contract format in lieu of uniform contract format,P_14_201_1_c_1 = P_14_201_1_c_1_a ∨ ~P_14_201_1_c_1_a,None,Addition (Add): Rule 8; Tautology (Taut): Rule 18,VALIDATED,PASS,PASS,Permissive 'may' creates discretionary authority. Tautology represents unrestricted choice. CO has full discretion to use or not use simplified format.,HIGH
14,14.201-1(c)(2),P_14_201_1_c_2,The contracting officer has flexibility in preparation and organization of the simplified contract format.,P_14_201_1_c_2: CO has flexibility in simplified contract format preparation and organization,P_14_201_1_c_2 = P_14_201_1_c_2_i ∧ P_14_201_1_c_2_ii ∧ P_14_201_1_c_2_iii ∧ P_14_201_1_c_2_iv ∧ P_14_201_1_c_2_v,None,Conjunction (Conj): Rule 7,PENDING_REVIEW,PASS,PASS,"Parent for simplified contract format elements. 'Should be used to the maximum extent practical' is advisory, not mandatory. PENDING_REVIEW due to advisory 'should.'",MEDIUM
14,14.201-1(c)(2)(i),P_14_201_1_c_2_i,"Use Standard Form (SF) 1447, Solicitation/Contract, as the first page of the IFB.",P_14_201_1_c_2_i_a: SF 1447 is used as first page of IFB,P_14_201_1_c_2_i = P_14_201_1_c_2_i_a,None,None (atomic proposition),PENDING_REVIEW,PASS,PASS,Advisory requirement under 'should' framework of parent. Single atomic proposition. Format is advisory per parent's 'should' qualifier.,MEDIUM
14,14.201-1(c)(2)(ii),P_14_201_1_c_2_ii,"Include the following for each line item: (A) Line item number. (B) Description of supplies or services, or data sufficient to identify the requirement. (C) Quantity and unit of issue. (D) Unit price and amount. (E) Packaging and marking requirements. (F) Inspection and acceptance, quality assurance, and reliability requirements. (G) Place of delivery, performance and delivery dates, period of performance, and f.o.b. point. (H) Other item-peculiar information as necessary (e.g., individual fund citations).","P_14_201_1_c_2_ii_A: Line item number included; P_14_201_1_c_2_ii_B: Description of supplies or services included; P_14_201_1_c_2_ii_C: Quantity and unit of issue included; P_14_201_1_c_2_ii_D: Unit price and amount included; P_14_201_1_c_2_ii_E: Packaging and marking requirements included; P_14_201_1_c_2_ii_F: Inspection and acceptance, quality assurance, and reliability requirements included; P_14_201_1_c_2_ii_G: Place of delivery, performance and delivery dates, period of performance, and f.o.b. point included; P_14_201_1_c_2_ii_H: Other item-peculiar information as necessary included",P_14_201_1_c_2_ii = P_14_201_1_c_2_ii_A ∧ P_14_201_1_c_2_ii_B ∧ P_14_201_1_c_2_ii_C ∧ P_14_201_1_c_2_ii_D ∧ P_14_201_1_c_2_ii_E ∧ P_14_201_1_c_2_ii_F ∧ P_14_201_1_c_2_ii_G ∧ P_14_201_1_c_2_ii_H,None,Conjunction (Conj): Rule 7,PENDING_REVIEW,PASS,PASS,Eight conjunctive line item elements under advisory 'should' framework. All eight required for each line item when using simplified format. Item (H) includes discretionary 'as necessary' qualifier. PENDING_REVIEW due to parent advisory status.,MEDIUM
14,14.201-1(c)(2)(iii),P_14_201_1_c_2_iii,Include the clauses required by this regulation. Additional clauses must be incorporated only when necessary to the particular acquisition.,P_14_201_1_c_2_iii_a: Required clauses included; P_14_201_1_c_2_iii_b: Additional clauses incorporated only when necessary to particular acquisition,P_14_201_1_c_2_iii = P_14_201_1_c_2_iii_a ∧ (P_14_201_1_c_2_iii_b ⊃ P_14_201_1_c_2_iii_a),None,Conjunction (Conj): Rule 7; Material Implication (Impl): Rule 15 [HIGH-RISK],PENDING_REVIEW,PASS,PASS,"Two-part requirement: mandatory inclusion of required clauses, and conditional limitation on additional clauses. 'Must' in second sentence is mandatory. HIGH-RISK for implication modeling the necessity condition.",MEDIUM
14,14.201-1(c)(2)(iv),P_14_201_1_c_2_iv,List of documents and attachments (include if necessary).,P_14_201_1_c_2_iv_a: Necessity for documents and attachments list exists; P_14_201_1_c_2_iv_b: List of documents and attachments included,P_14_201_1_c_2_iv_a ⊃ P_14_201_1_c_2_iv_b,None,Material Implication (Impl): Rule 15 [HIGH-RISK],PENDING_REVIEW,PASS,PASS,Conditional inclusion: 'if necessary' triggers inclusion. Advisory under parent 'should' framework. HIGH-RISK: conditional trigger on necessity determination.,MEDIUM
14,14.201-1(c)(2)(v),P_14_201_1_c_2_v,"Representations and instructions: (A) Insert the IFB provisions that require representations, certifications, or the submission of other information by offerors. (B) Insert the IFB provisions required by 14.207. Include any other information/instructions necessary to guide offerors. (C) Insert all price related evaluation factors and any significant price related subfactors for award. (D) Upon award, the contracting officer must retain the representations and instructions in the contract file.","P_14_201_1_c_2_v_A: IFB provisions requiring representations, certifications, or other information inserted; P_14_201_1_c_2_v_B: IFB provisions required by 14.207 and other necessary information/instructions inserted; P_14_201_1_c_2_v_C: All price related evaluation factors and significant subfactors inserted; P_14_201_1_c_2_v_D: Upon award, CO retains representations and instructions in contract file",P_14_201_1_c_2_v = P_14_201_1_c_2_v_A ∧ P_14_201_1_c_2_v_B ∧ P_14_201_1_c_2_v_C ∧ P_14_201_1_c_2_v_D,P_14_207,Conjunction (Conj): Rule 7,PENDING_REVIEW,PASS,PASS,Four conjunctive requirements for representations and instructions section. Item (D) uses mandatory 'must' for post-award retention. Items (A)-(C) are advisory under parent 'should' but item (D) is independently mandatory. PENDING_REVIEW due to mixed advisory/mandatory elements.,MEDIUM
14,14.202,P_14_202,Uniform contract format.,"P_14_202: Uniform contract format encompasses Part I Schedule, Part II Contract clauses, Part III Documents/exhibits/attachments, and Part IV Representations and instructions",P_14_202 = P_14_202_1 ∧ P_14_202_2 ∧ P_14_202_3 ∧ P_14_202_4,None,Conjunction (Conj): Rule 7,VALIDATED,PASS,PASS,Parent proposition for section 14.202. Four parts of uniform contract format are conjunctively required.,HIGH
14,14.202-1,P_14_202_1,The contracting officer must prepare the Schedule as follows.,P_14_202_1: Part I Schedule preparation encompasses Sections A through H,P_14_202_1 = P_14_202_1_a ∧ P_14_202_1_b ∧ P_14_202_1_c ∧ P_14_202_1_d ∧ P_14_202_1_e ∧ P_14_202_1_f ∧ P_14_202_1_g ∧ P_14_202_1_h,None,Conjunction (Conj): Rule 7,VALIDATED,PASS,PASS,Parent proposition. 'Must prepare' makes all sections mandatory. Eight conjunctive sections (A-H) required.,HIGH
14,14.202-1(a),P_14_202_1_a,"Section A, Solicitation/contract form.",P_14_202_1_a: Section A requirements include standard form selection and required content if standard forms not used,P_14_202_1_a = P_14_202_1_a_1 ∧ P_14_202_1_a_2,None,Conjunction (Conj): Rule 7,VALIDATED,PASS,PASS,Parent for Section A. Two conjunctive subsections covering form selection and alternative content requirements.,HIGH
14,14.202-1(a)(1),P_14_202_1_a_1,"For sealed bidding the SF 33 or the SF 1447 may be used. When the SF 1447 is used as the IFB document, insert the information in subdivisions (a)(2)(i) and (a)(2)(iv) of this section in block 9 of the SF 1447.",P_14_202_1_a_1_a: SF 33 is used for sealed bidding; P_14_202_1_a_1_b: SF 1447 is used for sealed bidding; P_14_202_1_a_1_c: SF 1447 is used as IFB document; P_14_202_1_a_1_d: Information from (a)(2)(i) and (a)(2)(iv) inserted in block 9 of SF 1447,(P_14_202_1_a_1_a ∨ P_14_202_1_a_1_b) ∧ (P_14_202_1_a_1_c ⊃ P_14_202_1_a_1_d),None,Disjunction (Add): Rule 8; Conjunction (Conj): Rule 7; Material Implication (Impl): Rule 15 [HIGH-RISK],PENDING_REVIEW,PASS,PASS,Permissive 'may' for form selection (disjunction). Conditional requirement when SF 1447 used as IFB. HIGH-RISK: implication models the 'when' conditional for SF 1447 usage.,MEDIUM
14,14.202-1(a)(2),P_14_202_1_a_2,"If the SF 33 or the SF 1447 are not used, include the following on the first page of the invitation for bids: (i) Name, address, and location of issuing activity, including room and building where bids must be submitted. (ii) Invitation for bids number. (iii) Date of issuance. (iv) Time specified for receipt of bids. (v) Number of pages. (vi) Requisition or other purchase authority. (vii) Requirement for a bidder to provide its name and complete address, including street, city, county, State, and ZIP code. (viii) A statement that bidders should include in the bid the address to which payment should be mailed, if that address is different from that of the bidder.","P_14_202_1_a_2_cond: SF 33 and SF 1447 are not used; P_14_202_1_a_2_i: Name, address, and location of issuing activity included; P_14_202_1_a_2_ii: IFB number included; P_14_202_1_a_2_iii: Date of issuance included; P_14_202_1_a_2_iv: Time specified for receipt of bids included; P_14_202_1_a_2_v: Number of pages included; P_14_202_1_a_2_vi: Requisition or other purchase authority included; P_14_202_1_a_2_vii: Requirement for bidder name and complete address included; P_14_202_1_a_2_viii: Statement about payment mailing address included",P_14_202_1_a_2_cond ⊃ (P_14_202_1_a_2_i ∧ P_14_202_1_a_2_ii ∧ P_14_202_1_a_2_iii ∧ P_14_202_1_a_2_iv ∧ P_14_202_1_a_2_v ∧ P_14_202_1_a_2_vi ∧ P_14_202_1_a_2_vii ∧ P_14_202_1_a_2_viii),None,Material Implication (Impl): Rule 15 [HIGH-RISK]; Conjunction (Conj): Rule 7,PENDING_REVIEW,PASS,PASS,"Conditional trigger: not using standard forms requires eight conjunctive elements on first page. Item (viii) uses advisory 'should' but is framed as a required statement to be included, making its inclusion mandatory even though the bidder action it describes is advisory. HIGH-RISK: implication on negative condition.",MEDIUM
14,14.202-1(b),P_14_202_1_b,"Section B, Supplies or services and prices. (1) See 15.108-1(b). (2) Optional Form 336 (OF 336), Continuation Sheet, may be used.",P_14_202_1_b_1: Section B content per 15.108-1(b); P_14_202_1_b_2: OF 336 may be used,P_14_202_1_b = P_14_202_1_b_1 ∧ (P_14_202_1_b_2 ∨ ~P_14_202_1_b_2),None,Conjunction (Conj): Rule 7; Tautology (Taut): Rule 18,VALIDATED,PASS,PASS,Mandatory reference to Part 15 for Section B content. OF 336 use is permissive ('may'). Tautology for permissive element.,HIGH
14,14.202-1(c),P_14_202_1_c,"Section C, Description/specifications (see 15.108-1(c)).",P_14_202_1_c_a: Section C prepared per 15.108-1(c),P_14_202_1_c = P_14_202_1_c_a,None,None (atomic proposition),VALIDATED,PASS,PASS,Direct cross-reference to Part 15 for Section C content. Single atomic requirement.,HIGH
14,14.202-1(d),P_14_202_1_d,"Section D, Packaging and marking (see 15.108-1(d)).",P_14_202_1_d_a: Section D prepared per 15.108-1(d),P_14_202_1_d = P_14_202_1_d_a,None,None (atomic proposition),VALIDATED,PASS,PASS,Direct cross-reference to Part 15 for Section D.,HIGH
14,14.202-1(e),P_14_202_1_e,"Section E, Inspection and acceptance (see 15.108-1(e)).",P_14_202_1_e_a: Section E prepared per 15.108-1(e),P_14_202_1_e = P_14_202_1_e_a,None,None (atomic proposition),VALIDATED,PASS,PASS,Direct cross-reference to Part 15 for Section E.,HIGH
14,14.202-1(f),P_14_202_1_f,"Section F, Deliveries or performance (see 15.108-1(f)).",P_14_202_1_f_a: Section F prepared per 15.108-1(f),P_14_202_1_f = P_14_202_1_f_a,None,None (atomic proposition),VALIDATED,PASS,PASS,Direct cross-reference to Part 15 for Section F.,HIGH
14,14.202-1(g),P_14_202_1_g,"Section G, Contract administration data (see 15.108-1(g)).",P_14_202_1_g_a: Section G prepared per 15.108-1(g),P_14_202_1_g = P_14_202_1_g_a,None,None (atomic proposition),VALIDATED,PASS,PASS,Direct cross-reference to Part 15 for Section G.,HIGH
14,14.202-1(h),P_14_202_1_h,"Section H, Special contract requirements (see 15.108-1(h)).",P_14_202_1_h_a: Section H prepared per 15.108-1(h),P_14_202_1_h = P_14_202_1_h_a,None,None (atomic proposition),VALIDATED,PASS,PASS,Direct cross-reference to Part 15 for Section H.,HIGH
14,14.202-2,P_14_202_2,"Section I, Contract clauses (see 15.108-2).",P_14_202_2_a: Section I prepared per 15.108-2,P_14_202_2 = P_14_202_2_a,None,None (atomic proposition),VALIDATED,PASS,PASS,Direct cross-reference to Part 15 for Section I.,HIGH
14,14.202-3,P_14_202_3,"Section J, List of documents, exhibits, and other attachments (see 15.108-3).",P_14_202_3_a: Section J prepared per 15.108-3,P_14_202_3 = P_14_202_3_a,None,None (atomic proposition),VALIDATED,PASS,PASS,Direct cross-reference to Part 15 for Section J.,HIGH
14,14.202-4,P_14_202_4,The contracting officer must prepare the representations and instructions as follows.,"P_14_202_4: Part IV encompasses Sections K, L, and M",P_14_202_4 = P_14_202_4_a ∧ P_14_202_4_b ∧ P_14_202_4_c,None,Conjunction (Conj): Rule 7,VALIDATED,PASS,PASS,Parent proposition. 'Must prepare' makes all three sections mandatory.,HIGH
14,14.202-4(a),P_14_202_4_a,"Section K, Representations, certifications, and other statements of bidders (see 15.108-4(a)).",P_14_202_4_a_1: Section K prepared per 15.108-4(a),P_14_202_4_a = P_14_202_4_a_1,None,None (atomic proposition),VALIDATED,PASS,PASS,Direct cross-reference to Part 15 for Section K.,HIGH
14,14.202-4(b),P_14_202_4_b,"Section L, Instructions, conditions, and notices to bidders (see 15.108-4(b)). The contracting officer must include the time and place for bid openings.",P_14_202_4_b_1: Section L prepared per 15.108-4(b); P_14_202_4_b_2: CO includes time and place for bid openings,P_14_202_4_b = P_14_202_4_b_1 ∧ P_14_202_4_b_2,None,Conjunction (Conj): Rule 7,VALIDATED,PASS,PASS,Two conjunctive requirements: Part 15 cross-reference and mandatory inclusion of bid opening time/place. 'Must' makes both mandatory.,HIGH
14,14.202-4(c),P_14_202_4_c,"Section M, Evaluation factors for award (see 15.108-4(c)).",P_14_202_4_c_1: Section M prepared per 15.108-4(c),P_14_202_4_c = P_14_202_4_c_1,None,None (atomic proposition),VALIDATED,PASS,PASS,Direct cross-reference to Part 15 for Section M.,HIGH
14,14.203,P_14_203,IFB Requirements.,"P_14_203: IFB requirements encompass description, prohibition on restrictive specs, inclusion of documents, evaluation statement, and qualification requirements",P_14_203 = P_14_203_a ∧ P_14_203_b ∧ P_14_203_c ∧ P_14_203_d ∧ P_14_203_e,None,Conjunction (Conj): Rule 7,VALIDATED,PASS,PASS,Parent proposition for section 14.203. Five conjunctive requirements for IFB content.,HIGH
14,14.203(a),P_14_203_a,"An IFB must clearly, accurately, and completely describe the Government requirements.",P_14_203_a_1: IFB describes Government requirements clearly; P_14_203_a_2: IFB describes Government requirements accurately; P_14_203_a_3: IFB describes Government requirements completely,P_14_203_a = P_14_203_a_1 ∧ P_14_203_a_2 ∧ P_14_203_a_3,None,Conjunction (Conj): Rule 7,VALIDATED,PASS,PASS,"Three conjunctive quality standards for IFB description. 'Must' makes all three mandatory. Clear, accurate, and complete are independent criteria.",HIGH
14,14.203(b),P_14_203_b,Restrictive specifications or requirements that might unduly limit the number of bidders are prohibited.,P_14_203_b_a: Specifications or requirements are restrictive and might unduly limit bidders; P_14_203_b_b: Such specifications or requirements are prohibited,P_14_203_b_a ⊃ ~P_14_203_b_b,None,Material Implication (Impl): Rule 15 [HIGH-RISK]; Negation (Neg): Rule 10,PENDING_REVIEW,PASS,PASS,"Prohibition modeled as: if restrictive and unduly limiting, then prohibited (negation of their use). 'Might unduly limit' introduces subjective threshold. HIGH-RISK: implication on prohibition with subjective trigger condition.",MEDIUM
14,14.203(c),P_14_203_c,Include all documents and information (whether attached or incorporated by reference) prospective bidders will need for the purpose of bidding.,P_14_203_c_a: All documents and information needed for bidding are included (attached or by reference),P_14_203_c = P_14_203_c_a,None,None (atomic proposition),VALIDATED,PASS,PASS,Mandatory inclusion requirement. Single atomic. 'Will need' establishes the scope of what must be included.,HIGH
14,14.203(d),P_14_203_d,"The contracting officer must state in the invitation for bids that bids will be evaluated without discussions (see 52.214-10 and, for construction contracts, 52.214-19).",P_14_203_d_a: IFB states bids will be evaluated without discussions,P_14_203_d = P_14_203_d_a,EXT_52_214_10; EXT_52_214_19,None (atomic proposition),VALIDATED,PASS,PASS,Mandatory statement requirement. 'Must state' is unambiguous mandate. External references to FAR clauses 52.214-10 and 52.214-19.,HIGH
14,14.203(e),P_14_203_e,"When considering establishing qualification requirements, see and follow subpart 9.2.",P_14_203_e_a: CO is considering establishing qualification requirements; P_14_203_e_b: CO follows subpart 9.2,P_14_203_e_a ⊃ P_14_203_e_b,EXT_Part_9; EXT_Subpart_9_2,Material Implication (Impl): Rule 15 [HIGH-RISK],PENDING_REVIEW,PASS,PASS,Conditional: considering qualification requirements triggers requirement to follow subpart 9.2. 'When' functions as conditional trigger. HIGH-RISK: implication on a subjective precondition ('considering').,MEDIUM
14,14.204,P_14_204,"Contracting officers must comply with the economic purchase quantity planning requirements for supplies in part 7. See part 7 for instructions regarding use of the provision at 52.207-4, Economic Purchase Quantity-Supplies, and for guidance on handling responses to that provision.",P_14_204_a: COs comply with economic purchase quantity planning requirements in part 7,P_14_204 = P_14_204_a,EXT_52_207_4; EXT_Part_7,None (atomic proposition),VALIDATED,PASS,PASS,"Mandatory compliance requirement. 'Must comply' is unambiguous. External reference to Part 7 and clause 52.207-4. Second sentence is informational cross-reference, not separate requirement.",HIGH
14,14.205,P_14_205,Bid samples.,"P_14_205: Bid samples requirements encompass conditions for requiring, IFB statements, waivers, unrequired samples, and return procedures",P_14_205 = P_14_205_a ∧ P_14_205_b ∧ P_14_205_c_1 ∧ P_14_205_c_2 ∧ P_14_205_d ∧ P_14_205_e,None,Conjunction (Conj): Rule 7,VALIDATED,PASS,PASS,Parent proposition for section 14.205. Six conjunctive subsections.,HIGH
14,14.205(a),P_14_205_a,"The contracting officer must not require bidders to furnish bid samples unless: (1) Characteristics of the product cannot be described adequately in the specification or purchase description; (2) Necessary to determine the responsiveness of the bid. Do not use samples to determine a bidder's ability to produce the required items; and (3) Products must be suitable from the standpoint of balance, facility of use, general feel, color, pattern, or other characteristics that cannot be described adequately in the specification.",P_14_205_a_0: CO requires bid samples; P_14_205_a_1: Product characteristics cannot be described adequately in specification; P_14_205_a_2: Samples necessary to determine bid responsiveness (not bidder ability); P_14_205_a_3: Products must be suitable from standpoint of characteristics that cannot be described adequately,~(P_14_205_a_1 ∧ P_14_205_a_2 ∧ P_14_205_a_3) ⊃ ~P_14_205_a_0,None,Material Implication (Impl): Rule 15 [HIGH-RISK]; Conjunction (Conj): Rule 7; Negation (Neg): Rule 10,PENDING_REVIEW,PASS,PASS,Prohibition with three conjunctive exceptions. 'Must not...unless' creates negative default with conditional override. All three conditions must be met simultaneously ('and' connector) for bid samples to be permissible. Includes internal prohibition against using samples for bidder ability assessment. HIGH-RISK: complex negated implication with conjunctive exceptions.,MEDIUM
14,14.205(b),P_14_205_b,"If the contracting officer requires bid samples, the IFB must state: (1) The number and, if appropriate, size, and description of the bid samples required; and (2) List all the characteristics for which the bid samples will be examined.","P_14_205_b_cond: CO requires bid samples; P_14_205_b_1: IFB states number, size, and description of samples required; P_14_205_b_2: IFB lists all characteristics for which samples will be examined",P_14_205_b_cond ⊃ (P_14_205_b_1 ∧ P_14_205_b_2),None,Material Implication (Impl): Rule 15 [HIGH-RISK]; Conjunction (Conj): Rule 7,PENDING_REVIEW,PASS,PASS,Conditional: requiring bid samples triggers two mandatory IFB content requirements. Both required conjunctively. HIGH-RISK: implication on conditional trigger.,MEDIUM
14,14.205(c)(1),P_14_205_c_1,Contracting officers may waive bid sample requirements when a bidder offers a product previously or currently contracted for or tested by the Government and found to comply with specification requirements conforming in every material respect with those in the current invitation for bids. (See 14.207(j)(2)).,P_14_205_c_1_a: Bidder offers product previously/currently contracted for or tested by Government; P_14_205_c_1_b: Product found to comply with spec requirements conforming in every material respect; P_14_205_c_1_c: CO waives bid sample requirements,(P_14_205_c_1_a ∧ P_14_205_c_1_b) ⊃ (P_14_205_c_1_c ∨ ~P_14_205_c_1_c),P_14_207_j_2,Material Implication (Impl): Rule 15 [HIGH-RISK]; Conjunction (Conj): Rule 7; Tautology (Taut): Rule 18,PENDING_REVIEW,PASS,PASS,Permissive 'may' creates discretionary waiver. Two conjunctive conditions create eligibility. Tautology represents CO discretion.,MEDIUM
14,14.205(c)(2),P_14_205_c_2,"Where samples required by a Federal, Military, or other formal specification are not considered necessary and a waiver of the sample requirements of the specification is authorized, include a statement in the invitation that notwithstanding the requirements of the specification, samples are not required.",P_14_205_c_2_a: Spec-required samples not considered necessary; P_14_205_c_2_b: Waiver of spec sample requirements authorized; P_14_205_c_2_c: IFB includes statement that samples not required,(P_14_205_c_2_a ∧ P_14_205_c_2_b) ⊃ P_14_205_c_2_c,None,Material Implication (Impl): Rule 15 [HIGH-RISK]; Conjunction (Conj): Rule 7,PENDING_REVIEW,PASS,PASS,Conditional: two conjunctive conditions trigger mandatory IFB statement.,MEDIUM
14,14.205(d),P_14_205_d,"Bid samples furnished with a bid that are not required by the invitation generally will not be considered as qualifying the bid and will be disregarded. However, the bid sample will not be disregarded if it is clear from the bid or accompanying papers that the bidder's intention was to qualify the bid. If the qualification does not conform to the IFB, see 14.306-3(d).",P_14_205_d_a: Samples furnished but not required; P_14_205_d_b: Samples disregarded; P_14_205_d_c: Clear bidder intended to qualify bid; P_14_205_d_d: Sample not disregarded; P_14_205_d_e: Qualification does not conform to IFB; P_14_205_d_f: Process per 14.306-3(d),(P_14_205_d_a ∧ ~P_14_205_d_c) ⊃ P_14_205_d_b; (P_14_205_d_a ∧ P_14_205_d_c) ⊃ P_14_205_d_d; (P_14_205_d_d ∧ P_14_205_d_e) ⊃ P_14_205_d_f,P_14_306_3_d,Material Implication (Impl): Rule 15 [HIGH-RISK]; Conjunction (Conj): Rule 7; Negation (Neg): Rule 10,PENDING_REVIEW,PASS,PASS,Three conditional paths: default disregard; exception for clear intent; sub-exception for nonconforming qualification. Multiple sequential implications.,MEDIUM
14,14.205(e),P_14_205_e,"Return of bid samples: (1) Return samples not destroyed in testing to bidders at their request and expense, unless otherwise specified. (2) Request disposition instructions from bidders. (3) Return collect if disposition instructions not received within 30 days. Small items by prepaid mail. (4) Transmit inspection samples to inspecting activity with retention instructions. (5) Dispose consumed or impaired samples as scrap unless bidder requests return.",P_14_205_e_1: Non-destroyed samples returned at bidder request/expense unless invitation specifies otherwise; P_14_205_e_2: Disposition instructions requested; P_14_205_e_3: Return collect within 30 days if no instructions; P_14_205_e_4: Inspection samples transmitted to inspecting activity; P_14_205_e_5: Consumed/impaired samples disposed as scrap unless bidder requests return,P_14_205_e = P_14_205_e_1 ∧ P_14_205_e_2 ∧ P_14_205_e_3 ∧ P_14_205_e_4 ∧ P_14_205_e_5,None,Conjunction (Conj): Rule 7,VALIDATED,PASS,PASS,Five conjunctive procedural requirements for sample return. Each independently enforceable.,HIGH
14,14.206,P_14_206,Descriptive literature.,"P_14_206: Descriptive literature requirements encompass conditions for requiring, documentation, IFB statements, waivers, and unrequired literature procedures",P_14_206 = P_14_206_a ∧ P_14_206_b ∧ P_14_206_c_1 ∧ P_14_206_c_2 ∧ P_14_206_d_1 ∧ P_14_206_d_2 ∧ P_14_206_d_3 ∧ P_14_206_e,None,Conjunction (Conj): Rule 7,VALIDATED,PASS,PASS,Parent proposition for section 14.206.,HIGH
14,14.206(a),P_14_206_a,Contracting officers must not require bidders to furnish descriptive literature unless it is needed before award to determine whether the products offered meet the specification and to establish exactly what the bidder proposes to furnish.,P_14_206_a_cond: Descriptive literature needed before award to determine product compliance and establish what bidder proposes; P_14_206_a_req: CO requires descriptive literature,~P_14_206_a_cond ⊃ ~P_14_206_a_req,None,Material Implication (Impl): Rule 15 [HIGH-RISK]; Negation (Neg): Rule 10,PENDING_REVIEW,PASS,PASS,Prohibition with exception: 'must not...unless' creates default prohibition. Two conjunctive purposes must be met for exception.,MEDIUM
14,14.206(b),P_14_206_b,"The contracting officer must document in the contract file the justification why product acceptability cannot be determined without the submission of descriptive literature, except when the contract specifications require submission.",P_14_206_b_a: CO documents justification in contract file; P_14_206_b_b: Contract specifications require submission,~P_14_206_b_b ⊃ P_14_206_b_a,None,Material Implication (Impl): Rule 15 [HIGH-RISK]; Negation (Neg): Rule 10,PENDING_REVIEW,PASS,PASS,"Mandatory documentation with exception. When specs require submission, justification excused.",MEDIUM
14,14.206(c)(1),P_14_206_c_1,"If the invitation will require descriptive literature, the IFB must clearly state: (i) What descriptive literature the bidders must furnish; (ii) The purpose for requiring the literature; (iii) The extent of its consideration in the evaluation of bids; and (iv) The rules that will apply if a bidder fails to furnish the literature before bid opening or if the literature provided does not comply.",P_14_206_c_1_cond: Invitation requires descriptive literature; P_14_206_c_1_i: IFB states what literature required; P_14_206_c_1_ii: IFB states purpose; P_14_206_c_1_iii: IFB states extent of consideration; P_14_206_c_1_iv: IFB states rules for failure/noncompliance,P_14_206_c_1_cond ⊃ (P_14_206_c_1_i ∧ P_14_206_c_1_ii ∧ P_14_206_c_1_iii ∧ P_14_206_c_1_iv),None,Material Implication (Impl): Rule 15 [HIGH-RISK]; Conjunction (Conj): Rule 7,PENDING_REVIEW,PASS,PASS,Conditional: requiring literature triggers four mandatory IFB content elements.,MEDIUM
14,14.206(c)(2),P_14_206_c_2,"If bidders must furnish descriptive literature, see 14.207(k).",P_14_206_c_2_a: Bidders must furnish descriptive literature; P_14_206_c_2_b: Follow 14.207(k),P_14_206_c_2_a ⊃ P_14_206_c_2_b,P_14_207,Material Implication (Impl): Rule 15 [HIGH-RISK],PENDING_REVIEW,PASS,PASS,Simple conditional cross-reference.,MEDIUM
14,14.206(d)(1),P_14_206_d_1,"The contracting officer may waive the requirement for descriptive literature if: (i) The bidder states in the bid that the product being offered is the same as a product previously or currently being furnished to the contracting activity; and (ii) The contracting officer determines that the product offered complies with the specification requirements of the current invitation for bids. When the contracting officer waives the requirement, see 14.207(k)(2).",P_14_206_d_1_i: Bidder states product same as previously/currently furnished; P_14_206_d_1_ii: CO determines product complies with current spec requirements; P_14_206_d_1_w: CO waives literature requirement,(P_14_206_d_1_i ∧ P_14_206_d_1_ii) ⊃ (P_14_206_d_1_w ∨ ~P_14_206_d_1_w),P_14_207_k_2,Material Implication (Impl): Rule 15 [HIGH-RISK]; Conjunction (Conj): Rule 7; Tautology (Taut): Rule 18,PENDING_REVIEW,PASS,PASS,Permissive 'may' with two conjunctive conditions. Tautology for discretion.,MEDIUM
14,14.206(d)(2),P_14_206_d_2,"When descriptive literature is not necessary and a waiver of literature requirements of a specification has been authorized, the contracting officer must include a statement in the invitation that, despite the requirements of the specifications, descriptive literature is not required.",P_14_206_d_2_a: Literature not necessary; P_14_206_d_2_b: Waiver authorized; P_14_206_d_2_c: CO includes statement in invitation,(P_14_206_d_2_a ∧ P_14_206_d_2_b) ⊃ P_14_206_d_2_c,None,Material Implication (Impl): Rule 15 [HIGH-RISK]; Conjunction (Conj): Rule 7,PENDING_REVIEW,PASS,PASS,Conditional: two conditions trigger mandatory IFB statement.,MEDIUM
14,14.206(d)(3),P_14_206_d_3,"If the IFB provides for a waiver, a bidder may submit a bid on the basis of either the descriptive literature furnished with the bid or a previously furnished product. If the bid is submitted on one basis, the bidder may not have it considered on the other basis after bids are opened.",P_14_206_d_3_cond: IFB provides for waiver; P_14_206_d_3_a: Submit on basis of literature; P_14_206_d_3_b: Submit on basis of previously furnished product; P_14_206_d_3_c: Cannot switch basis after opening,P_14_206_d_3_cond ⊃ ((P_14_206_d_3_a ∨ P_14_206_d_3_b) ∧ P_14_206_d_3_c),None,Material Implication (Impl): Rule 15 [HIGH-RISK]; Disjunction (Add): Rule 8; Conjunction (Conj): Rule 7,PENDING_REVIEW,PASS,PASS,Conditional with exclusive choice and post-opening lock. Functionally exclusive disjunction due to prohibition on switching.,MEDIUM
14,14.206(e),P_14_206_e,"If descriptive literature is furnished when it is not required by the invitation for bids, follow the procedures at 14.205(d).",P_14_206_e_cond: Literature furnished when not required; P_14_206_e_act: Follow 14.205(d),P_14_206_e_cond ⊃ P_14_206_e_act,P_14_205_d,Material Implication (Impl): Rule 15 [HIGH-RISK],PENDING_REVIEW,PASS,PASS,Simple conditional cross-reference.,MEDIUM
14,14.207,P_14_207,Solicitation Provisions.,P_14_207: Solicitation provisions encompass general applicability and specific clause insertion requirements (a) through (q),P_14_207 = P_14_207_a ∧ P_14_207_b ∧ P_14_207_c ∧ P_14_207_d ∧ P_14_207_e ∧ P_14_207_f ∧ P_14_207_g ∧ P_14_207_h ∧ P_14_207_i ∧ P_14_207_j_1 ∧ P_14_207_j_2 ∧ P_14_207_j_3 ∧ P_14_207_k_1 ∧ P_14_207_k_2 ∧ P_14_207_k_3 ∧ P_14_207_l ∧ P_14_207_m ∧ P_14_207_n ∧ P_14_207_o ∧ P_14_207_p ∧ P_14_207_q,None,Conjunction (Conj): Rule 7,VALIDATED,PASS,PASS,Parent proposition for section 14.207.,HIGH
14,14.207(a),P_14_207_a,The provisions prescribed in this section apply to preparation and submission of bids in general. See other FAR parts for provisions and clauses related to specific acquisition requirements.,P_14_207_a_1: Section 14.207 provisions apply to bid preparation and submission generally,P_14_207_a = P_14_207_a_1,P_14_207,None (atomic proposition),VALIDATED,PASS,PASS,"Scope statement. Declarative, not prescriptive.",HIGH
14,14.207(b),P_14_207_b,"Insert in all invitations for bids the provisions at: (1) 52.214-3, Amendments to Invitations for Bids; (2) 52.214-4, False Statements in Bids; (3) 52.214-5, Submission of Bids; (4) 52.214-6, Explanation to Prospective Bidders; (5) 52.214-7, Late Submissions, Modifications, and Withdrawals of Bids.",P_14_207_b_1: 52.214-3 inserted in all IFBs; P_14_207_b_2: 52.214-4 inserted in all IFBs; P_14_207_b_3: 52.214-5 inserted in all IFBs; P_14_207_b_4: 52.214-6 inserted in all IFBs; P_14_207_b_5: 52.214-7 inserted in all IFBs,P_14_207_b = P_14_207_b_1 ∧ P_14_207_b_2 ∧ P_14_207_b_3 ∧ P_14_207_b_4 ∧ P_14_207_b_5,EXT_52_214_3; EXT_52_214_4; EXT_52_214_5; EXT_52_214_6; EXT_52_214_7,Conjunction (Conj): Rule 7,VALIDATED,PASS,PASS,Mandatory unconditional insertion of five provisions. No exceptions.,HIGH
14,14.207(c),P_14_207_c,"Insert in all invitations for bids, except those for construction, the provision at 52.214-10, Contract Award-Sealed Bidding.",P_14_207_c_cond: IFB is not for construction; P_14_207_c_act: 52.214-10 inserted,P_14_207_c_cond ⊃ P_14_207_c_act,EXT_52_214_10,Material Implication (Impl): Rule 15 [HIGH-RISK],PENDING_REVIEW,PASS,PASS,Conditional insertion with construction exception.,MEDIUM
14,14.207(d),P_14_207_d,"Insert in invitations for bids to which the uniform contract format applies, the provision at 52.214-12, Preparation of Bids.",P_14_207_d_cond: UCF applies to IFB; P_14_207_d_act: 52.214-12 inserted,P_14_207_d_cond ⊃ P_14_207_d_act,EXT_52_214_12,Material Implication (Impl): Rule 15 [HIGH-RISK],PENDING_REVIEW,PASS,PASS,Conditional on UCF applicability.,MEDIUM
14,14.207(e),P_14_207_e,"Insert the provision at 52.214-14, Place of Performance-Sealed Bidding, in invitations for bids except those in which the place of performance is specified by the Government.",P_14_207_e_cond: Place of performance not specified by Government; P_14_207_e_act: 52.214-14 inserted,P_14_207_e_cond ⊃ P_14_207_e_act,EXT_52_214_14,Material Implication (Impl): Rule 15 [HIGH-RISK],PENDING_REVIEW,PASS,PASS,Default insertion with exception when Government specifies place.,MEDIUM
14,14.207(f),P_14_207_f,"Insert the provision at 52.214-15, Period for Acceptance of Bids, in invitations for bids (IFBs) that are not issued on SF 33 or SF 1447 except IFBs for construction work or in which the Government specifies a minimum acceptance period.",P_14_207_f_cond: IFB not on SF 33/1447; P_14_207_f_exc1: Construction work; P_14_207_f_exc2: Government specifies minimum acceptance period; P_14_207_f_act: 52.214-15 inserted,(P_14_207_f_cond ∧ ~P_14_207_f_exc1 ∧ ~P_14_207_f_exc2) ⊃ P_14_207_f_act,EXT_52_214_15,Material Implication (Impl): Rule 15 [HIGH-RISK]; Conjunction (Conj): Rule 7; Negation (Neg): Rule 10,PENDING_REVIEW,PASS,PASS,"Complex conditional: three conditions must hold. Not on standard forms, not construction, no Government minimum period. All conjunctive.",MEDIUM
14,14.207(g),P_14_207_g,"Insert the provision at 52.214-16, Minimum Bid Acceptance Period, in invitations for bids, except for construction, if the contracting officer determines that a minimum acceptance period must be specified.",P_14_207_g_cond1: IFB not for construction; P_14_207_g_cond2: CO determines minimum acceptance period must be specified; P_14_207_g_act: 52.214-16 inserted,(P_14_207_g_cond1 ∧ P_14_207_g_cond2) ⊃ P_14_207_g_act,EXT_52_214_16,Material Implication (Impl): Rule 15 [HIGH-RISK]; Conjunction (Conj): Rule 7,PENDING_REVIEW,PASS,PASS,Dual conditional: not construction AND CO determines need. Both must be present.,MEDIUM
14,14.207(h),P_14_207_h,"Insert the provision at 52.214-18, Preparation of Bids-Construction, in invitations for bids for construction work.",P_14_207_h_cond: IFB for construction work; P_14_207_h_act: 52.214-18 inserted,P_14_207_h_cond ⊃ P_14_207_h_act,EXT_52_214_18,Material Implication (Impl): Rule 15 [HIGH-RISK],PENDING_REVIEW,PASS,PASS,Conditional insertion for construction IFBs only.,MEDIUM
14,14.207(i),P_14_207_i,"Insert the provision at 52.214-19, Contract Award-Sealed Bidding-Construction, in all invitations for bids for construction work.",P_14_207_i_cond: IFB for construction work; P_14_207_i_act: 52.214-19 inserted,P_14_207_i_cond ⊃ P_14_207_i_act,EXT_52_214_19,Material Implication (Impl): Rule 15 [HIGH-RISK],PENDING_REVIEW,PASS,PASS,Conditional insertion for all construction IFBs. 'All' reinforces universality within the condition.,MEDIUM
14,14.207(j)(1),P_14_207_j_1,"Insert the provision at 52.214-20, Bid Samples, in invitations for bids if bid samples are required.",P_14_207_j_1_cond: Bid samples required; P_14_207_j_1_act: 52.214-20 inserted,P_14_207_j_1_cond ⊃ P_14_207_j_1_act,EXT_52_214_20,Material Implication (Impl): Rule 15 [HIGH-RISK],PENDING_REVIEW,PASS,PASS,Conditional insertion when bid samples required.,MEDIUM
14,14.207(j)(2),P_14_207_j_2,"If it appears that the conditions in 14.205(c)(1) will apply and the contracting officer anticipates granting waivers and: (i) if the nature of the required product does not necessitate limiting the grant of a waiver to a product produced at the same plant in which the product previously acquired or tested was produced, use the provision with its Alternate I; or (ii) if the nature of the required product necessitates limiting the grant of a waiver to a product produced at the same plant, use the provision with its Alternate II.",P_14_207_j_2_cond: Conditions in 14.205(c)(1) apply and CO anticipates granting waivers; P_14_207_j_2_a: Same-plant limitation not necessitated; P_14_207_j_2_b: Same-plant limitation necessitated; P_14_207_j_2_act1: Use Alternate I; P_14_207_j_2_act2: Use Alternate II,P_14_207_j_2_cond ⊃ ((P_14_207_j_2_a ⊃ P_14_207_j_2_act1) ∧ (P_14_207_j_2_b ⊃ P_14_207_j_2_act2)),P_14_205_c_1,Material Implication (Impl): Rule 15 [HIGH-RISK]; Conjunction (Conj): Rule 7,PENDING_REVIEW,PASS,PASS,Nested conditional: outer condition triggers two inner conditionals selecting between Alternate I and II based on same-plant necessity. Exclusive choice between alternates. HIGH-RISK: nested implications with external dependency on 14.205(c)(1).,MEDIUM
14,14.207(j)(3),P_14_207_j_3,See 14.205(c)(2) regarding waiving the requirement for all bidders.,P_14_207_j_3_a: Follow 14.205(c)(2) for waiving bid sample requirements for all bidders,P_14_207_j_3 = P_14_207_j_3_a,P_14_205_c_2,None (atomic proposition; cross-reference),VALIDATED,PASS,PASS,Informational cross-reference. No independent requirement.,HIGH
14,14.207(k)(1),P_14_207_k_1,"Insert the provision at 52.214-21, Descriptive Literature, in invitations for bids if: (i) Descriptive literature is required to evaluate the technical acceptability of an offered product and (ii) The required information will not be readily available unless it is submitted by bidders.",P_14_207_k_1_i: Descriptive literature required for technical acceptability evaluation; P_14_207_k_1_ii: Required info not readily available unless bidders submit; P_14_207_k_1_act: 52.214-21 inserted,(P_14_207_k_1_i ∧ P_14_207_k_1_ii) ⊃ P_14_207_k_1_act,EXT_52_214_21,Material Implication (Impl): Rule 15 [HIGH-RISK]; Conjunction (Conj): Rule 7,PENDING_REVIEW,PASS,PASS,Dual conjunctive conditions trigger mandatory insertion. Both must be met.,MEDIUM
14,14.207(k)(2),P_14_207_k_2,Use the basic clause with its Alternate I if the possibility exists that the contracting officer may waive the requirement for furnishing descriptive literature for a bidder offering a previously supplied product that meets specification requirements of the current IFB.,P_14_207_k_2_cond: Possibility exists CO may waive for previously supplied product meeting specs; P_14_207_k_2_act: Use 52.214-21 with Alternate I,P_14_207_k_2_cond ⊃ P_14_207_k_2_act,EXT_52_214_21,Material Implication (Impl): Rule 15 [HIGH-RISK],PENDING_REVIEW,PASS,PASS,Conditional use of alternate provision based on waiver possibility.,MEDIUM
14,14.207(k)(3),P_14_207_k_3,See 14.206(d)(2) regarding waiving the requirement for all bidders.,P_14_207_k_3_a: Follow 14.206(d)(2) for waiving descriptive literature requirement for all bidders,P_14_207_k_3 = P_14_207_k_3_a,P_14_206_d_2,None (atomic proposition; cross-reference),VALIDATED,PASS,PASS,Informational cross-reference.,HIGH
14,14.207(l),P_14_207_l,"Insert the provision at 52.214-22, Evaluation of Bids for Multiple Awards, in invitations for bids if the contracting officer determines that multiple awards might be made if doing so is economically advantageous to the Government.",P_14_207_l_cond: CO determines multiple awards might be economically advantageous; P_14_207_l_act: 52.214-22 inserted,P_14_207_l_cond ⊃ P_14_207_l_act,EXT_52_214_22,Material Implication (Impl): Rule 15 [HIGH-RISK],PENDING_REVIEW,PASS,PASS,Conditional insertion based on CO determination of economic advantage.,MEDIUM
14,14.207(m),P_14_207_m,"Insert the provision at 52.214-23, Late Submissions, Modifications, Revisions, and Withdrawals of Technical Proposals under Two-Step Sealed Bidding, in solicitations for technical proposals in step one of two-step sealed bidding.",P_14_207_m_cond: Solicitation for technical proposals in step one of two-step; P_14_207_m_act: 52.214-23 inserted,P_14_207_m_cond ⊃ P_14_207_m_act,EXT_52_214_23,Material Implication (Impl): Rule 15 [HIGH-RISK],PENDING_REVIEW,PASS,PASS,Conditional insertion for two-step step one solicitations.,MEDIUM
14,14.207(n),P_14_207_n,"Insert the provision at 52.214-24, Multiple Technical Proposals, in solicitations for technical proposals in step one of two-step sealed bidding if the contracting officer permits the submission of multiple technical proposals.",P_14_207_n_cond1: Step one of two-step sealed bidding; P_14_207_n_cond2: CO permits multiple technical proposals; P_14_207_n_act: 52.214-24 inserted,(P_14_207_n_cond1 ∧ P_14_207_n_cond2) ⊃ P_14_207_n_act,EXT_52_214_24,Material Implication (Impl): Rule 15 [HIGH-RISK]; Conjunction (Conj): Rule 7,PENDING_REVIEW,PASS,PASS,Dual condition: step one context AND CO permission for multiples.,MEDIUM
14,14.207(o),P_14_207_o,"Insert the provision at 52.214-25, Step Two of Two-Step Sealed Bidding, in invitations for bids issued under step two of two-step sealed bidding.",P_14_207_o_cond: IFB issued under step two of two-step; P_14_207_o_act: 52.214-25 inserted,P_14_207_o_cond ⊃ P_14_207_o_act,EXT_52_214_25,Material Implication (Impl): Rule 15 [HIGH-RISK],PENDING_REVIEW,PASS,PASS,Conditional insertion for step two IFBs.,MEDIUM
14,14.207(p),P_14_207_p,"Insert the provision at 52.214-34, Submission of Offers in the English Language, in solicitations that include any of the clauses prescribed in part 25. It may be included in other solicitations when the contracting officer decides that it is necessary.",P_14_207_p_cond1: Solicitation includes part 25 clauses; P_14_207_p_cond2: CO decides necessary for other solicitations; P_14_207_p_act: 52.214-34 inserted,P_14_207_p_cond1 ⊃ P_14_207_p_act; P_14_207_p_cond2 ⊃ (P_14_207_p_act ∨ ~P_14_207_p_act),EXT_52_214_34; EXT_Part_25,Material Implication (Impl): Rule 15 [HIGH-RISK]; Tautology (Taut): Rule 18,PENDING_REVIEW,PASS,PASS,Two paths: mandatory when part 25 clauses present; permissive ('may') for other solicitations at CO discretion. Tautology for permissive path.,MEDIUM
14,14.207(q),P_14_207_q,"Insert the provision at 52.214-35, Submission of Offers in U.S. Currency, in solicitations that include any of the clauses prescribed in part 25, unless the contracting officer includes the clause at 52.225-17, Evaluation of Foreign Currency Offers, as prescribed in part 25. It may be included in other solicitations when the contracting officer decides that it is necessary.",P_14_207_q_cond1: Solicitation includes part 25 clauses; P_14_207_q_exc: 52.225-17 included; P_14_207_q_cond2: CO decides necessary for other solicitations; P_14_207_q_act: 52.214-35 inserted,(P_14_207_q_cond1 ∧ ~P_14_207_q_exc) ⊃ P_14_207_q_act; P_14_207_q_cond2 ⊃ (P_14_207_q_act ∨ ~P_14_207_q_act),EXT_52_214_35; EXT_52_225_17; EXT_Part_25,Material Implication (Impl): Rule 15 [HIGH-RISK]; Conjunction (Conj): Rule 7; Negation (Neg): Rule 10; Tautology (Taut): Rule 18,PENDING_REVIEW,PASS,PASS,Mandatory when part 25 clauses present AND 52.225-17 not included. Exception for foreign currency evaluation clause. Permissive for other solicitations.,MEDIUM
14,14.208,P_14_208,Contract clauses.,"P_14_208: Contract clause requirements encompass 52.214-26, -27, -28, and -29 insertion rules",P_14_208 = P_14_208_a ∧ P_14_208_b_1 ∧ P_14_208_b_2 ∧ P_14_208_c ∧ P_14_208_c_1 ∧ P_14_208_c_2 ∧ P_14_208_d,EXT_52_214_26,Conjunction (Conj): Rule 7,VALIDATED,PASS,PASS,Parent proposition for section 14.208.,HIGH
14,14.208(a),P_14_208_a,"Insert the clause at 52.214-26, Audit and Records-Sealed Bidding, in solicitations and contracts if the contract amount is expected to exceed the threshold at part 15 for submission of certified cost or pricing data.",P_14_208_a_cond: Contract expected to exceed cost/pricing data threshold; P_14_208_a_act: 52.214-26 inserted,P_14_208_a_cond ⊃ P_14_208_a_act,EXT_52_214_26; EXT_Part_15,Material Implication (Impl): Rule 15 [HIGH-RISK],PENDING_REVIEW,PASS,PASS,Conditional insertion based on dollar threshold.,MEDIUM
14,14.208(b)(1),P_14_208_b_1,"Insert the clause at 52.214-27, Price Reduction for Defective Certified Cost or Pricing Data-Modifications-Sealed Bidding, in solicitations and contracts if the contract amount is expected to exceed the threshold for submission of certified cost or pricing data at part 15.",P_14_208_b_1_cond: Contract expected to exceed cost/pricing data threshold; P_14_208_b_1_act: 52.214-27 inserted,P_14_208_b_1_cond ⊃ P_14_208_b_1_act,EXT_52_214_27; EXT_Part_15,Material Implication (Impl): Rule 15 [HIGH-RISK],PENDING_REVIEW,PASS,PASS,Conditional insertion based on same threshold as 14.208(a).,MEDIUM
14,14.208(b)(2),P_14_208_b_2,"In exceptional cases, the head of the contracting activity may waive the requirement for inclusion of the clause in a contract with a foreign government or agency of that government. The authorizations for the waiver and the reasons for granting it must be in writing.",P_14_208_b_2_a: Exceptional case exists; P_14_208_b_2_b: Contract with foreign government or agency; P_14_208_b_2_c: HCA waives 52.214-27 inclusion; P_14_208_b_2_d: Authorization and reasons in writing,(P_14_208_b_2_a ∧ P_14_208_b_2_b) ⊃ ((P_14_208_b_2_c ∨ ~P_14_208_b_2_c) ∧ (P_14_208_b_2_c ⊃ P_14_208_b_2_d)),EXT_52_214_27,Material Implication (Impl): Rule 15 [HIGH-RISK]; Conjunction (Conj): Rule 7; Tautology (Taut): Rule 18,PENDING_REVIEW,PASS,PASS,"Permissive waiver authority ('may') for HCA in exceptional cases with foreign governments. If waiver exercised, written documentation mandatory. Nested conditional within permissive authority.",MEDIUM
14,14.208(c),P_14_208_c,"Insert the clause at 52.214-28, Subcontractor Certified Cost or Pricing Data-Modifications-Sealed Bidding, in solicitations and contracts if the contract amount is expected to exceed the threshold for submission of certified cost or pricing data at part 15.",P_14_208_c_cond: Contract expected to exceed threshold; P_14_208_c_act: 52.214-28 inserted,P_14_208_c_cond ⊃ P_14_208_c_act,EXT_52_214_28; EXT_Part_15,Material Implication (Impl): Rule 15 [HIGH-RISK],PENDING_REVIEW,PASS,PASS,Conditional insertion based on same threshold.,MEDIUM
14,14.208(c)(1),P_14_208_c_1,"Upon request of a contractor in connection with a prime contract entered into before July 1, 2018, the contracting officer must modify the contract without requiring consideration to replace clause 52.214-28, Subcontractor Certified Cost or Pricing Data-Modifications-Sealed Bidding, with its Alternate I.","P_14_208_c_1_a: Contractor requests modification; P_14_208_c_1_b: Prime contract entered into before July 1, 2018; P_14_208_c_1_c: CO modifies contract to replace 52.214-28 with Alternate I without consideration",(P_14_208_c_1_a ∧ P_14_208_c_1_b) ⊃ P_14_208_c_1_c,EXT_52_214_28,Material Implication (Impl): Rule 15 [HIGH-RISK]; Conjunction (Conj): Rule 7,PENDING_REVIEW,PASS,PASS,Mandatory upon contractor request for pre-July 2018 contracts. 'Must modify' is unambiguous mandate when both conditions met. No CO discretion.,MEDIUM
14,14.208(c)(2),P_14_208_c_2,"In exceptional cases, the head of the contracting activity may waive the requirement for inclusion of the clause in a contract with a foreign government or agency of that government. The authorizations for the waiver and the reasons for granting it must be in writing.",P_14_208_c_2_a: Exceptional case exists; P_14_208_c_2_b: Contract with foreign government; P_14_208_c_2_c: HCA waives 52.214-28 inclusion; P_14_208_c_2_d: Authorization and reasons in writing,(P_14_208_c_2_a ∧ P_14_208_c_2_b) ⊃ ((P_14_208_c_2_c ∨ ~P_14_208_c_2_c) ∧ (P_14_208_c_2_c ⊃ P_14_208_c_2_d)),EXT_52_214_28,Material Implication (Impl): Rule 15 [HIGH-RISK]; Conjunction (Conj): Rule 7; Tautology (Taut): Rule 18,PENDING_REVIEW,PASS,PASS,Identical structure to P_14_208_b_2. Permissive HCA waiver for foreign government contracts with mandatory written documentation if exercised.,MEDIUM
14,14.208(d),P_14_208_d,"Insert the clause at 52.214-29, Order of Precedence-Sealed Bidding, in solicitations and contracts to which the uniform contract format applies.",P_14_208_d_cond: UCF applies; P_14_208_d_act: 52.214-29 inserted,P_14_208_d_cond ⊃ P_14_208_d_act,EXT_52_214_29,Material Implication (Impl): Rule 15 [HIGH-RISK],PENDING_REVIEW,PASS,PASS,Conditional insertion based on UCF applicability.,MEDIUM
14,14.209,P_14_209,Soliciting bids.,"P_14_209: Soliciting bids encompasses presolicitation, publicizing, bid methods, amendments, electronic bids, overseas bids, master IFBs, records, release policy, cancellation, and cancellation procedures",P_14_209 = P_14_209_a ∧ P_14_209_b ∧ P_14_209_c ∧ P_14_209_d ∧ P_14_209_e ∧ P_14_209_f ∧ P_14_209_g ∧ P_14_209_h ∧ P_14_209_i ∧ P_14_209_j ∧ P_14_209_k,None,Conjunction (Conj): Rule 7,VALIDATED,PASS,PASS,Parent proposition for section 14.209.,HIGH
14,14.209(a),P_14_209_a,See subpart 5.1 for presolicitation notices.,P_14_209_a_1: Follow subpart 5.1 for presolicitation notices,P_14_209_a = P_14_209_a_1,EXT_Part_5; EXT_Subpart_5_1,None (atomic proposition; cross-reference),VALIDATED,PASS,PASS,Informational cross-reference to Part 5.,HIGH
14,14.209(b),P_14_209_b,See subpart 5.2 for publicizing the IFB.,P_14_209_b_1: Follow subpart 5.2 for IFB publicizing,P_14_209_b = P_14_209_b_1,EXT_Part_5; EXT_Subpart_5_2,None (atomic proposition; cross-reference),VALIDATED,PASS,PASS,Informational cross-reference to Part 5.,HIGH
14,14.209(c),P_14_209_c,"The contracting officer must specify in the IFB whether bids will be accepted by paper submission, or electronic transmission method, or both.","P_14_209_c_a: CO specifies in IFB the accepted bid submission method (paper, electronic, or both)",P_14_209_c = P_14_209_c_a,None,None (atomic proposition),VALIDATED,PASS,PASS,Mandatory requirement. 'Must specify' is unambiguous. Three options but CO must declare which.,HIGH
14,14.209(d),P_14_209_d,"If the IFB has been issued and it becomes necessary to make changes in quantity, specifications, delivery schedules, opening dates, etc., or to make a correction, such changes must be accomplished by amendment of the IFB using Standard Form 30. Amendments must: (1) Be issued before the time set for bid opening; (2) If determined necessary by the CO, consider the amount of time remaining until bid opening and the need for an extension; (3) Be published in the GPE, if the IFB was published in the GPE; (4) If applicable, be displayed in the bid room; (5) Provide all prospective bidders equal access to the amendment; and (6) Require acknowledgment of each amendment within each bidder's bid.",P_14_209_d_cond: IFB issued and changes necessary; P_14_209_d_req: Changes accomplished by SF 30 amendment; P_14_209_d_1: Amendments issued before bid opening; P_14_209_d_2: Consider time remaining and extension need; P_14_209_d_3: Published in GPE if IFB was; P_14_209_d_4: Displayed in bid room if applicable; P_14_209_d_5: All bidders given equal access; P_14_209_d_6: Acknowledgment required within each bid,P_14_209_d_cond ⊃ (P_14_209_d_req ∧ P_14_209_d_1 ∧ P_14_209_d_2 ∧ P_14_209_d_3 ∧ P_14_209_d_4 ∧ P_14_209_d_5 ∧ P_14_209_d_6),None,Material Implication (Impl): Rule 15 [HIGH-RISK]; Conjunction (Conj): Rule 7,PENDING_REVIEW,PASS,PASS,Conditional: need for changes triggers mandatory amendment process with six conjunctive requirements. 'Must' makes all six mandatory. Items (2)-(4) contain internal conditionals but all are mandatory when their sub-conditions apply.,MEDIUM
14,14.209(e),P_14_209_e,"When electronic bids are specified, the contracting officer must include in the IFB the acceptable methods and the necessary information that allows bidders to submit bids that are compatible with Government systems.",P_14_209_e_cond: Electronic bids specified; P_14_209_e_a: CO includes acceptable methods in IFB; P_14_209_e_b: CO includes necessary compatibility information in IFB,P_14_209_e_cond ⊃ (P_14_209_e_a ∧ P_14_209_e_b),None,Material Implication (Impl): Rule 15 [HIGH-RISK]; Conjunction (Conj): Rule 7,PENDING_REVIEW,PASS,PASS,Conditional: electronic bids trigger two mandatory IFB content requirements.,MEDIUM
14,14.209(f),P_14_209_f,"When a contracting office is located in the United States, any IFB sent to a prospective bidder located outside the United States must be sent by electronic data interchange or air mail if security classification permits.",P_14_209_f_cond1: Contracting office in US; P_14_209_f_cond2: Prospective bidder outside US; P_14_209_f_cond3: Security classification permits; P_14_209_f_act: IFB sent by EDI or air mail,(P_14_209_f_cond1 ∧ P_14_209_f_cond2 ∧ P_14_209_f_cond3) ⊃ (P_14_209_f_act),None,Material Implication (Impl): Rule 15 [HIGH-RISK]; Conjunction (Conj): Rule 7,PENDING_REVIEW,PASS,PASS,Triple conjunctive condition triggers mandatory transmission method. EDI or air mail is a disjunctive method choice within the mandate. 'Must' is mandatory. Security caveat is additional condition.,MEDIUM
14,14.209(g),P_14_209_g,"Master IFB: (1) Provided to potential sources for continued and repetitive use. (2) Subsequent individual IFBs must reference the date of current master and identify changes. (3) When using master IFB, CO must make copies available on request and provide cognizant contract administration activity a current copy.",P_14_209_g_1: Master IFB provided for continued use; P_14_209_g_2: Subsequent IFBs reference current master date and identify changes; P_14_209_g_3_i: CO makes copies available on request; P_14_209_g_3_ii: CO provides cognizant contract admin activity current copy,P_14_209_g = P_14_209_g_1 ∧ P_14_209_g_2 ∧ P_14_209_g_3_i ∧ P_14_209_g_3_ii,None,Conjunction (Conj): Rule 7,VALIDATED,PASS,PASS,Four conjunctive requirements for master IFB use. Items (2) and (3) use 'must' making them mandatory.,HIGH
14,14.209(h),P_14_209_h,Retain records of invitations for bids and records of bids as a record of each invitation. The file for each invitation must show the: (1) Distribution that was made; (2) Date the invitation was issued; and (3) Names and addresses of prospective bidders who requested the invitation and were not included on the original list must be added and made part of the record.,P_14_209_h_req: Records of IFBs and bids retained; P_14_209_h_1: File shows distribution made; P_14_209_h_2: File shows date invitation issued; P_14_209_h_3: Names/addresses of requesting bidders not on original list added to record,P_14_209_h = P_14_209_h_req ∧ P_14_209_h_1 ∧ P_14_209_h_2 ∧ P_14_209_h_3,None,Conjunction (Conj): Rule 7,VALIDATED,PASS,PASS,Four conjunctive record-keeping requirements. 'Must show' makes all mandatory.,HIGH
14,14.209(i),P_14_209_i,See 15.101 and 15.201 for policy on the release of acquisition information before and after the issuance of the IFB.,P_14_209_i_a: Follow 15.101 and 15.201 for acquisition information release policy,P_14_209_i = P_14_209_i_a,None,None (atomic proposition; cross-reference),VALIDATED,PASS,PASS,Informational cross-reference.,HIGH
14,14.209(j),P_14_209_j,"An IFB may be cancelled by the contracting officer when clearly in the public interest; e.g., (1) Where there is no longer a requirement for the supplies or services; or (2) Where amendments to the IFB would be of such magnitude that a new IFB is desirable.",P_14_209_j_cond: Cancellation clearly in public interest; P_14_209_j_ex1: No longer a requirement; P_14_209_j_ex2: Amendments of such magnitude new IFB desirable; P_14_209_j_act: CO cancels IFB,P_14_209_j_cond ⊃ (P_14_209_j_act ∨ ~P_14_209_j_act),None,Material Implication (Impl): Rule 15 [HIGH-RISK]; Tautology (Taut): Rule 18,PENDING_REVIEW,PASS,PASS,Permissive 'may' creates discretionary cancellation authority. 'Clearly in the public interest' is necessary condition. Examples are illustrative (e.g.) not exhaustive. Tautology for CO discretion.,MEDIUM
14,14.209(k),P_14_209_k,"If an IFB is cancelled prior to the date and time specified in 14.301, the contracting officer must: (1) Identify the IFB number and short title or subject matter; (2) Briefly explain the reason for the cancellation; and (3) Where appropriate, assure prospective bidders that they will be given an opportunity to bid on any resolicitation or future requirements. Cancellations must be recorded in accordance with 14.303(g).",P_14_209_k_cond: IFB cancelled prior to 14.301 date/time; P_14_209_k_1: Identify IFB number and short title; P_14_209_k_2: Briefly explain reason; P_14_209_k_3: Assure bidders of future opportunity where appropriate; P_14_209_k_4: Record per 14.303(g),P_14_209_k_cond ⊃ (P_14_209_k_1 ∧ P_14_209_k_2 ∧ P_14_209_k_3 ∧ P_14_209_k_4),P_14_301; P_14_303_g,Material Implication (Impl): Rule 15 [HIGH-RISK]; Conjunction (Conj): Rule 7,PENDING_REVIEW,PASS,PASS,Conditional: pre-opening cancellation triggers four mandatory actions. Item (3) has internal 'where appropriate' qualifier but inclusion obligation is mandatory when condition applies.,MEDIUM
14,14.210,P_14_210,Submission of bids.,"P_14_210: Submission requirements encompass reasonable time, synopsis period, and sealed bid requirements",P_14_210 = P_14_210_a ∧ P_14_210_b ∧ P_14_210_c,None,Conjunction (Conj): Rule 7,VALIDATED,PASS,PASS,Parent proposition for section 14.210.,HIGH
14,14.210(a),P_14_210_a,"Allow prospective bidders a reasonable time to prepare and submit bids in response to all invitations, consistent with the needs of the Government.",P_14_210_a_a: Prospective bidders allowed reasonable time to prepare and submit bids; P_14_210_a_b: Time consistent with Government needs,P_14_210_a = P_14_210_a_a ∧ P_14_210_a_b,None,Conjunction (Conj): Rule 7,VALIDATED,PASS,PASS,Two conjunctive requirements: reasonable time AND consistency with Government needs. Both qualitative standards.,HIGH
14,14.210(b),P_14_210_b,Provide at least 30 calendar days when a synopsis is required (see subpart 5.1).,P_14_210_b_cond: Synopsis required per subpart 5.1; P_14_210_b_act: At least 30 calendar days provided,P_14_210_b_cond ⊃ P_14_210_b_act,EXT_Part_5; EXT_Subpart_5_1,Material Implication (Impl): Rule 15 [HIGH-RISK],PENDING_REVIEW,PASS,PASS,Conditional: synopsis requirement triggers minimum 30-day period. Specific quantitative threshold.,MEDIUM
14,14.210(c),P_14_210_c,Require bidders to submit sealed bids to be opened publicly at the time and place stated in the IFB.,P_14_210_c_a: Bidders required to submit sealed bids; P_14_210_c_b: Bids opened publicly at time and place stated in IFB,P_14_210_c = P_14_210_c_a ∧ P_14_210_c_b,None,Conjunction (Conj): Rule 7,VALIDATED,PASS,PASS,Two conjunctive requirements: sealed submission and public opening. Core sealed bidding mechanics.,HIGH
14,14.211,P_14_211,Two-step sealed bidding.,"P_14_211: Two-step sealed bidding encompasses general description, conditions for use, and procedures",P_14_211 = P_14_211_1 ∧ P_14_211_2_a ∧ P_14_211_2_b ∧ P_14_211_3_a_1 ∧ P_14_211_3_a_2 ∧ P_14_211_3_a_3 ∧ P_14_211_3_a_4 ∧ P_14_211_3_a_5 ∧ P_14_211_3_a_6 ∧ P_14_211_3_a_7 ∧ P_14_211_3_a_8 ∧ P_14_211_3_a_9 ∧ P_14_211_3_b_1 ∧ P_14_211_3_b_2,None,Conjunction (Conj): Rule 7,VALIDATED,PASS,PASS,Parent proposition for section 14.211.,HIGH
14,14.211-1,P_14_211_1,"Two-step sealed bidding is a combination of competitive procedures designed to obtain the benefits of sealed bidding when adequate specifications are not available. An objective is to permit the development of a sufficiently descriptive and not unduly restrictive statement of the Government's requirements, including an adequate technical data package, so that subsequent acquisitions may use conventional sealed bidding methods.","P_14_211_1_a: Two-step is combination of competitive procedures for sealed bidding benefits when specs inadequate; P_14_211_1_b: Objective is to develop descriptive, non-restrictive requirements statement for future conventional sealed bidding",P_14_211_1 = P_14_211_1_a ∧ P_14_211_1_b,None,Conjunction (Conj): Rule 7,VALIDATED,PASS,PASS,"Definitional statement establishing purpose. Declarative, not prescriptive. Two conjunctive elements define the method and its objective.",HIGH
14,14.211-1(a),P_14_211_1_a,"Step one consists of the request for submission of technical proposals, evaluation, and (if necessary) discussion of a technical proposal. No pricing is submitted with step one. The objective is to determine the acceptability of the supplies or services offered. Conformity to the technical requirements is resolved in this step, but not responsibility as defined in part 9.","P_14_211_1_a_1: Step one involves request, evaluation, and discussion of technical proposals; P_14_211_1_a_2: No pricing submitted in step one; P_14_211_1_a_3: Objective is to determine acceptability; P_14_211_1_a_4: Technical conformity resolved in step one; P_14_211_1_a_5: Responsibility per part 9 not resolved in step one",P_14_211_1_a = P_14_211_1_a_1 ∧ P_14_211_1_a_2 ∧ P_14_211_1_a_3 ∧ P_14_211_1_a_4 ∧ P_14_211_1_a_5,EXT_Part_9,Conjunction (Conj): Rule 7,VALIDATED,PASS,PASS,Five conjunctive definitional elements of step one. Item 2 is a prohibition (no pricing). Item 5 explicitly excludes responsibility determination. All descriptive.,HIGH
14,14.211-1(b),P_14_211_1_b,Step two involves the submission of sealed priced bids by those who submitted acceptable technical proposals in step one. Bids submitted in step two are evaluated and the awards made in accordance with subpart 14.3.,P_14_211_1_b_1: Step two is sealed priced bids from those with acceptable step one proposals; P_14_211_1_b_2: Step two bids evaluated and awarded per subpart 14.3,P_14_211_1_b = P_14_211_1_b_1 ∧ P_14_211_1_b_2,None,Conjunction (Conj): Rule 7,VALIDATED,PASS,PASS,Two conjunctive definitional elements of step two. Participation limited to step one acceptees. Evaluation per standard sealed bidding rules.,HIGH
14,14.211-2(a),P_14_211_2_a,"Unless other factors require the use of sealed bidding, the contracting officer may use two-step sealed bidding rather than negotiation when all of the following conditions are present: (1) Available specifications or purchase descriptions are not definite or complete or may be too restrictive without technical evaluation; (2) Definite criteria exist for evaluating technical proposals; (3) More than one technically qualified source is expected to be available; (4) There is sufficient time to use the two-step method; (5) The CO intends to award a firm-fixed-price contract or a fixed-price contract with economic price adjustment.",P_14_211_2_a_pre: Other factors do not require sealed bidding; P_14_211_2_a_1: Specs not definite/complete or too restrictive; P_14_211_2_a_2: Definite evaluation criteria exist; P_14_211_2_a_3: More than one qualified source expected; P_14_211_2_a_4: Sufficient time; P_14_211_2_a_5: CO intends FFP or FP-EPA; P_14_211_2_a_act: CO uses two-step sealed bidding,(P_14_211_2_a_pre ∧ P_14_211_2_a_1 ∧ P_14_211_2_a_2 ∧ P_14_211_2_a_3 ∧ P_14_211_2_a_4 ∧ P_14_211_2_a_5) ⊃ (P_14_211_2_a_act ∨ ~P_14_211_2_a_act),None,Material Implication (Impl): Rule 15 [HIGH-RISK]; Conjunction (Conj): Rule 7; Tautology (Taut): Rule 18,PENDING_REVIEW,PASS,PASS,Permissive 'may' with six conjunctive preconditions (one negative prerequisite plus five affirmative). All must be present for two-step to be authorized. Tautology for CO discretion. 'Unless' creates override condition where sealed bidding is required regardless.,MEDIUM
14,14.211-2(b),P_14_211_2_b,None of the following precludes the use of two-step sealed bidding: (1) Multi-year contracting; (2) Government property to be made available to the successful bidder; (3) A total small business set-aside; (4) HUBZone set-aside or price evaluation preference; (5) SDVOSB set-aside; (6) EDWOSB/WOSB set-aside; (7) A first or subsequent production quantity under a performance specification.,P_14_211_2_b_1: Multi-year contracting does not preclude two-step; P_14_211_2_b_2: Government property availability does not preclude; P_14_211_2_b_3: Total SB set-aside does not preclude; P_14_211_2_b_4: HUBZone set-aside/preference does not preclude; P_14_211_2_b_5: SDVOSB set-aside does not preclude; P_14_211_2_b_6: EDWOSB/WOSB set-aside does not preclude; P_14_211_2_b_7: Production quantity under performance spec does not preclude,P_14_211_2_b = ~(P_14_211_2_b_1 ⊃ ~P_14_211_2_a_act) ∧ ~(P_14_211_2_b_2 ⊃ ~P_14_211_2_a_act) ∧ ~(P_14_211_2_b_3 ⊃ ~P_14_211_2_a_act) ∧ ~(P_14_211_2_b_4 ⊃ ~P_14_211_2_a_act) ∧ ~(P_14_211_2_b_5 ⊃ ~P_14_211_2_a_act) ∧ ~(P_14_211_2_b_6 ⊃ ~P_14_211_2_a_act) ∧ ~(P_14_211_2_b_7 ⊃ ~P_14_211_2_a_act),None,Negation (Neg): Rule 10; Conjunction (Conj): Rule 7; Material Implication (Impl): Rule 15 [HIGH-RISK],PENDING_REVIEW,PASS,PASS,"Seven negated implications: none of these conditions prevents two-step use. Logically, each item is compatible with two-step. The structure negates the implication that these conditions would preclude the method. HIGH-RISK: complex negation pattern.",MEDIUM
14,14.211-3(a)(1),P_14_211_3_a_1,"Synopsize requests for technical proposals per Part 5. Request must include as minimum: (i) description of supplies/services; (ii) statement of intent to use two-step; (iii) requirements of technical proposal; (iv) evaluation criteria including all factors and significant subfactors; (v) statement proposals must not include prices; (vi) date/hour for receipt; (vii) statement about second step awards based on acceptable proposals and bidder's own proposals; (viii) statement about acceptability without additional explanation, Government may determine solely on basis submitted, and may proceed without requesting further info; (ix) notice of unacceptability will be forwarded; (x) statement about single or multiple technical proposals.",P_14_211_3_a_1_i: Description of supplies/services included; P_14_211_3_a_1_ii: Two-step intent statement; P_14_211_3_a_1_iii: Technical proposal requirements; P_14_211_3_a_1_iv: Evaluation criteria with factors/subfactors; P_14_211_3_a_1_v: No-pricing statement; P_14_211_3_a_1_vi: Receipt date/hour; P_14_211_3_a_1_vii: Second step award statement; P_14_211_3_a_1_viii: Acceptability/determination statement; P_14_211_3_a_1_ix: Unacceptability notice statement; P_14_211_3_a_1_x: Single/multiple proposals statement,P_14_211_3_a_1 = P_14_211_3_a_1_i ∧ P_14_211_3_a_1_ii ∧ P_14_211_3_a_1_iii ∧ P_14_211_3_a_1_iv ∧ P_14_211_3_a_1_v ∧ P_14_211_3_a_1_vi ∧ P_14_211_3_a_1_vii ∧ P_14_211_3_a_1_viii ∧ P_14_211_3_a_1_ix ∧ P_14_211_3_a_1_x,EXT_Part_5,Conjunction (Conj): Rule 7,VALIDATED,PASS,PASS,Ten conjunctive minimum content requirements for step one synopsization. 'As a minimum' means these are floor requirements; additional content permitted. All mandatory.,HIGH
14,14.211-3(a)(2),P_14_211_3_a_2,Include information on delivery or performance requirements that may assist bidders in determining whether or not to submit a technical proposal. Indicate that the information is not binding on the Government and that the invitation issued under step two will include actual delivery or performance requirements.,P_14_211_3_a_2_a: Delivery/performance info included to assist bidders; P_14_211_3_a_2_b: Statement that info is not binding; P_14_211_3_a_2_c: Statement that step two will include actual requirements,P_14_211_3_a_2 = P_14_211_3_a_2_a ∧ P_14_211_3_a_2_b ∧ P_14_211_3_a_2_c,None,Conjunction (Conj): Rule 7,VALIDATED,PASS,PASS,Three conjunctive requirements: include non-binding delivery info plus two disclaimers.,HIGH
14,14.211-3(a)(3),P_14_211_3_a_3,"Upon receipt, the contracting officer must: (i) Safeguard technical proposals against disclosure to unauthorized persons; (ii) Accept and handle data marked in accordance with part 15 and 27; and (iii) Remove any reference to price or cost.",P_14_211_3_a_3_i: Proposals safeguarded against unauthorized disclosure; P_14_211_3_a_3_ii: Data handled per parts 15 and 27; P_14_211_3_a_3_iii: Price/cost references removed,P_14_211_3_a_3 = P_14_211_3_a_3_i ∧ P_14_211_3_a_3_ii ∧ P_14_211_3_a_3_iii,EXT_Part_15,Conjunction (Conj): Rule 7,VALIDATED,PASS,PASS,Three conjunctive mandatory duties upon receipt. 'Must' is unambiguous.,HIGH
14,14.211-3(a)(4),P_14_211_3_a_4,"The contracting officer must establish a time period for evaluating technical proposals. The period may vary with the complexity and number of proposals. However, the evaluation should be completed quickly.",P_14_211_3_a_4_a: CO establishes evaluation time period; P_14_211_3_a_4_b: Evaluation should be completed quickly,P_14_211_3_a_4 = P_14_211_3_a_4_a ∧ P_14_211_3_a_4_b,None,Conjunction (Conj): Rule 7,PENDING_REVIEW,PASS,PASS,Mandatory establishment of time period ('must') combined with advisory timeliness standard ('should'). PENDING_REVIEW due to advisory 'should' component.,MEDIUM
14,14.211-3(a)(5),P_14_211_3_a_5,"Base evaluations on the criteria in the request for proposals but not consideration of responsibility as defined in part 9. Categorize technical proposals as: (A) Acceptable; (B) Reasonably susceptible of being made acceptable; or (C) Unacceptable. Any proposal that modifies, or fails to conform to the essential requirements or specifications of, the request for technical proposals is unacceptable.","P_14_211_3_a_5_a: Evaluations based on criteria in request, not responsibility per part 9; P_14_211_3_a_5_b: Proposals categorized as acceptable, reasonably susceptible, or unacceptable; P_14_211_3_a_5_c: Proposals modifying or failing to conform to essential requirements are unacceptable",P_14_211_3_a_5 = P_14_211_3_a_5_a ∧ P_14_211_3_a_5_b ∧ P_14_211_3_a_5_c,EXT_Part_9,Conjunction (Conj): Rule 7,VALIDATED,PASS,PASS,Three conjunctive evaluation rules. Categorization is exhaustive (three categories). Nonconforming proposals are mandatorily categorized as unacceptable.,HIGH
14,14.211-3(a)(6),P_14_211_3_a_6,"CO may proceed directly with step two if sufficient acceptable proposals ensure adequate price competition and further effort would not be in Government's interest. Otherwise must request additional info from bidders whose proposals may be made acceptable. Must identify deficiencies. May arrange discussions. Do not discuss with other than submitter. When requesting additional info, establish appropriate time; may extend due date. If additional info makes proposal acceptable, update category.",P_14_211_3_a_6_a: CO may proceed to step two if sufficient proposals; P_14_211_3_a_6_b: Otherwise CO must request additional info; P_14_211_3_a_6_c: Must identify deficiency nature; P_14_211_3_a_6_d: May arrange discussions; P_14_211_3_a_6_e: Do not discuss with non-submitters; P_14_211_3_a_6_f: Establish time for additional info; P_14_211_3_a_6_g: May extend due date; P_14_211_3_a_6_h: Update category if info makes proposal acceptable,P_14_211_3_a_6 = (P_14_211_3_a_6_a ∨ P_14_211_3_a_6_b) ∧ P_14_211_3_a_6_c ∧ P_14_211_3_a_6_e ∧ P_14_211_3_a_6_f ∧ P_14_211_3_a_6_h,None,Disjunction (Add): Rule 8; Conjunction (Conj): Rule 7,PENDING_REVIEW,PASS,PASS,Complex multi-path provision. Disjunction between proceeding directly or requesting info. Several mandatory and permissive sub-requirements. Discussion prohibition is absolute. PENDING_REVIEW due to mixed mandatory/permissive elements.,MEDIUM
14,14.211-3(a)(7),P_14_211_3_a_7,"When a technical proposal is found unacceptable (either initially or after clarification), the contracting officer must promptly notify the bidder of the basis of the determination and that a revision of the technical proposal will not be considered. Upon written request, the contracting officer must debrief unsuccessful bidders (see part 15).",P_14_211_3_a_7_cond: Technical proposal found unacceptable; P_14_211_3_a_7_a: CO promptly notifies bidder of basis; P_14_211_3_a_7_b: Notification states revision not considered; P_14_211_3_a_7_c: CO debriefs upon written request per part 15,P_14_211_3_a_7_cond ⊃ (P_14_211_3_a_7_a ∧ P_14_211_3_a_7_b ∧ P_14_211_3_a_7_c),EXT_Part_15,Material Implication (Impl): Rule 15 [HIGH-RISK]; Conjunction (Conj): Rule 7,PENDING_REVIEW,PASS,PASS,Conditional: unacceptability triggers three mandatory duties. Debrief is conditional on written request but duty to provide it is mandatory when requested.,MEDIUM
14,14.211-3(a)(8),P_14_211_3_a_8,Late technical proposals are governed by part 15.,P_14_211_3_a_8_a: Late technical proposals processed per part 15,P_14_211_3_a_8 = P_14_211_3_a_8_a,EXT_Part_15,None (atomic proposition; cross-reference),VALIDATED,PASS,PASS,Simple cross-reference to Part 15 for late proposal handling.,HIGH
14,14.211-3(a)(9),P_14_211_3_a_9,"If it is necessary to discontinue two-step sealed bidding, the contracting officer must include a statement of the facts and circumstances in the contract file. The contracting officer must notify each bidder in writing. When step one results in no acceptable technical proposals or only one acceptable technical proposal, the acquisition may be continued by negotiation.",P_14_211_3_a_9_cond: Necessary to discontinue two-step; P_14_211_3_a_9_a: Statement of facts in contract file; P_14_211_3_a_9_b: Written notification to each bidder; P_14_211_3_a_9_c: No acceptable or only one acceptable proposal; P_14_211_3_a_9_d: Acquisition may continue by negotiation,P_14_211_3_a_9_cond ⊃ (P_14_211_3_a_9_a ∧ P_14_211_3_a_9_b); P_14_211_3_a_9_c ⊃ (P_14_211_3_a_9_d ∨ ~P_14_211_3_a_9_d),None,Material Implication (Impl): Rule 15 [HIGH-RISK]; Conjunction (Conj): Rule 7; Tautology (Taut): Rule 18,PENDING_REVIEW,PASS,PASS,Two conditional structures: discontinuation triggers mandatory documentation and notification; insufficient proposals create permissive authority to negotiate (tautology for discretion).,MEDIUM
14,14.211-3(b)(1),P_14_211_3_b_1,Follow sealed bidding procedures except that invitations for bids in step two must: (i) Be issued only to those that submitted acceptable technical proposals in step one; (ii) Include the provision prescribed in 14.207(o); (iii) Clearly state bidder must comply with specifications and technical proposal; and (iv) Not be synopsized through GPE or publicly posted.,P_14_211_3_b_1_i: IFBs issued only to acceptable step one bidders; P_14_211_3_b_1_ii: Include 14.207(o) provision; P_14_211_3_b_1_iii: State compliance with specs and technical proposal required; P_14_211_3_b_1_iv: Not synopsized or publicly posted,P_14_211_3_b_1 = P_14_211_3_b_1_i ∧ P_14_211_3_b_1_ii ∧ P_14_211_3_b_1_iii ∧ P_14_211_3_b_1_iv,P_14_207_o,Conjunction (Conj): Rule 7,VALIDATED,PASS,PASS,Four conjunctive mandatory requirements for step two IFBs. Item (iv) is a prohibition (negation of synopsization/posting). All are 'must' requirements.,HIGH
14,14.211-3(b)(2),P_14_211_3_b_2,List the names of firms that submitted acceptable proposals in step one through the GPE for the benefit of prospective subcontractors (see 5.201).,P_14_211_3_b_2_a: Names of firms with acceptable step one proposals listed through GPE for subcontractors,P_14_211_3_b_2 = P_14_211_3_b_2_a,None,None (atomic proposition),VALIDATED,PASS,PASS,Mandatory listing requirement for subcontractor benefit. Cross-reference to 5.201.,HIGH
14,14.301,P_14_301,"Submission, modification, or withdrawal of bids.","P_14_301: Bid submission, modification, and withdrawal rules encompass timing, methods, receiving procedures, withdrawal procedures, late bids, evidence, emergency extensions, notification, and documentation",P_14_301 = P_14_301_a ∧ P_14_301_b ∧ P_14_301_c ∧ P_14_301_d ∧ P_14_301_e ∧ P_14_301_f_1 ∧ P_14_301_f_2 ∧ P_14_301_g ∧ P_14_301_h ∧ P_14_301_i ∧ P_14_301_j ∧ P_14_301_k,None,Conjunction (Conj): Rule 7,VALIDATED,PASS,PASS,Parent proposition for section 14.301.,HIGH
14,14.301(a),P_14_301_a,"Bidders are responsible for submitting bids, and any modifications or withdrawals not later than the exact time set for opening of bids. If no time is specified in the IFB, the time for receipt is 4:30 p.m., local time, for the designated Government office on the date that bids are due.","P_14_301_a_1: Bidders responsible for timely submission of bids, modifications, and withdrawals; P_14_301_a_2: If no time specified, default is 4:30 p.m. local time",P_14_301_a = P_14_301_a_1 ∧ (~P_14_301_a_1_time_specified ⊃ P_14_301_a_2),None,Conjunction (Conj): Rule 7; Material Implication (Impl): Rule 15 [HIGH-RISK],PENDING_REVIEW,PASS,PASS,Mandatory timing requirement with default fallback. Bidder bears responsibility. 4:30 p.m. default only applies when IFB is silent on time.,MEDIUM
14,14.301(b),P_14_301_b,Bids may be modified or withdrawn by any method authorized by the IFB.,P_14_301_b_a: Bids may be modified or withdrawn by IFB-authorized method,P_14_301_b = P_14_301_b_a,None,None (atomic proposition),VALIDATED,PASS,PASS,Permissive 'may' for bidders. Method must be IFB-authorized. Simple atomic.,HIGH
14,14.301(c),P_14_301_c,"The receiving official receiving a paper bid submission, modification or withdrawal must: (1) Write on the envelope (i) the date and time of receipt and by whom; and (ii) the invitation for bid number; (2) Sign the envelope; (3) Not disclose bid information before the time set for bid opening (see part 3).",P_14_301_c_1_i: Date/time/recipient written on envelope; P_14_301_c_1_ii: IFB number written on envelope; P_14_301_c_2: Envelope signed; P_14_301_c_3: Bid info not disclosed before opening,P_14_301_c = P_14_301_c_1_i ∧ P_14_301_c_1_ii ∧ P_14_301_c_2 ∧ P_14_301_c_3,EXT_Part_3,Conjunction (Conj): Rule 7,VALIDATED,PASS,PASS,Four conjunctive duties for receiving official. All mandatory ('must'). Item (3) is a prohibition.,HIGH
14,14.301(d),P_14_301_d,"A bidder or its authorized representative may withdraw a paper bid submission in person if, before the exact time set for opening of bids, the identity of the persons requesting withdrawal is established and that person signs a receipt for the bid.",P_14_301_d_cond1: Before exact opening time; P_14_301_d_cond2: Identity established; P_14_301_d_cond3: Person signs receipt; P_14_301_d_act: Paper bid withdrawn in person,(P_14_301_d_cond1 ∧ P_14_301_d_cond2 ∧ P_14_301_d_cond3) ⊃ (P_14_301_d_act ∨ ~P_14_301_d_act),None,Material Implication (Impl): Rule 15 [HIGH-RISK]; Conjunction (Conj): Rule 7; Tautology (Taut): Rule 18,PENDING_REVIEW,PASS,PASS,"Permissive 'may' with three conjunctive conditions. All must be met for withdrawal eligibility. Tautology for discretion (bidder's choice, not CO's).",MEDIUM
14,14.301(e),P_14_301_e,"A bidder may withdraw an electronically submitted bid if notice is received in the office designated in the IFB not later than the exact time set for opening of bids. Upon withdrawal of an electronically transmitted bid, the data received must not be viewed and, to the maximum extent practical, must be purged from primary and backup data storage systems.",P_14_301_e_cond: Withdrawal notice received before opening time; P_14_301_e_a: Electronic bid withdrawn; P_14_301_e_b: Data must not be viewed; P_14_301_e_c: Data purged from storage to maximum extent practical,P_14_301_e_cond ⊃ ((P_14_301_e_a ∨ ~P_14_301_e_a) ∧ (P_14_301_e_a ⊃ (P_14_301_e_b ∧ P_14_301_e_c))),None,Material Implication (Impl): Rule 15 [HIGH-RISK]; Conjunction (Conj): Rule 7; Tautology (Taut): Rule 18,PENDING_REVIEW,PASS,PASS,"Permissive withdrawal with mandatory data protection duties if exercised. Tautology for bidder choice. If withdrawal occurs, two mandatory duties: no viewing and purging.",MEDIUM
14,14.301(f)(1),P_14_301_f_1,"Any bid, modification, or withdrawal received at the Government office after the exact time specified for receipt is late and will not be considered unless: (i) received before award is made; and (ii) the CO determines accepting would not unduly delay; and (A) if electronic, received at initial point of entry not later than 5:00 p.m. one working day prior; or (B) acceptable evidence of receipt at Government installation before deadline.",P_14_301_f_1_late: Bid received after exact time; P_14_301_f_1_i: Received before award; P_14_301_f_1_ii: CO determines no undue delay; P_14_301_f_1_A: Electronic bid at initial entry by 5:00 p.m. one day prior; P_14_301_f_1_B: Acceptable evidence of timely receipt; P_14_301_f_1_consider: Late bid considered,P_14_301_f_1_late ⊃ (~(P_14_301_f_1_i ∧ P_14_301_f_1_ii ∧ (P_14_301_f_1_A ∨ P_14_301_f_1_B)) ⊃ ~P_14_301_f_1_consider),None,Material Implication (Impl): Rule 15 [HIGH-RISK]; Conjunction (Conj): Rule 7; Disjunction (Add): Rule 8; Negation (Neg): Rule 10,PENDING_REVIEW,PASS,PASS,"Complex conditional: default is rejection of late bids. Exception requires three conjunctive conditions, where the third is a disjunction (electronic timing OR physical evidence). Nested negated implication. HIGH-RISK: multiple layers of implication and negation.",LOW
14,14.301(f)(2),P_14_301_f_2,"The contracting officer will consider and may accept, a late modification of an otherwise successful bid, that makes its terms more favorable to the Government, at any time it is received.",P_14_301_f_2_cond: Late modification of successful bid makes terms more favorable; P_14_301_f_2_act: CO considers and may accept modification,P_14_301_f_2_cond ⊃ (P_14_301_f_2_act ∨ ~P_14_301_f_2_act),None,Material Implication (Impl): Rule 15 [HIGH-RISK]; Tautology (Taut): Rule 18,PENDING_REVIEW,PASS,PASS,'Will consider' is mandatory; 'may accept' is permissive. Favorable modification of successful bid gets consideration at any time. Tautology for acceptance discretion.,MEDIUM
14,14.301(g),P_14_301_g,"Acceptable evidence to establish the time of receipt at the Government installation includes the time/date stamp of that installation on the bid wrapper, other documentary evidence of receipt maintained by the installation, or oral testimony or statements of Government personnel.",P_14_301_g_a: Time/date stamp on wrapper; P_14_301_g_b: Other documentary evidence; P_14_301_g_c: Oral testimony or statements of Government personnel,P_14_301_g = P_14_301_g_a ∨ P_14_301_g_b ∨ P_14_301_g_c,None,Disjunction (Add): Rule 8,VALIDATED,PASS,PASS,Three disjunctive forms of acceptable evidence. 'Includes' with 'or' confirms any one is sufficient. List may not be exhaustive ('includes').,HIGH
14,14.301(h),P_14_301_h,"If an emergency or unanticipated event interrupts normal Government processes so that bids cannot be received at the Government office designated for receipt of bids by the exact time specified in the IFB, and urgent Government requirements preclude amendment of the bid opening date, the time specified for receipt of bids will be deemed to be extended to the same time of day specified in the IFB on the first work day on which normal Government processes resume.",P_14_301_h_cond1: Emergency/unanticipated event interrupts normal processes; P_14_301_h_cond2: Bids cannot be received by specified time; P_14_301_h_cond3: Urgent requirements preclude amendment; P_14_301_h_act: Receipt time deemed extended to same time on first normal workday,(P_14_301_h_cond1 ∧ P_14_301_h_cond2 ∧ P_14_301_h_cond3) ⊃ P_14_301_h_act,None,Material Implication (Impl): Rule 15 [HIGH-RISK]; Conjunction (Conj): Rule 7,PENDING_REVIEW,PASS,PASS,Triple conjunctive condition triggers automatic extension. Extension is self-executing ('will be deemed'). No discretion involved.,MEDIUM
14,14.301(i),P_14_301_i,"The contracting officer must promptly notify any bidder if its bid, modification, or withdrawal was received late, and must inform the bidder whether its bid will be considered, unless contract award is imminent and the notices prescribed in 14.309 would suffice.",P_14_301_i_cond: Bid/modification/withdrawal received late; P_14_301_i_a: CO promptly notifies bidder; P_14_301_i_b: CO informs whether bid will be considered; P_14_301_i_exc: Award imminent and 14.309 notices suffice,(P_14_301_i_cond ∧ ~P_14_301_i_exc) ⊃ (P_14_301_i_a ∧ P_14_301_i_b),None,Material Implication (Impl): Rule 15 [HIGH-RISK]; Conjunction (Conj): Rule 7; Negation (Neg): Rule 10,PENDING_REVIEW,PASS,PASS,Conditional notification with exception for imminent award. Two mandatory duties when exception does not apply.,MEDIUM
14,14.301(j),P_14_301_j,"Late bids and modifications that are not considered must be held unopened, unless opened for identification, until after award and then retained with other unsuccessful bids. However, any bid bond or guarantee must be returned.",P_14_301_j_a: Unconsidered late bids held unopened until after award; P_14_301_j_b: Late bids retained with unsuccessful bids after award; P_14_301_j_c: Bid bond or guarantee returned,P_14_301_j = P_14_301_j_a ∧ P_14_301_j_b ∧ P_14_301_j_c,None,Conjunction (Conj): Rule 7,VALIDATED,PASS,PASS,Three conjunctive handling requirements. Exception for opening for identification does not negate the holding requirement. Bond return is mandatory ('must').,HIGH
14,14.301(k),P_14_301_k,"If available, the following must be included in the contract files for each late bid, modification, or withdrawal: (1) The date and hour of receipt; (2) A statement, with supporting rationale, regarding whether the bid was considered for award; (3) The envelope, wrapper, or other evidence of the date of receipt.",P_14_301_k_cond: Late bid documentation available; P_14_301_k_1: Date and hour of receipt; P_14_301_k_2: Statement with rationale on consideration; P_14_301_k_3: Envelope/wrapper/evidence of date,P_14_301_k_cond ⊃ (P_14_301_k_1 ∧ P_14_301_k_2 ∧ P_14_301_k_3),None,Material Implication (Impl): Rule 15 [HIGH-RISK]; Conjunction (Conj): Rule 7,PENDING_REVIEW,PASS,PASS,Conditional on availability. Three conjunctive documentation requirements. 'If available' softens the mandate slightly.,MEDIUM
14,14.302,P_14_302,"If a bid received at the Government facility by electronic data interchange is unreadable to the degree that conformance to the essential requirements of the invitation for bids cannot be ascertained, the contracting officer must immediately notify the bidder that the bid will be rejected unless the bidder provides clear and convincing evidence: (a) Of the content of the bid as originally submitted; and (b) That the unreadable condition of the bid was caused by Government software or hardware error, malfunction, or other Government mishandling.",P_14_302_cond: EDI bid unreadable to degree conformance cannot be ascertained; P_14_302_notify: CO immediately notifies bidder of rejection; P_14_302_a: Evidence of original bid content; P_14_302_b: Evidence unreadable condition caused by Government error; P_14_302_save: Bid not rejected,P_14_302_cond ⊃ (P_14_302_notify ∧ (~(P_14_302_a ∧ P_14_302_b) ⊃ ~P_14_302_save)),None,Material Implication (Impl): Rule 15 [HIGH-RISK]; Conjunction (Conj): Rule 7; Negation (Neg): Rule 10,PENDING_REVIEW,PASS,PASS,Conditional: unreadable bid triggers mandatory notification. Default is rejection unless bidder proves both content and Government causation. Two conjunctive evidence requirements. HIGH-RISK: nested implications.,MEDIUM
14,14.303,P_14_303,Bid opening.,"P_14_303: Bid opening encompasses security, notification, public opening, classified handling, postponement, emergency extension, certification, and public inspection",P_14_303 = P_14_303_a ∧ P_14_303_b ∧ P_14_303_c_1 ∧ P_14_303_c_2 ∧ P_14_303_d ∧ P_14_303_e ∧ P_14_303_f ∧ P_14_303_g ∧ P_14_303_h,None,Conjunction (Conj): Rule 7,VALIDATED,PASS,PASS,Parent proposition for section 14.303.,HIGH
14,14.303(a),P_14_303_a,"All bids (including modifications) received before the time set for the opening of bids must be secured in a locked bid box, a safe, or in a secure restricted-access electronic bid box (i.e., secure password protected file folder on a controlled access Government computer network).","P_14_303_a_a: All bids received before opening time secured in locked bid box, safe, or secure electronic bid box",P_14_303_a = P_14_303_a_a,None,None (atomic proposition),VALIDATED,PASS,PASS,Mandatory security requirement. Three disjunctive storage methods (locked box OR safe OR electronic box). 'Must' is unambiguous.,HIGH
14,14.303(b),P_14_303_b,The bid opening officer must inform those present at the public bid opening that the time set for the opening of bids has arrived.,P_14_303_b_a: Bid opening officer announces arrival of opening time,P_14_303_b = P_14_303_b_a,None,None (atomic proposition),VALIDATED,PASS,PASS,Simple mandatory procedural requirement.,HIGH
14,14.303(c)(1),P_14_303_c_1,"The bid opening officer must personally and publicly open all bids received before the exact time set for opening of bids and if practical, read the bids aloud to all present.",P_14_303_c_1_a: Officer personally and publicly opens all timely bids; P_14_303_c_1_b: Bids read aloud if practical,P_14_303_c_1 = P_14_303_c_1_a ∧ P_14_303_c_1_b,None,Conjunction (Conj): Rule 7,VALIDATED,PASS,PASS,"Two requirements: mandatory personal/public opening, and conditional aloud reading ('if practical'). Opening is mandatory; reading aloud is advisory when practical.",HIGH
14,14.303(c)(2),P_14_303_c_2,The public may not attend bid openings for classified acquisitions. No public record must be made of bids or bid prices received in response to classified invitations for bids.,P_14_303_c_2_a: Public excluded from classified bid openings; P_14_303_c_2_b: No public record of classified bids or bid prices,P_14_303_c_2 = P_14_303_c_2_a ∧ P_14_303_c_2_b,None,Conjunction (Conj): Rule 7,VALIDATED,PASS,PASS,Two conjunctive prohibitions for classified acquisitions. Both mandatory.,HIGH
14,14.303(d),P_14_303_d,The contracting officer may postpone the public bid opening if the contracting officer determines in writing there is reason to believe: (1) An important segment of bidders has been delayed in the mail; (2) Delays in the communications system specified for transmission of bids; (3) Circumstances beyond the control of the bidders have delayed their timely submission; or (4) Emergency or unanticipated events has interrupted normal Governmental processes so that the scheduled opening is impractical.,P_14_303_d_written: CO makes written determination; P_14_303_d_1: Important segment delayed in mail; P_14_303_d_2: Communications system delays; P_14_303_d_3: Circumstances beyond bidder control; P_14_303_d_4: Emergency/unanticipated events; P_14_303_d_act: Bid opening postponed,(P_14_303_d_written ∧ (P_14_303_d_1 ∨ P_14_303_d_2 ∨ P_14_303_d_3 ∨ P_14_303_d_4)) ⊃ (P_14_303_d_act ∨ ~P_14_303_d_act),None,Material Implication (Impl): Rule 15 [HIGH-RISK]; Disjunction (Add): Rule 8; Conjunction (Conj): Rule 7; Tautology (Taut): Rule 18,PENDING_REVIEW,PASS,PASS,Permissive 'may' with written determination and four disjunctive grounds. Written determination is mandatory prerequisite. Any one ground is sufficient. Tautology for discretion.,MEDIUM
14,14.303(e),P_14_303_e,"Publicly post a determination to postpone a bid opening under paragraph (d). If practical before issuance of a formal amendment, communicate the determination to the prospective bidders likely to attend the scheduled bid opening.","P_14_303_e_a: Postponement determination publicly posted; P_14_303_e_b: If practical, communicate to prospective bidders before formal amendment",P_14_303_e = P_14_303_e_a ∧ P_14_303_e_b,None,Conjunction (Conj): Rule 7,VALIDATED,PASS,PASS,Two conjunctive duties: mandatory posting and conditional pre-amendment communication.,HIGH
14,14.303(f),P_14_303_f,"In the case of paragraph (d)(4), and when urgent Government requirements preclude amendment of the IFB, the time specified for opening of bids will be deemed to be extended to the same time of day specified in the IFB on the first workday on which normal Government processes resume. The time of actual bid opening must be deemed to be the time set for bid opening for the purpose of determining late bids under section 14.301.",P_14_303_f_cond1: Emergency per (d)(4); P_14_303_f_cond2: Urgent requirements preclude amendment; P_14_303_f_a: Opening time deemed extended to same time on first normal workday; P_14_303_f_b: Actual opening time deemed the set time for late bid purposes,(P_14_303_f_cond1 ∧ P_14_303_f_cond2) ⊃ (P_14_303_f_a ∧ P_14_303_f_b),P_14_301,Material Implication (Impl): Rule 15 [HIGH-RISK]; Conjunction (Conj): Rule 7,PENDING_REVIEW,PASS,PASS,Dual condition triggers automatic extension and legal fiction for late bid determination. Self-executing ('will be deemed'). Parallel to P_14_301_h but for bid opening rather than bid receipt.,MEDIUM
14,14.303(g),P_14_303_g,"The bid opening officer must complete and certify the accuracy of the Standard Form 1409, Abstract of Offers, or Optional Form 1419, Abstract of Offers-Construction (or automated equivalent) as soon after bid opening as practicable.",P_14_303_g_a: SF 1409 or OF 1419 (or equivalent) completed and certified accurately; P_14_303_g_b: Completed as soon after opening as practicable,P_14_303_g = P_14_303_g_a ∧ P_14_303_g_b,None,Conjunction (Conj): Rule 7,VALIDATED,PASS,PASS,Two conjunctive requirements: completion/certification and timeliness. 'Must' is mandatory.,HIGH
14,14.303(h),P_14_303_h,Abstracts of offers for unclassified acquisitions must be available for public inspection.,P_14_303_h_a: Unclassified offer abstracts available for public inspection,P_14_303_h = P_14_303_h_a,None,None (atomic proposition),VALIDATED,PASS,PASS,Mandatory public access requirement. Simple atomic.,HIGH
14,14.304-1,P_14_304_1,Mistakes in bids - General.,"P_14_304_1: General rules encompass examination, correction authority limits, verification, and processing",P_14_304_1 = P_14_304_1_a ∧ P_14_304_1_b ∧ P_14_304_1_c ∧ P_14_304_1_d,None,Conjunction (Conj): Rule 7,VALIDATED,PASS,PASS,Parent proposition for section 14.304-1.,HIGH
14,14.304-1(a),P_14_304_1_a,"After the opening of bids, contracting officers must examine all bids for mistakes.","P_14_304_1_a_a: After opening, COs examine all bids for mistakes",P_14_304_1_a = P_14_304_1_a_a,None,None (atomic proposition),VALIDATED,PASS,PASS,Mandatory post-opening duty. 'Must examine' is unambiguous.,HIGH
14,14.304-1(b),P_14_304_1_b,"The authority to permit correction of bids is limited to bids that, as submitted, are responsive to the invitation. The authority does not permit correction of bids to make them responsive.",P_14_304_1_b_a: Correction authority limited to responsive bids; P_14_304_1_b_b: Cannot correct to make bids responsive,P_14_304_1_b = P_14_304_1_b_a ∧ P_14_304_1_b_b,None,Conjunction (Conj): Rule 7,VALIDATED,PASS,PASS,Two conjunctive limitations on correction authority. Critical distinction between correcting responsive bids (allowed) and making nonresponsive bids responsive (prohibited).,HIGH
14,14.304-1(c),P_14_304_1_c,"If the contracting officer identifies an apparent mistake or has reason to believe that a mistake exists the contracting officer must request the bidder verify its bid, calling attention to the suspected mistake.","P_14_304_1_c_cond: CO identifies apparent mistake or has reason to believe one exists; P_14_304_1_c_act: CO requests bidder verify, calling attention to suspected mistake",P_14_304_1_c_cond ⊃ P_14_304_1_c_act,None,Material Implication (Impl): Rule 15 [HIGH-RISK],PENDING_REVIEW,PASS,PASS,Conditional: apparent mistake or reason to believe triggers mandatory verification request. Disjunctive trigger (identifies OR has reason).,MEDIUM
14,14.304-1(d),P_14_304_1_d,"If the bidder asserts a mistake in its bid, the matter must be processed in accordance with section 14.304. Such actions must be taken before award.",P_14_304_1_d_cond: Bidder asserts mistake; P_14_304_1_d_a: Processed per section 14.304; P_14_304_1_d_b: Actions taken before award,P_14_304_1_d_cond ⊃ (P_14_304_1_d_a ∧ P_14_304_1_d_b),None,Material Implication (Impl): Rule 15 [HIGH-RISK]; Conjunction (Conj): Rule 7,PENDING_REVIEW,PASS,PASS,Conditional: assertion triggers mandatory processing per 14.304 and pre-award timing requirement.,MEDIUM
14,14.304-2,P_14_304_2,"The contracting officer may correct any clerical mistake, apparent on its face in the bid, before award. The contracting officer first must obtain from the bidder a verification of the bid intended. Examples of apparent mistakes are obvious: (a) Misplacement of a decimal point; (b) Incorrect discounts; (c) Reversal of the price f.o.b. destination and price f.o.b. origin; and (d) Mistake in designation of unit.",P_14_304_2_cond: Clerical mistake apparent on face of bid; P_14_304_2_a: CO may correct before award; P_14_304_2_b: CO must first obtain bidder verification; P_14_304_2_ex_a: Misplacement of decimal point; P_14_304_2_ex_b: Incorrect discounts; P_14_304_2_ex_c: Reversal of FOB prices; P_14_304_2_ex_d: Mistake in unit designation,P_14_304_2_cond ⊃ ((P_14_304_2_a ∨ ~P_14_304_2_a) ∧ (P_14_304_2_a ⊃ P_14_304_2_b)),None,Material Implication (Impl): Rule 15 [HIGH-RISK]; Conjunction (Conj): Rule 7; Tautology (Taut): Rule 18,PENDING_REVIEW,PASS,PASS,"Permissive correction ('may') with mandatory prerequisite verification ('must first'). Tautology for correction discretion. If exercised, verification is mandatory. Examples are illustrative.",MEDIUM
14,14.304-3(a)(1),P_14_304_3_a_1,"A bidder may request in writing permission from the contracting officer to correct a mistake after providing clear and convincing evidence that establishes both the existence of the mistake, and the bid actually intended. If the contracting officer accepts the evidence and the correction does not cause the bidder to outbid other lower bids, the contracting officer may allow the correction.",P_14_304_3_a_1_req: Written request with clear and convincing evidence of mistake and intended bid; P_14_304_3_a_1_accept: CO accepts evidence; P_14_304_3_a_1_nooutbid: Correction does not cause outbidding; P_14_304_3_a_1_act: CO allows correction,(P_14_304_3_a_1_req ∧ P_14_304_3_a_1_accept ∧ P_14_304_3_a_1_nooutbid) ⊃ (P_14_304_3_a_1_act ∨ ~P_14_304_3_a_1_act),None,Material Implication (Impl): Rule 15 [HIGH-RISK]; Conjunction (Conj): Rule 7; Tautology (Taut): Rule 18,PENDING_REVIEW,PASS,PASS,Permissive 'may' for CO. Three conjunctive conditions for eligibility. Clear and convincing is the evidence standard. Tautology for CO discretion.,MEDIUM
14,14.304-3(a)(2),P_14_304_3_a_2,"If the correction causes the bidder to outbid one or more otherwise lower bids, the head of the agency may make a determination to permit the correction only if the mistake and intended bid are obvious from the final bid documents.",P_14_304_3_a_2_cond: Correction would cause outbidding; P_14_304_3_a_2_obvious: Mistake and intended bid obvious from final documents; P_14_304_3_a_2_act: Agency head permits correction,(P_14_304_3_a_2_cond ∧ P_14_304_3_a_2_obvious) ⊃ (P_14_304_3_a_2_act ∨ ~P_14_304_3_a_2_act),None,Material Implication (Impl): Rule 15 [HIGH-RISK]; Conjunction (Conj): Rule 7; Tautology (Taut): Rule 18,PENDING_REVIEW,PASS,PASS,Elevated authority (agency head vs CO). 'Only if' makes obviousness a necessary condition. Permissive 'may' even when conditions met. Higher evidence standard than (a)(1).,MEDIUM
14,14.304-3(b),P_14_304_3_b,"If bidder requests withdrawal not correction, evidence clear and convincing as to mistake and intended bid, and bid is lowest both uncorrected and corrected, agency head may correct and not permit withdrawal.","P_14_304_3_b_1: Bidder requests withdrawal; P_14_304_3_b_2: Clear/convincing evidence; P_14_304_3_b_3: Bid lowest both ways; P_14_304_3_b_act: Agency head corrects, denies withdrawal",(P_14_304_3_b_1 ∧ P_14_304_3_b_2 ∧ P_14_304_3_b_3) ⊃ (P_14_304_3_b_act ∨ ~P_14_304_3_b_act),None,Material Implication (Impl): Rule 15 [HIGH-RISK]; Conjunction (Conj): Rule 7; Tautology (Taut): Rule 18,PENDING_REVIEW,PASS,PASS,Permissive agency head authority to override withdrawal request. Three conjunctive conditions. Tautology for discretion.,MEDIUM
14,14.304-3(c),P_14_304_3_c,"If evidence clear as to mistake but not intended bid, or evidence reasonably supports mistake but not clear and convincing, official above CO may permit withdrawal.",P_14_304_3_c_1: Evidence clear re mistake not intended bid; P_14_304_3_c_2: Evidence reasonable but not clear/convincing; P_14_304_3_c_act: Official above CO may permit withdrawal,(P_14_304_3_c_1 ∨ P_14_304_3_c_2) ⊃ (P_14_304_3_c_act ∨ ~P_14_304_3_c_act),None,Material Implication (Impl): Rule 15 [HIGH-RISK]; Disjunction (Add): Rule 8; Tautology (Taut): Rule 18,PENDING_REVIEW,PASS,PASS,Two disjunctive evidence scenarios. Lower standard than (a). Withdrawal only.,MEDIUM
14,14.304-3(d),P_14_304_3_d,"If evidence does not warrant determination under (a), (b), or (c), agency head may determine bid neither withdrawn nor corrected.",P_14_304_3_d_cond: Evidence insufficient under (a)-(c); P_14_304_3_d_act: Agency head determines no change,P_14_304_3_d_cond ⊃ (P_14_304_3_d_act ∨ ~P_14_304_3_d_act),None,Material Implication (Impl): Rule 15 [HIGH-RISK]; Tautology (Taut): Rule 18,PENDING_REVIEW,PASS,PASS,Catch-all. Permissive. Bid stands.,MEDIUM
14,14.304-3(e),P_14_304_3_e,Agency heads may delegate authority for (a)-(d) determinations to central authority without power of redelegation.,P_14_304_3_e_a: Delegation permissive; P_14_304_3_e_b: No redelegation,(P_14_304_3_e_a ∨ ~P_14_304_3_e_a) ∧ (P_14_304_3_e_a ⊃ ~P_14_304_3_e_b),None,Tautology (Taut): Rule 18; Material Implication (Impl): Rule 15 [HIGH-RISK],PENDING_REVIEW,PASS,PASS,Permissive delegation with mandatory redelegation prohibition.,MEDIUM
14,14.304-3(f),P_14_304_3_f,Legal counsel must concur before issuance of determinations.,P_14_304_3_f_a: Legal counsel concurrence before determinations,P_14_304_3_f = P_14_304_3_f_a,None,None (atomic),VALIDATED,PASS,PASS,Mandatory prerequisite.,HIGH
14,14.304-3(g)(1),P_14_304_3_g_1,Mere statement by administrative officials of satisfaction that error was made is insufficient.,P_14_304_3_g_1_a: Administrative satisfaction statement is insufficient evidence,P_14_304_3_g_1 = P_14_304_3_g_1_a,None,None (atomic),VALIDATED,PASS,PASS,Evidence threshold prohibition.,HIGH
14,14.304-3(g)(2),P_14_304_3_g_2,CO must immediately request verification. Actions must reasonably assure no error or elicit allegation. Bidder should be advised of: bid much lower; unusual specs; changes from previous; other info indicating mistake.,P_14_304_3_g_2_a: Immediate verification request; P_14_304_3_g_2_b: Reasonable assurance actions; P_14_304_3_g_2_c: Appropriate advisement to bidder,P_14_304_3_g_2 = P_14_304_3_g_2_a ∧ P_14_304_3_g_2_b ∧ P_14_304_3_g_2_c,None,Conjunction (Conj): Rule 7,PENDING_REVIEW,PASS,PASS,Three duties. Advisory 'should' on advisement items. PENDING_REVIEW.,MEDIUM
14,14.304-3(g)(3),P_14_304_3_g_3,"If bid verified, consider as originally submitted.",P_14_304_3_g_3_cond: Bid verified; P_14_304_3_g_3_act: Bid considered as submitted,P_14_304_3_g_3_cond ⊃ P_14_304_3_g_3_act,None,Material Implication (Impl): Rule 15 [HIGH-RISK],PENDING_REVIEW,PASS,PASS,Mandatory consequence of verification.,MEDIUM
14,14.304-3(g)(4),P_14_304_3_g_4,"If acceptance time likely to expire, request all eligible bidders extend.",P_14_304_3_g_4_cond: Time expiring; P_14_304_3_g_4_act: Request extensions,P_14_304_3_g_4_cond ⊃ P_14_304_3_g_4_act,None,Material Implication (Impl): Rule 15 [HIGH-RISK],PENDING_REVIEW,PASS,PASS,Mandatory extension request.,MEDIUM
14,14.304-3(g)(5),P_14_304_3_g_5,"If bidder cannot grant extension, consider bid as originally submitted.",P_14_304_3_g_5_cond: No extension granted; P_14_304_3_g_5_act: Bid stands,P_14_304_3_g_5_cond ⊃ P_14_304_3_g_5_act,None,Material Implication (Impl): Rule 15 [HIGH-RISK],PENDING_REVIEW,PASS,PASS,Mandatory consequence.,MEDIUM
14,14.304-3(g)(6),P_14_304_3_g_6,"If bidder alleges mistake, CO must advise written request with sworn statements and evidence including file copy, worksheets, subcontractor quotes, price lists, and other evidence.",P_14_304_3_g_6_cond: Bidder alleges mistake; P_14_304_3_g_6_a: CO advises written request; P_14_304_3_g_6_b: Evidence requirements,P_14_304_3_g_6_cond ⊃ (P_14_304_3_g_6_a ∧ P_14_304_3_g_6_b),None,Material Implication (Impl): Rule 15 [HIGH-RISK]; Conjunction (Conj): Rule 7,PENDING_REVIEW,PASS,PASS,Conditional duty with evidence requirements.,MEDIUM
14,14.304-3(g)(7),P_14_304_3_g_7,"When bidder furnishes evidence, CO must refer case with: signed bid copy; IFB and specs; abstract of bids; bidder request and evidence; CO statement with description, dates, allegation details, evidence summary, price reference, additional evidence, and recommendation.",P_14_304_3_g_7_cond: Evidence furnished; P_14_304_3_g_7_docs: Five categories of referral documentation,P_14_304_3_g_7_cond ⊃ P_14_304_3_g_7_docs,None,Material Implication (Impl): Rule 15 [HIGH-RISK]; Conjunction (Conj): Rule 7,PENDING_REVIEW,PASS,PASS,Conditional: mandatory case referral with comprehensive documentation.,MEDIUM
14,14.304-3(g)(8),P_14_304_3_g_8,"If bidder fails to furnish evidence, consider bid as submitted unless amount so far out of line or other clear error indications. CO must document all attempts.",P_14_304_3_g_8_cond: No evidence from bidder; P_14_304_3_g_8_default: Bid stands; P_14_304_3_g_8_exc1: Amount out of line; P_14_304_3_g_8_exc2: Clear error indications; P_14_304_3_g_8_doc: Documentation of attempts,(P_14_304_3_g_8_cond ∧ ~(P_14_304_3_g_8_exc1 ∨ P_14_304_3_g_8_exc2)) ⊃ P_14_304_3_g_8_default; P_14_304_3_g_8_cond ⊃ P_14_304_3_g_8_doc,None,Material Implication (Impl): Rule 15 [HIGH-RISK]; Negation (Neg): Rule 10; Disjunction (Add): Rule 8,PENDING_REVIEW,PASS,PASS,Default with two disjunctive exceptions. Documentation mandatory regardless.,MEDIUM
14,14.304-3(h),P_14_304_3_h,"Agency must maintain records of all determinations, facts, and actions. Copies in file.",P_14_304_3_h_a: Records maintained; P_14_304_3_h_b: Copies in file,P_14_304_3_h = P_14_304_3_h_a ∧ P_14_304_3_h_b,None,Conjunction (Conj): Rule 7,VALIDATED,PASS,PASS,Mandatory record-keeping.,HIGH
14,14.304-3(i),P_14_304_3_i,Nothing prevents submission of doubtful cases to Comptroller General.,P_14_304_3_i_a: Comptroller General referral preserved,P_14_304_3_i = P_14_304_3_i_a,None,None (atomic),VALIDATED,PASS,PASS,Savings clause.,HIGH
14,14.305(a),P_14_305_a,"Unless compelling reason to reject all bids and cancel, CO must award to lowest responsive responsible bidder.",P_14_305_a_cond: No compelling reason; P_14_305_a_act: Award to lowest responsive responsible bidder,P_14_305_a_cond ⊃ P_14_305_a_act,None,Material Implication (Impl): Rule 15 [HIGH-RISK],PENDING_REVIEW,PASS,PASS,Default award rule. Core sealed bidding principle.,MEDIUM
14,14.305(b),P_14_305_b,Invitations may be cancelled after opening when agency head determines in writing for ten disjunctive reasons: inadequate specs; revised specs; no longer required; cost factors not considered; less expensive alternative; unreasonable prices/single bid; collusion/bad faith; no responsive responsible bid; A-76 shows Government more economical; or other public interest reasons.,P_14_305_b_written: Written determination; P_14_305_b_reasons: Ten disjunctive grounds; P_14_305_b_act: Post-opening cancellation,(P_14_305_b_written ∧ P_14_305_b_reasons) ⊃ (P_14_305_b_act ∨ ~P_14_305_b_act),None,Material Implication (Impl): Rule 15 [HIGH-RISK]; Disjunction (Add): Rule 8; Tautology (Taut): Rule 18,PENDING_REVIEW,PASS,PASS,Permissive with written determination and ten disjunctive grounds. Agency head authority.,MEDIUM
14,14.305(c),P_14_305_c,"If award delayed beyond acceptance periods, CO should request written extensions with surety consent.",P_14_305_c_cond: Delay beyond acceptance; P_14_305_c_act: Request extensions,P_14_305_c_cond ⊃ P_14_305_c_act,None,Material Implication (Impl): Rule 15 [HIGH-RISK],PENDING_REVIEW,PASS,PASS,Advisory 'should'. PENDING_REVIEW.,MEDIUM
14,14.305(d)(1),P_14_305_d_1,"If cancelled for (b)(6)-(8) and agency head authorized negotiation, proceed per (e).",P_14_305_d_1_cond: Cancelled for (b)(6)-(8) with negotiation authority; P_14_305_d_1_act: Proceed per (e),P_14_305_d_1_cond ⊃ P_14_305_d_1_act,None,Material Implication (Impl): Rule 15 [HIGH-RISK],PENDING_REVIEW,PASS,PASS,Mandatory consequence.,MEDIUM
14,14.305(d)(2),P_14_305_d_2,"If cancelled for (b)(1),(2),(4),(5),(10), or (b)(6)-(8) without negotiation authority, proceed with new acquisition.",P_14_305_d_2_cond: Other cancellation scenarios; P_14_305_d_2_act: New acquisition,P_14_305_d_2_cond ⊃ P_14_305_d_2_act,None,Material Implication (Impl): Rule 15 [HIGH-RISK],PENDING_REVIEW,PASS,PASS,Covers remaining cancellation scenarios.,MEDIUM
14,14.305(e),P_14_305_e,"When agency head determines cancellation and negotiation in Government interest per (d)(1), CO may negotiate per part 15 and award without new IFB provided: (1) each responsible bidder given notice and opportunity to participate; and (2) award to responsible bidder offering lowest negotiated price.",P_14_305_e_cond: Agency head determined per (d)(1); P_14_305_e_1: Each responsible bidder notified and given opportunity; P_14_305_e_2: Award to lowest negotiated price,P_14_305_e_cond ⊃ ((P_14_305_e_1 ∧ P_14_305_e_2) ⊃ (P_14_305_e_act ∨ ~P_14_305_e_act)),EXT_Part_15,Material Implication (Impl): Rule 15 [HIGH-RISK]; Conjunction (Conj): Rule 7; Tautology (Taut): Rule 18,PENDING_REVIEW,PASS,PASS,"Permissive negotiation authority with two mandatory conditions. Tautology for CO discretion. Nested implication: outer condition enables, inner conditions constrain.",MEDIUM
14,14.306-1(a),P_14_306_1_a,"To be considered for award, a bid must comply in all material respects with the invitation for bids.",P_14_306_1_a_a: Bid complies in all material respects with IFB; P_14_306_1_a_b: Bid considered for award,~P_14_306_1_a_a ⊃ ~P_14_306_1_a_b,None,Material Implication (Impl): Rule 15 [HIGH-RISK]; Negation (Neg): Rule 10,PENDING_REVIEW,PASS,PASS,Foundational responsiveness standard. Non-compliance precludes consideration. Contrapositive of: consideration implies compliance.,MEDIUM
14,14.306-1(b),P_14_306_1_b,Bids on own form or letter considered only if: (1) bidder accepts all terms and conditions; and (2) award results in binding contract with same terms.,P_14_306_1_b_1: Bidder accepts all terms; P_14_306_1_b_2: Binding contract with same terms,P_14_306_1_b_cond ⊃ ((P_14_306_1_b_1 ∧ P_14_306_1_b_2) ⊃ P_14_306_1_b_act),None,Material Implication (Impl): Rule 15 [HIGH-RISK]; Conjunction (Conj): Rule 7,PENDING_REVIEW,PASS,PASS,Nested conditional: own-form use triggers two conjunctive conditions for consideration.,MEDIUM
14,14.306-1(c),P_14_306_1_c,Electronic bids considered only if method stipulated or permitted by IFB.,P_14_306_1_c_cond: Electronic bid; P_14_306_1_c_req: Method stipulated or permitted,(P_14_306_1_c_cond ∧ ~P_14_306_1_c_req) ⊃ ~P_14_306_1_c_act,None,Material Implication (Impl): Rule 15 [HIGH-RISK]; Negation (Neg): Rule 10,PENDING_REVIEW,PASS,PASS,'Only if' creates necessary condition.,MEDIUM
14,14.306-1(d),P_14_306_1_d,"If any sample fails to conform to listed characteristics, bid rejected as nonresponsive.",P_14_306_1_d_cond: Sample fails to conform,P_14_306_1_d_cond ⊃ P_14_306_1_d_act,None,Material Implication (Impl): Rule 15 [HIGH-RISK],PENDING_REVIEW,PASS,PASS,Mandatory rejection. No discretion.,MEDIUM
14,14.306-2(a),P_14_306_2_a,"Prior to award, CO must determine: (1) apparent awardee is responsible (see subpart 9.1); and (2) prices offered are reasonable and not materially unbalanced.",P_14_306_2_a_1: Awardee responsible per 9.1; P_14_306_2_a_2: Prices reasonable and not unbalanced,P_14_306_2_a = P_14_306_2_a_1 ∧ P_14_306_2_a_2,EXT_Part_9; EXT_Subpart_9_1,Conjunction (Conj): Rule 7,VALIDATED,PASS,PASS,Two conjunctive mandatory pre-award determinations.,HIGH
14,14.306-2(b),P_14_306_2_b,Part 15 price analysis techniques should be used as guidelines for determining reasonableness and material unbalancing.,P_14_306_2_b_a: Part 15 techniques used as guidelines,P_14_306_2_b = P_14_306_2_b_a,EXT_Part_15,None (atomic proposition),PENDING_REVIEW,PASS,PASS,Advisory 'should'. Not mandatory.,MEDIUM
14,14.306-2(c),P_14_306_2_c,Determination in light of all prevailing circumstances. Particular care with single bids.,P_14_306_2_c_a: All circumstances considered; P_14_306_2_c_b: Particular care with single bids,P_14_306_2_c = P_14_306_2_c_a ∧ P_14_306_2_c_b,None,Conjunction (Conj): Rule 7,VALIDATED,PASS,PASS,Two mandatory requirements. Both 'must'.,HIGH
14,14.306-3(a),P_14_306_3_a,Bids failing to conform to basic IFB requirements must be rejected.,P_14_306_3_a_cond: Nonconformance; P_14_306_3_a_act: Rejected,P_14_306_3_a_cond ⊃ P_14_306_3_a_act,None,Material Implication (Impl): Rule 15 [HIGH-RISK],PENDING_REVIEW,PASS,PASS,Mandatory rejection. Core responsiveness rule.,MEDIUM
14,14.306-3(b),P_14_306_3_b,Nonconforming bids rejected unless invitation authorized alternates and alternates meet requirements.,P_14_306_3_b_cond: Nonconforming; P_14_306_3_b_exc1: Alternates authorized; P_14_306_3_b_exc2: Alternates meet requirements,(P_14_306_3_b_cond ∧ ~(P_14_306_3_b_exc1 ∧ P_14_306_3_b_exc2)) ⊃ P_14_306_3_b_reject,None,Material Implication (Impl): Rule 15 [HIGH-RISK]; Conjunction (Conj): Rule 7; Negation (Neg): Rule 10,PENDING_REVIEW,PASS,PASS,Default rejection with two conjunctive exception conditions.,MEDIUM
14,14.306-3(c),P_14_306_3_c,Bids failing delivery schedule or permissible alternates must be rejected.,P_14_306_3_c_cond: Delivery nonconformance,P_14_306_3_c_cond ⊃ P_14_306_3_c_act,None,Material Implication (Impl): Rule 15 [HIGH-RISK],PENDING_REVIEW,PASS,PASS,Mandatory rejection for delivery nonconformance.,MEDIUM
14,14.306-3(d),P_14_306_3_d,Bids rejected if bidder imposes modifying conditions or limits liability. Examples: protects against future cost changes; fails to state price; qualifies price to delivery time; conditions on separate IFB; requires Government to determine compliance; limits Government rights.,P_14_306_3_d_cond: Bidder imposes modifying conditions or limits liability,P_14_306_3_d_cond ⊃ P_14_306_3_d_act,None,Material Implication (Impl): Rule 15 [HIGH-RISK],PENDING_REVIEW,PASS,PASS,Mandatory rejection. Six illustrative examples not exhaustive.,MEDIUM
14,14.306-3(e),P_14_306_3_e,"Low bidder may be requested to delete non-substantive objectionable conditions not working injustice on others. Substance affects price, quantity, quality, or delivery.",P_14_306_3_e_cond1: Non-substantive; P_14_306_3_e_cond2: No injustice,(P_14_306_3_e_cond1 ∧ P_14_306_3_e_cond2) ⊃ (P_14_306_3_e_act ∨ ~P_14_306_3_e_act),None,Material Implication (Impl): Rule 15 [HIGH-RISK]; Conjunction (Conj): Rule 7; Tautology (Taut): Rule 18,PENDING_REVIEW,PASS,PASS,Permissive 'may' with two conjunctive conditions. Tautology for discretion.,MEDIUM
14,14.306-3(f),P_14_306_3_f,CO may reject any bid if written determination of unreasonable total or line item prices.,P_14_306_3_f_cond: Written unreasonableness determination,P_14_306_3_f_cond ⊃ (P_14_306_3_f_act ∨ ~P_14_306_3_f_act),None,Material Implication (Impl): Rule 15 [HIGH-RISK]; Tautology (Taut): Rule 18,PENDING_REVIEW,PASS,PASS,Permissive rejection requiring written determination.,MEDIUM
14,14.306-3(g),P_14_306_3_g,CO may reject any bid if prices materially unbalanced (see part 15).,P_14_306_3_g_cond: Material unbalancing,P_14_306_3_g_cond ⊃ (P_14_306_3_g_act ∨ ~P_14_306_3_g_act),EXT_Part_15,Material Implication (Impl): Rule 15 [HIGH-RISK]; Tautology (Taut): Rule 18,PENDING_REVIEW,PASS,PASS,Permissive rejection for material unbalancing.,MEDIUM
14,14.306-3(h),P_14_306_3_h,CO must reject bid from suspended/debarred/proposed/ineligible person at opening date unless written compelling reason (see subpart 9.4).,P_14_306_3_h_cond: Bidder excluded; P_14_306_3_h_exc: Written compelling reason,(P_14_306_3_h_cond ∧ ~P_14_306_3_h_exc) ⊃ P_14_306_3_h_act,EXT_Part_9; EXT_Subpart_9_4,Material Implication (Impl): Rule 15 [HIGH-RISK]; Conjunction (Conj): Rule 7; Negation (Neg): Rule 10,PENDING_REVIEW,PASS,PASS,Mandatory rejection with narrow written exception.,MEDIUM
14,14.306-3(i),P_14_306_3_i,"Reject low bids from not-responsible concerns per part 9, unless small business (see part 19 re COC).",P_14_306_3_i_cond: Not responsible; P_14_306_3_i_exc: Small business,(P_14_306_3_i_cond ∧ ~P_14_306_3_i_exc) ⊃ P_14_306_3_i_act,EXT_Part_19; EXT_Part_9,Material Implication (Impl): Rule 15 [HIGH-RISK]; Negation (Neg): Rule 10,PENDING_REVIEW,PASS,PASS,Mandatory rejection with small business exception via COC process.,MEDIUM
14,14.306-3(j),P_14_306_3_j,"Reject bid when guarantee required and bidder fails to furnish per IFB, except as provided in part 28.",P_14_306_3_j_cond1: Guarantee required; P_14_306_3_j_cond2: Not furnished; P_14_306_3_j_exc: Part 28 exception,(P_14_306_3_j_cond1 ∧ P_14_306_3_j_cond2 ∧ ~P_14_306_3_j_exc) ⊃ P_14_306_3_j_act,EXT_Part_28,Material Implication (Impl): Rule 15 [HIGH-RISK]; Conjunction (Conj): Rule 7; Negation (Neg): Rule 10,PENDING_REVIEW,PASS,PASS,Triple condition with Part 28 exception.,MEDIUM
14,14.306-3(k),P_14_306_3_k,Preserve originals of all rejected bids and written findings in contract file.,P_14_306_3_k_a: Originals preserved; P_14_306_3_k_b: Written findings preserved,P_14_306_3_k = P_14_306_3_k_a ∧ P_14_306_3_k_b,None,Conjunction (Conj): Rule 7,VALIDATED,PASS,PASS,Two conjunctive record requirements. Mandatory.,HIGH
14,14.306-3(l),P_14_306_3_l,"If bidder assets transferred between opening and award, reject unless by merger, operation of law, or non-barred means per 41 U.S.C. 6305 or 31 U.S.C. 3727.",P_14_306_3_l_cond: Assets transferred; P_14_306_3_l_exc: Transfer by permitted means,(P_14_306_3_l_cond ∧ ~P_14_306_3_l_exc) ⊃ P_14_306_3_l_act,None,Material Implication (Impl): Rule 15 [HIGH-RISK]; Negation (Neg): Rule 10,PENDING_REVIEW,PASS,PASS,Mandatory rejection with statutory exceptions.,MEDIUM
14,14.306-4,P_14_306_4,"When all bids rejected, CO must notify each bidder and provide reason.",P_14_306_4_cond: All bids rejected; P_14_306_4_a: Notification; P_14_306_4_b: Reason provided,P_14_306_4_cond ⊃ (P_14_306_4_a ∧ P_14_306_4_b),None,Material Implication (Impl): Rule 15 [HIGH-RISK]; Conjunction (Conj): Rule 7,PENDING_REVIEW,PASS,PASS,Two mandatory duties upon total rejection.,MEDIUM
14,14.306-5,P_14_306_5,Bid with descriptive literature restriction preventing public disclosure renders bid nonresponsive if prohibits disclosure of essential info. Does not apply to unsolicited non-qualifying literature.,P_14_306_5_cond1: Restricted literature; P_14_306_5_cond2: Prohibits essential disclosure; P_14_306_5_exc: Unsolicited non-qualifying,(P_14_306_5_cond1 ∧ P_14_306_5_cond2 ∧ ~P_14_306_5_exc) ⊃ P_14_306_5_act,None,Material Implication (Impl): Rule 15 [HIGH-RISK]; Conjunction (Conj): Rule 7; Negation (Neg): Rule 10,PENDING_REVIEW,PASS,PASS,Triple condition for nonresponsive determination.,MEDIUM
14,14.306-6,P_14_306_6,All-or-none bid may be responsive unless IFB provides otherwise. Cannot withdraw or modify all-or-none after opening.,P_14_306_6_a: Responsive unless IFB otherwise; P_14_306_6_b: No post-opening withdrawal/modification,P_14_306_6 = P_14_306_6_a ∧ P_14_306_6_b,None,Conjunction (Conj): Rule 7,VALIDATED,PASS,PASS,Two independent rules. Prohibition protects other bidders.,HIGH
14,14.306-7,P_14_306_7,"Minor informality/irregularity is form not substance, negligible effect. CO must give opportunity to cure or waive, whichever advantages Government. Examples: copies, employee info, unsigned bid with intent, amendment acknowledgment, EO/AA representations.",P_14_306_7_cond: Minor informality exists; P_14_306_7_act: CO cures or waives per Government advantage,P_14_306_7_cond ⊃ P_14_306_7_act,None,Material Implication (Impl): Rule 15 [HIGH-RISK],PENDING_REVIEW,PASS,PASS,Mandatory cure-or-waive duty. CO chooses per Government advantage.,MEDIUM
14,14.306-8,P_14_306_8,Prompt payment discounts must not be considered in evaluation of bids.,P_14_306_8_a: Discounts excluded from evaluation,P_14_306_8 = ~P_14_306_8_a,None,Negation (Neg): Rule 10,VALIDATED,PASS,PASS,Absolute prohibition. No exceptions.,HIGH
14,14.306-9(a)(1),P_14_306_9_a_1,"When IFB has no EPA clause but bidder proposes one with ceiling, evaluate at maximum possible EPA of base price.","P_14_306_9_a_1_cond: No EPA clause, bidder proposes with ceiling",P_14_306_9_a_1_cond ⊃ P_14_306_9_a_1_act,None,Material Implication (Impl): Rule 15 [HIGH-RISK],PENDING_REVIEW,PASS,PASS,Mandatory maximum-EPA evaluation.,MEDIUM
14,14.306-9(a)(2),P_14_306_9_a_2,"If bid eligible, request bidder agree to approved EPA clause per part 16. If refuses, CO may award on original bid.",P_14_306_9_a_2_cond: Eligible; P_14_306_9_a_2_refuse: Refuses clause,P_14_306_9_a_2_cond ⊃ P_14_306_9_a_2_req; P_14_306_9_a_2_refuse ⊃ (P_14_306_9_a_2_b ∨ ~P_14_306_9_a_2_b),EXT_Part_16,Material Implication (Impl): Rule 15 [HIGH-RISK]; Tautology (Taut): Rule 18,PENDING_REVIEW,PASS,PASS,Sequential conditionals: request then permissive fallback.,MEDIUM
14,14.306-9(a)(3),P_14_306_9_a_3,Reject bids with EPA and no ceiling unless clear evaluation basis exists.,P_14_306_9_a_3_cond: EPA no ceiling no clear basis,P_14_306_9_a_3_cond ⊃ P_14_306_9_a_3_act,None,Material Implication (Impl): Rule 15 [HIGH-RISK],PENDING_REVIEW,PASS,PASS,Mandatory rejection with exception.,MEDIUM
14,14.306-9(b)(1),P_14_306_9_b_1,"When Government EPA clause and no exceptions, evaluate on quoted prices without EPA.","P_14_306_9_b_1_cond: Government EPA, no exceptions",P_14_306_9_b_1_cond ⊃ P_14_306_9_b_1_act,None,Material Implication (Impl): Rule 15 [HIGH-RISK],PENDING_REVIEW,PASS,PASS,Base-price evaluation when Government EPA accepted.,MEDIUM
14,14.306-9(b)(2),P_14_306_9_b_2,Reject as nonresponsive if bidder increases max EPA percentage or limits downward adjustment.,P_14_306_9_b_2_cond: Increases or limits,P_14_306_9_b_2_cond ⊃ P_14_306_9_b_2_act,None,Material Implication (Impl): Rule 15 [HIGH-RISK],PENDING_REVIEW,PASS,PASS,Mandatory rejection. Disjunctive trigger.,MEDIUM
14,14.306-9(b)(3),P_14_306_9_b_3,Reject as nonresponsive if bid deletes EPA clause.,P_14_306_9_b_3_cond: EPA clause deleted,P_14_306_9_b_3_cond ⊃ P_14_306_9_b_3_act,None,Material Implication (Impl): Rule 15 [HIGH-RISK],PENDING_REVIEW,PASS,PASS,Mandatory rejection. Deletion limits downward provisions.,MEDIUM
14,14.306-9(b)(4),P_14_306_9_b_4,"When bidder decreases max EPA, evaluate at base price equally. If in position for award, award reflects lower ceiling.",P_14_306_9_b_4_cond: Bidder decreases max EPA,P_14_306_9_b_4_cond ⊃ (P_14_306_9_b_4_a ∧ P_14_306_9_b_4_b),None,Material Implication (Impl): Rule 15 [HIGH-RISK]; Conjunction (Conj): Rule 7,PENDING_REVIEW,PASS,PASS,Two-stage: equal evaluation then reflect lower ceiling if awarded.,MEDIUM
14,14.307,P_14_307,Award.,"P_14_307: Award encompasses procedure, multiple awards, partial awards, documents, forms, discounts",P_14_307 = P_14_307_a ∧ P_14_307_b ∧ P_14_307_c ∧ P_14_307_d ∧ P_14_307_e_1 ∧ P_14_307_e_2 ∧ P_14_307_e_3 ∧ P_14_307_f,None,Conjunction (Conj): Rule 7,VALIDATED,PASS,PASS,Parent proposition for section 14.307.,HIGH
14,14.307(a),P_14_307_a,CO must make award: (1) by written or electronic notice; (2) within acceptance time or extension; (3) to responsible bidder whose conforming bid most advantageous considering only price and price-related factors.,P_14_307_a_1: Written/electronic notice; P_14_307_a_2: Within acceptance time; P_14_307_a_3: Most advantageous conforming responsible bid,P_14_307_a = P_14_307_a_1 ∧ P_14_307_a_2 ∧ P_14_307_a_3,None,Conjunction (Conj): Rule 7,VALIDATED,PASS,PASS,Three conjunctive mandatory award requirements. Core sealed bidding standard.,HIGH
14,14.307(b),P_14_307_b,Multiple awards from single IFB require separate award documents.,P_14_307_b_cond: Multiple awards,P_14_307_b_cond ⊃ P_14_307_b_act,None,Material Implication (Impl): Rule 15 [HIGH-RISK],PENDING_REVIEW,PASS,PASS,Conditional: multiple awards trigger separate documents.,MEDIUM
14,14.307(c),P_14_307_c,Partial award with items withheld: IFB and award must state subsequent awards possible within acceptance period.,P_14_307_c_cond: Partial award,P_14_307_c_cond ⊃ P_14_307_c_act,None,Material Implication (Impl): Rule 15 [HIGH-RISK],PENDING_REVIEW,PASS,PASS,Mandatory statement in both IFB and award document.,MEDIUM
14,14.307(d),P_14_307_d,All IFB provisions including acceptable bid changes must be clearly set forth in award document.,P_14_307_d_a: Completeness of award document,P_14_307_d = P_14_307_d_a,None,None (atomic proposition),VALIDATED,PASS,PASS,Mandatory completeness requirement.,HIGH
14,14.307(e)(1),P_14_307_e_1,"Award generally on SF 33 or SF 1447. If further changes, bilateral on SF 26.",P_14_307_e_1_a: Default SF 33/1447; P_14_307_e_1_b: Changes trigger SF 26,P_14_307_e_1 = P_14_307_e_1_a ∧ (P_14_307_e_1_changes ⊃ P_14_307_e_1_b),None,Conjunction (Conj): Rule 7; Material Implication (Impl): Rule 15 [HIGH-RISK],PENDING_REVIEW,PASS,PASS,Default with conditional for further changes.,MEDIUM
14,14.307(e)(2),P_14_307_e_2,Standard form use does not preclude informal notices including electronic.,P_14_307_e_2_a: Informal notices compatible,P_14_307_e_2 = P_14_307_e_2_a,None,None (atomic proposition),VALIDATED,PASS,PASS,Permissive clarification.,HIGH
14,14.307(e)(3),P_14_307_e_3,Do not physically include Part IV. Award acceptance on SF 33/26/1447 incorporates Section K even if not attached.,P_14_307_e_3_a: Part IV excluded physically; P_14_307_e_3_b: Section K incorporated by operation,P_14_307_e_3 = P_14_307_e_3_a ∧ P_14_307_e_3_b,None,Conjunction (Conj): Rule 7,VALIDATED,PASS,PASS,Prohibition plus automatic incorporation.,HIGH
14,14.307(f),P_14_307_f,Discount forms part of award; payment center takes if timely. Alternative: invoice-level discounts. See 52.232-8.,P_14_307_f_a: Discount in award; P_14_307_f_b: Payment center duty; P_14_307_f_c: Invoice alternative,P_14_307_f = P_14_307_f_a ∧ P_14_307_f_b ∧ P_14_307_f_c,EXT_52_232_8,Conjunction (Conj): Rule 7,VALIDATED,PASS,PASS,"Three elements: integration, duty, and alternative.",HIGH
14,14.308(a),P_14_308_a,Equal low bids: award in priority order: (1) SB + labor surplus area; (2) other SB; (3) other business.,P_14_308_a_1: SB labor surplus first; P_14_308_a_2: Other SB second; P_14_308_a_3: Other business third,P_14_308_a = P_14_308_a_1 ⊃ (P_14_308_a_2 ⊃ P_14_308_a_3),None,Material Implication (Impl): Rule 15 [HIGH-RISK],PENDING_REVIEW,PASS,PASS,Sequential priority order. Mandatory.,MEDIUM
14,14.308(b),P_14_308_b,"If still equal after priorities, conduct drawing with at least three witnesses. Give bidders opportunity to attend if time permits. File must contain witness names/addresses.",P_14_308_b_cond: Still equal after priorities,P_14_308_b_cond ⊃ (P_14_308_b_draw ∧ P_14_308_b_witnesses ∧ P_14_308_b_file),None,Material Implication (Impl): Rule 15 [HIGH-RISK]; Conjunction (Conj): Rule 7,PENDING_REVIEW,PASS,PASS,Three conjunctive requirements when drawing needed.,MEDIUM
14,14.308(c),P_14_308_c,"When using priorities, CO must include written agreement that contractor performs per priority justification.",P_14_308_c_cond: Priority-based award,P_14_308_c_cond ⊃ P_14_308_c_act,None,Material Implication (Impl): Rule 15 [HIGH-RISK],PENDING_REVIEW,PASS,PASS,Mandatory written agreement when priority used.,MEDIUM
14,14.309-1(a),P_14_309_1_a,"CO must (subject to part 9): notify unsuccessful bidders within three calendar days; when award to other than low bidder, state reason to unsuccessful low bidders.",P_14_309_1_a_1: Notify within 3 days; P_14_309_1_a_2: State reason if not low bidder awarded,P_14_309_1_a = P_14_309_1_a_1 ∧ P_14_309_1_a_2,EXT_Part_9,Conjunction (Conj): Rule 7,VALIDATED,PASS,PASS,Two mandatory notification duties. 'Day' means calendar day excluding weekends/holidays at end.,HIGH
14,14.309-1(b),P_14_309_1_b,"For WTO GPA/FTA acquisitions (part 25), notices to unsuccessful bidders from covered countries must include: dollar amount of successful bid; and name/address of successful bidder.",P_14_309_1_b_cond: WTO GPA/FTA acquisition; P_14_309_1_b_1: Dollar amount; P_14_309_1_b_2: Name/address,P_14_309_1_b_cond ⊃ (P_14_309_1_b_1 ∧ P_14_309_1_b_2),EXT_Part_25,Material Implication (Impl): Rule 15 [HIGH-RISK]; Conjunction (Conj): Rule 7,PENDING_REVIEW,PASS,PASS,Conditional: international agreement triggers two additional notice requirements.,MEDIUM
14,14.309-2,P_14_309_2,"For classified contracts: in addition to 14.309-1, advise unsuccessful bidders including non-bidders on disposition of classified info. May provide name/price upon request. No telephone for classified award info.",P_14_309_2_a: Disposition advice; P_14_309_2_b: Name/price on request; P_14_309_2_c: No telephone,P_14_309_2 = P_14_309_2_a ∧ (P_14_309_2_b ∨ ~P_14_309_2_b) ∧ P_14_309_2_c,None,Conjunction (Conj): Rule 7; Tautology (Taut): Rule 18,PENDING_REVIEW,PASS,PASS,"Three elements: mandatory disposition advice, permissive name/price, prohibition on telephone.",MEDIUM
14,14.401,P_14_401,Mistakes after award - processed under part 33 and the following.,P_14_401: Post-award mistake procedures,P_14_401 = P_14_401_a ∧ P_14_401_b ∧ P_14_401_c ∧ P_14_401_d ∧ P_14_401_e_1 ∧ P_14_401_e_2 ∧ P_14_401_f,EXT_Part_33,Conjunction (Conj): Rule 7,VALIDATED,PASS,PASS,Parent proposition for section 14.401.,HIGH
14,14.401(a),P_14_401_a,"When mistake not discovered until after award, correct by contract modification if favorable to Government without changing essential spec requirements.",P_14_401_a_cond: Post-award mistake; P_14_401_a_fav: Favorable to Government; P_14_401_a_spec: Does not change essential specs,(P_14_401_a_cond ∧ P_14_401_a_fav ∧ P_14_401_a_spec) ⊃ P_14_401_a_act,None,Material Implication (Impl): Rule 15 [HIGH-RISK]; Conjunction (Conj): Rule 7,PENDING_REVIEW,PASS,PASS,Triple condition for modification authority.,MEDIUM
14,14.401(b),P_14_401_b,Agencies may determine: rescind; reform to delete items or increase price (if corrected price does not exceed next lowest bid); or no change if evidence does not warrant.,P_14_401_b_1: Rescind; P_14_401_b_2: Reform (delete or increase); P_14_401_b_3: No change,P_14_401_b = P_14_401_b_1 ∨ P_14_401_b_2 ∨ P_14_401_b_3,None,Disjunction (Add): Rule 8,PENDING_REVIEW,PASS,PASS,Three disjunctive determination options. Permissive 'authorized' and 'may'. Price increase limited to next lowest bid.,MEDIUM
14,14.401(c),P_14_401_c,"Determinations under (b)(1) and (2) require clear and convincing evidence of mistake. Must also be clear mistake was mutual, or if unilateral, so apparent as to charge CO with notice.",P_14_401_c_a: Clear and convincing evidence; P_14_401_c_b: Mutual mistake or apparent unilateral,P_14_401_c = P_14_401_c_a ∧ (P_14_401_c_mutual ∨ P_14_401_c_apparent),None,Conjunction (Conj): Rule 7; Disjunction (Add): Rule 8,VALIDATED,PASS,PASS,Two conjunctive evidence requirements. Second is disjunctive (mutual OR apparent).,HIGH
14,14.401(d),P_14_401_d,Each proposed determination must be coordinated with legal counsel per agency procedures.,P_14_401_d_a: Legal counsel coordination,P_14_401_d = P_14_401_d_a,None,None (atomic proposition),VALIDATED,PASS,PASS,Mandatory legal review. 'Must' is unambiguous.,HIGH
14,14.401(e)(1),P_14_401_e_1,"CO must request contractor support alleged mistake with: file copy of bid; original worksheets/data; subcontractor/supplier quotations; published price lists; any other evidence establishing mistake, manner, and intended bid.",P_14_401_e_1_a: File copy; P_14_401_e_1_b: Worksheets; P_14_401_e_1_c: Sub quotes; P_14_401_e_1_d: Price lists; P_14_401_e_1_e: Other evidence,P_14_401_e_1 = P_14_401_e_1_a ∧ P_14_401_e_1_b ∧ P_14_401_e_1_c ∧ P_14_401_e_1_d ∧ P_14_401_e_1_e,None,Conjunction (Conj): Rule 7,VALIDATED,PASS,PASS,Five conjunctive evidence categories. 'Such as' makes list illustrative. All categories mandatory to request.,HIGH
14,14.401(e)(2),P_14_401_e_2,"Case file must contain: all contractor evidence; signed CO statement (describing supplies, how/when alleged, evidence summary, recent price/estimate, CO opinion on bona fide/notice, recommended action, performance/payment status); signed bid copy; IFB and specs; bid abstract; reform/rescind request and correspondence; contract and change orders.",P_14_401_e_2_i: Contractor evidence; P_14_401_e_2_ii: CO statement with 7 elements; P_14_401_e_2_iii: Bid copy; P_14_401_e_2_iv: IFB/specs; P_14_401_e_2_v: Abstract; P_14_401_e_2_vi: Request/correspondence; P_14_401_e_2_vii: Contract/change orders,P_14_401_e_2 = P_14_401_e_2_i ∧ P_14_401_e_2_ii ∧ P_14_401_e_2_iii ∧ P_14_401_e_2_iv ∧ P_14_401_e_2_v ∧ P_14_401_e_2_vi ∧ P_14_401_e_2_vii,None,Conjunction (Conj): Rule 7,VALIDATED,PASS,PASS,Seven conjunctive case file components. CO statement alone has seven internal elements. Comprehensive documentation requirement.,HIGH
14,14.401(f),P_14_401_f,Agency must include in contract file: all determinations per 14.401; facts involved; action taken in each case.,P_14_401_f_1: Determinations; P_14_401_f_2: Facts; P_14_401_f_3: Actions,P_14_401_f = P_14_401_f_1 ∧ P_14_401_f_2 ∧ P_14_401_f_3,P_14_401,Conjunction (Conj): Rule 7,VALIDATED,PASS,PASS,Three conjunctive record requirements. Mandatory.,HIGH
14,14.402,P_14_402,See part 15 for cost and price negotiation policies and procedures.,P_14_402_a: Follow part 15 for pricing modifications,P_14_402 = P_14_402_a,EXT_Part_15,None (atomic proposition; cross-reference),VALIDATED,PASS,PASS,Simple cross-reference. No independent requirement.,HIGH
