"RFO_Part","Section_Number","Propositional_ID","Natural_Language","Atomic_Propositions","Formal_Logic_Statement","Dependencies","Justification_Rules","Validation_Status","Logical_Check","Real_World_Check","Validation_Notes","Confidence_Level"
"3","3.000","P_3_000","Scope of part. This part prescribes policies and procedures for avoiding improper business practices and personal conflicts of interest and for dealing with their apparent or actual occurrence. - Safeguards","P_3_000: Scope of part. This part prescribes policies and procedures for avoiding improper business practices and personal conflicts of interest and for dealing with their apparent or actual occurrence. - Safeguards","P_3_000","None","Direct Statement","VALIDATED","PASS","PASS","Declarative statement establishing scope, definition, or policy.","HIGH"
"3","3.101","P_3_101","Standards of conduct.","P_3_101: Standards of conduct.","P_3_101","None","Direct Statement","VALIDATED","PASS","PASS","Declarative statement establishing scope, definition, or policy.","HIGH"
"3","3.101-1","P_3_101_1","General. Government business must be conducted in a manner above reproach. Except as authorized by statute or regulation, business must be conducted with complete impartiality and without preferential treatment for anyone. Transactions involving public funds require the highest degree of public trust and impeccable standards of conduct. The general rule is to avoid any conflict of interest or even the appearance of a conflict of interest in Government-contractor relationships. Many Federal laws restrict Government personnel actions. Beyond these restrictions, official conduct must meet a standard where personnel would have no reluctance to fully disclose their actions to the public.","P_3_101_1: General. Government business must be conducted in a manner above reproach. Except as authorized by statute or regulation, business must be conducted with complete impartiality and without preferential treatment for anyone. Transactions involving public funds require the highest degree of public trust and impeccable standards of conduct. The general rule is to avoid any conflict of interest or even the appearance of a conflict of interest in Government-contractor relationships. Many Federal laws restrict Government personnel actions. Beyond these restrictions, official conduct must meet a standard where personnel would have no reluctance to fully disclose their actions to the public.","P_3_101_1","None","Material Implication (Impl): Rule 15 [HIGH-RISK]","PENDING_REVIEW","PASS","PASS","Mandatory requirement using 'shall'/'must'. Contains conditional trigger pattern (if/when/where). Contains negative conditional (unless/except). Uses HIGH-RISK transformation rule. Requires external review.","MEDIUM"
"3","3.101-2","P_3_101_2","Solicitation and acceptance of gratuities by Government personnel.","P_3_101_2: Solicitation and acceptance of gratuities by Government personnel.","P_3_101_2","None","Direct Statement","VALIDATED","PASS","PASS","Declarative statement establishing scope, definition, or policy.","HIGH"
"3","3.101-2(a)","P_3_101_2_a","As a rule, and as required by Executive Order 12731, no Government employee may solicit or accept, directly or indirectly, any gratuity, gift, favor, entertainment, loan, or anything of monetary value from anyone who-","P_3_101_2_a: As a rule, and as required by Executive Order 12731, no Government employee may solicit or accept, directly or indirectly, any gratuity, gift, favor, entertainment, loan, or anything of monetary value from anyone who-","(P_3_101_2_a v ~P_3_101_2_a)","None","Tautology (Taut): Rule 18","VALIDATED","PASS","PASS","Permissive 'may' creates discretionary authority. Tautology represents unrestricted choice.","MEDIUM"
"3","3.101-2(a)(1)","P_3_101_2_a_1","Has or is seeking to obtain Government business with the employee's agency;","P_3_101_2_a_1: Has or is seeking to obtain Government business with the employee's agency;","P_3_101_2_a_1","None","Direct Statement","VALIDATED","PASS","PASS","Declarative statement establishing scope, definition, or policy.","HIGH"
"3","3.101-2(a)(2)","P_3_101_2_a_2","Conducts activities that are regulated by the employee's agency; or","P_3_101_2_a_2: Conducts activities that are regulated by the employee's agency; or","P_3_101_2_a_2","None","Direct Statement","VALIDATED","PASS","PASS","Declarative statement establishing scope, definition, or policy.","HIGH"
"3","3.101-2(a)(3)","P_3_101_2_a_3","Has interests that may be substantially affected by the performance or nonperformance of the employee's official duties.","P_3_101_2_a_3: Has interests that may be substantially affected by the performance or nonperformance of the employee's official duties.","(P_3_101_2_a_3 v ~P_3_101_2_a_3)","None","Tautology (Taut): Rule 18","VALIDATED","PASS","PASS","Permissive 'may' creates discretionary authority. Tautology represents unrestricted choice.","MEDIUM"
"3","3.101-2(b)","P_3_101_2_b","Certain limited exceptions are authorized in agency regulations.","P_3_101_2_b: Certain limited exceptions are authorized in agency regulations.","P_3_101_2_b","None","Direct Statement","VALIDATED","PASS","PASS","Declarative statement establishing scope, definition, or policy.","HIGH"
"3","3.101-3","P_3_101_3","Agency regulations.","P_3_101_3: Agency regulations.","P_3_101_3","None","Direct Statement","VALIDATED","PASS","PASS","Declarative statement establishing scope, definition, or policy.","HIGH"
"3","3.101-3(a)","P_3_101_3_a","Agencies must prescribe Standards of Conduct as required by 5 CFR part 735. These agency standards contain—","P_3_101_3_a: Agencies must prescribe Standards of Conduct as required by 5 CFR part 735. These agency standards contain—","P_3_101_3_a","Part_735","Direct Statement","VALIDATED","PASS","PASS","Mandatory requirement using 'shall'/'must'. External dependencies: Part_735.","HIGH"
"3","3.101-3(a)(1)","P_3_101_3_a_1","Agency-authorized exceptions to 3.101-2; and","P_3_101_3_a_1: Agency-authorized exceptions to 3.101-2; and","P_3_101_3_a_1","P_3_101_2","Direct Statement","VALIDATED","PASS","PASS","Declarative statement establishing scope, definition, or policy.","HIGH"
"3","3.101-3(a)(2)","P_3_101_3_a_2","Disciplinary measures for persons violating the standards of conduct.","P_3_101_3_a_2: Disciplinary measures for persons violating the standards of conduct.","P_3_101_3_a_2","None","Direct Statement","VALIDATED","PASS","PASS","Declarative statement establishing scope, definition, or policy.","HIGH"
"3","3.101-3(b)","P_3_101_3_b","Requirements for employee financial disclosure and restrictions on private employment for former Government employees are contained in Office of Personnel Management and agency regulations implementing Public Law 95-521, which amended 18 U.S.C. 207  .","P_3_101_3_b: Requirements for employee financial disclosure and restrictions on private employment for former Government employees are contained in Office of Personnel Management and agency regulations implementing Public Law 95-521, which amended 18 U.S.C. 207  .","P_3_101_3_b","None","Direct Statement","VALIDATED","PASS","PASS","Declarative statement establishing scope, definition, or policy.","HIGH"
"3","3.103","P_3_103","Independent pricing.","P_3_103: Independent pricing.","P_3_103","None","Direct Statement","VALIDATED","PASS","PASS","Declarative statement establishing scope, definition, or policy.","HIGH"
"3","3.103-1","P_3_103_1","Solicitation provision. The contracting officer must include the provision at 52.203-2, Certificate of Independent Price Determination, in solicitations for firm-fixed-price contracts or fixed-price contracts with economic price adjustment, unless-","P_3_103_1: Solicitation provision. The contracting officer must include the provision at 52.203-2, Certificate of Independent Price Determination, in solicitations for firm-fixed-price contracts or fixed-price contracts with economic price adjustment, unless-","P_3_103_1","P_3_.203_2","Direct Statement","VALIDATED","PASS","PASS","Mandatory requirement using 'shall'/'must'. Contains negative conditional (unless/except).","HIGH"
"3","3.103-1(a)","P_3_103_1_a","The purchase uses simplified acquisition procedures from part 13;","P_3_103_1_a: The purchase uses simplified acquisition procedures from part 13;","P_3_103_1_a","Part_13","Direct Statement","VALIDATED","PASS","PASS","Declarative statement establishing scope, definition, or policy. External dependencies: Part_13.","HIGH"
"3","3.103-1(b)","P_3_103_1_b","The solicitation only requests technical proposals under two-step sealed bidding; or","P_3_103_1_b: The solicitation only requests technical proposals under two-step sealed bidding; or","P_3_103_1_b","None","Direct Statement","VALIDATED","PASS","PASS","Declarative statement establishing scope, definition, or policy.","HIGH"
"3","3.103-1(c)","P_3_103_1_c","The solicitation is for utility services with rates established by law or regulation.","P_3_103_1_c: The solicitation is for utility services with rates established by law or regulation.","P_3_103_1_c","None","Direct Statement","VALIDATED","PASS","PASS","Declarative statement establishing scope, definition, or policy.","HIGH"
"3","3.103-2","P_3_103_2","Evaluating the certification.","P_3_103_2: Evaluating the certification.","P_3_103_2","None","Direct Statement","VALIDATED","PASS","PASS","Declarative statement establishing scope, definition, or policy.","HIGH"
"3","3.103-2(a)","P_3_103_2_a","Evaluation guidelines .","P_3_103_2_a: Evaluation guidelines .","P_3_103_2_a","None","Direct Statement","VALIDATED","PASS","PASS","Declarative statement establishing scope, definition, or policy.","HIGH"
"3","3.103-2(a)(1)","P_3_103_2_a_1","The following activities are not considered ""disclosure"" as used in paragraph (a)(2) of the Certificate of Independent Price Determination (the certificate):","P_3_103_2_a_1: The following activities are not considered ""disclosure"" as used in paragraph (a)(2) of the Certificate of Independent Price Determination (the certificate):","P_3_103_2_a_1","None","Direct Statement","VALIDATED","PASS","PASS","Declarative statement establishing scope, definition, or policy.","HIGH"
"3","3.103-2(a)(1)(i)","P_3_103_2_a_1_i","A firm has published price lists, rates, or tariffs for items the Government is buying.","P_3_103_2_a_1_i: A firm has published price lists, rates, or tariffs for items the Government is buying.","P_3_103_2_a_1_i","None","Direct Statement","VALIDATED","PASS","PASS","Declarative statement establishing scope, definition, or policy.","HIGH"
"3","3.103-2(a)(1)(ii)","P_3_103_2_a_1_ii","A firm has told potential customers about upcoming new or revised price lists for items the Government is buying.","P_3_103_2_a_1_ii: A firm has told potential customers about upcoming new or revised price lists for items the Government is buying.","P_3_103_2_a_1_ii","None","Direct Statement","VALIDATED","PASS","PASS","Declarative statement establishing scope, definition, or policy.","HIGH"
"3","3.103-2(a)(1)(ii)(3)","P_3_103_2_a_1_ii_3","For joint offers from multiple companies, each company's certification applies only to its own activities.","P_3_103_2_a_1_ii_3: For joint offers from multiple companies, each company's certification applies only to its own activities.","P_3_103_2_a_1_ii_3","None","Direct Statement","VALIDATED","PASS","PASS","Declarative statement establishing scope, definition, or policy.","HIGH"
"3","3.103-2(a)(1)(iii)","P_3_103_2_a_1_iii","A firm has sold the same items to commercial customers at the same prices offered to the Government.","P_3_103_2_a_1_iii: A firm has sold the same items to commercial customers at the same prices offered to the Government.","P_3_103_2_a_1_iii","None","Direct Statement","VALIDATED","PASS","PASS","Declarative statement establishing scope, definition, or policy.","HIGH"
"3","3.103-2(a)(1)(iv)","P_3_103_2_a_1_iv","A firm participates in a reverse auction (explained in part 17).","P_3_103_2_a_1_iv: A firm participates in a reverse auction (explained in part 17).","P_3_103_2_a_1_iv","Part_17","Direct Statement","VALIDATED","PASS","PASS","Declarative statement establishing scope, definition, or policy. External dependencies: Part_17.","HIGH"
"3","3.103-2(a)(1)(iv)(2)","P_3_103_2_a_1_iv_2","For paragraph (b)(2) of the certificate, an individual may use a blanket authorization to act as an agent for the person(s) responsible for determining the offered prices if- (i) The proposed contract is clearly within the scope of the authorization; and (ii) The person giving the authorization is responsible for determining the offered prices at the time the certification is made for that offer.","P_3_103_2_a_1_iv_2_cond: An individual may use a blanket authorization to act as agent for paragraph (b)(2); P_3_103_2_a_1_iv_2_i: The proposed contract is clearly within the scope of the authorization; P_3_103_2_a_1_iv_2_ii: The person giving the authorization is responsible for determining the offered prices at the time the certification is made for that offer.","(P_3_103_2_a_1_iv_2_i ^ P_3_103_2_a_1_iv_2_ii) -> (P_3_103_2_a_1_iv_2_cond v ~P_3_103_2_a_1_iv_2_cond)","P_3_103_2_a","Material Implication (Impl): Rule 15 [HIGH-RISK]; Conjunction (Conj): Rule 7; Tautology (Taut): Rule 18","PENDING_REVIEW","PASS","PASS","Permissive 'may' creates discretionary authority. Tautology represents unrestricted choice. Contains conditional trigger pattern (if/when/where). Conjunctive conditions (i) and (ii) must both hold. Uses HIGH-RISK transformation rule. Requires external review.","MEDIUM"
"3","3.103-2(b)","P_3_103_2_b","Rejecting potentially collusive offers .","P_3_103_2_b: Rejecting potentially collusive offers .","P_3_103_2_b","None","Direct Statement","VALIDATED","PASS","PASS","Declarative statement establishing scope, definition, or policy.","HIGH"
"3","3.103-2(b)(1)","P_3_103_2_b_1","If an offeror removes or modifies paragraph (a)(1), (a)(3), or (b) of the certificate, the contracting officer must reject their bid or proposal.","P_3_103_2_b_1: If an offeror removes or modifies paragraph (a)(1), (a)(3), or (b) of the certificate, the contracting officer must reject their bid or proposal.","P_3_103_2_b_1","None","Material Implication (Impl): Rule 15 [HIGH-RISK]","PENDING_REVIEW","PASS","PASS","Mandatory requirement using 'shall'/'must'. Contains conditional trigger pattern (if/when/where). Uses HIGH-RISK transformation rule. Requires external review.","MEDIUM"
"3","3.103-2(b)(2)","P_3_103_2_b_2","If an offeror deleted or modified paragraph (a)(2) of the certificate-","P_3_103_2_b_2: If an offeror deleted or modified paragraph (a)(2) of the certificate-","P_3_103_2_b_2","None","Material Implication (Impl): Rule 15 [HIGH-RISK]","PENDING_REVIEW","PASS","PASS","Declarative statement establishing scope, definition, or policy. Contains conditional trigger pattern (if/when/where). Uses HIGH-RISK transformation rule. Requires external review.","MEDIUM"
"3","3.103-2(b)(2)(i)","P_3_103_2_b_2_i","The offeror must furnish with its offer a signed explanation about how prices were disclosed;","P_3_103_2_b_2_i: The offeror must furnish with its offer a signed explanation about how prices were disclosed;","P_3_103_2_b_2_i","None","Direct Statement","VALIDATED","PASS","PASS","Mandatory requirement using 'shall'/'must'.","HIGH"
"3","3.103-2(b)(2)(ii)","P_3_103_2_b_2_ii","The chief of the contracting office must review both the changed certificate and explanation;","P_3_103_2_b_2_ii: The chief of the contracting office must review both the changed certificate and explanation;","P_3_103_2_b_2_ii","None","Direct Statement","VALIDATED","PASS","PASS","Mandatory requirement using 'shall'/'must'.","HIGH"
"3","3.103-2(b)(2)(iii)","P_3_103_2_b_2_iii","The chief must determine in writing if the disclosure was made for the purpose or had the effect of limiting competition;","P_3_103_2_b_2_iii: The chief must determine in writing if the disclosure was made for the purpose or had the effect of limiting competition;","P_3_103_2_b_2_iii","None","Material Implication (Impl): Rule 15 [HIGH-RISK]","PENDING_REVIEW","PASS","PASS","Mandatory requirement using 'shall'/'must'. Contains conditional trigger pattern (if/when/where). Uses HIGH-RISK transformation rule. Requires external review.","MEDIUM"
"3","3.103-2(b)(2)(iv)","P_3_103_2_b_2_iv","If the determination finds the disclosure was made for the purpose or had the effect of limiting competition, the bid must be rejected; and","P_3_103_2_b_2_iv: If the determination finds the disclosure was made for the purpose or had the effect of limiting competition, the bid must be rejected; and","P_3_103_2_b_2_iv","None","Material Implication (Impl): Rule 15 [HIGH-RISK]","PENDING_REVIEW","PASS","PASS","Mandatory requirement using 'shall'/'must'. Contains conditional trigger pattern (if/when/where). Uses HIGH-RISK transformation rule. Requires external review.","MEDIUM"
"3","3.103-2(b)(2)(v)","P_3_103_2_b_2_v","If the determination finds no competition issues, the bid may be considered for award.","P_3_103_2_b_2_v: If the determination finds no competition issues, the bid may be considered for award.","(P_3_103_2_b_2_v v ~P_3_103_2_b_2_v)","None","Tautology (Taut): Rule 18","VALIDATED","PASS","PASS","Permissive 'may' creates discretionary authority. Tautology represents unrestricted choice. Contains conditional trigger pattern (if/when/where).","MEDIUM"
"3","3.103-2(b)(2)(v)(3)","P_3_103_2_b_2_v_3","When rejecting offers under paragraphs (b)(1) or (b)(2), or when suspecting false certification, the contracting officer must report the situation to the Attorney General in accordance with 3.303.","P_3_103_2_b_2_v_3: When rejecting offers under paragraphs (b)(1) or (b)(2), or when suspecting false certification, the contracting officer must report the situation to the Attorney General in accordance with 3.303.","P_3_103_2_b_2_v_3","P_3_303","Material Implication (Impl): Rule 15 [HIGH-RISK]","PENDING_REVIEW","PASS","PASS","Mandatory requirement using 'shall'/'must'. Contains conditional trigger pattern (if/when/where). Uses HIGH-RISK transformation rule. Requires external review.","MEDIUM"
"3","3.103-2(b)(2)(v)(4)","P_3_103_2_b_2_v_4","The determination in paragraph (2) does not prevent prosecution of criminal or civil actions involving the transactions to which the certificate relates.","P_3_103_2_b_2_v_4: The determination in paragraph (2) does not prevent prosecution of criminal or civil actions involving the transactions to which the certificate relates.","P_3_103_2_b_2_v_4","None","Direct Statement","VALIDATED","PASS","PASS","Declarative statement establishing scope, definition, or policy.","HIGH"
"3","3.104","P_3_104","Procurement integrity.","P_3_104: Procurement integrity.","P_3_104","None","Direct Statement","VALIDATED","PASS","PASS","Declarative statement establishing scope, definition, or policy.","HIGH"
"3","3.104-1","P_3_104_1","Definitions. As used in this section— Agency ethics official means the designated agency ethics official described in 5 CFR 2638.201 or other designated person, including–","P_3_104_1: Definitions. As used in this section— Agency ethics official means the designated agency ethics official described in 5 CFR 2638.201 or other designated person, including–","P_3_104_1","P_3_38.201","Direct Statement","VALIDATED","PASS","PASS","Declarative statement establishing scope, definition, or policy.","HIGH"
"3","3.104-1(1)","P_3_104_1_1","Deputy ethics officials described in 5 CFR 2638.204 , to whom authority under 3.104-6 has been delegated by the designated agency ethics official; and","P_3_104_1_1: Deputy ethics officials described in 5 CFR 2638.204 , to whom authority under 3.104-6 has been delegated by the designated agency ethics official; and","P_3_104_1_1","P_3_104_6; P_3_38.204","Direct Statement","VALIDATED","PASS","PASS","Declarative statement establishing scope, definition, or policy.","HIGH"
"3","3.104-1(1)(2)","P_3_104_1_1_2","Alternate designated agency ethics officials described in 5 CFR 2638.202(b) . Compensation means wages, salaries, honoraria, commissions, professional fees, and any other form of payment, provided directly or indirectly for services rendered. Compensation is indirectly provided if it is paid to an entity other than the individual, specifically in exchange for services provided by the individual. Contractor bid or proposal information means any of the following information submitted to a Federal agency as part of or in connection with a bid or proposal to enter into a Federal agency procurement contract, if that information has not been previously made available to the public or disclosed publicly:","P_3_104_1_1_2_a: Alternate designated agency ethics officials described in 5 CFR 2638.202(b) . Compensation means wages, salaries, honoraria, commissions, professional fees; P_3_104_1_1_2_b: any other form of payment, provided directly or indirectly for services rendered. Compensation is indirectly provided if it is paid to an entity other than the individual, specifically in exchange for services provided by the individual. Contractor bid or proposal information means any of the following information submitted to a Federal agency as part of or in connection with a bid or proposal to enter into a Federal agency procurement contract, if that information has not been previously made available to the public or disclosed publicly:","P_3_104_1_1_2_a -> P_3_104_1_1_2_b","P_3_38.202_b","Material Implication (Impl): Rule 15 [HIGH-RISK]","PENDING_REVIEW","PASS","PASS","Declarative statement establishing scope, definition, or policy. Contains conditional trigger pattern (if/when/where). Uses HIGH-RISK transformation rule. Requires external review.","MEDIUM"
"3","3.104-1(1)(2)(1)","P_3_104_1_1_2_1","Cost or pricing data (as defined by 10 U.S.C. 3701(1)  with respect to procurements subject to that section, and 41 U.S.C. 3501(a)(1), with respect to procurements subject to that section.","P_3_104_1_1_2_1_a: Cost or pricing data (as defined by 10 U.S.C. 3701(1)  with respect to procurements subject to that section; P_3_104_1_1_2_1_b: 41 U.S.C. 3501(a)(1), with respect to procurements subject to that section.","P_3_104_1_1_2_1_a -> P_3_104_1_1_2_1_b","None","Material Implication (Impl): Rule 15 [HIGH-RISK]","PENDING_REVIEW","PASS","PASS","Declarative statement establishing scope, definition, or policy. Contains conditional trigger pattern (if/when/where). Uses HIGH-RISK transformation rule. Requires external review.","MEDIUM"
"3","3.104-1(1)(2)(1)(2)","P_3_104_1_1_2_1_2","Indirect costs and direct labor rates.","P_3_104_1_1_2_1_2: Indirect costs and direct labor rates.","P_3_104_1_1_2_1_2","None","Direct Statement","VALIDATED","PASS","PASS","Declarative statement establishing scope, definition, or policy.","HIGH"
"3","3.104-1(1)(2)(1)(2)(3)","P_3_3_104_1_def_9230","Proprietary information about manufacturing processes, operations, or techniques marked by the contractor in accordance with applicable law or regulation.","P_3_104_1_1_2_1_2_3: Proprietary information about manufacturing processes, operations, or techniques marked by the contractor in accordance with applicable law or regulation.","P_3_104_1_1_2_1_2_3","None","Direct Statement","VALIDATED","PASS","PASS","Declarative statement establishing scope, definition, or policy. Note: Nested definition item, original ref: 3.104-1(1)(2)(1)(2)(3).","HIGH"
"3","3.104-1(1)(2)(1)(2)(3)(4)","P_3_3_104_1_def_9793","Information marked by the contractor as ""contractor bid or proposal information"" in accordance with applicable law or regulation.","P_3_104_1_1_2_1_2_3_4: Information marked by the contractor as ""contractor bid or proposal information"" in accordance with applicable law or regulation.","P_3_104_1_1_2_1_2_3_4","None","Direct Statement","VALIDATED","PASS","PASS","Declarative statement establishing scope, definition, or policy. Note: Nested definition item, original ref: 3.104-1(1)(2)(1)(2)(3)(4).","HIGH"
"3","3.104-1(1)(2)(1)(2)(3)(4)(5)","P_3_3_104_1_def_1711","Information marked in accordance with 52.215-1(e). Decision to award a subcontract or modification of subcontract means a decision to designate award to a particular source. Federal agency procurement means the acquisition (by using competitive procedures and awarding a contract) of goods or services (including construction) from non-Federal sources by a Federal agency using appropriated funds. For broad agency announcements and small business innovation research programs, each proposal received by an agency counts as a separate procurement for purposes of 41 U.S.C. chapter 21. In excess of $10,000,000 means–","P_3_104_1_1_2_1_2_3_4_5: Information marked in accordance with 52.215-1(e). Decision to award a subcontract or modification of subcontract means a decision to designate award to a particular source. Federal agency procurement means the acquisition (by using competitive procedures and awarding a contract) of goods or services (including construction) from non-Federal sources by a Federal agency using appropriated funds. For broad agency announcements and small business innovation research programs, each proposal received by an agency counts as a separate procurement for purposes of 41 U.S.C. chapter 21. In excess of $10,000,000 means–","P_3_104_1_1_2_1_2_3_4_5","P_3_.215_1_e","Direct Statement","VALIDATED","PASS","PASS","Declarative statement establishing scope, definition, or policy. Note: Nested definition item, original ref: 3.104-1(1)(2)(1)(2)(3)(4)(5).","HIGH"
"3","3.104-1(1)(2)(1)(2)(3)(4)(5)(1)","P_3_3_104_1_def_5917","The value, or estimated value, at the time of award, of the contract, including all options;","P_3_104_1_1_2_1_2_3_4_5_1: The value, or estimated value, at the time of award, of the contract, including all options;","P_3_104_1_1_2_1_2_3_4_5_1","None","Direct Statement","VALIDATED","PASS","PASS","Declarative statement establishing scope, definition, or policy. Note: Nested definition item, original ref: 3.104-1(1)(2)(1)(2)(3)(4)(5)(1).","HIGH"
"3","3.104-1(1)(2)(1)(2)(3)(4)(5)(1)(2)","P_3_3_104_1_def_1223","The total estimated value at the time of award of all orders under an indefinite-delivery, indefinite-quantity, or requirements contract;","P_3_104_1_1_2_1_2_3_4_5_1_2: The total estimated value at the time of award of all orders under an indefinite-delivery, indefinite-quantity, or requirements contract;","P_3_104_1_1_2_1_2_3_4_5_1_2","None","Direct Statement","VALIDATED","PASS","PASS","Declarative statement establishing scope, definition, or policy. Note: Nested definition item, original ref: 3.104-1(1)(2)(1)(2)(3)(4)(5)(1)(2).","HIGH"
"3","3.104-1(1)(2)(1)(2)(3)(4)(5)(1)(2)(3)","P_3_3_104_1_def_7152","Any multiple award schedule contract, unless the contracting officer documents a lower estimate;","P_3_104_1_1_2_1_2_3_4_5_1_2_3: Any multiple award schedule contract, unless the contracting officer documents a lower estimate;","P_3_104_1_1_2_1_2_3_4_5_1_2_3","None","Direct Statement","VALIDATED","PASS","PASS","Declarative statement establishing scope, definition, or policy. Contains negative conditional (unless/except). Note: Nested definition item, original ref: 3.104-1(1)(2)(1)(2)(3)(4)(5)(1)(2)(3).","HIGH"
"3","3.104-1(1)(2)(1)(2)(3)(4)(5)(1)(2)(3)(4)","P_3_3_104_1_def_3633","The value of a delivery order, task order, or an order under a Basic Ordering Agreement;","P_3_104_1_1_2_1_2_3_4_5_1_2_3_4: The value of a delivery order, task order, or an order under a Basic Ordering Agreement;","P_3_104_1_1_2_1_2_3_4_5_1_2_3_4","None","Direct Statement","VALIDATED","PASS","PASS","Declarative statement establishing scope, definition, or policy. Note: Nested definition item, original ref: 3.104-1(1)(2)(1)(2)(3)(4)(5)(1)(2)(3)(4).","HIGH"
"3","3.104-1(1)(2)(1)(2)(3)(4)(5)(1)(2)(3)(4)(5)","P_3_3_104_1_def_9601","The amount paid or to be paid in settlement of a claim; or","P_3_104_1_1_2_1_2_3_4_5_1_2_3_4_5: The amount paid or to be paid in settlement of a claim; or","P_3_104_1_1_2_1_2_3_4_5_1_2_3_4_5","None","Direct Statement","VALIDATED","PASS","PASS","Declarative statement establishing scope, definition, or policy. Note: Nested definition item, original ref: 3.104-1(1)(2)(1)(2)(3)(4)(5)(1)(2)(3)(4)(5).","HIGH"
"3","3.104-1(1)(2)(1)(2)(3)(4)(5)(1)(2)(3)(4)(5)(6)","P_3_3_104_1_def_5397","The estimated monetary value of negotiated overhead or other rates when applied to the Government portion of the applicable allocation base. Official means–","P_3_104_1_1_2_1_2_3_4_5_1_2_3_4_5_6: The estimated monetary value of negotiated overhead or other rates when applied to the Government portion of the applicable allocation base. Official means–","P_3_104_1_1_2_1_2_3_4_5_1_2_3_4_5_6","None","Material Implication (Impl): Rule 15 [HIGH-RISK]","PENDING_REVIEW","PASS","PASS","Declarative statement establishing scope, definition, or policy. Contains conditional trigger pattern (if/when/where). Uses HIGH-RISK transformation rule. Requires external review. Note: Nested definition item, original ref: 3.104-1(1)(2)(1)(2)(3)(4)(5)(1)(2)(3)(4)(5)(6).","MEDIUM"
"3","3.104-1(1)(2)(1)(2)(3)(4)(5)(1)(2)(3)(4)(5)(6)(1)","P_3_3_104_1_def_8741","An officer, as defined in 5 U.S.C.2104  ;","P_3_104_1_1_2_1_2_3_4_5_1_2_3_4_5_6_1: An officer, as defined in 5 U.S.C.2104  ;","P_3_104_1_1_2_1_2_3_4_5_1_2_3_4_5_6_1","None","Direct Statement","VALIDATED","PASS","PASS","Declarative statement establishing scope, definition, or policy. Note: Nested definition item, original ref: 3.104-1(1)(2)(1)(2)(3)(4)(5)(1)(2)(3)(4)(5)(6)(1).","HIGH"
"3","3.104-1(1)(2)(1)(2)(3)(4)(5)(1)(2)(3)(4)(5)(6)(1)(2)","P_3_3_104_1_def_3326","An employee, as defined in 5 U.S.C.2105  ;","P_3_104_1_1_2_1_2_3_4_5_1_2_3_4_5_6_1_2: An employee, as defined in 5 U.S.C.2105  ;","P_3_104_1_1_2_1_2_3_4_5_1_2_3_4_5_6_1_2","None","Direct Statement","VALIDATED","PASS","PASS","Declarative statement establishing scope, definition, or policy. Note: Nested definition item, original ref: 3.104-1(1)(2)(1)(2)(3)(4)(5)(1)(2)(3)(4)(5)(6)(1)(2).","HIGH"
"3","3.104-1(1)(2)(1)(2)(3)(4)(5)(1)(2)(3)(4)(5)(6)(1)(2)(3)","P_3_3_104_1_def_7857","A member of the uniformed services, as defined in 5 U.S.C.2101(3)  ; or","P_3_104_1_1_2_1_2_3_4_5_1_2_3_4_5_6_1_2_3: A member of the uniformed services, as defined in 5 U.S.C.2101(3)  ; or","P_3_104_1_1_2_1_2_3_4_5_1_2_3_4_5_6_1_2_3","None","Direct Statement","VALIDATED","PASS","PASS","Declarative statement establishing scope, definition, or policy. Note: Nested definition item, original ref: 3.104-1(1)(2)(1)(2)(3)(4)(5)(1)(2)(3)(4)(5)(6)(1)(2)(3).","HIGH"
"3","3.104-1(1)(2)(1)(2)(3)(4)(5)(1)(2)(3)(4)(5)(6)(1)(2)(3)(4)","P_3_3_104_1_def_3851","A special Government employee, as defined in 18 U.S.C.202. Participating personally and substantially in a Federal agency procurement means–","P_3_104_1_1_2_1_2_3_4_5_1_2_3_4_5_6_1_2_3_4: A special Government employee, as defined in 18 U.S.C.202. Participating personally and substantially in a Federal agency procurement means–","P_3_104_1_1_2_1_2_3_4_5_1_2_3_4_5_6_1_2_3_4","None","Direct Statement","VALIDATED","PASS","PASS","Declarative statement establishing scope, definition, or policy. Note: Nested definition item, original ref: 3.104-1(1)(2)(1)(2)(3)(4)(5)(1)(2)(3)(4)(5)(6)(1)(2)(3)(4).","HIGH"
"3","3.104-1(1)(2)(1)(2)(3)(4)(5)(1)(2)(3)(4)(5)(6)(1)(2)(3)(4)(1)","P_3_3_104_1_def_1543","Active and significant involvement of an official in any of the following activities directly related to that procurement:","P_3_104_1_1_2_1_2_3_4_5_1_2_3_4_5_6_1_2_3_4_1: Active and significant involvement of an official in any of the following activities directly related to that procurement:","P_3_104_1_1_2_1_2_3_4_5_1_2_3_4_5_6_1_2_3_4_1","None","Direct Statement","VALIDATED","PASS","PASS","Declarative statement establishing scope, definition, or policy. Note: Nested definition item, original ref: 3.104-1(1)(2)(1)(2)(3)(4)(5)(1)(2)(3)(4)(5)(6)(1)(2)(3)(4)(1).","HIGH"
"3","3.104-1(1)(2)(i)","P_3_104_1_1_2_i","Drafting, reviewing, or approving the specification or statement of work for the procurement.:","P_3_104_1_1_2_i: Drafting, reviewing, or approving the specification or statement of work for the procurement.:","P_3_104_1_1_2_i","None","Direct Statement","VALIDATED","PASS","PASS","Declarative statement establishing scope, definition, or policy.","HIGH"
"3","3.104-1(1)(2)(ii)","P_3_104_1_1_2_ii","Preparing or developing the solicitation.","P_3_104_1_1_2_ii: Preparing or developing the solicitation.","P_3_104_1_1_2_ii","None","Direct Statement","VALIDATED","PASS","PASS","Declarative statement establishing scope, definition, or policy.","HIGH"
"3","3.104-1(1)(2)(iii)","P_3_104_1_1_2_iii","Evaluating bids or proposals, or selecting a source.","P_3_104_1_1_2_iii: Evaluating bids or proposals, or selecting a source.","P_3_104_1_1_2_iii","None","Direct Statement","VALIDATED","PASS","PASS","Declarative statement establishing scope, definition, or policy.","HIGH"
"3","3.104-1(1)(2)(iv)","P_3_104_1_1_2_iv","Negotiating price or terms and conditions of the contract.","P_3_104_1_1_2_iv: Negotiating price or terms and conditions of the contract.","P_3_104_1_1_2_iv","None","Direct Statement","VALIDATED","PASS","PASS","Declarative statement establishing scope, definition, or policy.","HIGH"
"3","3.104-1(1)(2)(v)","P_3_104_1_1_2_v","Reviewing and approving the award of the contract.","P_3_104_1_1_2_v: Reviewing and approving the award of the contract.","P_3_104_1_1_2_v","None","Direct Statement","VALIDATED","PASS","PASS","Declarative statement establishing scope, definition, or policy.","HIGH"
"3","3.104-1(1)(2)(v)(2)","P_3_104_1_1_2_v_2","""Participating personally"" means participating directly and includes the direct and active supervision of a subordinate's participation in the matter.","P_3_104_1_1_2_v_2: ""Participating personally"" means participating directly and includes the direct and active supervision of a subordinate's participation in the matter.","P_3_104_1_1_2_v_2","None","Direct Statement","VALIDATED","PASS","PASS","Declarative statement establishing scope, definition, or policy.","HIGH"
"3","3.104-1(1)(2)(v)(3)","P_3_104_1_1_2_v_3","""Participating substantially"" means that the official's involvement is of significance to the matter. Substantial participation requires more than official responsibility, knowledge, perfunctory involvement, or involvement on an administrative or peripheral issue. Participation may be substantial even though it is not determinative of the outcome of a particular matter. A finding of substantiality should be based not only on the effort devoted to a matter, but on the importance of the effort. While a series of peripheral involvements may be insubstantial, the single act of approving or participating in a critical step may be substantial. However, the review of procurement documents solely to determine compliance with regulatory, administrative, or budgetary procedures, does not constitute substantial participation in a procurement.","P_3_104_1_1_2_v_3: ""Participating substantially"" means that the official's involvement is of significance to the matter. Substantial participation requires more than official responsibility, knowledge, perfunctory involvement, or involvement on an administrative or peripheral issue. Participation may be substantial even though it is not determinative of the outcome of a particular matter. A finding of substantiality should be based not only on the effort devoted to a matter, but on the importance of the effort. While a series of peripheral involvements may be insubstantial, the single act of approving or participating in a critical step may be substantial. However, the review of procurement documents solely to determine compliance with regulatory, administrative, or budgetary procedures, does not constitute substantial participation in a procurement.","(P_3_104_1_1_2_v_3 v ~P_3_104_1_1_2_v_3)","None","Tautology (Taut): Rule 18","VALIDATED","PASS","PASS","Permissive 'may' creates discretionary authority. Tautology represents unrestricted choice.","MEDIUM"
"3","3.104-1(1)(2)(v)(4)","P_3_104_1_1_2_v_4","Generally, an official will not be considered to have participated personally and substantially in a procurement solely by participating in the following activities: (i) Agency-level boards, panels, or other advisory committees that review program milestones or evaluate and recommend alternative technologies or approaches for broad agency-level missions or objectives. (ii) General technical, engineering, or scientific work with broad application not directly tied to a specific procurement, even if that work later becomes part of a procurement. (iii) Clerical functions supporting a particular procurement. (iv) For OMB Circular A-76 procurements, participation in management studies, preparation of in-house cost estimates, preparation of ""most efficient organization"" analyses, or providing data or technical support to be used by others in the evaluation of offers received in response to an OMB Circular A-76 solicitation, since the party making a decision on the outsourcing of the function is not the contracting officer. Source selection evaluation board means any board, team, council, or other group that evaluates bids or proposals.","P_3_104_1_1_2_v_4_neg: An official will not be considered to have participated personally and substantially solely by the following; P_3_104_1_1_2_v_4_i: Agency-level boards, panels, or advisory committees reviewing program milestones or evaluating alternative technologies; P_3_104_1_1_2_v_4_ii: General technical, engineering, or scientific work with broad application not directly tied to a specific procurement; P_3_104_1_1_2_v_4_iii: Clerical functions supporting a particular procurement; P_3_104_1_1_2_v_4_iv: OMB Circular A-76 participation in management studies, in-house cost estimates, most efficient organization analyses, or providing data/technical support; P_3_104_1_1_2_v_4_sseb: Source selection evaluation board means any board, team, council, or other group that evaluates bids or proposals.","(P_3_104_1_1_2_v_4_i v P_3_104_1_1_2_v_4_ii v P_3_104_1_1_2_v_4_iii v P_3_104_1_1_2_v_4_iv) -> ~P_3_104_1_1_2_v_3","P_3_104_1_1_2_v_3","Material Implication (Impl): Rule 15 [HIGH-RISK]; Disjunction (Disj): Rule 8; Negation (Neg): Rule 10","PENDING_REVIEW","PASS","PASS","Negated participation requirement. If any of the four activity categories (i-iv) is the sole basis, then the official is NOT considered to have participated personally and substantially. Includes SSEB definition. Uses HIGH-RISK transformation rule. Requires external review.","MEDIUM"
"3","3.104-2","P_3_104_2","General.","P_3_104_2: General.","P_3_104_2","None","Direct Statement","VALIDATED","PASS","PASS","Declarative statement establishing scope, definition, or policy.","HIGH"
"3","3.104-2(a)","P_3_104_2_a","This section implements 41 U.S.C. chapter 21, Restrictions on Obtaining and Disclosing Certain Information. The senior procurement executive of the agency must approve any agency changes to 3.104. This includes specific definitions identifying individuals who occupy positions specified in 3.104-3(d)(1)(ii), and any required clauses. A law may establish a higher level of approval for that agency.","P_3_104_2_a_a: This section implements 41 U.S.C. chapter 21, Restrictions on Obtaining and Disclosing Certain Information. The senior procurement executive of the agency must approve any agency changes to 3.104. This includes specific definitions identifying individuals who occupy positions specified in 3.104-3(d)(1)(ii); P_3_104_2_a_b: any required clauses. A law may establish a higher level of approval for that agency.","P_3_104_2_a_a ^ P_3_104_2_a_b","P_3_104; P_3_104_3_d_1","Conjunction (Conj): Rule 7","VALIDATED","PASS","PASS","Mandatory requirement using 'shall'/'must'.","HIGH"
"3","3.104-2(b)","P_3_104_2_b","Agency officials need to remember that other statutes and regulations also address similar prohibited conduct, for example—","P_3_104_2_b: Agency officials need to remember that other statutes and regulations also address similar prohibited conduct, for example—","P_3_104_2_b","None","Direct Statement","VALIDATED","PASS","PASS","Declarative statement establishing scope, definition, or policy.","HIGH"
"3","3.104-2(b)(1)","P_3_104_2_b_1","The offer or acceptance of a bribe or gratuity is prohibited by 18 U.S.C. 201 and 10 U.S.C. 4651. The 5 U.S.C. 7353 and 5 CFR part 2635 prohibit accepting certain gifts;","P_3_104_2_b_1: The offer or acceptance of a bribe or gratuity is prohibited by 18 U.S.C. 201 and 10 U.S.C. 4651. The 5 U.S.C. 7353 and 5 CFR part 2635 prohibit accepting certain gifts;","P_3_104_2_b_1","Part_2635","Direct Statement","VALIDATED","PASS","PASS","Declarative statement establishing scope, definition, or policy. External dependencies: Part_2635.","HIGH"
"3","3.104-2(b)(2)","P_3_104_2_b_2","Contact with an offeror during an acquisition may constitute ""seeking employment"" (see subpart F of 5 CFR part 2636 and 3.104-3(c)(2)). Government employees cannot participate personally and substantially in any matter that would affect the financial interests of a person with whom they are seeking employment, as prohibited by 18 U.S.C. 208 and 5 CFR part 2635. An employee negotiating or seeking employment with an offeror or who has an arrangement concerning future employment with an offeror must follow the disqualification requirements in 5 CFR 2635.604 and 2635.606. The prohibition in 18 U.S.C. 208 may require employee disqualification from participation in the acquisition even if their duties are not considered ""participating personally and substantially"" as defined in 3.104-1;","P_3_104_2_b_2: Contact with an offeror during an acquisition may constitute ""seeking employment"" (see subpart F of 5 CFR part 2636 and 3.104-3(c)(2)). Government employees cannot participate personally and substantially in any matter that would affect the financial interests of a person with whom they are seeking employment, as prohibited by 18 U.S.C. 208 and 5 CFR part 2635. An employee negotiating or seeking employment with an offeror or who has an arrangement concerning future employment with an offeror must follow the disqualification requirements in 5 CFR 2635.604 and 2635.606. The prohibition in 18 U.S.C. 208 may require employee disqualification from participation in the acquisition even if their duties are not considered ""participating personally and substantially"" as defined in 3.104-1;","P_3_104_2_b_2","P_3_104_1; P_3_104_3_c_2; P_3_35.604; P_3_35.606; Part_2635; Part_2636","Material Implication (Impl): Rule 15 [HIGH-RISK]","PENDING_REVIEW","PASS","PASS","Mandatory requirement using 'shall'/'must'. Contains conditional trigger pattern (if/when/where). Uses HIGH-RISK transformation rule. Requires external review. External dependencies: Part_2635, Part_2636.","MEDIUM"
"3","3.104-2(b)(3)","P_3_104_2_b_3","Post-employment restrictions under 18 U.S.C. 207 and 5 CFR parts 2637 and 2641 prohibit certain activities by former Government employees. This includes representing a contractor before the Government regarding any contract or other particular matter involving specific parties where the former employee participated personally and substantially while employed by the Government. Additional restrictions apply to certain senior Government employees and for matters under an employee's official responsibility;","P_3_104_2_b_3: Post-employment restrictions under 18 U.S.C. 207 and 5 CFR parts 2637 and 2641 prohibit certain activities by former Government employees. This includes representing a contractor before the Government regarding any contract or other particular matter involving specific parties where the former employee participated personally and substantially while employed by the Government. Additional restrictions apply to certain senior Government employees and for matters under an employee's official responsibility;","P_3_104_2_b_3","None","Material Implication (Impl): Rule 15 [HIGH-RISK]","PENDING_REVIEW","PASS","PASS","Declarative statement establishing scope, definition, or policy. Contains conditional trigger pattern (if/when/where). Uses HIGH-RISK transformation rule. Requires external review.","MEDIUM"
"3","3.104-2(b)(4)","P_3_104_2_b_4","Parts 14 and 15 restrict the release of procurement information and other contractor information that must be protected under 18 U.S.C. 1905;","P_3_104_2_b_4: Parts 14 and 15 restrict the release of procurement information and other contractor information that must be protected under 18 U.S.C. 1905;","P_3_104_2_b_4","None","Direct Statement","VALIDATED","PASS","PASS","Mandatory requirement using 'shall'/'must'.","HIGH"
"3","3.104-2(b)(5)","P_3_104_2_b_5","The Privacy Act (5 U.S.C. 552a), the Trade Secrets Act (18 U.S.C. 1905), and other laws may prohibit releasing information both before and after award (see 3.104-4); and","P_3_104_2_b_5_a: The Privacy Act (5 U.S.C. 552a), the Trade Secrets Act (18 U.S.C. 1905); P_3_104_2_b_5_b: other laws may prohibit releasing information both before and after award (see 3.104-4); and","P_3_104_2_b_5_a -> (P_3_104_2_b_5_b v ~(P_3_104_2_b_5_b))","P_3_104_4","Material Implication (Impl): Rule 15 [HIGH-RISK]; Tautology (Taut): Rule 18","PENDING_REVIEW","PASS","PASS","Permissive 'may' creates discretionary authority. Tautology represents unrestricted choice. Uses HIGH-RISK transformation rule. Requires external review.","MEDIUM"
"3","3.104-2(b)(6)","P_3_104_2_b_6","Using nonpublic information for an employee's private interest or another's benefit and engaging in financial transactions using nonpublic information are prohibited by 5 CFR 2635.703.","P_3_104_2_b_6: Using nonpublic information for an employee's private interest or another's benefit and engaging in financial transactions using nonpublic information are prohibited by 5 CFR 2635.703.","P_3_104_2_b_6","P_3_35.703","Direct Statement","VALIDATED","PASS","PASS","Declarative statement establishing scope, definition, or policy.","HIGH"
"3","3.104-3","P_3_104_3","Statutory and related prohibitions, restrictions, and requirements.","P_3_104_3: Statutory and related prohibitions, restrictions, and requirements.","P_3_104_3","None","Direct Statement","VALIDATED","PASS","PASS","Declarative statement establishing scope, definition, or policy.","HIGH"
"3","3.104-3(a)","P_3_104_3_a","Prohibition on disclosing procurement information (41 U.S.C. 2102) .","P_3_104_3_a: Prohibition on disclosing procurement information (41 U.S.C. 2102) .","P_3_104_3_a","None","Direct Statement","VALIDATED","PASS","PASS","Declarative statement establishing scope, definition, or policy.","HIGH"
"3","3.104-3(a)(1)","P_3_104_3_a_1","A person described in paragraph (a)(2) of this subsection must not knowingly disclose contractor bid or proposal information or source selection information before a Federal agency awards the procurement contract to which the information relates. This restriction applies except when disclosure is allowed by law. (See 3.104-4(a).)","P_3_104_3_a_1: A person described in paragraph (a)(2) of this subsection must not knowingly disclose contractor bid or proposal information or source selection information before a Federal agency awards the procurement contract to which the information relates. This restriction applies except when disclosure is allowed by law. (See 3.104-4(a).)","~P_3_104_3_a_1","P_3_104_4_a","Negation (Neg): Rule 10","VALIDATED","PASS","PASS","Prohibition. Negated requirement. Contains conditional trigger pattern (if/when/where). Contains negative conditional (unless/except).","HIGH"
"3","3.104-3(a)(2)","P_3_104_3_a_2","Paragraph (a)(1) of this subsection applies to any person who—","P_3_104_3_a_2: Paragraph (a)(1) of this subsection applies to any person who—","P_3_104_3_a_2","None","Direct Statement","VALIDATED","PASS","PASS","Declarative statement establishing scope, definition, or policy.","HIGH"
"3","3.104-3(a)(2)(i)","P_3_104_3_a_2_i","Is a present or former official of the United States, or a person who is acting or has acted for or on behalf of, or who is advising or has advised the United States with respect to, a Federal agency procurement; and","P_3_104_3_a_2_i: Is a present or former official of the United States, or a person who is acting or has acted for or on behalf of, or who is advising or has advised the United States with respect to, a Federal agency procurement; and","P_3_104_3_a_2_i","None","Direct Statement","VALIDATED","PASS","PASS","Declarative statement establishing scope, definition, or policy.","HIGH"
"3","3.104-3(a)(2)(ii)","P_3_104_3_a_2_ii","By virtue of that office, employment, or relationship, has or had access to contractor bid or proposal information or source selection information.","P_3_104_3_a_2_ii: By virtue of that office, employment, or relationship, has or had access to contractor bid or proposal information or source selection information.","P_3_104_3_a_2_ii","None","Direct Statement","VALIDATED","PASS","PASS","Declarative statement establishing scope, definition, or policy.","HIGH"
"3","3.104-3(b)","P_3_104_3_b","Prohibition on obtaining procurement information ( 41 U.S.C. 2102) . A person must not knowingly obtain contractor bid or proposal information or source selection information before a Federal agency awards the procurement contract to which the information relates. This restriction applies except when obtaining such information is allowed by law.","P_3_104_3_b: Prohibition on obtaining procurement information ( 41 U.S.C. 2102) . A person must not knowingly obtain contractor bid or proposal information or source selection information before a Federal agency awards the procurement contract to which the information relates. This restriction applies except when obtaining such information is allowed by law.","~P_3_104_3_b","None","Negation (Neg): Rule 10","VALIDATED","PASS","PASS","Prohibition. Negated requirement. Contains conditional trigger pattern (if/when/where). Contains negative conditional (unless/except).","HIGH"
"3","3.104-3(c)","P_3_104_3_c","Actions required when an agency official contacts or is contacted by an offeror regarding non-Federal employment (41 U.S.C. 2103) .","P_3_104_3_c: Actions required when an agency official contacts or is contacted by an offeror regarding non-Federal employment (41 U.S.C. 2103) .","P_3_104_3_c","None","Material Implication (Impl): Rule 15 [HIGH-RISK]","PENDING_REVIEW","PASS","PASS","Declarative statement establishing scope, definition, or policy. Contains conditional trigger pattern (if/when/where). Uses HIGH-RISK transformation rule. Requires external review.","MEDIUM"
"3","3.104-3(c)(1)","P_3_104_3_c_1","An agency official who participates personally and substantially in a Federal agency procurement for a contract over the simplified acquisition threshold must take specific actions if they contact or are contacted by an offeror in that Federal agency procurement about possible non-Federal employment for that official. The official must—","P_3_104_3_c_1: An agency official who participates personally and substantially in a Federal agency procurement for a contract over the simplified acquisition threshold must take specific actions if they contact or are contacted by an offeror in that Federal agency procurement about possible non-Federal employment for that official. The official must—","P_3_104_3_c_1","None","Material Implication (Impl): Rule 15 [HIGH-RISK]","PENDING_REVIEW","PASS","PASS","Mandatory requirement using 'shall'/'must'. Contains conditional trigger pattern (if/when/where). Uses HIGH-RISK transformation rule. Requires external review.","MEDIUM"
"3","3.104-3(c)(1)(i)","P_3_104_3_c_1_i","Promptly report the contact in writing to the official's supervisor and to the agency ethics official; and","P_3_104_3_c_1_i: Promptly report the contact in writing to the official's supervisor and to the agency ethics official; and","P_3_104_3_c_1_i","None","Direct Statement","VALIDATED","PASS","PASS","Declarative statement establishing scope, definition, or policy.","HIGH"
"3","3.104-3(c)(1)(ii)","P_3_104_3_c_1_ii","Either reject the possibility of non-Federal employment or disqualify himself or herself from further personal and substantial participation in that Federal agency procurement (see 3.104-5). This disqualification remains until the agency authorizes the official to resume participation in that procurement, according to the requirements of 18 U.S.C. 208 and applicable agency regulations, because—","P_3_104_3_c_1_ii: Either reject the possibility of non-Federal employment or disqualify himself or herself from further personal and substantial participation in that Federal agency procurement (see 3.104-5). This disqualification remains until the agency authorizes the official to resume participation in that procurement, according to the requirements of 18 U.S.C. 208 and applicable agency regulations, because—","P_3_104_3_c_1_ii","P_3_104_5","Direct Statement","VALIDATED","PASS","PASS","Declarative statement establishing scope, definition, or policy.","HIGH"
"3","3.104-3(c)(1)(ii)(A)","P_3_104_3_c_1_ii_A","The person is no longer an offeror in that Federal agency procurement; or","P_3_104_3_c_1_ii_A: The person is no longer an offeror in that Federal agency procurement; or","P_3_104_3_c_1_ii_A","None","Direct Statement","VALIDATED","PASS","PASS","Declarative statement establishing scope, definition, or policy.","HIGH"
"3","3.104-3(c)(1)(ii)(B)","P_3_104_3_c_1_ii_B","All discussions with the offeror regarding possible non-Federal employment have ended without an agreement or arrangement for employment.","P_3_104_3_c_1_ii_B: All discussions with the offeror regarding possible non-Federal employment have ended without an agreement or arrangement for employment.","P_3_104_3_c_1_ii_B","None","Direct Statement","VALIDATED","PASS","PASS","Declarative statement establishing scope, definition, or policy.","HIGH"
"3","3.104-3(c)(1)(ii)(B)(2)","P_3_3_104_3_def_2921","A contact is any action included as ""seeking employment"" in 5 CFR 2635.603(b). Unsolicited communications from offerors regarding possible employment also count as contacts.","P_3_104_3_c_1_ii_B_2: A contact is any action included as ""seeking employment"" in 5 CFR 2635.603(b). Unsolicited communications from offerors regarding possible employment also count as contacts.","P_3_104_3_c_1_ii_B_2","P_3_35.603_b","Direct Statement","VALIDATED","PASS","PASS","Declarative statement establishing scope, definition, or policy. Note: Nested definition item, original ref: 3.104-3(c)(1)(ii)(B)(2).","HIGH"
"3","3.104-3(c)(1)(ii)(B)(3)","P_3_3_104_3_def_7311","Agencies must retain reports of employment contacts for 2 years from the date the report was submitted.","P_3_104_3_c_1_ii_B_3: Agencies must retain reports of employment contacts for 2 years from the date the report was submitted.","P_3_104_3_c_1_ii_B_3","None","Direct Statement","VALIDATED","PASS","PASS","Mandatory requirement using 'shall'/'must'. Note: Nested definition item, original ref: 3.104-3(c)(1)(ii)(B)(3).","HIGH"
"3","3.104-3(c)(1)(ii)(B)(4)","P_3_3_104_3_def_8314","Even if conduct complies with 41 U.S.C. 2103, other criminal statutes and the Standards of Ethical Conduct for Employees of the Executive Branch may prohibit it. See 3.104-2(b)(2).","P_3_104_3_c_1_ii_B_4: Even if conduct complies with 41 U.S.C. 2103, other criminal statutes and the Standards of Ethical Conduct for Employees of the Executive Branch may prohibit it. See 3.104-2(b)(2).","(P_3_104_3_c_1_ii_B_4 v ~P_3_104_3_c_1_ii_B_4)","P_3_104_2_b_2","Tautology (Taut): Rule 18","VALIDATED","PASS","PASS","Permissive 'may' creates discretionary authority. Tautology represents unrestricted choice. Contains conditional trigger pattern (if/when/where). Note: Nested definition item, original ref: 3.104-3(c)(1)(ii)(B)(4).","MEDIUM"
"3","3.104-3(d)","P_3_104_3_d","Prohibition on former official's acceptance of compensation from a contractor (41 U.S.C. 2104) .","P_3_104_3_d: Prohibition on former official's acceptance of compensation from a contractor (41 U.S.C. 2104) .","P_3_104_3_d","None","Direct Statement","VALIDATED","PASS","PASS","Declarative statement establishing scope, definition, or policy.","HIGH"
"3","3.104-3(d)(1)","P_3_104_3_d_1","A former official of a Federal agency must not accept compensation from a contractor as an employee, officer, director, or consultant for 1 year after the former official—","P_3_104_3_d_1: A former official of a Federal agency must not accept compensation from a contractor as an employee, officer, director, or consultant for 1 year after the former official—","~P_3_104_3_d_1","None","Negation (Neg): Rule 10","VALIDATED","PASS","PASS","Prohibition. Negated requirement.","HIGH"
"3","3.104-3(d)(1)(i)","P_3_104_3_d_1_i","Served, when the contractor was selected or awarded a contract, as the procuring contracting officer, the source selection authority, a member of a source selection evaluation board, or the chief of a financial or technical evaluation team in a procurement where that contractor received a contract in excess of $10,000,000;","P_3_104_3_d_1_i: Served, when the contractor was selected or awarded a contract, as the procuring contracting officer, the source selection authority, a member of a source selection evaluation board, or the chief of a financial or technical evaluation team in a procurement where that contractor received a contract in excess of $10,000,000;","P_3_104_3_d_1_i","None","Material Implication (Impl): Rule 15 [HIGH-RISK]","PENDING_REVIEW","PASS","PASS","Declarative statement establishing scope, definition, or policy. Contains conditional trigger pattern (if/when/where). Uses HIGH-RISK transformation rule. Requires external review.","MEDIUM"
"3","3.104-3(d)(1)(ii)","P_3_104_3_d_1_ii","Served as the program manager, deputy program manager, or administrative contracting officer for a contract in excess of $10,000,000 awarded to that contractor; or","P_3_104_3_d_1_ii: Served as the program manager, deputy program manager, or administrative contracting officer for a contract in excess of $10,000,000 awarded to that contractor; or","P_3_104_3_d_1_ii","None","Direct Statement","VALIDATED","PASS","PASS","Declarative statement establishing scope, definition, or policy.","HIGH"
"3","3.104-3(d)(1)(iii)","P_3_104_3_d_1_iii","Personally made for the Federal agency a decision to—","P_3_104_3_d_1_iii: Personally made for the Federal agency a decision to—","P_3_104_3_d_1_iii","None","Direct Statement","VALIDATED","PASS","PASS","Declarative statement establishing scope, definition, or policy.","HIGH"
"3","3.104-3(d)(1)(iii)(3)","P_3_104_3_d_1_iii_3","The prohibition in paragraph (d)(1) of this subsection does not prevent a former official from accepting compensation from any division or affiliate of a contractor that does not produce the same or similar products or services than the entity responsible for the contract referred to in paragraph (d)(1).","P_3_104_3_d_1_iii_3: The prohibition in paragraph (d)(1) of this subsection does not prevent a former official from accepting compensation from any division or affiliate of a contractor that does not produce the same or similar products or services than the entity responsible for the contract referred to in paragraph (d)(1).","P_3_104_3_d_1_iii_3","None","Direct Statement","VALIDATED","PASS","PASS","Declarative statement establishing scope, definition, or policy.","HIGH"
"3","3.104-3(d)(1)(iii)(A)","P_3_104_3_d_1_iii_A","Award a contract, subcontract, modification of a contract or subcontract, or a task order or delivery order in excess of $10,000,000 to that contractor;","P_3_104_3_d_1_iii_A: Award a contract, subcontract, modification of a contract or subcontract, or a task order or delivery order in excess of $10,000,000 to that contractor;","P_3_104_3_d_1_iii_A","None","Direct Statement","VALIDATED","PASS","PASS","Declarative statement establishing scope, definition, or policy.","HIGH"
"3","3.104-3(d)(1)(iii)(B)","P_3_104_3_d_1_iii_B","Establish overhead or other rates for that contractor's contracts valued in excess of $10,000,000;","P_3_104_3_d_1_iii_B: Establish overhead or other rates for that contractor's contracts valued in excess of $10,000,000;","P_3_104_3_d_1_iii_B","None","Direct Statement","VALIDATED","PASS","PASS","Declarative statement establishing scope, definition, or policy.","HIGH"
"3","3.104-3(d)(1)(iii)(C)","P_3_104_3_d_1_iii_C","Approve issuing a contract payment or payments in excess of $10,000,000 to that contractor; or","P_3_104_3_d_1_iii_C: Approve issuing a contract payment or payments in excess of $10,000,000 to that contractor; or","P_3_104_3_d_1_iii_C","None","Direct Statement","VALIDATED","PASS","PASS","Declarative statement establishing scope, definition, or policy.","HIGH"
"3","3.104-3(d)(1)(iii)(D)","P_3_104_3_d_1_iii_D","Pay or settle a claim in excess of $10,000,000 with that contractor.","P_3_104_3_d_1_iii_D: Pay or settle a claim in excess of $10,000,000 with that contractor.","P_3_104_3_d_1_iii_D","None","Direct Statement","VALIDATED","PASS","PASS","Declarative statement establishing scope, definition, or policy.","HIGH"
"3","3.104-3(d)(1)(iii)(D)(2)","P_3_3_104_3_def_4349","The 1-year prohibition begins on the date— (i) Of contract award for positions described in paragraph (d)(1)(i) of this subsection, or the date of contractor selection if the official was not serving in that position on the date of award. (ii) The official last served in one of the positions described in paragraph (d)(1)(ii) of this subsection; or (iii) The official made one of the decisions described in paragraph (d)(1)(iii) of this subsection.","P_3_104_3_d_1_iii_D_2_i: The 1-year prohibition begins on the date of contract award for positions described in paragraph (d)(1)(i), or the date of contractor selection if the official was not serving in that position on the date of award; P_3_104_3_d_1_iii_D_2_ii: The 1-year prohibition begins on the date the official last served in one of the positions described in paragraph (d)(1)(ii); P_3_104_3_d_1_iii_D_2_iii: The 1-year prohibition begins on the date the official made one of the decisions described in paragraph (d)(1)(iii).","P_3_104_3_d_1_iii_D_2_i v P_3_104_3_d_1_iii_D_2_ii v P_3_104_3_d_1_iii_D_2_iii","P_3_104_3_d_1_i; P_3_104_3_d_1_ii; P_3_104_3_d_1_iii","Disjunction (Disj): Rule 8","VALIDATED","PASS","PASS","Disjunctive trigger dates for the 1-year prohibition. Each sub-item references a different position/decision type from paragraph (d)(1). Note: Nested definition item, original ref: 3.104-3(d)(1)(iii)(D)(2).","HIGH"
"3","3.104-4","P_3_104_4","Disclosure, protection, and marking of contractor bid or proposal information and source selection information.","P_3_104_4_a: Disclosure, protection; P_3_104_4_b: marking of contractor bid or proposal information and source selection information.","P_3_104_4_a ^ P_3_104_4_b","None","Conjunction (Conj): Rule 7","VALIDATED","PASS","PASS","Declarative statement establishing scope, definition, or policy.","HIGH"
"3","3.104-4(a)","P_3_104_4_a","No person or entity may disclose contractor bid or proposal information or source selection information to any person other than those authorized to receive that information, in accordance with applicable agency regulations or procedures, by the agency head or contracting officer. This restriction applies except as specifically provided in this subsection.","P_3_104_4_a: No person or entity may disclose contractor bid or proposal information or source selection information to any person other than those authorized to receive that information, in accordance with applicable agency regulations or procedures, by the agency head or contracting officer. This restriction applies except as specifically provided in this subsection.","(P_3_104_4_a v ~P_3_104_4_a)","None","Tautology (Taut): Rule 18","VALIDATED","PASS","PASS","Permissive 'may' creates discretionary authority. Tautology represents unrestricted choice. Contains negative conditional (unless/except).","MEDIUM"
"3","3.104-4(b)","P_3_104_4_b","Contractor bid or proposal information and source selection information must be protected from unauthorized disclosure according to 14.401, 15.207, applicable law, and agency regulations.","P_3_104_4_b: Contractor bid or proposal information and source selection information must be protected from unauthorized disclosure according to 14.401, 15.207, applicable law, and agency regulations.","P_3_104_4_b","P_3_.207; P_3_.401","Direct Statement","VALIDATED","PASS","PASS","Mandatory requirement using 'shall'/'must'.","HIGH"
"3","3.104-4(c)","P_3_104_4_c","Individuals who are unsure if specific information is source selection information, as defined in 2.101, should consult with agency officials. Individuals preparing material that may be source selection information as described in paragraph (10) of the ""source selection information"" definition in 2.101 must mark the cover page and each page they believe contains source selection information with this legend: ""Source Selection Information—See FAR 2.101 and 3.104."" Although information in paragraphs (1) through (9) of the definition in 2.101 counts as source selection information whether or not marked, all reasonable efforts must be made to mark such material with the same legend.","P_3_104_4_c: Individuals who are unsure if specific information is source selection information, as defined in 2.101, should consult with agency officials. Individuals preparing material that may be source selection information as described in paragraph (10) of the ""source selection information"" definition in 2.101 must mark the cover page and each page they believe contains source selection information with this legend: ""Source Selection Information—See FAR 2.101 and 3.104."" Although information in paragraphs (1) through (9) of the definition in 2.101 counts as source selection information whether or not marked, all reasonable efforts must be made to mark such material with the same legend.","P_3_104_4_c","P_3_101; P_3_104","Material Implication (Impl): Rule 15 [HIGH-RISK]","PENDING_REVIEW","PASS","PASS","Mandatory requirement using 'shall'/'must'. Contains conditional trigger pattern (if/when/where). Uses HIGH-RISK transformation rule. Requires external review.","MEDIUM"
"3","3.104-4(d)","P_3_104_4_d","The contracting officer must notify the contractor in writing if the contracting officer believes proprietary information, contractor bid or proposal information, or information marked under 52.215-1(e) has been inappropriately marked. The contractor who applied the marking must be given an opportunity to justify the marking. This requirement does not apply to situations covered in paragraph (d)(3) of this subsection.","P_3_104_4_d: The contracting officer must notify the contractor in writing if the contracting officer believes proprietary information, contractor bid or proposal information, or information marked under 52.215-1(e) has been inappropriately marked. The contractor who applied the marking must be given an opportunity to justify the marking. This requirement does not apply to situations covered in paragraph (d)(3) of this subsection.","~P_3_104_4_d","P_3_.215_1_e","Negation (Neg): Rule 10","VALIDATED","PASS","PASS","Prohibition. Negated requirement. Contains conditional trigger pattern (if/when/where).","HIGH"
"3","3.104-4(d)(1)","P_3_104_4_d_1","If the contractor agrees the marking is not justified or does not respond within the time specified in the notice, the contracting officer may remove the marking and release the information.","P_3_104_4_d_1: If the contractor agrees the marking is not justified or does not respond within the time specified in the notice, the contracting officer may remove the marking and release the information.","(P_3_104_4_d_1 v ~P_3_104_4_d_1)","None","Tautology (Taut): Rule 18","VALIDATED","PASS","PASS","Permissive 'may' creates discretionary authority. Tautology represents unrestricted choice. Contains conditional trigger pattern (if/when/where).","MEDIUM"
"3","3.104-4(d)(2)","P_3_104_4_d_2","If, after reviewing the contractor's justification, the contracting officer determines the marking is not justified, the contracting officer must notify the contractor in writing before releasing the information.","P_3_104_4_d_2: If, after reviewing the contractor's justification, the contracting officer determines the marking is not justified, the contracting officer must notify the contractor in writing before releasing the information.","~P_3_104_4_d_2","None","Negation (Neg): Rule 10","VALIDATED","PASS","PASS","Prohibition. Negated requirement. Contains conditional trigger pattern (if/when/where).","HIGH"
"3","3.104-4(d)(3)","P_3_104_4_d_3","For technical data marked as proprietary by a contractor, the contracting officer must follow the procedures in part 27.","P_3_104_4_d_3: For technical data marked as proprietary by a contractor, the contracting officer must follow the procedures in part 27.","P_3_104_4_d_3","Part_27","Direct Statement","VALIDATED","PASS","PASS","Mandatory requirement using 'shall'/'must'. External dependencies: Part_27.","HIGH"
"3","3.104-4(e)","P_3_104_4_e","This section does not restrict or prohibit—","P_3_104_4_e: This section does not restrict or prohibit—","P_3_104_4_e","None","Direct Statement","VALIDATED","PASS","PASS","Declarative statement establishing scope, definition, or policy.","HIGH"
"3","3.104-4(e)(1)","P_3_104_4_e_1","A contractor from disclosing its own bid or proposal information or the recipient from receiving that information. During reverse auctions, agencies may reveal offered price(s) to all offerors, but must not reveal any offeror's identity except for the awardee's identity after making an award resulting from the auction (see subpart 17.8);","P_3_104_4_e_1: A contractor from disclosing its own bid or proposal information or the recipient from receiving that information. During reverse auctions, agencies may reveal offered price(s) to all offerors, but must not reveal any offeror's identity except for the awardee's identity after making an award resulting from the auction (see subpart 17.8);","~P_3_104_4_e_1","P_3_.8","Negation (Neg): Rule 10","VALIDATED","PASS","PASS","Prohibition. Negated requirement.","HIGH"
"3","3.104-4(e)(2)","P_3_104_4_e_2","The disclosure or receipt of information, not otherwise protected, relating to a canceled Federal agency procurement before contract award, unless the Federal agency plans to resume the procurement;","P_3_104_4_e_2: The disclosure or receipt of information, not otherwise protected, relating to a canceled Federal agency procurement before contract award, unless the Federal agency plans to resume the procurement;","P_3_104_4_e_2","None","Direct Statement","VALIDATED","PASS","PASS","Declarative statement establishing scope, definition, or policy. Contains negative conditional (unless/except).","HIGH"
"3","3.104-4(e)(3)","P_3_104_4_e_3","Individual meetings between a Federal agency official and an offeror or potential offeror for, or recipient of, a contract or subcontract under a Federal agency procurement, provided that unauthorized disclosure or receipt of contractor bid or proposal information or source selection information does not occur; or","P_3_104_4_e_3: Individual meetings between a Federal agency official and an offeror or potential offeror for, or recipient of, a contract or subcontract under a Federal agency procurement, provided that unauthorized disclosure or receipt of contractor bid or proposal information or source selection information does not occur; or","P_3_104_4_e_3","None","Material Implication (Impl): Rule 15 [HIGH-RISK]","PENDING_REVIEW","PASS","PASS","Declarative statement establishing scope, definition, or policy. Contains conditional trigger pattern (if/when/where). Uses HIGH-RISK transformation rule. Requires external review.","MEDIUM"
"3","3.104-4(e)(4)","P_3_104_4_e_4","The Government's use of technical data in a manner consistent with the Government's rights in the data.","P_3_104_4_e_4: The Government's use of technical data in a manner consistent with the Government's rights in the data.","P_3_104_4_e_4","None","Direct Statement","VALIDATED","PASS","PASS","Declarative statement establishing scope, definition, or policy.","HIGH"
"3","3.104-4(f)","P_3_104_4_f","This section does not authorize—","P_3_104_4_f: This section does not authorize—","P_3_104_4_f","None","Direct Statement","VALIDATED","PASS","PASS","Declarative statement establishing scope, definition, or policy.","HIGH"
"3","3.104-4(f)(1)","P_3_104_4_f_1","Withholding any information from a proper request by Congress, any committee or subcommittee thereof, a Federal agency, the Comptroller General, or an Inspector General of a Federal agency, except as otherwise authorized by law or regulation. Any release containing contractor bid or proposal information or source selection information must clearly identify the information as contractor bid or proposal information or source selection information related to a Federal agency procurement. The release must also notify the recipient that disclosure of the information is restricted by 41 U.S.C. chapter 21;","P_3_104_4_f_1: Withholding any information from a proper request by Congress, any committee or subcommittee thereof, a Federal agency, the Comptroller General, or an Inspector General of a Federal agency, except as otherwise authorized by law or regulation. Any release containing contractor bid or proposal information or source selection information must clearly identify the information as contractor bid or proposal information or source selection information related to a Federal agency procurement. The release must also notify the recipient that disclosure of the information is restricted by 41 U.S.C. chapter 21;","P_3_104_4_f_1","None","Direct Statement","VALIDATED","PASS","PASS","Mandatory requirement using 'shall'/'must'. Contains negative conditional (unless/except).","HIGH"
"3","3.104-4(f)(2)","P_3_104_4_f_2","Withholding information from, or restricting its receipt by, the Comptroller General during a protest against the award or proposed award of a Federal agency procurement contract;","P_3_104_4_f_2: Withholding information from, or restricting its receipt by, the Comptroller General during a protest against the award or proposed award of a Federal agency procurement contract;","P_3_104_4_f_2","None","Direct Statement","VALIDATED","PASS","PASS","Declarative statement establishing scope, definition, or policy.","HIGH"
"3","3.104-4(f)(3)","P_3_104_4_f_3","Releasing information after award of a contract or cancellation of a procurement if such information is contractor bid or proposal information or source selection information that relates to another procurement; or","P_3_104_4_f_3: Releasing information after award of a contract or cancellation of a procurement if such information is contractor bid or proposal information or source selection information that relates to another procurement; or","P_3_104_4_f_3","None","Material Implication (Impl): Rule 15 [HIGH-RISK]","PENDING_REVIEW","PASS","PASS","Declarative statement establishing scope, definition, or policy. Contains conditional trigger pattern (if/when/where). Uses HIGH-RISK transformation rule. Requires external review.","MEDIUM"
"3","3.104-4(f)(4)","P_3_104_4_f_4","Disclosing, soliciting, or receiving bid or proposal information or source selection information after award if such actions are prohibited by law. (See 3.104-2(b)(5) and part 24.)","P_3_104_4_f_4: Disclosing, soliciting, or receiving bid or proposal information or source selection information after award if such actions are prohibited by law. (See 3.104-2(b)(5) and part 24.)","P_3_104_4_f_4","P_3_104_2_b_5; Part_24","Material Implication (Impl): Rule 15 [HIGH-RISK]","PENDING_REVIEW","PASS","PASS","Declarative statement establishing scope, definition, or policy. Contains conditional trigger pattern (if/when/where). Uses HIGH-RISK transformation rule. Requires external review. External dependencies: Part_24.","MEDIUM"
"3","3.104-5","P_3_104_5","Disqualification.","P_3_104_5: Disqualification.","P_3_104_5","None","Direct Statement","VALIDATED","PASS","PASS","Declarative statement establishing scope, definition, or policy.","HIGH"
"3","3.104-5(a)","P_3_104_5_a","Contacts through agents or other intermediaries . Employment contacts between an employee and an offeror conducted through agents or other intermediaries may require disqualification under 3.104-3(c)(1). These contacts may also require disqualification under other statutes and regulations. (See 3.104-2(b)(2).)","P_3_104_5_a: Contacts through agents or other intermediaries . Employment contacts between an employee and an offeror conducted through agents or other intermediaries may require disqualification under 3.104-3(c)(1). These contacts may also require disqualification under other statutes and regulations. (See 3.104-2(b)(2).)","(P_3_104_5_a v ~P_3_104_5_a)","P_3_104_2_b_2; P_3_104_3_c_1","Tautology (Taut): Rule 18","VALIDATED","PASS","PASS","Permissive 'may' creates discretionary authority. Tautology represents unrestricted choice.","MEDIUM"
"3","3.104-5(b)","P_3_104_5_b","Disqualification notice . An agency official who must disqualify himself or herself under 3.104-3(c)(1)(ii) must submit the contact report required by 3.104-3(c)(1). The official must also promptly submit written notice of disqualification from further participation in the procurement to the contracting officer, the source selection authority (if different from the contracting officer), and the agency official's immediate supervisor. At a minimum, the notice must—","P_3_104_5_b_a: Disqualification notice . An agency official who must disqualify himself or herself under 3.104-3(c)(1)(ii) must submit the contact report required by 3.104-3(c)(1). The official must also promptly submit written notice of disqualification from further participation in the procurement to the contracting officer, the source selection authority (if different from the contracting officer); P_3_104_5_b_b: the agency official's immediate supervisor. At a minimum, the notice must—","P_3_104_5_b_a -> P_3_104_5_b_b","P_3_104_3_c_1","Material Implication (Impl): Rule 15 [HIGH-RISK]","PENDING_REVIEW","PASS","PASS","Mandatory requirement using 'shall'/'must'. Contains conditional trigger pattern (if/when/where). Uses HIGH-RISK transformation rule. Requires external review.","MEDIUM"
"3","3.104-5(b)(1)","P_3_104_5_b_1","Identify the procurement;","P_3_104_5_b_1: Identify the procurement;","P_3_104_5_b_1","None","Direct Statement","VALIDATED","PASS","PASS","Declarative statement establishing scope, definition, or policy.","HIGH"
"3","3.104-5(b)(2)","P_3_104_5_b_2","Describe the nature of the agency official's participation in the procurement and specify the approximate dates or time period of participation; and","P_3_104_5_b_2: Describe the nature of the agency official's participation in the procurement and specify the approximate dates or time period of participation; and","P_3_104_5_b_2","None","Direct Statement","VALIDATED","PASS","PASS","Declarative statement establishing scope, definition, or policy.","HIGH"
"3","3.104-5(b)(3)","P_3_104_5_b_3","Identify the offeror and describe its interest in the procurement.","P_3_104_5_b_3: Identify the offeror and describe its interest in the procurement.","P_3_104_5_b_3","None","Direct Statement","VALIDATED","PASS","PASS","Declarative statement establishing scope, definition, or policy.","HIGH"
"3","3.104-5(c)","P_3_104_5_c","Resumption of participation in a procurement .","P_3_104_5_c: Resumption of participation in a procurement .","P_3_104_5_c","None","Direct Statement","VALIDATED","PASS","PASS","Declarative statement establishing scope, definition, or policy.","HIGH"
"3","3.104-5(c)(1)","P_3_104_5_c_1","The official must remain disqualified until the agency, at its sole and exclusive discretion, authorizes the official to resume participation in the procurement according to 3.104-3(c)(1)(ii).","P_3_104_5_c_1: The official must remain disqualified until the agency, at its sole and exclusive discretion, authorizes the official to resume participation in the procurement according to 3.104-3(c)(1)(ii).","P_3_104_5_c_1","P_3_104_3_c_1","Direct Statement","VALIDATED","PASS","PASS","Mandatory requirement using 'shall'/'must'.","HIGH"
"3","3.104-5(c)(2)","P_3_104_5_c_2","After the conditions of 3.104-3(c)(1)(ii)(A) or (B) have been met, the head of the contracting activity (HCA), after consultation with the agency ethics official, may authorize the disqualified official to resume participation in the procurement, or may determine that an additional disqualification period is necessary to protect the procurement process integrity. When determining the disqualification period, the HCA must consider any factors that create an appearance that the disqualified official acted without complete impartiality. The HCA should document the reinstatement decision in writing.","P_3_104_5_c_2: After the conditions of 3.104-3(c)(1)(ii)(A) or (B) have been met, the head of the contracting activity (HCA), after consultation with the agency ethics official, may authorize the disqualified official to resume participation in the procurement, or may determine that an additional disqualification period is necessary to protect the procurement process integrity. When determining the disqualification period, the HCA must consider any factors that create an appearance that the disqualified official acted without complete impartiality. The HCA should document the reinstatement decision in writing.","P_3_104_5_c_2","P_3_104_3_c_1","Material Implication (Impl): Rule 15 [HIGH-RISK]","PENDING_REVIEW","PASS","PASS","Mandatory requirement using 'shall'/'must'. Contains conditional trigger pattern (if/when/where). Uses HIGH-RISK transformation rule. Requires external review.","MEDIUM"
"3","3.104-5(c)(3)","P_3_104_5_c_3","Government officers or employees must also comply with 18 U.S.C. 208 and 5 CFR part 2635 regarding resumed participation in procurement matters. A government officer or employee may not resume participating in a procurement matter affecting the financial interest of someone with whom they are seeking employment, unless the individual receives—","P_3_104_5_c_3: Government officers or employees must also comply with 18 U.S.C. 208 and 5 CFR part 2635 regarding resumed participation in procurement matters. A government officer or employee may not resume participating in a procurement matter affecting the financial interest of someone with whom they are seeking employment, unless the individual receives—","~P_3_104_5_c_3","Part_2635","Negation (Neg): Rule 10","VALIDATED","PASS","PASS","Prohibition. Negated requirement. Contains negative conditional (unless/except). External dependencies: Part_2635.","HIGH"
"3","3.104-5(c)(3)(i)","P_3_104_5_c_3_i","A waiver pursuant to 18 U.S.C. 208(b)(1) or (b)(3); or","P_3_104_5_c_3_i: A waiver pursuant to 18 U.S.C. 208(b)(1) or (b)(3); or","P_3_104_5_c_3_i","None","Direct Statement","VALIDATED","PASS","PASS","Declarative statement establishing scope, definition, or policy.","HIGH"
"3","3.104-5(c)(3)(ii)","P_3_104_5_c_3_ii","An authorization according to the requirements of subpart F of 5 CFR part 2635.","P_3_104_5_c_3_ii: An authorization according to the requirements of subpart F of 5 CFR part 2635.","P_3_104_5_c_3_ii","Part_2635","Direct Statement","VALIDATED","PASS","PASS","Declarative statement establishing scope, definition, or policy. External dependencies: Part_2635.","HIGH"
"3","3.104-6","P_3_104_6","Ethics advisory opinions regarding prohibitions on a former official’s acceptance of compensation from a contractor.","P_3_104_6: Ethics advisory opinions regarding prohibitions on a former official’s acceptance of compensation from a contractor.","P_3_104_6","None","Direct Statement","VALIDATED","PASS","PASS","Declarative statement establishing scope, definition, or policy.","HIGH"
"3","3.104-6(a)","P_3_104_6_a","An official or former official of a Federal agency may request advice from the appropriate agency ethics official before accepting compensation from a contractor. This applies when the individual does not know whether 41 U.S.C. 2104 (see 3.104-3(d)) prevents them from accepting such compensation.","P_3_104_6_a: An official or former official of a Federal agency may request advice from the appropriate agency ethics official before accepting compensation from a contractor. This applies when the individual does not know whether 41 U.S.C. 2104 (see 3.104-3(d)) prevents them from accepting such compensation.","(P_3_104_6_a v ~P_3_104_6_a)","P_3_104_3_d","Tautology (Taut): Rule 18","VALIDATED","PASS","PASS","Permissive 'may' creates discretionary authority. Tautology represents unrestricted choice. Contains conditional trigger pattern (if/when/where).","MEDIUM"
"3","3.104-6(b)","P_3_104_6_b","The request for an advisory opinion must be in writing, include all relevant information reasonably available to the official or former official, and be dated and signed. The request must include information about the—","P_3_104_6_b_a: The request for an advisory opinion must be in writing, include all relevant information reasonably available to the official or former official; P_3_104_6_b_b: be dated and signed. The request must include information about the—","P_3_104_6_b_a ^ P_3_104_6_b_b","None","Conjunction (Conj): Rule 7","VALIDATED","PASS","PASS","Mandatory requirement using 'shall'/'must'.","HIGH"
"3","3.104-6(b)(1)","P_3_104_6_b_1","Procurement(s), or decision(s) on matters under 3.104-3(d)(1)(iii), involving the particular contractor. This includes contract or solicitation numbers, dates of solicitation or award, a description of the supplies or services procured or to be procured, and contract amount;","P_3_104_6_b_1: Procurement(s), or decision(s) on matters under 3.104-3(d)(1)(iii), involving the particular contractor. This includes contract or solicitation numbers, dates of solicitation or award, a description of the supplies or services procured or to be procured, and contract amount;","P_3_104_6_b_1","P_3_104_3_d_1","Direct Statement","VALIDATED","PASS","PASS","Declarative statement establishing scope, definition, or policy.","HIGH"
"3","3.104-6(b)(2)","P_3_104_6_b_2","Individual's participation in the procurement or decision, including the dates or time periods of that participation, and the nature of the individual's duties, responsibilities, or actions; and","P_3_104_6_b_2_a: Individual's participation in the procurement or decision, including the dates or time periods of that participation; P_3_104_6_b_2_b: the nature of the individual's duties, responsibilities, or actions; and","P_3_104_6_b_2_a ^ P_3_104_6_b_2_b","None","Conjunction (Conj): Rule 7","VALIDATED","PASS","PASS","Declarative statement establishing scope, definition, or policy.","HIGH"
"3","3.104-6(b)(3)","P_3_104_6_b_3","Contractor, including a description of the products or services produced by the division or affiliate of the contractor from whom the individual proposes to accept compensation.","P_3_104_6_b_3: Contractor, including a description of the products or services produced by the division or affiliate of the contractor from whom the individual proposes to accept compensation.","P_3_104_6_b_3","None","Direct Statement","VALIDATED","PASS","PASS","Declarative statement establishing scope, definition, or policy.","HIGH"
"3","3.104-6(c)","P_3_104_6_c","The agency ethics official should issue an opinion within 30 days after receiving a complete request, or as soon as practicable after that. The opinion should address whether the proposed conduct would violate 41 U.S.C. 2104.","P_3_104_6_c: The agency ethics official should issue an opinion within 30 days after receiving a complete request, or as soon as practicable after that. The opinion should address whether the proposed conduct would violate 41 U.S.C. 2104.","P_3_104_6_c","None","Advisory (non-binding)","PENDING_REVIEW","PASS","PASS","Advisory 'should' indicates recommended practice, not mandatory. Non-binding guidance.","MEDIUM"
"3","3.104-6(d)","P_3_104_6_d","Parent: Collective requirements of 3.104-6(d) subsections.","P_3_104_6_d: 3.104-6(d) requirements are met when all subsections are satisfied","P_3_104_6_d = P_3_104_6_d_1 ^ P_3_104_6_d_2 ^ P_3_104_6_d_3","None","Conjunction (Conj): Rule 7","VALIDATED","PASS","PASS","Parent proposition. All subsections are mandatory components. Conjunction represents cumulative requirement.","HIGH"
"3","3.104-6(d)(1)","P_3_104_6_d_1","If the request does not include complete information, the agency ethics official may ask the requester to provide more information. The ethics official may also request information from other persons, including the source selection authority, the contracting officer, or the requester's immediate supervisor.","P_3_104_6_d_1: If the request does not include complete information, the agency ethics official may ask the requester to provide more information. The ethics official may also request information from other persons, including the source selection authority, the contracting officer, or the requester's immediate supervisor.","(P_3_104_6_d_1 v ~P_3_104_6_d_1)","None","Tautology (Taut): Rule 18","VALIDATED","PASS","PASS","Permissive 'may' creates discretionary authority. Tautology represents unrestricted choice. Contains conditional trigger pattern (if/when/where).","MEDIUM"
"3","3.104-6(d)(2)","P_3_104_6_d_2","When issuing an opinion, the agency ethics official may rely on the accuracy of information provided by the requester or other agency sources. This applies unless the official has reason to believe the information is fraudulent, misleading, or otherwise incorrect.","P_3_104_6_d_2: When issuing an opinion, the agency ethics official may rely on the accuracy of information provided by the requester or other agency sources. This applies unless the official has reason to believe the information is fraudulent, misleading, or otherwise incorrect.","(P_3_104_6_d_2 v ~P_3_104_6_d_2)","None","Tautology (Taut): Rule 18","VALIDATED","PASS","PASS","Permissive 'may' creates discretionary authority. Tautology represents unrestricted choice. Contains conditional trigger pattern (if/when/where). Contains negative conditional (unless/except).","MEDIUM"
"3","3.104-6(d)(3)","P_3_104_6_d_3","If the requester receives a written opinion from the agency ethics official stating they may accept compensation from a particular contractor and accepts such compensation in good faith reliance on that opinion, neither the requester nor the contractor will be found to have knowingly violated 41 U.S.C. 2104. However, if the requester or contractor has actual knowledge or reason to believe the opinion is based on fraudulent, misleading, or otherwise incorrect information, their reliance on the opinion will not be considered good faith.","P_3_104_6_d_3: If the requester receives a written opinion from the agency ethics official stating they may accept compensation from a particular contractor and accepts such compensation in good faith reliance on that opinion, neither the requester nor the contractor will be found to have knowingly violated 41 U.S.C. 2104. However, if the requester or contractor has actual knowledge or reason to believe the opinion is based on fraudulent, misleading, or otherwise incorrect information, their reliance on the opinion will not be considered good faith.","(P_3_104_6_d_3 v ~P_3_104_6_d_3)","None","Tautology (Taut): Rule 18","VALIDATED","PASS","PASS","Permissive 'may' creates discretionary authority. Tautology represents unrestricted choice. Contains conditional trigger pattern (if/when/where).","MEDIUM"
"3","3.104-7","P_3_104_7","Violations or possible violations.","P_3_104_7: Violations or possible violations.","P_3_104_7","None","Direct Statement","VALIDATED","PASS","PASS","Declarative statement establishing scope, definition, or policy.","HIGH"
"3","3.104-7(a)","P_3_104_7_a","A contracting officer who receives information about a violation or possible violation of procurement integrity laws (41 U.S.C. 2102, 2103, or 2104) must determine if this affects the pending award or contractor selection.","P_3_104_7_a: A contracting officer who receives information about a violation or possible violation of procurement integrity laws (41 U.S.C. 2102, 2103, or 2104) must determine if this affects the pending award or contractor selection.","P_3_104_7_a","None","Material Implication (Impl): Rule 15 [HIGH-RISK]","PENDING_REVIEW","PASS","PASS","Mandatory requirement using 'shall'/'must'. Contains conditional trigger pattern (if/when/where). Uses HIGH-RISK transformation rule. Requires external review.","MEDIUM"
"3","3.104-7(a)(1)","P_3_104_7_a_1","If the contracting officer determines there is no impact on the procurement, the contracting officer must forward the information about the violation, including documentation supporting the ""no impact"" determination, and send these materials to the individual designated per agency procedures.","P_3_104_7_a_1_a: If the contracting officer determines there is no impact on the procurement, the contracting officer must forward the information about the violation, including documentation supporting the ""no impact"" determination; P_3_104_7_a_1_b: send these materials to the individual designated per agency procedures.","P_3_104_7_a_1_a -> P_3_104_7_a_1_b","None","Material Implication (Impl): Rule 15 [HIGH-RISK]","PENDING_REVIEW","PASS","PASS","Mandatory requirement using 'shall'/'must'. Contains conditional trigger pattern (if/when/where). Uses HIGH-RISK transformation rule. Requires external review.","MEDIUM"
"3","3.104-7(a)(1)(i)","P_3_104_7_a_1_i","If that individual agrees with the ""no impact"" assessment, the contracting officer may continue with the procurement.","P_3_104_7_a_1_i: If that individual agrees with the ""no impact"" assessment, the contracting officer may continue with the procurement.","(P_3_104_7_a_1_i v ~P_3_104_7_a_1_i)","None","Tautology (Taut): Rule 18","VALIDATED","PASS","PASS","Permissive 'may' creates discretionary authority. Tautology represents unrestricted choice. Contains conditional trigger pattern (if/when/where).","MEDIUM"
"3","3.104-7(a)(1)(ii)","P_3_104_7_a_1_ii","If that individual disagrees, that person must promptly forward all information to the HCA and advise the contracting officer to withhold award.","P_3_104_7_a_1_ii: If that individual disagrees, that person must promptly forward all information to the HCA and advise the contracting officer to withhold award.","P_3_104_7_a_1_ii","None","Material Implication (Impl): Rule 15 [HIGH-RISK]","PENDING_REVIEW","PASS","PASS","Mandatory requirement using 'shall'/'must'. Contains conditional trigger pattern (if/when/where). Uses HIGH-RISK transformation rule. Requires external review.","MEDIUM"
"3","3.104-7(a)(1)(ii)(2)","P_3_104_7_a_1_ii_2","If the contracting officer determines the violation does impact the procurement, the contracting officer must promptly forward all information to the HCA.","P_3_104_7_a_1_ii_2: If the contracting officer determines the violation does impact the procurement, the contracting officer must promptly forward all information to the HCA.","P_3_104_7_a_1_ii_2","None","Material Implication (Impl): Rule 15 [HIGH-RISK]","PENDING_REVIEW","PASS","PASS","Mandatory requirement using 'shall'/'must'. Contains conditional trigger pattern (if/when/where). Uses HIGH-RISK transformation rule. Requires external review.","MEDIUM"
"3","3.104-7(b)","P_3_104_7_b","The HCA must review all available information and, following agency procedures, take appropriate action, such as-","P_3_104_7_b: The HCA must review all available information and, following agency procedures, take appropriate action, such as-","P_3_104_7_b","None","Direct Statement","VALIDATED","PASS","PASS","Mandatory requirement using 'shall'/'must'.","HIGH"
"3","3.104-7(b)(1)","P_3_104_7_b_1","Advise the contracting officer to continue with the procurement;","P_3_104_7_b_1: Advise the contracting officer to continue with the procurement;","P_3_104_7_b_1","None","Direct Statement","VALIDATED","PASS","PASS","Declarative statement establishing scope, definition, or policy.","HIGH"
"3","3.104-7(b)(2)","P_3_104_7_b_2","Begin an investigation;","P_3_104_7_b_2: Begin an investigation;","P_3_104_7_b_2","None","Direct Statement","VALIDATED","PASS","PASS","Declarative statement establishing scope, definition, or policy.","HIGH"
"3","3.104-7(b)(3)","P_3_104_7_b_3","Refer the information disclosed to appropriate criminal investigative agencies;","P_3_104_7_b_3: Refer the information disclosed to appropriate criminal investigative agencies;","P_3_104_7_b_3","None","Direct Statement","VALIDATED","PASS","PASS","Declarative statement establishing scope, definition, or policy.","HIGH"
"3","3.104-7(b)(4)","P_3_104_7_b_4","Conclude that a violation occurred; or","P_3_104_7_b_4: Conclude that a violation occurred; or","P_3_104_7_b_4","None","Direct Statement","VALIDATED","PASS","PASS","Declarative statement establishing scope, definition, or policy.","HIGH"
"3","3.104-7(b)(5)","P_3_104_7_b_5","Recommend that the agency head determine that the contractor, or someone acting for the contractor, has engaged in conduct constituting an offense punishable under 41 U.S.C. 2105, for the purpose of voiding or rescinding the contract.","P_3_104_7_b_5: Recommend that the agency head determine that the contractor, or someone acting for the contractor, has engaged in conduct constituting an offense punishable under 41 U.S.C. 2105, for the purpose of voiding or rescinding the contract.","P_3_104_7_b_5","None","Direct Statement","VALIDATED","PASS","PASS","Declarative statement establishing scope, definition, or policy.","HIGH"
"3","3.104-7(c)","P_3_104_7_c","Before concluding that an offeror, contractor, or person has violated 41 U.S.C. chapter 21, the HCA may request information from appropriate parties regarding the violation or possible violation.","P_3_104_7_c: Before concluding that an offeror, contractor, or person has violated 41 U.S.C. chapter 21, the HCA may request information from appropriate parties regarding the violation or possible violation.","(P_3_104_7_c v ~P_3_104_7_c)","None","Tautology (Taut): Rule 18","VALIDATED","PASS","PASS","Permissive 'may' creates discretionary authority. Tautology represents unrestricted choice.","MEDIUM"
"3","3.104-7(d)","P_3_104_7_d","If the HCA concludes that 41 U.S.C. chapter 21 has been violated, the HCA may direct the contracting officer to—","P_3_104_7_d: If the HCA concludes that 41 U.S.C. chapter 21 has been violated, the HCA may direct the contracting officer to—","(P_3_104_7_d v ~P_3_104_7_d)","None","Tautology (Taut): Rule 18","VALIDATED","PASS","PASS","Permissive 'may' creates discretionary authority. Tautology represents unrestricted choice. Contains conditional trigger pattern (if/when/where).","MEDIUM"
"3","3.104-7(d)(1)","P_3_104_7_d_1","If a contract has not been awarded—","P_3_104_7_d_1: If a contract has not been awarded—","P_3_104_7_d_1","None","Material Implication (Impl): Rule 15 [HIGH-RISK]","PENDING_REVIEW","PASS","PASS","Declarative statement establishing scope, definition, or policy. Contains conditional trigger pattern (if/when/where). Uses HIGH-RISK transformation rule. Requires external review.","MEDIUM"
"3","3.104-7(d)(1)(i)","P_3_104_7_d_1_i","Cancel the procurement;","P_3_104_7_d_1_i: Cancel the procurement;","P_3_104_7_d_1_i","None","Direct Statement","VALIDATED","PASS","PASS","Declarative statement establishing scope, definition, or policy.","HIGH"
"3","3.104-7(d)(1)(ii)","P_3_104_7_d_1_ii","Disqualify an offeror; or","P_3_104_7_d_1_ii: Disqualify an offeror; or","P_3_104_7_d_1_ii","None","Direct Statement","VALIDATED","PASS","PASS","Declarative statement establishing scope, definition, or policy.","HIGH"
"3","3.104-7(d)(1)(ii)(A)","P_3_104_7_d_1_ii_A","The contractor or someone acting for the contractor has been convicted for an offense where the conduct constitutes a violation of 41 U.S.C. 2102 for the purpose of either- (","P_3_104_7_d_1_ii_A: The contractor or someone acting for the contractor has been convicted for an offense where the conduct constitutes a violation of 41 U.S.C. 2102 for the purpose of either- (","P_3_104_7_d_1_ii_A","None","Material Implication (Impl): Rule 15 [HIGH-RISK]","PENDING_REVIEW","PASS","PASS","Declarative statement establishing scope, definition, or policy. Contains conditional trigger pattern (if/when/where). Uses HIGH-RISK transformation rule. Requires external review.","MEDIUM"
"3","3.104-7(d)(1)(ii)(A)(1)","P_3_3_104_7_def_3407","Exchanging the information for anything of value; or (","P_3_104_7_d_1_ii_A_1_a: Exchanging the information for anything of value; P_3_104_7_d_1_ii_A_1_b: (","P_3_104_7_d_1_ii_A_1_a v P_3_104_7_d_1_ii_A_1_b","None","Disjunction (Disj): Rule 8","VALIDATED","PASS","PASS","Declarative statement establishing scope, definition, or policy. Note: Nested definition item, original ref: 3.104-7(d)(1)(ii)(A)(1).","HIGH"
"3","3.104-7(d)(1)(ii)(A)(1)(2)","P_3_3_104_7_def_2702","Obtaining or giving anyone a competitive advantage in the award of a Federal agency procurement contract; or","P_3_104_7_d_1_ii_A_1_2: Obtaining or giving anyone a competitive advantage in the award of a Federal agency procurement contract; or","P_3_104_7_d_1_ii_A_1_2","None","Direct Statement","VALIDATED","PASS","PASS","Declarative statement establishing scope, definition, or policy. Note: Nested definition item, original ref: 3.104-7(d)(1)(ii)(A)(1)(2).","HIGH"
"3","3.104-7(d)(1)(ii)(A)(1)(2)(iii)","P_3_3_104_7_def_6784","Take any other appropriate actions in the best interests of the Government.","P_3_104_7_d_1_ii_A_1_2_iii: Take any other appropriate actions in the best interests of the Government.","P_3_104_7_d_1_ii_A_1_2_iii","None","Direct Statement","VALIDATED","PASS","PASS","Declarative statement establishing scope, definition, or policy. Note: Nested definition item, original ref: 3.104-7(d)(1)(ii)(A)(1)(2)(iii).","HIGH"
"3","3.104-7(d)(1)(ii)(A)(1)(2)(iii)(3)","P_3_3_104_7_def_2478","Refer the matter to the agency suspending and debarring official.","P_3_104_7_d_1_ii_A_1_2_iii_3: Refer the matter to the agency suspending and debarring official.","P_3_104_7_d_1_ii_A_1_2_iii_3","None","Direct Statement","VALIDATED","PASS","PASS","Declarative statement establishing scope, definition, or policy. Note: Nested definition item, original ref: 3.104-7(d)(1)(ii)(A)(1)(2)(iii)(3).","HIGH"
"3","3.104-7(d)(1)(ii)(A)(1)(2)(B)","P_3_3_104_7_def_262","The agency head has determined, based upon a preponderance of the evidence, that the contractor or someone acting for the contractor has engaged in conduct constituting an offense punishable under 41 U.S.C. 2105(a); or","P_3_104_7_d_1_ii_A_1_2_B: The agency head has determined, based upon a preponderance of the evidence, that the contractor or someone acting for the contractor has engaged in conduct constituting an offense punishable under 41 U.S.C. 2105(a); or","P_3_104_7_d_1_ii_A_1_2_B","None","Direct Statement","VALIDATED","PASS","PASS","Declarative statement establishing scope, definition, or policy. Note: Nested definition item, original ref: 3.104-7(d)(1)(ii)(A)(1)(2)(B).","HIGH"
"3","3.104-7(d)(1)(iii)","P_3_104_7_d_1_iii","Take other appropriate actions to protect Government interests.","P_3_104_7_d_1_iii: Take other appropriate actions to protect Government interests.","P_3_104_7_d_1_iii","None","Direct Statement","VALIDATED","PASS","PASS","Declarative statement establishing scope, definition, or policy.","HIGH"
"3","3.104-7(d)(1)(iii)(2)","P_3_104_7_d_1_iii_2","If a contract has been awarded— (i) Apply appropriate contractual remedies, including profit recapture under the clause at 52.203-10 (Price or Fee Adjustment for Illegal or Improper Activity), or, if the contract has been rescinded under paragraph (d)(2)(ii) of this subsection, recovery of the amount expended under the contract. (ii) Void or rescind the contract when:","P_3_104_7_d_1_iii_2_cond: A contract has been awarded; P_3_104_7_d_1_iii_2_i: Apply appropriate contractual remedies, including profit recapture under 52.203-10, or recovery of the amount expended if contract rescinded under paragraph (d)(2)(ii); P_3_104_7_d_1_iii_2_ii: Void or rescind the contract when conditions are met.","P_3_104_7_d_1_iii_2_cond -> (P_3_104_7_d_1_iii_2_i v P_3_104_7_d_1_iii_2_ii)","P_3_104_7_d; P_3_104_7_d_1_ii_A","Material Implication (Impl): Rule 15 [HIGH-RISK]; Disjunction (Disj): Rule 8","PENDING_REVIEW","PASS","PASS","Conditional: if contract has been awarded, then HCA may direct remedies. Disjunctive options: apply contractual remedies or void/rescind. Contains conditional trigger pattern (if/when/where). Uses HIGH-RISK transformation rule. Requires external review.","MEDIUM"
"3","3.104-7(e)","P_3_104_7_e","The HCA should recommend or direct an administrative or contractual remedy that matches the severity and effect of the violation.","P_3_104_7_e: The HCA should recommend or direct an administrative or contractual remedy that matches the severity and effect of the violation.","P_3_104_7_e","None","Advisory (non-binding)","PENDING_REVIEW","PASS","PASS","Advisory 'should' indicates recommended practice, not mandatory. Non-binding guidance.","MEDIUM"
"3","3.104-7(f)","P_3_104_7_f","If the HCA determines that urgent and compelling circumstances justify an award, or award is otherwise in the interests of the Government, the HCA, in accordance with agency procedures, may authorize the contracting officer to award the contract or execute the contract modification after notifying the agency head.","P_3_104_7_f: If the HCA determines that urgent and compelling circumstances justify an award, or award is otherwise in the interests of the Government, the HCA, in accordance with agency procedures, may authorize the contracting officer to award the contract or execute the contract modification after notifying the agency head.","(P_3_104_7_f v ~P_3_104_7_f)","None","Tautology (Taut): Rule 18","VALIDATED","PASS","PASS","Permissive 'may' creates discretionary authority. Tautology represents unrestricted choice. Contains conditional trigger pattern (if/when/where).","MEDIUM"
"3","3.104-7(g)","P_3_104_7_g","The HCA may delegate authority under this subsection to an individual at least one organizational level above the contracting officer and of General Officer, Flag, Senior Executive Service, or equivalent rank.","P_3_104_7_g: The HCA may delegate authority under this subsection to an individual at least one organizational level above the contracting officer and of General Officer, Flag, Senior Executive Service, or equivalent rank.","(P_3_104_7_g v ~P_3_104_7_g)","None","Tautology (Taut): Rule 18","VALIDATED","PASS","PASS","Permissive 'may' creates discretionary authority. Tautology represents unrestricted choice.","MEDIUM"
"3","3.104-8","P_3_104_8","Criminal and civil penalties, and further administrative remedies. Criminal penalties, civil penalties, and administrative remedies may apply to conduct that violates procurement integrity laws in 41 U.S.C. chapter 21 (see 3.104-3). For a special rule about bid protests see 41 U.S.C. 2106. For administrative remedies related to contracts, see 3.104-7.","P_3_104_8_a: Criminal and civil penalties; P_3_104_8_b: further administrative remedies. Criminal penalties, civil penalties; P_3_104_8_c: administrative remedies may apply to conduct that violates procurement integrity laws in 41 U.S.C. chapter 21 (see 3.104-3). For a special rule about bid protests see 41 U.S.C. 2106. For administrative remedies related to contracts, see 3.104-7.","P_3_104_8_a -> (P_3_104_8_b ^ P_3_104_8_c v ~(P_3_104_8_b ^ P_3_104_8_c))","P_3_104_3; P_3_104_7","Material Implication (Impl): Rule 15 [HIGH-RISK]; Tautology (Taut): Rule 18","PENDING_REVIEW","PASS","PASS","Permissive 'may' creates discretionary authority. Tautology represents unrestricted choice. Uses HIGH-RISK transformation rule. Requires external review.","MEDIUM"
"3","3.104-8(a)","P_3_104_8_a","An official who knowingly fails to follow the requirements of 3.104-3 is subject to penalties and administrative action described in 41 U.S.C. 2105.","P_3_104_8_a: An official who knowingly fails to follow the requirements of 3.104-3 is subject to penalties and administrative action described in 41 U.S.C. 2105.","P_3_104_8_a","P_3_104_3","Material Implication (Impl): Rule 15 [HIGH-RISK]","PENDING_REVIEW","PASS","PASS","Declarative statement establishing scope, definition, or policy. Contains conditional trigger pattern (if/when/where). Uses HIGH-RISK transformation rule. Requires external review.","MEDIUM"
"3","3.104-8(b)","P_3_104_8_b","An offeror who engages in employment discussion with an official subject to the restrictions of part 3, knowing that the official has not complied with part 3, is subject to the criminal, civil, or administrative penalties set forth in 41 U.S.C. 2105.","P_3_104_8_b: An offeror who engages in employment discussion with an official subject to the restrictions of part 3, knowing that the official has not complied with part 3, is subject to the criminal, civil, or administrative penalties set forth in 41 U.S.C. 2105.","P_3_104_8_b","Part_3","Material Implication (Impl): Rule 15 [HIGH-RISK]","PENDING_REVIEW","PASS","PASS","Declarative statement establishing scope, definition, or policy. Contains conditional trigger pattern (if/when/where). Uses HIGH-RISK transformation rule. Requires external review. External dependencies: Part_3.","MEDIUM"
"3","3.104-8(c)","P_3_104_8_c","An official who refuses to terminate employment discussions (see 3.104-5) may be subject to agency administrative actions under 5 CFR 2635.604(d) if the official's disqualification from participation in a particular procurement interferes substantially with the individual's ability to perform assigned duties.","P_3_104_8_c: An official who refuses to terminate employment discussions (see 3.104-5) may be subject to agency administrative actions under 5 CFR 2635.604(d) if the official's disqualification from participation in a particular procurement interferes substantially with the individual's ability to perform assigned duties.","(P_3_104_8_c v ~P_3_104_8_c)","P_3_104_5; P_3_35.604_d","Tautology (Taut): Rule 18","VALIDATED","PASS","PASS","Permissive 'may' creates discretionary authority. Tautology represents unrestricted choice. Contains conditional trigger pattern (if/when/where).","MEDIUM"
"3","3.104-9","P_3_104_9","Contract clauses. In solicitations and contracts that exceed the simplified acquisition threshold, other than those for commercial products or commercial services, insert the clauses at—","P_3_104_9: Contract clauses. In solicitations and contracts that exceed the simplified acquisition threshold, other than those for commercial products or commercial services, insert the clauses at—","P_3_104_9","None","Direct Statement","VALIDATED","PASS","PASS","Declarative statement establishing scope, definition, or policy.","HIGH"
"3","3.104-9(a)","P_3_104_9_a","52.203-8, Cancellation, Rescission, and Recovery of Funds for Illegal or Improper Activity; and","P_3_104_9_a_a: 52.203-8, Cancellation, Rescission; P_3_104_9_a_b: Recovery of Funds for Illegal or Improper Activity; and","P_3_104_9_a_a ^ P_3_104_9_a_b","P_3_.203_8","Conjunction (Conj): Rule 7","VALIDATED","PASS","PASS","Declarative statement establishing scope, definition, or policy.","HIGH"
"3","3.104-9(b)","P_3_104_9_b","52.203-10, Price or Fee Adjustment for Illegal or Improper Activity. - Contractor Gratuities to Government Personnel","P_3_104_9_b: 52.203-10, Price or Fee Adjustment for Illegal or Improper Activity. - Contractor Gratuities to Government Personnel","P_3_104_9_b","P_3_.203_10","Direct Statement","VALIDATED","PASS","PASS","Declarative statement establishing scope, definition, or policy.","HIGH"
"3","3.201","P_3_201","Applicability. This subpart applies to all executive agencies, except that coverage concerning exemplary damages applies only to the Department of Defense (10 U.S.C. 4651).","P_3_201: Applicability. This subpart applies to all executive agencies, except that coverage concerning exemplary damages applies only to the Department of Defense (10 U.S.C. 4651).","P_3_201","None","Direct Statement","VALIDATED","PASS","PASS","Declarative statement establishing scope, definition, or policy.","HIGH"
"3","3.202","P_3_202","Contract clause. The contracting officer must insert the clause at 52.203-3, Gratuities, in solicitations and contracts with a value exceeding the simplified acquisition threshold, except those for personal services and those between military departments or defense agencies and foreign governments that do not obligate any funds appropriated to the Department of Defense.","P_3_202: Contract clause. The contracting officer must insert the clause at 52.203-3, Gratuities, in solicitations and contracts with a value exceeding the simplified acquisition threshold, except those for personal services and those between military departments or defense agencies and foreign governments that do not obligate any funds appropriated to the Department of Defense.","P_3_202","P_3_.203_3","Direct Statement","VALIDATED","PASS","PASS","Mandatory requirement using 'shall'/'must'.","HIGH"
"3","3.203","P_3_203","Reporting suspected violations of the Gratuities clause. Agency personnel must report suspected violations of the Gratuities clause to the contracting officer or other designated official in accordance with agency procedures. The agency reporting procedures must be published as an implementation of this section and must clearly specify—","P_3_203: Reporting suspected violations of the Gratuities clause. Agency personnel must report suspected violations of the Gratuities clause to the contracting officer or other designated official in accordance with agency procedures. The agency reporting procedures must be published as an implementation of this section and must clearly specify—","P_3_203","None","Direct Statement","VALIDATED","PASS","PASS","Mandatory requirement using 'shall'/'must'.","HIGH"
"3","3.203(a)","P_3_203_a","What to report and how to report it; and","P_3_203_a: What to report and how to report it; and","P_3_203_a","None","Direct Statement","VALIDATED","PASS","PASS","Declarative statement establishing scope, definition, or policy.","HIGH"
"3","3.203(b)","P_3_203_b","The channels through which reports must pass, including the function and authority of each official designated to review them.","P_3_203_b: The channels through which reports must pass, including the function and authority of each official designated to review them.","P_3_203_b","None","Direct Statement","VALIDATED","PASS","PASS","Mandatory requirement using 'shall'/'must'.","HIGH"
"3","3.204","P_3_204","Treatment of violations.","P_3_204: Treatment of violations.","P_3_204","None","Direct Statement","VALIDATED","PASS","PASS","Declarative statement establishing scope, definition, or policy.","HIGH"
"3","3.204(a)","P_3_204_a","Before taking action against a contractor, the agency head or designee must determine, after notice and hearing under agency procedures, whether the contractor, its agent, or representative, under a contract containing the Gratuities clause:","P_3_204_a: Before taking action against a contractor, the agency head or designee must determine, after notice and hearing under agency procedures, whether the contractor, its agent, or representative, under a contract containing the Gratuities clause:","P_3_204_a","None","Direct Statement","VALIDATED","PASS","PASS","Mandatory requirement using 'shall'/'must'.","HIGH"
"3","3.204(a)(1)","P_3_204_a_1","Offered or gave a gratuity (such as entertainment or a gift) to a Government officer, official, or employee; and","P_3_204_a_1: Offered or gave a gratuity (such as entertainment or a gift) to a Government officer, official, or employee; and","P_3_204_a_1","None","Direct Statement","VALIDATED","PASS","PASS","Declarative statement establishing scope, definition, or policy.","HIGH"
"3","3.204(a)(2)","P_3_204_a_2","Intended to use this gratuity to obtain a contract or favorable treatment under a contract (this intent typically must be inferred from circumstances).","P_3_204_a_2: Intended to use this gratuity to obtain a contract or favorable treatment under a contract (this intent typically must be inferred from circumstances).","P_3_204_a_2","None","Direct Statement","VALIDATED","PASS","PASS","Mandatory requirement using 'shall'/'must'.","HIGH"
"3","3.204(b)","P_3_204_b","Agency procedures must give the contractor an opportunity to appear with counsel, submit documentary evidence, present witnesses, and confront any person the agency presents. The procedures should be as informal as practicable, while maintaining principles of fundamental fairness.","P_3_204_b_a: Agency procedures must give the contractor an opportunity to appear with counsel, submit documentary evidence, present witnesses; P_3_204_b_b: confront any person the agency presents. The procedures should be as informal as practicable, while maintaining principles of fundamental fairness.","P_3_204_b_a ^ P_3_204_b_b","None","Conjunction (Conj): Rule 7","VALIDATED","PASS","PASS","Mandatory requirement using 'shall'/'must'.","HIGH"
"3","3.204(c)","P_3_204_c","When the agency head or designee determines that a violation has occurred, the Government may—","P_3_204_c: When the agency head or designee determines that a violation has occurred, the Government may—","P_3_204_c","None","Material Implication (Impl): Rule 15 [HIGH-RISK]","PENDING_REVIEW","PASS","PASS","Declarative statement establishing scope, definition, or policy. Contains conditional trigger pattern (if/when/where). Uses HIGH-RISK transformation rule. Requires external review.","MEDIUM"
"3","3.204(c)(1)","P_3_204_c_1","Terminate the contractor's right to proceed;","P_3_204_c_1: Terminate the contractor's right to proceed;","P_3_204_c_1","None","Direct Statement","VALIDATED","PASS","PASS","Declarative statement establishing scope, definition, or policy.","HIGH"
"3","3.204(c)(2)","P_3_204_c_2","Initiate debarment or suspension measures described in part 9; and","P_3_204_c_2: Initiate debarment or suspension measures described in part 9; and","P_3_204_c_2","Part_9","Direct Statement","VALIDATED","PASS","PASS","Declarative statement establishing scope, definition, or policy. External dependencies: Part_9.","HIGH"
"3","3.204(c)(3)","P_3_204_c_3","Assess exemplary damages, if the contract uses money appropriated to the Department of Defense. - Reports of Suspected Antitrust Violations","P_3_204_c_3: Assess exemplary damages, if the contract uses money appropriated to the Department of Defense. - Reports of Suspected Antitrust Violations","P_3_204_c_3","None","Material Implication (Impl): Rule 15 [HIGH-RISK]","PENDING_REVIEW","PASS","PASS","Declarative statement establishing scope, definition, or policy. Contains conditional trigger pattern (if/when/where). Uses HIGH-RISK transformation rule. Requires external review.","MEDIUM"
"3","3.302","P_3_302","Definitions. As used in this subpart- Identical bids means bids for the same line item that are determined to be identical as to unit price or total line item amount, with or without the application of evaluation factors (e.g., discount or transportation cost).","P_3_302: Definitions. As used in this subpart- Identical bids means bids for the same line item that are determined to be identical as to unit price or total line item amount, with or without the application of evaluation factors (e.g., discount or transportation cost).","P_3_302","None","Direct Statement","VALIDATED","PASS","PASS","Declarative statement establishing scope, definition, or policy.","HIGH"
"3","3.303","P_3_303","Reporting suspected antitrust violations.","P_3_303: Reporting suspected antitrust violations.","P_3_303","None","Direct Statement","VALIDATED","PASS","PASS","Declarative statement establishing scope, definition, or policy.","HIGH"
"3","3.303(a)","P_3_303_a","Agencies are required by 41 U.S.C. 3707 and 10 U.S.C. 3307 to report to the Attorney General any bids or proposals that evidence a violation of the antitrust laws. These reports are in addition to those required by part 9.","P_3_303_a: Agencies are required by 41 U.S.C. 3707 and 10 U.S.C. 3307 to report to the Attorney General any bids or proposals that evidence a violation of the antitrust laws. These reports are in addition to those required by part 9.","P_3_303_a","Part_9","Direct Statement","VALIDATED","PASS","PASS","Declarative statement establishing scope, definition, or policy. External dependencies: Part_9.","HIGH"
"3","3.303(b)","P_3_303_b","The antitrust laws are intended to ensure that markets operate competitively. Any agreement or mutual understanding among competing firms that restrains the natural operation of market forces is suspect. Paragraph (c) of this section identifies behavior patterns that are often associated with antitrust violations. Activities meeting the descriptions in paragraph (c) are not necessarily improper, but they are sufficiently questionable to warrant notifying the appropriate authorities, in accordance with agency procedures.","P_3_303_b: The antitrust laws are intended to ensure that markets operate competitively. Any agreement or mutual understanding among competing firms that restrains the natural operation of market forces is suspect. Paragraph (c) of this section identifies behavior patterns that are often associated with antitrust violations. Activities meeting the descriptions in paragraph (c) are not necessarily improper, but they are sufficiently questionable to warrant notifying the appropriate authorities, in accordance with agency procedures.","P_3_303_b","None","Direct Statement","VALIDATED","PASS","PASS","Declarative statement establishing scope, definition, or policy.","HIGH"
"3","3.303(c)","P_3_303_c","Practices or events that may show violations of antitrust laws include-","P_3_303_c: Practices or events that may show violations of antitrust laws include-","(P_3_303_c v ~P_3_303_c)","None","Tautology (Taut): Rule 18","VALIDATED","PASS","PASS","Permissive 'may' creates discretionary authority. Tautology represents unrestricted choice.","MEDIUM"
"3","3.303(c)(1)","P_3_303_c_1","The existence of an industry price list or price agreement to which contractors refer in formulating their offers;","P_3_303_c_1: The existence of an industry price list or price agreement to which contractors refer in formulating their offers;","P_3_303_c_1","None","Direct Statement","VALIDATED","PASS","PASS","Declarative statement establishing scope, definition, or policy.","HIGH"
"3","3.303(c)(2)","P_3_303_c_2","A sudden change from competitive bidding to identical bidding;","P_3_303_c_2: A sudden change from competitive bidding to identical bidding;","P_3_303_c_2","None","Direct Statement","VALIDATED","PASS","PASS","Declarative statement establishing scope, definition, or policy.","HIGH"
"3","3.303(c)(3)","P_3_303_c_3","Simultaneous price increases or follow-the-leader pricing;","P_3_303_c_3: Simultaneous price increases or follow-the-leader pricing;","P_3_303_c_3","None","Direct Statement","VALIDATED","PASS","PASS","Declarative statement establishing scope, definition, or policy.","HIGH"
"3","3.303(c)(4)","P_3_303_c_4","Rotation of bids or proposals where each competitor takes turns being the low bidder, or where certain competitors bid low only on some sizes of contracts and high on other sizes;","P_3_303_c_4: Rotation of bids or proposals where each competitor takes turns being the low bidder, or where certain competitors bid low only on some sizes of contracts and high on other sizes;","P_3_303_c_4","None","Material Implication (Impl): Rule 15 [HIGH-RISK]","PENDING_REVIEW","PASS","PASS","Declarative statement establishing scope, definition, or policy. Contains conditional trigger pattern (if/when/where). Uses HIGH-RISK transformation rule. Requires external review.","MEDIUM"
"3","3.303(c)(5)","P_3_303_c_5","Division of the market, so that certain competitors bid low only for contracts awarded by certain agencies, or for contracts in certain geographical areas, or on certain products, and bid high on all other jobs;","P_3_303_c_5_a: Division of the market, so that certain competitors bid low only for contracts awarded by certain agencies, or for contracts in certain geographical areas, or on certain products; P_3_303_c_5_b: bid high on all other jobs;","P_3_303_c_5_a ^ P_3_303_c_5_b","None","Conjunction (Conj): Rule 7","VALIDATED","PASS","PASS","Declarative statement establishing scope, definition, or policy.","HIGH"
"3","3.303(c)(6)","P_3_303_c_6","Establishment by competitors of a collusive price estimating system;","P_3_303_c_6: Establishment by competitors of a collusive price estimating system;","P_3_303_c_6","None","Direct Statement","VALIDATED","PASS","PASS","Declarative statement establishing scope, definition, or policy.","HIGH"
"3","3.303(c)(7)","P_3_303_c_7","The filing of a joint bid by two or more competitors when at least one of the competitors has sufficient technical capability and productive capacity for contract performance;","P_3_303_c_7: The filing of a joint bid by two or more competitors when at least one of the competitors has sufficient technical capability and productive capacity for contract performance;","P_3_303_c_7","None","Material Implication (Impl): Rule 15 [HIGH-RISK]","PENDING_REVIEW","PASS","PASS","Declarative statement establishing scope, definition, or policy. Contains conditional trigger pattern (if/when/where). Uses HIGH-RISK transformation rule. Requires external review.","MEDIUM"
"3","3.303(c)(8)","P_3_303_c_8","Any incidents suggesting direct collusion among competitors, such as the appearance of identical calculation or spelling errors in two or more competitive offers or the submission by one firm of offers for other firms; and","P_3_303_c_8: Any incidents suggesting direct collusion among competitors, such as the appearance of identical calculation or spelling errors in two or more competitive offers or the submission by one firm of offers for other firms; and","P_3_303_c_8","None","Direct Statement","VALIDATED","PASS","PASS","Declarative statement establishing scope, definition, or policy.","HIGH"
"3","3.303(c)(9)","P_3_303_c_9","Statements by current employees, former employees, or competitors that an agreement to restrain trade exists.","P_3_303_c_9: Statements by current employees, former employees, or competitors that an agreement to restrain trade exists.","P_3_303_c_9","None","Direct Statement","VALIDATED","PASS","PASS","Declarative statement establishing scope, definition, or policy.","HIGH"
"3","3.303(d)","P_3_303_d","Contracting officers must report identical bids when the agency has reason to believe the bids resulted from collusion.","P_3_303_d: Contracting officers must report identical bids when the agency has reason to believe the bids resulted from collusion.","P_3_303_d","None","Material Implication (Impl): Rule 15 [HIGH-RISK]","PENDING_REVIEW","PASS","PASS","Mandatory requirement using 'shall'/'must'. Contains conditional trigger pattern (if/when/where). Uses HIGH-RISK transformation rule. Requires external review.","MEDIUM"
"3","3.303(e)","P_3_303_e","For offers from foreign contractors on contracts to be performed outside the United States and its outlying areas, contracting officers may refer suspected collusive offers to the relevant foreign government authorities for appropriate action.","P_3_303_e: For offers from foreign contractors on contracts to be performed outside the United States and its outlying areas, contracting officers may refer suspected collusive offers to the relevant foreign government authorities for appropriate action.","(P_3_303_e v ~P_3_303_e)","None","Tautology (Taut): Rule 18","VALIDATED","PASS","PASS","Permissive 'may' creates discretionary authority. Tautology represents unrestricted choice.","MEDIUM"
"3","3.303(f)","P_3_303_f","Agency reports must be addressed to the Attorney General, U.S. Department of Justice, Washington, DC 20530, Attention: Assistant Attorney General, Antitrust Division, and must include—","P_3_303_f: Agency reports must be addressed to the Attorney General, U.S. Department of Justice, Washington, DC 20530, Attention: Assistant Attorney General, Antitrust Division, and must include—","P_3_303_f","None","Direct Statement","VALIDATED","PASS","PASS","Mandatory requirement using 'shall'/'must'.","HIGH"
"3","3.303(f)(1)","P_3_303_f_1","A brief statement describing the suspected practice and the reason for the suspicion; and","P_3_303_f_1: A brief statement describing the suspected practice and the reason for the suspicion; and","P_3_303_f_1","None","Direct Statement","VALIDATED","PASS","PASS","Declarative statement establishing scope, definition, or policy.","HIGH"
"3","3.303(f)(2)","P_3_303_f_2","The name, address, and telephone number of an individual in the agency who can be contacted for further information. - Contingent Fees","P_3_303_f_2: The name, address, and telephone number of an individual in the agency who can be contacted for further information. - Contingent Fees","P_3_303_f_2","None","Direct Statement","VALIDATED","PASS","PASS","Declarative statement establishing scope, definition, or policy.","HIGH"
"3","3.400","P_3_400","Scope of subpart. This subpart prescribes policies and procedures that restrict contingent fee arrangements for soliciting or obtaining Government contracts to those permitted by 10 U.S.C. 3321(b)(1) and 41 U.S.C. 3901.","P_3_400: Scope of subpart. This subpart prescribes policies and procedures that restrict contingent fee arrangements for soliciting or obtaining Government contracts to those permitted by 10 U.S.C. 3321(b)(1) and 41 U.S.C. 3901.","P_3_400","None","Direct Statement","VALIDATED","PASS","PASS","Declarative statement establishing scope, definition, or policy.","HIGH"
"3","3.401","P_3_401","Definitions. As used in this subpart- Bona fide agency , means an established commercial or selling agency, maintained by a contractor for the purpose of securing business, that neither exerts nor proposes to exert improper influence to solicit or obtain Government contracts nor holds itself out as being able to obtain any Government contract or contracts through improper influence. Bona fide employee , means a person, employed by a contractor and subject to the contractor's supervision and control as to time, place, and manner of performance, who neither exerts nor proposes to exert improper influence to solicit or obtain Government contracts nor holds out as being able to obtain any Government contract or contracts through improper influence. Contingent fee , means any commission, percentage, brokerage, or other fee that is contingent upon the success that a person or concern has in securing a Government contract. Improper influence , means any influence that induces or tends to induce a Government employee or officer to give consideration or to act regarding a Government contract on any basis other than the merits of the matter.","P_3_401_a: Definitions. As used in this subpart- Bona fide agency , means an established commercial or selling agency, maintained by a contractor for the purpose of securing business, that neither exerts nor proposes to exert improper influence to solicit or obtain Government contracts nor holds itself out as being able to obtain any Government contract or contracts through improper influence. Bona fide employee , means a person, employed by a contractor and subject to the contractor's supervision and control as to time, place; P_3_401_b: manner of performance, who neither exerts nor proposes to exert improper influence to solicit or obtain Government contracts nor holds out as being able to obtain any Government contract or contracts through improper influence. Contingent fee , means any commission, percentage, brokerage, or other fee that is contingent upon the success that a person or concern has in securing a Government contract. Improper influence , means any influence that induces or tends to induce a Government employee or officer to give consideration or to act regarding a Government contract on any basis other than the merits of the matter.","P_3_401_a -> P_3_401_b","None","Material Implication (Impl): Rule 15 [HIGH-RISK]","PENDING_REVIEW","PASS","PASS","Declarative statement establishing scope, definition, or policy. Contains conditional trigger pattern (if/when/where). Uses HIGH-RISK transformation rule. Requires external review.","MEDIUM"
"3","3.402","P_3_402","Statutory requirements. Contractors' arrangements to pay contingent fees for soliciting or obtaining Government contracts have long been considered contrary to public policy because such arrangements may lead to attempted or actual improper influence. In 10 U.S.C. 3321(b) and 41 U.S.C. 3901, Congress affirmed this public policy but permitted certain exceptions. These statutes—","P_3_402: Statutory requirements. Contractors' arrangements to pay contingent fees for soliciting or obtaining Government contracts have long been considered contrary to public policy because such arrangements may lead to attempted or actual improper influence. In 10 U.S.C. 3321(b) and 41 U.S.C. 3901, Congress affirmed this public policy but permitted certain exceptions. These statutes—","(P_3_402 v ~P_3_402)","None","Tautology (Taut): Rule 18","VALIDATED","PASS","PASS","Permissive 'may' creates discretionary authority. Tautology represents unrestricted choice.","MEDIUM"
"3","3.402(a)","P_3_402_a","Require every negotiated contract to include a warranty by the contractor against contingent fees;","P_3_402_a: Require every negotiated contract to include a warranty by the contractor against contingent fees;","P_3_402_a","None","Direct Statement","VALIDATED","PASS","PASS","Declarative statement establishing scope, definition, or policy.","HIGH"
"3","3.402(b)","P_3_402_b","Permit, as an exception to the warranty, contingent fee arrangements between contractors and bona fide employees or bona fide agencies; and","P_3_402_b: Permit, as an exception to the warranty, contingent fee arrangements between contractors and bona fide employees or bona fide agencies; and","P_3_402_b","None","Direct Statement","VALIDATED","PASS","PASS","Declarative statement establishing scope, definition, or policy.","HIGH"
"3","3.402(c)","P_3_402_c","Provide that if a contractor breaches or violates this warranty, the Government may annul the contract without liability or deduct from the contract price or consideration, or otherwise recover, the full amount of the contingent fee.","P_3_402_c: Provide that if a contractor breaches or violates this warranty, the Government may annul the contract without liability or deduct from the contract price or consideration, or otherwise recover, the full amount of the contingent fee.","(P_3_402_c v ~P_3_402_c)","None","Tautology (Taut): Rule 18","VALIDATED","PASS","PASS","Permissive 'may' creates discretionary authority. Tautology represents unrestricted choice. Contains conditional trigger pattern (if/when/where).","MEDIUM"
"3","3.403","P_3_403","Applicability. This subpart applies to all contracts. Statutory requirements for negotiated contracts are, as a matter of policy, extended to sealed bid contracts.","P_3_403: Applicability. This subpart applies to all contracts. Statutory requirements for negotiated contracts are, as a matter of policy, extended to sealed bid contracts.","P_3_403","None","Direct Statement","VALIDATED","PASS","PASS","Declarative statement establishing scope, definition, or policy.","HIGH"
"3","3.404","P_3_404","Contract clause. The contracting officer must insert the clause at 52.203-5, Covenant Against Contingent Fees, in all solicitations and contracts exceeding the simplified acquisition threshold, other than those for commercial products or commercial services (see parts 2 and 12).","P_3_404: Contract clause. The contracting officer must insert the clause at 52.203-5, Covenant Against Contingent Fees, in all solicitations and contracts exceeding the simplified acquisition threshold, other than those for commercial products or commercial services (see parts 2 and 12).","P_3_404","P_3_.203_5","Direct Statement","VALIDATED","PASS","PASS","Mandatory requirement using 'shall'/'must'.","HIGH"
"3","3.405","P_3_405","Misrepresentations or violations of the Covenant Against Contingent Fees.","P_3_405: Misrepresentations or violations of the Covenant Against Contingent Fees.","P_3_405","None","Direct Statement","VALIDATED","PASS","PASS","Declarative statement establishing scope, definition, or policy.","HIGH"
"3","3.405(a)","P_3_405_a","Government personnel who suspect or have evidence of any of the following must report the matter promptly to the contracting officer or appropriate higher authority according to agency procedures:","P_3_405_a: Government personnel who suspect or have evidence of any of the following must report the matter promptly to the contracting officer or appropriate higher authority according to agency procedures:","P_3_405_a","None","Direct Statement","VALIDATED","PASS","PASS","Mandatory requirement using 'shall'/'must'.","HIGH"
"3","3.405(a)(1)","P_3_405_a_1","Attempted or actual exercise of improper influence;","P_3_405_a_1: Attempted or actual exercise of improper influence;","P_3_405_a_1","None","Direct Statement","VALIDATED","PASS","PASS","Declarative statement establishing scope, definition, or policy.","HIGH"
"3","3.405(a)(2)","P_3_405_a_2","Misrepresentation of a contingent fee arrangement; or","P_3_405_a_2: Misrepresentation of a contingent fee arrangement; or","P_3_405_a_2","None","Direct Statement","VALIDATED","PASS","PASS","Declarative statement establishing scope, definition, or policy.","HIGH"
"3","3.405(a)(3)","P_3_405_a_3","Other violations of the Covenant Against Contingent Fees.","P_3_405_a_3: Other violations of the Covenant Against Contingent Fees.","P_3_405_a_3","None","Direct Statement","VALIDATED","PASS","PASS","Declarative statement establishing scope, definition, or policy.","HIGH"
"3","3.405(b)","P_3_405_b","When specific evidence or other reasonable basis exists to suspect one or more violations described in paragraph (a) of this section, the chief of the contracting office must review the facts and, if appropriate, take or direct one or more of the following actions:","P_3_405_b: When specific evidence or other reasonable basis exists to suspect one or more violations described in paragraph (a) of this section, the chief of the contracting office must review the facts and, if appropriate, take or direct one or more of the following actions:","P_3_405_b","None","Material Implication (Impl): Rule 15 [HIGH-RISK]","PENDING_REVIEW","PASS","PASS","Mandatory requirement using 'shall'/'must'. Contains conditional trigger pattern (if/when/where). Uses HIGH-RISK transformation rule. Requires external review.","MEDIUM"
"3","3.405(b)(1)","P_3_405_b_1","If before award, reject the bid or proposal.","P_3_405_b_1: If before award, reject the bid or proposal.","P_3_405_b_1","None","Material Implication (Impl): Rule 15 [HIGH-RISK]","PENDING_REVIEW","PASS","PASS","Declarative statement establishing scope, definition, or policy. Contains conditional trigger pattern (if/when/where). Uses HIGH-RISK transformation rule. Requires external review.","MEDIUM"
"3","3.405(b)(2)","P_3_405_b_2","If after award, enforce the Government's right to annul the contract or to recover the fee.","P_3_405_b_2: If after award, enforce the Government's right to annul the contract or to recover the fee.","P_3_405_b_2","None","Material Implication (Impl): Rule 15 [HIGH-RISK]","PENDING_REVIEW","PASS","PASS","Declarative statement establishing scope, definition, or policy. Contains conditional trigger pattern (if/when/where). Uses HIGH-RISK transformation rule. Requires external review.","MEDIUM"
"3","3.405(b)(3)","P_3_405_b_3","Initiate suspension or debarment action under part 9.","P_3_405_b_3: Initiate suspension or debarment action under part 9.","P_3_405_b_3","Part_9","Direct Statement","VALIDATED","PASS","PASS","Declarative statement establishing scope, definition, or policy. External dependencies: Part_9.","HIGH"
"3","3.405(b)(4)","P_3_405_b_4","Refer suspected fraudulent or criminal matters to the Department of Justice, as prescribed in agency regulations. - Other Improper Business Practices","P_3_405_b_4: Refer suspected fraudulent or criminal matters to the Department of Justice, as prescribed in agency regulations. - Other Improper Business Practices","P_3_405_b_4","None","Direct Statement","VALIDATED","PASS","PASS","Declarative statement establishing scope, definition, or policy.","HIGH"
"3","3.501","P_3_501","Buying-in.","P_3_501: Buying-in.","P_3_501","None","Direct Statement","VALIDATED","PASS","PASS","Declarative statement establishing scope, definition, or policy.","HIGH"
"3","3.501-1","P_3_501_1","Definition. Buying-in , as used in this section, means submitting an offer below anticipated costs, expecting to—","P_3_501_1: Definition. Buying-in , as used in this section, means submitting an offer below anticipated costs, expecting to—","P_3_501_1","None","Direct Statement","VALIDATED","PASS","PASS","Declarative statement establishing scope, definition, or policy.","HIGH"
"3","3.501-1(1)","P_3_501_1_1","Increase the contract amount after award (e.g., through unnecessary or excessively priced change orders); or","P_3_501_1_1: Increase the contract amount after award (e.g., through unnecessary or excessively priced change orders); or","P_3_501_1_1","None","Direct Statement","VALIDATED","PASS","PASS","Declarative statement establishing scope, definition, or policy.","HIGH"
"3","3.501-1(1)(2)","P_3_501_1_1_2","Receive follow-on contracts at artificially high prices to recover losses incurred on the buy-in contract.","P_3_501_1_1_2: Receive follow-on contracts at artificially high prices to recover losses incurred on the buy-in contract.","P_3_501_1_1_2","None","Direct Statement","VALIDATED","PASS","PASS","Declarative statement establishing scope, definition, or policy.","HIGH"
"3","3.501-2","P_3_501_2","General.","P_3_501_2: General.","P_3_501_2","None","Direct Statement","VALIDATED","PASS","PASS","Declarative statement establishing scope, definition, or policy.","HIGH"
"3","3.501-2(a)","P_3_501_2_a","Buying-in may decrease competition or result in poor contract performance. The contracting officer must take appropriate action to ensure buying-in losses are not recovered by the contractor through the pricing of—","P_3_501_2_a: Buying-in may decrease competition or result in poor contract performance. The contracting officer must take appropriate action to ensure buying-in losses are not recovered by the contractor through the pricing of—","P_3_501_2_a","None","Direct Statement","VALIDATED","PASS","PASS","Mandatory requirement using 'shall'/'must'.","HIGH"
"3","3.501-2(a)(1)","P_3_501_2_a_1","Change orders; or","P_3_501_2_a_1: Change orders; or","P_3_501_2_a_1","None","Direct Statement","VALIDATED","PASS","PASS","Declarative statement establishing scope, definition, or policy.","HIGH"
"3","3.501-2(a)(2)","P_3_501_2_a_2","Follow-on contracts subject to cost analysis.","P_3_501_2_a_2: Follow-on contracts subject to cost analysis.","P_3_501_2_a_2","None","Material Implication (Impl): Rule 15 [HIGH-RISK]","PENDING_REVIEW","PASS","PASS","Declarative statement establishing scope, definition, or policy. Contains conditional trigger pattern (if/when/where). Uses HIGH-RISK transformation rule. Requires external review.","MEDIUM"
"3","3.501-2(b)","P_3_501_2_b","The Government should minimize the opportunity for buying-in by seeking a price commitment covering as much of the entire program concerned as is practical by using—","P_3_501_2_b: The Government should minimize the opportunity for buying-in by seeking a price commitment covering as much of the entire program concerned as is practical by using—","P_3_501_2_b","None","Advisory (non-binding)","PENDING_REVIEW","PASS","PASS","Advisory 'should' indicates recommended practice, not mandatory. Non-binding guidance.","MEDIUM"
"3","3.501-2(b)(1)","P_3_501_2_b_1","Multiyear contracting, with a requirement in the solicitation that a price be submitted only for the total multiyear quantity; or","P_3_501_2_b_1: Multiyear contracting, with a requirement in the solicitation that a price be submitted only for the total multiyear quantity; or","P_3_501_2_b_1","None","Direct Statement","VALIDATED","PASS","PASS","Declarative statement establishing scope, definition, or policy.","HIGH"
"3","3.501-2(b)(2)","P_3_501_2_b_2","Priced options for additional quantities that, together with the firm contract quantity, equal the program requirements (see part 17).","P_3_501_2_b_2: Priced options for additional quantities that, together with the firm contract quantity, equal the program requirements (see part 17).","P_3_501_2_b_2","Part_17","Direct Statement","VALIDATED","PASS","PASS","Declarative statement establishing scope, definition, or policy. External dependencies: Part_17.","HIGH"
"3","3.501-2(c)","P_3_501_2_c","Other safeguards are available to the contracting officer to preclude recovery of buying-in losses (e.g., amortization of nonrecurring costs (see 15.408, Table 15-2, paragraph A., column (2) under “Formats for Submission of Line Item Summaries”) and treatment of unreasonable price quotations (see part 15).","P_3_501_2_c: Other safeguards are available to the contracting officer to preclude recovery of buying-in losses (e.g., amortization of nonrecurring costs (see 15.408, Table 15-2, paragraph A., column (2) under “Formats for Submission of Line Item Summaries”) and treatment of unreasonable price quotations (see part 15).","P_3_501_2_c","P_3_.408; Part_15","Direct Statement","VALIDATED","PASS","PASS","Declarative statement establishing scope, definition, or policy. External dependencies: Part_15.","HIGH"
"3","3.502","P_3_502","Subcontractor kickbacks.","P_3_502: Subcontractor kickbacks.","P_3_502","None","Direct Statement","VALIDATED","PASS","PASS","Declarative statement establishing scope, definition, or policy.","HIGH"
"3","3.502-1","P_3_502_1","Definitions. As used in this section— Kickback means any money, fee, commission, credit, gift, gratuity, thing of value, or compensation of any kind which is provided to any prime contractor, prime contractor employee, subcontractor, or subcontractor employee for the purpose of improperly obtaining or rewarding favorable treatment in connection with a prime contract or in connection with a subcontract relating to a prime contract. Person means a corporation, partnership, business association of any kind, trust, joint-stock company, or individual. Prime contract means a contract or contractual action entered into by the United States for the purpose of obtaining supplies, materials, equipment, or services of any kind. Prime Contractor means a person who has entered into a prime contract with the United States. Prime Contractor employee , as used in this section, means any officer, partner, employee, or agent of a prime contractor. Subcontract means a contract or contractual action entered into by a prime contractor or subcontractor for the purpose of obtaining supplies, materials, equipment, or services of any kind under a prime contract. Subcontractor —","P_3_502_1: Definitions. As used in this section— Kickback means any money, fee, commission, credit, gift, gratuity, thing of value, or compensation of any kind which is provided to any prime contractor, prime contractor employee, subcontractor, or subcontractor employee for the purpose of improperly obtaining or rewarding favorable treatment in connection with a prime contract or in connection with a subcontract relating to a prime contract. Person means a corporation, partnership, business association of any kind, trust, joint-stock company, or individual. Prime contract means a contract or contractual action entered into by the United States for the purpose of obtaining supplies, materials, equipment, or services of any kind. Prime Contractor means a person who has entered into a prime contract with the United States. Prime Contractor employee , as used in this section, means any officer, partner, employee, or agent of a prime contractor. Subcontract means a contract or contractual action entered into by a prime contractor or subcontractor for the purpose of obtaining supplies, materials, equipment, or services of any kind under a prime contract. Subcontractor —","P_3_502_1","None","Direct Statement","VALIDATED","PASS","PASS","Declarative statement establishing scope, definition, or policy.","HIGH"
"3","3.502-1(1)","P_3_502_1_1","Means any person, other than the prime contractor, who offers to furnish or furnishes any supplies, materials, equipment, or services of any kind under a prime contract or a subcontract entered into in connection with such prime contract; and","P_3_502_1_1: Means any person, other than the prime contractor, who offers to furnish or furnishes any supplies, materials, equipment, or services of any kind under a prime contract or a subcontract entered into in connection with such prime contract; and","P_3_502_1_1","None","Direct Statement","VALIDATED","PASS","PASS","Declarative statement establishing scope, definition, or policy.","HIGH"
"3","3.502-1(1)(2)","P_3_502_1_1_2","Includes any person who offers to furnish or furnishes general supplies to the prime contractor or a higher tier subcontractor.","P_3_502_1_1_2: Includes any person who offers to furnish or furnishes general supplies to the prime contractor or a higher tier subcontractor.","P_3_502_1_1_2","None","Direct Statement","VALIDATED","PASS","PASS","Declarative statement establishing scope, definition, or policy.","HIGH"
"3","3.502-2","P_3_502_2","Subcontractor kickbacks. The Anti-Kickback Act of 1986 (now codified at 41 U.S.C. chapter 87, Kickbacks,) was passed to deter subcontractors from making payments and contractors from accepting payments for the purpose of improperly obtaining or rewarding favorable treatment in connection with a prime contract or a subcontract relating to a prime contract. The Kickbacks statute—","P_3_502_2: Subcontractor kickbacks. The Anti-Kickback Act of 1986 (now codified at 41 U.S.C. chapter 87, Kickbacks,) was passed to deter subcontractors from making payments and contractors from accepting payments for the purpose of improperly obtaining or rewarding favorable treatment in connection with a prime contract or a subcontract relating to a prime contract. The Kickbacks statute—","P_3_502_2","None","Direct Statement","VALIDATED","PASS","PASS","Declarative statement establishing scope, definition, or policy.","HIGH"
"3","3.502-2(i)","P_3_502_2_i","Requires each contracting agency to include in each prime contract, other than for commercial products or commercial services, exceeding $200,000, a requirement that the prime contractor must—","P_3_502_2_i: Requires each contracting agency to include in each prime contract, other than for commercial products or commercial services, exceeding $200,000, a requirement that the prime contractor must—","P_3_502_2_i","None","Direct Statement","VALIDATED","PASS","PASS","Mandatory requirement using 'shall'/'must'.","HIGH"
"3","3.502-2(i)(1)","P_3_502_2_i_1","Have in place and follow reasonable procedures designed to prevent and detect violations of the Kickbacks statute in its own operations and direct business relationships (e.g., company ethics rules prohibiting kickbacks by employees, agents, or subcontractors; education programs for new employees and subcontractors, explaining policies about kickbacks, related company procedures and the consequences of detection; procurement procedures to minimize the opportunity for kickbacks; audit procedures designed to detect kickbacks; periodic surveys of subcontractors to elicit information about kickbacks; procedures to report kickbacks to law enforcement officials; annual declarations by employees of gifts or gratuities received from subcontractors; annual employee declarations that they have violated no company ethics rules; personnel practices that document unethical or illegal behavior and make such information available to prospective employers); and","P_3_502_2_i_1: Have in place and follow reasonable procedures designed to prevent and detect violations of the Kickbacks statute in its own operations and direct business relationships (e.g., company ethics rules prohibiting kickbacks by employees, agents, or subcontractors; education programs for new employees and subcontractors, explaining policies about kickbacks, related company procedures and the consequences of detection; procurement procedures to minimize the opportunity for kickbacks; audit procedures designed to detect kickbacks; periodic surveys of subcontractors to elicit information about kickbacks; procedures to report kickbacks to law enforcement officials; annual declarations by employees of gifts or gratuities received from subcontractors; annual employee declarations that they have violated no company ethics rules; personnel practices that document unethical or illegal behavior and make such information available to prospective employers); and","P_3_502_2_i_1","None","Direct Statement","VALIDATED","PASS","PASS","Declarative statement establishing scope, definition, or policy.","HIGH"
"3","3.502-2(i)(2)","P_3_502_2_i_2","Cooperate fully with any Federal agency investigating a possible violation of the Kickbacks statute.","P_3_502_2_i_2: Cooperate fully with any Federal agency investigating a possible violation of the Kickbacks statute.","P_3_502_2_i_2","None","Direct Statement","VALIDATED","PASS","PASS","Declarative statement establishing scope, definition, or policy.","HIGH"
"3","3.502-2(a)","P_3_502_2_a","Prohibits any person from—","P_3_502_2_a: Prohibits any person from—","P_3_502_2_a","None","Direct Statement","VALIDATED","PASS","PASS","Declarative statement establishing scope, definition, or policy.","HIGH"
"3","3.502-2(a)(1)","P_3_502_2_a_1","Providing, attempting to provide, or offering to provide any kickback;","P_3_502_2_a_1: Providing, attempting to provide, or offering to provide any kickback;","P_3_502_2_a_1","None","Direct Statement","VALIDATED","PASS","PASS","Declarative statement establishing scope, definition, or policy.","HIGH"
"3","3.502-2(a)(2)","P_3_502_2_a_2","Soliciting, accepting, or attempting to accept any kickbacks; or","P_3_502_2_a_2: Soliciting, accepting, or attempting to accept any kickbacks; or","P_3_502_2_a_2","None","Direct Statement","VALIDATED","PASS","PASS","Declarative statement establishing scope, definition, or policy.","HIGH"
"3","3.502-2(a)(3)","P_3_502_2_a_3","Including, directly or indirectly, the amount of any kickback in the contract price charged by a subcontractor to a prime contractor or a higher tier subcontractor or in the contract price charged by a prime contractor to the United States.","P_3_502_2_a_3: Including, directly or indirectly, the amount of any kickback in the contract price charged by a subcontractor to a prime contractor or a higher tier subcontractor or in the contract price charged by a prime contractor to the United States.","P_3_502_2_a_3","None","Direct Statement","VALIDATED","PASS","PASS","Declarative statement establishing scope, definition, or policy.","HIGH"
"3","3.502-2(b)","P_3_502_2_b","Imposes criminal penalties on any person who knowingly and willfully engages in the prohibited conduct addressed in paragraph (a) of this section.","P_3_502_2_b: Imposes criminal penalties on any person who knowingly and willfully engages in the prohibited conduct addressed in paragraph (a) of this section.","P_3_502_2_b","None","Direct Statement","VALIDATED","PASS","PASS","Declarative statement establishing scope, definition, or policy.","HIGH"
"3","3.502-2(c)","P_3_502_2_c","Provides for the recovery of civil penalties by the United States from any person who knowingly engages in such prohibited conduct and from any person whose employee, subcontractor, or subcontractor employee provides, accepts, or charges a kickback.","P_3_502_2_c: Provides for the recovery of civil penalties by the United States from any person who knowingly engages in such prohibited conduct and from any person whose employee, subcontractor, or subcontractor employee provides, accepts, or charges a kickback.","P_3_502_2_c","None","Direct Statement","VALIDATED","PASS","PASS","Declarative statement establishing scope, definition, or policy.","HIGH"
"3","3.502-2(d)","P_3_502_2_d","Provides that—","P_3_502_2_d: Provides that—","P_3_502_2_d","None","Direct Statement","VALIDATED","PASS","PASS","Declarative statement establishing scope, definition, or policy.","HIGH"
"3","3.502-2(d)(1)","P_3_502_2_d_1","The contracting officer may offset the amount of a kickback against monies owed by the United States to the prime contractor under the prime contract to which such kickback relates;","P_3_502_2_d_1: The contracting officer may offset the amount of a kickback against monies owed by the United States to the prime contractor under the prime contract to which such kickback relates;","(P_3_502_2_d_1 v ~P_3_502_2_d_1)","None","Tautology (Taut): Rule 18","VALIDATED","PASS","PASS","Permissive 'may' creates discretionary authority. Tautology represents unrestricted choice.","MEDIUM"
"3","3.502-2(d)(2)","P_3_502_2_d_2","The contracting officer may direct a prime contractor to withhold from any sums owed to a subcontractor under a subcontract of the prime contract the amount of any kickback which was or may be offset against the prime contractor under paragraph (d)(1) of this section; and","P_3_502_2_d_2: The contracting officer may direct a prime contractor to withhold from any sums owed to a subcontractor under a subcontract of the prime contract the amount of any kickback which was or may be offset against the prime contractor under paragraph (d)(1) of this section; and","(P_3_502_2_d_2 v ~P_3_502_2_d_2)","None","Tautology (Taut): Rule 18","VALIDATED","PASS","PASS","Permissive 'may' creates discretionary authority. Tautology represents unrestricted choice.","MEDIUM"
"3","3.502-2(d)(3)","P_3_502_2_d_3","An offset under paragraph (d)(1) or a direction under paragraph (d)(2) of this section is a claim by the Government for the purposes of 41 U.S.C. chapter 71, Contract Disputes.","P_3_502_2_d_3: An offset under paragraph (d)(1) or a direction under paragraph (d)(2) of this section is a claim by the Government for the purposes of 41 U.S.C. chapter 71, Contract Disputes.","P_3_502_2_d_3","None","Direct Statement","VALIDATED","PASS","PASS","Declarative statement establishing scope, definition, or policy.","HIGH"
"3","3.502-2(e)","P_3_502_2_e","Authorizes contracting officers to order that sums withheld under paragraph (d)(2) of this section be paid to the contracting agency, or if the sum has already been offset against the prime contractor, that it be retained by the prime contractor.","P_3_502_2_e: Authorizes contracting officers to order that sums withheld under paragraph (d)(2) of this section be paid to the contracting agency, or if the sum has already been offset against the prime contractor, that it be retained by the prime contractor.","P_3_502_2_e","None","Material Implication (Impl): Rule 15 [HIGH-RISK]","PENDING_REVIEW","PASS","PASS","Declarative statement establishing scope, definition, or policy. Contains conditional trigger pattern (if/when/where). Uses HIGH-RISK transformation rule. Requires external review.","MEDIUM"
"3","3.502-2(f)","P_3_502_2_f","Requires the prime contractor to notify the contracting officer when the withholding under paragraph (d)(2) of this section has been accomplished unless the amount withheld has been paid to the Government.","P_3_502_2_f: Requires the prime contractor to notify the contracting officer when the withholding under paragraph (d)(2) of this section has been accomplished unless the amount withheld has been paid to the Government.","P_3_502_2_f","None","Material Implication (Impl): Rule 15 [HIGH-RISK]","PENDING_REVIEW","PASS","PASS","Declarative statement establishing scope, definition, or policy. Contains conditional trigger pattern (if/when/where). Contains negative conditional (unless/except). Uses HIGH-RISK transformation rule. Requires external review.","MEDIUM"
"3","3.502-2(g)","P_3_502_2_g","Requires a prime contractor or subcontractor to report in writing to the inspector general of the contracting agency, the head of the contracting agency if the agency does not have an inspector general, or the Attorney General any possible violation of the Kickbacks statute when the prime contractor or subcontractor has reasonable grounds to believe such violation may have occurred.","P_3_502_2_g: Requires a prime contractor or subcontractor to report in writing to the inspector general of the contracting agency, the head of the contracting agency if the agency does not have an inspector general, or the Attorney General any possible violation of the Kickbacks statute when the prime contractor or subcontractor has reasonable grounds to believe such violation may have occurred.","(P_3_502_2_g v ~P_3_502_2_g)","None","Tautology (Taut): Rule 18","VALIDATED","PASS","PASS","Permissive 'may' creates discretionary authority. Tautology represents unrestricted choice. Contains conditional trigger pattern (if/when/where).","MEDIUM"
"3","3.502-2(h)","P_3_502_2_h","Provides that, for the purpose of determining whether there has been a violation of the Kickbacks statute on any prime contract, the Government Accountability Office and the inspector general of the contracting agency, or a representative of such contracting agency designated by the head of such agency if the agency does not have an inspector general, must have access to and may inspect the facilities and audit the books and records of any prime contractor or subcontractor under a prime contract awarded by the agency.","P_3_502_2_h: Provides that, for the purpose of determining whether there has been a violation of the Kickbacks statute on any prime contract, the Government Accountability Office and the inspector general of the contracting agency, or a representative of such contracting agency designated by the head of such agency if the agency does not have an inspector general, must have access to and may inspect the facilities and audit the books and records of any prime contractor or subcontractor under a prime contract awarded by the agency.","P_3_502_2_h","None","Material Implication (Impl): Rule 15 [HIGH-RISK]","PENDING_REVIEW","PASS","PASS","Mandatory requirement using 'shall'/'must'. Contains conditional trigger pattern (if/when/where). Uses HIGH-RISK transformation rule. Requires external review.","MEDIUM"
"3","3.502-2(j)","P_3_502_2_j","Notwithstanding paragraph (i) of this section, a prime contractor must cooperate fully with any Federal Government agency investigating a violation of 41 U.S.C. 8702 (see 41 U.S.C. 8703(b)).","P_3_502_2_j: Notwithstanding paragraph (i) of this section, a prime contractor must cooperate fully with any Federal Government agency investigating a violation of 41 U.S.C. 8702 (see 41 U.S.C. 8703(b)).","P_3_502_2_j","None","Direct Statement","VALIDATED","PASS","PASS","Mandatory requirement using 'shall'/'must'.","HIGH"
"3","3.502-3","P_3_502_3","Contract clause. The contracting officer must insert the clause at 52.203-7, Anti-Kickback Procedures, in solicitations and contracts exceeding $200,000, other than those for commercial products or commercial services (see part 12).","P_3_502_3: Contract clause. The contracting officer must insert the clause at 52.203-7, Anti-Kickback Procedures, in solicitations and contracts exceeding $200,000, other than those for commercial products or commercial services (see part 12).","P_3_502_3","P_3_.203_7; Part_12","Direct Statement","VALIDATED","PASS","PASS","Mandatory requirement using 'shall'/'must'. External dependencies: Part_12.","HIGH"
"3","3.503","P_3_503","Unreasonable restrictions on subcontractor sales.","P_3_503: Unreasonable restrictions on subcontractor sales.","P_3_503","None","Direct Statement","VALIDATED","PASS","PASS","Declarative statement establishing scope, definition, or policy.","HIGH"
"3","3.503-1","P_3_503_1","Policy. 10 U.S.C. 4655 and 41 U.S.C. 4704 require that subcontractors not be unreasonably precluded from making direct sales to the Government of any supplies or services made or furnished under a contract. However, this does not preclude contractors from asserting rights that are otherwise authorized by law or regulation.","P_3_503_1: Policy. 10 U.S.C. 4655 and 41 U.S.C. 4704 require that subcontractors not be unreasonably precluded from making direct sales to the Government of any supplies or services made or furnished under a contract. However, this does not preclude contractors from asserting rights that are otherwise authorized by law or regulation.","P_3_503_1","None","Direct Statement","VALIDATED","PASS","PASS","Declarative statement establishing scope, definition, or policy.","HIGH"
"3","3.503-2","P_3_503_2","Contract clause. The contracting officer must insert the clause at 52.203-6, Restrictions on Subcontractor Sales to the Government, in solicitations and contracts exceeding the simplified acquisition threshold. For the acquisition of commercial products or commercial services, the contracting officer must use the clause with its Alternate I. - Contracts with Government Employees or Organizations Owned or Controlled by Them","P_3_503_2: Contract clause. The contracting officer must insert the clause at 52.203-6, Restrictions on Subcontractor Sales to the Government, in solicitations and contracts exceeding the simplified acquisition threshold. For the acquisition of commercial products or commercial services, the contracting officer must use the clause with its Alternate I. - Contracts with Government Employees or Organizations Owned or Controlled by Them","P_3_503_2","P_3_.203_6","Direct Statement","VALIDATED","PASS","PASS","Mandatory requirement using 'shall'/'must'.","HIGH"
"3","3.601","P_3_601","Policy.","P_3_601: Policy.","P_3_601","None","Direct Statement","VALIDATED","PASS","PASS","Declarative statement establishing scope, definition, or policy.","HIGH"
"3","3.601(a)","P_3_601_a","Except as specified in 3.602, a contracting officer must not knowingly award a contract to a Government employee or to a business concern or other organization owned or substantially owned or controlled by one or more Government employees. This policy is intended to avoid any conflict of interest that might arise between the employees' interests and their Government duties, and to avoid the appearance of favoritism or preferential treatment by the Government toward its employees.","P_3_601_a_a: Except as specified in 3.602, a contracting officer must not knowingly award a contract to a Government employee or to a business concern or other organization owned or substantially owned or controlled by one or more Government employees. This policy is intended to avoid any conflict of interest that might arise between the employees' interests and their Government duties; P_3_601_a_b: to avoid the appearance of favoritism or preferential treatment by the Government toward its employees.","~P_3_601_a_a ^ ~P_3_601_a_b","P_3_602","Negation (Neg): Rule 10; Conjunction (Conj): Rule 7","VALIDATED","PASS","PASS","Prohibition. Negated requirement. Contains negative conditional (unless/except).","HIGH"
"3","3.601(b)","P_3_601_b","For purposes of this subpart, special Government employees (as defined in 18 U.S.C. 202) performing services as experts, advisors, or consultants, or as members of advisory committees, are not considered Government employees unless—","P_3_601_b: For purposes of this subpart, special Government employees (as defined in 18 U.S.C. 202) performing services as experts, advisors, or consultants, or as members of advisory committees, are not considered Government employees unless—","P_3_601_b","None","Direct Statement","VALIDATED","PASS","PASS","Declarative statement establishing scope, definition, or policy. Contains negative conditional (unless/except).","HIGH"
"3","3.601(b)(1)","P_3_601_b_1","The contract arises directly out of the individual's activity as a special Government employee;","P_3_601_b_1: The contract arises directly out of the individual's activity as a special Government employee;","P_3_601_b_1","None","Direct Statement","VALIDATED","PASS","PASS","Declarative statement establishing scope, definition, or policy.","HIGH"
"3","3.601(b)(2)","P_3_601_b_2","In the individual's capacity as a special Government employee, the individual is in a position to influence the award of the contract; or","P_3_601_b_2: In the individual's capacity as a special Government employee, the individual is in a position to influence the award of the contract; or","P_3_601_b_2","None","Direct Statement","VALIDATED","PASS","PASS","Declarative statement establishing scope, definition, or policy.","HIGH"
"3","3.601(b)(3)","P_3_601_b_3","Another conflict of interest is determined to exist.","P_3_601_b_3: Another conflict of interest is determined to exist.","P_3_601_b_3","None","Direct Statement","VALIDATED","PASS","PASS","Declarative statement establishing scope, definition, or policy.","HIGH"
"3","3.602","P_3_602","Exceptions. The agency head, or a designee not below the level of the head of the contracting activity, may authorize an exception to the policy in 3.601 only if there is a compelling reason to do so, such as when the Government's needs cannot reasonably be otherwise met.","P_3_602: Exceptions. The agency head, or a designee not below the level of the head of the contracting activity, may authorize an exception to the policy in 3.601 only if there is a compelling reason to do so, such as when the Government's needs cannot reasonably be otherwise met.","(P_3_602 v ~P_3_602)","P_3_601","Tautology (Taut): Rule 18","VALIDATED","PASS","PASS","Permissive 'may' creates discretionary authority. Tautology represents unrestricted choice. Contains conditional trigger pattern (if/when/where).","MEDIUM"
"3","3.603","P_3_603","Responsibilities of the contracting officer.","P_3_603: Responsibilities of the contracting officer.","P_3_603","None","Direct Statement","VALIDATED","PASS","PASS","Declarative statement establishing scope, definition, or policy.","HIGH"
"3","3.603(a)","P_3_603_a","Before awarding a contract, the contracting officer must obtain an authorization under 3.602 if—","P_3_603_a: Before awarding a contract, the contracting officer must obtain an authorization under 3.602 if—","P_3_603_a","P_3_602","Material Implication (Impl): Rule 15 [HIGH-RISK]","PENDING_REVIEW","PASS","PASS","Mandatory requirement using 'shall'/'must'. Contains conditional trigger pattern (if/when/where). Uses HIGH-RISK transformation rule. Requires external review.","MEDIUM"
"3","3.603(a)(1)","P_3_603_a_1","The contracting officer knows, or has reason to believe, that a prospective contractor is one to which award is otherwise prohibited under 3.601; and","P_3_603_a_1: The contracting officer knows, or has reason to believe, that a prospective contractor is one to which award is otherwise prohibited under 3.601; and","P_3_603_a_1","P_3_601","Direct Statement","VALIDATED","PASS","PASS","Declarative statement establishing scope, definition, or policy.","HIGH"
"3","3.603(a)(2)","P_3_603_a_2","There is a most compelling reason to make an award to that prospective contractor.","P_3_603_a_2: There is a most compelling reason to make an award to that prospective contractor.","P_3_603_a_2","None","Direct Statement","VALIDATED","PASS","PASS","Declarative statement establishing scope, definition, or policy.","HIGH"
"3","3.603(b)","P_3_603_b","The contracting officer must comply with the requirements and guidance of the conflicts of interest subpart in part 9 before awarding a contract to an organization owned or substantially owned or controlled by Government employees. - Voiding and Rescinding Contracts","P_3_603_b: The contracting officer must comply with the requirements and guidance of the conflicts of interest subpart in part 9 before awarding a contract to an organization owned or substantially owned or controlled by Government employees. - Voiding and Rescinding Contracts","P_3_603_b","Part_9","Direct Statement","VALIDATED","PASS","PASS","Mandatory requirement using 'shall'/'must'. External dependencies: Part_9.","HIGH"
"3","3.700","P_3_700","Scope of subpart. This subpart prescribes Governmentwide policies and procedures for exercising discretionary authority to declare void and rescind contracts.","P_3_700: Scope of subpart. This subpart prescribes Governmentwide policies and procedures for exercising discretionary authority to declare void and rescind contracts.","P_3_700","None","Direct Statement","VALIDATED","PASS","PASS","Declarative statement establishing scope, definition, or policy.","HIGH"
"3","3.701","P_3_701","Purpose. This subpart provides—","P_3_701: Purpose. This subpart provides—","P_3_701","None","Direct Statement","VALIDATED","PASS","PASS","Declarative statement establishing scope, definition, or policy.","HIGH"
"3","3.701(a)","P_3_701_a","An administrative remedy with respect to contracts in relation to which there has been—","P_3_701_a: An administrative remedy with respect to contracts in relation to which there has been—","P_3_701_a","None","Direct Statement","VALIDATED","PASS","PASS","Declarative statement establishing scope, definition, or policy.","HIGH"
"3","3.701(a)(1)","P_3_701_a_1","A final conviction for bribery, conflict of interest, disclosure or receipt of contractor bid or proposal information or source selection information in exchange for a thing of value or to give anyone a competitive advantage in the award of a Federal agency procurement contract, or similar misconduct; or","P_3_701_a_1: A final conviction for bribery, conflict of interest, disclosure or receipt of contractor bid or proposal information or source selection information in exchange for a thing of value or to give anyone a competitive advantage in the award of a Federal agency procurement contract, or similar misconduct; or","P_3_701_a_1","None","Direct Statement","VALIDATED","PASS","PASS","Declarative statement establishing scope, definition, or policy.","HIGH"
"3","3.701(a)(2)","P_3_701_a_2","An agency head determination that contractor bid or proposal information or source selection information has been disclosed or received in exchange for a thing of value, or for the purpose of obtaining or giving anyone a competitive advantage in the award of a Federal agency procurement contract; and","P_3_701_a_2: An agency head determination that contractor bid or proposal information or source selection information has been disclosed or received in exchange for a thing of value, or for the purpose of obtaining or giving anyone a competitive advantage in the award of a Federal agency procurement contract; and","P_3_701_a_2","None","Direct Statement","VALIDATED","PASS","PASS","Declarative statement establishing scope, definition, or policy.","HIGH"
"3","3.701(b)","P_3_701_b","A method to deter similar misconduct in the future by those who are involved in the award, performance, and administration of Government contracts.","P_3_701_b_a: A method to deter similar misconduct in the future by those who are involved in the award, performance; P_3_701_b_b: administration of Government contracts.","P_3_701_b_a ^ P_3_701_b_b","None","Conjunction (Conj): Rule 7","VALIDATED","PASS","PASS","Declarative statement establishing scope, definition, or policy.","HIGH"
"3","3.702","P_3_702","Definition. Final conviction means a conviction, whether entered on a verdict or plea, including a plea of nolo contendere, for which sentence has been imposed.","P_3_702: Definition. Final conviction means a conviction, whether entered on a verdict or plea, including a plea of nolo contendere, for which sentence has been imposed.","P_3_702","None","Direct Statement","VALIDATED","PASS","PASS","Declarative statement establishing scope, definition, or policy.","HIGH"
"3","3.703","P_3_703","Authority.","P_3_703: Authority.","P_3_703","None","Direct Statement","VALIDATED","PASS","PASS","Declarative statement establishing scope, definition, or policy.","HIGH"
"3","3.703(a)","P_3_703_a","Section 1(e) of Pub. L. 87-849, 18 U.S.C. 218 ( the Act ), gives the President or the heads of executive agencies acting under regulations prescribed by the President, the power to declare void and rescind contracts and other transactions listed in the Act. This applies when there has been a final conviction for bribery, conflict of interest, or any other violation of Chapter 11 of Title 18 of the United States Code (18 U.S.C. 201-224). Executive Order 12448, November 4, 1983, delegates the President's authority under the Act to the heads of the executive agencies and military departments.","P_3_703_a: Section 1(e) of Pub. L. 87-849, 18 U.S.C. 218 ( the Act ), gives the President or the heads of executive agencies acting under regulations prescribed by the President, the power to declare void and rescind contracts and other transactions listed in the Act. This applies when there has been a final conviction for bribery, conflict of interest, or any other violation of Chapter 11 of Title 18 of the United States Code (18 U.S.C. 201-224). Executive Order 12448, November 4, 1983, delegates the President's authority under the Act to the heads of the executive agencies and military departments.","P_3_703_a","None","Material Implication (Impl): Rule 15 [HIGH-RISK]","PENDING_REVIEW","PASS","PASS","Declarative statement establishing scope, definition, or policy. Contains conditional trigger pattern (if/when/where). Uses HIGH-RISK transformation rule. Requires external review.","MEDIUM"
"3","3.703(b)","P_3_703_b","41 U.S.C. 2105(c) requires Federal agencies, upon receiving information that a contractor or person has violated 41 U.S.C. 2102, to consider rescinding a contract when-","P_3_703_b: 41 U.S.C. 2105(c) requires Federal agencies, upon receiving information that a contractor or person has violated 41 U.S.C. 2102, to consider rescinding a contract when-","P_3_703_b","None","Material Implication (Impl): Rule 15 [HIGH-RISK]","PENDING_REVIEW","PASS","PASS","Declarative statement establishing scope, definition, or policy. Contains conditional trigger pattern (if/when/where). Uses HIGH-RISK transformation rule. Requires external review.","MEDIUM"
"3","3.703(b)(1)","P_3_703_b_1","The contractor or someone acting for the contractor has been convicted of an offense punishable under 41 U.S.C. 2105(a); or","P_3_703_b_1: The contractor or someone acting for the contractor has been convicted of an offense punishable under 41 U.S.C. 2105(a); or","P_3_703_b_1","None","Direct Statement","VALIDATED","PASS","PASS","Declarative statement establishing scope, definition, or policy.","HIGH"
"3","3.703(b)(2)","P_3_703_b_2","The agency head, or designee, has determined, based on a preponderance of the evidence, that the contractor or someone acting for the contractor has engaged in conduct constituting such an offense.","P_3_703_b_2: The agency head, or designee, has determined, based on a preponderance of the evidence, that the contractor or someone acting for the contractor has engaged in conduct constituting such an offense.","P_3_703_b_2","None","Direct Statement","VALIDATED","PASS","PASS","Declarative statement establishing scope, definition, or policy.","HIGH"
"3","3.704","P_3_704","Policy.","P_3_704: Policy.","P_3_704","None","Direct Statement","VALIDATED","PASS","PASS","Declarative statement establishing scope, definition, or policy.","HIGH"
"3","3.704(a)","P_3_704_a","In cases with a final conviction for any violation of 18 U.S.C. 201-224 involving or relating to agency-awarded contracts, the agency head or designee must consider the available facts. If appropriate, they must declare contracts void and rescind them, and recover the amounts spent and property transferred by the agency according to the policies and procedures in this subpart.","P_3_704_a_a: In cases with a final conviction for any violation of 18 U.S.C. 201-224 involving or relating to agency-awarded contracts, the agency head or designee must consider the available facts. If appropriate, they must declare contracts void and rescind them; P_3_704_a_b: recover the amounts spent and property transferred by the agency according to the policies and procedures in this subpart.","P_3_704_a_a -> P_3_704_a_b","None","Material Implication (Impl): Rule 15 [HIGH-RISK]","PENDING_REVIEW","PASS","PASS","Mandatory requirement using 'shall'/'must'. Contains conditional trigger pattern (if/when/where). Uses HIGH-RISK transformation rule. Requires external review.","MEDIUM"
"3","3.704(b)","P_3_704_b","A final conviction under 18 U.S.C. 201-224 relating to a contract may also indicate the party is not presently responsible. The agency should consider starting debarment proceedings according to part 9, if debarment has not already begun or is not in effect when the final conviction occurs.","P_3_704_b: A final conviction under 18 U.S.C. 201-224 relating to a contract may also indicate the party is not presently responsible. The agency should consider starting debarment proceedings according to part 9, if debarment has not already begun or is not in effect when the final conviction occurs.","(P_3_704_b v ~P_3_704_b)","Part_9","Tautology (Taut): Rule 18","VALIDATED","PASS","PASS","Permissive 'may' creates discretionary authority. Tautology represents unrestricted choice. Contains conditional trigger pattern (if/when/where). External dependencies: Part_9.","MEDIUM"
"3","3.704(c)","P_3_704_c","If there is a final conviction for an offense punishable under 41 U.S.C. 2105, or if the agency head or designee has determined, based on a preponderance of the evidence, that the contractor or someone acting for the contractor has engaged in such conduct, then the head of the contracting activity must consider, in addition to any other penalty prescribed by law or regulation—","P_3_704_c: If there is a final conviction for an offense punishable under 41 U.S.C. 2105, or if the agency head or designee has determined, based on a preponderance of the evidence, that the contractor or someone acting for the contractor has engaged in such conduct, then the head of the contracting activity must consider, in addition to any other penalty prescribed by law or regulation—","P_3_704_c","None","Material Implication (Impl): Rule 15 [HIGH-RISK]","PENDING_REVIEW","PASS","PASS","Mandatory requirement using 'shall'/'must'. Contains conditional trigger pattern (if/when/where). Uses HIGH-RISK transformation rule. Requires external review.","MEDIUM"
"3","3.704(c)(1)","P_3_704_c_1","Declaring contracts void and rescinding them, as appropriate, and recovering the amounts spent under the contracts by using the procedures at 3.705 (see 3.104-7); and","P_3_704_c_1_a: Declaring contracts void and rescinding them, as appropriate; P_3_704_c_1_b: recovering the amounts spent under the contracts by using the procedures at 3.705 (see 3.104-7); and","P_3_704_c_1_a ^ P_3_704_c_1_b","P_3_104_7; P_3_705","Conjunction (Conj): Rule 7","VALIDATED","PASS","PASS","Declarative statement establishing scope, definition, or policy.","HIGH"
"3","3.704(c)(2)","P_3_704_c_2","Recommending the initiation of suspension or debarment proceedings according to part 9.","P_3_704_c_2: Recommending the initiation of suspension or debarment proceedings according to part 9.","P_3_704_c_2","Part_9","Direct Statement","VALIDATED","PASS","PASS","Declarative statement establishing scope, definition, or policy. External dependencies: Part_9.","HIGH"
"3","3.705","P_3_705","Procedures.","P_3_705: Procedures.","P_3_705","None","Direct Statement","VALIDATED","PASS","PASS","Declarative statement establishing scope, definition, or policy.","HIGH"
"3","3.705(a)","P_3_705_a","Reporting . The facts concerning any final conviction for any violation of 18 U.S.C. 201-224 involving or relating to agency contracts must be reported promptly to the agency head or designee for consideration. The agency head or designee must promptly notify the Civil Division, Department of Justice, that an action is being considered under this subpart.","P_3_705_a: Reporting . The facts concerning any final conviction for any violation of 18 U.S.C. 201-224 involving or relating to agency contracts must be reported promptly to the agency head or designee for consideration. The agency head or designee must promptly notify the Civil Division, Department of Justice, that an action is being considered under this subpart.","P_3_705_a","None","Direct Statement","VALIDATED","PASS","PASS","Mandatory requirement using 'shall'/'must'.","HIGH"
"3","3.705(b)","P_3_705_b","Decision . Following an assessment of the facts, the agency head or designee may declare void and rescind contracts with respect to which a final conviction has been entered, and recover the amounts expended and the property transferred by the agency under the terms of the contracts involved.","P_3_705_b_a: Decision . Following an assessment of the facts, the agency head or designee may declare void and rescind contracts with respect to which a final conviction has been entered; P_3_705_b_b: recover the amounts expended and the property transferred by the agency under the terms of the contracts involved.","P_3_705_b_a -> (P_3_705_b_b v ~(P_3_705_b_b))","None","Material Implication (Impl): Rule 15 [HIGH-RISK]; Tautology (Taut): Rule 18","PENDING_REVIEW","PASS","PASS","Permissive 'may' creates discretionary authority. Tautology represents unrestricted choice. Uses HIGH-RISK transformation rule. Requires external review.","MEDIUM"
"3","3.705(c)","P_3_705_c","Decision-making process . Agency procedures governing the voiding and rescinding decision-making process must be as informal as is practicable, consistent with the principles of fundamental fairness. At a minimum, agencies must provide the following:","P_3_705_c: Decision-making process . Agency procedures governing the voiding and rescinding decision-making process must be as informal as is practicable, consistent with the principles of fundamental fairness. At a minimum, agencies must provide the following:","P_3_705_c","None","Direct Statement","VALIDATED","PASS","PASS","Mandatory requirement using 'shall'/'must'.","HIGH"
"3","3.705(c)(1)","P_3_705_c_1","A notice of the proposed action to declare void and rescind the contract must be made in writing.","P_3_705_c_1: A notice of the proposed action to declare void and rescind the contract must be made in writing.","P_3_705_c_1","None","Direct Statement","VALIDATED","PASS","PASS","Mandatory requirement using 'shall'/'must'.","HIGH"
"3","3.705(c)(2)","P_3_705_c_2","A thirty calendar day period after receipt of the notice, for the contractor to submit pertinent information before any final decision is made.","P_3_705_c_2: A thirty calendar day period after receipt of the notice, for the contractor to submit pertinent information before any final decision is made.","P_3_705_c_2","None","Direct Statement","VALIDATED","PASS","PASS","Declarative statement establishing scope, definition, or policy.","HIGH"
"3","3.705(c)(3)","P_3_705_c_3","Upon request made within the period for submission of pertinent information, an opportunity must be afforded for a hearing at which witnesses may be presented, and any witness the agency presents may be confronted. However, no inquiry may be made regarding the validity of a conviction.","P_3_705_c_3_a: Upon request made within the period for submission of pertinent information, an opportunity must be afforded for a hearing at which witnesses may be presented; P_3_705_c_3_b: any witness the agency presents may be confronted. However, no inquiry may be made regarding the validity of a conviction.","P_3_705_c_3_a ^ P_3_705_c_3_b","None","Conjunction (Conj): Rule 7","VALIDATED","PASS","PASS","Mandatory requirement using 'shall'/'must'.","HIGH"
"3","3.705(c)(4)","P_3_705_c_4","If the agency head or designee decides to declare void and rescind the contracts involved, that official must issue a written decision which—","P_3_705_c_4: If the agency head or designee decides to declare void and rescind the contracts involved, that official must issue a written decision which—","P_3_705_c_4","None","Material Implication (Impl): Rule 15 [HIGH-RISK]","PENDING_REVIEW","PASS","PASS","Mandatory requirement using 'shall'/'must'. Contains conditional trigger pattern (if/when/where). Uses HIGH-RISK transformation rule. Requires external review.","MEDIUM"
"3","3.705(c)(4)(i)","P_3_705_c_4_i","States that determination;","P_3_705_c_4_i: States that determination;","P_3_705_c_4_i","None","Direct Statement","VALIDATED","PASS","PASS","Declarative statement establishing scope, definition, or policy.","HIGH"
"3","3.705(c)(4)(ii)","P_3_705_c_4_ii","Reflects consideration of the fair value of any tangible benefits received and retained by the agency; and","P_3_705_c_4_ii: Reflects consideration of the fair value of any tangible benefits received and retained by the agency; and","P_3_705_c_4_ii","None","Direct Statement","VALIDATED","PASS","PASS","Declarative statement establishing scope, definition, or policy.","HIGH"
"3","3.705(c)(4)(iii)","P_3_705_c_4_iii","States the amount due, and the property to be returned, to the agency.","P_3_705_c_4_iii_a: States the amount due; P_3_705_c_4_iii_b: the property to be returned, to the agency.","P_3_705_c_4_iii_a ^ P_3_705_c_4_iii_b","None","Conjunction (Conj): Rule 7","VALIDATED","PASS","PASS","Declarative statement establishing scope, definition, or policy.","HIGH"
"3","3.705(d)","P_3_705_d","Notice of proposed action. The notice of the proposed action, at a minimum must—","P_3_705_d: Notice of proposed action. The notice of the proposed action, at a minimum must—","P_3_705_d","None","Direct Statement","VALIDATED","PASS","PASS","Mandatory requirement using 'shall'/'must'.","HIGH"
"3","3.705(d)(1)","P_3_705_d_1","Advise that consideration is being given to declaring void and rescinding contracts awarded by the agency, and recovering the amounts expended and property transferred therefor, under the provisions of 18 U.S.C. 218;","P_3_705_d_1_a: Advise that consideration is being given to declaring void and rescinding contracts awarded by the agency; P_3_705_d_1_b: recovering the amounts expended and property transferred therefor, under the provisions of 18 U.S.C. 218;","P_3_705_d_1_a ^ P_3_705_d_1_b","None","Conjunction (Conj): Rule 7","VALIDATED","PASS","PASS","Declarative statement establishing scope, definition, or policy.","HIGH"
"3","3.705(d)(2)","P_3_705_d_2","Specifically identify the contracts affected by the action;","P_3_705_d_2: Specifically identify the contracts affected by the action;","P_3_705_d_2","None","Direct Statement","VALIDATED","PASS","PASS","Declarative statement establishing scope, definition, or policy.","HIGH"
"3","3.705(d)(3)","P_3_705_d_3","Specifically identify the offense or final conviction on which the action is based;","P_3_705_d_3: Specifically identify the offense or final conviction on which the action is based;","P_3_705_d_3","None","Direct Statement","VALIDATED","PASS","PASS","Declarative statement establishing scope, definition, or policy.","HIGH"
"3","3.705(d)(4)","P_3_705_d_4","State the amounts expended and property transferred under each of the contracts involved, and the money and the property demanded to be returned;","P_3_705_d_4_a: State the amounts expended and property transferred under each of the contracts involved; P_3_705_d_4_b: the money and the property demanded to be returned;","P_3_705_d_4_a ^ P_3_705_d_4_b","None","Conjunction (Conj): Rule 7","VALIDATED","PASS","PASS","Declarative statement establishing scope, definition, or policy.","HIGH"
"3","3.705(d)(5)","P_3_705_d_5","Identify any tangible benefits received and retained by the agency under the contract, and the value of those benefits, as calculated by the agency;","P_3_705_d_5_a: Identify any tangible benefits received and retained by the agency under the contract; P_3_705_d_5_b: the value of those benefits, as calculated by the agency;","P_3_705_d_5_a ^ P_3_705_d_5_b","None","Conjunction (Conj): Rule 7","VALIDATED","PASS","PASS","Declarative statement establishing scope, definition, or policy.","HIGH"
"3","3.705(d)(6)","P_3_705_d_6","Advise that pertinent information may be submitted within 30 calendar days after receipt of the notice, and that, if requested within that time, a hearing must be held at which witnesses may be presented and any witness the agency presents may be confronted; and","P_3_705_d_6_a: Advise that pertinent information may be submitted within 30 calendar days after receipt of the notice; P_3_705_d_6_b: that, if requested within that time, a hearing must be held at which witnesses may be presented and any witness the agency presents may be confronted; and","P_3_705_d_6_a -> P_3_705_d_6_b","None","Material Implication (Impl): Rule 15 [HIGH-RISK]","PENDING_REVIEW","PASS","PASS","Mandatory requirement using 'shall'/'must'. Contains conditional trigger pattern (if/when/where). Uses HIGH-RISK transformation rule. Requires external review.","MEDIUM"
"3","3.705(d)(7)","P_3_705_d_7","Advise that action must be taken only after the agency head or designee issues a final written decision on the proposed action.","P_3_705_d_7: Advise that action must be taken only after the agency head or designee issues a final written decision on the proposed action.","P_3_705_d_7","None","Direct Statement","VALIDATED","PASS","PASS","Mandatory requirement using 'shall'/'must'.","HIGH"
"3","3.705(e)","P_3_705_e","Final agency decision . The agency head or designee must base the final decision on all available information, and any relevant information submitted in writing or presented during a hearing. If the agency decision declares void and rescinds the contract, the final decision must specify the amounts due and property to be returned to the agency and reflect consideration of the fair value of any tangible benefits received and retained by the agency. Notice of the decision must be sent promptly by certified mail, return receipt requested. When contracts are rescinded under the Act’s authority and the agency head demands recovery of amounts expended and property transferred, this is not considered a claim under 41 U.S.C. chapter 71, Contract Disputes or part 33. Therefore, the procedures required by the statute and the FAR for the issuance of a final contracting officer decision are not applicable to final agency decisions under this subpart and must not be followed. - Limitations on the Payment of Funds to Influence Federal Transactions","P_3_705_e_a: Final agency decision . The agency head or designee must base the final decision on all available information; P_3_705_e_b: any relevant information submitted in writing or presented during a hearing. If the agency decision declares void and rescinds the contract, the final decision must specify the amounts due and property to be returned to the agency and reflect consideration of the fair value of any tangible benefits received and retained by the agency. Notice of the decision must be sent promptly by certified mail, return receipt requested. When contracts are rescinded under the Act’s authority and the agency head demands recovery of amounts expended and property transferred, this is not considered a claim under 41 U.S.C. chapter 71, Contract Disputes or part 33. Therefore, the procedures required by the statute and the FAR for the issuance of a final contracting officer decision are not applicable to final agency decisions under this subpart and must not be followed. - Limitations on the Payment of Funds to Influence Federal Transactions","~P_3_705_e_a ^ ~P_3_705_e_b","Part_33","Negation (Neg): Rule 10; Conjunction (Conj): Rule 7","VALIDATED","PASS","PASS","Prohibition. Negated requirement. Contains conditional trigger pattern (if/when/where). External dependencies: Part_33.","HIGH"
"3","3.800","P_3_800","Scope of subpart. This subpart prescribes policies and procedures implementing 31 U.S.C. 1352, “Limitation on use of appropriated funds to influence certain Federal contracting and financial transactions.”","P_3_800: Scope of subpart. This subpart prescribes policies and procedures implementing 31 U.S.C. 1352, “Limitation on use of appropriated funds to influence certain Federal contracting and financial transactions.”","P_3_800","None","Direct Statement","VALIDATED","PASS","PASS","Declarative statement establishing scope, definition, or policy.","HIGH"
"3","3.801","P_3_801","Definitions. As used in this subpart- Agency means executive agency as defined in 2.101. Covered Federal action means any of the following actions:","P_3_801: Definitions. As used in this subpart- Agency means executive agency as defined in 2.101. Covered Federal action means any of the following actions:","P_3_801","P_3_101","Direct Statement","VALIDATED","PASS","PASS","Declarative statement establishing scope, definition, or policy.","HIGH"
"3","3.801(1)","P_3_801_1","Awarding any Federal contract.","P_3_801_1: Awarding any Federal contract.","P_3_801_1","None","Direct Statement","VALIDATED","PASS","PASS","Declarative statement establishing scope, definition, or policy.","HIGH"
"3","3.801(1)(2)","P_3_801_1_2","Making any Federal grant.","P_3_801_1_2: Making any Federal grant.","P_3_801_1_2","None","Direct Statement","VALIDATED","PASS","PASS","Declarative statement establishing scope, definition, or policy.","HIGH"
"3","3.801(1)(2)(3)","P_3_801_1_2_3","Making any Federal loan.","P_3_801_1_2_3: Making any Federal loan.","P_3_801_1_2_3","None","Direct Statement","VALIDATED","PASS","PASS","Declarative statement establishing scope, definition, or policy.","HIGH"
"3","3.801(1)(2)(3)(4)","P_3_801_1_2_3_4","Entering into any cooperative agreement.","P_3_801_1_2_3_4: Entering into any cooperative agreement.","P_3_801_1_2_3_4","None","Direct Statement","VALIDATED","PASS","PASS","Declarative statement establishing scope, definition, or policy.","HIGH"
"3","3.801(1)(2)(3)(4)(5)","P_3_3_801_def_1046","Extending, continuing, renewing, amending, or modifying any Federal contract, grant, loan, or cooperative agreement. Indian tribe and ""tribal organization"" have the meaning provided in section 4 of the Indian Self-Determination and Education Assistance Act ( 25 U.S.C. 450b  ) and include Alaskan Natives. Influencing or attempting to influence means making, with the intent to influence, any communication to or appearance before an officer or employee of any agency, a Member of Congress, an officer or employee of Congress, or an employee of a Member of Congress in connection with any covered Federal action. Local government means a unit of government in a State and, if chartered, established, or otherwise recognized by a State for the performance of a governmental duty, including a local public authority, a special district, an intrastate district, a council of governments, a sponsor group representative organization, and any other instrumentality of a local government. Officer or employee of an agency includes the following individuals who are employed by an agency:","P_3_801_1_2_3_4_5_a: Extending, continuing, renewing, amending, or modifying any Federal contract, grant, loan, or cooperative agreement. Indian tribe and ""tribal organization"" have the meaning provided in section 4 of the Indian Self-Determination and Education Assistance Act ( 25 U.S.C. 450b  ) and include Alaskan Natives. Influencing or attempting to influence means making, with the intent to influence, any communication to or appearance before an officer or employee of any agency, a Member of Congress, an officer or employee of Congress, or an employee of a Member of Congress in connection with any covered Federal action. Local government means a unit of government in a State and, if chartered, established, or otherwise recognized by a State for the performance of a governmental duty, including a local public authority, a special district, an intrastate district, a council of governments, a sponsor group representative organization; P_3_801_1_2_3_4_5_b: any other instrumentality of a local government. Officer or employee of an agency includes the following individuals who are employed by an agency:","P_3_801_1_2_3_4_5_a -> P_3_801_1_2_3_4_5_b","None","Material Implication (Impl): Rule 15 [HIGH-RISK]","PENDING_REVIEW","PASS","PASS","Declarative statement establishing scope, definition, or policy. Contains conditional trigger pattern (if/when/where). Uses HIGH-RISK transformation rule. Requires external review. Note: Nested definition item, original ref: 3.801(1)(2)(3)(4)(5).","MEDIUM"
"3","3.801(1)(2)(3)(4)(5)(1)","P_3_3_801_def_8621","An individual who is appointed to a position in the Government under Title 5, United States Code, including a position under a temporary appointment.","P_3_801_1_2_3_4_5_1: An individual who is appointed to a position in the Government under Title 5, United States Code, including a position under a temporary appointment.","P_3_801_1_2_3_4_5_1","None","Direct Statement","VALIDATED","PASS","PASS","Declarative statement establishing scope, definition, or policy. Note: Nested definition item, original ref: 3.801(1)(2)(3)(4)(5)(1).","HIGH"
"3","3.801(1)(2)(3)(4)(5)(1)(2)","P_3_3_801_def_8145","A member of the uniformed services, as defined in subsection 101(3), Title 37, United States Code.","P_3_801_1_2_3_4_5_1_2: A member of the uniformed services, as defined in subsection 101(3), Title 37, United States Code.","P_3_801_1_2_3_4_5_1_2","None","Direct Statement","VALIDATED","PASS","PASS","Declarative statement establishing scope, definition, or policy. Note: Nested definition item, original ref: 3.801(1)(2)(3)(4)(5)(1)(2).","HIGH"
"3","3.801(1)(2)(3)(4)(5)(1)(2)(3)","P_3_3_801_def_7074","A special Government employee, as defined in section 202, Title 18, United States Code.","P_3_801_1_2_3_4_5_1_2_3: A special Government employee, as defined in section 202, Title 18, United States Code.","P_3_801_1_2_3_4_5_1_2_3","None","Direct Statement","VALIDATED","PASS","PASS","Declarative statement establishing scope, definition, or policy. Note: Nested definition item, original ref: 3.801(1)(2)(3)(4)(5)(1)(2)(3).","HIGH"
"3","3.801(1)(2)(3)(4)(5)(1)(2)(3)(4)","P_3_3_801_def_8125","An individual who is a member of a Federal advisory committee, as defined by the Federal Advisory Committee Act, Title 5, United States Code, appendix 2. Person means an individual, corporation, company, association, authority, firm, partnership, society, State, and local government, regardless of whether such entity is operated for profit or not for profit. This term excludes an Indian tribe, tribal organization, or any other Indian organization eligible to receive Federal contracts, grants, cooperative agreements, or loans from an agency, but only with respect to expenditures by such tribe or organization that are made for purposes specified in paragraph 3.802(a) and are permitted by other Federal law. Reasonable compensation means, with respect to a regularly employed officer or employee of any person, compensation that is consistent with the normal compensation for such officer or employee for work that is not furnished to, not funded by, or not furnished in cooperation with the Federal Government. Reasonable payment means, with respect to professional and other technical services, a payment in an amount that is consistent with the amount normally paid for such services in the private sector. Recipient includes the contractor and all subcontractors. This term excludes an Indian tribe, tribal organization, or any other Indian organization eligible to receive Federal contracts, grants, cooperative agreements, or loans from an agency, but only with respect to expenditures by such tribe or organization that are made for purposes specified in paragraph 3.802(a) and are permitted by other Federal law. Regularly employed means, with respect to an officer or employee of a person requesting or receiving a Federal contract, an officer or employee who is employed by such person for at least 130 working days within 1 year immediately preceding the date of the submission that initiates agency consideration of such person for receipt of such contract. An officer or employee who is employed by such person for less than 130 working days within 1 year immediately preceding the date of the submission that initiates agency consideration of such person shall be considered to be regularly employed as soon as he or she is employed by such person for 130 working days. State means a State of the United States, the District of Columbia, an outlying area of the United States, an agency or instrumentality of a State, and multi-State, regional, or interstate entity having governmental duties and powers.","P_3_801_1_2_3_4_5_1_2_3_4_a: An individual who is a member of a Federal advisory committee, as defined by the Federal Advisory Committee Act, Title 5, United States Code, appendix 2. Person means an individual, corporation, company, association, authority, firm, partnership, society, State; P_3_801_1_2_3_4_5_1_2_3_4_b: local government, regardless of whether such entity is operated for profit or not for profit. This term excludes an Indian tribe, tribal organization, or any other Indian organization eligible to receive Federal contracts, grants, cooperative agreements, or loans from an agency, but only with respect to expenditures by such tribe or organization that are made for purposes specified in paragraph 3.802(a) and are permitted by other Federal law. Reasonable compensation means, with respect to a regularly employed officer or employee of any person, compensation that is consistent with the normal compensation for such officer or employee for work that is not furnished to, not funded by, or not furnished in cooperation with the Federal Government. Reasonable payment means, with respect to professional and other technical services, a payment in an amount that is consistent with the amount normally paid for such services in the private sector. Recipient includes the contractor and all subcontractors. This term excludes an Indian tribe, tribal organization, or any other Indian organization eligible to receive Federal contracts, grants, cooperative agreements, or loans from an agency, but only with respect to expenditures by such tribe or organization that are made for purposes specified in paragraph 3.802(a) and are permitted by other Federal law. Regularly employed means, with respect to an officer or employee of a person requesting or receiving a Federal contract, an officer or employee who is employed by such person for at least 130 working days within 1 year immediately preceding the date of the submission that initiates agency consideration of such person for receipt of such contract. An officer or employee who is employed by such person for less than 130 working days within 1 year immediately preceding the date of the submission that initiates agency consideration of such person shall be considered to be regularly employed as soon as he or she is employed by such person for 130 working days. State means a State of the United States, the District of Columbia, an outlying area of the United States, an agency or instrumentality of a State; P_3_801_1_2_3_4_5_1_2_3_4_c: multi-State, regional, or interstate entity having governmental duties and powers.","P_3_801_1_2_3_4_5_1_2_3_4_a ^ P_3_801_1_2_3_4_5_1_2_3_4_b ^ P_3_801_1_2_3_4_5_1_2_3_4_c","P_3_802_a","Conjunction (Conj): Rule 7","VALIDATED","PASS","PASS","Mandatory requirement using 'shall'/'must'. Note: Nested definition item, original ref: 3.801(1)(2)(3)(4)(5)(1)(2)(3)(4).","HIGH"
"3","3.802","P_3_802","Statutory prohibition and requirement.","P_3_802: Statutory prohibition and requirement.","P_3_802","None","Direct Statement","VALIDATED","PASS","PASS","Declarative statement establishing scope, definition, or policy.","HIGH"
"3","3.802(a)","P_3_802_a","31 U.S.C. 1352 prohibits recipients of Federal contracts, grants, loans, or cooperative agreements from using appropriated funds to pay any person for influencing or attempting to influence an officer or employee of an agency, a Member of Congress, an officer or employee of Congress, or an employee of a Member of Congress regarding covered Federal actions.","P_3_802_a: 31 U.S.C. 1352 prohibits recipients of Federal contracts, grants, loans, or cooperative agreements from using appropriated funds to pay any person for influencing or attempting to influence an officer or employee of an agency, a Member of Congress, an officer or employee of Congress, or an employee of a Member of Congress regarding covered Federal actions.","P_3_802_a","None","Direct Statement","VALIDATED","PASS","PASS","Declarative statement establishing scope, definition, or policy.","HIGH"
"3","3.802(a)(1)","P_3_802_a_1","For purposes of this subpart the term ""appropriated funds"" does not include profit or fee from a covered Federal action.","P_3_802_a_1: For purposes of this subpart the term ""appropriated funds"" does not include profit or fee from a covered Federal action.","P_3_802_a_1","None","Direct Statement","VALIDATED","PASS","PASS","Declarative statement establishing scope, definition, or policy.","HIGH"
"3","3.802(a)(2)","P_3_802_a_2","If a person shows they have enough non-Federal appropriated funds, the Government must assume these other funds were used for any influencing activities that would be unallowable if paid for with Federal appropriated funds.","P_3_802_a_2: If a person shows they have enough non-Federal appropriated funds, the Government must assume these other funds were used for any influencing activities that would be unallowable if paid for with Federal appropriated funds.","P_3_802_a_2","None","Material Implication (Impl): Rule 15 [HIGH-RISK]","PENDING_REVIEW","PASS","PASS","Mandatory requirement using 'shall'/'must'. Contains conditional trigger pattern (if/when/where). Uses HIGH-RISK transformation rule. Requires external review.","MEDIUM"
"3","3.802(b)","P_3_802_b","31 U.S.C. 1352 also requires offerors to submit a declaration that includes both certification and disclosure, with regular updates of the disclosure after contract award. These requirements appear in the provision at 52.203-11, Certification and Disclosure Regarding Payments to Influence Certain Federal Transactions, and the clause at 52.203-12, Limitation on Payments to Influence Certain Federal Transactions.","P_3_802_b_a: 31 U.S.C. 1352 also requires offerors to submit a declaration that includes both certification and disclosure, with regular updates of the disclosure after contract award. These requirements appear in the provision at 52.203-11, Certification and Disclosure Regarding Payments to Influence Certain Federal Transactions; P_3_802_b_b: the clause at 52.203-12, Limitation on Payments to Influence Certain Federal Transactions.","P_3_802_b_a ^ P_3_802_b_b","P_3_.203_11; P_3_.203_12","Conjunction (Conj): Rule 7","VALIDATED","PASS","PASS","Declarative statement establishing scope, definition, or policy.","HIGH"
"3","3.803","P_3_803","Exceptions.","P_3_803: Exceptions.","P_3_803","None","Direct Statement","VALIDATED","PASS","PASS","Declarative statement establishing scope, definition, or policy.","HIGH"
"3","3.803(a)","P_3_803_a","The prohibition of paragraph 3.802(a) does not apply under the following conditions:","P_3_803_a: The prohibition of paragraph 3.802(a) does not apply under the following conditions:","P_3_803_a","P_3_802_a","Direct Statement","VALIDATED","PASS","PASS","Declarative statement establishing scope, definition, or policy.","HIGH"
"3","3.803(a)(1)","P_3_803_a_1","Agency and legislative liaison by own employees.","P_3_803_a_1: Agency and legislative liaison by own employees.","P_3_803_a_1","None","Direct Statement","VALIDATED","PASS","PASS","Declarative statement establishing scope, definition, or policy.","HIGH"
"3","3.803(a)(1)(i)","P_3_803_a_1_i","Payment of reasonable compensation made to an officer or employee of a person requesting or receiving a covered Federal action is permitted when the payment is for agency and legislative liaison activities not directly related to a covered Federal action. Providing any information specifically requested by an agency or Congress is permitted at any time.","P_3_803_a_1_i: Payment of reasonable compensation made to an officer or employee of a person requesting or receiving a covered Federal action is permitted when the payment is for agency and legislative liaison activities not directly related to a covered Federal action. Providing any information specifically requested by an agency or Congress is permitted at any time.","P_3_803_a_1_i","None","Material Implication (Impl): Rule 15 [HIGH-RISK]","PENDING_REVIEW","PASS","PASS","Declarative statement establishing scope, definition, or policy. Contains conditional trigger pattern (if/when/where). Uses HIGH-RISK transformation rule. Requires external review.","MEDIUM"
"3","3.803(a)(1)(ii)","P_3_803_a_1_ii","Participating with an agency in discussions unrelated to a specific solicitation for any covered Federal action, is permitted when discussions concern-","P_3_803_a_1_ii: Participating with an agency in discussions unrelated to a specific solicitation for any covered Federal action, is permitted when discussions concern-","P_3_803_a_1_ii","None","Material Implication (Impl): Rule 15 [HIGH-RISK]","PENDING_REVIEW","PASS","PASS","Declarative statement establishing scope, definition, or policy. Contains conditional trigger pattern (if/when/where). Uses HIGH-RISK transformation rule. Requires external review.","MEDIUM"
"3","3.803(a)(1)(ii)(A)","P_3_803_a_1_ii_A","The qualities and characteristics (including demonstrations) of the person's products or services, sales terms, and service capabilities; or","P_3_803_a_1_ii_A_a: The qualities and characteristics (including demonstrations) of the person's products or services, sales terms; P_3_803_a_1_ii_A_b: service capabilities; or","P_3_803_a_1_ii_A_a ^ P_3_803_a_1_ii_A_b","None","Conjunction (Conj): Rule 7","VALIDATED","PASS","PASS","Declarative statement establishing scope, definition, or policy.","HIGH"
"3","3.803(a)(1)(ii)(B)","P_3_803_a_1_ii_B","How the person's products or services might be adapted for agency use.","P_3_803_a_1_ii_B: How the person's products or services might be adapted for agency use.","P_3_803_a_1_ii_B","None","Direct Statement","VALIDATED","PASS","PASS","Declarative statement establishing scope, definition, or policy.","HIGH"
"3","3.803(a)(1)(iii)","P_3_803_a_1_iii","Providing information not specifically requested but necessary for an agency to make an informed decision about starting a covered Federal action is permitted before formal solicitation.","P_3_803_a_1_iii: Providing information not specifically requested but necessary for an agency to make an informed decision about starting a covered Federal action is permitted before formal solicitation.","P_3_803_a_1_iii","None","Direct Statement","VALIDATED","PASS","PASS","Declarative statement establishing scope, definition, or policy.","HIGH"
"3","3.803(a)(1)(iv)","P_3_803_a_1_iv","Participating in technical discussions about preparing an unsolicited proposal before its official submission is permitted.","P_3_803_a_1_iv: Participating in technical discussions about preparing an unsolicited proposal before its official submission is permitted.","P_3_803_a_1_iv","None","Direct Statement","VALIDATED","PASS","PASS","Declarative statement establishing scope, definition, or policy.","HIGH"
"3","3.803(a)(1)(v)","P_3_803_a_1_v","Making capability presentations before formal solicitation when seeking an award under the Small Business Act, as amended by Public Law 95-507 and later amendments, is permitted.","P_3_803_a_1_v: Making capability presentations before formal solicitation when seeking an award under the Small Business Act, as amended by Public Law 95-507 and later amendments, is permitted.","P_3_803_a_1_v","None","Material Implication (Impl): Rule 15 [HIGH-RISK]","PENDING_REVIEW","PASS","PASS","Declarative statement establishing scope, definition, or policy. Contains conditional trigger pattern (if/when/where). Uses HIGH-RISK transformation rule. Requires external review.","MEDIUM"
"3","3.803(a)(1)(v)(2)","P_3_803_a_1_v_2","Professional and technical services . (i) Reasonable compensation to an officer or employee of a person requesting or receiving a covered Federal action is permitted when payment is for professional or technical services rendered directly in the preparation, submission, or negotiation of any bid, proposal, or application for that Federal action or for meeting requirements imposed by or pursuant to law as a condition for receiving that Federal action. (ii) Reasonable payment to persons who are not officers or employees of a person requesting or receiving a covered Federal action is permitted when payment is for professional or technical services rendered directly in the preparation, submission, or negotiation of a bid, proposal, or application for that Federal action or for meeting requirements imposed by or pursuant to law as a condition for receiving that Federal action. Persons other than officers or employees of a person requesting or receiving a covered Federal action include consultants and trade associations. (iii) In this section, ""professional and technical services"" means advice and analysis directly applying professional or technical expertise. For example, drafting of a legal document accompanying a bid or proposal by a lawyer is a professional service. But lobbying activities, as defined in this subpart, performed by a professional lobbyist are not professional services. Similarly, technical analyses of a potential offeror's capabilities are professional services. But communications with the intent to influence Federal officials into awarding a contract on a sole-source basis are not. (iv) Requirements imposed by or pursuant to law as a condition for receiving a covered Federal action includes those in laws, regulations, and the actual award documents.","P_3_803_a_1_v_2_i: Reasonable compensation to an officer or employee is permitted when payment is for professional or technical services rendered directly in preparation, submission, or negotiation of any bid, proposal, or application for that Federal action or for meeting requirements imposed by or pursuant to law; P_3_803_a_1_v_2_ii: Reasonable payment to persons who are not officers or employees is permitted when payment is for professional or technical services rendered directly in preparation, submission, or negotiation of a bid, proposal, or application, including consultants and trade associations; P_3_803_a_1_v_2_iii: Professional and technical services means advice and analysis directly applying professional or technical expertise; P_3_803_a_1_v_2_iv: Requirements imposed by or pursuant to law as a condition for receiving a covered Federal action includes those in laws, regulations, and the actual award documents.","(P_3_803_a_1_v_2_i v ~P_3_803_a_1_v_2_i) ^ (P_3_803_a_1_v_2_ii v ~P_3_803_a_1_v_2_ii) ^ P_3_803_a_1_v_2_iii ^ P_3_803_a_1_v_2_iv","P_3_802_a; P_3_803_a","Tautology (Taut): Rule 18; Conjunction (Conj): Rule 7","PENDING_REVIEW","PASS","PASS","Permissive exceptions (i) and (ii) use 'is permitted' creating tautologies. Definitions (iii) and (iv) are declarative conjuncts. Compound structure combining permissive authority with definitional constraints. Requires external review.","MEDIUM"
"3","3.803(b)","P_3_803_b","Only the communications and services specifically authorized in paragraph (a) are permitted.","P_3_803_b: Only the communications and services specifically authorized in paragraph (a) are permitted.","P_3_803_b","None","Direct Statement","VALIDATED","PASS","PASS","Declarative statement establishing scope, definition, or policy.","HIGH"
"3","3.803(c)","P_3_803_c","The disclosure requirements in paragraph 3.802(b) do not apply to reasonable compensation paid to regularly employed officers of a person.","P_3_803_c: The disclosure requirements in paragraph 3.802(b) do not apply to reasonable compensation paid to regularly employed officers of a person.","P_3_803_c","P_3_802_b","Direct Statement","VALIDATED","PASS","PASS","Declarative statement establishing scope, definition, or policy.","HIGH"
"3","3.804","P_3_804","Policy. The contracting officer shall obtain certifications and disclosures as required by the provision at 52.203-11, Certification and Disclosure Regarding Payments to Influence Certain Federal Transactions, prior to the award of any contract exceeding $200,000.","P_3_804: Policy. The contracting officer shall obtain certifications and disclosures as required by the provision at 52.203-11, Certification and Disclosure Regarding Payments to Influence Certain Federal Transactions, prior to the award of any contract exceeding $200,000.","P_3_804","P_3_.203_11","Direct Statement","VALIDATED","PASS","PASS","Mandatory requirement using 'shall'/'must'.","HIGH"
"3","3.805","P_3_805","Exemption. The Secretary of Defense may exempt, on a case-by-case basis, a covered Federal action from the prohibitions of this subpart whenever the Secretary determines, in writing, that such an exemption is in the national interest. The Secretary shall transmit a copy of the exemption to Congress immediately after making the determination.","P_3_805: Exemption. The Secretary of Defense may exempt, on a case-by-case basis, a covered Federal action from the prohibitions of this subpart whenever the Secretary determines, in writing, that such an exemption is in the national interest. The Secretary shall transmit a copy of the exemption to Congress immediately after making the determination.","P_3_805","None","Direct Statement","VALIDATED","PASS","PASS","Mandatory requirement using 'shall'/'must'.","HIGH"
"3","3.806","P_3_806","Processing suspected violations. The contracting officer must report suspected violations of the requirements of 31 U.S.C. 1352 in accordance with agency procedures.","P_3_806: Processing suspected violations. The contracting officer must report suspected violations of the requirements of 31 U.S.C. 1352 in accordance with agency procedures.","P_3_806","None","Direct Statement","VALIDATED","PASS","PASS","Mandatory requirement using 'shall'/'must'.","HIGH"
"3","3.807","P_3_807","Civil penalties. Agencies must impose and collect civil penalties according to the Program Fraud and Civil Remedies Act, 31 U.S.C. 3803 (except subsection (c)), 3804-3808, and 3812. These penalties apply when the Act's provisions do not conflict with the requirements of this subpart.","P_3_807_a: Civil penalties. Agencies must impose and collect civil penalties according to the Program Fraud and Civil Remedies Act, 31 U.S.C. 3803 (except subsection (c)), 3804-3808; P_3_807_b: 3812. These penalties apply when the Act's provisions do not conflict with the requirements of this subpart.","P_3_807_a -> P_3_807_b","None","Material Implication (Impl): Rule 15 [HIGH-RISK]","PENDING_REVIEW","PASS","PASS","Mandatory requirement using 'shall'/'must'. Contains conditional trigger pattern (if/when/where). Uses HIGH-RISK transformation rule. Requires external review.","MEDIUM"
"3","3.808","P_3_808","Solicitation provision and contract clause.","P_3_808: Solicitation provision and contract clause.","P_3_808","None","Direct Statement","VALIDATED","PASS","PASS","Declarative statement establishing scope, definition, or policy.","HIGH"
"3","3.808(a)","P_3_808_a","Insert the provision at 52.203-11, Certification and Disclosure Regarding Payments to Influence Certain Federal Transactions, in solicitations expected to exceed $200,000.","P_3_808_a: Insert the provision at 52.203-11, Certification and Disclosure Regarding Payments to Influence Certain Federal Transactions, in solicitations expected to exceed $200,000.","P_3_808_a","P_3_.203_11","Direct Statement","VALIDATED","PASS","PASS","Declarative statement establishing scope, definition, or policy.","HIGH"
"3","3.808(b)","P_3_808_b","Insert the clause at 52.203-12, Limitation on Payments to Influence Certain Federal Transactions, in solicitations and contracts expected to exceed $200,000. - Whistleblower Protections for Contractor Employees","P_3_808_b: Insert the clause at 52.203-12, Limitation on Payments to Influence Certain Federal Transactions, in solicitations and contracts expected to exceed $200,000. - Whistleblower Protections for Contractor Employees","P_3_808_b","P_3_.203_12","Direct Statement","VALIDATED","PASS","PASS","Declarative statement establishing scope, definition, or policy.","HIGH"
"3","3.900","P_3_900","Scope of subpart. This subpart implements various statutory whistleblower programs. This subpart does not implement 10 U.S.C. 4701, which is applicable only to DoD, NASA, and the Coast Guard.","P_3_900: Scope of subpart. This subpart implements various statutory whistleblower programs. This subpart does not implement 10 U.S.C. 4701, which is applicable only to DoD, NASA, and the Coast Guard.","P_3_900","None","Direct Statement","VALIDATED","PASS","PASS","Declarative statement establishing scope, definition, or policy.","HIGH"
"3","3.900(a)","P_3_900_a","41 U.S.C. 4712 is implemented in 3.900 through 3.906. These sections do not apply to—","P_3_900_a: 41 U.S.C. 4712 is implemented in 3.900 through 3.906. These sections do not apply to—","P_3_900_a","P_3_900; P_3_906","Direct Statement","VALIDATED","PASS","PASS","Declarative statement establishing scope, definition, or policy.","HIGH"
"3","3.900(a)(1)","P_3_900_a_1","DoD, NASA, and the Coast Guard; or","P_3_900_a_1: DoD, NASA, and the Coast Guard; or","P_3_900_a_1","None","Direct Statement","VALIDATED","PASS","PASS","Declarative statement establishing scope, definition, or policy.","HIGH"
"3","3.900(a)(2)","P_3_900_a_2","Any element of the intelligence community, as defined in section 3(4) of the National Security Act of 1947 (50 U.S.C. 3003(4)). Sections 3.900 through 3.906 do not apply to any disclosure made by an employee of a contractor or subcontractor of an element of the intelligence community if such disclosure—","P_3_900_a_2: Any element of the intelligence community, as defined in section 3(4) of the National Security Act of 1947 (50 U.S.C. 3003(4)). Sections 3.900 through 3.906 do not apply to any disclosure made by an employee of a contractor or subcontractor of an element of the intelligence community if such disclosure—","P_3_900_a_2","P_3_900; P_3_906","Material Implication (Impl): Rule 15 [HIGH-RISK]","PENDING_REVIEW","PASS","PASS","Declarative statement establishing scope, definition, or policy. Contains conditional trigger pattern (if/when/where). Uses HIGH-RISK transformation rule. Requires external review.","MEDIUM"
"3","3.900(a)(2)(i)","P_3_900_a_2_i","Relates to an activity of an element of the intelligence community; or","P_3_900_a_2_i: Relates to an activity of an element of the intelligence community; or","P_3_900_a_2_i","None","Direct Statement","VALIDATED","PASS","PASS","Declarative statement establishing scope, definition, or policy.","HIGH"
"3","3.900(a)(2)(ii)","P_3_900_a_2_ii","Was discovered during contract or subcontract services provided to an element of the intelligence community.","P_3_900_a_2_ii: Was discovered during contract or subcontract services provided to an element of the intelligence community.","P_3_900_a_2_ii","None","Direct Statement","VALIDATED","PASS","PASS","Declarative statement establishing scope, definition, or policy.","HIGH"
"3","3.900(b)","P_3_900_b","Section 743 of Division E, Title VII, of the Consolidated and Further Continuing Appropriations Act, 2015 (Pub. L. 113-235) and its successor provisions in subsequent appropriations acts (and as extended in continuing resolutions), is implemented in 3.909, which is applicable to all agencies.","P_3_900_b: Section 743 of Division E, Title VII, of the Consolidated and Further Continuing Appropriations Act, 2015 (Pub. L. 113-235) and its successor provisions in subsequent appropriations acts (and as extended in continuing resolutions), is implemented in 3.909, which is applicable to all agencies.","P_3_900_b","P_3_909","Direct Statement","VALIDATED","PASS","PASS","Declarative statement establishing scope, definition, or policy.","HIGH"
"3","3.901","P_3_901","Definitions. As used in this subpart- Abuse of authority means an arbitrary and capricious exercise of authority that is inconsistent with the mission of the executive agency concerned or the successful performance of a contract of such agency. Authorized official of the Department of Justice means any person responsible for the investigation, enforcement, or prosecution of any law or regulation. Inspector General means an Inspector General appointed under chapter 4 of title 5 of the United States Code and any Inspector General that receives funding from, or has oversight over contracts awarded for, or on behalf of, the executive agency concerned. Internal confidentiality agreement or statement means a confidentiality agreement or any other written statement that the contractor requires any of its employees or subcontractors to sign regarding nondisclosure of contractor information, except that it does not include confidentiality agreements arising out of civil litigation or confidentiality agreements that contractor employees or subcontractors sign at the behest of a Federal agency. Subcontract means any contract as defined in subpart 2.1 entered into by a subcontractor to furnish supplies or services for performance of a prime contract or a subcontract. It includes but is not limited to purchase orders, and changes and modifications to purchase orders. Subcontractor means any supplier, distributor, vendor, or firm (including a consultant) that furnishes supplies or services to or for a prime contractor or another subcontractor.","P_3_901_a: Definitions. As used in this subpart- Abuse of authority means an arbitrary and capricious exercise of authority that is inconsistent with the mission of the executive agency concerned or the successful performance of a contract of such agency. Authorized official of the Department of Justice means any person responsible for the investigation, enforcement, or prosecution of any law or regulation. Inspector General means an Inspector General appointed under chapter 4 of title 5 of the United States Code and any Inspector General that receives funding from, or has oversight over contracts awarded for, or on behalf of, the executive agency concerned. Internal confidentiality agreement or statement means a confidentiality agreement or any other written statement that the contractor requires any of its employees or subcontractors to sign regarding nondisclosure of contractor information, except that it does not include confidentiality agreements arising out of civil litigation or confidentiality agreements that contractor employees or subcontractors sign at the behest of a Federal agency. Subcontract means any contract as defined in subpart 2.1 entered into by a subcontractor to furnish supplies or services for performance of a prime contract or a subcontract. It includes but is not limited to purchase orders; P_3_901_b: changes and modifications to purchase orders. Subcontractor means any supplier, distributor, vendor, or firm (including a consultant) that furnishes supplies or services to or for a prime contractor or another subcontractor.","P_3_901_a ^ P_3_901_b","P_3_1","Conjunction (Conj): Rule 7","VALIDATED","PASS","PASS","Declarative statement establishing scope, definition, or policy.","HIGH"
"3","3.902","P_3_902","Classified information. 41 U.S.C. 4712 does not provide any right to disclose classified information not otherwise provided by law.","P_3_902: Classified information. 41 U.S.C. 4712 does not provide any right to disclose classified information not otherwise provided by law.","P_3_902","None","Direct Statement","VALIDATED","PASS","PASS","Declarative statement establishing scope, definition, or policy.","HIGH"
"3","3.903","P_3_903","Policy.","P_3_903: Policy.","P_3_903","None","Direct Statement","VALIDATED","PASS","PASS","Declarative statement establishing scope, definition, or policy.","HIGH"
"3","3.903(a)(1)","P_3_903_a_1","Contractors and subcontractors are prohibited from discharging, demoting, or otherwise discriminating against an employee as a reprisal for disclosing, to any of the entities listed at paragraph (b) of this section, information that the employee reasonably believes is—","P_3_903_a_1: Contractors and subcontractors are prohibited from discharging, demoting, or otherwise discriminating against an employee as a reprisal for disclosing, to any of the entities listed at paragraph (b) of this section, information that the employee reasonably believes is—","P_3_903_a_1","None","Direct Statement","VALIDATED","PASS","PASS","Declarative statement establishing scope, definition, or policy.","HIGH"
"3","3.903(a)(1)(i)","P_3_903_a_1_i","Evidence of gross mismanagement of a Federal contract;","P_3_903_a_1_i: Evidence of gross mismanagement of a Federal contract;","P_3_903_a_1_i","None","Direct Statement","VALIDATED","PASS","PASS","Declarative statement establishing scope, definition, or policy.","HIGH"
"3","3.903(a)(1)(ii)","P_3_903_a_1_ii","A gross waste of Federal funds;","P_3_903_a_1_ii: A gross waste of Federal funds;","P_3_903_a_1_ii","None","Direct Statement","VALIDATED","PASS","PASS","Declarative statement establishing scope, definition, or policy.","HIGH"
"3","3.903(a)(1)(iii)","P_3_903_a_1_iii","An abuse of authority relating to a Federal contract;","P_3_903_a_1_iii: An abuse of authority relating to a Federal contract;","P_3_903_a_1_iii","None","Direct Statement","VALIDATED","PASS","PASS","Declarative statement establishing scope, definition, or policy.","HIGH"
"3","3.903(a)(1)(iv)","P_3_903_a_1_iv","A substantial and specific danger to public health or safety; or","P_3_903_a_1_iv: A substantial and specific danger to public health or safety; or","P_3_903_a_1_iv","None","Direct Statement","VALIDATED","PASS","PASS","Declarative statement establishing scope, definition, or policy.","HIGH"
"3","3.903(a)(1)(v)","P_3_903_a_1_v","A violation of law, rule, or regulation related to a Federal contract (including the competition for or negotiation of a contract).","P_3_903_a_1_v: A violation of law, rule, or regulation related to a Federal contract (including the competition for or negotiation of a contract).","P_3_903_a_1_v","None","Direct Statement","VALIDATED","PASS","PASS","Declarative statement establishing scope, definition, or policy.","HIGH"
"3","3.903(a)(1)(v)(2)","P_3_903_a_1_v_2","A reprisal is prohibited even when requested by an executive branch official, unless the request takes the form of a non-discretionary directive and is within the authority of the executive branch official making the request.","P_3_903_a_1_v_2: A reprisal is prohibited even when requested by an executive branch official, unless the request takes the form of a non-discretionary directive and is within the authority of the executive branch official making the request.","P_3_903_a_1_v_2","None","Material Implication (Impl): Rule 15 [HIGH-RISK]","PENDING_REVIEW","PASS","PASS","Declarative statement establishing scope, definition, or policy. Contains conditional trigger pattern (if/when/where). Contains negative conditional (unless/except). Uses HIGH-RISK transformation rule. Requires external review.","MEDIUM"
"3","3.903(b)","P_3_903_b","Disclosure may be made to the following entities:","P_3_903_b: Disclosure may be made to the following entities:","(P_3_903_b v ~P_3_903_b)","None","Tautology (Taut): Rule 18","VALIDATED","PASS","PASS","Permissive 'may' creates discretionary authority. Tautology represents unrestricted choice.","MEDIUM"
"3","3.903(b)(1)","P_3_903_b_1","A Member of Congress or a representative of a committee of Congress.","P_3_903_b_1: A Member of Congress or a representative of a committee of Congress.","P_3_903_b_1","None","Direct Statement","VALIDATED","PASS","PASS","Declarative statement establishing scope, definition, or policy.","HIGH"
"3","3.903(b)(2)","P_3_903_b_2","An Inspector General.","P_3_903_b_2: An Inspector General.","P_3_903_b_2","None","Direct Statement","VALIDATED","PASS","PASS","Declarative statement establishing scope, definition, or policy.","HIGH"
"3","3.903(b)(3)","P_3_903_b_3","The Government Accountability Office.","P_3_903_b_3: The Government Accountability Office.","P_3_903_b_3","None","Direct Statement","VALIDATED","PASS","PASS","Declarative statement establishing scope, definition, or policy.","HIGH"
"3","3.903(b)(4)","P_3_903_b_4","A Federal employee responsible for contract oversight or management at the relevant agency.","P_3_903_b_4: A Federal employee responsible for contract oversight or management at the relevant agency.","P_3_903_b_4","None","Direct Statement","VALIDATED","PASS","PASS","Declarative statement establishing scope, definition, or policy.","HIGH"
"3","3.903(b)(5)","P_3_903_b_5","An authorized official of the Department of Justice or other law enforcement agency.","P_3_903_b_5: An authorized official of the Department of Justice or other law enforcement agency.","P_3_903_b_5","None","Direct Statement","VALIDATED","PASS","PASS","Declarative statement establishing scope, definition, or policy.","HIGH"
"3","3.903(b)(6)","P_3_903_b_6","A court or grand jury.","P_3_903_b_6: A court or grand jury.","P_3_903_b_6","None","Direct Statement","VALIDATED","PASS","PASS","Declarative statement establishing scope, definition, or policy.","HIGH"
"3","3.903(b)(7)","P_3_903_b_7","A management official or other employee of the contractor or subcontractor who has the responsibility to investigate, discover, or address misconduct.","P_3_903_b_7: A management official or other employee of the contractor or subcontractor who has the responsibility to investigate, discover, or address misconduct.","P_3_903_b_7","None","Direct Statement","VALIDATED","PASS","PASS","Declarative statement establishing scope, definition, or policy.","HIGH"
"3","3.903(c)","P_3_903_c","An employee who initiates or provides evidence of contractor or subcontractor misconduct in any judicial or administrative proceeding relating to waste, fraud, or abuse on a Federal contract must be deemed to have made a disclosure.","P_3_903_c: An employee who initiates or provides evidence of contractor or subcontractor misconduct in any judicial or administrative proceeding relating to waste, fraud, or abuse on a Federal contract must be deemed to have made a disclosure.","P_3_903_c","None","Direct Statement","VALIDATED","PASS","PASS","Mandatory requirement using 'shall'/'must'.","HIGH"
"3","3.904","P_3_904","Complaints.","P_3_904: Complaints.","P_3_904","None","Direct Statement","VALIDATED","PASS","PASS","Declarative statement establishing scope, definition, or policy.","HIGH"
"3","3.904-1","P_3_904_1","Procedures for filing complaints. A contractor or subcontractor employee who believes that he or she has been discharged, demoted, or otherwise discriminated against contrary to the policy in 3.903 may submit a complaint with the Inspector General of the agency concerned. Procedures for submitting fraud, waste, abuse, and whistleblower complaints are generally accessible on agency Office of Inspector General hotline or whistleblower internet sites or the complainant may directly contact the cognizant Office of the Inspector General for submission instructions. A complaint under 41 U.S.C. 4712 must be filed within three years from the date on which the alleged reprisal occurred.","P_3_904_1_a: Procedures for filing complaints. A contractor or subcontractor employee who believes that he or she has been discharged, demoted, or otherwise discriminated against contrary to the policy in 3.903 may submit a complaint with the Inspector General of the agency concerned. Procedures for submitting fraud, waste, abuse; P_3_904_1_b: whistleblower complaints are generally accessible on agency Office of Inspector General hotline or whistleblower internet sites or the complainant may directly contact the cognizant Office of the Inspector General for submission instructions. A complaint under 41 U.S.C. 4712 must be filed within three years from the date on which the alleged reprisal occurred.","P_3_904_1_a ^ P_3_904_1_b","P_3_903","Conjunction (Conj): Rule 7","VALIDATED","PASS","PASS","Mandatory requirement using 'shall'/'must'.","HIGH"
"3","3.904-2","P_3_904_2","Procedures for investigating complaints.","P_3_904_2: Procedures for investigating complaints.","P_3_904_2","None","Direct Statement","VALIDATED","PASS","PASS","Declarative statement establishing scope, definition, or policy.","HIGH"
"3","3.904-2(a)","P_3_904_2_a","Investigation of complaints will be conducted according to 41 U.S.C. 4712(b).","P_3_904_2_a: Investigation of complaints will be conducted according to 41 U.S.C. 4712(b).","P_3_904_2_a","None","Direct Statement","VALIDATED","PASS","PASS","Declarative statement establishing scope, definition, or policy.","HIGH"
"3","3.904-2(b)","P_3_904_2_b","After the investigation is complete, the head of the agency must ensure the Inspector General provides the report of findings to-","P_3_904_2_b: After the investigation is complete, the head of the agency must ensure the Inspector General provides the report of findings to-","P_3_904_2_b","None","Direct Statement","VALIDATED","PASS","PASS","Mandatory requirement using 'shall'/'must'.","HIGH"
"3","3.904-2(b)(1)","P_3_904_2_b_1","The head of the agency;","P_3_904_2_b_1: The head of the agency;","P_3_904_2_b_1","None","Direct Statement","VALIDATED","PASS","PASS","Declarative statement establishing scope, definition, or policy.","HIGH"
"3","3.904-2(b)(2)","P_3_904_2_b_2","The complainant and any person acting on the complainant's behalf; and","P_3_904_2_b_2: The complainant and any person acting on the complainant's behalf; and","P_3_904_2_b_2","None","Direct Statement","VALIDATED","PASS","PASS","Declarative statement establishing scope, definition, or policy.","HIGH"
"3","3.904-2(b)(3)","P_3_904_2_b_3","The contractor and/or subcontractor alleged to have committed the violation.","P_3_904_2_b_3: The contractor and/or subcontractor alleged to have committed the violation.","P_3_904_2_b_3","None","Direct Statement","VALIDATED","PASS","PASS","Declarative statement establishing scope, definition, or policy.","HIGH"
"3","3.904-2(c)","P_3_904_2_c","The complainant, contractor, and/or subcontractor must have the opportunity to submit a written response to the report of findings. This response must be submitted to the head of the agency and the Office of Inspector General within a timeframe set by the agency that allows the agency head to take action within 30 days after receiving the report, as required by 3.905-1(a).","P_3_904_2_c: The complainant, contractor, and/or subcontractor must have the opportunity to submit a written response to the report of findings. This response must be submitted to the head of the agency and the Office of Inspector General within a timeframe set by the agency that allows the agency head to take action within 30 days after receiving the report, as required by 3.905-1(a).","P_3_904_2_c","P_3_905_1_a","Direct Statement","VALIDATED","PASS","PASS","Mandatory requirement using 'shall'/'must'.","HIGH"
"3","3.905","P_3_905","Remedies and enforcement of orders.","P_3_905: Remedies and enforcement of orders.","P_3_905","None","Direct Statement","VALIDATED","PASS","PASS","Declarative statement establishing scope, definition, or policy.","HIGH"
"3","3.905-1","P_3_905_1","Remedies.","P_3_905_1: Remedies.","P_3_905_1","None","Direct Statement","VALIDATED","PASS","PASS","Declarative statement establishing scope, definition, or policy.","HIGH"
"3","3.905-1(a)","P_3_905_1_a","Agency response to Inspector General report. Not later than 30 days after receiving a report pursuant to 3.904-2, the head of the agency shall—","P_3_905_1_a: Agency response to Inspector General report. Not later than 30 days after receiving a report pursuant to 3.904-2, the head of the agency shall—","P_3_905_1_a","P_3_904_2","Direct Statement","VALIDATED","PASS","PASS","Mandatory requirement using 'shall'/'must'.","HIGH"
"3","3.905-1(a)(1)","P_3_905_1_a_1","Determine whether sufficient basis exists to conclude that the contractor or subcontractor has subjected the employee who submitted the complaint to a reprisal as prohibited by 3.903; and","P_3_905_1_a_1: Determine whether sufficient basis exists to conclude that the contractor or subcontractor has subjected the employee who submitted the complaint to a reprisal as prohibited by 3.903; and","P_3_905_1_a_1","P_3_903","Direct Statement","VALIDATED","PASS","PASS","Declarative statement establishing scope, definition, or policy.","HIGH"
"3","3.905-1(a)(2)","P_3_905_1_a_2","Either issue an order denying relief or take one or more of the following actions:","P_3_905_1_a_2: Either issue an order denying relief or take one or more of the following actions:","P_3_905_1_a_2","None","Direct Statement","VALIDATED","PASS","PASS","Declarative statement establishing scope, definition, or policy.","HIGH"
"3","3.905-1(a)(2)(i)","P_3_905_1_a_2_i","Order the contractor or subcontractor to take affirmative action to abate the reprisal.","P_3_905_1_a_2_i: Order the contractor or subcontractor to take affirmative action to abate the reprisal.","P_3_905_1_a_2_i","None","Direct Statement","VALIDATED","PASS","PASS","Declarative statement establishing scope, definition, or policy.","HIGH"
"3","3.905-1(a)(2)(ii)","P_3_905_1_a_2_ii","Order the contractor or subcontractor to reinstate the complainant employee to their previous position, with compensatory damages (including back pay), employment benefits, and other terms and conditions of employment that would apply if the reprisal had not occurred.","P_3_905_1_a_2_ii_a: Order the contractor or subcontractor to reinstate the complainant employee to their previous position, with compensatory damages (including back pay), employment benefits; P_3_905_1_a_2_ii_b: other terms and conditions of employment that would apply if the reprisal had not occurred.","P_3_905_1_a_2_ii_a -> P_3_905_1_a_2_ii_b","None","Material Implication (Impl): Rule 15 [HIGH-RISK]","PENDING_REVIEW","PASS","PASS","Declarative statement establishing scope, definition, or policy. Contains conditional trigger pattern (if/when/where). Uses HIGH-RISK transformation rule. Requires external review.","MEDIUM"
"3","3.905-1(a)(2)(iii)","P_3_905_1_a_2_iii","Order the contractor or subcontractor to pay the complainant employee an amount equal to all costs and expenses (including attorneys' fees and expert witnesses' fees) reasonably incurred by the complainant for, or in connection with, bringing the complaint regarding the reprisal, as determined by the head of the agency.","P_3_905_1_a_2_iii: Order the contractor or subcontractor to pay the complainant employee an amount equal to all costs and expenses (including attorneys' fees and expert witnesses' fees) reasonably incurred by the complainant for, or in connection with, bringing the complaint regarding the reprisal, as determined by the head of the agency.","P_3_905_1_a_2_iii","None","Direct Statement","VALIDATED","PASS","PASS","Declarative statement establishing scope, definition, or policy.","HIGH"
"3","3.905-1(a)(2)(iv)","P_3_905_1_a_2_iv","Consider disciplinary or corrective action against any executive agency official, if appropriate.","P_3_905_1_a_2_iv: Consider disciplinary or corrective action against any executive agency official, if appropriate.","P_3_905_1_a_2_iv","None","Material Implication (Impl): Rule 15 [HIGH-RISK]","PENDING_REVIEW","PASS","PASS","Declarative statement establishing scope, definition, or policy. Contains conditional trigger pattern (if/when/where). Uses HIGH-RISK transformation rule. Requires external review.","MEDIUM"
"3","3.905-1(b)","P_3_905_1_b","Complainant's right to go to court .","P_3_905_1_b: Complainant's right to go to court .","P_3_905_1_b","None","Direct Statement","VALIDATED","PASS","PASS","Declarative statement establishing scope, definition, or policy.","HIGH"
"3","3.905-1(b)(1)","P_3_905_1_b_1","Paragraph (b)(2) of this section applies if-","P_3_905_1_b_1: Paragraph (b)(2) of this section applies if-","P_3_905_1_b_1","None","Material Implication (Impl): Rule 15 [HIGH-RISK]","PENDING_REVIEW","PASS","PASS","Declarative statement establishing scope, definition, or policy. Contains conditional trigger pattern (if/when/where). Uses HIGH-RISK transformation rule. Requires external review.","MEDIUM"
"3","3.905-1(b)(1)(i)","P_3_905_1_b_1_i","The head of the agency issues an order denying relief; or","P_3_905_1_b_1_i: The head of the agency issues an order denying relief; or","P_3_905_1_b_1_i","None","Direct Statement","VALIDATED","PASS","PASS","Declarative statement establishing scope, definition, or policy.","HIGH"
"3","3.905-1(b)(1)(ii)","P_3_905_1_b_1_ii","The complainant may bring a de novo action at law or equity against the contractor or subcontractor to seek compensatory damages and other relief available under 41 U.S.C. 4712 in the appropriate U.S. district court, which has jurisdiction regardless of the amount in controversy.","P_3_905_1_b_1_ii: The complainant may bring a de novo action at law or equity against the contractor or subcontractor to seek compensatory damages and other relief available under 41 U.S.C. 4712 in the appropriate U.S. district court, which has jurisdiction regardless of the amount in controversy.","(P_3_905_1_b_1_ii v ~P_3_905_1_b_1_ii)","None","Tautology (Taut): Rule 18","VALIDATED","PASS","PASS","Permissive 'may' creates discretionary authority. Tautology represents unrestricted choice.","MEDIUM"
"3","3.905-1(b)(1)(ii)(A)","P_3_905_1_b_1_ii_A","The head of the agency has not issued an order- (","P_3_905_1_b_1_ii_A: The head of the agency has not issued an order- (","P_3_905_1_b_1_ii_A","None","Direct Statement","VALIDATED","PASS","PASS","Declarative statement establishing scope, definition, or policy.","HIGH"
"3","3.905-1(b)(1)(ii)(A)(1)","P_3_3_905_1_def_2692","Within 210 days after the submission of the complaint; or (","P_3_905_1_b_1_ii_A_1_a: Within 210 days after the submission of the complaint; P_3_905_1_b_1_ii_A_1_b: (","P_3_905_1_b_1_ii_A_1_a v P_3_905_1_b_1_ii_A_1_b","None","Disjunction (Disj): Rule 8","VALIDATED","PASS","PASS","Declarative statement establishing scope, definition, or policy. Note: Nested definition item, original ref: 3.905-1(b)(1)(ii)(A)(1).","HIGH"
"3","3.905-1(b)(1)(ii)(A)(1)(2)","P_3_3_905_1_def_6197","Within 30 days after the expiration of an extension of time granted in accordance with 41 U.S.C. 4712(b)(2)(B) for the submission of the report to those stated in 3.904-2(b); and","P_3_905_1_b_1_ii_A_1_2: Within 30 days after the expiration of an extension of time granted in accordance with 41 U.S.C. 4712(b)(2)(B) for the submission of the report to those stated in 3.904-2(b); and","P_3_905_1_b_1_ii_A_1_2","P_3_904_2_b","Direct Statement","VALIDATED","PASS","PASS","Declarative statement establishing scope, definition, or policy. Note: Nested definition item, original ref: 3.905-1(b)(1)(ii)(A)(1)(2).","HIGH"
"3","3.905-1(b)(1)(ii)(A)(1)(2)(B)","P_3_3_905_1_def_3296","There is no showing that such delay is due to the bad faith of the complainant.","P_3_905_1_b_1_ii_A_1_2_B: There is no showing that such delay is due to the bad faith of the complainant.","P_3_905_1_b_1_ii_A_1_2_B","None","Direct Statement","VALIDATED","PASS","PASS","Declarative statement establishing scope, definition, or policy. Note: Nested definition item, original ref: 3.905-1(b)(1)(ii)(A)(1)(2)(B).","HIGH"
"3","3.905-1(b)(1)(ii)(A)(1)(2)(B)(2)","P_3_3_905_1_def_3710","If the conditions in either paragraph (b)(1)(i) or (ii) of this section are met: (i) The complainant must be deemed to have exhausted all administrative remedies with respect to the complaint; and (ii) The complainant may bring a de novo action at law or equity against the contractor or subcontractor to seek compensatory damages and other relief available under this section in the appropriate district court of the United States. (A) Such an action must, at the request of either party to the action, be tried by the court with a jury.","P_3_905_1_b_1_ii_A_1_2_B_2_cond: The conditions in either paragraph (b)(1)(i) or (ii) of this section are met; P_3_905_1_b_1_ii_A_1_2_B_2_i: The complainant must be deemed to have exhausted all administrative remedies with respect to the complaint; P_3_905_1_b_1_ii_A_1_2_B_2_ii: The complainant may bring a de novo action at law or equity against the contractor or subcontractor to seek compensatory damages in the appropriate district court; P_3_905_1_b_1_ii_A_1_2_B_2_A: Such an action must, at the request of either party, be tried by the court with a jury.","P_3_905_1_b_1_ii_A_1_2_B_2_cond -> (P_3_905_1_b_1_ii_A_1_2_B_2_i ^ (P_3_905_1_b_1_ii_A_1_2_B_2_ii v ~P_3_905_1_b_1_ii_A_1_2_B_2_ii) ^ P_3_905_1_b_1_ii_A_1_2_B_2_A)","P_3_905_1_b_1_i; P_3_905_1_b_1_ii","Material Implication (Impl): Rule 15 [HIGH-RISK]; Conjunction (Conj): Rule 7; Tautology (Taut): Rule 18","PENDING_REVIEW","PASS","PASS","Conditional: if (b)(1)(i) or (ii) met, then: (i) mandatory exhaustion of admin remedies AND (ii) permissive de novo action AND (A) mandatory jury trial on request. Contains conditional trigger pattern (if/when/where). Uses HIGH-RISK transformation rule. Requires external review. Note: Nested definition item, original ref: 3.905-1(b)(1)(ii)(A)(1)(2)(B)(2).","MEDIUM"
"3","3.905-1(b)(1)(ii)(B)","P_3_905_1_b_1_ii_B","An action under this authority may not be brought more than 2 years after the date on which remedies are deemed to have been exhausted.","P_3_905_1_b_1_ii_B: An action under this authority may not be brought more than 2 years after the date on which remedies are deemed to have been exhausted.","~P_3_905_1_b_1_ii_B","None","Negation (Neg): Rule 10","VALIDATED","PASS","PASS","Prohibition. Negated requirement.","HIGH"
"3","3.905-1(c)","P_3_905_1_c","Admissibility in evidence . An Inspector General determination and an agency head order denying relief under this section must be admissible in evidence in any de novo action at law or equity brought pursuant to 41 U.S.C. 4712.","P_3_905_1_c: Admissibility in evidence . An Inspector General determination and an agency head order denying relief under this section must be admissible in evidence in any de novo action at law or equity brought pursuant to 41 U.S.C. 4712.","P_3_905_1_c","None","Direct Statement","VALIDATED","PASS","PASS","Mandatory requirement using 'shall'/'must'.","HIGH"
"3","3.905-1(d)","P_3_905_1_d","No waiver . The rights and remedies provided for in 41 U.S.C. 4712 may not be waived by any agreement, policy, form, or condition of employment.","P_3_905_1_d: No waiver . The rights and remedies provided for in 41 U.S.C. 4712 may not be waived by any agreement, policy, form, or condition of employment.","~P_3_905_1_d","None","Negation (Neg): Rule 10","VALIDATED","PASS","PASS","Prohibition. Negated requirement.","HIGH"
"3","3.905-2","P_3_905_2","Enforcement of orders.","P_3_905_2: Enforcement of orders.","P_3_905_2","None","Direct Statement","VALIDATED","PASS","PASS","Declarative statement establishing scope, definition, or policy.","HIGH"
"3","3.905-2(a)","P_3_905_2_a","When a contractor or subcontractor fails to comply with an order issued under 3.905-1(a)(2), the head of the agency concerned must file an action to enforce the order in the U.S. district court for the district where the reprisal occurred. In any action brought under this authority, the court may grant appropriate relief, including injunctive relief, compensatory and exemplary damages, and attorney fees and costs. The complainant employee upon whose behalf an order was issued may also file such an action or join an action filed by the head of the agency.","P_3_905_2_a_a: When a contractor or subcontractor fails to comply with an order issued under 3.905-1(a)(2), the head of the agency concerned must file an action to enforce the order in the U.S. district court for the district where the reprisal occurred. In any action brought under this authority, the court may grant appropriate relief, including injunctive relief, compensatory and exemplary damages; P_3_905_2_a_b: attorney fees and costs. The complainant employee upon whose behalf an order was issued may also file such an action or join an action filed by the head of the agency.","P_3_905_2_a_a -> P_3_905_2_a_b","P_3_905_1_a_2","Material Implication (Impl): Rule 15 [HIGH-RISK]","PENDING_REVIEW","PASS","PASS","Mandatory requirement using 'shall'/'must'. Contains conditional trigger pattern (if/when/where). Uses HIGH-RISK transformation rule. Requires external review.","MEDIUM"
"3","3.905-2(b)","P_3_905_2_b","Any person adversely affected or aggrieved by an order issued under 3.905-1(a)(2) may seek review of the order's compliance with 41 U.S.C. 4712 and its implementing regulations in the U.S. court of appeals for the circuit where the reprisal is alleged to have occurred. The petition for review must be filed within 60 days after the head of the agency issues the order. Filing such an appeal does not stop enforcement of the agency head's order unless the court specifically grants a stay.","P_3_905_2_b: Any person adversely affected or aggrieved by an order issued under 3.905-1(a)(2) may seek review of the order's compliance with 41 U.S.C. 4712 and its implementing regulations in the U.S. court of appeals for the circuit where the reprisal is alleged to have occurred. The petition for review must be filed within 60 days after the head of the agency issues the order. Filing such an appeal does not stop enforcement of the agency head's order unless the court specifically grants a stay.","P_3_905_2_b","P_3_905_1_a_2","Material Implication (Impl): Rule 15 [HIGH-RISK]","PENDING_REVIEW","PASS","PASS","Mandatory requirement using 'shall'/'must'. Contains conditional trigger pattern (if/when/where). Contains negative conditional (unless/except). Uses HIGH-RISK transformation rule. Requires external review.","MEDIUM"
"3","3.906","P_3_906","Contract clause. The contracting officer must insert the clause at 52.203-17, Contractor Employee Whistleblower Rights, in all solicitations and contracts, except solicitations and contracts of DoD, NASA, the Coast Guard, or applicable elements of the intelligence community (see 3.900(a)).","P_3_906: Contract clause. The contracting officer must insert the clause at 52.203-17, Contractor Employee Whistleblower Rights, in all solicitations and contracts, except solicitations and contracts of DoD, NASA, the Coast Guard, or applicable elements of the intelligence community (see 3.900(a)).","P_3_906","P_3_.203_17; P_3_900_a","Direct Statement","VALIDATED","PASS","PASS","Mandatory requirement using 'shall'/'must'.","HIGH"
"3","3.909","P_3_909","Prohibition on providing funds to an entity that requires certain internal confidentiality agreements or statements.","P_3_909: Prohibition on providing funds to an entity that requires certain internal confidentiality agreements or statements.","P_3_909","None","Direct Statement","VALIDATED","PASS","PASS","Declarative statement establishing scope, definition, or policy.","HIGH"
"3","3.909-1","P_3_909_1","Prohibition.","P_3_909_1: Prohibition.","P_3_909_1","None","Direct Statement","VALIDATED","PASS","PASS","Declarative statement establishing scope, definition, or policy.","HIGH"
"3","3.909-1(a)","P_3_909_1_a","The Government cannot use fiscal year 2015 and later fiscal year funds for contracts with entities that require employees or subcontractors to sign internal confidentiality agreements or statements that prohibit or restrict these employees or subcontractors from lawfully reporting waste, fraud, or abuse to a designated investigative or law enforcement representative of a Federal department or agency authorized to receive such information. This prohibition comes from section 743 of Division E, Title VII, of the Consolidated and Further Continuing Appropriations Act, 2015 (Pub. L. 113-235) and continues in subsequent appropriations acts (including continuing resolutions).","P_3_909_1_a: The Government cannot use fiscal year 2015 and later fiscal year funds for contracts with entities that require employees or subcontractors to sign internal confidentiality agreements or statements that prohibit or restrict these employees or subcontractors from lawfully reporting waste, fraud, or abuse to a designated investigative or law enforcement representative of a Federal department or agency authorized to receive such information. This prohibition comes from section 743 of Division E, Title VII, of the Consolidated and Further Continuing Appropriations Act, 2015 (Pub. L. 113-235) and continues in subsequent appropriations acts (including continuing resolutions).","P_3_909_1_a","None","Direct Statement","VALIDATED","PASS","PASS","Declarative statement establishing scope, definition, or policy.","HIGH"
"3","3.909-1(b)","P_3_909_1_b","The prohibition in paragraph (a) of this section does not conflict with requirements for Standard Form 312 (Classified Information Nondisclosure Agreement), Form 4414 (Sensitive Compartmented Information Nondisclosure Agreement), or any other Federal government form governing nondisclosure of classified information.","P_3_909_1_b: The prohibition in paragraph (a) of this section does not conflict with requirements for Standard Form 312 (Classified Information Nondisclosure Agreement), Form 4414 (Sensitive Compartmented Information Nondisclosure Agreement), or any other Federal government form governing nondisclosure of classified information.","P_3_909_1_b","None","Direct Statement","VALIDATED","PASS","PASS","Declarative statement establishing scope, definition, or policy.","HIGH"
"3","3.909-2","P_3_909_2","Representation by the offeror.","P_3_909_2: Representation by the offeror.","P_3_909_2","None","Direct Statement","VALIDATED","PASS","PASS","Declarative statement establishing scope, definition, or policy.","HIGH"
"3","3.909-2(a)","P_3_909_2_a","To be eligible for contract award, an offeror must represent that it will not require its employees or subcontractors to sign internal confidentiality agreements or statements that prohibit or restrict them from lawfully reporting waste, fraud, or abuse related to Government contract performance to authorized Federal investigators (such as agency Office of the Inspector General). Any offeror that does not make this representation is ineligible for contract award.","P_3_909_2_a: To be eligible for contract award, an offeror must represent that it will not require its employees or subcontractors to sign internal confidentiality agreements or statements that prohibit or restrict them from lawfully reporting waste, fraud, or abuse related to Government contract performance to authorized Federal investigators (such as agency Office of the Inspector General). Any offeror that does not make this representation is ineligible for contract award.","P_3_909_2_a","None","Direct Statement","VALIDATED","PASS","PASS","Mandatory requirement using 'shall'/'must'.","HIGH"
"3","3.909-2(b)","P_3_909_2_b","The contracting officer may rely on an offeror's representation unless there is reason to question it.","P_3_909_2_b: The contracting officer may rely on an offeror's representation unless there is reason to question it.","(P_3_909_2_b v ~P_3_909_2_b)","None","Tautology (Taut): Rule 18","VALIDATED","PASS","PASS","Permissive 'may' creates discretionary authority. Tautology represents unrestricted choice. Contains negative conditional (unless/except).","MEDIUM"
"3","3.909-3","P_3_909_3","Solicitation provision and contract clause. When using funding subject to the prohibitions in 3.909-1(a), the contracting officer must:","P_3_909_3: Solicitation provision and contract clause. When using funding subject to the prohibitions in 3.909-1(a), the contracting officer must:","P_3_909_3","P_3_909_1_a","Material Implication (Impl): Rule 15 [HIGH-RISK]","PENDING_REVIEW","PASS","PASS","Mandatory requirement using 'shall'/'must'. Contains conditional trigger pattern (if/when/where). Uses HIGH-RISK transformation rule. Requires external review.","MEDIUM"
"3","3.909-3(a)","P_3_909_3_a","Parent: Collective requirements of 3.909-3(a) subsections.","P_3_909_3_a: 3.909-3(a) requirements are met when all subsections are satisfied","P_3_909_3_a = P_3_909_3_a_1 ^ P_3_909_3_a_2","None","Conjunction (Conj): Rule 7","VALIDATED","PASS","PASS","Parent proposition. All subsections are mandatory components. Conjunction represents cumulative requirement.","HIGH"
"3","3.909-3(a)(1)","P_3_909_3_a_1","Include provision 52.203-18, Prohibition on Contracting with Entities that Require Certain Internal Confidentiality Agreements or Statements—Representation, in all solicitations, except as provided in paragraph (a)(2) of this section; and","P_3_909_3_a_1: Include provision 52.203-18, Prohibition on Contracting with Entities that Require Certain Internal Confidentiality Agreements or Statements—Representation, in all solicitations, except as provided in paragraph (a)(2) of this section; and","P_3_909_3_a_1","P_3_.203_18","Direct Statement","VALIDATED","PASS","PASS","Declarative statement establishing scope, definition, or policy. Contains negative conditional (unless/except).","HIGH"
"3","3.909-3(a)(2)","P_3_909_3_a_2","Not insert the provision in solicitations for personal services contracts with individuals if the individual will perform all services personally (rather than through contractor or subcontractor employees).","P_3_909_3_a_2: Not insert the provision in solicitations for personal services contracts with individuals if the individual will perform all services personally (rather than through contractor or subcontractor employees).","P_3_909_3_a_2","None","Material Implication (Impl): Rule 15 [HIGH-RISK]","PENDING_REVIEW","PASS","PASS","Declarative statement establishing scope, definition, or policy. Contains conditional trigger pattern (if/when/where). Uses HIGH-RISK transformation rule. Requires external review.","MEDIUM"
"3","3.909-3(b)","P_3_909_3_b","Parent: Collective requirements of 3.909-3(b) subsections.","P_3_909_3_b: 3.909-3(b) requirements are met when all subsections are satisfied","P_3_909_3_b = P_3_909_3_b_1 ^ P_3_909_3_b_2","None","Conjunction (Conj): Rule 7","VALIDATED","PASS","PASS","Parent proposition. All subsections are mandatory components. Conjunction represents cumulative requirement.","HIGH"
"3","3.909-3(b)(1)","P_3_909_3_b_1","Include clause 52.203-19, Prohibition on Requiring Certain Internal Confidentiality Agreements or Statements, in all solicitations and resulting contracts, other than personal services contracts with individuals.","P_3_909_3_b_1: Include clause 52.203-19, Prohibition on Requiring Certain Internal Confidentiality Agreements or Statements, in all solicitations and resulting contracts, other than personal services contracts with individuals.","P_3_909_3_b_1","P_3_.203_19","Direct Statement","VALIDATED","PASS","PASS","Declarative statement establishing scope, definition, or policy.","HIGH"
"3","3.909-3(b)(2)","P_3_909_3_b_2","Modify existing contracts, other than personal services contracts with individuals, to include the clause before obligating FY 2015 or later funds that are subject to the same prohibition on internal confidentiality agreements or statements. - Contractor Code of Business Ethics and Conduct","P_3_909_3_b_2: Modify existing contracts, other than personal services contracts with individuals, to include the clause before obligating FY 2015 or later funds that are subject to the same prohibition on internal confidentiality agreements or statements. - Contractor Code of Business Ethics and Conduct","P_3_909_3_b_2","None","Material Implication (Impl): Rule 15 [HIGH-RISK]","PENDING_REVIEW","PASS","PASS","Declarative statement establishing scope, definition, or policy. Contains conditional trigger pattern (if/when/where). Uses HIGH-RISK transformation rule. Requires external review.","MEDIUM"
"3","3.1000","P_3_1000","Scope of subpart. This subpart—","P_3_1000: Scope of subpart. This subpart—","P_3_1000","None","Direct Statement","VALIDATED","PASS","PASS","Declarative statement establishing scope, definition, or policy.","HIGH"
"3","3.1000(a)","P_3_1000_a","Implements 41 U.S.C. 3509, Notification of Violations of Federal Criminal Law or Overpayments; and","P_3_1000_a: Implements 41 U.S.C. 3509, Notification of Violations of Federal Criminal Law or Overpayments; and","P_3_1000_a","None","Direct Statement","VALIDATED","PASS","PASS","Declarative statement establishing scope, definition, or policy.","HIGH"
"3","3.1000(b)","P_3_1000_b","Prescribes policies and procedures for the establishment of contractor codes of business ethics and conduct, and display of agency Office of Inspector General (OIG) fraud hotline posters.","P_3_1000_b_a: Prescribes policies and procedures for the establishment of contractor codes of business ethics and conduct; P_3_1000_b_b: display of agency Office of Inspector General (OIG) fraud hotline posters.","P_3_1000_b_a ^ P_3_1000_b_b","None","Conjunction (Conj): Rule 7","VALIDATED","PASS","PASS","Declarative statement establishing scope, definition, or policy.","HIGH"
"3","3.1001","P_3_1001","Definitions. As used in this subpart- Subcontract means any contract entered into by a subcontractor to furnish supplies or services for performance of a prime contract or a subcontract. Subcontractor means any supplier, distributor, vendor, or firm that furnished supplies or services to or for a prime contractor or another subcontractor. United States means the 50 States, the District of Columbia, and outlying areas.","P_3_1001: Definitions. As used in this subpart- Subcontract means any contract entered into by a subcontractor to furnish supplies or services for performance of a prime contract or a subcontract. Subcontractor means any supplier, distributor, vendor, or firm that furnished supplies or services to or for a prime contractor or another subcontractor. United States means the 50 States, the District of Columbia, and outlying areas.","P_3_1001","None","Direct Statement","VALIDATED","PASS","PASS","Declarative statement establishing scope, definition, or policy.","HIGH"
"3","3.1002","P_3_1002","Policy.","P_3_1002: Policy.","P_3_1002","None","Direct Statement","VALIDATED","PASS","PASS","Declarative statement establishing scope, definition, or policy.","HIGH"
"3","3.1002(a)","P_3_1002_a","Government contractors must conduct themselves with the highest degree of integrity and honesty.","P_3_1002_a: Government contractors must conduct themselves with the highest degree of integrity and honesty.","P_3_1002_a","None","Direct Statement","VALIDATED","PASS","PASS","Mandatory requirement using 'shall'/'must'.","HIGH"
"3","3.1002(b)","P_3_1002_b","Contractors should have a written code of business ethics and conduct. To promote compliance with such code of business ethics and conduct, contractors should have an employee business ethics and compliance training program and an internal control system that—","P_3_1002_b: Contractors should have a written code of business ethics and conduct. To promote compliance with such code of business ethics and conduct, contractors should have an employee business ethics and compliance training program and an internal control system that—","P_3_1002_b","None","Advisory (non-binding)","PENDING_REVIEW","PASS","PASS","Advisory 'should' indicates recommended practice, not mandatory. Non-binding guidance.","MEDIUM"
"3","3.1002(b)(1)","P_3_1002_b_1","Are suitable to the size of the company and extent of its involvement in Government contracting;","P_3_1002_b_1: Are suitable to the size of the company and extent of its involvement in Government contracting;","P_3_1002_b_1","None","Direct Statement","VALIDATED","PASS","PASS","Declarative statement establishing scope, definition, or policy.","HIGH"
"3","3.1002(b)(2)","P_3_1002_b_2","Facilitate timely discovery and disclosure of improper conduct in connection with Government contracts; and","P_3_1002_b_2: Facilitate timely discovery and disclosure of improper conduct in connection with Government contracts; and","P_3_1002_b_2","None","Direct Statement","VALIDATED","PASS","PASS","Declarative statement establishing scope, definition, or policy.","HIGH"
"3","3.1002(b)(3)","P_3_1002_b_3","Ensure corrective measures are promptly instituted and carried out.","P_3_1002_b_3: Ensure corrective measures are promptly instituted and carried out.","P_3_1002_b_3","None","Direct Statement","VALIDATED","PASS","PASS","Declarative statement establishing scope, definition, or policy.","HIGH"
"3","3.1003","P_3_1003","Requirements.","P_3_1003: Requirements.","P_3_1003","None","Direct Statement","VALIDATED","PASS","PASS","Declarative statement establishing scope, definition, or policy.","HIGH"
"3","3.1003(a)","P_3_1003_a","Contractor requirements .","P_3_1003_a: Contractor requirements .","P_3_1003_a","None","Direct Statement","VALIDATED","PASS","PASS","Declarative statement establishing scope, definition, or policy.","HIGH"
"3","3.1003(a)(1)","P_3_1003_a_1","Although the policy at 3.1002 provides guidance for all Government contractors, the contract clauses at 52.203-13, Contractor Code of Business Ethics and Conduct, and 52.203-14, Display of Hotline Poster(s), become mandatory when contracts meet the conditions specified in 3.1004.","P_3_1003_a_1_a: Although the policy at 3.1002 provides guidance for all Government contractors, the contract clauses at 52.203-13, Contractor Code of Business Ethics and Conduct; P_3_1003_a_1_b: 52.203-14, Display of Hotline Poster(s), become mandatory when contracts meet the conditions specified in 3.1004.","P_3_1003_a_1_a -> P_3_1003_a_1_b","P_3_.203_13; P_3_.203_14; P_3_1002; P_3_1004","Material Implication (Impl): Rule 15 [HIGH-RISK]","PENDING_REVIEW","PASS","PASS","Declarative statement establishing scope, definition, or policy. Contains conditional trigger pattern (if/when/where). Uses HIGH-RISK transformation rule. Requires external review.","MEDIUM"
"3","3.1003(a)(2)","P_3_1003_a_2","A contractor may be suspended and/or debarred if a principal knowingly fails to promptly disclose to the Government credible evidence of Federal criminal law violations involving fraud, conflict of interest, bribery, or gratuity violations found in Title 18 of the United States Code, or Civil False Claims Act violations. This disclosure requirement applies whether or not clause 52.203-13 is applicable. Failure to timely disclose credible evidence of such violations remains grounds for suspension and/or debarment until 3 years after final contract payment (see part 9).","P_3_1003_a_2: A contractor may be suspended and/or debarred if a principal knowingly fails to promptly disclose to the Government credible evidence of Federal criminal law violations involving fraud, conflict of interest, bribery, or gratuity violations found in Title 18 of the United States Code, or Civil False Claims Act violations. This disclosure requirement applies whether or not clause 52.203-13 is applicable. Failure to timely disclose credible evidence of such violations remains grounds for suspension and/or debarment until 3 years after final contract payment (see part 9).","(P_3_1003_a_2 v ~P_3_1003_a_2)","P_3_.203_13; Part_9","Tautology (Taut): Rule 18","VALIDATED","PASS","PASS","Permissive 'may' creates discretionary authority. Tautology represents unrestricted choice. Contains conditional trigger pattern (if/when/where). External dependencies: Part_9.","MEDIUM"
"3","3.1003(a)(3)","P_3_1003_a_3","The Payment clauses at FAR 52.212-4(i)(5), 52.232-25(d), 52.232-26(c), and 52.232-27(l) require contractors to return any contract financing or invoice overpayments they discover to the Government. A contractor may be suspended and/or debarred if a principal knowingly fails to timely disclose credible evidence of a significant overpayment, except for overpayments resulting from contract financing payments as defined in 32.001 (see part 9).","P_3_1003_a_3_a: The Payment clauses at FAR 52.212-4(i)(5), 52.232-25(d), 52.232-26(c); P_3_1003_a_3_b: 52.232-27(l) require contractors to return any contract financing or invoice overpayments they discover to the Government. A contractor may be suspended and/or debarred if a principal knowingly fails to timely disclose credible evidence of a significant overpayment, except for overpayments resulting from contract financing payments as defined in 32.001 (see part 9).","P_3_1003_a_3_a -> (P_3_1003_a_3_b v ~(P_3_1003_a_3_b))","P_3_.001; P_3_.212_4_i_5; P_3_.232_25_d; P_3_.232_26_c; P_3_.232_27_l; Part_9","Material Implication (Impl): Rule 15 [HIGH-RISK]; Tautology (Taut): Rule 18","PENDING_REVIEW","PASS","PASS","Permissive 'may' creates discretionary authority. Tautology represents unrestricted choice. Contains conditional trigger pattern (if/when/where). Uses HIGH-RISK transformation rule. Requires external review. External dependencies: Part_9.","MEDIUM"
"3","3.1003(b)","P_3_1003_b","Notification of possible contractor violation . If the contracting officer learns of a possible contractor violation of Federal criminal law involving fraud, conflict of interest, bribery, or gratuity violations found in Title 18 U.S.C., or a violation of the civil False Claims Act, the contracting officer must:","P_3_1003_b: Notification of possible contractor violation . If the contracting officer learns of a possible contractor violation of Federal criminal law involving fraud, conflict of interest, bribery, or gratuity violations found in Title 18 U.S.C., or a violation of the civil False Claims Act, the contracting officer must:","P_3_1003_b","None","Material Implication (Impl): Rule 15 [HIGH-RISK]","PENDING_REVIEW","PASS","PASS","Mandatory requirement using 'shall'/'must'. Contains conditional trigger pattern (if/when/where). Uses HIGH-RISK transformation rule. Requires external review.","MEDIUM"
"3","3.1003(b)(1)","P_3_1003_b_1","Coordinate the matter with the agency Office of the Inspector General; or","P_3_1003_b_1: Coordinate the matter with the agency Office of the Inspector General; or","P_3_1003_b_1","None","Direct Statement","VALIDATED","PASS","PASS","Declarative statement establishing scope, definition, or policy.","HIGH"
"3","3.1003(b)(2)","P_3_1003_b_2","Take action according to agency procedures.","P_3_1003_b_2: Take action according to agency procedures.","P_3_1003_b_2","None","Direct Statement","VALIDATED","PASS","PASS","Declarative statement establishing scope, definition, or policy.","HIGH"
"3","3.1003(c)","P_3_1003_c","Fraud Hotline Poster .","P_3_1003_c: Fraud Hotline Poster .","P_3_1003_c","None","Direct Statement","VALIDATED","PASS","PASS","Declarative statement establishing scope, definition, or policy.","HIGH"
"3","3.1003(c)(1)","P_3_1003_c_1","Agency Offices of Inspector General (OIGs) determine the need for and content of their respective agency OIG fraud hotline poster(s).","P_3_1003_c_1: Agency Offices of Inspector General (OIGs) determine the need for and content of their respective agency OIG fraud hotline poster(s).","P_3_1003_c_1","None","Direct Statement","VALIDATED","PASS","PASS","Declarative statement establishing scope, definition, or policy.","HIGH"
"3","3.1003(c)(2)","P_3_1003_c_2","When requested by the Department of Homeland Security, agencies must ensure that contracts funded with disaster assistance funds require display of applicable fraud hotline posters. As established by the agency OIG, these posters may be displayed instead of, or in addition to, the agency's standard poster.","P_3_1003_c_2: When requested by the Department of Homeland Security, agencies must ensure that contracts funded with disaster assistance funds require display of applicable fraud hotline posters. As established by the agency OIG, these posters may be displayed instead of, or in addition to, the agency's standard poster.","P_3_1003_c_2","None","Material Implication (Impl): Rule 15 [HIGH-RISK]","PENDING_REVIEW","PASS","PASS","Mandatory requirement using 'shall'/'must'. Contains conditional trigger pattern (if/when/where). Uses HIGH-RISK transformation rule. Requires external review.","MEDIUM"
"3","3.1004","P_3_1004","Contract clauses.","P_3_1004: Contract clauses.","P_3_1004","None","Direct Statement","VALIDATED","PASS","PASS","Declarative statement establishing scope, definition, or policy.","HIGH"
"3","3.1004(a)","P_3_1004_a","Insert the clause at FAR 52.203-13, Contractor Code of Business Ethics and Conduct, in solicitations and contracts if the value of the contract is expected to exceed $7.5 million and the performance period is 120 days or more.","P_3_1004_a: Insert the clause at FAR 52.203-13, Contractor Code of Business Ethics and Conduct, in solicitations and contracts if the value of the contract is expected to exceed $7.5 million and the performance period is 120 days or more.","P_3_1004_a","P_3_.203_13; P_3_5","Material Implication (Impl): Rule 15 [HIGH-RISK]","PENDING_REVIEW","PASS","PASS","Declarative statement establishing scope, definition, or policy. Contains conditional trigger pattern (if/when/where). Uses HIGH-RISK transformation rule. Requires external review.","MEDIUM"
"3","3.1004(b)(1)","P_3_1004_b_1","Unless the contract is for the acquisition of a commercial product or commercial service or will be performed entirely outside the United States, insert the clause at 52.203-14, Display of Hotline Poster(s), if—","P_3_1004_b_1: Unless the contract is for the acquisition of a commercial product or commercial service or will be performed entirely outside the United States, insert the clause at 52.203-14, Display of Hotline Poster(s), if—","P_3_1004_b_1","P_3_.203_14","Material Implication (Impl): Rule 15 [HIGH-RISK]","PENDING_REVIEW","PASS","PASS","Declarative statement establishing scope, definition, or policy. Contains conditional trigger pattern (if/when/where). Contains negative conditional (unless/except). Uses HIGH-RISK transformation rule. Requires external review.","MEDIUM"
"3","3.1004(b)(1)(i)","P_3_1004_b_1_i","The contract exceeds $7.5 million or a lesser amount established by the agency; and","P_3_1004_b_1_i: The contract exceeds $7.5 million or a lesser amount established by the agency; and","P_3_1004_b_1_i","P_3_5","Direct Statement","VALIDATED","PASS","PASS","Declarative statement establishing scope, definition, or policy.","HIGH"
"3","3.1004(b)(1)(ii)","P_3_1004_b_1_ii","Insert the website link(s) or other contact information for obtaining the agency and/or Department of Homeland Security poster. (i) Identify the applicable posters; and","P_3_1004_b_1_ii_i: Identify the applicable posters; P_3_1004_b_1_ii_link: Insert the website link(s) or other contact information for obtaining the agency and/or Department of Homeland Security poster.","P_3_1004_b_1_ii_i ^ P_3_1004_b_1_ii_link","P_3_1004_b_1","Conjunction (Conj): Rule 7","VALIDATED","PASS","PASS","Conjunctive mandatory requirements: contracting officer shall both (i) identify applicable posters AND (ii) insert website link(s) or contact information.","HIGH"
"3","3.1004(b)(1)(ii)(3)","P_3_1004_b_1_ii_3","In paragraph (d) of the clause, if the agency has established policies and procedures for display of the OIG fraud hotline poster at a lesser amount, the contracting officer shall replace “$7.5 million” with the lesser amount that the agency has established. - Preventing Personal Conflicts of Interest for Contractor Employees Performing Acquisition Functions","P_3_1004_b_1_ii_3: In paragraph (d) of the clause, if the agency has established policies and procedures for display of the OIG fraud hotline poster at a lesser amount, the contracting officer shall replace “$7.5 million” with the lesser amount that the agency has established. - Preventing Personal Conflicts of Interest for Contractor Employees Performing Acquisition Functions","P_3_1004_b_1_ii_3","P_3_5","Material Implication (Impl): Rule 15 [HIGH-RISK]","PENDING_REVIEW","PASS","PASS","Mandatory requirement using 'shall'/'must'. Contains conditional trigger pattern (if/when/where). Uses HIGH-RISK transformation rule. Requires external review.","MEDIUM"
"3","3.1004(b)(1)(ii)(A)","P_3_1004_b_1_ii_A","The agency has a fraud hotline poster; or","P_3_1004_b_1_ii_A: The agency has a fraud hotline poster; or","P_3_1004_b_1_ii_A","None","Direct Statement","VALIDATED","PASS","PASS","Declarative statement establishing scope, definition, or policy.","HIGH"
"3","3.1004(b)(1)(ii)(B)","P_3_1004_b_1_ii_B","The contract is funded with disaster assistance funds.","P_3_1004_b_1_ii_B: The contract is funded with disaster assistance funds.","P_3_1004_b_1_ii_B","None","Direct Statement","VALIDATED","PASS","PASS","Declarative statement establishing scope, definition, or policy.","HIGH"
"3","3.1004(b)(1)(ii)(B)(2)","P_3_3_1004_def_6667","In paragraph (b)(3) of the clause, the contracting officer shall—","P_3_1004_b_1_ii_B_2: In paragraph (b)(3) of the clause, the contracting officer shall—","P_3_1004_b_1_ii_B_2","None","Direct Statement","VALIDATED","PASS","PASS","Mandatory requirement using 'shall'/'must'. Note: Nested definition item, original ref: 3.1004(b)(1)(ii)(B)(2).","HIGH"
"3","3.1100","P_3_1100","Scope of subpart. This subpart implements policy on personal conflicts of interest by employees of Government contractors as required by 41 U.S.C. 2303.","P_3_1100: Scope of subpart. This subpart implements policy on personal conflicts of interest by employees of Government contractors as required by 41 U.S.C. 2303.","P_3_1100","None","Direct Statement","VALIDATED","PASS","PASS","Declarative statement establishing scope, definition, or policy.","HIGH"
"3","3.1101","P_3_1101","Definitions. As used in this subpart- Acquisition function closely associated with inherently governmental functions means supporting or providing advice or recommendations with regard to the following activities of a Federal agency:","P_3_1101: Definitions. As used in this subpart- Acquisition function closely associated with inherently governmental functions means supporting or providing advice or recommendations with regard to the following activities of a Federal agency:","P_3_1101","None","Direct Statement","VALIDATED","PASS","PASS","Declarative statement establishing scope, definition, or policy.","HIGH"
"3","3.1101(1)","P_3_1101_1","Planning acquisitions.","P_3_1101_1: Planning acquisitions.","P_3_1101_1","None","Direct Statement","VALIDATED","PASS","PASS","Declarative statement establishing scope, definition, or policy.","HIGH"
"3","3.1101(1)(2)","P_3_1101_1_2","Determining what supplies or services are to be acquired by the Government, including developing statements of work.","P_3_1101_1_2: Determining what supplies or services are to be acquired by the Government, including developing statements of work.","P_3_1101_1_2","None","Direct Statement","VALIDATED","PASS","PASS","Declarative statement establishing scope, definition, or policy.","HIGH"
"3","3.1101(1)(2)(3)","P_3_1101_1_2_3","Developing or approving any contractual documents, to include documents defining requirements, incentive plans, and evaluation criteria.","P_3_1101_1_2_3: Developing or approving any contractual documents, to include documents defining requirements, incentive plans, and evaluation criteria.","P_3_1101_1_2_3","None","Direct Statement","VALIDATED","PASS","PASS","Declarative statement establishing scope, definition, or policy.","HIGH"
"3","3.1101(1)(2)(3)(4)","P_3_1101_1_2_3_4","Evaluating contract proposals.","P_3_1101_1_2_3_4: Evaluating contract proposals.","P_3_1101_1_2_3_4","None","Direct Statement","VALIDATED","PASS","PASS","Declarative statement establishing scope, definition, or policy.","HIGH"
"3","3.1101(1)(2)(3)(4)(5)","P_3_3_1101_def_7271","Awarding Government contracts.","P_3_1101_1_2_3_4_5: Awarding Government contracts.","P_3_1101_1_2_3_4_5","None","Direct Statement","VALIDATED","PASS","PASS","Declarative statement establishing scope, definition, or policy. Note: Nested definition item, original ref: 3.1101(1)(2)(3)(4)(5).","HIGH"
"3","3.1101(1)(2)(3)(4)(5)(6)","P_3_3_1101_def_2960","Administering contracts (including ordering changes or giving technical direction in contract performance or contract quantities, evaluating contractor performance, and accepting or rejecting contractor products or services).","P_3_1101_1_2_3_4_5_6_a: Administering contracts (including ordering changes or giving technical direction in contract performance or contract quantities, evaluating contractor performance; P_3_1101_1_2_3_4_5_6_b: accepting or rejecting contractor products or services).","P_3_1101_1_2_3_4_5_6_a ^ P_3_1101_1_2_3_4_5_6_b","None","Conjunction (Conj): Rule 7","VALIDATED","PASS","PASS","Declarative statement establishing scope, definition, or policy. Note: Nested definition item, original ref: 3.1101(1)(2)(3)(4)(5)(6).","HIGH"
"3","3.1101(1)(2)(3)(4)(5)(6)(7)","P_3_3_1101_def_1400","Terminating contracts.","P_3_1101_1_2_3_4_5_6_7: Terminating contracts.","P_3_1101_1_2_3_4_5_6_7","None","Direct Statement","VALIDATED","PASS","PASS","Declarative statement establishing scope, definition, or policy. Note: Nested definition item, original ref: 3.1101(1)(2)(3)(4)(5)(6)(7).","HIGH"
"3","3.1101(1)(2)(3)(4)(5)(6)(7)(8)","P_3_3_1101_def_3919","Determining whether contract costs are reasonable, allocable, and allowable. Covered employee means an individual who performs an acquisition function closely associated with inherently governmental functions and is-","P_3_1101_1_2_3_4_5_6_7_8_a: Determining whether contract costs are reasonable, allocable; P_3_1101_1_2_3_4_5_6_7_8_b: allowable. Covered employee means an individual who performs an acquisition function closely associated with inherently governmental functions and is-","P_3_1101_1_2_3_4_5_6_7_8_a ^ P_3_1101_1_2_3_4_5_6_7_8_b","None","Conjunction (Conj): Rule 7","VALIDATED","PASS","PASS","Declarative statement establishing scope, definition, or policy. Note: Nested definition item, original ref: 3.1101(1)(2)(3)(4)(5)(6)(7)(8).","HIGH"
"3","3.1101(1)(2)(3)(4)(5)(6)(7)(8)(1)","P_3_3_1101_def_6051","An employee of the contractor; or","P_3_1101_1_2_3_4_5_6_7_8_1: An employee of the contractor; or","P_3_1101_1_2_3_4_5_6_7_8_1","None","Direct Statement","VALIDATED","PASS","PASS","Declarative statement establishing scope, definition, or policy. Note: Nested definition item, original ref: 3.1101(1)(2)(3)(4)(5)(6)(7)(8)(1).","HIGH"
"3","3.1101(1)(2)(3)(4)(5)(6)(7)(8)(1)(2)","P_3_3_1101_def_528","A subcontractor that is a self-employed individual treated as a covered employee of the contractor because there is no employer to whom such an individual could submit the required disclosures. Personal conflict of interest means a situation in which a covered employee has a financial interest, personal activity, or relationship that could impair the employee’s ability to act impartially and in the best interest of the Government when performing under the contract. (A de minimis interest that would not ""impair the employee’s ability to act impartially and in the best interest of the Government"" is not covered under this definition.)","P_3_1101_1_2_3_4_5_6_7_8_1_2: A subcontractor that is a self-employed individual treated as a covered employee of the contractor because there is no employer to whom such an individual could submit the required disclosures. Personal conflict of interest means a situation in which a covered employee has a financial interest, personal activity, or relationship that could impair the employee’s ability to act impartially and in the best interest of the Government when performing under the contract. (A de minimis interest that would not ""impair the employee’s ability to act impartially and in the best interest of the Government"" is not covered under this definition.)","P_3_1101_1_2_3_4_5_6_7_8_1_2","None","Material Implication (Impl): Rule 15 [HIGH-RISK]","PENDING_REVIEW","PASS","PASS","Declarative statement establishing scope, definition, or policy. Contains conditional trigger pattern (if/when/where). Uses HIGH-RISK transformation rule. Requires external review. Note: Nested definition item, original ref: 3.1101(1)(2)(3)(4)(5)(6)(7)(8)(1)(2).","MEDIUM"
"3","3.1101(1)(2)(3)(4)(5)(6)(7)(8)(1)(2)(1)","P_3_3_1101_def_9975","Among the sources of personal conflicts of interest are-","P_3_1101_1_2_3_4_5_6_7_8_1_2_1: Among the sources of personal conflicts of interest are-","P_3_1101_1_2_3_4_5_6_7_8_1_2_1","None","Direct Statement","VALIDATED","PASS","PASS","Declarative statement establishing scope, definition, or policy. Note: Nested definition item, original ref: 3.1101(1)(2)(3)(4)(5)(6)(7)(8)(1)(2)(1).","HIGH"
"3","3.1101(1)(2)(i)","P_3_1101_1_2_i","Financial interests of the covered employee, of close family members, or of other members of the covered employee's household;","P_3_1101_1_2_i: Financial interests of the covered employee, of close family members, or of other members of the covered employee's household;","P_3_1101_1_2_i","None","Direct Statement","VALIDATED","PASS","PASS","Declarative statement establishing scope, definition, or policy.","HIGH"
"3","3.1101(1)(2)(ii)","P_3_1101_1_2_ii","Other employment or financial relationships (including seeking or negotiating for prospective employment or business); and","P_3_1101_1_2_ii: Other employment or financial relationships (including seeking or negotiating for prospective employment or business); and","P_3_1101_1_2_ii","None","Direct Statement","VALIDATED","PASS","PASS","Declarative statement establishing scope, definition, or policy.","HIGH"
"3","3.1101(1)(2)(iii)","P_3_1101_1_2_iii","Gifts, including travel.","P_3_1101_1_2_iii: Gifts, including travel.","P_3_1101_1_2_iii","None","Direct Statement","VALIDATED","PASS","PASS","Declarative statement establishing scope, definition, or policy.","HIGH"
"3","3.1101(1)(2)(iii)(2)","P_3_1101_1_2_iii_2","For example, financial interests referred to in paragraph (1) of this definition may arise from- (i) Compensation, including wages, salaries, commissions, professional fees, or fees for business referrals; (ii) Consulting relationships (including commercial and professional consulting and service arrangements, scientific and technical advisory board memberships, or serving as an expert witness in litigation); (iii) Services provided in exchange for honorariums or travel expense reimbursements;","P_3_1101_1_2_iii_2_base: Financial interests referred to in paragraph (1) of this definition may arise from the following sources; P_3_1101_1_2_iii_2_i: Compensation, including wages, salaries, commissions, professional fees, or fees for business referrals; P_3_1101_1_2_iii_2_ii: Consulting relationships (including commercial and professional consulting and service arrangements, scientific and technical advisory board memberships, or serving as an expert witness in litigation); P_3_1101_1_2_iii_2_iii: Services provided in exchange for honorariums or travel expense reimbursements.","(P_3_1101_1_2_iii_2_i v P_3_1101_1_2_iii_2_ii v P_3_1101_1_2_iii_2_iii) -> (P_3_1101_1_2_iii_2_base v ~P_3_1101_1_2_iii_2_base)","P_3_1101_1_2_iii","Material Implication (Impl): Rule 15 [HIGH-RISK]; Disjunction (Disj): Rule 8; Tautology (Taut): Rule 18","PENDING_REVIEW","PASS","PASS","Permissive 'may arise' creates discretionary/illustrative list. Disjunctive sources of financial interests: compensation, consulting, or honorariums/travel. Tautology represents non-exhaustive examples. Uses HIGH-RISK transformation rule. Requires external review.","MEDIUM"
"3","3.1101(1)(2)(iv)","P_3_1101_1_2_iv","Research funding or other forms of research support;","P_3_1101_1_2_iv: Research funding or other forms of research support;","P_3_1101_1_2_iv","None","Direct Statement","VALIDATED","PASS","PASS","Declarative statement establishing scope, definition, or policy.","HIGH"
"3","3.1101(1)(2)(v)","P_3_1101_1_2_v","Investment in the form of stock or bond ownership or partnership interest (excluding diversified mutual fund investments);","P_3_1101_1_2_v: Investment in the form of stock or bond ownership or partnership interest (excluding diversified mutual fund investments);","P_3_1101_1_2_v","None","Direct Statement","VALIDATED","PASS","PASS","Declarative statement establishing scope, definition, or policy.","HIGH"
"3","3.1101(1)(2)(vi)","P_3_1101_1_2_vi","Real estate investments;","P_3_1101_1_2_vi: Real estate investments;","P_3_1101_1_2_vi","None","Direct Statement","VALIDATED","PASS","PASS","Declarative statement establishing scope, definition, or policy.","HIGH"
"3","3.1101(1)(2)(vii)","P_3_1101_1_2_vii","Patents, copyrights, and other intellectual property interests; or","P_3_1101_1_2_vii: Patents, copyrights, and other intellectual property interests; or","P_3_1101_1_2_vii","None","Direct Statement","VALIDATED","PASS","PASS","Declarative statement establishing scope, definition, or policy.","HIGH"
"3","3.1101(1)(2)(viii)","P_3_1101_1_2_viii","Business ownership and investment interests.","P_3_1101_1_2_viii: Business ownership and investment interests.","P_3_1101_1_2_viii","None","Direct Statement","VALIDATED","PASS","PASS","Declarative statement establishing scope, definition, or policy.","HIGH"
"3","3.1102","P_3_1102","Policy. The Government's policy is to require contractors to—","P_3_1102: Policy. The Government's policy is to require contractors to—","P_3_1102","None","Direct Statement","VALIDATED","PASS","PASS","Declarative statement establishing scope, definition, or policy.","HIGH"
"3","3.1102(a)","P_3_1102_a","Identify and prevent personal conflicts of interest of their covered employees; and","P_3_1102_a: Identify and prevent personal conflicts of interest of their covered employees; and","P_3_1102_a","None","Direct Statement","VALIDATED","PASS","PASS","Declarative statement establishing scope, definition, or policy.","HIGH"
"3","3.1102(b)","P_3_1102_b","Prohibit covered employees who have access to non-public information by reason of performance on a Government contract from using such information for personal gain.","P_3_1102_b: Prohibit covered employees who have access to non-public information by reason of performance on a Government contract from using such information for personal gain.","P_3_1102_b","None","Direct Statement","VALIDATED","PASS","PASS","Declarative statement establishing scope, definition, or policy.","HIGH"
"3","3.1103","P_3_1103","Procedures.","P_3_1103: Procedures.","P_3_1103","None","Direct Statement","VALIDATED","PASS","PASS","Declarative statement establishing scope, definition, or policy.","HIGH"
"3","3.1103(a)","P_3_1103_a","By use of the contract clause at 52.203-16, as prescribed at 3.1106, the contracting officer must require each contractor whose employees perform acquisition functions closely associated with inherently Government functions to—","P_3_1103_a: By use of the contract clause at 52.203-16, as prescribed at 3.1106, the contracting officer must require each contractor whose employees perform acquisition functions closely associated with inherently Government functions to—","P_3_1103_a","P_3_.203_16; P_3_1106","Direct Statement","VALIDATED","PASS","PASS","Mandatory requirement using 'shall'/'must'.","HIGH"
"3","3.1103(a)(1)","P_3_1103_a_1","Have procedures in place to screen covered employees for potential personal conflicts of interest by—","P_3_1103_a_1: Have procedures in place to screen covered employees for potential personal conflicts of interest by—","P_3_1103_a_1","None","Direct Statement","VALIDATED","PASS","PASS","Declarative statement establishing scope, definition, or policy.","HIGH"
"3","3.1103(a)(1)(i)","P_3_1103_a_1_i","Obtaining and maintaining from each covered employee, when the employee is initially assigned to the task under the contract, a disclosure of interests that might be affected by the task to which the employee has been assigned, as follows:","P_3_1103_a_1_i: Obtaining and maintaining from each covered employee, when the employee is initially assigned to the task under the contract, a disclosure of interests that might be affected by the task to which the employee has been assigned, as follows:","P_3_1103_a_1_i","None","Material Implication (Impl): Rule 15 [HIGH-RISK]","PENDING_REVIEW","PASS","PASS","Declarative statement establishing scope, definition, or policy. Contains conditional trigger pattern (if/when/where). Uses HIGH-RISK transformation rule. Requires external review.","MEDIUM"
"3","3.1103(a)(1)(i)(A)","P_3_1103_a_1_i_A","Financial interests of the covered employee, of close family members, or of other members of the covered employee's household.","P_3_1103_a_1_i_A: Financial interests of the covered employee, of close family members, or of other members of the covered employee's household.","P_3_1103_a_1_i_A","None","Direct Statement","VALIDATED","PASS","PASS","Declarative statement establishing scope, definition, or policy.","HIGH"
"3","3.1103(a)(1)(i)(B)","P_3_1103_a_1_i_B","Other employment or financial relationships of the covered employee (including seeking or negotiating for prospective employment or business).","P_3_1103_a_1_i_B: Other employment or financial relationships of the covered employee (including seeking or negotiating for prospective employment or business).","P_3_1103_a_1_i_B","None","Direct Statement","VALIDATED","PASS","PASS","Declarative statement establishing scope, definition, or policy.","HIGH"
"3","3.1103(a)(1)(i)(C)","P_3_1103_a_1_i_C","Gifts, including travel; and","P_3_1103_a_1_i_C: Gifts, including travel; and","P_3_1103_a_1_i_C","None","Direct Statement","VALIDATED","PASS","PASS","Declarative statement establishing scope, definition, or policy.","HIGH"
"3","3.1103(a)(1)(ii)","P_3_1103_a_1_ii","Requiring each covered employee to update the disclosure statement whenever the employee's personal or financial circumstances change in such a way that a new personal conflict of interest might occur because of the task the covered employee is performing.","P_3_1103_a_1_ii: Requiring each covered employee to update the disclosure statement whenever the employee's personal or financial circumstances change in such a way that a new personal conflict of interest might occur because of the task the covered employee is performing.","P_3_1103_a_1_ii","None","Direct Statement","VALIDATED","PASS","PASS","Declarative statement establishing scope, definition, or policy.","HIGH"
"3","3.1103(a)(1)(ii)(2)","P_3_1103_a_1_ii_2","For each covered employee— (ii) Prohibit use of non-public information (information not available to the public) accessed through Government contract work for personal gain; and (iii) Obtain a signed non-disclosure agreement to prohibit disclosure of non-public information accessed through performance of a Government contract.","P_3_1103_a_1_ii_2_parent: For each covered employee, the contractor must; P_3_1103_a_1_ii_2_i: Prevent personal conflicts of interest, including not assigning or allowing a covered employee to perform any task for which the Contractor has identified a personal conflict of interest; P_3_1103_a_1_ii_2_ii: Prohibit use of non-public information accessed through Government contract work for personal gain; P_3_1103_a_1_ii_2_iii: Obtain a signed non-disclosure agreement to prohibit disclosure of non-public information accessed through performance of a Government contract.","P_3_1103_a_1_ii_2_i ^ P_3_1103_a_1_ii_2_ii ^ P_3_1103_a_1_ii_2_iii","P_3_1103_a_1; P_3_1103_a_1_ii","Conjunction (Conj): Rule 7","VALIDATED","PASS","PASS","Conjunctive mandatory requirements for each covered employee: (i) prevent PCI, (ii) prohibit non-public information misuse, and (iii) obtain signed NDA. All three must be satisfied.","HIGH"
"3","3.1103(a)(1)(iii)","P_3_1103_a_1_iii","Obtain a signed non-disclosure agreement to prohibit disclosure of non-public information accessed through performance of a Government contract.","P_3_1103_a_1_iii: Obtain a signed non-disclosure agreement to prohibit disclosure of non-public information accessed through performance of a Government contract.","P_3_1103_a_1_iii","None","Direct Statement","VALIDATED","PASS","PASS","Declarative statement establishing scope, definition, or policy.","HIGH"
"3","3.1103(a)(1)(iii)(3)","P_3_1103_a_1_iii_3","Inform covered employees of their obligation— (i) To disclose and prevent personal conflicts of interest; (ii) Not to use non-public information accessed through performance of a Government contract for personal gain; and (iii) To avoid even the appearance of personal conflicts of interest;","P_3_1103_a_1_iii_3_parent: Inform covered employees of their obligation to; P_3_1103_a_1_iii_3_i: Disclose and prevent personal conflicts of interest; P_3_1103_a_1_iii_3_ii: Not to use non-public information accessed through performance of a Government contract for personal gain; P_3_1103_a_1_iii_3_iii: Avoid even the appearance of personal conflicts of interest.","P_3_1103_a_1_iii_3_i ^ P_3_1103_a_1_iii_3_ii ^ P_3_1103_a_1_iii_3_iii","P_3_1103_a_1; P_3_1103_a_1_iii","Conjunction (Conj): Rule 7","VALIDATED","PASS","PASS","Conjunctive mandatory obligations for covered employees: (i) disclose and prevent PCI, (ii) not misuse non-public information, and (iii) avoid even the appearance of PCI. All three obligations apply.","HIGH"
"3","3.1103(a)(1)(iii)(4)","P_3_1103_a_1_iii_4","Maintain effective oversight to verify compliance with personal conflict-of-interest safeguards;","P_3_1103_a_1_iii_4: Maintain effective oversight to verify compliance with personal conflict-of-interest safeguards;","P_3_1103_a_1_iii_4","None","Direct Statement","VALIDATED","PASS","PASS","Declarative statement establishing scope, definition, or policy.","HIGH"
"3","3.1103(a)(1)(iii)(5)","P_3_1103_a_1_iii_5","Take appropriate disciplinary action when covered employees fail to comply with policies established pursuant to this section; and","P_3_1103_a_1_iii_5: Take appropriate disciplinary action when covered employees fail to comply with policies established pursuant to this section; and","P_3_1103_a_1_iii_5","None","Material Implication (Impl): Rule 15 [HIGH-RISK]","PENDING_REVIEW","PASS","PASS","Declarative statement establishing scope, definition, or policy. Contains conditional trigger pattern (if/when/where). Uses HIGH-RISK transformation rule. Requires external review.","MEDIUM"
"3","3.1103(a)(1)(iii)(6)","P_3_1103_a_1_iii_6","Report any personal conflict-of-interest violation by a covered employee to the contracting officer as soon as identified. This report must include- (i) A description of the violation; (ii) The proposed actions the contractor will take in response to the violation; and (iii) Follow-up reports of corrective actions taken, as necessary.","P_3_1103_a_1_iii_6_parent: Report any personal conflict-of-interest violation by a covered employee to the contracting officer as soon as identified; P_3_1103_a_1_iii_6_i: This report must include a description of the violation; P_3_1103_a_1_iii_6_ii: This report must include the proposed actions the contractor will take in response to the violation; P_3_1103_a_1_iii_6_iii: This report must include follow-up reports of corrective actions taken, as necessary.","P_3_1103_a_1_iii_6_parent ^ P_3_1103_a_1_iii_6_i ^ P_3_1103_a_1_iii_6_ii ^ P_3_1103_a_1_iii_6_iii","P_3_1103_a_1; P_3_1103_a_1_iii","Conjunction (Conj): Rule 7","VALIDATED","PASS","PASS","Mandatory requirement using 'must'. Conjunctive report elements: the report must include all three items (i) description of violation, (ii) proposed actions, and (iii) follow-up corrective action reports.","HIGH"
"3","3.1103(b)","P_3_1103_b","If a contractor reports a personal conflict-of-interest violation by a covered employee to the contracting officer according to paragraph (b)(6) of clause 52.203-16, Preventing Personal Conflicts of Interest, the contracting officer must—","P_3_1103_b: If a contractor reports a personal conflict-of-interest violation by a covered employee to the contracting officer according to paragraph (b)(6) of clause 52.203-16, Preventing Personal Conflicts of Interest, the contracting officer must—","P_3_1103_b","P_3_.203_16","Material Implication (Impl): Rule 15 [HIGH-RISK]","PENDING_REVIEW","PASS","PASS","Mandatory requirement using 'shall'/'must'. Contains conditional trigger pattern (if/when/where). Uses HIGH-RISK transformation rule. Requires external review.","MEDIUM"
"3","3.1103(b)(1)","P_3_1103_b_1","Review the actions taken by the contractor;","P_3_1103_b_1: Review the actions taken by the contractor;","P_3_1103_b_1","None","Direct Statement","VALIDATED","PASS","PASS","Declarative statement establishing scope, definition, or policy.","HIGH"
"3","3.1103(b)(2)","P_3_1103_b_2","Determine whether the contractor's actions have resolved the violation satisfactorily; and","P_3_1103_b_2: Determine whether the contractor's actions have resolved the violation satisfactorily; and","P_3_1103_b_2","None","Direct Statement","VALIDATED","PASS","PASS","Declarative statement establishing scope, definition, or policy.","HIGH"
"3","3.1103(b)(3)","P_3_1103_b_3","Take any appropriate action in consultation with agency legal counsel if the contracting officer determines that the contractor has not resolved the violation satisfactorily.","P_3_1103_b_3: Take any appropriate action in consultation with agency legal counsel if the contracting officer determines that the contractor has not resolved the violation satisfactorily.","P_3_1103_b_3","None","Material Implication (Impl): Rule 15 [HIGH-RISK]","PENDING_REVIEW","PASS","PASS","Declarative statement establishing scope, definition, or policy. Contains conditional trigger pattern (if/when/where). Uses HIGH-RISK transformation rule. Requires external review.","MEDIUM"
"3","3.1104","P_3_1104","Mitigation or waiver.","P_3_1104: Mitigation or waiver.","P_3_1104","None","Direct Statement","VALIDATED","PASS","PASS","Declarative statement establishing scope, definition, or policy.","HIGH"
"3","3.1104(a)","P_3_1104_a","In exceptional circumstances, if the contractor cannot satisfactorily prevent a personal conflict of interest as required by paragraph (b)(2)(i) of the clause at 52.203-16, Preventing Personal Conflicts of Interest, the contractor may submit a request, through the contracting officer asking the head of the contracting activity to—","P_3_1104_a: In exceptional circumstances, if the contractor cannot satisfactorily prevent a personal conflict of interest as required by paragraph (b)(2)(i) of the clause at 52.203-16, Preventing Personal Conflicts of Interest, the contractor may submit a request, through the contracting officer asking the head of the contracting activity to—","(P_3_1104_a v ~P_3_1104_a)","P_3_.203_16","Tautology (Taut): Rule 18","VALIDATED","PASS","PASS","Permissive 'may' creates discretionary authority. Tautology represents unrestricted choice. Contains conditional trigger pattern (if/when/where).","MEDIUM"
"3","3.1104(a)(1)","P_3_1104_a_1","Agree to a plan to mitigate the personal conflict of interest; or","P_3_1104_a_1: Agree to a plan to mitigate the personal conflict of interest; or","P_3_1104_a_1","None","Direct Statement","VALIDATED","PASS","PASS","Declarative statement establishing scope, definition, or policy.","HIGH"
"3","3.1104(a)(2)","P_3_1104_a_2","Waive the requirement to prevent personal conflicts of interest.","P_3_1104_a_2: Waive the requirement to prevent personal conflicts of interest.","P_3_1104_a_2","None","Direct Statement","VALIDATED","PASS","PASS","Declarative statement establishing scope, definition, or policy.","HIGH"
"3","3.1104(b)","P_3_1104_b","If the head of the contracting activity determines in writing that such action is in the best interest of the Government, the head of the contracting activity may impose conditions that provide mitigation of a personal conflict of interest or grant a waiver.","P_3_1104_b: If the head of the contracting activity determines in writing that such action is in the best interest of the Government, the head of the contracting activity may impose conditions that provide mitigation of a personal conflict of interest or grant a waiver.","(P_3_1104_b v ~P_3_1104_b)","None","Tautology (Taut): Rule 18","VALIDATED","PASS","PASS","Permissive 'may' creates discretionary authority. Tautology represents unrestricted choice. Contains conditional trigger pattern (if/when/where).","MEDIUM"
"3","3.1104(c)","P_3_1104_c","This authority shall not be redelegated.","P_3_1104_c: This authority shall not be redelegated.","~P_3_1104_c","None","Negation (Neg): Rule 10","VALIDATED","PASS","PASS","Prohibition. Negated requirement.","HIGH"
"3","3.1105","P_3_1105","Violations. If the contracting officer suspects violation by the contractor of a requirement of paragraph (b), (c)(3), or (d) of the clause at 52.203-16, Preventing Personal Conflicts of Interest, the contracting officer must contact the agency legal counsel for advice and/or recommendations on a course of action.","P_3_1105: Violations. If the contracting officer suspects violation by the contractor of a requirement of paragraph (b), (c)(3), or (d) of the clause at 52.203-16, Preventing Personal Conflicts of Interest, the contracting officer must contact the agency legal counsel for advice and/or recommendations on a course of action.","P_3_1105","P_3_.203_16","Material Implication (Impl): Rule 15 [HIGH-RISK]","PENDING_REVIEW","PASS","PASS","Mandatory requirement using 'shall'/'must'. Contains conditional trigger pattern (if/when/where). Uses HIGH-RISK transformation rule. Requires external review.","MEDIUM"
"3","3.1106","P_3_1106","Contract clause.","P_3_1106: Contract clause.","P_3_1106","None","Direct Statement","VALIDATED","PASS","PASS","Declarative statement establishing scope, definition, or policy.","HIGH"
"3","3.1106(a)","P_3_1106_a","Insert the clause at 52.203-16, Preventing Personal Conflicts of Interest, in solicitations and contracts that—","P_3_1106_a: Insert the clause at 52.203-16, Preventing Personal Conflicts of Interest, in solicitations and contracts that—","P_3_1106_a","P_3_.203_16","Direct Statement","VALIDATED","PASS","PASS","Declarative statement establishing scope, definition, or policy.","HIGH"
"3","3.1106(a)(1)","P_3_1106_a_1","Exceed the simplified acquisition threshold; and","P_3_1106_a_1: Exceed the simplified acquisition threshold; and","P_3_1106_a_1","None","Direct Statement","VALIDATED","PASS","PASS","Declarative statement establishing scope, definition, or policy.","HIGH"
"3","3.1106(a)(2)","P_3_1106_a_2","Include a requirement for services by contractor employee(s) that involve performance of acquisition functions closely associated with inherently governmental functions for, or on behalf of, a Federal agency or department.","P_3_1106_a_2: Include a requirement for services by contractor employee(s) that involve performance of acquisition functions closely associated with inherently governmental functions for, or on behalf of, a Federal agency or department.","P_3_1106_a_2","None","Direct Statement","VALIDATED","PASS","PASS","Declarative statement establishing scope, definition, or policy.","HIGH"
"3","3.1106(b)","P_3_1106_b","If only a portion of a contract involves the performance of acquisition functions closely associated with inherently governmental functions, the contracting officer must still insert the clause but must limit the clause's applicability to only that portion of the contract that involves such services.","P_3_1106_b: If only a portion of a contract involves the performance of acquisition functions closely associated with inherently governmental functions, the contracting officer must still insert the clause but must limit the clause's applicability to only that portion of the contract that involves such services.","P_3_1106_b","None","Material Implication (Impl): Rule 15 [HIGH-RISK]","PENDING_REVIEW","PASS","PASS","Mandatory requirement using 'shall'/'must'. Contains conditional trigger pattern (if/when/where). Uses HIGH-RISK transformation rule. Requires external review.","MEDIUM"
"3","3.1106(c)","P_3_1106_c","Do not insert the clause in solicitations or contracts with a self-employed individual if the acquisition functions closely associated with inherently governmental functions are to be performed entirely by the self-employed individual, rather than an employee of the contractor.","P_3_1106_c: Do not insert the clause in solicitations or contracts with a self-employed individual if the acquisition functions closely associated with inherently governmental functions are to be performed entirely by the self-employed individual, rather than an employee of the contractor.","P_3_1106_c","None","Material Implication (Impl): Rule 15 [HIGH-RISK]","PENDING_REVIEW","PASS","PASS","Declarative statement establishing scope, definition, or policy. Contains conditional trigger pattern (if/when/where). Uses HIGH-RISK transformation rule. Requires external review.","MEDIUM"
