"RFO_Part","Section_Number","Propositional_ID","Natural_Language","Atomic_Propositions","Formal_Logic_Statement","Dependencies","Justification_Rules","Validation_Status","Logical_Check","Real_World_Check","Validation_Notes","Confidence_Level"
"15.0 (General)","15.000","P_15_000","15.000 Scope. This part addresses policies and procedures used in competitive and noncompetitive negotiated acquisitions. These acquisition procedures provide an opportunity for back-and-forth negotiation between the Government and an offeror(s) upon receipt of a proposal submitted in response to a request for proposals (RFP).","P_15_000_a: This part addresses policies and procedures used in competitive and noncompetitive negotiated acquisitions. These acquisition procedures provide an opportunity for back-and-forth negotiation between the Government and an offeror(s) upon receipt of a proposal submitted in response to a request for proposals (RFP).","P_15_000_a","None","Simplification (Simp): Rule 6","VALID","PASS","PASS","No contradictions detected. Regulatory statement properly represented.","HIGH"
"15.0 (General)","15.001","P_15_001","15.001 Definitions. As used in this part— Deficiency is any part of an offer that does not conform to a material requirement of a RFP. A material requirement is one that affects price, quantity, quality, or delivery, or that the RFP requires to be met at the time of proposal submission. Proposal modification is a change made to a proposal before the RFP closing date and time, or made in response to an amendment, or made to correct a mistake at any time before award. Proposal revision is a change to material elements of a proposal made after the RFP closing date, at the request of or as allowed by a contracting officer, as the result of negotiations. Weakness means a flaw in the proposal that increases the risk of unsuccessful contract performance. A “significant weakness” in the proposal is a flaw that appreciably increases the risk of unsuccessful contract performance.","P_15_001_a: As used in this part— Deficiency is any part of an offer that does not conform to a material requirement of a RFP. A material requirement is one that affects price, quantity, quality, or delivery, or that the RFP requires to be met at the time of proposal submission. Proposal modification is a change made to a proposal before the RFP closing date and time, or made in response to an amendment, or made to correct a mistake at any time before award. Proposal revision is a change to material e","P_15_001_a","None","De Morgan's Rule (DM): Rule 9","VALID","PASS","PASS","No contradictions detected. Regulatory statement properly represented. Long single proposition; further decomposition may improve precision.","MEDIUM"
"15.0 (General)","15.002_a","P_15_002_a","15.002(a) Noncompetitive acquisitions. Noncompetitive, or sole source, acquisition is a process whereby an award is made to a single vendor without soliciting offers from multiple sources. When using this acquisition strategy, agencies should remove unnecessary information and requirements from the request for proposal (RFP), including voluminous proposal preparation instructions and evaluation factors.","P_15_002_a_a: (a) Noncompetitive acquisitions. Noncompetitive, or sole source, acquisition is a process whereby an award is made to a single vendor without soliciting offers from multiple sources. When using this acquisition strategy, agencies should remove unnecessary information and requirements from the request for proposal (RFP), including voluminous proposal preparation instructions and evaluation factors.","P_15_002_a_a","None","Simplification (Simp): Rule 6","VALID","PASS","PASS","No contradictions detected. Advisory guidance; recommended but not mandatory.","HIGH"
"15.0 (General)","15.002_b","P_15_002_b","15.002(b) Competitive acquisitions. Competitive acquisition is a process whereby an award is made after soliciting offers from multiple sources. When using this acquisition strategy, agencies should tailor the complexity of the RFP, evaluation, and source selection decision to the circumstances of the acquisition, while maintaining a process that promotes an impartial and comprehensive evaluation of proposals, leading to selection of the proposal representing the best value to the Government.","P_15_002_b_a: (b) Competitive acquisitions. Competitive acquisition is a process whereby an award is made after soliciting offers from multiple sources. When using this acquisition strategy, agencies should tailor the complexity of the RFP, evaluation, and source selection decision to the circumstances of the acquisition, while maintaining a process that promotes an impartial and comprehensive evaluation of proposals, leading to selection of the proposal representing the best value to the Government.","P_15_002_b_a","None","Simplification (Simp): Rule 6","VALID","PASS","PASS","No contradictions detected. Advisory guidance; recommended but not mandatory. Long single proposition; further decomposition may improve precision.","MEDIUM"
"15.1 (Presolicitation/Solicitation)","15.100","P_15_100","15.100 Scope. This subpart addresses policies and procedures for preparing requests for proposals (RFPs) and receiving proposals. RFPs are used in negotiated acquisitions to communicate Government requirements to prospective contractors and to request proposals.","P_15_100_a: This subpart addresses policies and procedures for preparing requests for proposals (RFPs) and receiving proposals. RFPs are used in negotiated acquisitions to communicate Government requirements to prospective contractors and to request proposals.","P_15_100_a","None","Simplification (Simp): Rule 6","VALID","PASS","PASS","No contradictions detected. Regulatory statement properly represented.","HIGH"
"15.1 (Presolicitation/Solicitation)","15.101_a","P_15_101_a","15.101(a) General . Exchanges of information among all interested parties are encouraged and can occur at any time between the identification of a requirement through the receipt of proposals. These exchanges can improve both the Government's understanding of industry capabilities and the industry's understanding of the Government's needs. Any exchange of information must be consistent with procurement integrity requirements in part 3 and protected in accordance with part 24.","P_15_101_a_a: (a) General . Exchanges of information among all interested parties are encouraged and can occur at any time between the identification of a requirement through the receipt of proposals. These exchanges can improve both the Government's understanding of industry capabilities and the industry's understanding of the Government's needs. Any exchange of information must be consistent with procurement integrity requirements in part 3 and protected in accordance with part 24.","P_15_101_a_a","None","Simplification (Simp): Rule 6","VALID","PASS","PASS","No contradictions detected. Mandatory requirement; enforceable. Long single proposition; further decomposition may improve precision.","MEDIUM"
"15.1 (Presolicitation/Solicitation)","15.101_b","P_15_101_b","15.101(b) Draft RFPs . Agencies are encouraged to release draft RFPs and conduct conferences with industry before issuing competitive RFPs.","P_15_101_b_a: (b) Draft RFPs . Agencies are encouraged to release draft RFPs and conduct conferences with industry before issuing competitive RFPs.","P_15_101_b_a","None","Simplification (Simp): Rule 6","VALID","PASS","PASS","No contradictions detected. Regulatory statement properly represented.","HIGH"
"15.1 (Presolicitation/Solicitation)","15.101_c","P_15_101_c","15.101(c) Requests for Information . Agencies are encouraged to release requests for information (RFI) when the Government does not currently intend to award a contract, but wants to obtain price, delivery, market, or capabilities information for planning purposes. (1) There is no required format for RFIs. (2) Responses to RFIs are not offers and cannot be accepted by the Government to form a binding contract. (3) RFIs must state that–","P_15_101_c_a: (c) Requests for Information . Agencies are encouraged to release requests for information (RFI) when the Government does not currently intend to award a contract, but wants to obtain price, delivery, market, or capabilities information for planning purposes; P_15_101_c_b: There is no required format for RFIs; P_15_101_c_c: Responses to RFIs are not offers and cannot be accepted by the Government to form a binding contract; P_15_101_c_d: RFIs must state that–","(P_15_101_c_a ⊃ (P_15_101_c_b ∧ P_15_101_c_c ∧ P_15_101_c_d))","None","Modus Ponens (MP): Rule 1; Addition (Add): Rule 8; De Morgan's Rule (DM): Rule 9","VALID","PASS","PASS","No contradictions detected. Conjunction links co-required elements. Mandatory requirement; enforceable. Conditional structure identified and represented as implication.","HIGH"
"15.1 (Presolicitation/Solicitation)","15.101_i","P_15_101_i","15.101(i) The Government does not intend to award a contract on the basis of the RFI or otherwise pay for the information requested; and (ii) Responses will be treated as information only and not as a proposal. (4) Information received in response to an RFI must be safeguarded adequately from unauthorized disclosure. Contracting officers should mark the information with date and time of receipt and provide the information to designated officials.","P_15_101_i_a: (i) The Government does not intend to award a contract on the basis of the RFI or otherwise pay for the information requested; P_15_101_i_b: and (ii) Responses will be treated as information only and not as a proposal. (4) Information received in response to an RFI must be safeguarded adequately from unauthorized disclosure. Contracting officers should mark the information with date and time of receipt and provide the information to designated officials","(P_15_101_i_a ∧ P_15_101_i_b)","None","Addition (Add): Rule 8; De Morgan's Rule (DM): Rule 9","VALID","PASS","PASS","No contradictions detected. Conjunction links co-required elements. Mandatory requirement; enforceable.","HIGH"
"15.1 (Presolicitation/Solicitation)","15.101_d","P_15_101_d","15.101(d) Mission needs and requirements . General information on an agency’s current or anticipated needs and requirements may be disclosed at any time. When information about a proposed acquisition is disclosed to one or more potential offerors and that information is necessary for the preparation of proposals, the information should be made available to the public as soon as practicable, but no later than the next general release of information, in order to avoid creating an unfair competitive advantage.","P_15_101_d_a: (d) Mission needs and requirements . General information on an agency’s current or anticipated needs and requirements may be disclosed at any time. When information about a proposed acquisition is disclosed to one or more potential offerors and that information is necessary for the preparation of proposals, the information should be made available to the public as soon as practicable, but no later than the next general release of information, in order to avoid creating an unfair competitive adva","P_15_101_d_a","None","De Morgan's Rule (DM): Rule 9","VALID","PASS","PASS","No contradictions detected. Advisory guidance; recommended but not mandatory. Long single proposition; further decomposition may improve precision.","MEDIUM"
"15.1 (Presolicitation/Solicitation)","15.101_e","P_15_101_e","15.101(e) Advisory multistep process . (1) Agencies may publish a notice that provides a general description of the scope or purpose of the acquisition and invites potential offerors to submit information that allows the Government to advise offerors about their potential to be viable competitors. (2) When using this process, agencies must—","P_15_101_e_a: (e) Advisory multistep process ; P_15_101_e_b: Agencies may publish a notice that provides a general description of the scope or purpose of the acquisition and invites potential offerors to submit information that allows the Government to advise offerors about their potential to be viable competitors; P_15_101_e_c: When using this process, agencies must—","(P_15_101_e_a ∧ P_15_101_e_b ∧ P_15_101_e_c)","None","Addition (Add): Rule 8","VALID","PASS","PASS","No contradictions detected. Conjunction links co-required elements. Mandatory requirement; enforceable.","HIGH"
"15.1 (Presolicitation/Solicitation)","15.101_i2","P_15_101_i2","15.101(i) Evaluate all responses in accordance with the criteria stated in the notice; (ii) Advise each respondent in writing either that it will be invited to participate in the resultant acquisition or, based on the information submitted, that it is unlikely to be a viable competitor; (iii) Advise respondents considered not to be viable competitors of the general basis for that opinion; and (iv) Inform all respondents that, notwithstanding the advice provided by the Government in response to their submissions, they may participate in the resultant acquisition.","P_15_101_i2_a: (i) Evaluate all responses in accordance with the criteria stated in the notice; P_15_101_i2_b: (ii) Advise each respondent in writing either that it will be invited to participate in the resultant acquisition or, based on the information submitted, that it is unlikely to be a viable competitor; P_15_101_i2_c: (iii) Advise respondents considered not to be viable competitors of the general basis for that opinion; P_15_101_i2_d: and (iv) Inform all respondents that, notwithstanding the advice provided by the Government in response to their submissions, they may participate in the resultant acquisition","(P_15_101_i2_a ∧ P_15_101_i2_b ∧ P_15_101_i2_c ∧ P_15_101_i2_d)","None","Addition (Add): Rule 8; De Morgan's Rule (DM): Rule 9","VALID","PASS","PASS","No contradictions detected. Conjunction links co-required elements. Permissive statement; optional action.","HIGH"
"15.1 (Presolicitation/Solicitation)","15.102_a","P_15_102_a","15.102(a) Method . RFPs may be issued in writing or orally.","P_15_102_a_a: (a) Method . RFPs may be issued in writing or orally.","P_15_102_a_a","None","Simplification (Simp): Rule 6","VALID","PASS","PASS","No contradictions detected. Permissive statement; optional action.","HIGH"
"15.1 (Presolicitation/Solicitation)","15.102_b","P_15_102_b","15.102(b) Format . (1) Requirement . Contracting officers should prepare RFPs and resulting contracts using the uniform contract format at 15.109.","P_15_102_b_a: (b) Format . (1) Requirement . Contracting officers should prepare RFPs and resulting contracts using the uniform contract format at 15.109.","P_15_102_b_a","P_15_109","Simplification (Simp): Rule 6","VALID","PASS","PASS","No contradictions detected. Advisory guidance; recommended but not mandatory. Cross-references 1 other section(s).","HIGH"
"15.1 (Presolicitation/Solicitation)","15.102_i","P_15_102_i","15.102(i) Streamlined RFPs may be used in non-competitive acquisitions and other acquisitions in which a standard RFP would be unnecessarily lengthy. (ii) Oral RFPs may be used when processing a written RFP would delay the acquisition of supplies or services to the detriment of the Government and an RFP is not required to be posted under part 5. (2) Exceptions . Agencies do not need to use the uniform contract format for:","P_15_102_i_a: (i) Streamlined RFPs may be used in non-competitive acquisitions and other acquisitions in which a standard RFP would be unnecessarily lengthy. (ii) Oral RFPs may be used when processing a written RFP would delay the acquisition of supplies or services to the detriment of the Government and an RFP is not required to be posted under part 5; P_15_102_i_b: Exceptions . Agencies do not need to use the uniform contract format for:","(P_15_102_i_a ∧ P_15_102_i_b)","None","Addition (Add): Rule 8; De Morgan's Rule (DM): Rule 9","VALID","PASS","PASS","No contradictions detected. Conjunction links co-required elements. Permissive statement; optional action.","HIGH"
"15.1 (Presolicitation/Solicitation)","15.102_i2","P_15_102_i2","15.102(i) Construction and architect-engineer contracts. (ii) Subsistence contracts. (iii) Supplies or services contracts requiring special contract formats prescribed elsewhere in this part that are inconsistent with the uniform contract format. (iv) Streamlined RFPs.","P_15_102_i2_a: (i) Construction and architect-engineer contracts. (ii) Subsistence contracts. (iii) Supplies or services contracts requiring special contract formats prescribed elsewhere in this part that are inconsistent with the uniform contract format. (iv) Streamlined RFPs.","P_15_102_i2_a","None","Simplification (Simp): Rule 6","VALID","PASS","PASS","No contradictions detected. Regulatory statement properly represented.","HIGH"
"15.1 (Presolicitation/Solicitation)","15.102_v","P_15_102_v","15.102(v) Contracts exempted by the agency head or designee. (3) Minimum content when not using the uniform contract format . When the uniform contract format is not used, contracting officers must ensure—","P_15_102_v_a: (v) Contracts exempted by the agency head or designee; P_15_102_v_b: Minimum content when not using the uniform contract format . When the uniform contract format is not used, contracting officers must ensure—","(P_15_102_v_a ∨ P_15_102_v_b)","None","Addition (Add): Rule 8; De Morgan's Rule (DM): Rule 9","VALID","PASS","PASS","No contradictions detected. Disjunction represents valid alternatives. Mandatory requirement; enforceable.","HIGH"
"15.1 (Presolicitation/Solicitation)","15.102_i3","P_15_102_i3","15.102(i) Competitive RFPs, at a minimum, describe the Government's requirement; any anticipated terms and conditions that will apply to the contract; the information required to be in the offeror's proposal; the factors and significant subfactors that will be used to evaluate the proposal and their relative importance, and one of the statements at 15.104(d). (ii) Streamlined RFPs must be streamlined to remove unnecessary information and requirements and, at a minimum, contain the following: (A) RFP number and date; (B) Name, address, and telephone number of the contracting officer; (C) Type of contract contemplated; (D) Quantity, description, and required delivery dates for the item; (E) Applicable certifications and representations; (F) Anticipated contract terms and conditions; (G) Proposal due date and time; (H) Other relevant information; e.g. , incentives, variations in delivery schedule, cost proposal support, and data requirements; and (I) For competitive streamlined RFPs, instructions to offerors and evaluation factors and significant subfactors in accordance with 15.104.","P_15_102_i3_a: (i) Competitive RFPs, at a minimum, describe the Government's requirement; any anticipated terms and conditions that will apply to the contract; the information required to be in the offeror's proposal; the factors and significant subfactors that will be used to evaluate the proposal and their relative importance, and one of the statements at 15.104(d). (ii) Streamlined RFPs must be streamlined to remove unnecessary information and requirements and, at a minimum, contain the following: (A) R","P_15_102_i3_a","P_15_104","Simplification (Simp): Rule 6","VALID","PASS","PASS","No contradictions detected. Mandatory requirement; enforceable. Cross-references 1 other section(s). Long single proposition; further decomposition may improve precision.","MEDIUM"
"15.1 (Presolicitation/Solicitation)","15.103","P_15_103","15.103 Developing a competitive source selection approach. The goal of source selection is to select the proposal that represents the best value to the Government. To obtain best value, agencies use a range of approaches for evaluating competitive offers, where the importance of cost or price varies relative to other factors such as technical merit and past performance. Agencies can obtain best value in competitive negotiated acquisitions by using any one or a combination of source selection approaches, including but not limited to the approaches mentioned in this section. 15.103-1 Tradeoff approach. The tradeoff approach to source selection is appropriate when it may be in the Government’s best interest to consider award to other than the lowest priced offeror or other than the highest technically rated offeror. This process permits tradeoffs among cost or price and non-cost or non-price factors. The anticipated benefits of a higher priced proposal must merit the additional cost.","P_15_103_a: The goal of source selection is to select the proposal that represents the best value to the Government. To obtain best value, agencies use a range of approaches for evaluating competitive offers, where the importance of cost or price varies relative to other factors such as technical merit and past performance. Agencies can obtain best value in competitive negotiated acquisitions by using any one or a combination of source selection approaches, including but not limited to the approaches mentio","P_15_103_a","P_15_103_1","De Morgan's Rule (DM): Rule 9","VALID","PASS","PASS","No contradictions detected. Mandatory requirement; enforceable. Cross-references 1 other section(s). Long single proposition; further decomposition may improve precision.","MEDIUM"
"15.1 (Presolicitation/Solicitation)","15.103-2","P_15_103_2","15.103-2 Lowest price technically acceptable approach.","P_15_103_2_a: 15.103-2 Lowest price technically acceptable approach.","P_15_103_2_a","None","Simplification (Simp): Rule 6","VALID","PASS","PASS","No contradictions detected. Regulatory statement properly represented.","HIGH"
"15.1 (Presolicitation/Solicitation)","15.103-2_a","P_15_103_2_a","15.103-2(a) General . The lowest price technically acceptable (LPTA) approach to source selection is appropriate when it is in the Government’s best interest to award to the offeror that submits a technically acceptable proposal with the lowest evaluated price. This approach does not permit tradeoffs.","P_15_103_2_a_a: (a) General . The lowest price technically acceptable (LPTA) approach to source selection is appropriate when it is in the Government’s best interest to award to the offeror that submits a technically acceptable proposal with the lowest evaluated price. This approach does not permit tradeoffs.","P_15_103_2_a_a","None","De Morgan's Rule (DM): Rule 9","VALID","PASS","PASS","No contradictions detected. Regulatory statement properly represented.","HIGH"
"15.1 (Presolicitation/Solicitation)","15.103-2_b","P_15_103_2_b","15.103-2(b) Required Information . When using this approach, the RFP must— (1) Identify the evaluation factors that establish the minimum requirements for acceptability; and (2) Specify that the award will be made on the basis of the lowest evaluated price of proposals meeting or exceeding the requirements for acceptability.","P_15_103_2_b_a: (b) Required Information . When using this approach, the RFP must— (1) Identify the evaluation factors that establish the minimum requirements for acceptability; P_15_103_2_b_b: and (2) Specify that the award will be made on the basis of the lowest evaluated price of proposals meeting or exceeding the requirements for acceptability","(P_15_103_2_b_a ⊃ P_15_103_2_b_b)","None","Modus Ponens (MP): Rule 1; Addition (Add): Rule 8","VALID","PASS","PASS","No contradictions detected. Conjunction links co-required elements. Mandatory requirement; enforceable. Conditional structure identified and represented as implication.","HIGH"
"15.1 (Presolicitation/Solicitation)","15.103-2_c","P_15_103_2_c","15.103-2(c) Limitations. Except for DoD, in accordance with section 880 of the John S. McCain National Defense Authorization Act for Fiscal Year 2019 (Pub. L. 115-232, 41 U.S.C. 3701 Note)— (1) The LPTA source selection approach must only be used when—","P_15_103_2_c_a: (c) Limitations. Except for DoD, in accordance with section 880 of the John S. McCain National Defense Authorization Act for Fiscal Year 2019 (Pub. L. 115-232, 41 U.S.C. 3701 Note)—; P_15_103_2_c_b: The LPTA source selection approach must only be used when—","(P_15_103_2_c_a ∧ P_15_103_2_c_b)","None","Conjunction (Conj): Rule 7","VALID","PASS","PASS","No contradictions detected. Conjunction links co-required elements. Mandatory requirement; enforceable.","HIGH"
"15.1 (Presolicitation/Solicitation)","15.103-2_i","P_15_103_2_i","15.103-2(i) The agency can comprehensively and clearly describe the minimum requirements in terms of performance objectives, measures, and standards that will be used to determine the acceptability of offers; (ii) The agency would realize no, or minimal, value from a proposal that exceeds the minimum technical or performance requirements; (iii) The agency believes the technical proposals will require no, or minimal, subjective judgment by the source selection authority as to the desirability of one offeror's proposal versus a competing proposal; (iv) The agency has a high degree of confidence that reviewing the technical proposals of all offerors would not result in the identification of characteristics that could provide value or benefit to the agency;","P_15_103_2_i_a: (i) The agency can comprehensively and clearly describe the minimum requirements in terms of performance objectives, measures, and standards that will be used to determine the acceptability of offers; P_15_103_2_i_b: (ii) The agency would realize no, or minimal, value from a proposal that exceeds the minimum technical or performance requirements; P_15_103_2_i_c: (iii) The agency believes the technical proposals will require no, or minimal, subjective judgment by the source selection authority as to the desirability of one offeror's proposal versus a competing proposal; P_15_103_2_i_d: (iv) The agency has a high degree of confidence that reviewing the technical proposals of all offerors would not result in the identification of characteristics that could provide value or benefit to the agency","(P_15_103_2_i_a ∧ P_15_103_2_i_b ∧ P_15_103_2_i_c ∧ P_15_103_2_i_d)","None","Addition (Add): Rule 8; De Morgan's Rule (DM): Rule 9","VALID","PASS","PASS","No contradictions detected. Conjunction links co-required elements. Regulatory statement properly represented.","HIGH"
"15.1 (Presolicitation/Solicitation)","15.103-2_v","P_15_103_2_v","15.103-2(v) The agency determined that the lowest price reflects the total cost, including operation and support, of the product(s) or service(s) being acquired; and (vi) The contracting officer documents the contract file describing the circumstances that justify the use of the LPTA source selection process. (2) Contracting officers must avoid, to the maximum extent practicable, using the LPTA source selection process in the case of a procurement that is predominantly for the acquisition of—","P_15_103_2_v_a: (v) The agency determined that the lowest price reflects the total cost, including operation and support, of the product(s) or service(s) being acquired; P_15_103_2_v_b: and (vi) The contracting officer documents the contract file describing the circumstances that justify the use of the LPTA source selection process. (2) Contracting officers must avoid, to the maximum extent practicable, using the LPTA source selection process in the case of a procurement that is predominantly for the acquisition of—","(P_15_103_2_v_a ∧ P_15_103_2_v_b)","None","Addition (Add): Rule 8","VALID","PASS","PASS","No contradictions detected. Conjunction links co-required elements. Mandatory requirement; enforceable.","HIGH"
"15.1 (Presolicitation/Solicitation)","15.103-2_i2","P_15_103_2_i2","15.103-2(i) Information technology services, cybersecurity services, systems engineering and technical assistance services, advanced electronic testing, audit or audit readiness services, health care services and records, telecommunications devices and services, or other knowledge-based professional services; (ii) Personal protective equipment; or (iii) Knowledge-based training or logistics services in contingency operations or other operations outside the United States.","P_15_103_2_i2_a: (i) Information technology services, cybersecurity services, systems engineering and technical assistance services, advanced electronic testing, audit or audit readiness services, health care services and records, telecommunications devices and services, or other knowledge-based professional services; P_15_103_2_i2_b: (ii) Personal protective equipment; P_15_103_2_i2_c: or (iii) Knowledge-based training or logistics services in contingency operations or other operations outside the United States","(P_15_103_2_i2_a ∧ P_15_103_2_i2_b ∧ P_15_103_2_i2_c)","None","Addition (Add): Rule 8","VALID","PASS","PASS","No contradictions detected. Conjunction links co-required elements. Regulatory statement properly represented.","HIGH"
"15.1 (Presolicitation/Solicitation)","15.103-3","P_15_103_3","15.103-3 Highest technically rated with a fair and reasonable price approach","P_15_103_3_a: Highest technically rated with a fair and reasonable price approach","P_15_103_3_a","None","Simplification (Simp): Rule 6","VALID","PASS","PASS","No contradictions detected. Regulatory statement properly represented.","HIGH"
"15.1 (Presolicitation/Solicitation)","15.103-3_a","P_15_103_3_a","15.103-3(a) General . (1) The highest technically rated with a fair and reasonable price approach to source selection is appropriate when the Government determines in advance that it would not be advantageous to consider tradeoffs between cost or price and non-cost or non-price factors; rather, the acquisition warrants paying any fair and reasonable price for the highest quality performance. (2) In this approach, all proposals are evaluated based on the non-price factors outlined in the solicitation and the source selection authority determines the highest technically rated proposal. The price of the highest technically rated proposal is evaluated to determine if it is fair and reasonable in accordance with subpart 15.4. (3) If the highest technically rated proposal’s price is fair and reasonable, the proposal is selected for award. If the price is not fair and reasonable, the source selection authority must determine the next highest technically rated proposal and evaluate whether the price is fair and reasonable in accordance with subpart 15.4. This process continues until a contract is awarded to the highest technically rated responsible offeror with a fair and reasonable price.","P_15_103_3_a_a: (a) General . (1) The highest technically rated with a fair and reasonable price approach to source selection is appropriate when the Government determines in advance that it would not be advantageous to consider tradeoffs between cost or price and non-cost or non-price factors; P_15_103_3_a_b: rather, the acquisition warrants paying any fair and reasonable price for the highest quality performance. (2) In this approach, all proposals are evaluated based on the non-price factors outlined in the solicitation and the source selection authority determines the highest technically rated proposal. The price of the highest technically rated proposal is evaluated to determine if it is fair and reasonable in accordance with subpart 15.4. (3) If the highest technically rated proposal’s price is fair and reasonable, the proposal is selected for award. If the price is not fair and reasonable, the source selection authority must determine the next highest technically rated proposal and evaluate whether the price is fair and reasonable in accordance with subpart 15.4. This process continues until a contract is awarded to the highest technically rated responsible offeror with a fair and reasonable price","(P_15_103_3_a_a ⊃ P_15_103_3_a_b)","P_15_4","Modus Ponens (MP): Rule 1; Addition (Add): Rule 8; De Morgan's Rule (DM): Rule 9","VALID","PASS","PASS","No contradictions detected. Conjunction links co-required elements. Mandatory requirement; enforceable. Cross-references 1 other section(s). Conditional structure identified and represented as implication.","HIGH"
"15.1 (Presolicitation/Solicitation)","15.103-3_b","P_15_103_3_b","15.103-3(b) Required information . When using this approach, the RFP must advise offerors that the Government will not consider tradeoffs between cost or price and non-cost or non-price factors, and that the highest technically rated proposal will be selected for award if it offers a fair and reasonable price.","P_15_103_3_b_a: (b) Required information . When using this approach, the RFP must advise offerors that the Government will not consider tradeoffs between cost or price and non-cost or non-price factors, and that the highest technically rated proposal will be selected for award if it offers a fair and reasonable price.","P_15_103_3_b_a","None","De Morgan's Rule (DM): Rule 9","VALID","PASS","PASS","No contradictions detected. Mandatory requirement; enforceable.","HIGH"
"15.1 (Presolicitation/Solicitation)","15.103-4_a","P_15_103_4_a","15.103-4(a) Phased acquisitions break down complex or high-risk acquisitions into distinct parts for contract award. Instead of a single and comprehensive proposal and evaluation process, phased acquisitions are structured to make separate awards at distinct phases of the acquisition. This approach can reduce source selection timeframes and promote flexibility by permitting adjustments to the requirement between phases.","P_15_103_4_a_a: (a) Phased acquisitions break down complex or high-risk acquisitions into distinct parts for contract award. Instead of a single and comprehensive proposal and evaluation process, phased acquisitions are structured to make separate awards at distinct phases of the acquisition. This approach can reduce source selection timeframes and promote flexibility by permitting adjustments to the requirement between phases.","P_15_103_4_a_a","None","Simplification (Simp): Rule 6","VALID","PASS","PASS","No contradictions detected. Regulatory statement properly represented. Long single proposition; further decomposition may improve precision.","MEDIUM"
"15.1 (Presolicitation/Solicitation)","15.103-4_b","P_15_103_4_b","15.103-4(b) When using a phased approach, the RFP must— (1) Establish the phases for the acquisition; and (2) Describe the process that will be used to evaluate proposals and any criteria offerors must meet to progress to the next phase in the RFP.","P_15_103_4_b_a: (b) When using a phased approach, the RFP must— (1) Establish the phases for the acquisition; P_15_103_4_b_b: and (2) Describe the process that will be used to evaluate proposals and any criteria offerors must meet to progress to the next phase in the RFP","(P_15_103_4_b_a ⊃ P_15_103_4_b_b)","None","Modus Ponens (MP): Rule 1; Conjunction (Conj): Rule 7","VALID","PASS","PASS","No contradictions detected. Conjunction links co-required elements. Mandatory requirement; enforceable. Conditional structure identified and represented as implication.","HIGH"
"15.1 (Presolicitation/Solicitation)","15.104","P_15_104","15.104 Establishing competitive evaluation factors and significant subfactors.","P_15_104_a: 15.104 Establishing competitive evaluation factors and significant subfactors.","P_15_104_a","None","Simplification (Simp): Rule 6","VALID","PASS","PASS","No contradictions detected. Regulatory statement properly represented.","HIGH"
"15.1 (Presolicitation/Solicitation)","15.104_a","P_15_104_a","15.104(a) General. A competitive award decision is based on evaluation factors and significant subfactors that are tailored to the acquisition. Evaluation factors and significant subfactors must represent the key areas of importance and emphasis to be considered in the source selection decision; and support meaningful differentiation between competing proposals. All factors and significant subfactors that will affect contract award and their relative importance must be stated clearly in the RFP (10 U.S.C. 3206(b)(1) and 41 U.S.C. 3306(b)(1)).","P_15_104_a_a: (a) General. A competitive award decision is based on evaluation factors and significant subfactors that are tailored to the acquisition. Evaluation factors and significant subfactors must represent the key areas of importance and emphasis to be considered in the source selection decision; P_15_104_a_b: and support meaningful differentiation between competing proposals. All factors and significant subfactors that will affect contract award and their relative importance must be stated clearly in the RFP (10 U.S.C. 3206(b)(1) and 41 U.S.C. 3306(b)(1))","(P_15_104_a_a ∧ P_15_104_a_b)","None","Conjunction (Conj): Rule 7","VALID","PASS","PASS","No contradictions detected. Conjunction links co-required elements. Mandatory requirement; enforceable.","HIGH"
"15.1 (Presolicitation/Solicitation)","15.104_b","P_15_104_b","15.104(b) Required factors . The evaluation factors and significant subfactors that apply to an acquisition and their relative importance are within the broad discretion of agency acquisition officials, subject to the following requirements: (1) Price or cost .","P_15_104_b_a: (b) Required factors . The evaluation factors and significant subfactors that apply to an acquisition and their relative importance are within the broad discretion of agency acquisition officials, subject to the following requirements: (1) Price or cost .","P_15_104_b_a","None","Simplification (Simp): Rule 6","VALID","PASS","PASS","No contradictions detected. Regulatory statement properly represented.","HIGH"
"15.1 (Presolicitation/Solicitation)","15.104_i","P_15_104_i","15.104(i) Price or cost to the Government must be evaluated in every competitive source selection (10 U.S.C. 3206(c)(1)(B) and41 U.S.C. 3306(c)(1)(B)). Proposed price reductions under an offeror's other contracts cannot be used as an evaluation factor. (ii) In accordance with 10 U.S.C. 3206(c), for DoD, NASA, and the Coast Guard– (A) Contracting officers may choose not to include price or cost as an evaluation factor for award when an RFP– (1) Has an estimated value above the simplified acquisition threshold; (2) Will result in multiple-award contracts that are for the same or similar services; and (3) States that the Government intends to make an award to each and all qualifying offerors. (B) If the contracting officer chooses not to include price or cost as an evaluation factor for the contract award, in accordance with paragraph (b)(1)(ii)(A) of this section, the contracting officer must consider price or cost as one of the factors in the selection decision for each order placed under the contract. (C) The exception in paragraph (B)(1)(ii)(A) of this section must not apply to RFPs for multiple-award contracts that provide for sole source orders pursuant to section 8(a) of the Small Business Act (15 U.S.C. 637(a)). (2) Quality . The quality of the product or service must be evaluated in every competitive source selection through consideration of one or more non-cost evaluation factors such as past performance, compliance with RFP requirements, technical excellence, management capability, personnel qualifications, and prior experience ((10 U.S.C. 3206(c)(1)(A) and 41 U.S.C. 3306(c)(1)(A)). (3) Past performance .","P_15_104_i_a: (i) Price or cost to the Government must be evaluated in every competitive source selection (10 U.S.C. 3206(c)(1)(B) and41 U.S.C. 3306(c)(1)(B)). Proposed price reductions under an offeror's other contracts cannot be used as an evaluation factor. (ii) In accordance with 10 U.S.C. 3206(c), for DoD, NASA, and the Coast Guard– (A) Contracting officers may choose not to include price or cost as an evaluation factor for award when an RFP– (1) Has an estimated value above the simplified acquisition threshold; P_15_104_i_b: (2) Will result in multiple-award contracts that are for the same or similar services; P_15_104_i_c: and (3) States that the Government intends to make an award to each and all qualifying offerors. (B) If the contracting officer chooses not to include price or cost as an evaluation factor for the contract award, in accordance with paragraph (b)(1)(ii)(A) of this section, the contracting officer must consider price or cost as one of the factors in the selection decision for each order placed under the contract. (C) The exception in paragraph (B)(1)(ii)(A) of this section must not apply to RFPs for multiple-award contracts that provide for sole source orders pursuant to section 8(a) of the Small Business Act (15 U.S.C. 637(a)). (2) Quality . The quality of the product or service must be evaluated in every competitive source selection through consideration of one or more non-cost evaluation factors such as past performance, compliance with RFP requirements, technical excellence, management capability, personnel qualifications, and prior experience ((10 U.S.C. 3206(c)(1)(A) and 41 U.S.C. 3306(c)(1)(A)). (3) Past performance","(P_15_104_i_a ∧ P_15_104_i_b ∧ P_15_104_i_c)","None","Addition (Add): Rule 8; De Morgan's Rule (DM): Rule 9","VALID","PASS","PASS","No contradictions detected. Conjunction links co-required elements. Mandatory requirement; enforceable.","HIGH"
"15.1 (Presolicitation/Solicitation)","15.104_i2","P_15_104_i2","15.104(i) Past performance must be evaluated in every competitive source selection, unless the contracting officer documents the reason past performance is not an appropriate evaluation factor for the acquisition. This evaluation is separate from the responsibility determination required under part 9. (ii) The RFP must— (A) Describe the general approach for evaluating past performance information, including evaluating offerors with no relevant performance history; (B) Provide offerors an opportunity to: identify past or current contracts (including Federal, State, and local government, private sector, and other contracts) for efforts similar to the Government requirement, and provide information on problems encountered on the identified contracts and the offeror corrective actions; and (iii) The RFP may describe the agency’s approach to considering the currency and relevance, source, and context of the information to be requested.","P_15_104_i2_a: (i) Past performance must be evaluated in every competitive source selection; P_15_104_i2_b: Exception: the contracting officer documents the reason past performance is not an appropriate evaluation factor for the acquisition. This evaluation is separate from the responsibility determination required under part 9. (ii) The RFP must— (A) Describe the general approach for evaluating past performance information, including evaluating offerors with no relevant performance history; (B) Provide offerors an opportunity to: identify past or current contracts (including Federal, State, and local government, private sector, and other contracts) for efforts similar to the Government requirement, and provide information on problems encountered on the identified contracts and the offeror corrective actions; and (iii) The RFP may describe the agency’s approach to considering the currency and relevance, source, and context of the information to be requested","(P_15_104_i2_a ∨ P_15_104_i2_b)","None","Disjunctive Syllogism (DS): Rule 4; Addition (Add): Rule 8; De Morgan's Rule (DM): Rule 9","VALID","PASS","PASS","No contradictions detected. Disjunction represents valid alternatives. Mandatory requirement; enforceable.","HIGH"
"15.1 (Presolicitation/Solicitation)","15.104_c","P_15_104_c","15.104(c) Situational factors . For competitive RFPs that are not set aside for small business concerns, involving consolidation or bundling, that offer a significant opportunity for subcontracting, the contracting officer must include— (1) A factor to evaluate past performance indicating the extent to which the offeror attained applicable goals for small business participation under contracts that required subcontracting plans (15 U.S.C. 637(d)(4)(G)(ii)); and (2) A factor to evaluate the proposed small business subcontracting participation in the subcontracting plan (15 U.S.C. 637(d)(4)(G)(i)).","P_15_104_c_a: (c) Situational factors . For competitive RFPs that are not set aside for small business concerns, involving consolidation or bundling, that offer a significant opportunity for subcontracting, the contracting officer must include— (1) A factor to evaluate past performance indicating the extent to which the offeror attained applicable goals for small business participation under contracts that required subcontracting plans (15 U.S.C. 637(d)(4)(G)(ii)); P_15_104_c_b: and (2) A factor to evaluate the proposed small business subcontracting participation in the subcontracting plan (15 U.S.C. 637(d)(4)(G)(i))","(P_15_104_c_a ∧ P_15_104_c_b)","None","Addition (Add): Rule 8; De Morgan's Rule (DM): Rule 9","VALID","PASS","PASS","No contradictions detected. Conjunction links co-required elements. Mandatory requirement; enforceable.","HIGH"
"15.1 (Presolicitation/Solicitation)","15.104_d","P_15_104_d","15.104(d) Factor importance . In addition to stating the relative importance of each evaluation factor, and unless the exception at paragraph (b)(1)(ii) of this section applies, the RFP must also state, at a minimum, whether all evaluation factors other than cost or price, when combined, are— (1) Significantly more important than cost or price; (2) Approximately equal to cost or price; or (3) Significantly less important than cost or price (10 U.S.C. 3206(c)(1)(C) and 41 U.S.C. 3306(c)(1)(C)).","P_15_104_d_a: (d) Factor importance . In addition to stating the relative importance of each evaluation factor, and; P_15_104_d_b: Exception: the exception at paragraph (b)(1)(ii) of this section applies, the RFP must also state, at a minimum, whether all evaluation factors other than cost or price, when combined, are— (1) Significantly more important than cost or price; (2) Approximately equal to cost or price; or (3) Significantly less important than cost or price (10 U.S.C. 3206(c)(1)(C) and 41 U.S.C. 3306(c)(1)(C))","(P_15_104_d_a ∨ P_15_104_d_b)","None","Disjunctive Syllogism (DS): Rule 4; Addition (Add): Rule 8","VALID","PASS","PASS","No contradictions detected. Disjunction represents valid alternatives. Mandatory requirement; enforceable.","HIGH"
"15.1 (Presolicitation/Solicitation)","15.105","P_15_105","15.105 Other considerations. 15.105-1 Oral presentations.","P_15_105_a: 15.105-1 Oral presentations.","P_15_105_a","P_15_105_1","Simplification (Simp): Rule 6","VALID","PASS","PASS","No contradictions detected. Regulatory statement properly represented. Cross-references 1 other section(s).","HIGH"
"15.1 (Presolicitation/Solicitation)","15.105_a","P_15_105_a","15.105(a) Oral presentations may be used as a substitute for requesting portions of a written proposal information from offerors. Information on an offeror's capability, past performance, work plans or approaches, staffing resources, transition plans, or sample tasks can be suitable for oral presentations.","P_15_105_a_a: (a) Oral presentations may be used as a substitute for requesting portions of a written proposal information from offerors. Information on an offeror's capability, past performance, work plans or approaches, staffing resources, transition plans, or sample tasks can be suitable for oral presentations.","P_15_105_a_a","None","Simplification (Simp): Rule 6","VALID","PASS","PASS","No contradictions detected. Permissive statement; optional action.","HIGH"
"15.1 (Presolicitation/Solicitation)","15.105_b","P_15_105_b","15.105(b) Oral presentations may occur at any time during the source selection process. When requesting oral presentations, the RFP must provide offerors with the necessary information to prepare and provide the presentation.","P_15_105_b_a: (b) Oral presentations may occur at any time during the source selection process. When requesting oral presentations, the RFP must provide offerors with the necessary information to prepare and provide the presentation.","P_15_105_b_a","None","Simplification (Simp): Rule 6","VALID","PASS","PASS","No contradictions detected. Mandatory requirement; enforceable.","HIGH"
"15.1 (Presolicitation/Solicitation)","15.105-2","P_15_105_2","15.105-2 Negotiations disclosure. Competitive RFPs must advise offerors whether the Government intends to evaluate proposals and award a contract with or without conducting negotiations with offerors whose proposals have been determined to be within the competitive range. FAR provision 52.215-1, Instructions to Offerors-Competitive Acquisition, and its Alternate I, contain this disclosure.","P_15_105_2_a: Competitive RFPs must advise offerors whether the Government intends to evaluate proposals and award a contract with or without conducting negotiations with offerors whose proposals have been determined to be within the competitive range. FAR provision 52.215-1, Instructions to Offerors-Competitive Acquisition, and its Alternate I, contain this disclosure.","P_15_105_2_a","None","Simplification (Simp): Rule 6","VALID","PASS","PASS","No contradictions detected. Mandatory requirement; enforceable.","HIGH"
"15.1 (Presolicitation/Solicitation)","15.105-3","P_15_105_3","15.105-3 Limitation on tiered evaluations for multiple award contracts. When soliciting for a multiple award contract, agencies must not create a tiered or cascading evaluation of small business offers, as described in 13 CFR 125.2, unless the agency has statutory authority to do so.","P_15_105_3_a: When soliciting for a multiple award contract, agencies must not create a tiered or cascading evaluation of small business offers, as described in 13 CFR 125.2; P_15_105_3_b: Exception: the agency has statutory authority to do so","(P_15_105_3_a ⊃ P_15_105_3_b)","None","Disjunctive Syllogism (DS): Rule 4; Modus Ponens (MP): Rule 1; Addition (Add): Rule 8; De Morgan's Rule (DM): Rule 9","VALID","PASS","PASS","No contradictions detected. Disjunction represents valid alternatives. Mandatory requirement; enforceable. Conditional structure identified and represented as implication.","HIGH"
"15.1 (Presolicitation/Solicitation)","15.105-4_a","P_15_105_4_a","15.105-4(a) Required information . In accordance with 15.402(a), contracting officers must state in the RFP— (1) Whether certified cost or pricing data are required; (2) That, in lieu of submitting certified cost or pricing data, the offeror may submit a request for exception from the requirement to submit certified cost or pricing data; (3) Any requirement for data other than certified cost or pricing data; and (4) The requirement for necessary preaward or postaward access to offeror's records.","P_15_105_4_a_a: (a) Required information . In accordance with 15.402(a), contracting officers must state in the RFP— (1) Whether certified cost or pricing data are required; P_15_105_4_a_b: (2) That, in lieu of submitting certified cost or pricing data, the offeror may submit a request for exception from the requirement to submit certified cost or pricing data; P_15_105_4_a_c: (3) Any requirement for data other than certified cost or pricing data; P_15_105_4_a_d: and (4) The requirement for necessary preaward or postaward access to offeror's records","(P_15_105_4_a_a ∧ P_15_105_4_a_b ∧ P_15_105_4_a_c ∧ P_15_105_4_a_d)","P_15_402","Addition (Add): Rule 8","VALID","PASS","PASS","No contradictions detected. Conjunction links co-required elements. Mandatory requirement; enforceable. Cross-references 1 other section(s).","HIGH"
"15.1 (Presolicitation/Solicitation)","15.105-4_b","P_15_105_4_b","15.105-4(b) Format for submission of data . (1) Certified cost or pricing data . Contracting officers may require submission of certified cost or pricing data in the format indicated in Table 15-1 at 15.408-2, specify an alternative format, or permit submission in the contractor's format, unless the data are required to be submitted on one of the termination forms specified in part 49.","P_15_105_4_b_a: (b) Format for submission of data . (1) Certified cost or pricing data . Contracting officers may require submission of certified cost or pricing data in the format indicated in Table 15-1 at 15.408-2, specify an alternative format, or permit submission in the contractor's format; P_15_105_4_b_b: Exception: the data are required to be submitted on one of the termination forms specified in part 49","(P_15_105_4_b_a ∨ P_15_105_4_b_b)","P_15_408_2","Disjunctive Syllogism (DS): Rule 4; Addition (Add): Rule 8","VALID","PASS","PASS","No contradictions detected. Disjunction represents valid alternatives. Permissive statement; optional action. Cross-references 1 other section(s).","HIGH"
"15.1 (Presolicitation/Solicitation)","15.105-4_i","P_15_105_4_i","15.105-4(i) Offerors must describe any forward pricing rate agreements (FRPA) or other advanced agreements in each specific pricing proposal to which the rates apply and identify the latest cost or pricing data already submitted in accordance with the FPRA. (ii) Data supporting FRPAs, other advanced agreements, or final indirect cost proposals must be submitted in a form acceptable to the contracting officer. (2) Data other than certified cost or pricing data . Data may be submitted in the offeror's own format unless the contracting officer decides that use of a specific format is essential for evaluating and determining that the price is fair and reasonable and the format has been described in the RFP.","P_15_105_4_i_a: (i) Offerors must describe any forward pricing rate agreements (FRPA) or other advanced agreements in each specific pricing proposal to which the rates apply and identify the latest cost or pricing data already submitted in accordance with the FPRA. (ii) Data supporting FRPAs, other advanced agreements, or final indirect cost proposals must be submitted in a form acceptable to the contracting officer. (2) Data other than certified cost or pricing data . Data may be submitted in the offeror's own format; P_15_105_4_i_b: Exception: the contracting officer decides that use of a specific format is essential for evaluating and determining that the price is fair and reasonable and the format has been described in the RFP","(P_15_105_4_i_a ∨ P_15_105_4_i_b)","None","Disjunctive Syllogism (DS): Rule 4; Addition (Add): Rule 8","VALID","PASS","PASS","No contradictions detected. Disjunction represents valid alternatives. Mandatory requirement; enforceable.","HIGH"
"15.1 (Presolicitation/Solicitation)","15.105-5_a","P_15_105_5_a","15.105-5(a) General. The Government may choose to review and agree on the offeror's make-or-buy program when necessary to ensure negotiation of reasonable contract prices, satisfactory performance, or implementation of socioeconomic policies.","P_15_105_5_a_a: (a) General. The Government may choose to review and agree on the offeror's make-or-buy program when necessary to ensure negotiation of reasonable contract prices, satisfactory performance, or implementation of socioeconomic policies.","P_15_105_5_a_a","None","Simplification (Simp): Rule 6","VALID","PASS","PASS","No contradictions detected. Permissive statement; optional action.","HIGH"
"15.1 (Presolicitation/Solicitation)","15.105-5_b","P_15_105_5_b","15.105-5(b) Acquisitions requiring make-or-buy programs. (1) Contracting officers may require offerors to submit make-or-buy program plans for acquisitions requiring certified cost or pricing data whose estimated value is $20 million or more, except when the proposed contract is for research or development and, if prototypes or hardware are involved, no significant follow-on production is anticipated. (2) Contracting officers may only require offerors to submit make-or-buy programs for acquisitions whose estimated value is under $20 million if the contracting officer—","P_15_105_5_b_a: (b) Acquisitions requiring make-or-buy programs; P_15_105_5_b_b: Contracting officers may require offerors to submit make-or-buy program plans for acquisitions requiring certified cost or pricing data whose estimated value is $20 million or more, except when the proposed contract is for research or development and, if prototypes or hardware are involved, no significant follow-on production is anticipated; P_15_105_5_b_c: Contracting officers may only require offerors to submit make-or-buy programs for acquisitions whose estimated value is under $20 million if the contracting officer—","(P_15_105_5_b_a ∧ P_15_105_5_b_b ∧ P_15_105_5_b_c)","None","Addition (Add): Rule 8; De Morgan's Rule (DM): Rule 9","VALID","PASS","PASS","No contradictions detected. Conjunction links co-required elements. Permissive statement; optional action.","HIGH"
"15.1 (Presolicitation/Solicitation)","15.105-5_i","P_15_105_5_i","15.105-5(i) Determines that the information is necessary; and (ii) Documents the reasons in the contract file.","P_15_105_5_i_a: (i) Determines that the information is necessary; P_15_105_5_i_b: and (ii) Documents the reasons in the contract file","(P_15_105_5_i_a ∧ P_15_105_5_i_b)","None","Conjunction (Conj): Rule 7","VALID","PASS","PASS","No contradictions detected. Conjunction links co-required elements. Regulatory statement properly represented.","HIGH"
"15.1 (Presolicitation/Solicitation)","15.105-5_c","P_15_105_5_c","15.105-5(c) RFP requirements. When offerors must submit proposed make-or-buy programs, the RFP must include— (1) A statement that the program and required supporting information must accompany the offer; and (2) A description of factors to be used in evaluating the proposed program.","P_15_105_5_c_a: (c) RFP requirements. When offerors must submit proposed make-or-buy programs, the RFP must include— (1) A statement that the program and required supporting information must accompany the offer; P_15_105_5_c_b: and (2) A description of factors to be used in evaluating the proposed program","(P_15_105_5_c_a ∧ P_15_105_5_c_b)","None","Addition (Add): Rule 8","VALID","PASS","PASS","No contradictions detected. Conjunction links co-required elements. Mandatory requirement; enforceable.","HIGH"
"15.1 (Presolicitation/Solicitation)","15.105-5_d","P_15_105_5_d","15.105-5(d) Required information from offerors. (1) The information required from an offeror about a make-or-buy program must—","P_15_105_5_d_a: (d) Required information from offerors; P_15_105_5_d_b: The information required from an offeror about a make-or-buy program must—","(P_15_105_5_d_a ∨ P_15_105_5_d_b)","None","Addition (Add): Rule 8","VALID","PASS","PASS","No contradictions detected. Disjunction represents valid alternatives. Mandatory requirement; enforceable.","HIGH"
"15.1 (Presolicitation/Solicitation)","15.105-5_i2","P_15_105_5_i2","15.105-5(i) Be confined to those major items or work efforts that normally would require company management review of the make-or-buy decision because they are complex, costly, needed in large quantities, or require additional equipment or real property to produce; (ii) Not include raw materials, products, commercial services, and off-the-shelf items, unless their potential impact on contract cost or schedule is critical; and, (iii) Not include items or work efforts estimated to cost less than 1 percent of the total estimated contract price or any minimum dollar amount set by the agency. (2) To support a make-or-buy program, the following information must be provided by an offeror in its proposal:","P_15_105_5_i2_a: (i) Be confined to those major items or work efforts that normally would require company management review of the make-or-buy decision because they are complex, costly, needed in large quantities, or require additional equipment or real property to produce; (ii) Not include raw materials, products, commercial services, and off-the-shelf items; P_15_105_5_i2_b: Exception: their potential impact on contract cost or schedule is critical; and, (iii) Not include items or work efforts estimated to cost less than 1 percent of the total estimated contract price or any minimum dollar amount set by the agency. (2) To support a make-or-buy program, the following information must be provided by an offeror in its proposal:","(P_15_105_5_i2_a ∨ P_15_105_5_i2_b)","None","Disjunctive Syllogism (DS): Rule 4; Addition (Add): Rule 8; De Morgan's Rule (DM): Rule 9","VALID","PASS","PASS","No contradictions detected. Disjunction represents valid alternatives. Mandatory requirement; enforceable.","HIGH"
"15.1 (Presolicitation/Solicitation)","15.105-5_i3","P_15_105_5_i3","15.105-5(i) A description of each major item or work effort. (ii) Categorization of each major item or work effort as “must make,” “must buy, or “can either make or buy.” (iii) For each item or work effort categorized as “can either make or buy,” a proposal either to “make” or to “buy.” (iv) Reasons for categorizing items and work efforts as “must make” or “must buy,” and proposing to “make” or to “buy” those categorized as “can either make or buy.” The reasons must include the consideration given to the evaluation factors described in the RFP and must be in sufficient detail to permit the contracting officer to evaluate the categorization or proposal.","P_15_105_5_i3_a: (i) A description of each major item or work effort. (ii) Categorization of each major item or work effort as “must make,” “must buy, or “can either make or buy.” (iii) For each item or work effort categorized as “can either make or buy,” a proposal either to “make” or to “buy.” (iv) Reasons for categorizing items and work efforts as “must make” or “must buy,” and proposing to “make” or to “buy” those categorized as “can either make or buy.” The reasons must include the consideration given to the evaluation factors described in the RFP; P_15_105_5_i3_b: be in sufficient detail to permit the contracting officer to evaluate the categorization or proposal","(P_15_105_5_i3_a ∧ P_15_105_5_i3_b)","None","Addition (Add): Rule 8","VALID","PASS","PASS","No contradictions detected. Conjunction links co-required elements. Mandatory requirement; enforceable.","HIGH"
"15.1 (Presolicitation/Solicitation)","15.105-5_v","P_15_105_5_v","15.105-5(v) Designation of the plant or division proposed to make each item or perform each work effort, and a statement as to whether the existing or proposed new facility is in or near a labor surplus area. (vi) Identification of proposed subcontractors, if known, and their location and size status. (vii) Any recommendations to defer make-or-buy decisions when categorization of some items or work efforts is impracticable at the time of submission. (viii) Any other information the contracting officer requires in order to evaluate the program.","P_15_105_5_v_a: (v) Designation of the plant or division proposed to make each item or perform each work effort, and a statement as to whether the existing or proposed new facility is in or near a labor surplus area. (vi) Identification of proposed subcontractors, if known, and their location and size status. (vii) Any recommendations to defer make-or-buy decisions when categorization of some items or work efforts is impracticable at the time of submission. (viii) Any other information the contracting off","P_15_105_5_v_a","None","Simplification (Simp): Rule 6","VALID","PASS","PASS","No contradictions detected. Regulatory statement properly represented. Long single proposition; further decomposition may improve precision.","MEDIUM"
"15.1 (Presolicitation/Solicitation)","15.105-6","P_15_105_6","15.105-6 Should-cost review. When a program should-cost review is planned in accordance with 15.405-4, the contracting officer should state this fact in the acquisition plan and in the RFP.","P_15_105_6_a: Condition: a program should-cost review is planned in accordance with 15.405-4; P_15_105_6_b: Requirement: the contracting officer should state this fact in the acquisition plan and in the RFP","(P_15_105_6_a ⊃ P_15_105_6_b)","P_15_405_4","Modus Ponens (MP): Rule 1","VALID","PASS","PASS","No contradictions detected. Implication properly ordered. Advisory guidance; recommended but not mandatory. Cross-references 1 other section(s).","HIGH"
"15.1 (Presolicitation/Solicitation)","15.105-7","P_15_105_7","15.105-7 Unit prices. To facilitate the analysis at 15.404-5, contracting officers must require offerers to identify in their proposals those items of supply that they will not manufacture or to which they will not contribute significant value when adequate price competition is not anticipated. This requirement does not apply to acquisitions for commercial products or commercial services.","P_15_105_7_a: To facilitate the analysis at 15.404-5, contracting officers must require offerers to identify in their proposals those items of supply that they will not manufacture or to which they will not contribute significant value when adequate price competition is not anticipated. This requirement does not apply to acquisitions for commercial products or commercial services.","P_15_105_7_a","P_15_404_5","De Morgan's Rule (DM): Rule 9","VALID","PASS","PASS","No contradictions detected. Mandatory requirement; enforceable. Cross-references 1 other section(s).","HIGH"
"15.1 (Presolicitation/Solicitation)","15.106_a","P_15_106_a","15.106(a) General . When the Government changes its requirements or terms and conditions, the contracting officer must amend the RFP. (1) Amendments issued before the established time and date for receipt of proposals must be issued to all parties receiving the RFP. (2) Amendments issued after the established time and date for receipt of proposals must be issued to all offerors that have not been eliminated from the competition.","P_15_106_a_a: (a) General . When the Government changes its requirements or terms and conditions, the contracting officer must amend the RFP; P_15_106_a_b: Amendments issued before the established time and date for receipt of proposals must be issued to all parties receiving the RFP; P_15_106_a_c: Amendments issued after the established time and date for receipt of proposals must be issued to all offerors that have not been eliminated from the competition","(P_15_106_a_a ⊃ (P_15_106_a_b ∧ P_15_106_a_c))","None","Modus Ponens (MP): Rule 1; Addition (Add): Rule 8; De Morgan's Rule (DM): Rule 9","VALID","PASS","PASS","No contradictions detected. Conjunction links co-required elements. Mandatory requirement; enforceable. Conditional structure identified and represented as implication.","HIGH"
"15.1 (Presolicitation/Solicitation)","15.106_b","P_15_106_b","15.106(b) Content . At a minimum, each amendment must include— (1) The name and address of issuing activity; (2) The RFP number and date; (3) The amendment number and date; (4) The number of pages in the amendment; (5) A description of the change being made; (6) The contracting officer’s name and contact information; and (7) The revised RFP closing date, if applicable.","P_15_106_b_a: (b) Content . At a minimum, each amendment must include— (1) The name and address of issuing activity; P_15_106_b_b: (2) The RFP number and date; P_15_106_b_c: (3) The amendment number and date; P_15_106_b_d: (4) The number of pages in the amendment; P_15_106_b_e: (5) A description of the change being made; P_15_106_b_f: (6) The contracting officer’s name and contact information; P_15_106_b_g: and (7) The revised RFP closing date, if applicable","(P_15_106_b_a ∧ P_15_106_b_b ∧ P_15_106_b_c ∧ P_15_106_b_d ∧ P_15_106_b_e ∧ P_15_106_b_f ∧ P_15_106_b_g)","None","Conjunction (Conj): Rule 7","VALID","PASS","PASS","No contradictions detected. Conjunction links co-required elements. Mandatory requirement; enforceable.","HIGH"
"15.1 (Presolicitation/Solicitation)","15.106_c","P_15_106_c","15.106(c) Forms . Prescribed forms are not required to amend RFPs described in this part. Agencies may use Standard Form (SF) 30, Amendment of Solicitation/Modification of Contract , and Optional Form (OF) 309, Amendment of Solicitation .","P_15_106_c_a: (c) Forms . Prescribed forms are not required to amend RFPs described in this part. Agencies may use Standard Form (SF) 30, Amendment of Solicitation/Modification of Contract , and Optional Form (OF) 309, Amendment of Solicitation .","P_15_106_c_a","None","De Morgan's Rule (DM): Rule 9","VALID","PASS","PASS","No contradictions detected. Permissive statement; optional action.","HIGH"
"15.1 (Presolicitation/Solicitation)","15.106_d","P_15_106_d","15.106(d) Oral notices . Oral notices may be used when time is of the essence. Contracting officers should document the contract file and formalize the notice with a written amendment.","P_15_106_d_a: (d) Oral notices . Oral notices may be used when time is of the essence. Contracting officers should document the contract file and formalize the notice with a written amendment.","P_15_106_d_a","None","Simplification (Simp): Rule 6","VALID","PASS","PASS","No contradictions detected. Advisory guidance; recommended but not mandatory.","HIGH"
"15.1 (Presolicitation/Solicitation)","15.106_e","P_15_106_e","15.106(e) Requirement changes . (1) Contracting officers must amend the RFP if the Government is interested in a proposal that involves a departure from the stated requirements. The amendment should not reveal the alternate solution proposed or any other information that is entitled to protection. (2) Contracting officers must cancel the RFP and issue a new one, regardless of the stage of the acquisition if an amendment—","P_15_106_e_a: (e) Requirement changes ; P_15_106_e_b: Contracting officers must amend the RFP if the Government is interested in a proposal that involves a departure from the stated requirements. The amendment should not reveal the alternate solution proposed or any other information that is entitled to protection; P_15_106_e_c: Contracting officers must cancel the RFP and issue a new one, regardless of the stage of the acquisition if an amendment—","(P_15_106_e_a ∧ P_15_106_e_b ∧ P_15_106_e_c)","None","Addition (Add): Rule 8; De Morgan's Rule (DM): Rule 9","VALID","PASS","PASS","No contradictions detected. Conjunction links co-required elements. Mandatory requirement; enforceable.","HIGH"
"15.1 (Presolicitation/Solicitation)","15.106_i","P_15_106_i","15.106(i) Is proposed after offers have been received, and (ii) In the judgment of the contracting officer, based on market research or otherwise, has a requirement change that is so substantial it exceeds what prospective offerors reasonably could have anticipated as a change to the RFP, and additional sources likely would have submitted offers had the change been in the RFP.","P_15_106_i_a: (i) Is proposed after offers have been received, and (ii) In the judgment of the contracting officer, based on market research or otherwise, has a requirement change that is so substantial it exceeds what prospective offerors reasonably could have anticipated as a change to the RFP, and additional sources likely would have submitted offers had the change been in the RFP.","P_15_106_i_a","None","Simplification (Simp): Rule 6","VALID","PASS","PASS","No contradictions detected. Regulatory statement properly represented.","HIGH"
"15.1 (Presolicitation/Solicitation)","15.107","P_15_107","15.107 Submission, modification, revision, and withdrawal of proposals.","P_15_107_a: 15.107 Submission, modification, revision, and withdrawal of proposals.","P_15_107_a","None","Simplification (Simp): Rule 6","VALID","PASS","PASS","No contradictions detected. Regulatory statement properly represented.","HIGH"
"15.1 (Presolicitation/Solicitation)","15.107_a","P_15_107_a","15.107(a) Submission. Offerors are responsible for submitting proposals, and any revisions or modifications, so as to reach the Government office designated in the RFP by the time specified in the RFP. (1) Method . Offerors may use any transmission method authorized in the RFP. (2) Time . If no time is specified in the RFP, the time for receipt is 4:30 p.m., local time, for the designated Government office on the date that proposals are due.","P_15_107_a_a: (a) Submission. Offerors are responsible for submitting proposals, and any revisions or modifications, so as to reach the Government office designated in the RFP by the time specified in the RFP; P_15_107_a_b: Method . Offerors may use any transmission method authorized in the RFP; P_15_107_a_c: Time . If no time is specified in the RFP, the time for receipt is 4:30 p.m., local time, for the designated Government office on the date that proposals are due","(P_15_107_a_a ∧ P_15_107_a_b ∧ P_15_107_a_c)","None","Addition (Add): Rule 8; De Morgan's Rule (DM): Rule 9","VALID","PASS","PASS","No contradictions detected. Conjunction links co-required elements. Permissive statement; optional action.","HIGH"
"15.1 (Presolicitation/Solicitation)","15.107_b","P_15_107_b","15.107(b) Late submission . (1) General . Any proposal, modification, or revision, that is received at the designated Government office after the exact time specified for receipt of proposals is “late” and will not be considered, unless it is received before award is made, the contracting officer determines that accepting the late proposal would not unduly delay the acquisition, and—","P_15_107_b_a: (b) Late submission . (1) General . Any proposal, modification, or revision, that is received at the designated Government office after the exact time specified for receipt of proposals is “late” and will not be considered; P_15_107_b_b: Exception: it is received before award is made, the contracting officer determines that accepting the late proposal would not unduly delay the acquisition, and—","(P_15_107_b_a ∨ P_15_107_b_b)","None","Disjunctive Syllogism (DS): Rule 4; Addition (Add): Rule 8; De Morgan's Rule (DM): Rule 9","VALID","PASS","PASS","No contradictions detected. Disjunction represents valid alternatives. Regulatory statement properly represented.","HIGH"
"15.1 (Presolicitation/Solicitation)","15.107_i","P_15_107_i","15.107(i) If it was transmitted through an electronic commerce method authorized by the RFP, it was received at the initial point of entry to the Government infrastructure not later than 5:00 p.m. one working day prior to the date specified for receipt of proposals; (ii) There is acceptable evidence to establish that it was received at the Government installation designated for receipt of proposals and was under the Government's control prior to the time set for receipt of proposals; or (iii) It was the only proposal received. (2) Exception . A late modification of an otherwise successful proposal, that makes its terms more favorable to the Government, will be considered at any time it is received and may be accepted by the contracting officer. (3) Proof of receipt . Acceptable evidence to establish the time of receipt at the Government installation includes electronic timestamps, the time/date stamp of that installation on the proposal wrapper, other documentary evidence of receipt maintained by the installation, or oral testimony or statements of Government personnel. (4) Notification . Contracting officers must promptly notify any offeror if its proposal, modification, or revision was received late, and inform the offeror whether its proposal will be considered, unless contract award is imminent and the award notice at 15.207-2 will suffice. (5) Documentation .","P_15_107_i_a: (i) If it was transmitted through an electronic commerce method authorized by the RFP, it was received at the initial point of entry to the Government infrastructure not later than 5:00 p.m. one working day prior to the date specified for receipt of proposals; (ii) There is acceptable evidence to establish that it was received at the Government installation designated for receipt of proposals and was under the Government's control prior to the time set for receipt of proposals; or (iii) It was the only proposal received. (2) Exception . A late modification of an otherwise successful proposal, that makes its terms more favorable to the Government, will be considered at any time it is received and may be accepted by the contracting officer. (3) Proof of receipt . Acceptable evidence to establish the time of receipt at the Government installation includes electronic timestamps, the time/date stamp of that installation on the proposal wrapper, other documentary evidence of receipt maintained by the installation, or oral testimony or statements of Government personnel. (4) Notification . Contracting officers must promptly notify any offeror if its proposal, modification, or revision was received late, and inform the offeror whether its proposal will be considered; P_15_107_i_b: Exception: contract award is imminent and the award notice at 15.207-2 will suffice. (5) Documentation","(P_15_107_i_a ⊃ P_15_107_i_b)","P_15_207_2","Disjunctive Syllogism (DS): Rule 4; Modus Ponens (MP): Rule 1; Addition (Add): Rule 8; De Morgan's Rule (DM): Rule 9","VALID","PASS","PASS","No contradictions detected. Disjunction represents valid alternatives. Mandatory requirement; enforceable. Cross-references 1 other section(s). Conditional structure identified and represented as implication.","HIGH"
"15.1 (Presolicitation/Solicitation)","15.107_i2","P_15_107_i2","15.107(i) When available, the file for each late proposal, modification, revision, or withdrawal received must include the date and hour of receipt; a statement regarding whether the proposal was considered for award, with supporting rationale; and the envelope, wrapper, or other evidence of date of receipt. (ii) Late proposals and modifications that are not considered must be held unopened, unless opened for identification, until after award and then retained with other unsuccessful proposals.","P_15_107_i2_a: (i) When available, the file for each late proposal, modification, revision, or withdrawal received must include the date and hour of receipt; a statement regarding whether the proposal was considered for award, with supporting rationale; and the envelope, wrapper, or other evidence of date of receipt. (ii) Late proposals and modifications that are not considered must be held unopened; P_15_107_i2_b: Exception: opened for identification, until after award and then retained with other unsuccessful proposals","(P_15_107_i2_a ∨ P_15_107_i2_b)","None","Disjunctive Syllogism (DS): Rule 4; Addition (Add): Rule 8; De Morgan's Rule (DM): Rule 9","VALID","PASS","PASS","No contradictions detected. Disjunction represents valid alternatives. Mandatory requirement; enforceable.","HIGH"
"15.1 (Presolicitation/Solicitation)","15.107_c","P_15_107_c","15.107(c) Interruption . If proposals cannot be received at the Government office designated for receipt of proposals by the exact time specified in the RFP because an emergency or unanticipated event interrupts normal Government processes, and urgent Government requirements preclude amendment of the RFP closing date, the time specified for RFP will be deemed to be extended to the same time of day specified in the RFP on the first work day on which normal Government processes resume.","P_15_107_c_a: (c) Interruption . If proposals cannot be received at the Government office designated for receipt of proposals by the exact time specified in the RFP because an emergency or unanticipated event interrupts normal Government processes, and urgent Government requirements preclude amendment of the RFP closing date, the time specified for RFP will be deemed to be extended to the same time of day specified in the RFP on the first work day on which normal Government processes resume.","P_15_107_c_a","None","De Morgan's Rule (DM): Rule 9","VALID","PASS","PASS","No contradictions detected. Regulatory statement properly represented. Long single proposition; further decomposition may improve precision.","MEDIUM"
"15.1 (Presolicitation/Solicitation)","15.107_d","P_15_107_d","15.107(d) Withdrawal . Proposals may be withdrawn by written notice at any time before award. A copy of withdrawn proposals should be retained in the contract file. (1) Extra copies of the withdrawn proposals may be destroyed or returned to the offeror at the offeror’s request. Extremely bulky proposals must only be returned at the offeror's request and expense. (2) Oral proposals in response to oral RFPs may be withdrawn orally. Contracting officers must document the contract file when oral withdrawals are made.","P_15_107_d_a: (d) Withdrawal . Proposals may be withdrawn by written notice at any time before award. A copy of withdrawn proposals should be retained in the contract file; P_15_107_d_b: Extra copies of the withdrawn proposals may be destroyed or returned to the offeror at the offeror’s request. Extremely bulky proposals must only be returned at the offeror's request and expense; P_15_107_d_c: Oral proposals in response to oral RFPs may be withdrawn orally. Contracting officers must document the contract file when oral withdrawals are made","(P_15_107_d_a ∧ P_15_107_d_b ∧ P_15_107_d_c)","None","Addition (Add): Rule 8","VALID","PASS","PASS","No contradictions detected. Conjunction links co-required elements. Mandatory requirement; enforceable.","HIGH"
"15.1 (Presolicitation/Solicitation)","15.108_a","P_15_108_a","15.108(a) Marking . When there is no electronic record, contracting officers must mark proposals with the date and time of receipt and provide them to the designated officials.","P_15_108_a_a: (a) Marking . When there is no electronic record, contracting officers must mark proposals with the date and time of receipt and provide them to the designated officials.","P_15_108_a_a","None","De Morgan's Rule (DM): Rule 9","VALID","PASS","PASS","No contradictions detected. Mandatory requirement; enforceable.","HIGH"
"15.1 (Presolicitation/Solicitation)","15.108_b","P_15_108_b","15.108(b) Handling . Proposals should be safeguarded from unauthorized disclosure throughout the source selection process in accordance with part 3.","P_15_108_b_a: (b) Handling . Proposals should be safeguarded from unauthorized disclosure throughout the source selection process in accordance with part 3.","P_15_108_b_a","None","Simplification (Simp): Rule 6","VALID","PASS","PASS","No contradictions detected. Advisory guidance; recommended but not mandatory.","HIGH"
"15.1 (Presolicitation/Solicitation)","15.108_c","P_15_108_c","15.108(c) Unreadable proposals. If any portion of a proposal submitted electronically is unreadable, contracting officers must immediately notify the offeror and permit the offeror to resubmit the unreadable portion of the proposal. Contracting officers must establish the method and time for resubmission after consultation with the offeror and document the file. For the purpose of determining timeliness under 15.107, the resubmission is considered as if it were received at the date and time of the original unreadable submission, provided the offeror complies with the time and format requirements established by the contracting officer for resubmission.","P_15_108_c_a: (c) Unreadable proposals. If any portion of a proposal submitted electronically is unreadable, contracting officers must immediately notify the offeror and permit the offeror to resubmit the unreadable portion of the proposal. Contracting officers must establish the method and time for resubmission after consultation with the offeror and document the file. For the purpose of determining timeliness under 15.107, the resubmission is considered as if it were received at the date and time of the ori","P_15_108_c_a","P_15_107","Simplification (Simp): Rule 6","VALID","PASS","PASS","No contradictions detected. Mandatory requirement; enforceable. Cross-references 1 other section(s). Long single proposition; further decomposition may improve precision.","MEDIUM"
"15.1 (Presolicitation/Solicitation)","15.109","P_15_109","15.109 Uniform contract format. RFPs using the uniform contract format should include Parts I, II, III, and IV. Upon award, contracting officers should not physically include Part IV in the resulting contract, but should retain it in the contract file. The representations and certifications in Part IV are incorporated by reference in the contract through FAR clauses 52.204-19, Incorporation by Reference of Representations and Certifications, and 52.212-4, Contract Terms and Conditions-Commercial Products and Commercial Services. 15.109-1 Part I - The Schedule.","P_15_109_a: RFPs using the uniform contract format should include Parts I, II, III, and IV. Upon award, contracting officers should not physically include Part IV in the resulting contract, but should retain it in the contract file. The representations and certifications in Part IV are incorporated by reference in the contract through FAR clauses 52.204-19, Incorporation by Reference of Representations and Certifications, and 52.212-4, Contract Terms and Conditions-Commercial Products and Commercial Service","P_15_109_a","P_15_109_1","De Morgan's Rule (DM): Rule 9","VALID","PASS","PASS","No contradictions detected. Advisory guidance; recommended but not mandatory. Cross-references 1 other section(s). Long single proposition; further decomposition may improve precision.","MEDIUM"
"15.1 (Presolicitation/Solicitation)","15.109_a","P_15_109_a","15.109(a) Section A, Solicitation/contract form . (1) Prescribed forms are not required to prepare RFPs described in this part. Agencies may use Optional Form (OF) 308, Solicitation and Offer-Negotiated Acquisition , or Standard Form (SF) 33, Solicitation, Offer and of Award , to prepare RFPs. (2) When other than OF 308 or SF 33 is used, include the following information on the first page of the RFP:","P_15_109_a_a: (a) Section A, Solicitation/contract form ; P_15_109_a_b: Prescribed forms are not required to prepare RFPs described in this part. Agencies may use Optional Form (OF) 308, Solicitation and Offer-Negotiated Acquisition , or Standard Form (SF) 33, Solicitation, Offer and of Award , to prepare RFPs; P_15_109_a_c: When other than OF 308 or SF 33 is used, include the following information on the first page of the RFP:","(P_15_109_a_a ∧ P_15_109_a_b ∧ P_15_109_a_c)","None","Addition (Add): Rule 8; De Morgan's Rule (DM): Rule 9","VALID","PASS","PASS","No contradictions detected. Conjunction links co-required elements. Permissive statement; optional action.","HIGH"
"15.1 (Presolicitation/Solicitation)","15.109_i","P_15_109_i","15.109(i) Name, address, and location of issuing activity, including room and building where proposals or information must be submitted. (ii) RFP number. (iii) Date of issuance. (iv) Closing date and time.","P_15_109_i_a: (i) Name, address, and location of issuing activity, including room and building where proposals or information must be submitted. (ii) RFP number. (iii) Date of issuance. (iv) Closing date and time.","P_15_109_i_a","None","Simplification (Simp): Rule 6","VALID","PASS","PASS","No contradictions detected. Mandatory requirement; enforceable.","HIGH"
"15.1 (Presolicitation/Solicitation)","15.109_v","P_15_109_v","15.109(v) Number of RFP pages. (vi) Requisition or other purchase authority. (vii) Brief description of item or service. (viii) Requirement for the offeror to provide its name and complete address, including street, city, county, state, and zip code, and email address, if appropriate. (ix) Offer expiration date.","P_15_109_v_a: (v) Number of RFP pages. (vi) Requisition or other purchase authority. (vii) Brief description of item or service. (viii) Requirement for the offeror to provide its name and complete address, including street, city, county, state, and zip code, and email address, if appropriate. (ix) Offer expiration date.","P_15_109_v_a","None","Simplification (Simp): Rule 6","VALID","PASS","PASS","No contradictions detected. Regulatory statement properly represented.","HIGH"
"15.1 (Presolicitation/Solicitation)","15.109_b","P_15_109_b","15.109(b) Section B, Supplies or services and prices/costs. Include a brief description of the supplies or services, including any incidental deliverables.","P_15_109_b_a: (b) Section B, Supplies or services and prices/costs. Include a brief description of the supplies or services, including any incidental deliverables.","P_15_109_b_a","None","Simplification (Simp): Rule 6","VALID","PASS","PASS","No contradictions detected. Regulatory statement properly represented.","HIGH"
"15.1 (Presolicitation/Solicitation)","15.109_c","P_15_109_c","15.109(c) Section C, Description/specifications/requirements. Include any description or specifications needed in addition to Section B.","P_15_109_c_a: (c) Section C, Description/specifications/requirements. Include any description or specifications needed in addition to Section B.","P_15_109_c_a","None","Simplification (Simp): Rule 6","VALID","PASS","PASS","No contradictions detected. Regulatory statement properly represented.","HIGH"
"15.1 (Presolicitation/Solicitation)","15.109_d","P_15_109_d","15.109(d) Section D, Packaging and marking. Include packaging, packing, preservation, and marking requirements, if any.","P_15_109_d_a: (d) Section D, Packaging and marking. Include packaging, packing, preservation, and marking requirements, if any.","P_15_109_d_a","None","Simplification (Simp): Rule 6","VALID","PASS","PASS","No contradictions detected. Regulatory statement properly represented.","HIGH"
"15.1 (Presolicitation/Solicitation)","15.109_e","P_15_109_e","15.109(e) Section E, Inspection and acceptance. Include inspection, acceptance, quality assurance, and reliability requirements.","P_15_109_e_a: (e) Section E, Inspection and acceptance. Include inspection, acceptance, quality assurance, and reliability requirements.","P_15_109_e_a","None","Simplification (Simp): Rule 6","VALID","PASS","PASS","No contradictions detected. Regulatory statement properly represented.","HIGH"
"15.1 (Presolicitation/Solicitation)","15.109_f","P_15_109_f","15.109(f) Section F, Deliveries or performance. Include the requirements for time, place, and method of delivery or performance.","P_15_109_f_a: (f) Section F, Deliveries or performance. Include the requirements for time, place, and method of delivery or performance.","P_15_109_f_a","None","Simplification (Simp): Rule 6","VALID","PASS","PASS","No contradictions detected. Regulatory statement properly represented.","HIGH"
"15.1 (Presolicitation/Solicitation)","15.109_g","P_15_109_g","15.109(g) Section G, Contract administration data. Include any required accounting and appropriation data and any required contract administration information or instructions not included in other sections of the uniform contract format. Include a statement that the offeror should include the payment address in the proposal, if it is different from that shown for the offeror.","P_15_109_g_a: (g) Section G, Contract administration data. Include any required accounting and appropriation data and any required contract administration information or instructions not included in other sections of the uniform contract format. Include a statement that the offeror should include the payment address in the proposal, if it is different from that shown for the offeror.","P_15_109_g_a","None","De Morgan's Rule (DM): Rule 9","VALID","PASS","PASS","No contradictions detected. Advisory guidance; recommended but not mandatory.","HIGH"
"15.1 (Presolicitation/Solicitation)","15.109_h","P_15_109_h","15.109(h) Section H, Special contract requirements. Include a clear statement of any special contract requirements that are not included in Section I or in other sections of the uniform contract format.","P_15_109_h_a: (h) Section H, Special contract requirements. Include a clear statement of any special contract requirements that are not included in Section I or in other sections of the uniform contract format.","P_15_109_h_a","None","De Morgan's Rule (DM): Rule 9","VALID","PASS","PASS","No contradictions detected. Regulatory statement properly represented.","HIGH"
"15.1 (Presolicitation/Solicitation)","15.109-2","P_15_109_2","15.109-2 Part II - Contract Clauses. Section I, Contract clauses . Include the clauses required by law or by this part and any additional clauses expected to be included in any resulting contract, if these clauses are not required in any other section of the uniform contract format. An index may be inserted if this section's format is particularly complex.","P_15_109_2_a: Section I, Contract clauses . Include the clauses required by law or by this part and any additional clauses expected to be included in any resulting contract, if these clauses are not required in any other section of the uniform contract format. An index may be inserted if this section's format is particularly complex.","P_15_109_2_a","None","De Morgan's Rule (DM): Rule 9","VALID","PASS","PASS","No contradictions detected. Permissive statement; optional action.","HIGH"
"15.1 (Presolicitation/Solicitation)","15.109-3","P_15_109_3","15.109-3 Part III - List of Documents, Exhibits, and Other Attachments. Section J, List of attachments . Include a list of the title, date, and number of pages for each attached document, exhibit, and other attachment. Cross references to material in other sections may be inserted, as appropriate.","P_15_109_3_a: Section J, List of attachments . Include a list of the title, date, and number of pages for each attached document, exhibit, and other attachment. Cross references to material in other sections may be inserted, as appropriate.","P_15_109_3_a","None","Simplification (Simp): Rule 6","VALID","PASS","PASS","No contradictions detected. Permissive statement; optional action.","HIGH"
"15.1 (Presolicitation/Solicitation)","15.109-4","P_15_109_4","15.109-4 Part IV - Representations and Instructions.","P_15_109_4_a: 15.109-4 Part IV - Representations and Instructions.","P_15_109_4_a","None","Simplification (Simp): Rule 6","VALID","PASS","PASS","No contradictions detected. Regulatory statement properly represented.","HIGH"
"15.1 (Presolicitation/Solicitation)","15.109-4_a","P_15_109_4_a","15.109-4(a) Section K, Representations, certifications, and other statements of offerors. Include RFP provisions that require representations, certifications, or the submission of other information by offerors.","P_15_109_4_a_a: (a) Section K, Representations, certifications, and other statements of offerors. Include RFP provisions that require representations, certifications, or the submission of other information by offerors.","P_15_109_4_a_a","None","Simplification (Simp): Rule 6","VALID","PASS","PASS","No contradictions detected. Regulatory statement properly represented.","HIGH"
"15.1 (Presolicitation/Solicitation)","15.109-4_b","P_15_109_4_b","15.109-4(b) Section L, Instructions, conditions, and notices to offerors or respondents. Include solicitation provisions and other information and instructions not required elsewhere to guide offerors in preparing proposals. (1) Include the method(s) offerors may use to submit a proposal. (2) Offerors may be instructed to submit proposals or information in a specific format or severable parts to facilitate evaluation. Agencies may also require the proposal to be further organized into sections (e.g., administrative, management, technical, past performance, and certified cost and pricing data or data other than certified cost and pricing data).","P_15_109_4_b_a: (b) Section L, Instructions, conditions, and notices to offerors or respondents. Include solicitation provisions and other information and instructions not required elsewhere to guide offerors in preparing proposals; P_15_109_4_b_b: Include the method(s) offerors may use to submit a proposal; P_15_109_4_b_c: Offerors may be instructed to submit proposals or information in a specific format or severable parts to facilitate evaluation. Agencies may also require the proposal to be further organized into sections (e.g., administrative, management, technical, past performance, and certified cost and pricing data or data other than certified cost and pricing data)","(P_15_109_4_b_a ∧ P_15_109_4_b_b ∧ P_15_109_4_b_c)","None","Addition (Add): Rule 8; De Morgan's Rule (DM): Rule 9","VALID","PASS","PASS","No contradictions detected. Conjunction links co-required elements. Permissive statement; optional action.","HIGH"
"15.1 (Presolicitation/Solicitation)","15.109-4_c","P_15_109_4_c","15.109-4(c) Section M, Evaluation factors for award. Identify all significant factors and any significant subfactors that will be considered in awarding the contract, their relative importance, and one of the phrases in 15.104(d), as required.","P_15_109_4_c_a: (c) Section M, Evaluation factors for award. Identify all significant factors and any significant subfactors that will be considered in awarding the contract, their relative importance, and one of the phrases in 15.104(d), as required.","P_15_109_4_c_a","P_15_104","Simplification (Simp): Rule 6","VALID","PASS","PASS","No contradictions detected. Regulatory statement properly represented. Cross-references 1 other section(s).","HIGH"
"15.1 (Presolicitation/Solicitation)","15.110","P_15_110","15.110 Solicitation provisions and contract clauses.","P_15_110_a: 15.110 Solicitation provisions and contract clauses.","P_15_110_a","None","Simplification (Simp): Rule 6","VALID","PASS","PASS","No contradictions detected. Regulatory statement properly represented.","HIGH"
"15.1 (Presolicitation/Solicitation)","15.110_a","P_15_110_a","15.110(a) Insert the provision at 52.215-1, Instructions to Offerors—Competitive Acquisition , in all competitive RFPs where the Government intends to award a contract without negotiations. (1) If the Government intends to make award after negotiating with offerors within the competitive range, use the provision with its Alternate I. (2) If the Government would be willing to accept alternate proposals, alter the clause to add a paragraph (c)(9) substantially the same as Alternate II. (b)(1) Insert the clause at 52.215-2, Audit and Records-Negotiation (10 U.S.C. 3841, 41 U.S.C. 4706, and Audit Requirements in the OMB Uniform Guidance at 2 CFR part 200, subpart F), in RFPs and contracts except those for—","P_15_110_a_a: (a) Insert the provision at 52.215-1, Instructions to Offerors—Competitive Acquisition , in all competitive RFPs where the Government intends to award a contract without negotiations; P_15_110_a_b: If the Government intends to make award after negotiating with offerors within the competitive range, use the provision with its Alternate I; P_15_110_a_c: If the Government would be willing to accept alternate proposals, alter the clause to add a paragraph (c); P_15_110_a_d: substantially the same as Alternate II. (b); P_15_110_a_e: Insert the clause at 52.215-2, Audit and Records-Negotiation (10 U.S.C. 3841, 41 U.S.C. 4706, and Audit Requirements in the OMB Uniform Guidance at 2 CFR part 200, subpart F), in RFPs and contracts except those for—","(P_15_110_a_a ∧ P_15_110_a_b ∧ P_15_110_a_c ∧ P_15_110_a_d ∧ P_15_110_a_e)","None","Conjunction (Conj): Rule 7","VALID","PASS","PASS","No contradictions detected. Conjunction links co-required elements. Regulatory statement properly represented.","HIGH"
"15.1 (Presolicitation/Solicitation)","15.110_i","P_15_110_i","15.110(i) Acquisitions not exceeding the simplified acquisition threshold; (ii) The acquisition of utility services at rates not exceeding those established to apply uniformly to the general public, plus any applicable reasonable connection charge; or (iii) The acquisition of commercial products or commercial services exempted under 15.403-2. (2) [Reserved] (3) For cost-reimbursement contracts with State and local Governments, educational institutions, and other nonprofit organizations, use the clause with its Alternate II. (4) When the head of the agency has waived the examination of records by the Comptroller General in accordance with part 25, use the clause with its Alternate III.","P_15_110_i_a: (i) Acquisitions not exceeding the simplified acquisition threshold; P_15_110_i_b: (ii) The acquisition of utility services at rates not exceeding those established to apply uniformly to the general public, plus any applicable reasonable connection charge; P_15_110_i_c: or (iii) The acquisition of commercial products or commercial services exempted under 15.403-2. (2) [Reserved] (3) For cost-reimbursement contracts with State and local Governments, educational institutions, and other nonprofit organizations, use the clause with its Alternate II. (4) When the head of the agency has waived the examination of records by the Comptroller General in accordance with part 25, use the clause with its Alternate III","(P_15_110_i_a ∧ P_15_110_i_b ∧ P_15_110_i_c)","P_15_403_2","Addition (Add): Rule 8; De Morgan's Rule (DM): Rule 9","VALID","PASS","PASS","No contradictions detected. Conjunction links co-required elements. Regulatory statement properly represented. Cross-references 1 other section(s).","HIGH"
"15.1 (Presolicitation/Solicitation)","15.110_f","P_15_110_f","15.110(f) Insert the provision at 52.215-6, Place of Performance , in RFPs, unless the place of performance is specified by the Government.","P_15_110_f_a: (f) Insert the provision at 52.215-6, Place of Performance , in RFPs; P_15_110_f_b: Exception: the place of performance is specified by the Government","(P_15_110_f_a ∨ P_15_110_f_b)","None","Disjunctive Syllogism (DS): Rule 4; Addition (Add): Rule 8","VALID","PASS","PASS","No contradictions detected. Disjunction represents valid alternatives. Regulatory statement properly represented.","HIGH"
"15.1 (Presolicitation/Solicitation)","15.110_h","P_15_110_h","15.110(h) Insert the clause at 52.215-8, Order of Precedence—Uniform Contract Format , in RFPs and contracts using the format at 15.108.","P_15_110_h_a: (h) Insert the clause at 52.215-8, Order of Precedence—Uniform Contract Format , in RFPs and contracts using the format at 15.108.","P_15_110_h_a","P_15_108","Simplification (Simp): Rule 6","VALID","PASS","PASS","No contradictions detected. Regulatory statement properly represented. Cross-references 1 other section(s).","HIGH"
"15.1 (Presolicitation/Solicitation)","15.110_i2","P_15_110_i2","15.110(i) Insert the clause at 52.215-9, Changes or Additions to Make-or-Buy Program , in RFPs and contracts when it is contemplated that a make-or-buy program will be incorporated in the contract. If a less economical “make” or “buy” categorization is selected for one or more items of significant value, the contracting officer must use the clause with— (1) Its Alternate I , if a fixed-price incentive contract is contemplated; or (2) Its Alternate II , if a cost-plus-incentive-fee contract is contemplated.","P_15_110_i2_a: (i) Insert the clause at 52.215-9, Changes or Additions to Make-or-Buy Program , in RFPs and contracts when it is contemplated that a make-or-buy program will be incorporated in the contract. If a less economical “make” or “buy” categorization is selected for one or more items of significant value, the contracting officer must use the clause with— (1) Its Alternate I , if a fixed-price incentive contract is contemplated; P_15_110_i2_b: or (2) Its Alternate II , if a cost-plus-incentive-fee contract is contemplated","(P_15_110_i2_a ∧ P_15_110_i2_b)","None","Addition (Add): Rule 8","VALID","PASS","PASS","No contradictions detected. Conjunction links co-required elements. Mandatory requirement; enforceable.","HIGH"
"15.1 (Presolicitation/Solicitation)","15.110_j","P_15_110_j","15.110(j) Insert the clause at 52.215-10, Price Reduction for Defective Certified Cost or Pricing Data , in RFPs and contracts when it is contemplated that certified cost or pricing data will be required from the contractor or any subcontractor.","P_15_110_j_a: (j) Insert the clause at 52.215-10, Price Reduction for Defective Certified Cost or Pricing Data , in RFPs and contracts when it is contemplated that certified cost or pricing data will be required from the contractor or any subcontractor.","P_15_110_j_a","None","Simplification (Simp): Rule 6","VALID","PASS","PASS","No contradictions detected. Regulatory statement properly represented.","HIGH"
"15.1 (Presolicitation/Solicitation)","15.110_k","P_15_110_k","15.110(k) Insert the clause at 52.215-11, Price Reduction for Defective Certified Cost or Pricing Data—Modifications , in RFPs and contracts when it is contemplated that certified cost or pricing data will be required from the contractor or any subcontractor for the pricing of contract modifications, and the clause prescribed in paragraph (j) of this section has not been included.","P_15_110_k_a: (k) Insert the clause at 52.215-11, Price Reduction for Defective Certified Cost or Pricing Data—Modifications , in RFPs and contracts when it is contemplated that certified cost or pricing data will be required from the contractor or any subcontractor for the pricing of contract modifications, and the clause prescribed in paragraph (j) of this section has not been included.","P_15_110_k_a","None","De Morgan's Rule (DM): Rule 9","VALID","PASS","PASS","No contradictions detected. Regulatory statement properly represented.","HIGH"
"15.1 (Presolicitation/Solicitation)","15.110_l","P_15_110_l","15.110(l) Contracting officers must — (1) Insert the clause at 52.215-12, Subcontractor Certified Cost or Pricing Data , in RFPs and contracts when the clause prescribed in paragraph (j) of this section is included; or (2) Upon the request of a contractor that was required to submit certified cost or pricing data in connection with a prime contract entered into before July 1, 2018, modify the contract without requiring consideration, to replace clause 52.215-12, Subcontractor Certified Cost or Pricing Data, with its Alternate I .","P_15_110_l_a: (l) Contracting officers must — (1) Insert the clause at 52.215-12, Subcontractor Certified Cost or Pricing Data , in RFPs and contracts when the clause prescribed in paragraph (j) of this section is included; P_15_110_l_b: or (2) Upon the request of a contractor that was required to submit certified cost or pricing data in connection with a prime contract entered into before July 1, 2018, modify the contract without requiring consideration, to replace clause 52.215-12, Subcontractor Certified Cost or Pricing Data, with its Alternate I","(P_15_110_l_a ∧ P_15_110_l_b)","None","Addition (Add): Rule 8","VALID","PASS","PASS","No contradictions detected. Conjunction links co-required elements. Mandatory requirement; enforceable.","HIGH"
"15.1 (Presolicitation/Solicitation)","15.110_m","P_15_110_m","15.110(m) Contracting officers must— (1) Insert the clause at 52.215-13, Subcontractor Certified Cost or Pricing Data—Modifications , in RFPs and contracts when the clause prescribed in paragraph (k) of this section is included; or (2) Upon the request of a contractor that was required to submit certified cost or pricing data in connection with a prime contract entered into before July 1, 2018, modify the contract without requiring consideration, to replace clause 52.215-13, Subcontractor Certified Cost or Pricing Data—Modifications , with its Alternate I . (n)(1) Insert the clause at 52.215-14, Integrity of Unit Prices , in RFPs and contracts except for—","P_15_110_m_a: (m) Contracting officers must— (1) Insert the clause at 52.215-13, Subcontractor Certified Cost or Pricing Data—Modifications , in RFPs and contracts when the clause prescribed in paragraph (k) of this section is included; P_15_110_m_b: or (2) Upon the request of a contractor that was required to submit certified cost or pricing data in connection with a prime contract entered into before July 1, 2018, modify the contract without requiring consideration, to replace clause 52.215-13, Subcontractor Certified Cost or Pricing Data—Modifications , with its Alternate I . (n)(1) Insert the clause at 52.215-14, Integrity of Unit Prices , in RFPs and contracts except for—","(P_15_110_m_a ∧ P_15_110_m_b)","None","Addition (Add): Rule 8","VALID","PASS","PASS","No contradictions detected. Conjunction links co-required elements. Mandatory requirement; enforceable.","HIGH"
"15.1 (Presolicitation/Solicitation)","15.110_i3","P_15_110_i3","15.110(i) Acquisitions at or below the simplified acquisition threshold; (ii) Construction or architect-engineer services under part 36; (iii) Utility services under part 41; (iv) Service contracts where supplies are not required;","P_15_110_i3_a: (i) Acquisitions at or below the simplified acquisition threshold; P_15_110_i3_b: (ii) Construction or architect-engineer services under part 36; P_15_110_i3_c: (iii) Utility services under part 41; P_15_110_i3_d: (iv) Service contracts where supplies are not required","(P_15_110_i3_a ∨ P_15_110_i3_b ∨ P_15_110_i3_c ∨ P_15_110_i3_d)","None","Addition (Add): Rule 8; De Morgan's Rule (DM): Rule 9","VALID","PASS","PASS","No contradictions detected. Disjunction represents valid alternatives. Regulatory statement properly represented.","HIGH"
"15.1 (Presolicitation/Solicitation)","15.110_v","P_15_110_v","15.110(v) Acquisitions of commercial products and commercial services; and (vi) Contracts for petroleum products. (2) Use the clause with its Alternate I when contracting without adequate price competition or when prescribed by agency regulations.","P_15_110_v_a: (v) Acquisitions of commercial products and commercial services; P_15_110_v_b: and (vi) Contracts for petroleum products. (2) Use the clause with its Alternate I when contracting without adequate price competition or when prescribed by agency regulations","(P_15_110_v_a ∧ P_15_110_v_b)","None","Addition (Add): Rule 8","VALID","PASS","PASS","No contradictions detected. Conjunction links co-required elements. Regulatory statement properly represented.","HIGH"
"15.1 (Presolicitation/Solicitation)","15.110_o","P_15_110_o","15.110(o) Insert the clause at 52.215-15, Pension Adjustments and Asset Reversions , in RFPs and contracts for which it is anticipated that certified cost or pricing data will be required or for which any preaward or postaward cost determinations will be subject to part 31.","P_15_110_o_a: (o) Insert the clause at 52.215-15, Pension Adjustments and Asset Reversions , in RFPs and contracts for which it is anticipated that certified cost or pricing data will be required or for which any preaward or postaward cost determinations will be subject to part 31.","P_15_110_o_a","None","Simplification (Simp): Rule 6","VALID","PASS","PASS","No contradictions detected. Regulatory statement properly represented.","HIGH"
"15.1 (Presolicitation/Solicitation)","15.110_p","P_15_110_p","15.110(p) Insert the provision at 52.215-16, Facilities Capital Cost of Money , in RFPs expected to result in contracts that are subject to the cost principles for contracts with commercial organizations.","P_15_110_p_a: (p) Insert the provision at 52.215-16, Facilities Capital Cost of Money , in RFPs expected to result in contracts that are subject to the cost principles for contracts with commercial organizations.","P_15_110_p_a","None","Simplification (Simp): Rule 6","VALID","PASS","PASS","No contradictions detected. Regulatory statement properly represented.","HIGH"
"15.1 (Presolicitation/Solicitation)","15.110_q","P_15_110_q","15.110(q) Insert the clause at 52.215-17, Waiver of Facilities Capital Cost of Money , in the resulting contract if the prospective contractor does not propose facilities capital cost of money in its offer.","P_15_110_q_a: (q) Insert the clause at 52.215-17, Waiver of Facilities Capital Cost of Money , in the resulting contract if the prospective contractor does not propose facilities capital cost of money in its offer.","P_15_110_q_a","None","De Morgan's Rule (DM): Rule 9","VALID","PASS","PASS","No contradictions detected. Regulatory statement properly represented.","HIGH"
"15.1 (Presolicitation/Solicitation)","15.110_r","P_15_110_r","15.110(r) Insert the clause at 52.215-18, Reversion or Adjustment of Plans for Postretirement Benefits (PRB) Other Than Pensions , in RFPs and contracts for which it is anticipated that certified cost or pricing data will be required or for which any preaward or postaward cost determinations will be subject to part 31.","P_15_110_r_a: (r) Insert the clause at 52.215-18, Reversion or Adjustment of Plans for Postretirement Benefits (PRB) Other Than Pensions , in RFPs and contracts for which it is anticipated that certified cost or pricing data will be required or for which any preaward or postaward cost determinations will be subject to part 31.","P_15_110_r_a","None","Simplification (Simp): Rule 6","VALID","PASS","PASS","No contradictions detected. Regulatory statement properly represented.","HIGH"
"15.1 (Presolicitation/Solicitation)","15.110_s","P_15_110_s","15.110(s) Insert the clause at 52.215-19, Notification of Ownership Changes, in RFPs and contracts for which it is contemplated that certified cost or pricing data will be required or for which any preaward or postaward cost determination will be subject to subpart 31.2.","P_15_110_s_a: (s) Insert the clause at 52.215-19, Notification of Ownership Changes, in RFPs and contracts for which it is contemplated that certified cost or pricing data will be required or for which any preaward or postaward cost determination will be subject to subpart 31.2.","P_15_110_s_a","None","Simplification (Simp): Rule 6","VALID","PASS","PASS","No contradictions detected. Regulatory statement properly represented.","HIGH"
"15.1 (Presolicitation/Solicitation)","15.110_t","P_15_110_t","15.110(t) Considering the hierarchy at 15.403-1(a), insert the provision at 52.215-20, Requirements for Certified Cost or Pricing Data and Data Other Than Certified Cost or Pricing Data , in RFPs if it is reasonably certain that certified cost or pricing data or data other than certified cost or pricing data will be required. This provision also provides instructions to offerors on how to request an exception from the requirement to submit certified cost or pricing data. (1) Use the provision with its Alternate I to specify a format for certified cost or pricing data other than the format required by Table 15-1 at 15.408-2; (2) Use the provision with its Alternate II if copies of the proposal are to be sent to the ACO and contract auditor; (3) Use the provision with its Alternate III if submission via electronic media is required; and (4) Replace the basic provision with its Alternate IV if certified cost or pricing data are not expected to be required because an exception may apply, but data other than certified cost or pricing data will be required as described in 15.403-1.","P_15_110_t_a: (t) Considering the hierarchy at 15.403-1(a), insert the provision at 52.215-20, Requirements for Certified Cost or Pricing Data and Data Other Than Certified Cost or Pricing Data , in RFPs if it is reasonably certain that certified cost or pricing data or data other than certified cost or pricing data will be required. This provision also provides instructions to offerors on how to request an exception from the requirement to submit certified cost or pricing data. (1) Use the provision with its Alternate I to specify a format for certified cost or pricing data other than the format required by Table 15-1 at 15.408-2; P_15_110_t_b: (2) Use the provision with its Alternate II if copies of the proposal are to be sent to the ACO and contract auditor; P_15_110_t_c: (3) Use the provision with its Alternate III if submission via electronic media is required; P_15_110_t_d: and (4) Replace the basic provision with its Alternate IV if certified cost or pricing data are not expected to be required because an exception may apply, but data other than certified cost or pricing data will be required as described in 15.403-1","(P_15_110_t_a ∧ P_15_110_t_b ∧ P_15_110_t_c ∧ P_15_110_t_d)","P_15_403_1, P_15_408_2","Addition (Add): Rule 8; De Morgan's Rule (DM): Rule 9","VALID","PASS","PASS","No contradictions detected. Conjunction links co-required elements. Permissive statement; optional action. Cross-references 2 other section(s).","HIGH"
"15.1 (Presolicitation/Solicitation)","15.110_u","P_15_110_u","15.110(u) Considering the hierarchy at 15.403-1(a), insert the clause at 52.215-21, Requirements for Certified Cost or Pricing Data and Data Other Than Certified Cost or Pricing Data—Modifications , in RFPs and contracts if it is reasonably certain that certified cost or pricing data or data other than certified cost or pricing data will be required for modifications. This clause also provides instructions to contractors on how to request an exception from the requirement to submit certified cost or pricing data. (1) Use the clause with its Alternate I to specify a format for certified cost or pricing data other than the format required by Table 15-1 at 15.408-2; (2) Use the clause with its Alternate II if copies of the proposal are to be sent to the ACO and contract auditor; (3) Use the clause with its Alternate III if submission via electronic media is required; and (4) Replace the basic clause with its Alternate IV if certified cost or pricing data are not expected to be required because an exception may apply, but data other than certified cost or pricing data will be required as described in 15.403-1. (v)(1) Insert the provision at 52.215-22, Limitations on Pass-Through Charges—Identification of Subcontract Effort , in RFPs containing the clause at 52.215-23. (2)(i) Except as provided in paragraph (v)(2)(ii) of this section, insert the clause 52.215-23, Limitations on Pass-Through Charges , in RFPs and contracts including task or delivery orders as follows: (A) For civilian agencies, insert the clause when— (1) The total estimated contract or order value exceeds the simplified acquisition threshold as defined in part 2; and (2) The contemplated contract type is expected to be a cost-reimbursement type contract as defined in part 16; or (B) For DoD, insert the clause when— (1) The total estimated contract or order value exceeds the threshold for obtaining cost or pricing data in 15.403-3(a); and (2) The contemplated contract type is expected to be any contract type except—","P_15_110_u_a: (u) Considering the hierarchy at 15.403-1(a), insert the clause at 52.215-21, Requirements for Certified Cost or Pricing Data and Data Other Than Certified Cost or Pricing Data—Modifications , in RFPs and contracts if it is reasonably certain that certified cost or pricing data or data other than certified cost or pricing data will be required for modifications. This clause also provides instructions to contractors on how to request an exception from the requirement to submit certified cost or pricing data. (1) Use the clause with its Alternate I to specify a format for certified cost or pricing data other than the format required by Table 15-1 at 15.408-2; P_15_110_u_b: (2) Use the clause with its Alternate II if copies of the proposal are to be sent to the ACO and contract auditor; P_15_110_u_c: (3) Use the clause with its Alternate III if submission via electronic media is required; P_15_110_u_d: and (4) Replace the basic clause with its Alternate IV if certified cost or pricing data are not expected to be required because an exception may apply, but data other than certified cost or pricing data will be required as described in 15.403-1. (v)(1) Insert the provision at 52.215-22, Limitations on Pass-Through Charges—Identification of Subcontract Effort , in RFPs containing the clause at 52.215-23. (2)(i) Except as provided in paragraph (v)(2)(ii) of this section, insert the clause 52.215-23, Limitations on Pass-Through Charges , in RFPs and contracts including task or delivery orders as follows: (A) For civilian agencies, insert the clause when— (1) The total estimated contract or order value exceeds the simplified acquisition threshold as defined in part 2; P_15_110_u_e: and (2) The contemplated contract type is expected to be a cost-reimbursement type contract as defined in part 16; P_15_110_u_f: or (B) For DoD, insert the clause when— (1) The total estimated contract or order value exceeds the threshold for obtaining cost or pricing data in 15.403-3(a); P_15_110_u_g: and (2) The contemplated contract type is expected to be any contract type except—","(P_15_110_u_a ∧ P_15_110_u_b ∧ P_15_110_u_c ∧ P_15_110_u_d ∧ P_15_110_u_e ∧ P_15_110_u_f ∧ P_15_110_u_g)","P_15_403_1, P_15_403_3, P_15_408_2","Addition (Add): Rule 8; De Morgan's Rule (DM): Rule 9","VALID","PASS","PASS","No contradictions detected. Conjunction links co-required elements. Permissive statement; optional action. Cross-references 3 other section(s).","HIGH"
"15.1 (Presolicitation/Solicitation)","15.110_i4","P_15_110_i4","15.110(i) A firm-fixed-price contract awarded on the basis of adequate price competition; (ii) A fixed-price contract with economic price adjustment awarded on the basis of adequate price competition; (iii) A firm-fixed-price contract for the acquisition of a commercial product or commercial service; (iv) A fixed-price contract with economic price adjustment, for the acquisition of a commercial product or commercial service; or","P_15_110_i4_a: (i) A firm-fixed-price contract awarded on the basis of adequate price competition; P_15_110_i4_b: (ii) A fixed-price contract with economic price adjustment awarded on the basis of adequate price competition; P_15_110_i4_c: (iii) A firm-fixed-price contract for the acquisition of a commercial product or commercial service; P_15_110_i4_d: (iv) A fixed-price contract with economic price adjustment, for the acquisition of a commercial product or commercial service","(P_15_110_i4_a ∨ P_15_110_i4_b ∨ P_15_110_i4_c ∨ P_15_110_i4_d)","None","Addition (Add): Rule 8","VALID","PASS","PASS","No contradictions detected. Disjunction represents valid alternatives. Regulatory statement properly represented.","HIGH"
"15.1 (Presolicitation/Solicitation)","15.110_v2","P_15_110_v2","15.110(v) A fixed-price incentive contract awarded on the basis of adequate price competition. (ii) The clause may be used when the total estimated contract or order value is below the thresholds identified in 15.110(v)(2)(i) and for any contract type, when the contracting officer determines that inclusion of the clause is appropriate. (iii) Use the clause 52.215-23 with its Alternate I when the contracting officer determines that the prospective contractor has demonstrated that its functions provide added value to the contracting effort and there are no excessive pass-through charges.","P_15_110_v2_a: (v) A fixed-price incentive contract awarded on the basis of adequate price competition. (ii) The clause may be used when the total estimated contract or order value is below the thresholds identified in 15.110(v); P_15_110_v2_b: (i) and for any contract type, when the contracting officer determines that inclusion of the clause is appropriate. (iii) Use the clause 52.215-23 with its Alternate I when the contracting officer determines that the prospective contractor has demonstrated that its functions provide added value to the contracting effort and there are no excessive pass-through charges","(P_15_110_v2_a ∧ P_15_110_v2_b)","None","Addition (Add): Rule 8; De Morgan's Rule (DM): Rule 9","VALID","PASS","PASS","No contradictions detected. Conjunction links co-required elements. Permissive statement; optional action.","HIGH"
"15.2 (Evaluation/Negotiation)","15.200","P_15_200","15.200 Scope. This subpart addresses policies and procedures for evaluating and negotiating competitive proposals and awarding contracts.","P_15_200_a: This subpart addresses policies and procedures for evaluating and negotiating competitive proposals and awarding contracts.","P_15_200_a","None","Simplification (Simp): Rule 6","VALID","PASS","PASS","No contradictions detected. Regulatory statement properly represented.","HIGH"
"15.2 (Evaluation/Negotiation)","15.201_a","P_15_201_a","15.201(a) Agency heads are responsible for source selection. A contracting officer is designated as the source selection authority (SSA), unless the agency head appoints another individual for a particular acquisition or group of acquisitions.","P_15_201_a_a: (a) Agency heads are responsible for source selection. A contracting officer is designated as the source selection authority (SSA); P_15_201_a_b: Exception: the agency head appoints another individual for a particular acquisition or group of acquisitions","(P_15_201_a_a ∨ P_15_201_a_b)","None","Disjunctive Syllogism (DS): Rule 4; Addition (Add): Rule 8","VALID","PASS","PASS","No contradictions detected. Disjunction represents valid alternatives. Regulatory statement properly represented.","HIGH"
"15.2 (Evaluation/Negotiation)","15.201_b","P_15_201_b","15.201(b) The SSA must— (1) Establish an evaluation team tailored for the acquisition that includes appropriate contracting, legal, logistics, technical, and other expertise to ensure a comprehensive evaluation of proposals; (2) Approve the source selection approach or acquisition plan, if applicable, before issuance of the request for proposal (RFP); (3) Ensure consistency among the RFP requirements, notices to offerors, proposal preparation instructions, evaluation factors and subfactors, solicitation provisions or contract clauses, and data requirements; (4) Ensure that proposals are evaluated based solely on the factors and subfactors contained in the RFP ((10 U.S.C. 3303(c) and 41 U.S.C. 3703(c)); (5) Consider the recommendations of advisory boards or panels, when applicable; and (6) Select the offeror or offerors whose proposal is the best value to the Government (10 U.S.C. 3303(c) and 41 U.S.C. 3703(c)). The SSA may reject all proposals received in response to a RFP, if doing so is in the best interest of the Government.","P_15_201_b_a: (b) The SSA must— (1) Establish an evaluation team tailored for the acquisition that includes appropriate contracting, legal, logistics, technical, and other expertise to ensure a comprehensive evaluation of proposals; P_15_201_b_b: (2) Approve the source selection approach or acquisition plan, if applicable, before issuance of the request for proposal (RFP); P_15_201_b_c: (3) Ensure consistency among the RFP requirements, notices to offerors, proposal preparation instructions, evaluation factors and subfactors, solicitation provisions or contract clauses, and data requirements; P_15_201_b_d: (4) Ensure that proposals are evaluated based solely on the factors and subfactors contained in the RFP ((10 U.S.C. 3303(c) and 41 U.S.C. 3703(c)); P_15_201_b_e: (5) Consider the recommendations of advisory boards or panels, when applicable; P_15_201_b_f: and (6) Select the offeror or offerors whose proposal is the best value to the Government (10 U.S.C. 3303(c) and 41 U.S.C. 3703(c)). The SSA may reject all proposals received in response to a RFP, if doing so is in the best interest of the Government","(P_15_201_b_a ∧ P_15_201_b_b ∧ P_15_201_b_c ∧ P_15_201_b_d ∧ P_15_201_b_e ∧ P_15_201_b_f)","None","Addition (Add): Rule 8","VALID","PASS","PASS","No contradictions detected. Conjunction links co-required elements. Mandatory requirement; enforceable.","HIGH"
"15.2 (Evaluation/Negotiation)","15.201_c","P_15_201_c","15.201(c) Contracting officers must— (1) After release of a RFP, serve as the focal point for inquiries from actual or prospective offerors; (2) After receipt of proposals, control communications with offerors; (3) When negotiating noncompetitive proposals, evaluate the proposal and document the reasonableness of the offered prices in accordance with subpart 15.4; and (4) Award the contract(s).","P_15_201_c_a: (c) Contracting officers must— (1) After release of a RFP, serve as the focal point for inquiries from actual or prospective offerors; P_15_201_c_b: (2) After receipt of proposals, control communications with offerors; P_15_201_c_c: (3) When negotiating noncompetitive proposals, evaluate the proposal and document the reasonableness of the offered prices in accordance with subpart 15.4; P_15_201_c_d: and (4) Award the contract(s)","(P_15_201_c_a ∧ P_15_201_c_b ∧ P_15_201_c_c ∧ P_15_201_c_d)","P_15_4","Addition (Add): Rule 8","VALID","PASS","PASS","No contradictions detected. Conjunction links co-required elements. Mandatory requirement; enforceable. Cross-references 1 other section(s).","HIGH"
"15.2 (Evaluation/Negotiation)","15.201_d","P_15_201_d","15.201(d) Limitations. Government personnel involved in the acquisition must not engage in conduct that— (1) Favors one offeror over another; (2) Reveals an offeror's technical solution, including—","P_15_201_d_a: (d) Limitations. Government personnel involved in the acquisition must not engage in conduct that— (1) Favors one offeror over another; P_15_201_d_b: (2) Reveals an offeror's technical solution, including—","(P_15_201_d_a ∧ P_15_201_d_b)","None","Conjunction (Conj): Rule 7; De Morgan's Rule (DM): Rule 9","VALID","PASS","PASS","No contradictions detected. Conjunction links co-required elements. Mandatory requirement; enforceable.","HIGH"
"15.2 (Evaluation/Negotiation)","15.201_i","P_15_201_i","15.201(i) Unique technology; (ii) Innovative and unique uses of commercial products or commercial services; or (iii) Any information that would compromise an offeror's intellectual property to another offeror; (3) Reveals an offeror's price without that offeror's permission. (4) Reveals the names of individuals providing information about an offeror's past performance; or (5) Knowingly furnishes source selection information in violation of 3.104 and 41 U.S.C. 2102 and 2107.","P_15_201_i_a: (i) Unique technology; P_15_201_i_b: (ii) Innovative and unique uses of commercial products or commercial services; P_15_201_i_c: or (iii) Any information that would compromise an offeror's intellectual property to another offeror; P_15_201_i_d: (3) Reveals an offeror's price without that offeror's permission. (4) Reveals the names of individuals providing information about an offeror's past performance; P_15_201_i_e: or (5) Knowingly furnishes source selection information in violation of 3.104 and 41 U.S.C. 2102 and 2107","(P_15_201_i_a ∧ P_15_201_i_b ∧ P_15_201_i_c ∧ P_15_201_i_d ∧ P_15_201_i_e)","None","Addition (Add): Rule 8","VALID","PASS","PASS","No contradictions detected. Conjunction links co-required elements. Regulatory statement properly represented.","HIGH"
"15.2 (Evaluation/Negotiation)","15.202_a","P_15_202_a","15.202(a) General . (1) Proposal evaluation is an assessment of the proposal and an offeror's ability to perform the prospective contract successfully. Agencies must evaluate each competitive proposal based solely on the factors and subfactors in the RFP. (2) Clarifications .","P_15_202_a_a: Proposal evaluation is an assessment of the proposal and an offeror's ability to perform the prospective contract successfully. Agencies must evaluate each competitive proposal based solely on the factors and subfactors in the RFP; P_15_202_a_b: Clarifications","(P_15_202_a_a ∧ P_15_202_a_b)","None","Conjunction (Conj): Rule 7","VALID","PASS","PASS","No contradictions detected. Conjunction links co-required elements. Mandatory requirement; enforceable.","HIGH"
"15.2 (Evaluation/Negotiation)","15.202_i","P_15_202_i","15.202(i) Clarifications are exchanges between the Government and offerors where offerors are given the opportunity to resolve minor or clerical errors or clarify certain aspects of their proposal. Clarifications can be used to enhance the Government’s understanding of a proposal, allow reasonable interpretation of a proposal, or facilitate the Government’s evaluation process. (ii) Clarifications include, but are not limited to, addressing: ambiguities of the proposal; other concerns such as perceived deficiencies, weaknesses, errors, omissions, or mistakes; the relevance of an offeror's past performance information; and adverse past performance information to which the offeror has not previously had an opportunity to respond. (iii) Clarifications do not permit offerors to revise their proposal and cannot be used to cure proposal deficiencies or material omissions or materially alter the technical or cost elements of the proposal. However, contracting officers may request additional information or documentation provided the cost/price or other material elements of the proposal are unchanged. (iv) Clarifications may occur, at the contracting officer’s discretion, at any time after receipt of proposals through contract award. Contracting officers are not required to conduct clarifications with an offeror. If the contracting officer conducts clarifications with one or more offerors, it is not required to conduct clarifications with any other offeror. (3) Oral Presentations . Contracting officers must maintain a record of oral presentations to document what the Government relied upon in making the source selection decision. The method and level of detail of the record (e.g., videotaping, audio tape recording, written record, Government notes, copies of offeror briefing slides or presentation notes) is at the discretion of the SSA. When an oral presentation includes information that the parties intend to include in the contract as material terms or conditions, the information must be put in writing and incorporated in the proposal and any resultant contract. Incorporation by reference of oral statements is not permitted.","P_15_202_i_a: (i) Clarifications are exchanges between the Government and offerors where offerors are given the opportunity to resolve minor or clerical errors or clarify certain aspects of their proposal. Clarifications can be used to enhance the Government’s understanding of a proposal, allow reasonable interpretation of a proposal, or facilitate the Government’s evaluation process. (ii) Clarifications include, but are not limited to, addressing: ambiguities of the proposal; P_15_202_i_b: other concerns such as perceived deficiencies, weaknesses, errors, omissions, or mistakes; P_15_202_i_c: the relevance of an offeror's past performance information; P_15_202_i_d: and adverse past performance information to which the offeror has not previously had an opportunity to respond. (iii) Clarifications do not permit offerors to revise their proposal and cannot be used to cure proposal deficiencies or material omissions or materially alter the technical or cost elements of the proposal. However, contracting officers may request additional information or documentation provided the cost/price or other material elements of the proposal are unchanged. (iv) Clarifications may occur, at the contracting officer’s discretion, at any time after receipt of proposals through contract award. Contracting officers are not required to conduct clarifications with an offeror. If the contracting officer conducts clarifications with one or more offerors, it is not required to conduct clarifications with any other offeror. (3) Oral Presentations . Contracting officers must maintain a record of oral presentations to document what the Government relied upon in making the source selection decision. The method and level of detail of the record (e.g., videotaping, audio tape recording, written record, Government notes, copies of offeror briefing slides or presentation notes) is at the discretion of the SSA. When an oral presentation includes information that the parties intend to include in the contract as material terms or conditions, the information must be put in writing and incorporated in the proposal and any resultant contract. Incorporation by reference of oral statements is not permitted","(P_15_202_i_a ∧ P_15_202_i_b ∧ P_15_202_i_c ∧ P_15_202_i_d)","None","Addition (Add): Rule 8; De Morgan's Rule (DM): Rule 9","VALID","PASS","PASS","No contradictions detected. Conjunction links co-required elements. Mandatory requirement; enforceable.","HIGH"
"15.2 (Evaluation/Negotiation)","15.202_b","P_15_202_b","15.202(b) Technical evaluation. (1) When using the lowest price technically acceptable (LPTA) approach, proposals are evaluated for technical acceptability only. (2) When using the tradeoff approach, the evaluation must include-","P_15_202_b_a: (b) Technical evaluation; P_15_202_b_b: When using the lowest price technically acceptable (LPTA) approach, proposals are evaluated for technical acceptability only; P_15_202_b_c: When using the tradeoff approach, the evaluation must include-","(P_15_202_b_a ∧ P_15_202_b_b ∧ P_15_202_b_c)","None","Conjunction (Conj): Rule 7","VALID","PASS","PASS","No contradictions detected. Conjunction links co-required elements. Mandatory requirement; enforceable.","HIGH"
"15.2 (Evaluation/Negotiation)","15.202_i2","P_15_202_i2","15.202(i) An assessment of each offeror's ability to accomplish the technical requirements; and (ii) An evaluation of the relative strengths, deficiencies, significant weaknesses, and risks supporting proposal evaluation. (3) If teleworking is not prohibited, agencies must not unfavorably evaluate an offer that includes telework unless the contracting officer executes a written determination in accordance with part 7.","P_15_202_i2_a: (i) An assessment of each offeror's ability to accomplish the technical requirements; and (ii) An evaluation of the relative strengths, deficiencies, significant weaknesses, and risks supporting proposal evaluation. (3) If teleworking is not prohibited, agencies must not unfavorably evaluate an offer that includes telework; P_15_202_i2_b: Exception: the contracting officer executes a written determination in accordance with part 7","(P_15_202_i2_a ∨ P_15_202_i2_b)","None","Disjunctive Syllogism (DS): Rule 4; Addition (Add): Rule 8; De Morgan's Rule (DM): Rule 9","VALID","PASS","PASS","No contradictions detected. Disjunction represents valid alternatives. Mandatory requirement; enforceable.","HIGH"
"15.2 (Evaluation/Negotiation)","15.202_c","P_15_202_c","15.202(c) Past performance evaluation. (1) No past performance information. An offeror without a record of relevant past performance or for whom information on past performance is not available may not be evaluated favorably or unfavorably on past performance. (2) LPTA source selection process . If past performance is evaluated when using the LPTA source selection process, contracting officers must only determine if the performance is technically acceptable and not perform a comparative assessment of the information. (3) Considerations . Evaluations should consider the following:","P_15_202_c_a: (c) Past performance evaluation; P_15_202_c_b: No past performance information. An offeror without a record of relevant past performance or for whom information on past performance is not available may not be evaluated favorably or unfavorably on past performance; P_15_202_c_c: LPTA source selection process . If past performance is evaluated when using the LPTA source selection process, contracting officers must only determine if the performance is technically acceptable and not perform a comparative assessment of the information; P_15_202_c_d: Considerations . Evaluations should consider the following:","(P_15_202_c_a ∧ P_15_202_c_b ∧ P_15_202_c_c ∧ P_15_202_c_d)","None","Addition (Add): Rule 8; De Morgan's Rule (DM): Rule 9","VALID","PASS","PASS","No contradictions detected. Conjunction links co-required elements. Mandatory requirement; enforceable.","HIGH"
"15.2 (Evaluation/Negotiation)","15.202_i3","P_15_202_i3","15.202(i) The information provided by the offeror, as well as information obtained from any other sources. (ii) The currency and relevance of the information, source of the information, context of the data, and general trends in contractor's performance. The SSA determines the relevance of similar past performance information. (iii) Any information regarding predecessor companies, key personnel who have relevant experience, or subcontractors that will perform major or critical aspects of the requirement when such information is relevant to the instant acquisition. (iv) The past performance of the joint venture, when evaluating an offer from a joint venture. If the joint venture does not demonstrate past performance for award, the past performance of each party to the joint venture must be considered. (4) Small business . When using the LPTA source selection approach and a small business would have been in contention for award, but their past performance is determined to be unacceptable, the matter must be referred to the SBA for a Certificate of Competency determination.","P_15_202_i3_a: (i) The information provided by the offeror, as well as information obtained from any other sources. (ii) The currency and relevance of the information, source of the information, context of the data, and general trends in contractor's performance. The SSA determines the relevance of similar past performance information. (iii) Any information regarding predecessor companies, key personnel who have relevant experience, or subcontractors that will perform major or critical aspects of the requirement when such information is relevant to the instant acquisition. (iv) The past performance of the joint venture, when evaluating an offer from a joint venture. If the joint venture does not demonstrate past performance for award, the past performance of each party to the joint venture must be considered; P_15_202_i3_b: Small business . When using the LPTA source selection approach and a small business would have been in contention for award, but their past performance is determined to be unacceptable, the matter must be referred to the SBA for a Certificate of Competency determination","(P_15_202_i3_a ∧ P_15_202_i3_b)","None","Conjunction (Conj): Rule 7","VALID","PASS","PASS","No contradictions detected. Conjunction links co-required elements. Mandatory requirement; enforceable.","HIGH"
"15.2 (Evaluation/Negotiation)","15.202_d","P_15_202_d","15.202(d) Cost or price evaluation . Agencies must purchase supplies and services from responsible sources at fair and reasonable prices. Contracting officers are responsible for evaluating and documenting the reasonableness of the awarded price in accordance with subpart 15.4.","P_15_202_d_a: (d) Cost or price evaluation . Agencies must purchase supplies and services from responsible sources at fair and reasonable prices. Contracting officers are responsible for evaluating and documenting the reasonableness of the awarded price in accordance with subpart 15.4.","P_15_202_d_a","P_15_4","Simplification (Simp): Rule 6","VALID","PASS","PASS","No contradictions detected. Mandatory requirement; enforceable. Cross-references 1 other section(s).","HIGH"
"15.2 (Evaluation/Negotiation)","15.203","P_15_203","15.203 Competitive award without negotiation. Contracting officers may make competitive awards without negotiations if the RFP states that the Government intends to evaluate proposals and make award without negotiation. If the RFP includes such a notice and the Government determines it is necessary to negotiate, the rationale for doing so must be documented in the contract file (10 U.S.C. 3303(a)(2) and 41 U.S.C. 3703(a)(2)).","P_15_203_a: Contracting officers may make competitive awards without negotiations if the RFP states that the Government intends to evaluate proposals and make award without negotiation. If the RFP includes such a notice and the Government determines it is necessary to negotiate, the rationale for doing so must be documented in the contract file (10 U.S.C. 3303(a); P_15_203_b: and 41 U.S.C. 3703(a)","(P_15_203_a ∧ P_15_203_b)","None","Conjunction (Conj): Rule 7","VALID","PASS","PASS","No contradictions detected. Conjunction links co-required elements. Mandatory requirement; enforceable.","HIGH"
"15.2 (Evaluation/Negotiation)","15.204","P_15_204","15.204 Competitive award with negotiation. 15.204-1 Establishing a competitive range.","P_15_204_a: 15.204-1 Establishing a competitive range.","P_15_204_a","P_15_204_1","Simplification (Simp): Rule 6","VALID","PASS","PASS","No contradictions detected. Regulatory statement properly represented. Cross-references 1 other section(s).","HIGH"
"15.2 (Evaluation/Negotiation)","15.204_a","P_15_204_a","15.204(a) Competitive range . A competitive range is the group of evaluated proposals that the contracting officer determines are best suited for further negotiation. Contracting officers must establish a competitive range if negotiations will occur after evaluating competitive proposals.","P_15_204_a_a: (a) Competitive range . A competitive range is the group of evaluated proposals that the contracting officer determines are best suited for further negotiation. Contracting officers must establish a competitive range if negotiations will occur after evaluating competitive proposals.","P_15_204_a_a","None","Simplification (Simp): Rule 6","VALID","PASS","PASS","No contradictions detected. Mandatory requirement; enforceable.","HIGH"
"15.2 (Evaluation/Negotiation)","15.204_b","P_15_204_b","15.204(b) Narrowing the competitive range for efficiency . When establishing the competitive range, contracting officers may determine that the number of most highly rated proposals that might otherwise be included in the competitive range exceeds the number at which an efficient competition can be conducted. The contracting officer may limit the number of proposals in the competitive range to the greatest number that will permit an efficient competition among the most highly evaluated proposals (10 U.S.C. 3303 and 41 U.S.C. 3703).","P_15_204_b_a: (b) Narrowing the competitive range for efficiency . When establishing the competitive range, contracting officers may determine that the number of most highly rated proposals that might otherwise be included in the competitive range exceeds the number at which an efficient competition can be conducted. The contracting officer may limit the number of proposals in the competitive range to the greatest number that will permit an efficient competition among the most highly evaluated proposals (10 U","P_15_204_b_a","None","Simplification (Simp): Rule 6","VALID","PASS","PASS","No contradictions detected. Permissive statement; optional action. Long single proposition; further decomposition may improve precision.","MEDIUM"
"15.2 (Evaluation/Negotiation)","15.204_c","P_15_204_c","15.204(c) Notice . Written notice must be provided to unsuccessful offerors in accordance with 15.206-1(a).","P_15_204_c_a: (c) Notice . Written notice must be provided to unsuccessful offerors in accordance with 15.206-1(a).","P_15_204_c_a","P_15_206_1","Simplification (Simp): Rule 6","VALID","PASS","PASS","No contradictions detected. Mandatory requirement; enforceable. Cross-references 1 other section(s).","HIGH"
"15.2 (Evaluation/Negotiation)","15.204-2_a","P_15_204_2_a","15.204-2(a) General . The scope and extent of negotiations are a matter of contracting officer judgment.","P_15_204_2_a_a: (a) General . The scope and extent of negotiations are a matter of contracting officer judgment.","P_15_204_2_a_a","None","Simplification (Simp): Rule 6","VALID","PASS","PASS","No contradictions detected. Regulatory statement properly represented.","HIGH"
"15.2 (Evaluation/Negotiation)","15.204-2_b","P_15_204_2_b","15.204-2(b) Requirement . (1) Contracting officers must—","P_15_204_2_b_a: (b) Requirement ; P_15_204_2_b_b: Contracting officers must—","(P_15_204_2_b_a ∧ P_15_204_2_b_b)","None","Conjunction (Conj): Rule 7","VALID","PASS","PASS","No contradictions detected. Conjunction links co-required elements. Mandatory requirement; enforceable.","HIGH"
"15.2 (Evaluation/Negotiation)","15.204-2_i","P_15_204_2_i","15.204-2(i) Negotiate with each responsible offeror within the competitive range; and (ii) Tailor the negotiation to the offeror’s proposal, but at a minimum, indicate to, or negotiate with, each offeror any deficiencies or significant weaknesses in the proposal. (2) Contracting officers may further negotiate with an offeror, if necessary. Having further negotiation s with a particular offeror does not obligate contracting officers to have further negotiations with any other offerors. (3) Contracting officers may also negotiate other aspects of the offeror's proposal that could, in the opinion of the contracting officer, be altered or explained to enhance materially the proposal's potential for award. Contracting officers are not required to negotiate every area where the proposal could be improved. (4) When an RFP stated that evaluation credit would be given for technical solutions exceeding any mandatory minimums, contracting officers may negotiate with offerors for increased performance beyond any mandatory minimums, and suggest to offerors that have exceeded any mandatory minimums (in ways that are not integral to the design), that their proposals would be more competitive if the excesses were removed and the proposed price decreased.","P_15_204_2_i_a: (i) Negotiate with each responsible offeror within the competitive range; P_15_204_2_i_b: and (ii) Tailor the negotiation to the offeror’s proposal, but at a minimum, indicate to, or negotiate with, each offeror any deficiencies or significant weaknesses in the proposal. (2) Contracting officers may further negotiate with an offeror, if necessary. Having further negotiation s with a particular offeror does not obligate contracting officers to have further negotiations with any other offerors. (3) Contracting officers may also negotiate other aspects of the offeror's proposal that could, in the opinion of the contracting officer, be altered or explained to enhance materially the proposal's potential for award. Contracting officers are not required to negotiate every area where the proposal could be improved. (4) When an RFP stated that evaluation credit would be given for technical solutions exceeding any mandatory minimums, contracting officers may negotiate with offerors for increased performance beyond any mandatory minimums, and suggest to offerors that have exceeded any mandatory minimums (in ways that are not integral to the design), that their proposals would be more competitive if the excesses were removed and the proposed price decreased","(P_15_204_2_i_a ∧ P_15_204_2_i_b)","None","Addition (Add): Rule 8; De Morgan's Rule (DM): Rule 9","VALID","PASS","PASS","No contradictions detected. Conjunction links co-required elements. Permissive statement; optional action.","HIGH"
"15.2 (Evaluation/Negotiation)","15.204-2_c","P_15_204_2_c","15.204-2(c) Elimination from the competitive range . A proposal must be eliminated from consideration for award when the contracting officer determines that a proposal should no longer be included in the competitive range. Written notice of this decision must be provided to unsuccessful offerors in accordance with 15.206-1(a). (1) When a proposal is eliminated, no further revisions to the proposal can be accepted or considered. (2) Contracting officers may eliminate a proposal from the competitive range at any time upon concluding that the offeror is unlikely to receive an award. Contracting officers are not required to have an additional negotiation with an offeror prior to taking such action.","P_15_204_2_c_a: (c) Elimination from the competitive range . A proposal must be eliminated from consideration for award when the contracting officer determines that a proposal should no longer be included in the competitive range. Written notice of this decision must be provided to unsuccessful offerors in accordance with 15.206-1(a); P_15_204_2_c_b: When a proposal is eliminated, no further revisions to the proposal can be accepted or considered; P_15_204_2_c_c: Contracting officers may eliminate a proposal from the competitive range at any time upon concluding that the offeror is unlikely to receive an award. Contracting officers are not required to have an additional negotiation with an offeror prior to taking such action","(P_15_204_2_c_a ⊃ (P_15_204_2_c_b ∧ P_15_204_2_c_c))","P_15_206_1","Modus Ponens (MP): Rule 1; Addition (Add): Rule 8; De Morgan's Rule (DM): Rule 9","VALID","PASS","PASS","No contradictions detected. Disjunction represents valid alternatives. Mandatory requirement; enforceable. Cross-references 1 other section(s). Conditional structure identified and represented as implication.","HIGH"
"15.2 (Evaluation/Negotiation)","15.204-2_d","P_15_204_2_d","15.204-2(d) Proposal revision . (1) When negotiations with an offeror are finished, and that offeror has not been eliminated from the competitive range, contracting officers must provide the offeror with—","P_15_204_2_d_a: (d) Proposal revision ; P_15_204_2_d_b: When negotiations with an offeror are finished, and that offeror has not been eliminated from the competitive range, contracting officers must provide the offeror with—","(P_15_204_2_d_a ∧ P_15_204_2_d_b)","None","Conjunction (Conj): Rule 7; De Morgan's Rule (DM): Rule 9","VALID","PASS","PASS","No contradictions detected. Conjunction links co-required elements. Mandatory requirement; enforceable.","HIGH"
"15.2 (Evaluation/Negotiation)","15.204-2_i2","P_15_204_2_i2","15.204-2(i) An opportunity to submit a proposal revision; and (ii) A notice requiring the proposal revision in writing and stating that the Government intends to make award without obtaining further revisions. (2) Each offeror with a proposal still within the competitive range must be given an equal amount of time within which to submit their proposal revision.","P_15_204_2_i2_a: (i) An opportunity to submit a proposal revision; P_15_204_2_i2_b: and (ii) A notice requiring the proposal revision in writing and stating that the Government intends to make award without obtaining further revisions. (2) Each offeror with a proposal still within the competitive range must be given an equal amount of time within which to submit their proposal revision","(P_15_204_2_i2_a ∧ P_15_204_2_i2_b)","None","Conjunction (Conj): Rule 7","VALID","PASS","PASS","No contradictions detected. Conjunction links co-required elements. Mandatory requirement; enforceable.","HIGH"
"15.2 (Evaluation/Negotiation)","15.205","P_15_205","15.205 Source selection decision. The source selection decision must represent the SSA’s independent judgement and be based on a comparative assessment of proposals against all source selection criteria in the RFP. The source selection decision must be documented and include the rationale for any business judgments and tradeoffs made or relied on by the SSA, including benefits associated with additional costs. The documentation does not need to quantify the tradeoffs that led to the decision.","P_15_205_a: The source selection decision must represent the SSA’s independent judgement and be based on a comparative assessment of proposals against all source selection criteria in the RFP. The source selection decision must be documented and include the rationale for any business judgments and tradeoffs made or relied on by the SSA, including benefits associated with additional costs. The documentation does not need to quantify the tradeoffs that led to the decision.","P_15_205_a","None","De Morgan's Rule (DM): Rule 9","VALID","PASS","PASS","No contradictions detected. Mandatory requirement; enforceable. Long single proposition; further decomposition may improve precision.","MEDIUM"
"15.2 (Evaluation/Negotiation)","15.206_a","P_15_206_a","15.206(a) Definition . Day, as used in this section, has the meaning set forth at part 33.","P_15_206_a_a: (a) Definition . Day, as used in this section, has the meaning set forth at part 33.","P_15_206_a_a","None","Simplification (Simp): Rule 6","VALID","PASS","PASS","No contradictions detected. Regulatory statement properly represented.","HIGH"
"15.2 (Evaluation/Negotiation)","15.206_b","P_15_206_b","15.206(b) Applicability . Sections 15.206 through 15.206-2 apply to competitive proposals, except for those using the other competitive procedures described in subpart 6.1 for architect-engineer contracts and basic and applied research. The procedures for award notification, with reasonable modification, should be followed for contracts awarded using those other competitive procedures. 15.206-1 Preaward notices.","P_15_206_b_a: (b) Applicability . Sections 15.206 through 15.206-2 apply to competitive proposals, except for those using the other competitive procedures described in subpart 6.1 for architect-engineer contracts and basic and applied research. The procedures for award notification, with reasonable modification, should be followed for contracts awarded using those other competitive procedures. 15.206-1 Preaward notices.","P_15_206_b_a","P_15_206_1, P_15_206_2","Simplification (Simp): Rule 6","VALID","PASS","PASS","No contradictions detected. Advisory guidance; recommended but not mandatory. Cross-references 2 other section(s). Long single proposition; further decomposition may improve precision.","MEDIUM"
"15.2 (Evaluation/Negotiation)","15.206_a2","P_15_206_a2","15.206(a) Notice of exclusion from competitive range . Contracting officers must notify offerors promptly in writing when their proposals are excluded from the competitive range or otherwise eliminated from the competition. The notice must state the basis for the determination and that proposal revisions will not be considered. These offerors may request a debriefing in accordance with 15.206-2 and 15.301.","P_15_206_a2_a: (a) Notice of exclusion from competitive range . Contracting officers must notify offerors promptly in writing when their proposals are excluded from the competitive range or otherwise eliminated from the competition. The notice must state the basis for the determination and that proposal revisions will not be considered. These offerors may request a debriefing in accordance with 15.206-2 and 15.301.","P_15_206_a2_a","P_15_206_2, P_15_301","De Morgan's Rule (DM): Rule 9","VALID","PASS","PASS","No contradictions detected. Mandatory requirement; enforceable. Cross-references 2 other section(s). Long single proposition; further decomposition may improve precision.","MEDIUM"
"15.2 (Evaluation/Negotiation)","15.206_b2","P_15_206_b2","15.206(b) Notice of small business set-aside award.&nbsp; (1) When using a set-aside for small business, HUBZone, the Service-Disabled Veteran-Owned Small Business Program, or the Women-Owned Small Business Program, contracting officers must notify each offeror, in writing, prior to award and upon completion of negotiations and determinations of responsibility—","P_15_206_b2_a: (b) Notice of small business set-aside award.&nbsp; P_15_206_b2_b: (1) When using a set-aside for small business, HUBZone, the Service-Disabled Veteran-Owned Small Business Program, or the Women-Owned Small Business Program, contracting officers must notify each offeror, in writing, prior to award and upon completion of negotiations and determinations of responsibility—","(P_15_206_b2_a ∧ P_15_206_b2_b)","None","Addition (Add): Rule 8","VALID","PASS","PASS","No contradictions detected. Conjunction links co-required elements. Mandatory requirement; enforceable.","HIGH"
"15.2 (Evaluation/Negotiation)","15.206_i","P_15_206_i","15.206(i) Of the name and address of the apparently successful offeror; and (ii) That the Government will not consider subsequent revisions of the offeror's proposal. (2) This notice is in addition to any notice of exclusion from competitive range. (3) This notice is not required when the contracting officer determines in writing that the urgency of the requirement necessitates award without delay or when the contract is entered into under the 8(a) program.","P_15_206_i_a: (i) Of the name and address of the apparently successful offeror; P_15_206_i_b: and (ii) That the Government will not consider subsequent revisions of the offeror's proposal. (2) This notice is in addition to any notice of exclusion from competitive range. (3) This notice is not required when the contracting officer determines in writing that the urgency of the requirement necessitates award without delay or when the contract is entered into under the 8(a) program","(P_15_206_i_a ∧ P_15_206_i_b)","None","Addition (Add): Rule 8; De Morgan's Rule (DM): Rule 9","VALID","PASS","PASS","No contradictions detected. Conjunction links co-required elements. Regulatory statement properly represented.","HIGH"
"15.2 (Evaluation/Negotiation)","15.206-2","P_15_206_2","15.206-2 Preaward debriefing. Offerors excluded from the competitive range or otherwise excluded from the competition before award may request a debriefing before award (10 U.S.C. 3305 and 41 U.S.C. 3705). The contracting officer should chair any debriefing held. Individuals who conducted evaluations must provide support.","P_15_206_2_a: Offerors excluded from the competitive range or otherwise excluded from the competition before award may request a debriefing before award (10 U.S.C. 3305 and 41 U.S.C. 3705). The contracting officer should chair any debriefing held. Individuals who conducted evaluations must provide support.","P_15_206_2_a","None","Simplification (Simp): Rule 6","VALID","PASS","PASS","No contradictions detected. Mandatory requirement; enforceable.","HIGH"
"15.2 (Evaluation/Negotiation)","15.206-2_a","P_15_206_2_a","15.206-2(a) Request timeframe . (1) Offerors may request a preaward debriefing by submitting a written request for debriefing to the contracting officer within 3 days after receipt of the notice of exclusion from the competition. (2) At the offeror's request, this debriefing may be delayed until after award. If the debriefing is delayed until after award, it must include all information normally provided in a postaward debriefing. Debriefings delayed pursuant to this paragraph could affect the timeliness of any protest filed subsequent to the debriefing. (3) If the offeror does not submit a timely request, the offeror need not be given either a preaward or a postaward debriefing. Offerors are entitled to no more than one debriefing for each proposal.","P_15_206_2_a_a: (a) Request timeframe ; P_15_206_2_a_b: Offerors may request a preaward debriefing by submitting a written request for debriefing to the contracting officer within 3 days after receipt of the notice of exclusion from the competition; P_15_206_2_a_c: At the offeror's request, this debriefing may be delayed until after award. If the debriefing is delayed until after award, it must include all information normally provided in a postaward debriefing. Debriefings delayed pursuant to this paragraph could affect the timeliness of any protest filed subsequent to the debriefing; P_15_206_2_a_d: If the offeror does not submit a timely request, the offeror need not be given either a preaward or a postaward debriefing. Offerors are entitled to no more than one debriefing for each proposal","(P_15_206_2_a_a ∨ P_15_206_2_a_b ∨ P_15_206_2_a_c ∨ P_15_206_2_a_d)","None","Addition (Add): Rule 8; De Morgan's Rule (DM): Rule 9","VALID","PASS","PASS","No contradictions detected. Disjunction represents valid alternatives. Mandatory requirement; enforceable.","HIGH"
"15.2 (Evaluation/Negotiation)","15.206-2_b","P_15_206_2_b","15.206-2(b) Method . Debriefings may be done by any method acceptable to the contracting officer.","P_15_206_2_b_a: (b) Method . Debriefings may be done by any method acceptable to the contracting officer.","P_15_206_2_b_a","None","Simplification (Simp): Rule 6","VALID","PASS","PASS","No contradictions detected. Permissive statement; optional action.","HIGH"
"15.2 (Evaluation/Negotiation)","15.206-2_c","P_15_206_2_c","15.206-2(c) Content . (1) At a minimum, preaward debriefings must include—","P_15_206_2_c_a: (c) Content . (1) At a minimum, preaward debriefings must include—","P_15_206_2_c_a","None","Simplification (Simp): Rule 6","VALID","PASS","PASS","No contradictions detected. Mandatory requirement; enforceable.","HIGH"
"15.2 (Evaluation/Negotiation)","15.206-2_i","P_15_206_2_i","15.206-2(i) The agency's evaluation of significant elements in the offeror's proposal; (ii) A summary of the rationale for eliminating the offeror from the competition; and (iii) Reasonable responses to relevant questions about whether source selection procedures contained in the RFP, applicable regulations, and other applicable authorities were followed by the agency. (2) A summary of the debriefing must be included in the contract file.","P_15_206_2_i_a: (i) The agency's evaluation of significant elements in the offeror's proposal; P_15_206_2_i_b: (ii) A summary of the rationale for eliminating the offeror from the competition; P_15_206_2_i_c: and (iii) Reasonable responses to relevant questions about whether source selection procedures contained in the RFP, applicable regulations, and other applicable authorities were followed by the agency. (2) A summary of the debriefing must be included in the contract file","(P_15_206_2_i_a ∧ P_15_206_2_i_b ∧ P_15_206_2_i_c)","None","Conjunction (Conj): Rule 7","VALID","PASS","PASS","No contradictions detected. Conjunction links co-required elements. Mandatory requirement; enforceable.","HIGH"
"15.2 (Evaluation/Negotiation)","15.206-2_d","P_15_206_2_d","15.206-2(d) Nondisclosure . Preaward debriefings must not disclose— (1) The number of offerors; (2) The identity of other offerors; (3) The content of other offerors proposals; (4) The ranking of other offerors; (5) The evaluation of other offerors; or (6) Any of the information prohibited in 15.301-1(d).","P_15_206_2_d_a: (d) Nondisclosure . Preaward debriefings must not disclose— (1) The number of offerors; P_15_206_2_d_b: (2) The identity of other offerors; P_15_206_2_d_c: (3) The content of other offerors proposals; P_15_206_2_d_d: (4) The ranking of other offerors; P_15_206_2_d_e: (5) The evaluation of other offerors; P_15_206_2_d_f: or (6) Any of the information prohibited in 15.301-1(d)","(P_15_206_2_d_a ∧ P_15_206_2_d_b ∧ P_15_206_2_d_c ∧ P_15_206_2_d_d ∧ P_15_206_2_d_e ∧ P_15_206_2_d_f)","P_15_301_1","Addition (Add): Rule 8; De Morgan's Rule (DM): Rule 9","VALID","PASS","PASS","No contradictions detected. Conjunction links co-required elements. Mandatory requirement; enforceable. Cross-references 1 other section(s).","HIGH"
"15.2 (Evaluation/Negotiation)","15.206-2_e","P_15_206_2_e","15.206-2(e) Delay until after award . Contracting officers must make every effort to debrief the unsuccessful offeror as soon as practicable, but may refuse the request for a debriefing if, for compelling reasons, it is not in the best interests of the Government to conduct a debriefing at that time. (1) The rationale for delaying the debriefing must be documented in the contract file. (2) If the contracting officer delays the debriefing, it must be provided no later than the time postaward debriefings are provided under 15.301-1. In that event, the contracting officer must include the information at 15.301-1(c) in the debriefing.","P_15_206_2_e_a: (e) Delay until after award . Contracting officers must make every effort to debrief the unsuccessful offeror as soon as practicable, but may refuse the request for a debriefing if, for compelling reasons, it is not in the best interests of the Government to conduct a debriefing at that time; P_15_206_2_e_b: The rationale for delaying the debriefing must be documented in the contract file; P_15_206_2_e_c: If the contracting officer delays the debriefing, it must be provided no later than the time postaward debriefings are provided under 15.301-1. In that event, the contracting officer must include the information at 15.301-1(c) in the debriefing","(P_15_206_2_e_a ∧ P_15_206_2_e_b ∧ P_15_206_2_e_c)","P_15_301_1","Conjunction (Conj): Rule 7; De Morgan's Rule (DM): Rule 9","VALID","PASS","PASS","No contradictions detected. Conjunction links co-required elements. Mandatory requirement; enforceable. Cross-references 1 other section(s).","HIGH"
"15.2 (Evaluation/Negotiation)","15.207","P_15_207","15.207 Award. 15.207-1 Award to successful offeror.","P_15_207_a: 15.207-1 Award to successful offeror.","P_15_207_a","P_15_207_1","Simplification (Simp): Rule 6","VALID","PASS","PASS","No contradictions detected. Regulatory statement properly represented. Cross-references 1 other section(s).","HIGH"
"15.2 (Evaluation/Negotiation)","15.207_a","P_15_207_a","15.207(a) General . Contracting officers must award a contract to the successful offeror by furnishing the executed contract or other notice of the award to that offeror.","P_15_207_a_a: (a) General . Contracting officers must award a contract to the successful offeror by furnishing the executed contract or other notice of the award to that offeror.","P_15_207_a_a","None","Simplification (Simp): Rule 6","VALID","PASS","PASS","No contradictions detected. Mandatory requirement; enforceable.","HIGH"
"15.2 (Evaluation/Negotiation)","15.207_b","P_15_207_b","15.207(b) Award document . (1) Contracting officers may use OF 307, Contract Award; SF 26 , Award/Contract ; or SF 33, Solicitation, Offer and Award , to award negotiated contracts in which the signature of both parties on a single document is appropriate. Do not use Block 18 of SF 26. (2) When not using the OF 307, SF26, or SF 33 to award the contract:","P_15_207_b_a: (b) Award document . (1) Contracting officers may use OF 307, Contract Award; P_15_207_b_b: SF 26 , Award/Contract; P_15_207_b_c: or SF 33, Solicitation, Offer and Award , to award negotiated contracts in which the signature of both parties on a single document is appropriate. Do not use Block 18 of SF 26. (2) When not using the OF 307, SF26, or SF 33 to award the contract:","(P_15_207_b_a ∧ P_15_207_b_b ∧ P_15_207_b_c)","None","Addition (Add): Rule 8; De Morgan's Rule (DM): Rule 9","VALID","PASS","PASS","No contradictions detected. Conjunction links co-required elements. Permissive statement; optional action.","HIGH"
"15.2 (Evaluation/Negotiation)","15.207_i","P_15_207_i","15.207(i) The first page of the award document must include— (A) The Government's acceptance statement from Block 15 of the OF 307, exclusive of the Item 3 reference language; and (B) The contracting officer's name, signature, and date. (ii) If the award document includes information that is different than the signed proposal, as amended by the offeror's written correspondence, the first page of the award document must include— (A) The contractor's agreement statement from Block 14 of the OF 307; and (B) The signature of the contractor's authorized representative.","P_15_207_i_a: (i) The first page of the award document must include— (A) The Government's acceptance statement from Block 15 of the OF 307, exclusive of the Item 3 reference language; P_15_207_i_b: and (B) The contracting officer's name, signature, and date. (ii) If the award document includes information that is different than the signed proposal, as amended by the offeror's written correspondence, the first page of the award document must include— (A) The contractor's agreement statement from Block 14 of the OF 307; P_15_207_i_c: and (B) The signature of the contractor's authorized representative","(P_15_207_i_a ∧ P_15_207_i_b ∧ P_15_207_i_c)","None","Conjunction (Conj): Rule 7","VALID","PASS","PASS","No contradictions detected. Conjunction links co-required elements. Mandatory requirement; enforceable.","HIGH"
"15.2 (Evaluation/Negotiation)","15.207-2_a","P_15_207_2_a","15.207-2(a) Definition . Day , as used in this subsection, has the meaning set forth at part 33.","P_15_207_2_a_a: (a) Definition . Day , as used in this subsection, has the meaning set forth at part 33.","P_15_207_2_a_a","None","Simplification (Simp): Rule 6","VALID","PASS","PASS","No contradictions detected. Regulatory statement properly represented.","HIGH"
"15.2 (Evaluation/Negotiation)","15.207-2_b","P_15_207_2_b","15.207-2(b) Requirement. Within 3 days after the date of contract award, contracting officers must provide written notification to each offeror whose proposal was in the competitive range but was not selected for award (10 U.S.C. 3304 and 41 U.S.C. 3704) or had not previously received a notice in accordance with 15.206-1(a). The notice must include— (1) The number of offerors solicited; (2) The number of proposals received; (3) The name and address of each offeror receiving an award; (4) The items, quantities, and any stated unit prices of each award.","P_15_207_2_b_a: (b) Requirement. Within 3 days after the date of contract award, contracting officers must provide written notification to each offeror whose proposal was in the competitive range but was not selected for award (10 U.S.C. 3304 and 41 U.S.C. 3704) or had not previously received a notice in accordance with 15.206-1(a). The notice must include— (1) The number of offerors solicited; P_15_207_2_b_b: (2) The number of proposals received; P_15_207_2_b_c: (3) The name and address of each offeror receiving an award; P_15_207_2_b_d: (4) The items, quantities, and any stated unit prices of each award","(P_15_207_2_b_a ∧ P_15_207_2_b_b ∧ P_15_207_2_b_c ∧ P_15_207_2_b_d)","P_15_206_1","Addition (Add): Rule 8; De Morgan's Rule (DM): Rule 9","VALID","PASS","PASS","No contradictions detected. Conjunction links co-required elements. Mandatory requirement; enforceable. Cross-references 1 other section(s).","HIGH"
"15.2 (Evaluation/Negotiation)","15.207-2_i","P_15_207_2_i","15.207-2(i) If the number of items or other factors makes listing any stated unit prices impracticable at that time, only the total contract price need be furnished in the notice. (ii) The items, quantities, and any stated unit prices of each award must be made publicly available, upon request; and (5) In general terms, the reason(s) the offeror's proposal was not accepted, unless the price information in paragraph (b)(4) of this section readily reveals the reason. An offeror's cost breakdown, profit, overhead rates, trade secrets, manufacturing processes and techniques, or other confidential business information must not be disclosed to any other offeror.","P_15_207_2_i_a: (i) If the number of items or other factors makes listing any stated unit prices impracticable at that time, only the total contract price need be furnished in the notice. (ii) The items, quantities, and any stated unit prices of each award must be made publicly available, upon request; and (5) In general terms, the reason(s) the offeror's proposal was not accepted; P_15_207_2_i_b: Exception: the price information in paragraph (b)(4) of this section readily reveals the reason. An offeror's cost breakdown, profit, overhead rates, trade secrets, manufacturing processes and techniques, or other confidential business information must not be disclosed to any other offeror","(P_15_207_2_i_a ⊃ P_15_207_2_i_b)","None","Disjunctive Syllogism (DS): Rule 4; Modus Ponens (MP): Rule 1; Addition (Add): Rule 8; De Morgan's Rule (DM): Rule 9","VALID","PASS","PASS","No contradictions detected. Disjunction represents valid alternatives. Mandatory requirement; enforceable. Conditional structure identified and represented as implication.","HIGH"
"15.2 (Evaluation/Negotiation)","15.207-2_c","P_15_207_2_c","15.207-2(c) Requests for information . Upon request, contracting officers must provide the information in paragraph (b) of this section to unsuccessful offerors that received a preaward notice of exclusion from the competitive range.","P_15_207_2_c_a: (c) Requests for information . Upon request, contracting officers must provide the information in paragraph (b) of this section to unsuccessful offerors that received a preaward notice of exclusion from the competitive range.","P_15_207_2_c_a","None","Simplification (Simp): Rule 6","VALID","PASS","PASS","No contradictions detected. Mandatory requirement; enforceable.","HIGH"
"15.3 (Postaward)","15.300","P_15_300","15.300 Scope. This subpart addresses postaward actions and considerations for negotiated contracts. The procedures for postaward debriefings, protests, and mistakes do not apply to contracts awarded using the other competitive procedures described in subpart 6.1 for architect-engineer contracts and basic and applied research. The procedures for postaward debriefings, protests, and mistakes, with reasonable modification, should be followed for contracts awarded using those other competitive procedures.","P_15_300_a: This subpart addresses postaward actions and considerations for negotiated contracts. The procedures for postaward debriefings, protests, and mistakes do not apply to contracts awarded using the other competitive procedures described in subpart 6.1 for architect-engineer contracts and basic and applied research. The procedures for postaward debriefings, protests, and mistakes, with reasonable modification, should be followed for contracts awarded using those other competitive procedures.","P_15_300_a","None","De Morgan's Rule (DM): Rule 9","VALID","PASS","PASS","No contradictions detected. Advisory guidance; recommended but not mandatory. Long single proposition; further decomposition may improve precision.","MEDIUM"
"15.3 (Postaward)","15.301","P_15_301","15.301 Postaward debriefing of offerors. Definition — Day , as used in this section, has the meaning set forth at part 33. 15.301-1 Debriefing process. The awardee and offerors that received the award notice at 15.207-2 may request a postaward debriefing after receiving a notice of contract award. Contracting officers must chair any debriefing held and individuals who conducted evaluations must provide support.","P_15_301_a: Definition — Day , as used in this section, has the meaning set forth at part 33. 15.301-1 Debriefing process. The awardee and offerors that received the award notice at 15.207-2 may request a postaward debriefing after receiving a notice of contract award. Contracting officers must chair any debriefing held and individuals who conducted evaluations must provide support.","P_15_301_a","P_15_207_2, P_15_301_1","Simplification (Simp): Rule 6","VALID","PASS","PASS","No contradictions detected. Mandatory requirement; enforceable. Cross-references 2 other section(s).","HIGH"
"15.3 (Postaward)","15.301_a","P_15_301_a","15.301(a) Request timeframe . (1) Offerors may request a postaward debriefing by submitting a written request for the debriefing to the contracting officer within 3 days after receipt of the award notice in accordance with 15.207-2. Such offerors must be debriefed and furnished the basis for the selection decision and contract award. (2) To the maximum extent practicable, the debriefing should occur within 5 days after receipt of the written request. Offerors that requested a postaward debriefing in lieu of a preaward debriefing, or whose debriefing was delayed for compelling reasons beyond contract award, also should be debriefed within this time period. (3) Untimely debriefing requests may be accommodated. (4) An offeror that was notified of its exclusion from the competitive range is not entitled to a postaward debriefing if the offeror failed to submit a timely preaward debriefing request, however such a request may be accommodated. (5) The deadlines for filing protests are not extended when the Government accommodates an untimely debriefing request or an offeror’s request to delay a preaward debriefing until after award. Preaward debriefings delayed pursuant to 15.206-2(a)(2) could affect the timeliness of any protest filed subsequent to the debriefing.","P_15_301_a_a: (a) Request timeframe ; P_15_301_a_b: Offerors may request a postaward debriefing by submitting a written request for the debriefing to the contracting officer within 3 days after receipt of the award notice in accordance with 15.207-2. Such offerors must be debriefed and furnished the basis for the selection decision and contract award; P_15_301_a_c: To the maximum extent practicable, the debriefing should occur within 5 days after receipt of the written request. Offerors that requested a postaward debriefing in lieu of a preaward debriefing, or whose debriefing was delayed for compelling reasons beyond contract award, also should be debriefed within this time period; P_15_301_a_d: Untimely debriefing requests may be accommodated; P_15_301_a_e: An offeror that was notified of its exclusion from the competitive range is not entitled to a postaward debriefing if the offeror failed to submit a timely preaward debriefing request, however such a request may be accommodated; P_15_301_a_f: The deadlines for filing protests are not extended when the Government accommodates an untimely debriefing request or an offeror’s request to delay a preaward debriefing until after award. Preaward debriefings delayed pursuant to 15.206-2(a); P_15_301_a_g: could affect the timeliness of any protest filed subsequent to the debriefing","(P_15_301_a_a ∧ P_15_301_a_b ∧ P_15_301_a_c ∧ P_15_301_a_d ∧ P_15_301_a_e ∧ P_15_301_a_f ∧ P_15_301_a_g)","P_15_206_2, P_15_207_2","Addition (Add): Rule 8; De Morgan's Rule (DM): Rule 9","VALID","PASS","PASS","No contradictions detected. Conjunction links co-required elements. Mandatory requirement; enforceable. Cross-references 2 other section(s).","HIGH"
"15.3 (Postaward)","15.301_b","P_15_301_b","15.301(b) Method . Debriefings may be done by any method acceptable to the contracting officer.","P_15_301_b_a: (b) Method . Debriefings may be done by any method acceptable to the contracting officer.","P_15_301_b_a","None","Simplification (Simp): Rule 6","VALID","PASS","PASS","No contradictions detected. Permissive statement; optional action.","HIGH"
"15.3 (Postaward)","15.301_c","P_15_301_c","15.301(c) Content . (1) At a minimum, the debriefing information must include—","P_15_301_c_a: (c) Content . (1) At a minimum, the debriefing information must include—","P_15_301_c_a","None","Simplification (Simp): Rule 6","VALID","PASS","PASS","No contradictions detected. Mandatory requirement; enforceable.","HIGH"
"15.3 (Postaward)","15.301_i","P_15_301_i","15.301(i) The Government's evaluation of the significant weaknesses or deficiencies in the offeror's proposal, if applicable; (ii) The overall evaluated cost or price and technical rating of the successful offeror and the debriefed offeror, and past performance information on the debriefed offeror; (iii) The overall ranking of all offerors, when any ranking was developed by the agency during the source selection; (iv) A summary of the rationale for award;","P_15_301_i_a: (i) The Government's evaluation of the significant weaknesses or deficiencies in the offeror's proposal, if applicable; P_15_301_i_b: (ii) The overall evaluated cost or price and technical rating of the successful offeror and the debriefed offeror, and past performance information on the debriefed offeror; P_15_301_i_c: (iii) The overall ranking of all offerors, when any ranking was developed by the agency during the source selection; P_15_301_i_d: (iv) A summary of the rationale for award","(P_15_301_i_a ∧ P_15_301_i_b ∧ P_15_301_i_c ∧ P_15_301_i_d)","None","Addition (Add): Rule 8","VALID","PASS","PASS","No contradictions detected. Conjunction links co-required elements. Regulatory statement properly represented.","HIGH"
"15.3 (Postaward)","15.301_v","P_15_301_v","15.301(v) For acquisitions of commercial products, the make and model of the product to be delivered by the successful offeror; (vi) Reasonable responses to relevant questions about whether source selection procedures contained in the request for proposals (RFP), applicable regulations, and other applicable authorities were followed by the agency; (vii) For DoD contracts in excess of $10 million but not in excess of $100 million with a small business or nontraditional defense contractor (10 U.S.C. 3014), an option for the contractor to request disclosure of the agency's written source selection decision document, redacted to protect the confidential and proprietary information of other offerors for the contract award. (viii) For award of a DoD contract in excess of $100 million, disclosure of the agency's written source selection decision document, redacted to protect the information of other offerors for the contract award, in accordance with paragraph (d) of this subsection. (2) An official summary of the debriefing must be included in the contract file.","P_15_301_v_a: (v) For acquisitions of commercial products, the make and model of the product to be delivered by the successful offeror; P_15_301_v_b: (vi) Reasonable responses to relevant questions about whether source selection procedures contained in the request for proposals (RFP), applicable regulations, and other applicable authorities were followed by the agency; P_15_301_v_c: (vii) For DoD contracts in excess of $10 million but not in excess of $100 million with a small business or nontraditional defense contractor (10 U.S.C. 3014), an option for the contractor to request disclosure of the agency's written source selection decision document, redacted to protect the confidential and proprietary information of other offerors for the contract award. (viii) For award of a DoD contract in excess of $100 million, disclosure of the agency's written source selection decision document, redacted to protect the information of other offerors for the contract award, in accordance with paragraph (d) of this subsection. (2) An official summary of the debriefing must be included in the contract file","(P_15_301_v_a ∧ P_15_301_v_b ∧ P_15_301_v_c)","None","Addition (Add): Rule 8; De Morgan's Rule (DM): Rule 9","VALID","PASS","PASS","No contradictions detected. Conjunction links co-required elements. Mandatory requirement; enforceable.","HIGH"
"15.3 (Postaward)","15.301_d","P_15_301_d","15.301(d) Nondisclosure . The debriefing must not include point-by-point comparisons of the debriefed offeror's proposal with those of other offerors. Moreover, the debriefing must not reveal any information prohibited from disclosure by part 24 or exempt from release under the Freedom of Information Act (5 U.S.C. 552) including— (1) Trade secrets; (2) Privileged or confidential manufacturing processes and techniques; (3) Commercial and financial information that is privileged or confidential, including cost breakdowns, profit, indirect cost rates, and similar information; and (4) The names of individuals providing reference information about an offeror's past performance.","P_15_301_d_a: (d) Nondisclosure . The debriefing must not include point-by-point comparisons of the debriefed offeror's proposal with those of other offerors. Moreover, the debriefing must not reveal any information prohibited from disclosure by part 24 or exempt from release under the Freedom of Information Act (5 U.S.C. 552) including— (1) Trade secrets; P_15_301_d_b: (2) Privileged or confidential manufacturing processes and techniques; P_15_301_d_c: (3) Commercial and financial information that is privileged or confidential, including cost breakdowns, profit, indirect cost rates, and similar information; P_15_301_d_d: and (4) The names of individuals providing reference information about an offeror's past performance","(P_15_301_d_a ∧ P_15_301_d_b ∧ P_15_301_d_c ∧ P_15_301_d_d)","None","Addition (Add): Rule 8; De Morgan's Rule (DM): Rule 9","VALID","PASS","PASS","No contradictions detected. Conjunction links co-required elements. Mandatory requirement; enforceable.","HIGH"
"15.3 (Postaward)","15.301-2","P_15_301_2","15.301-2 Opportunity for follow-up questions. If time permits, contracting officers may provide successful and unsuccessful offerors an opportunity to submit follow up questions after the postaward debriefing.","P_15_301_2_a: Condition: time permits; P_15_301_2_b: Requirement: contracting officers may provide successful and unsuccessful offerors an opportunity to submit follow up questions after the postaward debriefing","(P_15_301_2_a ⊃ P_15_301_2_b)","None","Modus Ponens (MP): Rule 1","VALID","PASS","PASS","No contradictions detected. Implication properly ordered. Permissive statement; optional action.","HIGH"
"15.3 (Postaward)","15.302_a","P_15_302_a","15.302(a) Protests against award in negotiated acquisitions must be handled in accordance with part 33. Use of agency protest procedures that incorporate the alternative dispute resolution provisions of Executive Order 12979 is encouraged for both preaward and postaward protests.","P_15_302_a_a: (a) Protests against award in negotiated acquisitions must be handled in accordance with part 33. Use of agency protest procedures that incorporate the alternative dispute resolution provisions of Executive Order 12979 is encouraged for both preaward and postaward protests.","P_15_302_a_a","None","Simplification (Simp): Rule 6","VALID","PASS","PASS","No contradictions detected. Mandatory requirement; enforceable.","HIGH"
"15.3 (Postaward)","15.302_b","P_15_302_b","15.302(b) If a protest causes the agency, within 1 year of contract award, to— (1) Issue a new RFP on the protested contract award, contracting officers must provide the information in paragraph (c) of this section to all prospective offerors for the new RFP; or (2) Issue a new request for revised proposals on the protested contract award, the contracting officer must provide the information in paragraph (c) of this section to offerors that were in the competitive range and are requested to submit revised proposals.","P_15_302_b_a: (b) If a protest causes the agency, within 1 year of contract award, to— (1) Issue a new RFP on the protested contract award, contracting officers must provide the information in paragraph (c) of this section to all prospective offerors for the new RFP; P_15_302_b_b: or (2) Issue a new request for revised proposals on the protested contract award, the contracting officer must provide the information in paragraph (c) of this section to offerors that were in the competitive range and are requested to submit revised proposals","(P_15_302_b_a ⊃ P_15_302_b_b)","None","Modus Ponens (MP): Rule 1; Addition (Add): Rule 8","VALID","PASS","PASS","No contradictions detected. Conjunction links co-required elements. Mandatory requirement; enforceable. Conditional structure identified and represented as implication.","HIGH"
"15.3 (Postaward)","15.302_c","P_15_302_c","15.302(c) The following information will be provided to appropriate parties: (1) Information provided to unsuccessful offerors in any debriefings conducted on the original award regarding the successful offeror's proposal; and (2) Other nonproprietary information that would have been provided to the original offerors.","P_15_302_c_a: (c) The following information will be provided to appropriate parties: (1) Information provided to unsuccessful offerors in any debriefings conducted on the original award regarding the successful offeror's proposal; P_15_302_c_b: and (2) Other nonproprietary information that would have been provided to the original offerors","(P_15_302_c_a ∧ P_15_302_c_b)","None","Conjunction (Conj): Rule 7","VALID","PASS","PASS","No contradictions detected. Conjunction links co-required elements. Regulatory statement properly represented.","HIGH"
"15.3 (Postaward)","15.303","P_15_303","15.303 Discovery of mistakes. Mistakes in a contractor's proposal that are disclosed after award must be processed substantially in accordance with the procedures for mistakes in bids in part 14.","P_15_303_a: Mistakes in a contractor's proposal that are disclosed after award must be processed substantially in accordance with the procedures for mistakes in bids in part 14.","P_15_303_a","None","Simplification (Simp): Rule 6","VALID","PASS","PASS","No contradictions detected. Mandatory requirement; enforceable.","HIGH"
"15.3 (Postaward)","15.304","P_15_304","15.304 Defective certified cost or pricing data after award. (a)(1) If, after award, certified cost or pricing data are found to be inaccurate, incomplete, or noncurrent as of the date of final agreement on price or an earlier date agreed upon by the parties given on the contractor's or subcontractor's Certificate of Current Cost or Pricing Data, the Government is entitled to a price adjustment, including profit or fee, of any significant amount by which the price was increased because of the defective data.","P_15_304_a: (a)(1) If, after award, certified cost or pricing data are found to be inaccurate, incomplete, or noncurrent as of the date of final agreement on price or an earlier date agreed upon by the parties given on the contractor's or subcontractor's Certificate of Current Cost or Pricing Data, the Government is entitled to a price adjustment, including profit or fee, of any significant amount by which the price was increased because of the defective data.","P_15_304_a","None","Simplification (Simp): Rule 6","VALID","PASS","PASS","No contradictions detected. Regulatory statement properly represented. Long single proposition; further decomposition may improve precision.","MEDIUM"
"15.3 (Postaward)","15.304_i","P_15_304_i","15.304(i) This entitlement is ensured by including in the contract one of the clauses prescribed in 15.110(j) and (k), and is set forth in the clauses at 52.215-10, Price Reduction for Defective Certified Cost or Pricing Data , and 52.215-11, Price Reduction for Defective Certified Cost or Pricing Data—Modifications . (ii) The clauses give the Government the right to a price adjustment for defects in certified cost or pricing data submitted by the contractor, a prospective subcontractor, or an actual subcontractor. (2) In arriving at a price adjustment, contracting officers must consider the time by which the certified cost or pricing data became reasonably available to the contractor, and the extent to which the Government relied upon the defective data. (3) The clauses referred to in paragraph (a)(1)(i) of this subsection recognize that the Government's right to a price adjustment is not affected by any of the following circumstances:","P_15_304_i_a: (i) This entitlement is ensured by including in the contract one of the clauses prescribed in 15.110(j) and (k), and is set forth in the clauses at 52.215-10, Price Reduction for Defective Certified Cost or Pricing Data , and 52.215-11, Price Reduction for Defective Certified Cost or Pricing Data—Modifications . (ii) The clauses give the Government the right to a price adjustment for defects in certified cost or pricing data submitted by the contractor, a prospective subcontractor, or an actual subcontractor; P_15_304_i_b: In arriving at a price adjustment, contracting officers must consider the time by which the certified cost or pricing data became reasonably available to the contractor, and the extent to which the Government relied upon the defective data; P_15_304_i_c: The clauses referred to in paragraph (a); P_15_304_i_d: (i) of this subsection recognize that the Government's right to a price adjustment is not affected by any of the following circumstances:","(P_15_304_i_a ∧ P_15_304_i_b ∧ P_15_304_i_c ∧ P_15_304_i_d)","P_15_110","Addition (Add): Rule 8; De Morgan's Rule (DM): Rule 9","VALID","PASS","PASS","No contradictions detected. Conjunction links co-required elements. Mandatory requirement; enforceable. Cross-references 1 other section(s).","HIGH"
"15.3 (Postaward)","15.304_i2","P_15_304_i2","15.304(i) The contractor or subcontractor was a sole source supplier or otherwise was in a superior bargaining position; (ii) The contracting officer should have known that the certified cost or pricing data in issue were defective even though the contractor or subcontractor took no affirmative action to bring the character of the data to the attention of the contracting officer; (iii) The contract was based on an agreement about the total cost of the contract and there was no agreement about the cost of each item procured under such contract; or (iv) Certified cost or pricing data were required; however, the contractor or subcontractor did not submit a Certificate of Current Cost or Pricing Data relating to the contract. (4) Subject to paragraphs (a)(5) and (6) of this subsection, contracting officers must allow an offset for any understated certified cost or pricing data submitted in support of price negotiations, up to the amount of the Government's claim for overstated pricing data arising out of the same pricing action (e.g., the initial pricing of the same contract or the pricing of the same change order). (5) An offset must be allowed only in an amount supported by the facts and if the contractor—","P_15_304_i2_a: (i) The contractor or subcontractor was a sole source supplier or otherwise was in a superior bargaining position; P_15_304_i2_b: (ii) The contracting officer should have known that the certified cost or pricing data in issue were defective even though the contractor or subcontractor took no affirmative action to bring the character of the data to the attention of the contracting officer; P_15_304_i2_c: (iii) The contract was based on an agreement about the total cost of the contract and there was no agreement about the cost of each item procured under such contract; P_15_304_i2_d: or (iv) Certified cost or pricing data were required; P_15_304_i2_e: however, the contractor or subcontractor did not submit a Certificate of Current Cost or Pricing Data relating to the contract. (4) Subject to paragraphs (a)(5) and (6) of this subsection, contracting officers must allow an offset for any understated certified cost or pricing data submitted in support of price negotiations, up to the amount of the Government's claim for overstated pricing data arising out of the same pricing action (e.g., the initial pricing of the same contract or the pricing of the same change order). (5) An offset must be allowed only in an amount supported by the facts and if the contractor—","(P_15_304_i2_a ∧ P_15_304_i2_b ∧ P_15_304_i2_c ∧ P_15_304_i2_d ∧ P_15_304_i2_e)","None","Addition (Add): Rule 8; De Morgan's Rule (DM): Rule 9","VALID","PASS","PASS","No contradictions detected. Conjunction links co-required elements. Mandatory requirement; enforceable.","HIGH"
"15.3 (Postaward)","15.304_i3","P_15_304_i3","15.304(i) Certifies to the contracting officer that, to the best of the contractor's knowledge and belief, the contractor is entitled to the offset in the amount requested; and (ii) Proves that the certified cost or pricing data were available before the “as of” date specified on the Certificate of Current Cost or Pricing Data but were not submitted. Such offsets need not be in the same cost groupings (e.g., material, direct labor, or indirect costs). (6) An offset must not be allowed if—","P_15_304_i3_a: (i) Certifies to the contracting officer that, to the best of the contractor's knowledge and belief, the contractor is entitled to the offset in the amount requested; P_15_304_i3_b: and (ii) Proves that the certified cost or pricing data were available before the “as of” date specified on the Certificate of Current Cost or Pricing Data but were not submitted. Such offsets need not be in the same cost groupings (e.g., material, direct labor, or indirect costs). (6) An offset must not be allowed if—","(P_15_304_i3_a ∧ P_15_304_i3_b)","None","Addition (Add): Rule 8; De Morgan's Rule (DM): Rule 9","VALID","PASS","PASS","No contradictions detected. Conjunction links co-required elements. Mandatory requirement; enforceable.","HIGH"
"15.3 (Postaward)","15.304_i4","P_15_304_i4","15.304(i) The understated data were known by the contractor to be understated before the “as of” date specified on the Certificate of Current Cost or Pricing Data; or (ii) The Government proves that the facts demonstrate that the price would not have increased in the amount to be offset even if the available data had been submitted before the “as of” date specified on the Certificate of Current Cost or Pricing Data. (7)(i) In addition to the price adjustment, the Government is entitled to recovery of any overpayment plus interest on the overpayments. The Government is also entitled to penalty amounts on certain of these overpayments. Overpayment occurs only when payment is made for supplies or services accepted by the Government. Overpayments do not result from amounts paid for contract financing, as defined in part 32. (ii) In calculating the interest amount due, contracting officers must— (A) Determine the defective pricing amounts that have been overpaid to the contractor; (B) Consider the date of each overpayment (the date of overpayment for this interest calculation must be the date payment was made for the related completed and accepted contract items; or for subcontract defective pricing, the date payment was made to the prime contractor, based on prime contract progress billings or deliveries, which included payments for a completed and accepted subcontract item); and (C) Apply the underpayment interest rate(s) in effect for each quarter from the time of overpayment to the time of repayment, utilizing rate(s) prescribed by the Secretary of the Treasury under 26 U.S.C. 6621(a)(2). (iii) In arriving at the amount due for penalties on contracts where the submission of defective certified cost or pricing data was a knowing submission, contracting officers must obtain an amount equal to the amount of overpayment made. Before taking any contractual actions concerning penalties, the contracting officer must obtain the advice of counsel. (iv) In the demand letter, contracting officers must separately include— (A) The repayment amount; (B) The penalty amount (if any); (C) The interest amount through a specified date; and (D) A statement that interest will continue to accrue until repayment is made.","P_15_304_i4_a: (i) The understated data were known by the contractor to be understated before the “as of” date specified on the Certificate of Current Cost or Pricing Data; P_15_304_i4_b: or (ii) The Government proves that the facts demonstrate that the price would not have increased in the amount to be offset even if the available data had been submitted before the “as of” date specified on the Certificate of Current Cost or Pricing Data. (7)(i) In addition to the price adjustment, the Government is entitled to recovery of any overpayment plus interest on the overpayments. The Government is also entitled to penalty amounts on certain of these overpayments. Overpayment occurs only when payment is made for supplies or services accepted by the Government. Overpayments do not result from amounts paid for contract financing, as defined in part 32. (ii) In calculating the interest amount due, contracting officers must— (A) Determine the defective pricing amounts that have been overpaid to the contractor; P_15_304_i4_c: (B) Consider the date of each overpayment (the date of overpayment for this interest calculation must be the date payment was made for the related completed and accepted contract items; P_15_304_i4_d: or for subcontract defective pricing, the date payment was made to the prime contractor, based on prime contract progress billings or deliveries, which included payments for a completed and accepted subcontract item); P_15_304_i4_e: and (C) Apply the underpayment interest rate(s) in effect for each quarter from the time of overpayment to the time of repayment, utilizing rate(s) prescribed by the Secretary of the Treasury under 26 U.S.C. 6621(a)(2). (iii) In arriving at the amount due for penalties on contracts where the submission of defective certified cost or pricing data was a knowing submission, contracting officers must obtain an amount equal to the amount of overpayment made. Before taking any contractual actions concerning penalties, the contracting officer must obtain the advice of counsel. (iv) In the demand letter, contracting officers must separately include— (A) The repayment amount; P_15_304_i4_f: (B) The penalty amount (if any); P_15_304_i4_g: (C) The interest amount through a specified date; P_15_304_i4_h: and (D) A statement that interest will continue to accrue until repayment is made","(P_15_304_i4_a ∧ P_15_304_i4_b ∧ P_15_304_i4_c ∧ P_15_304_i4_d ∧ P_15_304_i4_e ∧ P_15_304_i4_f ∧ P_15_304_i4_g ∧ P_15_304_i4_h)","None","Addition (Add): Rule 8; De Morgan's Rule (DM): Rule 9","VALID","PASS","PASS","No contradictions detected. Conjunction links co-required elements. Mandatory requirement; enforceable.","HIGH"
"15.3 (Postaward)","15.304_b","P_15_304_b","15.304(b) If, after award, the contracting officer learns or suspects that the data furnished were not accurate, complete, and current, or were not adequately verified by the contractor as of the time of negotiation, the contracting officer must request an audit to evaluate the accuracy, completeness, and currency of the data. The Government may evaluate the profit-cost relationships only if the audit reveals that the data certified by the contractor were defective. Contracting officers must not reprice the contract solely because the profit was greater than forecast or because a contingency specified in the submission failed to materialize.","P_15_304_b_a: (b) If, after award, the contracting officer learns or suspects that the data furnished were not accurate, complete, and current, or were not adequately verified by the contractor as of the time of negotiation, the contracting officer must request an audit to evaluate the accuracy, completeness, and currency of the data. The Government may evaluate the profit-cost relationships only if the audit reveals that the data certified by the contractor were defective. Contracting officers must not repri","P_15_304_b_a","None","De Morgan's Rule (DM): Rule 9","VALID","PASS","PASS","No contradictions detected. Mandatory requirement; enforceable. Long single proposition; further decomposition may improve precision.","MEDIUM"
"15.3 (Postaward)","15.304_c","P_15_304_c","15.304(c) For each advisory audit received based on a postaward review that indicates defective pricing, contracting officers must make a determination as to whether or not the data submitted were defective and relied upon. Before making such a determination, contracting officers should give the contractor an opportunity to support the accuracy, completeness, and currency of the data in question. Contracting officers must prepare a memorandum documenting both the determination and any corrective action taken as a result. Contracting officers must send one copy of this memorandum to the auditor and, if the contract has been assigned for administration, one copy to the administrative contracting officer (ACO). A copy of the memorandum or other notice of the contracting officer's determination must be provided to the contractor. When the contracting officer determines that the contractor submitted defective cost or pricing data, the contracting officer, in accordance with agency procedures, must ensure that information relating to the contracting officer's final determination is reported as part of the contractor’s performance information in accordance with part 42. Agencies must ensure updated information that changes a contracting officer's prior final determination is reported into the FAPIIS module of Contractor Performance Assessment Reporting System (CPARS) in the event of a— (1) Contracting officer's decision in accordance with the Contract Disputes statute; (2) Board of Contract Appeals decision; or (3) Court decision.","P_15_304_c_a: (c) For each advisory audit received based on a postaward review that indicates defective pricing, contracting officers must make a determination as to whether or not the data submitted were defective and relied upon. Before making such a determination, contracting officers should give the contractor an opportunity to support the accuracy, completeness, and currency of the data in question. Contracting officers must prepare a memorandum documenting both the determination and any corrective action taken as a result. Contracting officers must send one copy of this memorandum to the auditor and, if the contract has been assigned for administration, one copy to the administrative contracting officer (ACO). A copy of the memorandum or other notice of the contracting officer's determination must be provided to the contractor. When the contracting officer determines that the contractor submitted defective cost or pricing data, the contracting officer, in accordance with agency procedures, must ensure that information relating to the contracting officer's final determination is reported as part of the contractor’s performance information in accordance with part 42. Agencies must ensure updated information that changes a contracting officer's prior final determination is reported into the FAPIIS module of Contractor Performance Assessment Reporting System (CPARS) in the event of a— (1) Contracting officer's decision in accordance with the Contract Disputes statute; P_15_304_c_b: (2) Board of Contract Appeals decision; P_15_304_c_c: or (3) Court decision","(P_15_304_c_a ⊃ (P_15_304_c_b ∧ P_15_304_c_c))","None","Modus Ponens (MP): Rule 1; Addition (Add): Rule 8; De Morgan's Rule (DM): Rule 9","VALID","PASS","PASS","No contradictions detected. Conjunction links co-required elements. Mandatory requirement; enforceable. Conditional structure identified and represented as implication.","HIGH"
"15.3 (Postaward)","15.304_d","P_15_304_d","15.304(d) If both the contractor and subcontractor submitted, and the contractor certified, or should have certified, cost or pricing data, the Government has the right, under the clauses at 52.215-10, Price Reduction for Defective Certified Cost or Pricing Data , and 52.215-11, Price Reduction for Defective Certified Cost or Pricing Data—Modifications , to reduce the prime contract price if it was significantly increased because a subcontractor submitted defective data. This right applies whether these data supported subcontract cost estimates or supported firm agreements between subcontractor and contractor.","P_15_304_d_a: (d) If both the contractor and subcontractor submitted, and the contractor certified, or should have certified, cost or pricing data, the Government has the right, under the clauses at 52.215-10, Price Reduction for Defective Certified Cost or Pricing Data , and 52.215-11, Price Reduction for Defective Certified Cost or Pricing Data—Modifications , to reduce the prime contract price if it was significantly increased because a subcontractor submitted defective data. This right applies whether the","P_15_304_d_a","None","Simplification (Simp): Rule 6","VALID","PASS","PASS","No contradictions detected. Advisory guidance; recommended but not mandatory. Long single proposition; further decomposition may improve precision.","MEDIUM"
"15.3 (Postaward)","15.304_e","P_15_304_e","15.304(e) If Government audit discloses defective subcontractor certified cost or pricing data, the information necessary to support a reduction in prime contract and subcontract prices may be available only from the Government. To the extent necessary to secure a prime contract price reduction, contracting officers should make this information available to the prime contractor or appropriate subcontractors, upon request. If release of the information would compromise Government security or disclose trade secrets or confidential business information, the contracting officers must release it only under conditions that will protect it from improper disclosure. Information made available under this paragraph must be limited to that used as the basis for the prime contract price reduction. In order to afford an opportunity for corrective action, contracting officers should give the prime contractor reasonable advance notice before determining to reduce the prime contract price. (1) When a prime contractor includes defective subcontract data in arriving at the price but later awards the subcontract to a lower priced subcontractor (or does not subcontract for the work), any adjustment in the prime contract price due to defective subcontract data is limited to the difference (plus applicable indirect cost and profit markups) between the subcontract price used for pricing the prime contract, and either the actual subcontract price or the actual cost to the contractor, if not subcontracted, provided the data on which the actual subcontract price is based are not themselves defective. (2) Under cost-reimbursement contracts and under all fixed-price contracts except firm-fixed-price contracts and fixed-price contracts with economic price adjustment, payments to subcontractors that are higher than they would be had there been no defective subcontractor certified cost or pricing data must be the basis for disallowance or nonrecognition of costs under the clauses prescribed in 15.110(j) and (k). The Government has a continuing and direct financial interest in such payments that is unaffected by the initial agreement on prime contract price.","P_15_304_e_a: (e) If Government audit discloses defective subcontractor certified cost or pricing data, the information necessary to support a reduction in prime contract and subcontract prices may be available only from the Government. To the extent necessary to secure a prime contract price reduction, contracting officers should make this information available to the prime contractor or appropriate subcontractors, upon request. If release of the information would compromise Government security or disclose trade secrets or confidential business information, the contracting officers must release it only under conditions that will protect it from improper disclosure. Information made available under this paragraph must be limited to that used as the basis for the prime contract price reduction. In order to afford an opportunity for corrective action, contracting officers should give the prime contractor reasonable advance notice before determining to reduce the prime contract price; P_15_304_e_b: When a prime contractor includes defective subcontract data in arriving at the price but later awards the subcontract to a lower priced subcontractor (or does not subcontract for the work), any adjustment in the prime contract price due to defective subcontract data is limited to the difference (plus applicable indirect cost and profit markups) between the subcontract price used for pricing the prime contract, and either the actual subcontract price or the actual cost to the contractor, if not subcontracted, provided the data on which the actual subcontract price is based are not themselves defective; P_15_304_e_c: Under cost-reimbursement contracts and under all fixed-price contracts except firm-fixed-price contracts and fixed-price contracts with economic price adjustment, payments to subcontractors that are higher than they would be had there been no defective subcontractor certified cost or pricing data must be the basis for disallowance or nonrecognition of costs under the clauses prescribed in 15.110(j) and (k). The Government has a continuing and direct financial interest in such payments that is unaffected by the initial agreement on prime contract price","(P_15_304_e_a ∧ P_15_304_e_b ∧ P_15_304_e_c)","P_15_110","Addition (Add): Rule 8; De Morgan's Rule (DM): Rule 9","VALID","PASS","PASS","No contradictions detected. Conjunction links co-required elements. Mandatory requirement; enforceable. Cross-references 1 other section(s).","HIGH"
"15.3 (Postaward)","15.305_a","P_15_305_a","15.305(a) Cognizant audit activities, when appropriate, must establish and manage regular programs for reviewing selected contractors' estimating systems or methods, in order to reduce the scope of reviews to be performed on individual proposals, expedite the negotiation process, and increase the reliability of proposals. The results of estimating system reviews must be documented in survey reports.","P_15_305_a_a: (a) Cognizant audit activities, when appropriate, must establish and manage regular programs for reviewing selected contractors' estimating systems or methods, in order to reduce the scope of reviews to be performed on individual proposals, expedite the negotiation process, and increase the reliability of proposals. The results of estimating system reviews must be documented in survey reports.","P_15_305_a_a","None","Simplification (Simp): Rule 6","VALID","PASS","PASS","No contradictions detected. Mandatory requirement; enforceable.","HIGH"
"15.3 (Postaward)","15.305_b","P_15_305_b","15.305(b) Auditors must send a copy of the estimating system survey report and a copy of the official notice of corrective action required to each contracting office and contract administration office having substantial business with that contractor. Significant deficiencies not corrected by the contractor must be considered in subsequent proposal analyses and negotiations.","P_15_305_b_a: (b) Auditors must send a copy of the estimating system survey report and a copy of the official notice of corrective action required to each contracting office and contract administration office having substantial business with that contractor. Significant deficiencies not corrected by the contractor must be considered in subsequent proposal analyses and negotiations.","P_15_305_b_a","None","De Morgan's Rule (DM): Rule 9","VALID","PASS","PASS","No contradictions detected. Mandatory requirement; enforceable.","HIGH"
"15.4 (Cost/Price)","15.400","P_15_400","15.400 Scope of subpart. This subpart contains cost and price negotiation policies and procedures for pricing negotiated prime contracts (including subcontracts) and contract modifications, including modifications to contracts awarded by sealed bidding.","P_15_400_a: This subpart contains cost and price negotiation policies and procedures for pricing negotiated prime contracts (including subcontracts) and contract modifications, including modifications to contracts awarded by sealed bidding.","P_15_400_a","None","Simplification (Simp): Rule 6","VALID","PASS","PASS","No contradictions detected. Regulatory statement properly represented.","HIGH"
"15.4 (Cost/Price)","15.401","P_15_401","15.401 Definitions. As used in this subpart— Price means cost plus any fee or profit applicable to the contract type. Subcontract (except as used in 15.405-2) also includes a transfer of commercial products or commercial services between divisions, subsidiaries, or affiliates of a contractor or a subcontractor (10 U.S.C. 3701(2) and 41 U.S.C. 3501(a)(2)).","P_15_401_a: As used in this subpart— Price means cost plus any fee or profit applicable to the contract type. Subcontract (except as used in 15.405-2) also includes a transfer of commercial products or commercial services between divisions, subsidiaries, or affiliates of a contractor or a subcontractor (10 U.S.C. 3701; P_15_401_b: and 41 U.S.C. 3501(a)","(P_15_401_a ∧ P_15_401_b)","P_15_405_2","Addition (Add): Rule 8","VALID","PASS","PASS","No contradictions detected. Conjunction links co-required elements. Regulatory statement properly represented. Cross-references 1 other section(s).","HIGH"
"15.4 (Cost/Price)","15.402_a","P_15_402_a","15.402(a) Requirement for cost or pricing data . In establishing the reasonableness of the offered prices, contracting officers must— (1) Obtain certified cost or pricing data when required by 15.403-3, along with data other than certified cost or pricing data as necessary to establish a fair and reasonable price; or (2) When certified cost or pricing data are not required by 15.403-3, obtain data other than certified cost or pricing data as necessary to establish a fair and reasonable price (10 U.S.C. 3705(a) and 41 U.S.C. 3505(a)).","P_15_402_a_a: (a) Requirement for cost or pricing data . In establishing the reasonableness of the offered prices, contracting officers must— (1) Obtain certified cost or pricing data when required by 15.403-3, along with data other than certified cost or pricing data as necessary to establish a fair and reasonable price; P_15_402_a_b: or (2) When certified cost or pricing data are not required by 15.403-3, obtain data other than certified cost or pricing data as necessary to establish a fair and reasonable price (10 U.S.C. 3705(a) and 41 U.S.C. 3505(a))","(P_15_402_a_a ∧ P_15_402_a_b)","P_15_403_3","Addition (Add): Rule 8; De Morgan's Rule (DM): Rule 9","VALID","PASS","PASS","No contradictions detected. Conjunction links co-required elements. Mandatory requirement; enforceable. Cross-references 1 other section(s).","HIGH"
"15.4 (Cost/Price)","15.402_b","P_15_402_b","15.402(b) Obtaining data . Contracting officers must obtain the type and quantity of data necessary to establish a fair and reasonable price, but not more data than is needed. Contracting officers must require the submission of additional data sufficient for the contracting officer to support the determination of the fair and reasonable price, if the contracting officer cannot establish a fair and reasonable price from an analysis of the data obtained or submitted to date.","P_15_402_b_a: (b) Obtaining data . Contracting officers must obtain the type and quantity of data necessary to establish a fair and reasonable price, but not more data than is needed. Contracting officers must require the submission of additional data sufficient for the contracting officer to support the determination of the fair and reasonable price, if the contracting officer cannot establish a fair and reasonable price from an analysis of the data obtained or submitted to date.","P_15_402_b_a","None","De Morgan's Rule (DM): Rule 9","VALID","PASS","PASS","No contradictions detected. Mandatory requirement; enforceable. Long single proposition; further decomposition may improve precision.","MEDIUM"
"15.4 (Cost/Price)","15.402_c","P_15_402_c","15.402(c) Independent Price . Contracting officers must price each contract separately and independently and not— (1) Consider proposed price reductions under other contracts; (2) Consider losses or profits realized or anticipated under other contracts; or (3) Include in a contract price any amount for a specified contingency, to the extent that the contract provides for a price adjustment based upon the occurrence of that contingency.","P_15_402_c_a: (c) Independent Price . Contracting officers must price each contract separately and independently and not— (1) Consider proposed price reductions under other contracts; P_15_402_c_b: (2) Consider losses or profits realized or anticipated under other contracts; P_15_402_c_c: or (3) Include in a contract price any amount for a specified contingency, to the extent that the contract provides for a price adjustment based upon the occurrence of that contingency","(P_15_402_c_a ∧ P_15_402_c_b ∧ P_15_402_c_c)","None","Addition (Add): Rule 8; De Morgan's Rule (DM): Rule 9","VALID","PASS","PASS","No contradictions detected. Conjunction links co-required elements. Mandatory requirement; enforceable.","HIGH"
"15.4 (Cost/Price)","15.403","P_15_403","15.403 Obtaining cost or pricing data. 15.403-1 Data other than certified cost or pricing data.","P_15_403_a: 15.403-1 Data other than certified cost or pricing data.","P_15_403_a","P_15_403_1","Simplification (Simp): Rule 6","VALID","PASS","PASS","No contradictions detected. Regulatory statement properly represented. Cross-references 1 other section(s).","HIGH"
"15.4 (Cost/Price)","15.403_a","P_15_403_a","15.403(a) Order of preference . For acquisitions that do not require certified cost or pricing data, contracting officers must generally use the following order of preference to determine the type of data to require: (1) No additional data from the offeror, when adequate price competition exists (see 15.403-2); (2) Data related to prices (e.g., established catalog or market prices, sales to non-governmental and governmental entities), relying first on—","P_15_403_a_a: (a) Order of preference . For acquisitions that do not require certified cost or pricing data, contracting officers must generally use the following order of preference to determine the type of data to require: (1) No additional data from the offeror, when adequate price competition exists (see 15.403-2); P_15_403_a_b: (2) Data related to prices (e.g., established catalog or market prices, sales to non-governmental and governmental entities), relying first on—","(P_15_403_a_a ∧ P_15_403_a_b)","P_15_403_2","Addition (Add): Rule 8; De Morgan's Rule (DM): Rule 9","VALID","PASS","PASS","No contradictions detected. Conjunction links co-required elements. Mandatory requirement; enforceable. Cross-references 1 other section(s).","HIGH"
"15.4 (Cost/Price)","15.403_i","P_15_403_i","15.403(i) Data available within the Government; then (ii) Data obtained from sources other than the offeror; and then, if necessary, (iii) Data obtained from the offeror; then, (3) Cost data to the extent necessary for the contracting officer to determine a fair and reasonable price.","P_15_403_i_a: (i) Data available within the Government; P_15_403_i_b: then (ii) Data obtained from sources other than the offeror; P_15_403_i_c: and then, if necessary, (iii) Data obtained from the offeror; P_15_403_i_d: then, (3) Cost data to the extent necessary for the contracting officer to determine a fair and reasonable price","(P_15_403_i_a ∧ P_15_403_i_b ∧ P_15_403_i_c ∧ P_15_403_i_d)","None","Conjunction (Conj): Rule 7","VALID","PASS","PASS","No contradictions detected. Conjunction links co-required elements. Regulatory statement properly represented.","HIGH"
"15.4 (Cost/Price)","15.403_b","P_15_403_b","15.403(b) Requirement . (1) Contracting officers must require submission of data other than certified cost or pricing data to the extent necessary to determine a fair and reasonable price (10 U.S.C. 3705(a) and 41 U.S.C. 3505(a)). At a minimum, the data must include appropriate data on the prices at which the same item or similar items have previously been sold, adequate for determining the reasonableness of the price. This data is not required when price reasonableness is established through adequate price competition or prices set by law or regulation, unless paragraph (e) of this subsection applies. (2) Contracting officers may require data other than certified cost or pricing data to determine the cost realism of competing offers or to evaluate competing approaches.","P_15_403_b_a: (b) Requirement . (1) Contracting officers must require submission of data other than certified cost or pricing data to the extent necessary to determine a fair and reasonable price (10 U.S.C. 3705(a) and 41 U.S.C. 3505(a)). At a minimum, the data must include appropriate data on the prices at which the same item or similar items have previously been sold, adequate for determining the reasonableness of the price. This data is not required when price reasonableness is established through adequate price competition or prices set by law or regulation; P_15_403_b_b: Exception: paragraph (e) of this subsection applies. (2) Contracting officers may require data other than certified cost or pricing data to determine the cost realism of competing offers or to evaluate competing approaches","(P_15_403_b_a ∨ P_15_403_b_b)","None","Disjunctive Syllogism (DS): Rule 4; Addition (Add): Rule 8; De Morgan's Rule (DM): Rule 9","VALID","PASS","PASS","No contradictions detected. Disjunction represents valid alternatives. Mandatory requirement; enforceable.","HIGH"
"15.4 (Cost/Price)","15.403_c","P_15_403_c","15.403(c) Data Requests . When requesting data, contracting officers— (1) Must use the contractor's format for data submission, but see 15.105-4(b)(2); (2) Must ensure that data used to support price negotiations are sufficiently current to permit negotiation of a fair and reasonable price; and (3) Should limit requests for updated data to the data that affect the adequacy of the proposal for negotiations (e.g., changes in price lists).","P_15_403_c_a: (c) Data Requests . When requesting data, contracting officers— (1) Must use the contractor's format for data submission, but see 15.105-4(b)(2); P_15_403_c_b: (2) Must ensure that data used to support price negotiations are sufficiently current to permit negotiation of a fair and reasonable price; P_15_403_c_c: and (3) Should limit requests for updated data to the data that affect the adequacy of the proposal for negotiations (e.g., changes in price lists)","(P_15_403_c_a ⊃ (P_15_403_c_b ∧ P_15_403_c_c))","P_15_105_4","Modus Ponens (MP): Rule 1; Conjunction (Conj): Rule 7","VALID","PASS","PASS","No contradictions detected. Conjunction links co-required elements. Mandatory requirement; enforceable. Cross-references 1 other section(s). Conditional structure identified and represented as implication.","HIGH"
"15.4 (Cost/Price)","15.403_d","P_15_403_d","15.403(d) Refusals to submit data . As specified in section 808 of the Strom Thurmond National Defense Authorization Act (NDAA) for Fiscal Year 1999 (Pub. L. 105-261), an offeror who does not comply with a requirement to submit data for a contract or subcontract in accordance with paragraph (a)(1) of this subsection is ineligible for award unless the head of the contracting activity (HCA) determines that it is in the best interest of the Government to make the award to that offeror, based on consideration of the following: (1) The effort made to obtain the data. (2) The need for the item or service. (3) Increased cost or significant harm to the Government if award is not made.","P_15_403_d_a: (d) Refusals to submit data . As specified in section 808 of the Strom Thurmond National Defense Authorization Act (NDAA) for Fiscal Year 1999 (Pub. L. 105-261), an offeror who does not comply with a requirement to submit data for a contract or subcontract in accordance with paragraph (a)(1) of this subsection is ineligible for award; P_15_403_d_b: Exception: the head of the contracting activity (HCA) determines that it is in the best interest of the Government to make the award to that offeror, based on consideration of the following: (1) The effort made to obtain the data. (2) The need for the item or service. (3) Increased cost or significant harm to the Government if award is not made","(P_15_403_d_a ∨ P_15_403_d_b)","None","Disjunctive Syllogism (DS): Rule 4; Addition (Add): Rule 8; De Morgan's Rule (DM): Rule 9","VALID","PASS","PASS","No contradictions detected. Disjunction represents valid alternatives. Regulatory statement properly represented.","HIGH"
"15.4 (Cost/Price)","15.403_e","P_15_403_e","15.403(e) Data when adequate price competition exists . If adequate price competition exists, but there are unusual circumstances in which additional data are necessary to determine the reasonableness of price, contracting officers must obtain the additional data from sources other than the offeror, to the maximum extent practicable. In addition, contracting officers should request data to determine the cost realism of competing offers or to evaluate competing approaches.","P_15_403_e_a: (e) Data when adequate price competition exists . If adequate price competition exists, but there are unusual circumstances in which additional data are necessary to determine the reasonableness of price, contracting officers must obtain the additional data from sources other than the offeror, to the maximum extent practicable. In addition, contracting officers should request data to determine the cost realism of competing offers or to evaluate competing approaches.","P_15_403_e_a","None","Simplification (Simp): Rule 6","VALID","PASS","PASS","No contradictions detected. Mandatory requirement; enforceable. Long single proposition; further decomposition may improve precision.","MEDIUM"
"15.4 (Cost/Price)","15.403_f","P_15_403_f","15.403(f) Data for commercial products and commercial services . When acquiring a commercial product or commercial service, contracting officers must— (1) Use price analysis to determine whether the price is fair and reasonable; (2) Require the offeror to submit data other than certified cost or pricing data when the contracting officer is unable to determine a price fair and reasonable after obtaining data from sources other than the offeror. This data may include history of sales to non-governmental and governmental entities, cost data, or any other information the contracting officer requires; (3) Limit requests for sales data to data for the same or similar items during a relevant time period; (4) To the maximum extent practicable, request data in the format regularly maintained by the offeror as part of its commercial operations; (5) Not disclose outside the Government data obtained relating to commercial products or commercial services that is exempt from disclosure under part 24 or the Freedom of Information Act (5 U.S.C. 552(b)); and (6) For services that are not offered and sold competitively in substantial quantities in the commercial marketplace, but are of a type offered and sold competitively in substantial quantities in the commercial marketplace, see 15.403-2(c)(3)(ii).","P_15_403_f_a: (f) Data for commercial products and commercial services . When acquiring a commercial product or commercial service, contracting officers must— (1) Use price analysis to determine whether the price is fair and reasonable; P_15_403_f_b: (2) Require the offeror to submit data other than certified cost or pricing data when the contracting officer is unable to determine a price fair and reasonable after obtaining data from sources other than the offeror. This data may include history of sales to non-governmental and governmental entities, cost data, or any other information the contracting officer requires; P_15_403_f_c: (3) Limit requests for sales data to data for the same or similar items during a relevant time period; P_15_403_f_d: (4) To the maximum extent practicable, request data in the format regularly maintained by the offeror as part of its commercial operations; P_15_403_f_e: (5) Not disclose outside the Government data obtained relating to commercial products or commercial services that is exempt from disclosure under part 24 or the Freedom of Information Act (5 U.S.C. 552(b)); P_15_403_f_f: and (6) For services that are not offered and sold competitively in substantial quantities in the commercial marketplace, but are of a type offered and sold competitively in substantial quantities in the commercial marketplace, see 15.403-2(c)(3)(ii)","(P_15_403_f_a ∧ P_15_403_f_b ∧ P_15_403_f_c ∧ P_15_403_f_d ∧ P_15_403_f_e ∧ P_15_403_f_f)","P_15_403_2","Addition (Add): Rule 8; De Morgan's Rule (DM): Rule 9","VALID","PASS","PASS","No contradictions detected. Conjunction links co-required elements. Mandatory requirement; enforceable. Cross-references 1 other section(s).","HIGH"
"15.4 (Cost/Price)","15.403-2","P_15_403_2","15.403-2 Prohibitions on obtaining certified cost or pricing data.","P_15_403_2_a: 15.403-2 Prohibitions on obtaining certified cost or pricing data.","P_15_403_2_a","None","Simplification (Simp): Rule 6","VALID","PASS","PASS","No contradictions detected. Regulatory statement properly represented.","HIGH"
"15.4 (Cost/Price)","15.403-2_a","P_15_403_2_a","15.403-2(a) At or below the simplified acquisition threshold . Certified cost or pricing data must not be obtained for acquisitions at or below the simplified acquisition threshold.","P_15_403_2_a_a: (a) At or below the simplified acquisition threshold . Certified cost or pricing data must not be obtained for acquisitions at or below the simplified acquisition threshold.","P_15_403_2_a_a","None","De Morgan's Rule (DM): Rule 9","VALID","PASS","PASS","No contradictions detected. Mandatory requirement; enforceable.","HIGH"
"15.4 (Cost/Price)","15.403-2_b","P_15_403_2_b","15.403-2(b) Exceptions to certified cost or pricing data requirements . Contracting officers must not require certified cost or pricing data to support any contracts, subcontracts, or modifications— (1) When the contracting officer determines that prices agreed upon are based on adequate price competition (see standards in paragraph (c)(1) of this subsection); (2) When the contracting officer determines that prices agreed upon are based on prices set by law or regulation (see standards in paragraph (c)(2) of this subsection); (3) When a commercial product or commercial service is being acquired (see standards in paragraph (c)(3) of this subsection); (4) When a waiver has been granted (see standards in paragraph (c)(4) of this subsection); or (5) When modifying a contract or subcontract for commercial products or commercial services (see standards in paragraph (c)(3) of this subsection).","P_15_403_2_b_a: (b) Exceptions to certified cost or pricing data requirements . Contracting officers must not require certified cost or pricing data to support any contracts, subcontracts, or modifications— (1) When the contracting officer determines that prices agreed upon are based on adequate price competition (see standards in paragraph (c)(1) of this subsection); P_15_403_2_b_b: (2) When the contracting officer determines that prices agreed upon are based on prices set by law or regulation (see standards in paragraph (c)(2) of this subsection); P_15_403_2_b_c: (3) When a commercial product or commercial service is being acquired (see standards in paragraph (c)(3) of this subsection); P_15_403_2_b_d: (4) When a waiver has been granted (see standards in paragraph (c)(4) of this subsection); P_15_403_2_b_e: or (5) When modifying a contract or subcontract for commercial products or commercial services (see standards in paragraph (c)(3) of this subsection)","(P_15_403_2_b_a ∨ P_15_403_2_b_b ∨ P_15_403_2_b_c ∨ P_15_403_2_b_d ∨ P_15_403_2_b_e)","None","Addition (Add): Rule 8","VALID","PASS","PASS","No contradictions detected. Conjunction links co-required elements. Mandatory requirement; enforceable.","HIGH"
"15.4 (Cost/Price)","15.403-2_c","P_15_403_2_c","15.403-2(c) Standards for exceptions — (1) Adequate price competition .","P_15_403_2_c_a: (c) Standards for exceptions —; P_15_403_2_c_b: Adequate price competition","(P_15_403_2_c_a ∧ P_15_403_2_c_b)","None","Conjunction (Conj): Rule 7","VALID","PASS","PASS","No contradictions detected. Conjunction links co-required elements. Regulatory statement properly represented.","HIGH"
"15.4 (Cost/Price)","15.403-2_i","P_15_403_2_i","15.403-2(i) A price is based on adequate price competition when— (A) Two or more responsible offerors, competing independently, submit priced offers that satisfy the Government's expressed requirement; (B) Award will be made to the offeror whose proposal represents the best value where price is a substantial factor in source selection; and (C) There is no finding that the price of the otherwise successful offeror is unreasonable. Any finding that the price is unreasonable must be supported by a statement of the facts and approved at a level above the contracting officer. (ii) For agencies other than DoD, NASA, and the Coast Guard, a price is also based on adequate price competition when (A) There was a reasonable expectation, based on market research or other assessment, that two or more responsible offerors, competing independently, would submit priced offers in response to the request for proposal’s (RFP) expressed requirement, even though only one offer is received from a responsible offeror and if— (1) Based on the offer received, the contracting officer can reasonably conclude that the offer was submitted with the expectation of competition, e.g. , circumstances indicate that—","P_15_403_2_i_a: (i) A price is based on adequate price competition when— (A) Two or more responsible offerors, competing independently, submit priced offers that satisfy the Government's expressed requirement; P_15_403_2_i_b: (B) Award will be made to the offeror whose proposal represents the best value where price is a substantial factor in source selection; P_15_403_2_i_c: and (C) There is no finding that the price of the otherwise successful offeror is unreasonable. Any finding that the price is unreasonable must be supported by a statement of the facts and approved at a level above the contracting officer. (ii) For agencies other than DoD, NASA, and the Coast Guard, a price is also based on adequate price competition when (A) There was a reasonable expectation, based on market research or other assessment, that two or more responsible offerors, competing independently, would submit priced offers in response to the request for proposal’s (RFP) expressed requirement, even though only one offer is received from a responsible offeror and if— (1) Based on the offer received, the contracting officer can reasonably conclude that the offer was submitted with the expectation of competition, e.g. , circumstances indicate that—","(P_15_403_2_i_a ∧ P_15_403_2_i_b ∧ P_15_403_2_i_c)","None","Addition (Add): Rule 8; De Morgan's Rule (DM): Rule 9","VALID","PASS","PASS","No contradictions detected. Conjunction links co-required elements. Mandatory requirement; enforceable.","HIGH"
"15.4 (Cost/Price)","15.403-2_i2","P_15_403_2_i2","15.403-2(i) The offeror believed that at least one other offeror was capable of submitting a meaningful offer; and (ii) The offeror had no reason to believe that other potential offerors did not intend to submit an offer; and (2) The determination that the proposed price is based on adequate price competition and is reasonable has been approved at a level above the contracting officer; or (B) Price analysis clearly demonstrates that the proposed price is reasonable in comparison with current or recent prices for the same or similar items, adjusted to reflect changes in market conditions, economic conditions, quantities, or terms and conditions under contracts that resulted from adequate price competition. (2) Prices set by law or regulation . Pronouncements in the form of periodic rulings, reviews, or similar actions of a governmental body, or embodied in the laws, are sufficient to set a price. (3) Commercial products and commercial services .","P_15_403_2_i2_a: (i) The offeror believed that at least one other offeror was capable of submitting a meaningful offer; P_15_403_2_i2_b: and (ii) The offeror had no reason to believe that other potential offerors did not intend to submit an offer; P_15_403_2_i2_c: and (2) The determination that the proposed price is based on adequate price competition and is reasonable has been approved at a level above the contracting officer; P_15_403_2_i2_d: or (B) Price analysis clearly demonstrates that the proposed price is reasonable in comparison with current or recent prices for the same or similar items, adjusted to reflect changes in market conditions, economic conditions, quantities, or terms and conditions under contracts that resulted from adequate price competition. (2) Prices set by law or regulation . Pronouncements in the form of periodic rulings, reviews, or similar actions of a governmental body, or embodied in the laws, are sufficient to set a price. (3) Commercial products and commercial services","(P_15_403_2_i2_a ∧ P_15_403_2_i2_b ∧ P_15_403_2_i2_c ∧ P_15_403_2_i2_d)","None","Addition (Add): Rule 8; De Morgan's Rule (DM): Rule 9","VALID","PASS","PASS","No contradictions detected. Conjunction links co-required elements. Regulatory statement properly represented.","HIGH"
"15.4 (Cost/Price)","15.403-2_i3","P_15_403_2_i3","15.403-2(i) Any acquisition that the contracting officer determines meets the commercial product or commercial service definition in 2.101, or any modification, as defined in paragraph (3)(i) of the commercial product definition, that does not change a commercial product to other than commercial, is exempt from the requirement for certified cost or pricing data. If the contracting officer determines that a product or service claimed to be commercial is not, and that no other exception or waiver for certified cost or pricing data applies, the contracting officer must require submission of certified cost or pricing data. (ii) In accordance with section 41 U.S.C. 3501: (A) When purchasing services that are not offered and sold competitively in substantial quantities in the commercial marketplace, but are of a type offered and sold competitively in substantial quantities in the commercial marketplace, they may be considered commercial services (thus meeting the purpose of 41 U.S.C. chapter 35 and 10 U.S.C. chapter 271 for truth in negotiations) only if the contracting officer determines in writing that the offeror has submitted sufficient information to evaluate, through price analysis, the reasonableness of the price of such services. (B) In order to make this determination, contracting officers may request the offeror to submit prices paid for the same or similar commercial services under comparable terms and conditions by both Government and commercial customers; and (C) If the contracting officer determines that the information described in paragraph (c)(3)(ii)(B) of this section is not sufficient to determine the reasonableness of price, other relevant information regarding the basis for price or cost, including information on labor costs, material costs and overhead rates may be requested. (iii) The following requirements apply to minor modifications defined in paragraph (3)(ii) of the definition of a commercial product at 2.101 that do not change the commercial product to other than commercial: (A) For acquisitions funded by any agency other than DoD, NASA, or Coast Guard, such modifications of a commercial product are exempt from the requirement for submission of certified cost or pricing data. (B) For acquisitions funded by DoD, NASA, or Coast Guard, such modifications of a commercial product are exempt from the requirement for submission of certified cost or pricing data provided the total price of all such modifications under a particular contract action does not exceed the greater of the threshold for obtaining certified cost or pricing data in 15.403-3(a) or 5 percent of the total price of the contract at the time of contract award. (C) For acquisitions funded by DoD, NASA, or Coast Guard such modifications of a commercial product are not exempt from the requirement for submission of certified cost or pricing data on the basis of the exemption provided for at 15.403-2(c)(3) if the total price of all such modifications ...","P_15_403_2_i3_a: (i) Any acquisition that the contracting officer determines meets the commercial product or commercial service definition in 2.101, or any modification, as defined in paragraph (3)(i) of the commercial product definition, that does not change a commercial product to other than commercial, is exempt from the requirement for certified cost or pricing data. If the contracting officer determines that a product or service claimed to be commercial is not, and that no other exception or waiver for certified cost or pricing data applies, the contracting officer must require submission of certified cost or pricing data. (ii) In accordance with section 41 U.S.C. 3501: (A) When purchasing services that are not offered and sold competitively in substantial quantities in the commercial marketplace, but are of a type offered and sold competitively in substantial quantities in the commercial marketplace, they may be considered commercial services (thus meeting the purpose of 41 U.S.C. chapter 35 and 10 U.S.C. chapter 271 for truth in negotiations) only if the contracting officer determines in writing that the offeror has submitted sufficient information to evaluate, through price analysis, the reasonableness of the price of such services. (B) In order to make this determination, contracting officers may request the offeror to submit prices paid for the same or similar commercial services under comparable terms and conditions by both Government and commercial customers; P_15_403_2_i3_b: and (C) If the contracting officer determines that the information described in paragraph (c)(3)(ii)(B) of this section is not sufficient to determine the reasonableness of price, other relevant information regarding the basis for price or cost, including information on labor costs, material costs and overhead rates may be requested. (iii) The following requirements apply to minor modifications defined in paragraph (3)(ii) of the definition of a commercial product at 2.101 that do not change the commercial product to other than commercial: (A) For acquisitions funded by any agency other than DoD, NASA, or Coast Guard, such modifications of a commercial product are exempt from the requirement for submission of certified cost or pricing data. (B) For acquisitions funded by DoD, NASA, or Coast Guard, such modifications of a commercial product are exempt from the requirement for submission of certified cost or pricing data provided the total price of all such modifications under a particular contract action does not exceed the greater of the threshold for obtaining certified cost or pricing data in 15.403-3(a) or 5 percent of the total price of the contract at the time of contract award. (C) For acquisitions funded by DoD, NASA, or Coast Guard such modifications of a commercial product are not exempt from the requirement for submission of certified cost or pricing data on the basis of the exemption provided for at 15.403-2(c)(3) if the total price of all such modifications under a particular contract action exceeds the greater of the threshold for obtaining certified cost or pricing data in 15.403-3(a) or 5 percent of the total price of the contract at the time of contract award. (iv) Any acquisition for other than commercial products or services treated as commercial products or commercial services at 12.001(b), except sole source contracts greater than $25 million, is exempt from the requirements for certified cost or pricing data (41 U.S.C. 1903). (4) Waivers","(P_15_403_2_i3_a ∧ P_15_403_2_i3_b)","P_15_403_3","Addition (Add): Rule 8; De Morgan's Rule (DM): Rule 9","VALID","PASS","PASS","No contradictions detected. Conjunction links co-required elements. Mandatory requirement; enforceable. Cross-references 1 other section(s). Complex section with limited decomposition.","MEDIUM"
"15.4 (Cost/Price)","15.403-2_i4","P_15_403_2_i4","15.403-2(i) In exceptional cases, the HCA may, without power of delegation, waive the requirement for submission of certified cost or pricing data if the price can be determined to be fair and reasonable without submission of certified cost or pricing data. The authorization for the waiver and the supporting rationale must be in writing. (ii) If the HCA has waived the requirement for submission of certified cost or pricing data, the contractor or higher-tier subcontractor to whom the waiver relates must be considered as having been required to provide certified cost or pricing data. Consequently, award of any lower-tier subcontract expected to exceed the certified cost or pricing data threshold requires the submission of certified cost or pricing data unless— (A) An exception otherwise applies to the subcontract; or (B) The waiver specifically includes the subcontract and the rationale supporting the waiver for that subcontract.","P_15_403_2_i4_a: (i) In exceptional cases, the HCA may, without power of delegation, waive the requirement for submission of certified cost or pricing data if the price can be determined to be fair and reasonable without submission of certified cost or pricing data. The authorization for the waiver and the supporting rationale must be in writing. (ii) If the HCA has waived the requirement for submission of certified cost or pricing data, the contractor or higher-tier subcontractor to whom the waiver relates must be considered as having been required to provide certified cost or pricing data. Consequently, award of any lower-tier subcontract expected to exceed the certified cost or pricing data threshold requires the submission of certified cost or pricing data unless— (A) An exception otherwise applies to the subcontract; P_15_403_2_i4_b: or (B) The waiver specifically includes the subcontract and the rationale supporting the waiver for that subcontract","(P_15_403_2_i4_a ∧ P_15_403_2_i4_b)","None","Addition (Add): Rule 8","VALID","PASS","PASS","No contradictions detected. Conjunction links co-required elements. Mandatory requirement; enforceable.","HIGH"
"15.4 (Cost/Price)","15.403-3_a","P_15_403_3_a","15.403-3(a) Threshold . Unless an exception at 15.403-2 applies, contracting officers must obtain certified cost or pricing data when an action meets or exceeds the threshold of $2.5 million (for prime contracts awarded on or after July 1, 2018). The threshold is $950,000 for prime contracts awarded prior to July 1, 2018, unless otherwise stated in the contract. Contracting officers should consider requesting a waiver when the standards at 15.403-2(c)(4) can be met.","P_15_403_3_a_a: (a) Threshold .; P_15_403_3_a_b: Exception: an exception at 15.403-2 applies, contracting officers must obtain certified cost or pricing data when an action meets or exceeds the threshold of $2.5 million (for prime contracts awarded on or after July 1, 2018). The threshold is $950,000 for prime contracts awarded prior to July 1, 2018, unless otherwise stated in the contract. Contracting officers should consider requesting a waiver when the standards at 15.403-2(c)(4) can be met","(P_15_403_3_a_a ∨ P_15_403_3_a_b)","P_15_403_2","Disjunctive Syllogism (DS): Rule 4; Addition (Add): Rule 8","VALID","PASS","PASS","No contradictions detected. Disjunction represents valid alternatives. Mandatory requirement; enforceable. Cross-references 1 other section(s).","HIGH"
"15.4 (Cost/Price)","15.403-3_b","P_15_403_3_b","15.403-3(b) Actions requiring certified cost or pricing data . Certified cost or pricing data are required before completing any of the following actions expected to exceed the current threshold or, in the case of existing contracts, the threshold specified in the existing contract: (1) The award of any negotiated contract (except for undefinitized actions such as letter contracts). (2) The award of a subcontract at any tier, if the contractor and each higher-tier subcontractor were required to furnish certified cost or pricing data. (3) The modification of any sealed bid or negotiated contract (whether or not certified cost or pricing data were initially required) or any subcontract covered by paragraph (b)(2) of this subsection.","P_15_403_3_b_a: (b) Actions requiring certified cost or pricing data . Certified cost or pricing data are required before completing any of the following actions expected to exceed the current threshold or, in the case of existing contracts, the threshold specified in the existing contract:; P_15_403_3_b_b: The award of any negotiated contract (except for undefinitized actions such as letter contracts); P_15_403_3_b_c: The award of a subcontract at any tier, if the contractor and each higher-tier subcontractor were required to furnish certified cost or pricing data; P_15_403_3_b_d: The modification of any sealed bid or negotiated contract (whether or not certified cost or pricing data were initially required) or any subcontract covered by paragraph (b); P_15_403_3_b_e: of this subsection","(P_15_403_3_b_a ∧ P_15_403_3_b_b ∧ P_15_403_3_b_c ∧ P_15_403_3_b_d ∧ P_15_403_3_b_e)","None","Addition (Add): Rule 8; De Morgan's Rule (DM): Rule 9","VALID","PASS","PASS","No contradictions detected. Conjunction links co-required elements. Regulatory statement properly represented.","HIGH"
"15.4 (Cost/Price)","15.403-3_i","P_15_403_3_i","15.403-3(i) Price adjustment amounts must consider both increases and decreases ( e.g. , a $500,000 modification resulting from a reduction of $1,500,000 and an increase of $1,000,000 is a $2,500,000 pricing adjustment exceeding the $2,500,000 threshold). This requirement does not apply when unrelated and separately priced changes for which certified cost or pricing data would not otherwise be required are included for administrative convenience in the same modification. (ii) Negotiated final pricing actions ( e.g. , termination settlements and total final price agreements for fixed-price incentive and redeterminable contracts) are contract modifications requiring certified cost or pricing data if— (A) The total final price agreement for such settlements or agreements exceeds the pertinent threshold set forth at paragraph (a) of this subsection; or (B) The partial termination settlement plus the estimate to complete the continued portion of the contract exceeds the pertinent threshold set forth at paragraph (a) of this subsection. (iii) Certified cost or pricing data are not required for modifications— (A) Solely for overrun funding or interim billing price adjustments; or (B) To exercise an option at the price established at contract award or initial negotiation.","P_15_403_3_i_a: (i) Price adjustment amounts must consider both increases and decreases ( e.g. , a $500,000 modification resulting from a reduction of $1,500,000 and an increase of $1,000,000 is a $2,500,000 pricing adjustment exceeding the $2,500,000 threshold). This requirement does not apply when unrelated and separately priced changes for which certified cost or pricing data would not otherwise be required are included for administrative convenience in the same modification. (ii) Negotiated final pricing actions ( e.g. , termination settlements and total final price agreements for fixed-price incentive and redeterminable contracts) are contract modifications requiring certified cost or pricing data if— (A) The total final price agreement for such settlements or agreements exceeds the pertinent threshold set forth at paragraph (a) of this subsection; P_15_403_3_i_b: or (B) The partial termination settlement plus the estimate to complete the continued portion of the contract exceeds the pertinent threshold set forth at paragraph (a) of this subsection. (iii) Certified cost or pricing data are not required for modifications— (A) Solely for overrun funding or interim billing price adjustments; P_15_403_3_i_c: or (B) To exercise an option at the price established at contract award or initial negotiation","(P_15_403_3_i_a ∧ P_15_403_3_i_b ∧ P_15_403_3_i_c)","None","Addition (Add): Rule 8; De Morgan's Rule (DM): Rule 9","VALID","PASS","PASS","No contradictions detected. Conjunction links co-required elements. Mandatory requirement; enforceable.","HIGH"
"15.4 (Cost/Price)","15.403-3_c","P_15_403_3_c","15.403-3(c) Required documentation from offerors . When certified cost or pricing data are required, contracting officers must require the contractor or prospective contractor to submit to the contracting officer (and to have any subcontractor or prospective subcontractor submit to the prime contractor or appropriate subcontractor tier) the following in support of any proposal: (1) The certified cost or pricing data and data other than certified cost or pricing data required by the contracting officer to determine that the price is fair and reasonable. (2) A Certificate of Current Cost or Pricing Data , in the format specified in 15.403-4, certifying that to the best of its knowledge and belief, the cost or pricing data were accurate, complete, and current as of the date of agreement on price or, if applicable, an earlier date agreed upon between the parties that is as close as practicable to the date of agreement on price.","P_15_403_3_c_a: (c) Required documentation from offerors . When certified cost or pricing data are required, contracting officers must require the contractor or prospective contractor to submit to the contracting officer (and to have any subcontractor or prospective subcontractor submit to the prime contractor or appropriate subcontractor tier) the following in support of any proposal:; P_15_403_3_c_b: The certified cost or pricing data and data other than certified cost or pricing data required by the contracting officer to determine that the price is fair and reasonable; P_15_403_3_c_c: A Certificate of Current Cost or Pricing Data , in the format specified in 15.403-4, certifying that to the best of its knowledge and belief, the cost or pricing data were accurate, complete, and current as of the date of agreement on price or, if applicable, an earlier date agreed upon between the parties that is as close as practicable to the date of agreement on price","(P_15_403_3_c_a ∧ P_15_403_3_c_b ∧ P_15_403_3_c_c)","P_15_403_4","Addition (Add): Rule 8","VALID","PASS","PASS","No contradictions detected. Conjunction links co-required elements. Mandatory requirement; enforceable. Cross-references 1 other section(s).","HIGH"
"15.4 (Cost/Price)","15.403-3_d","P_15_403_3_d","15.403-3(d) Inflation adjustments . When a clause refers to the certified cost or pricing threshold and the threshold is adjusted for inflation pursuant to part 1, the changed threshold applies throughout the remaining term of the contract, unless there is another threshold adjustment.","P_15_403_3_d_a: (d) Inflation adjustments . When a clause refers to the certified cost or pricing threshold and the threshold is adjusted for inflation pursuant to part 1, the changed threshold applies throughout the remaining term of the contract; P_15_403_3_d_b: Exception: there is another threshold adjustment","(P_15_403_3_d_a ∨ P_15_403_3_d_b)","None","Disjunctive Syllogism (DS): Rule 4; Addition (Add): Rule 8","VALID","PASS","PASS","No contradictions detected. Disjunction represents valid alternatives. Regulatory statement properly represented.","HIGH"
"15.4 (Cost/Price)","15.403-3_e","P_15_403_3_e","15.403-3(e) Requests for certified data below the threshold . Unless prohibited because an exception at 15.403-2 applies, the HCA without power of delegation, may authorize the contracting officer to obtain certified cost or pricing data for pricing actions below the pertinent threshold in paragraph (a) of this subsection, provided the action exceeds the simplified acquisition threshold. The HCA must justify the requirement for certified cost or pricing data and provide a written finding that certified cost or pricing data are necessary to determine whether the price is fair and reasonable and the facts supporting that finding.","P_15_403_3_e_a: (e) Requests for certified data below the threshold .; P_15_403_3_e_b: Exception: prohibited because an exception at 15.403-2 applies, the HCA without power of delegation, may authorize the contracting officer to obtain certified cost or pricing data for pricing actions below the pertinent threshold in paragraph (a) of this subsection, provided the action exceeds the simplified acquisition threshold. The HCA must justify the requirement for certified cost or pricing data and provide a written finding that certified cost or pricing data are necessary to determine whether the price is fair and reasonable and the facts supporting that finding","(P_15_403_3_e_a ∨ P_15_403_3_e_b)","P_15_403_2","Disjunctive Syllogism (DS): Rule 4; Addition (Add): Rule 8","VALID","PASS","PASS","No contradictions detected. Disjunction represents valid alternatives. Mandatory requirement; enforceable. Cross-references 1 other section(s).","HIGH"
"15.4 (Cost/Price)","15.403-3_f","P_15_403_3_f","15.403-3(f) Delayed exception . If certified cost or pricing data are requested and submitted by an offeror, but an exception is later found to apply, the data must not be considered certified cost or pricing data and must not be certified in accordance with 15.403-4.","P_15_403_3_f_a: (f) Delayed exception . If certified cost or pricing data are requested and submitted by an offeror, but an exception is later found to apply, the data must not be considered certified cost or pricing data; P_15_403_3_f_b: not be certified in accordance with 15.403-4","(P_15_403_3_f_a ∧ P_15_403_3_f_b)","P_15_403_4","Addition (Add): Rule 8; De Morgan's Rule (DM): Rule 9","VALID","PASS","PASS","No contradictions detected. Conjunction links co-required elements. Mandatory requirement; enforceable. Cross-references 1 other section(s).","HIGH"
"15.4 (Cost/Price)","15.403-3_g","P_15_403_3_g","15.403-3(g) Foreign governments . The requirements of this subsection also apply to contracts entered into by an agency on behalf of a foreign government.","P_15_403_3_g_a: (g) Foreign governments . The requirements of this subsection also apply to contracts entered into by an agency on behalf of a foreign government.","P_15_403_3_g_a","None","Simplification (Simp): Rule 6","VALID","PASS","PASS","No contradictions detected. Regulatory statement properly represented.","HIGH"
"15.4 (Cost/Price)","15.403-4","P_15_403_4","15.403-4 Certificate of current cost or pricing data.","P_15_403_4_a: 15.403-4 Certificate of current cost or pricing data.","P_15_403_4_a","None","Simplification (Simp): Rule 6","VALID","PASS","PASS","No contradictions detected. Regulatory statement properly represented.","HIGH"
"15.4 (Cost/Price)","15.403-4_a","P_15_403_4_a","15.403-4(a) When certified cost or pricing data are required, contracting officers must require the contractor to execute a Certificate of Current Cost or Pricing Data, using the format in this paragraph, and must include the executed certificate in the contract file. Certificate of Current Cost or Pricing Data This is to certify that, to the best of my knowledge and belief, the cost or pricing data (as defined in part 2 of the Federal Acquisition Regulation (FAR) and required under FAR subsection 15.403-3) submitted, either actually or by specific identification in writing, to the Contracting Officer or to the Contracting Officer's representative in support of ____ * are accurate, complete, and current as of ____ **. This certification includes the cost or pricing data supporting any advance agreements and forward pricing rate agreements between the offeror and the Government that are part of the proposal. Firm: _____ Signature: _____ Name: _____ Title: _____ Date of execution: _____ *** * Identify the proposal, request for price adjustment, or other submission involved, giving the appropriate identifying number (e.g., RFP No.). ** Insert the day, month, and year when price negotiations were concluded and price agreement was reached or, if applicable, an earlier date agreed upon between the parties that is as close as practicable to the date of agreement on price. *** Insert the day, month, and year of signing, which should be as close as practicable to the date when the price negotiations were concluded and the contract price was agreed to. (End of certificate)","P_15_403_4_a_a: (a) When certified cost or pricing data are required, contracting officers must require the contractor to execute a Certificate of Current Cost or Pricing Data, using the format in this paragraph,; P_15_403_4_a_b: include the executed certificate in the contract file. Certificate of Current Cost or Pricing Data This is to certify that, to the best of my knowledge and belief, the cost or pricing data (as defined in part 2 of the Federal Acquisition Regulation (FAR) and required under FAR subsection 15.403-3) submitted, either actually or by specific identification in writing, to the Contracting Officer or to the Contracting Officer's representative in support of ____ * are accurate, complete, and current as of ____ **. This certification includes the cost or pricing data supporting any advance agreements and forward pricing rate agreements between the offeror and the Government that are part of the proposal. Firm: _____ Signature: _____ Name: _____ Title: _____ Date of execution: _____ *** * Identify the proposal, request for price adjustment, or other submission involved, giving the appropriate identifying number (e.g., RFP No.). ** Insert the day, month, and year when price negotiations were concluded and price agreement was reached or, if applicable, an earlier date agreed upon between the parties that is as close as practicable to the date of agreement on price. *** Insert the day, month, and year of signing, which should be as close as practicable to the date when the price negotiations were concluded and the contract price was agreed to. (End of certificate)","(P_15_403_4_a_a ∧ P_15_403_4_a_b)","P_15_403_3","Addition (Add): Rule 8; De Morgan's Rule (DM): Rule 9","VALID","PASS","PASS","No contradictions detected. Conjunction links co-required elements. Mandatory requirement; enforceable. Cross-references 1 other section(s).","HIGH"
"15.4 (Cost/Price)","15.403-4_b","P_15_403_4_b","15.403-4(b) The certificate does not constitute a representation as to the accuracy of the contractor's judgment on the estimate of future costs or projections. It applies to the data upon which the judgment or estimate was based. This distinction between fact and judgment should be clearly understood. If the contractor had information reasonably available at the time of agreement showing that the negotiated price was not based on accurate, complete, and current data, the contractor's responsibility is not limited by any lack of personal knowledge of the information on the part of its negotiators.","P_15_403_4_b_a: (b) The certificate does not constitute a representation as to the accuracy of the contractor's judgment on the estimate of future costs or projections. It applies to the data upon which the judgment or estimate was based. This distinction between fact and judgment should be clearly understood. If the contractor had information reasonably available at the time of agreement showing that the negotiated price was not based on accurate, complete, and current data, the contractor's responsibility is","P_15_403_4_b_a","None","De Morgan's Rule (DM): Rule 9","VALID","PASS","PASS","No contradictions detected. Advisory guidance; recommended but not mandatory. Long single proposition; further decomposition may improve precision.","MEDIUM"
"15.4 (Cost/Price)","15.403-4_c","P_15_403_4_c","15.403-4(c) The contracting officer and contractor are encouraged to reach a prior agreement on criteria for establishing closing or cutoff dates when appropriate in order to minimize delays associated with proposal updates. Closing or cutoff dates should be included as part of the data submitted with the proposal and, before agreement on price, data should be updated by the contractor to the latest closing or cutoff dates for which the data are available. Use of cutoff dates coinciding with reports is acceptable, as certain data may not be reasonably available before normal periodic closing dates (e.g., actual indirect costs). Data within the contractor's or a subcontractor's organization on matters significant to contractor management and to the Government will be treated as reasonably available. What is significant depends upon the circumstances of each acquisition.","P_15_403_4_c_a: (c) The contracting officer and contractor are encouraged to reach a prior agreement on criteria for establishing closing or cutoff dates when appropriate in order to minimize delays associated with proposal updates. Closing or cutoff dates should be included as part of the data submitted with the proposal and, before agreement on price, data should be updated by the contractor to the latest closing or cutoff dates for which the data are available. Use of cutoff dates coinciding with reports is","P_15_403_4_c_a","None","De Morgan's Rule (DM): Rule 9","VALID","PASS","PASS","No contradictions detected. Advisory guidance; recommended but not mandatory. Long single proposition; further decomposition may improve precision.","MEDIUM"
"15.4 (Cost/Price)","15.403-4_d","P_15_403_4_d","15.403-4(d) Possession of a Certificate of Current Cost or Pricing Data is not a substitute for examining and analyzing the contractor's proposal.","P_15_403_4_d_a: (d) Possession of a Certificate of Current Cost or Pricing Data is not a substitute for examining and analyzing the contractor's proposal.","P_15_403_4_d_a","None","De Morgan's Rule (DM): Rule 9","VALID","PASS","PASS","No contradictions detected. Regulatory statement properly represented.","HIGH"
"15.4 (Cost/Price)","15.404_a","P_15_404_a","15.404(a) General . The objective of proposal analysis is to ensure that the final agreed-to price is fair and reasonable. (1) Contracting officers are responsible for evaluating the reasonableness of the offered prices. The analytical techniques and procedures described in this section may be used, individually or in combination with others, to ensure that the final price is fair and reasonable. The complexity and circumstances of each acquisition should determine the level of detail of the analysis required. (2) Price analysis must be used when certified cost or pricing data are not required. When a fair and reasonable price cannot be determined through price analysis alone, cost analysis may also be used to evaluate data other than certified cost or pricing data to determine cost reasonableness or cost realism. (3) Cost analysis must be used when certified cost or pricing data are required. However, price analysis must be used to verify that the overall price offered is fair and reasonable. (4) Cost realism must be used when contemplating the award of a cost-reimbursement contract.","P_15_404_a_a: (a) General . The objective of proposal analysis is to ensure that the final agreed-to price is fair and reasonable; P_15_404_a_b: Contracting officers are responsible for evaluating the reasonableness of the offered prices. The analytical techniques and procedures described in this section may be used, individually or in combination with others, to ensure that the final price is fair and reasonable. The complexity and circumstances of each acquisition should determine the level of detail of the analysis required; P_15_404_a_c: Price analysis must be used when certified cost or pricing data are not required. When a fair and reasonable price cannot be determined through price analysis alone, cost analysis may also be used to evaluate data other than certified cost or pricing data to determine cost reasonableness or cost realism; P_15_404_a_d: Cost analysis must be used when certified cost or pricing data are required. However, price analysis must be used to verify that the overall price offered is fair and reasonable; P_15_404_a_e: Cost realism must be used when contemplating the award of a cost-reimbursement contract","(P_15_404_a_a ∧ P_15_404_a_b ∧ P_15_404_a_c ∧ P_15_404_a_d ∧ P_15_404_a_e)","None","Addition (Add): Rule 8; De Morgan's Rule (DM): Rule 9","VALID","PASS","PASS","No contradictions detected. Conjunction links co-required elements. Mandatory requirement; enforceable.","HIGH"
"15.4 (Cost/Price)","15.404_b","P_15_404_b","15.404(b) Advice and assistance . Contracting officers may request the advice and assistance of other experts to ensure that an appropriate analysis is performed. Recommendations or conclusions regarding the Government's review or analysis of an offeror's or contractor's proposal must not be disclosed to the offeror or contractor without the concurrence of the contracting officer.","P_15_404_b_a: (b) Advice and assistance . Contracting officers may request the advice and assistance of other experts to ensure that an appropriate analysis is performed. Recommendations or conclusions regarding the Government's review or analysis of an offeror's or contractor's proposal must not be disclosed to the offeror or contractor without the concurrence of the contracting officer.","P_15_404_b_a","None","De Morgan's Rule (DM): Rule 9","VALID","PASS","PASS","No contradictions detected. Mandatory requirement; enforceable.","HIGH"
"15.4 (Cost/Price)","15.404_c","P_15_404_c","15.404(c) Mistakes and discrepancies in data . Any discrepancy or mistake of fact (such as duplications, omissions, and errors in computation) contained in the certified cost or pricing data or data other than certified cost or pricing data submitted in support of a proposal must be brought to the contracting officer's attention. 15.404-1 Price analysis.","P_15_404_c_a: (c) Mistakes and discrepancies in data . Any discrepancy or mistake of fact (such as duplications, omissions, and errors in computation) contained in the certified cost or pricing data or data other than certified cost or pricing data submitted in support of a proposal must be brought to the contracting officer's attention. 15.404-1 Price analysis.","P_15_404_c_a","P_15_404_1","Simplification (Simp): Rule 6","VALID","PASS","PASS","No contradictions detected. Mandatory requirement; enforceable. Cross-references 1 other section(s).","HIGH"
"15.4 (Cost/Price)","15.404_a2","P_15_404_a2","15.404(a) General . Price analysis is the process of examining and evaluating a proposed price without evaluating its separate cost elements and proposed profit.","P_15_404_a2_a: (a) General . Price analysis is the process of examining and evaluating a proposed price without evaluating its separate cost elements and proposed profit.","P_15_404_a2_a","None","Simplification (Simp): Rule 6","VALID","PASS","PASS","No contradictions detected. Regulatory statement properly represented.","HIGH"
"15.4 (Cost/Price)","15.404_b2","P_15_404_b2","15.404(b) Techniques . The Government may use various price analysis techniques and procedures to ensure a fair and reasonable price, including, but not limited to, the following: (1) Comparison of proposed prices received in response to the RFP. (2) Comparison of the proposed prices to historical prices paid, whether by the Government or other than the Government, for the same or similar items. This method may be used for commercial products or commercial services including those “of a type” or when requiring minor modifications for commercial products.","P_15_404_b2_a: (b) Techniques . The Government may use various price analysis techniques and procedures to ensure a fair and reasonable price, including, but not limited to, the following:; P_15_404_b2_b: Comparison of proposed prices received in response to the RFP; P_15_404_b2_c: Comparison of the proposed prices to historical prices paid, whether by the Government or other than the Government, for the same or similar items. This method may be used for commercial products or commercial services including those “of a type” or when requiring minor modifications for commercial products","(P_15_404_b2_a ∧ P_15_404_b2_b ∧ P_15_404_b2_c)","None","Addition (Add): Rule 8; De Morgan's Rule (DM): Rule 9","VALID","PASS","PASS","No contradictions detected. Conjunction links co-required elements. Permissive statement; optional action.","HIGH"
"15.4 (Cost/Price)","15.404_i","P_15_404_i","15.404(i) The prior price must be a valid basis for comparison. If there has been a significant time lapse between the last acquisition and the present one, if the terms and conditions of the acquisition are significantly different, or if the reasonableness of the prior price is uncertain, then the prior price may not be a valid basis for comparison. (ii) The prior price must be adjusted to account for materially differing terms and conditions, quantities and market and economic factors. For similar items, the contracting officer must also adjust the prior price to account for material differences between the similar item and the item being procured. (iii) Expert technical advice should be obtained when analyzing similar items, or commercial products or commercial services that are “of a type”, or requiring minor modifications for commercial products, to ascertain the magnitude of changes required and to assist in pricing the required changes. (3) Use of parametric estimating methods/application of rough yardsticks (such as dollars per pound or per horsepower, or other units) to highlight significant inconsistencies that warrant additional pricing inquiry. (4) Comparison with competitive published price lists, published market prices of commodities, similar indexes, and discount or rebate arrangements. (5) Comparison of proposed prices with independent Government cost estimates. (6) Comparison of proposed prices with prices obtained through market research for the same or similar items. (7) Analysis of data other than certified cost or pricing data provided by the offeror.","P_15_404_i_a: (i) The prior price must be a valid basis for comparison. If there has been a significant time lapse between the last acquisition and the present one, if the terms and conditions of the acquisition are significantly different, or if the reasonableness of the prior price is uncertain, then the prior price may not be a valid basis for comparison. (ii) The prior price must be adjusted to account for materially differing terms and conditions, quantities and market and economic factors. For similar items, the contracting officer must also adjust the prior price to account for material differences between the similar item and the item being procured. (iii) Expert technical advice should be obtained when analyzing similar items, or commercial products or commercial services that are “of a type”, or requiring minor modifications for commercial products, to ascertain the magnitude of changes required and to assist in pricing the required changes; P_15_404_i_b: Use of parametric estimating methods/application of rough yardsticks (such as dollars per pound or per horsepower, or other units) to highlight significant inconsistencies that warrant additional pricing inquiry; P_15_404_i_c: Comparison with competitive published price lists, published market prices of commodities, similar indexes, and discount or rebate arrangements; P_15_404_i_d: Comparison of proposed prices with independent Government cost estimates; P_15_404_i_e: Comparison of proposed prices with prices obtained through market research for the same or similar items; P_15_404_i_f: Analysis of data other than certified cost or pricing data provided by the offeror","(P_15_404_i_a ∧ P_15_404_i_b ∧ P_15_404_i_c ∧ P_15_404_i_d ∧ P_15_404_i_e ∧ P_15_404_i_f)","None","Addition (Add): Rule 8; De Morgan's Rule (DM): Rule 9","VALID","PASS","PASS","No contradictions detected. Conjunction links co-required elements. Mandatory requirement; enforceable.","HIGH"
"15.4 (Cost/Price)","15.404_c2","P_15_404_c2","15.404(c) Preferred method of analysis . The techniques at 15.404-1(b)(1) and (2) are the preferred methods for price analysis. However, if the contracting officer determines that information on competitive proposed prices or previous contract prices is not available or is insufficient to determine that the price is fair and reasonable, the contracting officer may use any of the remaining techniques as appropriate to the circumstances applicable to the acquisition.The fact that a price is included in a catalog does not, in and of itself, make it fair and reasonable.","P_15_404_c2_a: (c) Preferred method of analysis . The techniques at 15.404-1(b); P_15_404_c2_b: are the preferred methods for price analysis. However, if the contracting officer determines that information on competitive proposed prices or previous contract prices is not available or is insufficient to determine that the price is fair and reasonable, the contracting officer may use any of the remaining techniques as appropriate to the circumstances applicable to the acquisition.The fact that a price is included in a catalog does not, in and of itself, make it fair and reasonable","(P_15_404_c2_a ∧ P_15_404_c2_b)","P_15_404_1","Addition (Add): Rule 8; De Morgan's Rule (DM): Rule 9","VALID","PASS","PASS","No contradictions detected. Conjunction links co-required elements. Permissive statement; optional action. Cross-references 1 other section(s).","HIGH"
"15.4 (Cost/Price)","15.404_d","P_15_404_d","15.404(d) Value analysis . Value analysis can give insight into the relative worth of a product and the Government may use it in conjunction with the price analysis techniques listed in paragraph (b) of this section.","P_15_404_d_a: (d) Value analysis . Value analysis can give insight into the relative worth of a product and the Government may use it in conjunction with the price analysis techniques listed in paragraph (b) of this section.","P_15_404_d_a","None","Simplification (Simp): Rule 6","VALID","PASS","PASS","No contradictions detected. Permissive statement; optional action.","HIGH"
"15.4 (Cost/Price)","15.404-2_a","P_15_404_2_a","15.404-2(a) General . Cost analysis is the review and evaluation of any separate cost elements and profit or fee in an offeror's or contractor's proposal, as needed to determine a fair and reasonable price or to determine cost realism, and the application of judgment to determine how well the proposed costs represent what the cost of the contract should be, assuming reasonable economy and efficiency.","P_15_404_2_a_a: (a) General . Cost analysis is the review and evaluation of any separate cost elements and profit or fee in an offeror's or contractor's proposal, as needed to determine a fair and reasonable price or to determine cost realism, and the application of judgment to determine how well the proposed costs represent what the cost of the contract should be, assuming reasonable economy and efficiency.","P_15_404_2_a_a","None","Simplification (Simp): Rule 6","VALID","PASS","PASS","No contradictions detected. Advisory guidance; recommended but not mandatory.","HIGH"
"15.4 (Cost/Price)","15.404-2_b","P_15_404_2_b","15.404-2(b) Techniques . The Government may use various cost analysis techniques and procedures to ensure a fair and reasonable price, including, but not limited to, the following: (1) Verification of cost data or pricing data and evaluation of cost elements, including—","P_15_404_2_b_a: (b) Techniques . The Government may use various cost analysis techniques and procedures to ensure a fair and reasonable price, including, but not limited to, the following:; P_15_404_2_b_b: Verification of cost data or pricing data and evaluation of cost elements, including—","(P_15_404_2_b_a ∧ P_15_404_2_b_b)","None","Addition (Add): Rule 8; De Morgan's Rule (DM): Rule 9","VALID","PASS","PASS","No contradictions detected. Conjunction links co-required elements. Permissive statement; optional action.","HIGH"
"15.4 (Cost/Price)","15.404-2_i","P_15_404_2_i","15.404-2(i) The necessity for, and reasonableness of, proposed costs, including allowances for contingencies; (ii) Projection of the offeror's cost trends, on the basis of current and historical cost or pricing data; (iii) Reasonableness of estimates generated by appropriately calibrated and validated parametric models or cost-estimating relationships; and (iv) The application of audited or negotiated indirect cost rates, labor rates, and cost of money or other factors. (2) Evaluating the effect of the offeror's current practices on future costs. In conducting this evaluation, contracting officers must ensure that the effects of inefficient or uneconomical past practices are not projected into the future. In pricing production of recently developed complex equipment, contracting officers should perform a trend analysis of basic labor and materials, even in periods of relative price stability. (3) Comparison of costs proposed by the offeror for individual cost elements with—","P_15_404_2_i_a: (i) The necessity for, and reasonableness of, proposed costs, including allowances for contingencies; P_15_404_2_i_b: (ii) Projection of the offeror's cost trends, on the basis of current and historical cost or pricing data; P_15_404_2_i_c: (iii) Reasonableness of estimates generated by appropriately calibrated and validated parametric models or cost-estimating relationships; P_15_404_2_i_d: and (iv) The application of audited or negotiated indirect cost rates, labor rates, and cost of money or other factors. (2) Evaluating the effect of the offeror's current practices on future costs. In conducting this evaluation, contracting officers must ensure that the effects of inefficient or uneconomical past practices are not projected into the future. In pricing production of recently developed complex equipment, contracting officers should perform a trend analysis of basic labor and materials, even in periods of relative price stability. (3) Comparison of costs proposed by the offeror for individual cost elements with—","(P_15_404_2_i_a ∧ P_15_404_2_i_b ∧ P_15_404_2_i_c ∧ P_15_404_2_i_d)","None","Addition (Add): Rule 8; De Morgan's Rule (DM): Rule 9","VALID","PASS","PASS","No contradictions detected. Conjunction links co-required elements. Mandatory requirement; enforceable.","HIGH"
"15.4 (Cost/Price)","15.404-2_i2","P_15_404_2_i2","15.404-2(i) Actual costs previously incurred by the same offeror; (ii) Previous cost estimates from the offeror or from other offerors for the same or similar items; (iii) Other cost estimates received in response to the Government's request; (iv) Independent Government cost estimates by technical personnel; and","P_15_404_2_i2_a: (i) Actual costs previously incurred by the same offeror; P_15_404_2_i2_b: (ii) Previous cost estimates from the offeror or from other offerors for the same or similar items; P_15_404_2_i2_c: (iii) Other cost estimates received in response to the Government's request; P_15_404_2_i2_d: (iv) Independent Government cost estimates by technical personnel","(P_15_404_2_i2_a ∧ P_15_404_2_i2_b ∧ P_15_404_2_i2_c ∧ P_15_404_2_i2_d)","None","Addition (Add): Rule 8","VALID","PASS","PASS","No contradictions detected. Conjunction links co-required elements. Regulatory statement properly represented.","HIGH"
"15.4 (Cost/Price)","15.404-2_v","P_15_404_2_v","15.404-2(v) Forecasts of planned expenditures. (4) Verification that the offeror's cost submissions are in accordance with the contract cost principles and procedures in part 31 and, when applicable, the requirements and procedures in 48 CFR chapter 99. (5) Review to determine whether any cost data or pricing data, necessary to make the offeror's proposal suitable for negotiation, have not been either submitted or identified in writing by the offeror. If there are such data, contracting officers must attempt to obtain and use them in the negotiations or make satisfactory allowance for the incomplete data. (6) Analysis of the results of any make-or-buy program reviews, in evaluating subcontract costs.","P_15_404_2_v_a: (v) Forecasts of planned expenditures; P_15_404_2_v_b: Verification that the offeror's cost submissions are in accordance with the contract cost principles and procedures in part 31 and, when applicable, the requirements and procedures in 48 CFR chapter 99; P_15_404_2_v_c: Review to determine whether any cost data or pricing data, necessary to make the offeror's proposal suitable for negotiation, have not been either submitted or identified in writing by the offeror. If there are such data, contracting officers must attempt to obtain and use them in the negotiations or make satisfactory allowance for the incomplete data; P_15_404_2_v_d: Analysis of the results of any make-or-buy program reviews, in evaluating subcontract costs","(P_15_404_2_v_a ∧ P_15_404_2_v_b ∧ P_15_404_2_v_c ∧ P_15_404_2_v_d)","None","Addition (Add): Rule 8; De Morgan's Rule (DM): Rule 9","VALID","PASS","PASS","No contradictions detected. Conjunction links co-required elements. Mandatory requirement; enforceable.","HIGH"
"15.4 (Cost/Price)","15.404-3_a","P_15_404_3_a","15.404-3(a) General . Cost realism analysis is the process of independently reviewing and evaluating specific elements of each offeror's proposed cost estimate to determine whether the estimated proposed cost elements are realistic for the work to be performed; reflect a clear understanding of the requirements; and are consistent with the unique methods of performance and materials described in the offeror's technical proposal.","P_15_404_3_a_a: (a) General . Cost realism analysis is the process of independently reviewing and evaluating specific elements of each offeror's proposed cost estimate to determine whether the estimated proposed cost elements are realistic for the work to be performed; P_15_404_3_a_b: reflect a clear understanding of the requirements; P_15_404_3_a_c: and are consistent with the unique methods of performance and materials described in the offeror's technical proposal","(P_15_404_3_a_a ∧ P_15_404_3_a_b ∧ P_15_404_3_a_c)","None","Conjunction (Conj): Rule 7","VALID","PASS","PASS","No contradictions detected. Conjunction links co-required elements. Regulatory statement properly represented.","HIGH"
"15.4 (Cost/Price)","15.404-3_b","P_15_404_3_b","15.404-3(b) Probable Cost . Cost realism analyses must be performed on cost-reimbursement contacts to determine the probable cost of performance for each offeror. (1) The probable cost may differ from the proposed cost and should reflect the Government's best estimate of the cost of any contract that is most likely to result from the offeror's proposal. The probable cost must be used for purposes of evaluation to determine the best value. (2) The probable cost is determined by adjusting each offeror's proposed cost, and fee when appropriate, to reflect any additions or reductions in cost elements to realistic levels based on the results of the cost realism analysis.","P_15_404_3_b_a: (b) Probable Cost . Cost realism analyses must be performed on cost-reimbursement contacts to determine the probable cost of performance for each offeror; P_15_404_3_b_b: The probable cost may differ from the proposed cost and should reflect the Government's best estimate of the cost of any contract that is most likely to result from the offeror's proposal. The probable cost must be used for purposes of evaluation to determine the best value; P_15_404_3_b_c: The probable cost is determined by adjusting each offeror's proposed cost, and fee when appropriate, to reflect any additions or reductions in cost elements to realistic levels based on the results of the cost realism analysis","(P_15_404_3_b_a ∧ P_15_404_3_b_b ∧ P_15_404_3_b_c)","None","Addition (Add): Rule 8","VALID","PASS","PASS","No contradictions detected. Conjunction links co-required elements. Mandatory requirement; enforceable.","HIGH"
"15.4 (Cost/Price)","15.404-3_c","P_15_404_3_c","15.404-3(c) Competitive fixed-price-type contracts . Cost realism analyses may also be used on competitive fixed-price incentive contracts or, in exceptional cases, on other competitive fixed-price-type contracts when new requirements may not be fully understood by competing offerors, there are quality concerns, or past experience indicates that contractors' proposed costs have resulted in quality or service shortfalls. Results of the analysis may be used in performance risk assessments and responsibility determinations. However, proposals must be evaluated using the criteria in the RFP, and the offered prices must not be adjusted as a result of the analysis.","P_15_404_3_c_a: (c) Competitive fixed-price-type contracts . Cost realism analyses may also be used on competitive fixed-price incentive contracts or, in exceptional cases, on other competitive fixed-price-type contracts when new requirements may not be fully understood by competing offerors, there are quality concerns, or past experience indicates that contractors' proposed costs have resulted in quality or service shortfalls. Results of the analysis may be used in performance risk assessments and responsibili","P_15_404_3_c_a","None","De Morgan's Rule (DM): Rule 9","VALID","PASS","PASS","No contradictions detected. Mandatory requirement; enforceable. Long single proposition; further decomposition may improve precision.","MEDIUM"
"15.4 (Cost/Price)","15.404-4_a","P_15_404_4_a","15.404-4(a) Labor and materials . At a minimum, the technical analysis must examine the types and quantities of material proposed and the need for the types and quantities of labor hours and the labor mix. Any other data that may be pertinent to an assessment of the offeror's ability to accomplish the technical requirements or to the cost or price analysis of the service or product being proposed should also be included in the analysis.","P_15_404_4_a_a: (a) Labor and materials . At a minimum, the technical analysis must examine the types and quantities of material proposed and the need for the types and quantities of labor hours and the labor mix. Any other data that may be pertinent to an assessment of the offeror's ability to accomplish the technical requirements or to the cost or price analysis of the service or product being proposed should also be included in the analysis.","P_15_404_4_a_a","None","Simplification (Simp): Rule 6","VALID","PASS","PASS","No contradictions detected. Mandatory requirement; enforceable. Long single proposition; further decomposition may improve precision.","MEDIUM"
"15.4 (Cost/Price)","15.404-4_b","P_15_404_4_b","15.404-4(b) Technical assistance . Contracting officers should request: (1) Personnel having specialized knowledge, skills, experience, or capability in engineering, science, or management perform a technical analysis of the proposed types and quantities of materials, labor, processes, special tooling, equipment or real property, the reasonableness of scrap and spoilage, and other associated factors set forth in the proposal(s) in order to determine the need for and reasonableness of the proposed resources, assuming reasonable economy and efficiency. (2) Technical assistance in evaluating pricing related to items that are “similar to” items being purchased, or commercial products or commercial services that are “of a type”, or requiring minor modifications for commercial products, to ascertain the magnitude of changes required and to assist in pricing the required changes.","P_15_404_4_b_a: (b) Technical assistance . Contracting officers should request:; P_15_404_4_b_b: Personnel having specialized knowledge, skills, experience, or capability in engineering, science, or management perform a technical analysis of the proposed types and quantities of materials, labor, processes, special tooling, equipment or real property, the reasonableness of scrap and spoilage, and other associated factors set forth in the proposal(s) in order to determine the need for and reasonableness of the proposed resources, assuming reasonable economy and efficiency; P_15_404_4_b_c: Technical assistance in evaluating pricing related to items that are “similar to” items being purchased, or commercial products or commercial services that are “of a type”, or requiring minor modifications for commercial products, to ascertain the magnitude of changes required and to assist in pricing the required changes","(P_15_404_4_b_a ∧ P_15_404_4_b_b ∧ P_15_404_4_b_c)","None","Addition (Add): Rule 8","VALID","PASS","PASS","No contradictions detected. Conjunction links co-required elements. Advisory guidance; recommended but not mandatory.","HIGH"
"15.4 (Cost/Price)","15.404-5_a","P_15_404_5_a","15.404-5(a) General . Except when pricing an item on the basis of adequate price competition or catalog or market price, unit prices must reflect the intrinsic value of an item or service and be in proportion to an item's base cost (e.g., manufacturing or acquisition costs).","P_15_404_5_a_a: (a) General . Except when pricing an item on the basis of adequate price competition or catalog or market price, unit prices must reflect the intrinsic value of an item or service and be in proportion to an item's base cost (e.g., manufacturing or acquisition costs).","P_15_404_5_a_a","None","Simplification (Simp): Rule 6","VALID","PASS","PASS","No contradictions detected. Mandatory requirement; enforceable.","HIGH"
"15.4 (Cost/Price)","15.404-5_b","P_15_404_5_b","15.404-5(b) Price distortion . (1) Except for the acquisition of commercial products, when offerors identify items of supply that they will not manufacture or to which they will not contribute significant value, the information must be used to determine whether the intrinsic value of an item has been distorted through application of overhead and whether such items should be considered for breakout. (2) Any method of distributing costs to line items that distorts the unit prices must not be used. For example, distributing costs equally among line items is not acceptable except when there is little or no variation in base cost. (10 U.S.C. 3703(a)(1)(A) and 41 U.S.C. 3503(a)(1)(A)).","P_15_404_5_b_a: (b) Price distortion ; P_15_404_5_b_b: Except for the acquisition of commercial products, when offerors identify items of supply that they will not manufacture or to which they will not contribute significant value, the information must be used to determine whether the intrinsic value of an item has been distorted through application of overhead and whether such items should be considered for breakout; P_15_404_5_b_c: Any method of distributing costs to line items that distorts the unit prices must not be used. For example, distributing costs equally among line items is not acceptable except when there is little or no variation in base cost. (10 U.S.C. 3703(a); P_15_404_5_b_d: (A) and 41 U.S.C. 3503(a)","(P_15_404_5_b_a ∧ P_15_404_5_b_b ∧ P_15_404_5_b_c ∧ P_15_404_5_b_d)","None","Addition (Add): Rule 8; De Morgan's Rule (DM): Rule 9","VALID","PASS","PASS","No contradictions detected. Conjunction links co-required elements. Mandatory requirement; enforceable.","HIGH"
"15.4 (Cost/Price)","15.404-6_a","P_15_404_6_a","15.404-6(a) General. (1) Unbalanced pricing may increase performance risk and could result in payment of unreasonably high prices. Unbalanced pricing exists when, despite an acceptable total evaluated price, the price of one or more line items is significantly over or understated as indicated by the application of cost or price analysis techniques. (2) The greatest risks associated with unbalanced pricing occur when—","P_15_404_6_a_a: Unbalanced pricing may increase performance risk and could result in payment of unreasonably high prices. Unbalanced pricing exists when, despite an acceptable total evaluated price, the price of one or more line items is significantly over or understated as indicated by the application of cost or price analysis techniques; P_15_404_6_a_b: The greatest risks associated with unbalanced pricing occur when—","(P_15_404_6_a_a ∧ P_15_404_6_a_b)","None","Addition (Add): Rule 8","VALID","PASS","PASS","No contradictions detected. Conjunction links co-required elements. Permissive statement; optional action.","HIGH"
"15.4 (Cost/Price)","15.404-6_i","P_15_404_6_i","15.404-6(i) Startup work, mobilization, first articles, or first article testing are separate line items; (ii) Base quantities and option quantities are separate line items; or (iii) The evaluated price is the aggregate of estimated quantities to be ordered under separate line items of an indefinite-delivery contract.","P_15_404_6_i_a: (i) Startup work, mobilization, first articles, or first article testing are separate line items; P_15_404_6_i_b: (ii) Base quantities and option quantities are separate line items; P_15_404_6_i_c: or (iii) The evaluated price is the aggregate of estimated quantities to be ordered under separate line items of an indefinite-delivery contract","(P_15_404_6_i_a ∧ P_15_404_6_i_b ∧ P_15_404_6_i_c)","None","Addition (Add): Rule 8","VALID","PASS","PASS","No contradictions detected. Conjunction links co-required elements. Regulatory statement properly represented.","HIGH"
"15.4 (Cost/Price)","15.404-6_b","P_15_404_6_b","15.404-6(b) Policy . (1) All offers with separately priced line items or subline items must be analyzed to determine if the prices are unbalanced. If cost or price analysis techniques indicate that an offer is unbalanced, contracting officers must—","P_15_404_6_b_a: (b) Policy . (1) All offers with separately priced line items or subline items must be analyzed to determine if the prices are unbalanced. If cost or price analysis techniques indicate that an offer is unbalanced, contracting officers must—","P_15_404_6_b_a","None","Simplification (Simp): Rule 6","VALID","PASS","PASS","No contradictions detected. Mandatory requirement; enforceable.","HIGH"
"15.4 (Cost/Price)","15.404-6_i2","P_15_404_6_i2","15.404-6(i) Consider the risks to the Government associated with the unbalanced pricing in determining the competitive range and in making the source selection decision; and (ii) Consider whether award of the contract will result in paying unreasonably high prices for contract performance. (2) An offer may be rejected if the contracting officer determines that the lack of balance poses an unacceptable risk to the Government.","P_15_404_6_i2_a: (i) Consider the risks to the Government associated with the unbalanced pricing in determining the competitive range and in making the source selection decision; P_15_404_6_i2_b: and (ii) Consider whether award of the contract will result in paying unreasonably high prices for contract performance. (2) An offer may be rejected if the contracting officer determines that the lack of balance poses an unacceptable risk to the Government","(P_15_404_6_i2_a ∧ P_15_404_6_i2_b)","None","Conjunction (Conj): Rule 7","VALID","PASS","PASS","No contradictions detected. Conjunction links co-required elements. Permissive statement; optional action.","HIGH"
"15.4 (Cost/Price)","15.404-7","P_15_404_7","15.404-7 Review and justification of pass-through contracts.","P_15_404_7_a: 15.404-7 Review and justification of pass-through contracts.","P_15_404_7_a","None","Simplification (Simp): Rule 6","VALID","PASS","PASS","No contradictions detected. Regulatory statement properly represented.","HIGH"
"15.4 (Cost/Price)","15.404-7_a","P_15_404_7_a","15.404-7(a) Policy. When an offeror informs the contracting officer, pursuant to clause 52.215-22, Limitations on Pass-Through Charges-Identification of Subcontractor Effort , that it intends to award subcontracts for more than 70 percent of the total cost of work to be performed under the contract, task or delivery order, the contracting officer must— (1) Consider the availability of alternative contract vehicles and the feasibility of contracting directly with a subcontractor or subcontractors that will perform the bulk of the work. If such alternative approaches are selected, any resulting RFP must be issued in accordance with the competition requirements under FAR part 6; (2) Make a written determination that the contracting approach selected is in the best interest of the Government; and (3) Document the basis for such determination. (section 802 of the NDAA for FY 2013 (Pub. L. 112.239)).","P_15_404_7_a_a: (a) Policy. When an offeror informs the contracting officer, pursuant to clause 52.215-22, Limitations on Pass-Through Charges-Identification of Subcontractor Effort , that it intends to award subcontracts for more than 70 percent of the total cost of work to be performed under the contract, task or delivery order, the contracting officer must— (1) Consider the availability of alternative contract vehicles and the feasibility of contracting directly with a subcontractor or subcontractors that will perform the bulk of the work. If such alternative approaches are selected, any resulting RFP must be issued in accordance with the competition requirements under FAR part 6; P_15_404_7_a_b: (2) Make a written determination that the contracting approach selected is in the best interest of the Government; P_15_404_7_a_c: and (3) Document the basis for such determination. (section 802 of the NDAA for FY 2013 (Pub. L. 112.239))","(P_15_404_7_a_a ∧ P_15_404_7_a_b ∧ P_15_404_7_a_c)","None","Addition (Add): Rule 8","VALID","PASS","PASS","No contradictions detected. Conjunction links co-required elements. Mandatory requirement; enforceable.","HIGH"
"15.4 (Cost/Price)","15.404-7_b","P_15_404_7_b","15.404-7(b) Exemption . Contract actions set aside for small business, 8(a), HUBZone, SDVOSB, and WOSB concerns are exempt from the requirements of this subsection (see section 1615 of the NDAA for FY 2014 (Pub. L. 113-66)).","P_15_404_7_b_a: (b) Exemption . Contract actions set aside for small business, 8(a), HUBZone, SDVOSB, and WOSB concerns are exempt from the requirements of this subsection (see section 1615 of the NDAA for FY 2014 (Pub. L. 113-66)).","P_15_404_7_b_a","None","Simplification (Simp): Rule 6","VALID","PASS","PASS","No contradictions detected. Regulatory statement properly represented.","HIGH"
"15.4 (Cost/Price)","15.404-8_a","P_15_404_8_a","15.404-8(a) Policy . Contracting officers are responsible for the determination of a fair and reasonable price for the prime contract, including subcontracting costs. To support this effort, the prime contractor or subcontractor must— (1) Conduct appropriate cost or price analyses to establish the reasonableness of proposed subcontract prices; (2) Include the results of these analyses in the price proposal; and (3) When required by paragraph (b) of this subsection, submit subcontractor certified cost or pricing data to the Government as part of its own certified cost or pricing data.","P_15_404_8_a_a: (a) Policy . Contracting officers are responsible for the determination of a fair and reasonable price for the prime contract, including subcontracting costs. To support this effort, the prime contractor or subcontractor must— (1) Conduct appropriate cost or price analyses to establish the reasonableness of proposed subcontract prices; P_15_404_8_a_b: (2) Include the results of these analyses in the price proposal; P_15_404_8_a_c: and (3) When required by paragraph (b) of this subsection, submit subcontractor certified cost or pricing data to the Government as part of its own certified cost or pricing data","(P_15_404_8_a_a ∧ P_15_404_8_a_b ∧ P_15_404_8_a_c)","None","Addition (Add): Rule 8","VALID","PASS","PASS","No contradictions detected. Conjunction links co-required elements. Mandatory requirement; enforceable.","HIGH"
"15.4 (Cost/Price)","15.404-8_b","P_15_404_8_b","15.404-8(b) Certified cost or pricing data . Any contractor or subcontractor that is required to submit certified cost or pricing data also must obtain and analyze certified cost or pricing data before awarding any subcontract, purchase order, or modification expected to exceed the certified cost or pricing data threshold, unless an exception in 15.403-2 applies to that action. (1) The contractor must submit, or cause to be submitted by the subcontractor(s), certified cost or pricing data to the Government for subcontracts that are the lower of either—","P_15_404_8_b_a: (b) Certified cost or pricing data . Any contractor or subcontractor that is required to submit certified cost or pricing data also must obtain and analyze certified cost or pricing data before awarding any subcontract, purchase order, or modification expected to exceed the certified cost or pricing data threshold; P_15_404_8_b_b: Exception: an exception in 15.403-2 applies to that action. (1) The contractor must submit, or cause to be submitted by the subcontractor(s), certified cost or pricing data to the Government for subcontracts that are the lower of either—","(P_15_404_8_b_a ∨ P_15_404_8_b_b)","P_15_403_2","Disjunctive Syllogism (DS): Rule 4; Addition (Add): Rule 8","VALID","PASS","PASS","No contradictions detected. Disjunction represents valid alternatives. Mandatory requirement; enforceable. Cross-references 1 other section(s).","HIGH"
"15.4 (Cost/Price)","15.404-8_i","P_15_404_8_i","15.404-8(i) $20 million or more; or (ii) Both more than the pertinent certified cost or pricing data threshold and more than 10 percent of the prime contractor's proposed price, unless the contracting officer believes such submission is unnecessary. (2) Contracting officers should require the contractor or subcontractor to submit to the Government (or cause submission of) subcontractor certified cost or pricing data below the thresholds in paragraph (b)(1) of this section and data other than certified cost or pricing data that the contracting officer considers necessary for adequately pricing the prime contract. (3) Subcontractor certified cost or pricing data must be submitted in the format provided in Table 15-1 of 15.408-2 or the alternate format specified in the RFP. (4) Subcontractor certified cost or pricing data must be current, accurate, and complete as of the date of price agreement, or, if applicable, an earlier date agreed upon by the parties and specified on the contractor's Certificate of Current Cost or Pricing Data. Contractors must update subcontractor's data, as appropriate, during source selection and negotiations. (5) If there is more than one prospective subcontractor for any given work, the contractor need only submit to the Government certified cost or pricing data for the prospective subcontractor most likely to receive the award.","P_15_404_8_i_a: (i) $20 million or more; or (ii) Both more than the pertinent certified cost or pricing data threshold and more than 10 percent of the prime contractor's proposed price; P_15_404_8_i_b: Exception: the contracting officer believes such submission is unnecessary. (2) Contracting officers should require the contractor or subcontractor to submit to the Government (or cause submission of) subcontractor certified cost or pricing data below the thresholds in paragraph (b)(1) of this section and data other than certified cost or pricing data that the contracting officer considers necessary for adequately pricing the prime contract. (3) Subcontractor certified cost or pricing data must be submitted in the format provided in Table 15-1 of 15.408-2 or the alternate format specified in the RFP. (4) Subcontractor certified cost or pricing data must be current, accurate, and complete as of the date of price agreement, or, if applicable, an earlier date agreed upon by the parties and specified on the contractor's Certificate of Current Cost or Pricing Data. Contractors must update subcontractor's data, as appropriate, during source selection and negotiations. (5) If there is more than one prospective subcontractor for any given work, the contractor need only submit to the Government certified cost or pricing data for the prospective subcontractor most likely to receive the award","(P_15_404_8_i_a ∨ P_15_404_8_i_b)","P_15_408_2","Disjunctive Syllogism (DS): Rule 4; Addition (Add): Rule 8","VALID","PASS","PASS","No contradictions detected. Disjunction represents valid alternatives. Mandatory requirement; enforceable. Cross-references 1 other section(s).","HIGH"
"15.4 (Cost/Price)","15.404-8_c","P_15_404_8_c","15.404-8(c) Approved purchasing system . Contracting officers should consider whether a contractor or subcontractor has an approved purchasing system, has performed cost or price analysis of proposed subcontractor prices, or has negotiated the subcontract prices before negotiation of the prime contract, in determining the reasonableness of the prime contract price. This does not relieve contracting officers from the responsibility to analyze the contractor's submission, including subcontractor's certified cost or pricing data.","P_15_404_8_c_a: (c) Approved purchasing system . Contracting officers should consider whether a contractor or subcontractor has an approved purchasing system, has performed cost or price analysis of proposed subcontractor prices, or has negotiated the subcontract prices before negotiation of the prime contract, in determining the reasonableness of the prime contract price. This does not relieve contracting officers from the responsibility to analyze the contractor's submission, including subcontractor's certifi","P_15_404_8_c_a","None","De Morgan's Rule (DM): Rule 9","VALID","PASS","PASS","No contradictions detected. Advisory guidance; recommended but not mandatory. Long single proposition; further decomposition may improve precision.","MEDIUM"
"15.4 (Cost/Price)","15.404-9_a","P_15_404_9_a","15.404-9(a) General . This subsection prescribes policies for establishing the profit or fee portion of the Government prenegotiation objective in price negotiations based on cost analysis.","P_15_404_9_a_a: (a) General . This subsection prescribes policies for establishing the profit or fee portion of the Government prenegotiation objective in price negotiations based on cost analysis.","P_15_404_9_a_a","None","Simplification (Simp): Rule 6","VALID","PASS","PASS","No contradictions detected. Regulatory statement properly represented.","HIGH"
"15.4 (Cost/Price)","15.404-9_b","P_15_404_9_b","15.404-9(b) Policy . Structured approaches (see paragraph (d) of this subsection) for determining profit or fee prenegotiation objectives provide a discipline for ensuring that all relevant factors are considered. (1) Subject to the authorities in part 1, agencies making noncompetitive contract awards over $100,000 totaling $50 million or more a year—","P_15_404_9_b_a: (b) Policy . Structured approaches (see paragraph (d) of this subsection) for determining profit or fee prenegotiation objectives provide a discipline for ensuring that all relevant factors are considered; P_15_404_9_b_b: Subject to the authorities in part 1, agencies making noncompetitive contract awards over $100,000 totaling $50 million or more a year—","(P_15_404_9_b_a ∨ P_15_404_9_b_b)","None","Addition (Add): Rule 8","VALID","PASS","PASS","No contradictions detected. Disjunction represents valid alternatives. Regulatory statement properly represented.","HIGH"
"15.4 (Cost/Price)","15.404-9_i","P_15_404_9_i","15.404-9(i) Must use a structured approach for determining the profit or fee objective in those acquisitions that require cost analysis (Agencies may use another agency's structured approach); and (ii) May prescribe specific exemptions for situations in which mandatory use of a structured approach would be clearly inappropriate. (2) When the price negotiation is based on cost analysis, contracting officers in agencies that have a structured approach must use it to analyze profit. When not using a structured approach, contracting officers must comply with paragraph (d)(1) of this subsection in developing profit or fee prenegotiation objectives. (3) When the price negotiation is not based on cost analysis, contracting officers are not required to analyze profit.","P_15_404_9_i_a: (i) Must use a structured approach for determining the profit or fee objective in those acquisitions that require cost analysis (Agencies may use another agency's structured approach); P_15_404_9_i_b: and (ii) May prescribe specific exemptions for situations in which mandatory use of a structured approach would be clearly inappropriate. (2) When the price negotiation is based on cost analysis, contracting officers in agencies that have a structured approach must use it to analyze profit. When not using a structured approach, contracting officers must comply with paragraph (d)(1) of this subsection in developing profit or fee prenegotiation objectives. (3) When the price negotiation is not based on cost analysis, contracting officers are not required to analyze profit","(P_15_404_9_i_a ∧ P_15_404_9_i_b)","None","Addition (Add): Rule 8; De Morgan's Rule (DM): Rule 9","VALID","PASS","PASS","No contradictions detected. Conjunction links co-required elements. Mandatory requirement; enforceable.","HIGH"
"15.4 (Cost/Price)","15.404-9_c","P_15_404_9_c","15.404-9(c) Contracting officer responsibilities . Contracting officers – (1) Must use the Government prenegotiation cost objective amounts as the basis for calculating the profit or fee prenegotiation objective. (2) Must not require any prospective contractor to submit breakouts or supporting rationale for its profit or fee objective but may consider it, if it is submitted voluntarily. (3) Before applying profit or fee factors, must exclude-","P_15_404_9_c_a: (c) Contracting officer responsibilities . Contracting officers –; P_15_404_9_c_b: Must use the Government prenegotiation cost objective amounts as the basis for calculating the profit or fee prenegotiation objective; P_15_404_9_c_c: Must not require any prospective contractor to submit breakouts or supporting rationale for its profit or fee objective but may consider it, if it is submitted voluntarily; P_15_404_9_c_d: Before applying profit or fee factors, must exclude-","(P_15_404_9_c_a ∨ P_15_404_9_c_b ∨ P_15_404_9_c_c ∨ P_15_404_9_c_d)","None","Addition (Add): Rule 8; De Morgan's Rule (DM): Rule 9","VALID","PASS","PASS","No contradictions detected. Disjunction represents valid alternatives. Mandatory requirement; enforceable.","HIGH"
"15.4 (Cost/Price)","15.404-9_i2","P_15_404_9_i2","15.404-9(i) From the pre-negotiation cost objective amounts, the purchase cost of contractor-acquired property that is categorized as equipment, as defined in FAR 45, and where such equipment is to be charged directly to the contract; and (ii) Facilities capital cost of money included in the cost objective amounts. If the prospective contractor fails to identify or propose facilities capital cost of money in a proposal for a contract that will be subject to the cost principles for contracts with commercial organizations, facilities capital cost of money will not be an allowable cost in any resulting contract. (4) Must not negotiate a price or fee that exceeds the following statutory limitations, imposed by 10 U.S.C. 3322(b) and 41 U.S.C. 3905:","P_15_404_9_i2_a: (i) From the pre-negotiation cost objective amounts, the purchase cost of contractor-acquired property that is categorized as equipment, as defined in FAR 45, and where such equipment is to be charged directly to the contract; P_15_404_9_i2_b: and (ii) Facilities capital cost of money included in the cost objective amounts. If the prospective contractor fails to identify or propose facilities capital cost of money in a proposal for a contract that will be subject to the cost principles for contracts with commercial organizations, facilities capital cost of money will not be an allowable cost in any resulting contract. (4) Must not negotiate a price or fee that exceeds the following statutory limitations, imposed by 10 U.S.C. 3322(b) and 41 U.S.C. 3905:","(P_15_404_9_i2_a ∧ P_15_404_9_i2_b)","None","Addition (Add): Rule 8; De Morgan's Rule (DM): Rule 9","VALID","PASS","PASS","No contradictions detected. Conjunction links co-required elements. Mandatory requirement; enforceable.","HIGH"
"15.4 (Cost/Price)","15.404-9_i3","P_15_404_9_i3","15.404-9(i) For experimental, developmental, or research work performed under a cost-plus-fixed-fee contract, the fee must not exceed 15 percent of the contract's estimated cost, excluding fee. (ii) For architect-engineer services for public works or utilities, the contract price or the estimated cost and fee for production and delivery of designs, plans, drawings, and specifications must not exceed 6 percent of the estimated cost of construction of the public work or utility, excluding fees. (iii) For other cost-plus-fixed-fee contracts, the fee must not exceed 10 percent of the contract's estimated cost, excluding fee. (iv) The contracting officer's signature on the price negotiation memorandum or other documentation supporting determination of fair and reasonable price documents the contracting officer's determination that the statutory price or fee limitations have not been exceeded. (5) May use the basic contract's profit or fee rate as the prenegotiation objective for a change or modification, if that change or modification calls for essentially the same type and mix of work as the basic contract and is of relatively small dollar value compared to the total contract value, contracting officers.","P_15_404_9_i3_a: (i) For experimental, developmental, or research work performed under a cost-plus-fixed-fee contract, the fee must not exceed 15 percent of the contract's estimated cost, excluding fee. (ii) For architect-engineer services for public works or utilities, the contract price or the estimated cost and fee for production and delivery of designs, plans, drawings, and specifications must not exceed 6 percent of the estimated cost of construction of the public work or utility, excluding fees. (iii) For other cost-plus-fixed-fee contracts, the fee must not exceed 10 percent of the contract's estimated cost, excluding fee. (iv) The contracting officer's signature on the price negotiation memorandum or other documentation supporting determination of fair and reasonable price documents the contracting officer's determination that the statutory price or fee limitations have not been exceeded; P_15_404_9_i3_b: May use the basic contract's profit or fee rate as the prenegotiation objective for a change or modification, if that change or modification calls for essentially the same type and mix of work as the basic contract and is of relatively small dollar value compared to the total contract value, contracting officers","(P_15_404_9_i3_a ∧ P_15_404_9_i3_b)","None","Addition (Add): Rule 8; De Morgan's Rule (DM): Rule 9","VALID","PASS","PASS","No contradictions detected. Conjunction links co-required elements. Mandatory requirement; enforceable.","HIGH"
"15.4 (Cost/Price)","15.404-9_d","P_15_404_9_d","15.404-9(d) Profit-analysis factors — (1) Common factors . Unless it is clearly inappropriate or not applicable, each factor outlined in paragraphs (d)(1)(i) through (vi) of this subsection must be considered by agencies in developing their structured approaches and by contracting officers in analyzing profit, whether or not using a structured approach.","P_15_404_9_d_a: (d) Profit-analysis factors — (1) Common factors .; P_15_404_9_d_b: Exception: it is clearly inappropriate or not applicable, each factor outlined in paragraphs (d)(1)(i) through (vi) of this subsection must be considered by agencies in developing their structured approaches and by contracting officers in analyzing profit, whether or not using a structured approach","(P_15_404_9_d_a ∨ P_15_404_9_d_b)","None","Disjunctive Syllogism (DS): Rule 4; Addition (Add): Rule 8; De Morgan's Rule (DM): Rule 9","VALID","PASS","PASS","No contradictions detected. Disjunction represents valid alternatives. Mandatory requirement; enforceable.","HIGH"
"15.4 (Cost/Price)","15.404-9_i4","P_15_404_9_i4","15.404-9(i) Contractor effort . This factor measures the complexity of the work and the resources required of the prospective contractor for contract performance. Greater profit opportunity should be provided under contracts requiring a high degree of professional and managerial skill and to prospective contractors whose skills, facilities, and technical assets can be expected to lead to efficient and economical contract performance. The subfactors in paragraphs (d)(1)(i)(A) through (D) of this subsection must be considered in determining contractor effort, but they may be modified in specific situations to accommodate differences in the categories used by prospective contractors for listing costs— (A) Material acquisition . This subfactor measures the managerial and technical effort needed to obtain the required purchased parts and material, subcontracted items, and special tooling. Considerations include the complexity of the items required, the number of purchase orders and subcontracts to be awarded and administered, whether established sources are available or new or second sources must be developed, and whether material will be obtained through routine purchase orders or through complex subcontracts requiring detailed specifications. Profit consideration should correspond to the managerial and technical effort involved. (B) Conversion direct labor . This subfactor measures the contribution of direct engineering, manufacturing, and other labor to converting the raw materials, data, and subcontracted items into the contract items. Considerations include the diversity of engineering, scientific, and manufacturing labor skills required and the amount and quality of supervision and coordination needed to perform the contract task. (C) Conversion-related indirect costs . This subfactor measures how much the indirect costs contribute to contract performance. The labor elements in the allocable indirect costs should be given the profit consideration they would receive if treated as direct labor. The other elements of indirect costs should be evaluated to determine whether they merit only limited profit consideration because of their routine nature, or are elements that contribute significantly to the proposed contract. (D) General management . This subfactor measures the prospective contractor's other indirect costs and general and administrative (G&amp;A) expense, their composition, and how much they contribute to contract performance. Considerations include how labor in the overhead pools would be treated if it were direct labor, whether elements within the pools are routine expenses or instead are elements that contribute significantly to the proposed contract, and whether the elements require routine as opposed to unusual managerial effort and attention. (ii) Contract cost risk . (A) This factor measures the degree of cost responsibility and associated risk that the prospective contractor will assume as a result of the contract t...","P_15_404_9_i4_a: (i) Contractor effort . This factor measures the complexity of the work and the resources required of the prospective contractor for contract performance. Greater profit opportunity should be provided under contracts requiring a high degree of professional and managerial skill and to prospective contractors whose skills, facilities, and technical assets can be expected to lead to efficient and economical contract performance. The subfactors in paragraphs (d)(1)(i)(A) through (D) of this subsection must be considered in determining contractor effort, but they may be modified in specific situations to accommodate differences in the categories used by prospective contractors for listing costs— (A) Material acquisition . This subfactor measures the managerial and technical effort needed to obtain the required purchased parts and material, subcontracted items, and special tooling. Considerations include the complexity of the items required, the number of purchase orders and subcontracts to be awarded and administered, whether established sources are available or new or second sources must be developed, and whether material will be obtained through routine purchase orders or through complex subcontracts requiring detailed specifications. Profit consideration should correspond to the managerial and technical effort involved. (B) Conversion direct labor . This subfactor measures the contribution of direct engineering, manufacturing, and other labor to converting the raw materials, data, and subcontracted items into the contract items. Considerations include the diversity of engineering, scientific, and manufacturing labor skills required and the amount and quality of supervision and coordination needed to perform the contract task. (C) Conversion-related indirect costs . This subfactor measures how much the indirect costs contribute to contract performance. The labor elements in the allocable indirect costs should be given the profit consideration they would receive if treated as direct labor. The other elements of indirect costs should be evaluated to determine whether they merit only limited profit consideration because of their routine nature, or are elements that contribute significantly to the proposed contract. (D) General management . This subfactor measures the prospective contractor's other indirect costs and general and administrative (G&amp; P_15_404_9_i4_b: A) expense, their composition, and how much they contribute to contract performance. Considerations include how labor in the overhead pools would be treated if it were direct labor, whether elements within the pools are routine expenses or instead are elements that contribute significantly to the proposed contract, and whether the elements require routine as opposed to unusual managerial effort and attention. (ii) Contract cost risk . (A) This factor measures the degree of cost responsibility and associated risk that the prospective contractor will assume as a result of the contract type contemplated and considering the reliability of the cost estimate in relation to the complexity and duration of the contract task. Determination of contract type should be closely related to the risks involved in timely, cost-effective, and efficient performance. This factor should compensate contractors proportionately for assuming greater cost risks. (B) The contractor assumes the greatest cost risk in a closely priced firm-fixed-price contract under which it agrees to perform a complex undertaking on time and at a predetermined price. Some firm-fixed-price contracts may entail substantially less cost risk than others because, for example, the contract task is less complex or many of the contractor's costs are known at the time of price agreement, in which case the risk factor should be reduced accordingly. The contractor assumes the least cost risk in a cost-plus-fixed-fee level-of-effort contract, under which it is reimbursed those costs determined to be allocable and allowable, plus the fixed fee. (C) In evaluating assumption of cost risk, contracting officers must, except in unusual circumstances, treat time-and-materials, labor-hour, and firm-fixed-price, level-of-effort term contracts as cost-plus-fixed-fee contracts. (iii) Federal socioeconomic programs . This factor measures the degree of support given by the prospective contractor to Federal socioeconomic programs, such as those involving small business concerns, small business concerns owned and controlled by socially and economically disadvantaged individuals, WOSB concerns, veteran-owned, HUBZone, SDVOSB concerns, sheltered workshops for workers with disabilities, and energy conservation. Greater profit opportunity should be provided contractors that have displayed unusual initiative in these programs. (iv) Capital investments . This factor takes into account the contribution of contractor investments to efficient and economical contract performance","(P_15_404_9_i4_a ∧ P_15_404_9_i4_b)","None","Addition (Add): Rule 8","VALID","PASS","PASS","No contradictions detected. Conjunction links co-required elements. Mandatory requirement; enforceable. Complex section with limited decomposition.","MEDIUM"
"15.4 (Cost/Price)","15.404-9_v","P_15_404_9_v","15.404-9(v) Cost-control and other past accomplishments . This factor allows additional profit opportunities to a prospective contractor that has previously demonstrated its ability to perform similar tasks effectively and economically. In addition, consideration should be given to measures taken by the prospective contractor that result in productivity improvements, and other cost-reduction accomplishments that will benefit the Government in follow-on contracts. (vi) Independent development . Under this factor, the contractor may be provided additional profit opportunities in recognition of independent development efforts relevant to the contract end item without Government assistance. The contracting officer should consider whether the development cost was recovered directly or indirectly from Government sources. (2) Additional factors . In order to foster achievement of program objectives, each agency may include additional factors in its structured approach or take them into account in the profit analysis of individual contract actions.","P_15_404_9_v_a: (v) Cost-control and other past accomplishments . This factor allows additional profit opportunities to a prospective contractor that has previously demonstrated its ability to perform similar tasks effectively and economically. In addition, consideration should be given to measures taken by the prospective contractor that result in productivity improvements, and other cost-reduction accomplishments that will benefit the Government in follow-on contracts. (vi) Independent development . Under this factor, the contractor may be provided additional profit opportunities in recognition of independent development efforts relevant to the contract end item without Government assistance. The contracting officer should consider whether the development cost was recovered directly or indirectly from Government sources; P_15_404_9_v_b: Additional factors . In order to foster achievement of program objectives, each agency may include additional factors in its structured approach or take them into account in the profit analysis of individual contract actions","(P_15_404_9_v_a ∧ P_15_404_9_v_b)","None","Addition (Add): Rule 8","VALID","PASS","PASS","No contradictions detected. Conjunction links co-required elements. Advisory guidance; recommended but not mandatory.","HIGH"
"15.4 (Cost/Price)","15.405","P_15_405","15.405 Special cost or pricing areas. 15.405-1 Inaccurate, incomplete, or noncurrent cost or pricing data.","P_15_405_a: 15.405-1 Inaccurate, incomplete, or noncurrent cost or pricing data.","P_15_405_a","P_15_405_1","Simplification (Simp): Rule 6","VALID","PASS","PASS","No contradictions detected. Regulatory statement properly represented. Cross-references 1 other section(s).","HIGH"
"15.4 (Cost/Price)","15.405_a","P_15_405_a","15.405(a) If, before agreement on price, the contracting officer learns that any certified cost or pricing data submitted are inaccurate, incomplete, or noncurrent, the contracting officer must immediately bring the matter to the attention of the prospective contractor, whether the defective data increase or decrease the contract price.","P_15_405_a_a: (a) If, before agreement on price, the contracting officer learns that any certified cost or pricing data submitted are inaccurate, incomplete, or noncurrent, the contracting officer must immediately bring the matter to the attention of the prospective contractor, whether the defective data increase or decrease the contract price.","P_15_405_a_a","None","Simplification (Simp): Rule 6","VALID","PASS","PASS","No contradictions detected. Mandatory requirement; enforceable.","HIGH"
"15.4 (Cost/Price)","15.405_b","P_15_405_b","15.405(b) The contracting officer must consider any new data submitted to correct the deficiency, or consider the inaccuracy, incompleteness, or noncurrency of the data when negotiating the contract price. The price negotiation memorandum must reflect the adjustments made to the data or the corrected data used to negotiate the contract price.","P_15_405_b_a: (b) The contracting officer must consider any new data submitted to correct the deficiency, or consider the inaccuracy, incompleteness, or noncurrency of the data when negotiating the contract price. The price negotiation memorandum must reflect the adjustments made to the data or the corrected data used to negotiate the contract price.","P_15_405_b_a","None","Simplification (Simp): Rule 6","VALID","PASS","PASS","No contradictions detected. Mandatory requirement; enforceable.","HIGH"
"15.4 (Cost/Price)","15.405-2_a","P_15_405_2_a","15.405-2(a) Evaluation, negotiation, and agreement . Contracting officers must evaluate and negotiate proposed make-or-buy programs as soon as practicable after their receipt and before contract award. (1) When the program is to be incorporated in the contract and the design status of the product being acquired does not permit accurate precontract identification of major items or work efforts, contracting officers must notify the prospective contractor in writing that these items or efforts, when identifiable, must be added under the clause at 52.215-9, Changes or Additions to Make-or-Buy Program . (2) Contracting officers normally must not agree to proposed “make items” when the products or services are not regularly manufactured or provided by the contractor and are available—quality, quantity, delivery, and other essential factors considered—from another firm at equal or lower prices, or when they are regularly manufactured or provided by the contractor, but are available—quality, quantity, delivery, and other essential factors considered—from another firm at lower prices. Contracting officers may agree to these as “make items” if an overall lower Governmentwide cost would result or it is otherwise in the best interest of the Government. If this situation occurs in any fixed-price incentive or cost-plus-incentive-fee contract, contracting officers must specify these items in the contract and state that they are subject to paragraph (d) of the clause at 52.215-9, Changes or Additions to Make-or-Buy Program . If the contractor proposes to reverse the categorization of such items during contract performance, the contract price must be subject to equitable reduction.","P_15_405_2_a_a: (a) Evaluation, negotiation, and agreement . Contracting officers must evaluate and negotiate proposed make-or-buy programs as soon as practicable after their receipt and before contract award; P_15_405_2_a_b: When the program is to be incorporated in the contract and the design status of the product being acquired does not permit accurate precontract identification of major items or work efforts, contracting officers must notify the prospective contractor in writing that these items or efforts, when identifiable, must be added under the clause at 52.215-9, Changes or Additions to Make-or-Buy Program ; P_15_405_2_a_c: Contracting officers normally must not agree to proposed “make items” when the products or services are not regularly manufactured or provided by the contractor and are available—quality, quantity, delivery, and other essential factors considered—from another firm at equal or lower prices, or when they are regularly manufactured or provided by the contractor, but are available—quality, quantity, delivery, and other essential factors considered—from another firm at lower prices. Contracting officers may agree to these as “make items” if an overall lower Governmentwide cost would result or it is otherwise in the best interest of the Government. If this situation occurs in any fixed-price incentive or cost-plus-incentive-fee contract, contracting officers must specify these items in the contract and state that they are subject to paragraph (d) of the clause at 52.215-9, Changes or Additions to Make-or-Buy Program . If the contractor proposes to reverse the categorization of such items during contract performance, the contract price must be subject to equitable reduction","(P_15_405_2_a_a ∧ P_15_405_2_a_b ∧ P_15_405_2_a_c)","None","Addition (Add): Rule 8; De Morgan's Rule (DM): Rule 9","VALID","PASS","PASS","No contradictions detected. Conjunction links co-required elements. Mandatory requirement; enforceable.","HIGH"
"15.4 (Cost/Price)","15.405-2_b","P_15_405_2_b","15.405-2(b) Incorporating make-or-buy programs in contracts . Contracting officers may incorporate the make-or-buy program in negotiated contracts for— (1) Major systems or their subsystems or components, regardless of contract type; or (2) Other supplies and services if—","P_15_405_2_b_a: (b) Incorporating make-or-buy programs in contracts . Contracting officers may incorporate the make-or-buy program in negotiated contracts for— (1) Major systems or their subsystems or components, regardless of contract type; P_15_405_2_b_b: or (2) Other supplies and services if—","(P_15_405_2_b_a ∧ P_15_405_2_b_b)","None","Addition (Add): Rule 8","VALID","PASS","PASS","No contradictions detected. Conjunction links co-required elements. Permissive statement; optional action.","HIGH"
"15.4 (Cost/Price)","15.405-2_i","P_15_405_2_i","15.405-2(i) The contract is a cost-reimbursable contract, or a cost-sharing contract in which the contractor's share of the cost is less than 25 percent; and (ii) The contracting officer determines that technical or cost risks justify Government review and approval of changes or additions to the make-or-buy program.","P_15_405_2_i_a: (i) The contract is a cost-reimbursable contract, or a cost-sharing contract in which the contractor's share of the cost is less than 25 percent; P_15_405_2_i_b: and (ii) The contracting officer determines that technical or cost risks justify Government review and approval of changes or additions to the make-or-buy program","(P_15_405_2_i_a ∧ P_15_405_2_i_b)","None","Addition (Add): Rule 8","VALID","PASS","PASS","No contradictions detected. Conjunction links co-required elements. Regulatory statement properly represented.","HIGH"
"15.4 (Cost/Price)","15.405-3_a","P_15_405_3_a","15.405-3(a) All data submitted in connection with the Forward Rate Pricing Agreement (FPRA), updated as necessary, form a part of the total data that the offeror certifies to be accurate, complete, and current at the time of agreement on price for an initial contract or for a contract modification.","P_15_405_3_a_a: (a) All data submitted in connection with the Forward Rate Pricing Agreement (FPRA), updated as necessary, form a part of the total data that the offeror certifies to be accurate, complete, and current at the time of agreement on price for an initial contract or for a contract modification.","P_15_405_3_a_a","None","Simplification (Simp): Rule 6","VALID","PASS","PASS","No contradictions detected. Regulatory statement properly represented.","HIGH"
"15.4 (Cost/Price)","15.405-3_b","P_15_405_3_b","15.405-3(b) Contracting officers will use FPRA rates as bases for pricing all contracts, modifications, and other contractual actions to be performed during the period covered by the agreement. Conditions that may affect the agreement's validity must be reported promptly to the administrative contracting officer (ACO). If the ACO determines that a changed condition invalidates the agreement, the ACO must notify all interested parties of the extent of its effect and status of efforts to establish a revised FPRA.","P_15_405_3_b_a: (b) Contracting officers will use FPRA rates as bases for pricing all contracts, modifications, and other contractual actions to be performed during the period covered by the agreement. Conditions that may affect the agreement's validity must be reported promptly to the administrative contracting officer (ACO). If the ACO determines that a changed condition invalidates the agreement, the ACO must notify all interested parties of the extent of its effect and status of efforts to establish a revis","P_15_405_3_b_a","None","Simplification (Simp): Rule 6","VALID","PASS","PASS","No contradictions detected. Mandatory requirement; enforceable. Long single proposition; further decomposition may improve precision.","MEDIUM"
"15.4 (Cost/Price)","15.405-3_c","P_15_405_3_c","15.405-3(c) Contracting officers must not require certification at the time of agreement for data supplied in support of FPRA's or other advance agreements. When a forward pricing rate agreement or other advance agreement is used to price a contract action that requires a certificate, the certificate supporting that contract action must cover the data supplied to support the FPRA or other advance agreement, and all other data supporting the action.","P_15_405_3_c_a: (c) Contracting officers must not require certification at the time of agreement for data supplied in support of FPRA's or other advance agreements. When a forward pricing rate agreement or other advance agreement is used to price a contract action that requires a certificate, the certificate supporting that contract action must cover the data supplied to support the FPRA or other advance agreement, and all other data supporting the action.","P_15_405_3_c_a","None","De Morgan's Rule (DM): Rule 9","VALID","PASS","PASS","No contradictions detected. Mandatory requirement; enforceable. Long single proposition; further decomposition may improve precision.","MEDIUM"
"15.4 (Cost/Price)","15.405-4_a","P_15_405_4_a","15.405-4(a) General . (1) Should-cost reviews are a specialized form of cost analysis. Should-cost reviews differ from traditional evaluation methods because they do not assume that a contractor's historical costs reflect efficient and economical operation. Instead, these reviews evaluate the economy and efficiency of the contractor's existing work force, methods, materials, equipment, real property, operating systems, and management. These reviews are accomplished by a multi-functional team of Government contracting, contract administration, pricing, audit, and engineering representatives. The objective of should-cost reviews is to promote both short and long-range improvements in the contractor's economy and efficiency in order to reduce the cost of performance of Government contracts. In addition, by providing rationale for any recommendations and quantifying their impact on cost, the Government will be better able to develop realistic objectives for negotiation. (2) There are two types of should-cost reviews: program should-cost review and overhead should-cost review. These should-cost reviews may be performed together or independently. The scope of a should-cost review can range from a large-scale review examining the contractor's entire operation (including plant-wide overhead and selected major subcontractors) to a small-scale tailored review examining specific portions of a contractor's operation.","P_15_405_4_a_a: Should-cost reviews are a specialized form of cost analysis. Should-cost reviews differ from traditional evaluation methods because they do not assume that a contractor's historical costs reflect efficient and economical operation. Instead, these reviews evaluate the economy and efficiency of the contractor's existing work force, methods, materials, equipment, real property, operating systems, and management. These reviews are accomplished by a multi-functional team of Government contracting, contract administration, pricing, audit, and engineering representatives. The objective of should-cost reviews is to promote both short and long-range improvements in the contractor's economy and efficiency in order to reduce the cost of performance of Government contracts. In addition, by providing rationale for any recommendations and quantifying their impact on cost, the Government will be better able to develop realistic objectives for negotiation; P_15_405_4_a_b: There are two types of should-cost reviews: program should-cost review and overhead should-cost review. These should-cost reviews may be performed together or independently. The scope of a should-cost review can range from a large-scale review examining the contractor's entire operation (including plant-wide overhead and selected major subcontractors) to a small-scale tailored review examining specific portions of a contractor's operation","(P_15_405_4_a_a ∧ P_15_405_4_a_b)","None","Addition (Add): Rule 8; De Morgan's Rule (DM): Rule 9","VALID","PASS","PASS","No contradictions detected. Conjunction links co-required elements. Advisory guidance; recommended but not mandatory.","HIGH"
"15.4 (Cost/Price)","15.405-4_b","P_15_405_4_b","15.405-4(b) Program should-cost review . (1) A program should-cost review is used to evaluate significant elements of direct costs, such as material and labor, and associated indirect costs, usually associated with the production of major systems. When a program should-cost review is conducted relative to a contractor proposal, a separate audit report on the proposal is required. (2) A program should-cost review should be considered, particularly in the case of a major system acquisition, when—","P_15_405_4_b_a: (b) Program should-cost review ; P_15_405_4_b_b: A program should-cost review is used to evaluate significant elements of direct costs, such as material and labor, and associated indirect costs, usually associated with the production of major systems. When a program should-cost review is conducted relative to a contractor proposal, a separate audit report on the proposal is required; P_15_405_4_b_c: A program should-cost review should be considered, particularly in the case of a major system acquisition, when—","(P_15_405_4_b_a ∧ P_15_405_4_b_b ∧ P_15_405_4_b_c)","None","Conjunction (Conj): Rule 7","VALID","PASS","PASS","No contradictions detected. Conjunction links co-required elements. Advisory guidance; recommended but not mandatory.","HIGH"
"15.4 (Cost/Price)","15.405-4_i","P_15_405_4_i","15.405-4(i) Some initial production has already taken place; (ii) The contract will be awarded on a sole source basis; (iii) There are future year production requirements for substantial quantities of like items; (iv) The items being acquired have a history of increasing costs;","P_15_405_4_i_a: (i) Some initial production has already taken place; P_15_405_4_i_b: (ii) The contract will be awarded on a sole source basis; P_15_405_4_i_c: (iii) There are future year production requirements for substantial quantities of like items; P_15_405_4_i_d: (iv) The items being acquired have a history of increasing costs","(P_15_405_4_i_a ∧ P_15_405_4_i_b ∧ P_15_405_4_i_c ∧ P_15_405_4_i_d)","None","Conjunction (Conj): Rule 7","VALID","PASS","PASS","No contradictions detected. Conjunction links co-required elements. Regulatory statement properly represented.","HIGH"
"15.4 (Cost/Price)","15.405-4_v","P_15_405_4_v","15.405-4(v) The work is sufficiently defined to permit an effective analysis and major changes are unlikely; (vi) Sufficient time is available to plan and adequately conduct the should-cost review; and (vii) Personnel with the required skills are available or can be assigned for the duration of the should-cost review. (3) Contracting officers should decide which elements of the contractor's operation have the greatest potential for cost savings and assign the available personnel resources accordingly. The expertise of on-site Government personnel should be used, when appropriate. While the particular elements to be analyzed are a function of the contract work task, elements such as manufacturing, pricing and accounting, management and organization, and subcontract and vendor management are normally reviewed in a should-cost review. (4) In acquisitions for which a program should-cost review is conducted, a separate program should-cost review team report, prepared in accordance with agency procedures, is required. Contracting officers must consider the findings and recommendations contained in the program should-cost review team report when negotiating the contract price. After completing the negotiation, contracting officers must provide the ACO a report of any identified uneconomical or inefficient practices, together with a report of correction or disposition agreements reached with the contractor. Contracting officers must establish a follow-up plan to monitor the correction of the uneconomical or inefficient practices.","P_15_405_4_v_a: (v) The work is sufficiently defined to permit an effective analysis and major changes are unlikely; P_15_405_4_v_b: (vi) Sufficient time is available to plan and adequately conduct the should-cost review; P_15_405_4_v_c: and (vii) Personnel with the required skills are available or can be assigned for the duration of the should-cost review. (3) Contracting officers should decide which elements of the contractor's operation have the greatest potential for cost savings and assign the available personnel resources accordingly. The expertise of on-site Government personnel should be used, when appropriate. While the particular elements to be analyzed are a function of the contract work task, elements such as manufacturing, pricing and accounting, management and organization, and subcontract and vendor management are normally reviewed in a should-cost review. (4) In acquisitions for which a program should-cost review is conducted, a separate program should-cost review team report, prepared in accordance with agency procedures, is required. Contracting officers must consider the findings and recommendations contained in the program should-cost review team report when negotiating the contract price. After completing the negotiation, contracting officers must provide the ACO a report of any identified uneconomical or inefficient practices, together with a report of correction or disposition agreements reached with the contractor. Contracting officers must establish a follow-up plan to monitor the correction of the uneconomical or inefficient practices","(P_15_405_4_v_a ∧ P_15_405_4_v_b ∧ P_15_405_4_v_c)","None","Addition (Add): Rule 8","VALID","PASS","PASS","No contradictions detected. Conjunction links co-required elements. Mandatory requirement; enforceable.","HIGH"
"15.4 (Cost/Price)","15.405-4_c","P_15_405_4_c","15.405-4(c) Overhead should-cost review . (1) An overhead should-cost review is used to evaluate indirect costs, such as fringe benefits, shipping and receiving, real property, and equipment, depreciation, plant maintenance and security, taxes, and general and administrative activities. It is normally used to evaluate and negotiate an FPRA with the contractor. When an overhead should-cost review is conducted, a separate audit report is required. (2) The following factors should be considered when selecting contractor sites for overhead should-cost reviews:","P_15_405_4_c_a: (c) Overhead should-cost review ; P_15_405_4_c_b: An overhead should-cost review is used to evaluate indirect costs, such as fringe benefits, shipping and receiving, real property, and equipment, depreciation, plant maintenance and security, taxes, and general and administrative activities. It is normally used to evaluate and negotiate an FPRA with the contractor. When an overhead should-cost review is conducted, a separate audit report is required; P_15_405_4_c_c: The following factors should be considered when selecting contractor sites for overhead should-cost reviews:","(P_15_405_4_c_a ∧ P_15_405_4_c_b ∧ P_15_405_4_c_c)","None","Conjunction (Conj): Rule 7","VALID","PASS","PASS","No contradictions detected. Conjunction links co-required elements. Advisory guidance; recommended but not mandatory.","HIGH"
"15.4 (Cost/Price)","15.405-4_i2","P_15_405_4_i2","15.405-4(i) Dollar amount of Government business. (ii) Level of Government participation. (iii) Level of noncompetitive Government contracts. (iv) Volume of proposal activity.","P_15_405_4_i2_a: (i) Dollar amount of Government business. (ii) Level of Government participation. (iii) Level of noncompetitive Government contracts. (iv) Volume of proposal activity.","P_15_405_4_i2_a","None","Simplification (Simp): Rule 6","VALID","PASS","PASS","No contradictions detected. Regulatory statement properly represented.","HIGH"
"15.4 (Cost/Price)","15.405-4_v2","P_15_405_4_v2","15.405-4(v) Major system or program. (vi) Corporate reorganizations, mergers, acquisitions, or takeovers. (vii) Other conditions (e.g., changes in accounting systems, management, or business activity). (3) The objective of the overhead should-cost review is to evaluate significant indirect cost elements in-depth, and identify and recommend corrective actions regarding inefficient and uneconomical practices. If it is conducted in conjunction with a program should-cost review, a separate overhead should-cost review report is not required. However, the findings and recommendations of the overhead should-cost team, or any separate overhead should-cost review report, shall be provided to the ACO. The ACO should use this information to form the basis for the Government position in negotiating an FPRA with the contractor. The ACO shall establish a follow-up plan to monitor the correction of the uneconomical or inefficient practices.","P_15_405_4_v2_a: (v) Major system or program. (vi) Corporate reorganizations, mergers, acquisitions, or takeovers. (vii) Other conditions (e.g., changes in accounting systems, management, or business activity); P_15_405_4_v2_b: The objective of the overhead should-cost review is to evaluate significant indirect cost elements in-depth, and identify and recommend corrective actions regarding inefficient and uneconomical practices. If it is conducted in conjunction with a program should-cost review, a separate overhead should-cost review report is not required. However, the findings and recommendations of the overhead should-cost team, or any separate overhead should-cost review report, shall be provided to the ACO. The ACO should use this information to form the basis for the Government position in negotiating an FPRA with the contractor. The ACO shall establish a follow-up plan to monitor the correction of the uneconomical or inefficient practices","(P_15_405_4_v2_a ∧ P_15_405_4_v2_b)","None","Addition (Add): Rule 8; De Morgan's Rule (DM): Rule 9","VALID","PASS","PASS","No contradictions detected. Conjunction links co-required elements. Mandatory requirement; enforceable.","HIGH"
"15.4 (Cost/Price)","15.406_a","P_15_406_a","15.406(a) Field pricing assistance . (1) Contracting officers should request field pricing assistance when the information available at the buying activity is inadequate to determine a fair and reasonable price. The request must reflect the minimum essential supplementary information needed to conduct a technical or cost or pricing analysis. (2) Contracting officers must tailor the type of information and level of detail requested in accordance with the specialized resources available at the buying activity and the magnitude and complexity of the required analysis. Field pricing assistance is generally available to provide—","P_15_406_a_a: (a) Field pricing assistance ; P_15_406_a_b: Contracting officers should request field pricing assistance when the information available at the buying activity is inadequate to determine a fair and reasonable price. The request must reflect the minimum essential supplementary information needed to conduct a technical or cost or pricing analysis; P_15_406_a_c: Contracting officers must tailor the type of information and level of detail requested in accordance with the specialized resources available at the buying activity and the magnitude and complexity of the required analysis. Field pricing assistance is generally available to provide—","(P_15_406_a_a ∧ P_15_406_a_b ∧ P_15_406_a_c)","None","Addition (Add): Rule 8","VALID","PASS","PASS","No contradictions detected. Conjunction links co-required elements. Mandatory requirement; enforceable.","HIGH"
"15.4 (Cost/Price)","15.406_i","P_15_406_i","15.406(i) Technical, audit, and special reports associated with the cost elements of a proposal, including subcontracts; (ii) Information on related pricing practices and history; (iii) Information to help contracting officers determine commerciality and a fair and reasonable price, including— (A) Verifying sales history to source documents; (B) Identifying special terms and conditions; (C) Identifying customarily granted or offered discounts for the item; (D) Verifying the item to an existing catalog or price list; (E) Verifying historical data for a product or service previously not determined commercial that the offeror is now trying to qualify as a commercial product or commercial service; and (F) Identifying general market conditions affecting determinations of commerciality and a fair and reasonable price. (iv) Information relative to the business, technical, production, or other capabilities and practices of an offeror.","P_15_406_i_a: (i) Technical, audit, and special reports associated with the cost elements of a proposal, including subcontracts; P_15_406_i_b: (ii) Information on related pricing practices and history; P_15_406_i_c: (iii) Information to help contracting officers determine commerciality and a fair and reasonable price, including— (A) Verifying sales history to source documents; P_15_406_i_d: (B) Identifying special terms and conditions; P_15_406_i_e: (C) Identifying customarily granted or offered discounts for the item; P_15_406_i_f: (D) Verifying the item to an existing catalog or price list; P_15_406_i_g: (E) Verifying historical data for a product or service previously not determined commercial that the offeror is now trying to qualify as a commercial product or commercial service; P_15_406_i_h: and (F) Identifying general market conditions affecting determinations of commerciality and a fair and reasonable price. (iv) Information relative to the business, technical, production, or other capabilities and practices of an offeror","(P_15_406_i_a ∧ P_15_406_i_b ∧ P_15_406_i_c ∧ P_15_406_i_d ∧ P_15_406_i_e ∧ P_15_406_i_f ∧ P_15_406_i_g ∧ P_15_406_i_h)","None","Addition (Add): Rule 8; De Morgan's Rule (DM): Rule 9","VALID","PASS","PASS","No contradictions detected. Conjunction links co-required elements. Regulatory statement properly represented.","HIGH"
"15.4 (Cost/Price)","15.406_b","P_15_406_b","15.406(b) Reporting field pricing information . (1) Field pricing review results, including supporting rationale, may be reported directly to the contracting officer orally, in writing, or by any other method acceptable to the contracting officer.","P_15_406_b_a: (b) Reporting field pricing information ; P_15_406_b_b: Field pricing review results, including supporting rationale, may be reported directly to the contracting officer orally, in writing, or by any other method acceptable to the contracting officer","(P_15_406_b_a ∨ P_15_406_b_b)","None","Addition (Add): Rule 8","VALID","PASS","PASS","No contradictions detected. Disjunction represents valid alternatives. Permissive statement; optional action.","HIGH"
"15.4 (Cost/Price)","15.406_i2","P_15_406_i2","15.406(i) Contracting officers and field pricing experts are encouraged to use telephonic and/or electronic means to request and send pricing information. (ii) When it is necessary to have written technical and audit reports, contracting officers must request that the audit agency concurrently forward the audit report to the requesting contracting officer and the ACO. The completed field pricing assistance results may reference audit information, but need not reconcile the audit recommendations and technical recommendations. A copy of the information submitted to the contracting officer by field pricing personnel must be provided to the audit agency. (2) Audit and field pricing information, whether written or reported telephonically or electronically, must be made a part of the official contract file.","P_15_406_i2_a: (i) Contracting officers and field pricing experts are encouraged to use telephonic and/or electronic means to request and send pricing information. (ii) When it is necessary to have written technical and audit reports, contracting officers must request that the audit agency concurrently forward the audit report to the requesting contracting officer and the ACO. The completed field pricing assistance results may reference audit information, but need not reconcile the audit recommendations and technical recommendations. A copy of the information submitted to the contracting officer by field pricing personnel must be provided to the audit agency; P_15_406_i2_b: Audit and field pricing information, whether written or reported telephonically or electronically, must be made a part of the official contract file","(P_15_406_i2_a ∧ P_15_406_i2_b)","None","Addition (Add): Rule 8; De Morgan's Rule (DM): Rule 9","VALID","PASS","PASS","No contradictions detected. Conjunction links co-required elements. Mandatory requirement; enforceable.","HIGH"
"15.4 (Cost/Price)","15.406_c","P_15_406_c","15.406(c) Audit assistance for prime contracts or subcontracts . (1) Contracting officers should contact the cognizant audit office directly to request assistance, particularly when an audit is the only field pricing support required. The audit office must send the audit report, or otherwise transmit the audit recommendations, directly to the contracting officer.","P_15_406_c_a: (c) Audit assistance for prime contracts or subcontracts ; P_15_406_c_b: Contracting officers should contact the cognizant audit office directly to request assistance, particularly when an audit is the only field pricing support required. The audit office must send the audit report, or otherwise transmit the audit recommendations, directly to the contracting officer","(P_15_406_c_a ∨ P_15_406_c_b)","None","Addition (Add): Rule 8","VALID","PASS","PASS","No contradictions detected. Disjunction represents valid alternatives. Mandatory requirement; enforceable.","HIGH"
"15.4 (Cost/Price)","15.406_i3","P_15_406_i3","15.406(i) The auditor must not reveal the audit conclusions or recommendations to the offeror/contractor without obtaining the concurrence of the contracting officer. However, the auditor may discuss statements of facts with the contractor. (ii) Contracting officers must be notified immediately of any information disclosed to the auditor after submission of a report that may significantly affect the audit findings and, if necessary, a supplemental audit report must be issued. (2) Contracting officers must not request a separate preaward audit of indirect costs unless the information already available from an existing audit, completed within the preceding 12 months, is considered inadequate for determining the reasonableness of the proposed indirect costs (41 U.S.C. 4706 and 10 U.S.C. 3841). (3) The auditor is responsible for the scope and depth of the audit. Copies of updated information that will significantly affect the audit must be provided to the auditor by the contracting officer. (4) General access to the offeror's books and financial records is limited to the auditor. This limitation does not preclude the contracting officer or the ACO, or their representatives, from requesting that the offeror provide or make available any data or records necessary to analyze the offeror's proposal.","P_15_406_i3_a: (i) The auditor must not reveal the audit conclusions or recommendations to the offeror/contractor without obtaining the concurrence of the contracting officer. However, the auditor may discuss statements of facts with the contractor. (ii) Contracting officers must be notified immediately of any information disclosed to the auditor after submission of a report that may significantly affect the audit findings and, if necessary, a supplemental audit report must be issued. (2) Contracting officers must not request a separate preaward audit of indirect costs; P_15_406_i3_b: Exception: the information already available from an existing audit, completed within the preceding 12 months, is considered inadequate for determining the reasonableness of the proposed indirect costs (41 U.S.C. 4706 and 10 U.S.C. 3841). (3) The auditor is responsible for the scope and depth of the audit. Copies of updated information that will significantly affect the audit must be provided to the auditor by the contracting officer. (4) General access to the offeror's books and financial records is limited to the auditor. This limitation does not preclude the contracting officer or the ACO, or their representatives, from requesting that the offeror provide or make available any data or records necessary to analyze the offeror's proposal","(P_15_406_i3_a ∨ P_15_406_i3_b)","None","Disjunctive Syllogism (DS): Rule 4; Addition (Add): Rule 8; De Morgan's Rule (DM): Rule 9","VALID","PASS","PASS","No contradictions detected. Disjunction represents valid alternatives. Mandatory requirement; enforceable.","HIGH"
"15.4 (Cost/Price)","15.406_d","P_15_406_d","15.406(d) Deficient proposals . (1) The ACO or the auditor, as appropriate, must notify the contracting officer immediately if the data provided for review is so deficient as to preclude review or audit, or if the contractor or offeror has denied access to any records considered essential to conduct a satisfactory review or audit. Oral notifications must be confirmed promptly in writing, including a description of deficient or denied data or records. (2) The contracting officer must immediately take appropriate action to obtain the required data. Should the offeror/contractor again refuse to provide adequate data, or provide access to necessary data, the contracting officer must withhold the award or price adjustment and refer the contract action to a higher authority, providing details of the attempts made to resolve the matter and a statement of the practicability of obtaining the supplies or services from another source.","P_15_406_d_a: (d) Deficient proposals ; P_15_406_d_b: The ACO or the auditor, as appropriate, must notify the contracting officer immediately if the data provided for review is so deficient as to preclude review or audit, or if the contractor or offeror has denied access to any records considered essential to conduct a satisfactory review or audit. Oral notifications must be confirmed promptly in writing, including a description of deficient or denied data or records; P_15_406_d_c: The contracting officer must immediately take appropriate action to obtain the required data. Should the offeror/contractor again refuse to provide adequate data, or provide access to necessary data, the contracting officer must withhold the award or price adjustment and refer the contract action to a higher authority, providing details of the attempts made to resolve the matter and a statement of the practicability of obtaining the supplies or services from another source","(P_15_406_d_a ∧ P_15_406_d_b ∧ P_15_406_d_c)","None","Addition (Add): Rule 8","VALID","PASS","PASS","No contradictions detected. Conjunction links co-required elements. Mandatory requirement; enforceable.","HIGH"
"15.4 (Cost/Price)","15.407_a","P_15_407_a","15.407(a) The purpose of performing cost or price analysis is to develop a negotiation position that permits the contracting officer and the offeror an opportunity to reach agreement on a fair and reasonable price. A fair and reasonable price does not require that agreement be reached on every element of cost, nor is it mandatory that the agreed price be within the contracting officer's initial negotiation position. Contracting officers are responsible for exercising the requisite judgment needed to reach a negotiated settlement with the offeror and is solely responsible for the final price agreement. However, when significant audit or other specialist recommendations are not adopted, contracting officers should provide rationale that supports the negotiation result in the price negotiation documentation.","P_15_407_a_a: (a) The purpose of performing cost or price analysis is to develop a negotiation position that permits the contracting officer and the offeror an opportunity to reach agreement on a fair and reasonable price. A fair and reasonable price does not require that agreement be reached on every element of cost, nor is it mandatory that the agreed price be within the contracting officer's initial negotiation position. Contracting officers are responsible for exercising the requisite judgment needed to r","P_15_407_a_a","None","De Morgan's Rule (DM): Rule 9","VALID","PASS","PASS","No contradictions detected. Advisory guidance; recommended but not mandatory. Long single proposition; further decomposition may improve precision.","MEDIUM"
"15.4 (Cost/Price)","15.407_b","P_15_407_b","15.407(b) The contracting officer's primary concern is the overall price the Government will actually pay. The contracting officer's objective is to negotiate a contract of a type and with a price providing the contractor the greatest incentive for efficient and economical performance. The negotiation of a contract type and a price are related and should be considered together with the issues of risk and uncertainty to the contractor and the Government.","P_15_407_b_a: (b) The contracting officer's primary concern is the overall price the Government will actually pay. The contracting officer's objective is to negotiate a contract of a type and with a price providing the contractor the greatest incentive for efficient and economical performance. The negotiation of a contract type and a price are related and should be considered together with the issues of risk and uncertainty to the contractor and the Government.","P_15_407_b_a","None","Simplification (Simp): Rule 6","VALID","PASS","PASS","No contradictions detected. Advisory guidance; recommended but not mandatory. Long single proposition; further decomposition may improve precision.","MEDIUM"
"15.4 (Cost/Price)","15.407_c","P_15_407_c","15.407(c) The Government's cost objective and proposed pricing arrangement directly affect the profit or fee objective. Because profit or fee is only one of several interrelated variables, contracting officers must not agree on profit or fee without concurrent agreement on cost and type of contract.","P_15_407_c_a: (c) The Government's cost objective and proposed pricing arrangement directly affect the profit or fee objective. Because profit or fee is only one of several interrelated variables, contracting officers must not agree on profit or fee without concurrent agreement on cost and type of contract.","P_15_407_c_a","None","De Morgan's Rule (DM): Rule 9","VALID","PASS","PASS","No contradictions detected. Mandatory requirement; enforceable.","HIGH"
"15.4 (Cost/Price)","15.407_d","P_15_407_d","15.407(d) If, however, the contractor insists on a price or demands a profit or fee that the contracting officer considers unreasonable, and the contracting officer has taken all authorized actions (including determining the feasibility of developing an alternative source) without success, the contracting officer must refer the contract action to a level above the contracting officer and document the contract file.","P_15_407_d_a: (d) If, however, the contractor insists on a price or demands a profit or fee that the contracting officer considers unreasonable, and the contracting officer has taken all authorized actions (including determining the feasibility of developing an alternative source) without success, the contracting officer must refer the contract action to a level above the contracting officer and document the contract file.","P_15_407_d_a","None","Simplification (Simp): Rule 6","VALID","PASS","PASS","No contradictions detected. Mandatory requirement; enforceable. Long single proposition; further decomposition may improve precision.","MEDIUM"
"15.4 (Cost/Price)","15.408","P_15_408","15.408 Documentation. 15.408-1 Prenegotiation objectives.","P_15_408_a: 15.408-1 Prenegotiation objectives.","P_15_408_a","P_15_408_1","Simplification (Simp): Rule 6","VALID","PASS","PASS","No contradictions detected. Regulatory statement properly represented. Cross-references 1 other section(s).","HIGH"
"15.4 (Cost/Price)","15.408_a","P_15_408_a","15.408(a) The prenegotiation objectives establish the Government's initial negotiation position and are based on the results of the contracting officer's analysis of the offeror's proposal.","P_15_408_a_a: (a) The prenegotiation objectives establish the Government's initial negotiation position and are based on the results of the contracting officer's analysis of the offeror's proposal.","P_15_408_a_a","None","Simplification (Simp): Rule 6","VALID","PASS","PASS","No contradictions detected. Regulatory statement properly represented.","HIGH"
"15.4 (Cost/Price)","15.408_b","P_15_408_b","15.408(b) Contracting officers must establish prenegotiation objectives before negotiating a pricing action. The scope and depth of the analysis supporting the objectives should be directly related to the dollar value, importance, and complexity of the pricing action. When cost analysis is required, contracting officers must document the pertinent issues to be negotiated, the cost objectives, and a profit or fee objective.","P_15_408_b_a: (b) Contracting officers must establish prenegotiation objectives before negotiating a pricing action. The scope and depth of the analysis supporting the objectives should be directly related to the dollar value, importance, and complexity of the pricing action. When cost analysis is required, contracting officers must document the pertinent issues to be negotiated, the cost objectives, and a profit or fee objective.","P_15_408_b_a","None","Simplification (Simp): Rule 6","VALID","PASS","PASS","No contradictions detected. Mandatory requirement; enforceable. Long single proposition; further decomposition may improve precision.","MEDIUM"
"15.4 (Cost/Price)","15.408-2_a","P_15_408_2_a","15.408-2(a) Contracting officers must document in the contract file the principal elements of the negotiated agreement. The documentation ( e.g. , price negotiation memorandum) must include the following: (1) The purpose of the negotiation. (2) A description of the acquisition, including appropriate identifying numbers ( e.g. , RFP No.). (3) The name, position, and organization of each person representing the contractor and the Government in the negotiation. (4) The current status of any contractor systems ( e.g. , purchasing, estimating, accounting, and compensation) to the extent they affected and were considered in the negotiation. (5) If certified cost or pricing data were not required in the case of any price negotiation exceeding the certified cost or pricing data threshold, the exception used and the basis for it. (6) If certified cost or pricing data were required, the extent to which the contracting officer—","P_15_408_2_a_a: (a) Contracting officers must document in the contract file the principal elements of the negotiated agreement. The documentation ( e.g. , price negotiation memorandum) must include the following:; P_15_408_2_a_b: The purpose of the negotiation; P_15_408_2_a_c: A description of the acquisition, including appropriate identifying numbers ( e.g. , RFP No.); P_15_408_2_a_d: The name, position, and organization of each person representing the contractor and the Government in the negotiation; P_15_408_2_a_e: The current status of any contractor systems ( e.g. , purchasing, estimating, accounting, and compensation) to the extent they affected and were considered in the negotiation; P_15_408_2_a_f: If certified cost or pricing data were not required in the case of any price negotiation exceeding the certified cost or pricing data threshold, the exception used and the basis for it; P_15_408_2_a_g: If certified cost or pricing data were required, the extent to which the contracting officer—","(P_15_408_2_a_a ∧ P_15_408_2_a_b ∧ P_15_408_2_a_c ∧ P_15_408_2_a_d ∧ P_15_408_2_a_e ∧ P_15_408_2_a_f ∧ P_15_408_2_a_g)","None","Addition (Add): Rule 8; De Morgan's Rule (DM): Rule 9","VALID","PASS","PASS","No contradictions detected. Conjunction links co-required elements. Mandatory requirement; enforceable.","HIGH"
"15.4 (Cost/Price)","15.408-2_i","P_15_408_2_i","15.408-2(i) Relied on the certified cost or pricing data submitted and used them in negotiating the price; (ii) Recognized as inaccurate, incomplete, or noncurrent any certified cost or pricing data submitted; the action taken by the contracting officer and the contractor as a result; and the effect of the defective data on the price negotiated; or (iii) Determined that an exception applied after the data were submitted and, therefore, considered not to be certified cost or pricing data. (7) A summary of the contractor's proposal, any field pricing assistance recommendations, including the reasons for any pertinent variances from them, the Government's negotiation objective, and the negotiated position.","P_15_408_2_i_a: (i) Relied on the certified cost or pricing data submitted and used them in negotiating the price; P_15_408_2_i_b: (ii) Recognized as inaccurate, incomplete, or noncurrent any certified cost or pricing data submitted; P_15_408_2_i_c: the action taken by the contracting officer and the contractor as a result; P_15_408_2_i_d: and the effect of the defective data on the price negotiated; P_15_408_2_i_e: or (iii) Determined that an exception applied after the data were submitted and, therefore, considered not to be certified cost or pricing data. (7) A summary of the contractor's proposal, any field pricing assistance recommendations, including the reasons for any pertinent variances from them, the Government's negotiation objective, and the negotiated position","(P_15_408_2_i_a ∧ P_15_408_2_i_b ∧ P_15_408_2_i_c ∧ P_15_408_2_i_d ∧ P_15_408_2_i_e)","None","Addition (Add): Rule 8; De Morgan's Rule (DM): Rule 9","VALID","PASS","PASS","No contradictions detected. Conjunction links co-required elements. Regulatory statement properly represented.","HIGH"
"15.4 (Cost/Price)","15.408-2_i2","P_15_408_2_i2","15.408-2(i) When the determination of a fair and reasonable price is based on cost analysis, the summary must address each major cost element. (ii) When determination of a fair and reasonable price is based on price analysis, the summary must include the source and type of data used to support the determination. (8) The most significant facts or considerations controlling the establishment of the prenegotiation objectives and the negotiated agreement including an explanation of any significant differences between the two positions. (9) To the extent such direction has a significant effect on the action, a discussion and quantification of the impact of direction given by Congress, other agencies, and higher-level officials ( i.e. , officials who would not normally exercise authority during the award and review process for the instant contract action). (10) The basis for the profit or fee prenegotiation objective and the profit or fee negotiated. (11) Documentation of fair and reasonable pricing.","P_15_408_2_i2_a: (i) When the determination of a fair and reasonable price is based on cost analysis, the summary must address each major cost element. (ii) When determination of a fair and reasonable price is based on price analysis, the summary must include the source and type of data used to support the determination; P_15_408_2_i2_b: The most significant facts or considerations controlling the establishment of the prenegotiation objectives and the negotiated agreement including an explanation of any significant differences between the two positions; P_15_408_2_i2_c: To the extent such direction has a significant effect on the action, a discussion and quantification of the impact of direction given by Congress, other agencies, and higher-level officials ( i.e. , officials who would not normally exercise authority during the award and review process for the instant contract action); P_15_408_2_i2_d: The basis for the profit or fee prenegotiation objective and the profit or fee negotiated; P_15_408_2_i2_e: Documentation of fair and reasonable pricing","(P_15_408_2_i2_a ∧ P_15_408_2_i2_b ∧ P_15_408_2_i2_c ∧ P_15_408_2_i2_d ∧ P_15_408_2_i2_e)","None","Addition (Add): Rule 8; De Morgan's Rule (DM): Rule 9","VALID","PASS","PASS","No contradictions detected. Conjunction links co-required elements. Mandatory requirement; enforceable.","HIGH"
"15.4 (Cost/Price)","15.408-2_b","P_15_408_2_b","15.408-2(b) Whenever field pricing assistance has been obtained, the contracting officer must forward a copy of the negotiation documentation to the office(s) providing assistance. When appropriate, information on how advisory field support can be made more effective should be provided separately. Table 15-1—Instructions for Submitting Cost/Price Proposals When Certified Cost or Pricing Data Are Required This document provides instructions for preparing a contract pricing proposal when certified cost or pricing data are required. Note 1 : There is a clear distinction between submitting certified cost or pricing data and merely making available books, records, and other documents without identification. The requirement for submission of certified cost or pricing data is met when all accurate certified cost or pricing data reasonably available to the offeror have been submitted, either actually or by specific identification, to the Contracting Officer or an authorized representative. As later data come into your possession, it should be submitted promptly to the Contracting Officer in a manner that clearly shows how the data relate to the offeror's price proposal. The requirement for submission of certified cost or pricing data continues up to the time of agreement on price, or an earlier date agreed upon between the parties if applicable. Note 2 : By submitting your proposal, you grant the Contracting Officer or an authorized representative the right to examine records that formed the basis for the pricing proposal. That examination can take place at any time before award. It may include those books, records, documents, and other types of factual data (regardless of form or whether the data are specifically referenced or included in the proposal as the basis for pricing) that will permit an adequate evaluation of the proposed price. I. General Instructions A. You must provide the following information on the first page of your pricing proposal: (1) RFP, contract, and/or modification number; (2) Name and address of offeror; (3) Name, telephone number, and email address of the point of contact; (4) Name of contract administration office (if available); (5) Type of contract action (that is, new contract, change order, price revision/redetermination, letter contract, unpriced order, or other); (6) Proposed cost; profit or fee; and total; (7) Whether you will require the use of Government property in the performance of the contract, and, if so, what property; (8) Whether your organization is subject to cost accounting standards; whether your organization has submitted a CASB Disclosure Statement, and if it has been determined adequate; whether you have been notified that you are or may be in noncompliance with your Disclosure Statement or CAS (other than a noncompliance that the cognizant Federal agency official has determined to have an immaterial cost impact), and, if yes, an explanation; whether any aspect of this proposal is in...","P_15_408_2_b_a: (b) Whenever field pricing assistance has been obtained, the contracting officer must forward a copy of the negotiation documentation to the office(s) providing assistance. When appropriate, information on how advisory field support can be made more effective should be provided separately. Table 15-1—Instructions for Submitting Cost/Price Proposals When Certified Cost or Pricing Data Are Required This document provides instructions for preparing a contract pricing proposal when certified cost or pricing data are required. Note 1 : There is a clear distinction between submitting certified cost or pricing data and merely making available books, records, and other documents without identification. The requirement for submission of certified cost or pricing data is met when all accurate certified cost or pricing data reasonably available to the offeror have been submitted, either actually or by specific identification, to the Contracting Officer or an authorized representative. As later data come into your possession, it should be submitted promptly to the Contracting Officer in a manner that clearly shows how the data relate to the offeror's price proposal. The requirement for submission of certified cost or pricing data continues up to the time of agreement on price, or an earlier date agreed upon between the parties if applicable. Note 2 : By submitting your proposal, you grant the Contracting Officer or an authorized representative the right to examine records that formed the basis for the pricing proposal. That examination can take place at any time before award. It may include those books, records, documents, and other types of factual data (regardless of form or whether the data are specifically referenced or included in the proposal as the basis for pricing) that will permit an adequate evaluation of the proposed price. I. General Instructions A. You must provide the following information on the first page of your pricing proposal:; P_15_408_2_b_b: RFP, contract, and/or modification number;; P_15_408_2_b_c: Name and address of offeror;; P_15_408_2_b_d: Name, telephone number, and email address of the point of contact;; P_15_408_2_b_e: Name of contract administration office (if available);; P_15_408_2_b_f: Type of contract action (that is, new contract, change order, price revision/redetermination, letter contract, unpriced order, or other);; P_15_408_2_b_g: Proposed cost; profit or fee; and total;; P_15_408_2_b_h: Whether you will require the use of Government property in the performance of the contract, and, if so, what property;; P_15_408_2_b_i: Whether your organization is subject to cost accounting standards; whether your organization has submitted a CASB Disclosure Statement, and if it has been determined adequate; whether you have been notified that you are or may be in noncompliance with your Disclosure Statement or CAS (other than a noncompliance that the cognizant Federal agency official has determined to have an immaterial cost impact), and, if yes, an explanation; whether any aspect of this proposal is inconsistent with your disclosed practices or applicable CAS, and, if so, an explanation; and whether the proposal is consistent with your established estimating and accounting principles and procedures and FAR part 31, Cost Principles , and, if not, an explanation;; P_15_408_2_b_j: The following statement: This proposal reflects our estimates and/or actual costs as of this date and conforms with the instructions in the RFP and FAR 15.408-2, Table 15-1. By submitting this proposal, we grant the Contracting Officer and authorized representative(s) the right to examine, at any time before award, those records, which include books, documents, accounting procedures and practices, and other data, regardless of type and form or whether such supporting information is specifically referenced or included in the proposal as the basis for pricing, that will permit an adequate evaluation of the proposed price; P_15_408_2_b_k: Date of submission; and; P_15_408_2_b_l: Name, title, and signature of authorized representative. B. In submitting your proposal, you must include an index, appropriately referenced, of all the certified cost or pricing data and information accompanying or identified in the proposal. In addition, you must annotate any future additions and/or revisions, up to the date of agreement on price, or an earlier date agreed upon by the parties, on a supplemental index. C. As part of the specific information required, you must submit, with your proposal—; P_15_408_2_b_m: Certified cost or pricing data (as defined at FAR 2.101). You must clearly identify on your cover sheet that certified cost or pricing data are included as part of the proposal; P_15_408_2_b_n: Information reasonably required to explain your estimating process, including—","(P_15_408_2_b_a ∧ P_15_408_2_b_b ∧ P_15_408_2_b_c ∧ P_15_408_2_b_d ∧ P_15_408_2_b_e ∧ P_15_408_2_b_f ∧ P_15_408_2_b_g ∧ P_15_408_2_b_h ∧ P_15_408_2_b_i ∧ P_15_408_2_b_j ∧ P_15_408_2_b_k ∧ P_15_408_2_b_l ∧ P_15_408_2_b_m ∧ P_15_408_2_b_n)","None","Addition (Add): Rule 8; De Morgan's Rule (DM): Rule 9","VALID","PASS","PASS","No contradictions detected. Conjunction links co-required elements. Mandatory requirement; enforceable.","HIGH"
"15.4 (Cost/Price)","15.408-2_i3","P_15_408_2_i3","15.408-2(i) The judgmental factors applied and the mathematical or other methods used in the estimate, including those used in projecting from known data; and (ii) The nature and amount of any contingencies included in the proposed price. D. You must show the relationship between line item prices and the total contract price. You must attach cost-element breakdowns for each proposed line item, using the appropriate format prescribed in the “Formats for Submission of Line Item Summaries” section of this table. You must furnish supporting breakdowns for each cost element, consistent with your cost accounting system. E. When more than one line item is proposed, you must also provide summary total amounts covering all line items for each element of cost. F. Whenever you have incurred costs for work performed before submission of a proposal, you must identify those costs in your cost/price proposal. G. If you have reached an agreement with Government representatives on use of forward pricing rates/factors, identify the agreement, include a copy, and describe its nature. H. As soon as practicable after final agreement on price or an earlier date agreed to by the parties, but before the award resulting from the proposal, you must, under the conditions stated in FAR 15.403-4, submit a Certificate of Current Cost or Pricing Data. II. Cost Elements Depending on your system, you must provide breakdowns for the following basic cost elements, as applicable: A. Materials and services . Provide a consolidated priced summary of individual material quantities included in the various tasks, orders, or line items being proposed and the basis for pricing (vendor quotes, invoice prices, etc.). Include raw materials, parts, components, assemblies, and services to be produced or performed by others. For all items proposed, identify the item and show the source, quantity, and price. Conduct price analyses of all subcontractor proposals. Conduct cost analyses for all subcontracts when certified cost or pricing data are submitted by the subcontractor. Include these analyses as part of your own certified cost or pricing data submissions for subcontracts expected to exceed the appropriate threshold in FAR 15.403-3(a). Submit the subcontractor certified cost or pricing data and data other than certified cost or pricing data as part of your own certified cost or pricing data as required in paragraph IIA(2) of this table. These requirements also apply to all subcontractors if required to submit certified cost or pricing data. (1) Adequate Price Competition . Provide data showing the degree of competition and the basis for establishing the source and reasonableness of price for those acquisitions (such as subcontracts, purchase orders, material order, etc.) exceeding, or expected to exceed, the appropriate threshold set forth at FAR 15.403-3(a) priced on the basis of adequate price competition. For interorganizational transfers priced at other than the cost of com...","P_15_408_2_i3_a: (i) The judgmental factors applied and the mathematical or other methods used in the estimate, including those used in projecting from known data; and (ii) The nature and amount of any contingencies included in the proposed price. D. You must show the relationship between line item prices and the total contract price. You must attach cost-element breakdowns for each proposed line item, using the appropriate format prescribed in the “Formats for Submission of Line Item Summaries” section of this table. You must furnish supporting breakdowns for each cost element, consistent with your cost accounting system. E. When more than one line item is proposed, you must also provide summary total amounts covering all line items for each element of cost. F. Whenever you have incurred costs for work performed before submission of a proposal, you must identify those costs in your cost/price proposal. G. If you have reached an agreement with Government representatives on use of forward pricing rates/factors, identify the agreement, include a copy, and describe its nature. H. As soon as practicable after final agreement on price or an earlier date agreed to by the parties, but before the award resulting from the proposal, you must, under the conditions stated in FAR 15.403-4, submit a Certificate of Current Cost or Pricing Data. II. Cost Elements Depending on your system, you must provide breakdowns for the following basic cost elements, as applicable: A. Materials and services . Provide a consolidated priced summary of individual material quantities included in the various tasks, orders, or line items being proposed and the basis for pricing (vendor quotes, invoice prices, etc.). Include raw materials, parts, components, assemblies, and services to be produced or performed by others. For all items proposed, identify the item and show the source, quantity, and price. Conduct price analyses of all subcontractor proposals. Conduct cost analyses for all subcontracts when certified cost or pricing data are submitted by the subcontractor. Include these analyses as part of your own certified cost or pricing data submissions for subcontracts expected to exceed the appropriate threshold in FAR 15.403-3(a). Submit the subcontractor certified cost or pricing data and data other than certified cost or pricing data as part of your own certified cost or pricing data as required in paragraph IIA(2) of this table. These requirements also apply to all subcontractors if required to submit certified cost or pricing data. (1) Adequate Price Competition . Provide data showing the degree of competition and the basis for establishing the source and reasonableness of price for those acquisitions (such as subcontracts, purchase orders, material order, etc.) exceeding, or expected to exceed, the appropriate threshold set forth at FAR 15.403-3(a) priced on the basis of adequate price competition. For interorganizational transfers priced at other than the cost of comparable competitive commercial work of the division, subsidiary, or affiliate of the contractor, explain the pricing method (see FAR 31). (2) All Other . Obtain certified cost or pricing data from prospective sources for those acquisitions (such as subcontracts, purchase orders, material order, etc.) exceeding the threshold set forth in FAR 15.403-3(a) and not otherwise exempt, in accordance with FAR 15.403-2. Also provide data showing the basis for establishing source and reasonableness of price. In addition, provide a summary of your cost analysis and a copy of certified cost or pricing data submitted by the prospective source in support of each subcontract, or purchase order that is the lower of either $20 million or more, or both more than the pertinent certified cost or pricing data threshold and more than 10 percent of the prime contractor's proposed price. Also submit any information reasonably required to explain your estimating process (including the judgmental factors applied and the mathematical or other methods used in the estimate, including those used in projecting from known data, and the nature and amount of any contingencies included in the price). The Contracting Officer may require you to submit cost or pricing data in support of proposals in lower amounts. Subcontractor certified cost or pricing data must be accurate, complete and current as of the date of final price agreement, or an earlier date agreed upon by the parties, given on the prime contractor's Certificate of Current Cost or Pricing Data. The prime contractor is responsible for updating a prospective subcontractor's data. For standard commercial products fabricated by the offeror that are generally stocked in inventory, provide a separate cost breakdown, if priced based on cost. For interorganizational transfers priced at cost, provide a separate breakdown of cost elements. Analyze the certified cost or pricing data and submit the results of your analysis of the prospective source's proposal. When submission of a prospective source's certified cost or pricing data is required as described in this paragraph, it must be included as part of your own certified cost or pricing data. You must also submit any data other than certified cost or pricing data obtained from a subcontractor, either actually or by specific identification, along with the results of any analysis performed on that data. B. Direct Labor . Provide a time-phased (e.g., monthly, quarterly, etc.) breakdown of labor hours, rates, and cost by appropriate category, and furnish bases for estimates. C. Indirect Costs . Indicate how you have computed and applied your indirect costs, including cost breakdowns. Show trends and budgetary data to provide a basis for evaluating the reasonableness of proposed rates. Indicate the rates used and provide an appropriate explanation. D. Other Costs . List all other costs not otherwise included in the categories described above (e.g., special tooling, travel, computer and consultant services, preservation, packaging and packing, spoilage and rework, and Federal excise tax on finished articles) and provide bases for pricing. E. Royalties . If royalties exceed $1,500, you must provide the following information on a separate page for each separate royalty or license fee: (1) Name and address of licensor. (2) Date of license agreement. (3) Patent numbers. (4) Patent application serial numbers, or other basis on which the royalty is payable. (5) Brief description (including any part or model numbers of each contract item or component on which the royalty is payable). (6) Percentage or dollar rate of royalty per unit. (7) Unit price of contract item. (8) Number of units. (9) Total dollar amount of royalties. (10) If specifically requested by the Contracting Officer, a copy of the current license agreement and identification of applicable claims of specific patents (see part 27 and 31). F. Facilities Capital Cost of Money . When you elect to claim facilities capital cost of money as an allowable cost, you must submit Form CASB CMF and show the calculation of the proposed amount (see 31.205-10 and 48 CFR 9904.414). III. Formats for Submission of Line Item Summaries A. New Contracts (Including Letter Contracts) Cost elements (1) Proposed contract estimate—total cost (2) Proposed contract estimate—unit cost (3) Reference (4) &nbsp; &nbsp; &nbsp; &nbsp; Column and Instruction (1) Enter appropriate cost elements. (2) Enter those necessary and reasonable costs that, in your judgment, will properly be incurred in efficient contract performance. When any of the costs in this column have already been incurred (e.g., under a letter contract), describe them on an attached supporting page. When preproduction or startup costs are significant, or when specifically requested to do so by the Contracting Officer, provide a full identification and explanation of them. (3) Optional; P_15_408_2_i3_b: Exception: required by the Contracting Officer. (4) Identify the attachment in which the information supporting the specific cost element may be found. (Attach separate pages as necessary.) B. Change Orders, Modifications, and Claims Cost elements (1) Estimated cost of all work deleted (2) Cost of deleted work already performed (3) Net cost to be deleted (4) Cost of work added (5) Net cost of change (6) Reference (7) &nbsp; &nbsp; &nbsp; &nbsp; &nbsp; &nbsp; &nbsp; Column and Instruction (1) Enter appropriate cost elements. (2) Include the current estimates of what the cost would have been to complete the deleted work not yet performed (not the original proposal estimates), and the cost of deleted work already performed. (3) Include the incurred cost of deleted work already performed, using actuals incurred if possible, or, if actuals are not available, estimates from your accounting records. Attach a detailed inventory of work, materials, parts, components, and hardware already purchased, manufactured, or performed and deleted by the change, indicating the cost and proposed disposition of each line item. Also, if you desire to retain these items or any portion of them, indicate the amount offered for them. (4) Enter the net cost to be deleted, which is the estimated cost of all deleted work less the cost of deleted work already performed. Column (2) minus Column (3) equals Column (4). (5) Enter your estimate for cost of work added by the change. When nonrecurring costs are significant, or when specifically requested to do so by the Contracting Officer, provide a full identification and explanation of them. When any of the costs in this column have already been incurred, describe them on an attached supporting schedule. (6) Enter the net cost of change, which is the cost of work added, less the net cost to be deleted. Column (5) minus Column (4) equals Column (6). When this result is negative, place the amount in parentheses. (7) Identify the attachment in which the information supporting the specific cost element may be found. (Attach separate pages as necessary.) C. Price Revision/Redetermination Cutoff date (1) Number of units completed (2) Number of units to be completed (3) Contract amount (4) Redetermination proposal amount (5) Difference (6) Cost elements (7) Incurred cost—preproduction (8) Incurred cost—completed units (9) Incurred cost—work in process (10) Total incurred cost (11) Estimated cost to complete (12) Estimated total cost (13) Reference (14) (Use as applicable) Column and Instruction (1) Enter the cutoff date required by the contract, if applicable. (2) Enter the number of units completed during the period for which experienced costs of production are being submitted. (3) Enter the number of units remaining to be completed under the contract. (4) Enter the cumulative contract amount. (5) Enter your redetermination proposal amount. (6) Enter the difference between the contract amount and the redetermination proposal amount. When this result is negative, place the amount in parentheses. Column (4) minus Column (5) equals Column (6). (7) Enter appropriate cost elements. When residual inventory exists, the final costs established under fixed-price-incentive and fixed-price-redeterminable arrangements should be net of the fair market value of such inventory. In support of subcontract costs, submit a listing of all subcontracts subject to repricing action, annotated as to their status. (8) Enter all costs incurred under the contract before starting production and other nonrecurring costs (usually referred to as startup costs) from your books and records as of the cutoff date. These include such costs as preproduction engineering, special plant rearrangement, training program, and any identifiable nonrecurring costs such as initial rework, spoilage, pilot runs, etc. In the event the amounts are not segregated in or otherwise available from your records, enter in this column your best estimates. Explain the basis for each estimate and how the costs are charged on your accounting records (e.g., included in production costs as direct engineering labor, charged to manufacturing overhead). Also show how the costs would be allocated to the units at their various stages of contract completion. (9) Enter in Column (9) the production costs from your books and records (exclusive of preproduction costs reported in Column (8)) of the units completed as of the cutoff date. (10) Enter in Column (10) the costs of work in process as determined from your records or inventories at the cutoff date. When the amounts for work in process are not available in your records but reliable estimates for them can be made, enter the estimated amounts in Column (10) and enter in Column (9) the differences between the total incurred costs (exclusive of preproduction costs) as of the cutoff date and these estimates. Explain the basis for the estimates, including identification of any provision for experienced or anticipated allowances, such as shrinkage, rework, design changes, etc. Furnish experienced unit or lot costs (or labor hours) from inception of contract to the cutoff date, improvement curves, and any other available production cost history pertaining to the item(s) to which your proposal relates. (11) Enter total incurred costs (Total of Columns (8), (9), and (10)). (12) Enter those necessary and reasonable costs that in your judgment will properly be incurred in completing the remaining work to be performed under the contract with respect to the item(s) to which your proposal relates. (13) Enter total estimated cost (Total of Columns (11) and (12)). (14) Identify the attachment in which the information supporting the specific cost element may be found. (Attach separate pages as necessary.)","(P_15_408_2_i3_a ∨ P_15_408_2_i3_b)","P_15_403_2, P_15_403_3, P_15_403_4","Disjunctive Syllogism (DS): Rule 4; Addition (Add): Rule 8; De Morgan's Rule (DM): Rule 9","VALID","PASS","PASS","No contradictions detected. Disjunction represents valid alternatives. Mandatory requirement; enforceable. Cross-references 3 other section(s). Complex section with limited decomposition.","MEDIUM"
"15.5 (Unsolicited Proposals)","15.500","P_15_500","15.500 Scope of subpart. This subpart contains policies and procedures for the submission, receipt, evaluation, and acceptance or rejection of unsolicited proposals.","P_15_500_a: This subpart contains policies and procedures for the submission, receipt, evaluation, and acceptance or rejection of unsolicited proposals.","P_15_500_a","None","Simplification (Simp): Rule 6","VALID","PASS","PASS","No contradictions detected. Regulatory statement properly represented.","HIGH"
"15.5 (Unsolicited Proposals)","15.501","P_15_501","15.501 Definitions. As used in this subpart— Advertising material means material designed to acquaint the Government with a prospective contractor's present products, services, or potential capabilities, or designed to stimulate the Government's interest in buying such products or services. Commercial product or commercial service offer means an offer of a commercial product or commercial service that the vendor wishes to see introduced in the Government's supply system as an alternate or a replacement for an existing supply item. This term does not include innovative or unique configurations or uses of commercial products or commercial services that are being offered for further development and that may be submitted as an unsolicited proposal. Contribution means a concept, suggestion, or idea presented to the Government for its use with no indication that the source intends to devote any further effort to it on the Government's behalf.","P_15_501_a: As used in this subpart— Advertising material means material designed to acquaint the Government with a prospective contractor's present products, services, or potential capabilities, or designed to stimulate the Government's interest in buying such products or services. Commercial product or commercial service offer means an offer of a commercial product or commercial service that the vendor wishes to see introduced in the Government's supply system as an alternate or a replacement for an e","P_15_501_a","None","De Morgan's Rule (DM): Rule 9","VALID","PASS","PASS","No contradictions detected. Permissive statement; optional action. Long single proposition; further decomposition may improve precision.","MEDIUM"
"15.5 (Unsolicited Proposals)","15.502_a","P_15_502_a","15.502(a) Purpose . Unsolicited proposals allow unique and innovative ideas or approaches developed outside the Government to be made available to Government agencies for use in accomplishing their missions.","P_15_502_a_a: (a) Purpose . Unsolicited proposals allow unique and innovative ideas or approaches developed outside the Government to be made available to Government agencies for use in accomplishing their missions.","P_15_502_a_a","None","Simplification (Simp): Rule 6","VALID","PASS","PASS","No contradictions detected. Regulatory statement properly represented.","HIGH"
"15.5 (Unsolicited Proposals)","15.502_b","P_15_502_b","15.502(b) Intent . Unsolicited proposals are offered with the intent that the Government will award a contract to the offeror for research and development or other efforts supporting the Government mission. Only the cognizant contracting officer has the authority to bind the Government regarding unsolicited proposals.","P_15_502_b_a: (b) Intent . Unsolicited proposals are offered with the intent that the Government will award a contract to the offeror for research and development or other efforts supporting the Government mission. Only the cognizant contracting officer has the authority to bind the Government regarding unsolicited proposals.","P_15_502_b_a","None","Simplification (Simp): Rule 6","VALID","PASS","PASS","No contradictions detected. Regulatory statement properly represented.","HIGH"
"15.5 (Unsolicited Proposals)","15.502_c","P_15_502_c","15.502(c) Early exchanges . Preliminary contact with technical and other appropriate agency personnel before preparing a detailed unsolicited proposal or submitting proprietary information to the Government may save considerable time and effort for both parties.","P_15_502_c_a: (c) Early exchanges . Preliminary contact with technical and other appropriate agency personnel before preparing a detailed unsolicited proposal or submitting proprietary information to the Government may save considerable time and effort for both parties.","P_15_502_c_a","None","Simplification (Simp): Rule 6","VALID","PASS","PASS","No contradictions detected. Permissive statement; optional action.","HIGH"
"15.5 (Unsolicited Proposals)","15.502_d","P_15_502_d","15.502(d) Information for potential offerors . Agencies must make the following information available to potential offerors of unsolicited proposals: (1) Definition and content of an unsolicited proposal acceptable for formal evaluation. (2) Requirements concerning responsible prospective contractors and organizational conflicts of interest. (3) Guidance on preferred methods for submitting ideas/concepts to the Government, such as any agency: upcoming requests for proposals (RFP); Broad Agency Announcements (BAA); Small Business Innovative Research programs (SBIR); Small Business Technology Transfer (STTR) programs; program research and development announcements; or grant programs. (4) Agency points of contact for information regarding advertising, contributions, and other types of transactions similar to unsolicited proposals. (5) Information sources on agency objectives and areas of potential interest. (6) Procedures for submission and evaluation of unsolicited proposals. (7) Instructions for identifying and marking proprietary information so that it is protected and restrictive legends conform to this subpart.","P_15_502_d_a: (d) Information for potential offerors . Agencies must make the following information available to potential offerors of unsolicited proposals: (1) Definition and content of an unsolicited proposal acceptable for formal evaluation. (2) Requirements concerning responsible prospective contractors and organizational conflicts of interest. (3) Guidance on preferred methods for submitting ideas/concepts to the Government, such as any agency: upcoming requests for proposals (RFP); P_15_502_d_b: Broad Agency Announcements (BAA); P_15_502_d_c: Small Business Innovative Research programs (SBIR); P_15_502_d_d: Small Business Technology Transfer (STTR) programs; P_15_502_d_e: program research and development announcements; P_15_502_d_f: or grant programs. (4) Agency points of contact for information regarding advertising, contributions, and other types of transactions similar to unsolicited proposals. (5) Information sources on agency objectives and areas of potential interest. (6) Procedures for submission and evaluation of unsolicited proposals. (7) Instructions for identifying and marking proprietary information so that it is protected and restrictive legends conform to this subpart","(P_15_502_d_a ∧ P_15_502_d_b ∧ P_15_502_d_c ∧ P_15_502_d_d ∧ P_15_502_d_e ∧ P_15_502_d_f)","None","Addition (Add): Rule 8","VALID","PASS","PASS","No contradictions detected. Conjunction links co-required elements. Mandatory requirement; enforceable.","HIGH"
"15.5 (Unsolicited Proposals)","15.502_e","P_15_502_e","15.502(e) Prohibitions . (1) Government personnel should not use any data, concept, idea, or other part of an unsolicited proposal as the basis, or part of the basis, for a RFP or in negotiations with any other firm unless the offeror is notified of and agrees to the intended use. This prohibition does not preclude using any data, concept, or idea in the proposal that also is available from another source without restriction. (2) Government personnel should not disclose restrictively marked information included in an unsolicited proposal. The disclosure of such information concerning trade secrets, processes, operations, style of work, apparatus, and other matters, except as authorized by law, may result in criminal penalties under 18 U.S.C. 1905.","P_15_502_e_a: (e) Prohibitions . (1) Government personnel should not use any data, concept, idea, or other part of an unsolicited proposal as the basis, or part of the basis, for a RFP or in negotiations with any other firm; P_15_502_e_b: Exception: the offeror is notified of and agrees to the intended use. This prohibition does not preclude using any data, concept, or idea in the proposal that also is available from another source without restriction. (2) Government personnel should not disclose restrictively marked information included in an unsolicited proposal. The disclosure of such information concerning trade secrets, processes, operations, style of work, apparatus, and other matters, except as authorized by law, may result in criminal penalties under 18 U.S.C. 1905","(P_15_502_e_a ∨ P_15_502_e_b)","None","Disjunctive Syllogism (DS): Rule 4; Addition (Add): Rule 8; De Morgan's Rule (DM): Rule 9","VALID","PASS","PASS","No contradictions detected. Disjunction represents valid alternatives. Advisory guidance; recommended but not mandatory.","HIGH"
"15.5 (Unsolicited Proposals)","15.503","P_15_503","15.503 Preparing unsolicited proposals. 15.503-1 Scope of proposals.","P_15_503_a: 15.503-1 Scope of proposals.","P_15_503_a","P_15_503_1","Simplification (Simp): Rule 6","VALID","PASS","PASS","No contradictions detected. Regulatory statement properly represented. Cross-references 1 other section(s).","HIGH"
"15.5 (Unsolicited Proposals)","15.503_a","P_15_503_a","15.503(a) Unsolicited proposals may be submitted for new and innovative ideas that do not already fall under topic areas publicized under BAA, SBIR topics, STTR topics, program research and development announcements, or any other Government-initiated RFP or program.","P_15_503_a_a: (a) Unsolicited proposals may be submitted for new and innovative ideas that do not already fall under topic areas publicized under BAA, SBIR topics, STTR topics, program research and development announcements, or any other Government-initiated RFP or program.","P_15_503_a_a","None","De Morgan's Rule (DM): Rule 9","VALID","PASS","PASS","No contradictions detected. Permissive statement; optional action.","HIGH"
"15.5 (Unsolicited Proposals)","15.503_b","P_15_503_b","15.503(b) A valid unsolicited proposal must— (1) Be innovative and unique; (2) Be independently originated and developed by the offeror; (3) Be prepared without Government supervision, endorsement, direction, or direct Government involvement; (4) Include sufficient detail to permit a determination that Government support could be worthwhile and the proposed work could benefit the agency's research and development or other mission responsibilities; (5) Not be an advance proposal for a known agency requirement that can be acquired by competitive methods; and (6) Not address a previously published agency requirement.","P_15_503_b_a: (b) A valid unsolicited proposal must— (1) Be innovative and unique; P_15_503_b_b: (2) Be independently originated and developed by the offeror; P_15_503_b_c: (3) Be prepared without Government supervision, endorsement, direction, or direct Government involvement; P_15_503_b_d: (4) Include sufficient detail to permit a determination that Government support could be worthwhile and the proposed work could benefit the agency's research and development or other mission responsibilities; P_15_503_b_e: (5) Not be an advance proposal for a known agency requirement that can be acquired by competitive methods; P_15_503_b_f: and (6) Not address a previously published agency requirement","(P_15_503_b_a ∧ P_15_503_b_b ∧ P_15_503_b_c ∧ P_15_503_b_d ∧ P_15_503_b_e ∧ P_15_503_b_f)","None","Addition (Add): Rule 8; De Morgan's Rule (DM): Rule 9","VALID","PASS","PASS","No contradictions detected. Conjunction links co-required elements. Mandatory requirement; enforceable.","HIGH"
"15.5 (Unsolicited Proposals)","15.503_c","P_15_503_c","15.503(c) Advertising material, commercial product or commercial service offers, contributions, or routine correspondence on technical issues, are not unsolicited proposals.","P_15_503_c_a: (c) Advertising material, commercial product or commercial service offers, contributions, or routine correspondence on technical issues, are not unsolicited proposals.","P_15_503_c_a","None","De Morgan's Rule (DM): Rule 9","VALID","PASS","PASS","No contradictions detected. Regulatory statement properly represented.","HIGH"
"15.5 (Unsolicited Proposals)","15.503_d","P_15_503_d","15.503(d) Unsolicited proposals in response to a publicized general statement of agency needs are considered to be independently originated.","P_15_503_d_a: (d) Unsolicited proposals in response to a publicized general statement of agency needs are considered to be independently originated.","P_15_503_d_a","None","Simplification (Simp): Rule 6","VALID","PASS","PASS","No contradictions detected. Regulatory statement properly represented.","HIGH"
"15.5 (Unsolicited Proposals)","15.503-2","P_15_503_2","15.503-2 Content of proposals. Unsolicited proposals must contain the following information to permit consideration in an objective and timely manner:","P_15_503_2_a: Unsolicited proposals must contain the following information to permit consideration in an objective and timely manner:","P_15_503_2_a","None","Simplification (Simp): Rule 6","VALID","PASS","PASS","No contradictions detected. Mandatory requirement; enforceable.","HIGH"
"15.5 (Unsolicited Proposals)","15.503-2_a","P_15_503_2_a","15.503-2(a) Basic information including— (1) Offeror's name and address and type of organization; e.g. , profit, nonprofit, educational, small business; (2) Names and telephone numbers of technical and business personnel to be contacted for evaluation or negotiation purposes; (3) Identification of proprietary data to be used only for evaluation purposes; (4) Names of other Federal, State, or local agencies or parties receiving the proposal or funding the proposed effort; (5) Date of submission; and (6) Signature of a person authorized to represent and contractually obligate the offeror.","P_15_503_2_a_a: (a) Basic information including— (1) Offeror's name and address and type of organization; P_15_503_2_a_b: e.g. , profit, nonprofit, educational, small business; P_15_503_2_a_c: (2) Names and telephone numbers of technical and business personnel to be contacted for evaluation or negotiation purposes; P_15_503_2_a_d: (3) Identification of proprietary data to be used only for evaluation purposes; P_15_503_2_a_e: (4) Names of other Federal, State, or local agencies or parties receiving the proposal or funding the proposed effort; P_15_503_2_a_f: (5) Date of submission; P_15_503_2_a_g: and (6) Signature of a person authorized to represent and contractually obligate the offeror","(P_15_503_2_a_a ∧ P_15_503_2_a_b ∧ P_15_503_2_a_c ∧ P_15_503_2_a_d ∧ P_15_503_2_a_e ∧ P_15_503_2_a_f ∧ P_15_503_2_a_g)","None","Addition (Add): Rule 8","VALID","PASS","PASS","No contradictions detected. Conjunction links co-required elements. Regulatory statement properly represented.","HIGH"
"15.5 (Unsolicited Proposals)","15.503-2_b","P_15_503_2_b","15.503-2(b) Technical information including— (1) Concise title and short abstract of the proposed effort; (2) A reasonably complete discussion stating the objectives of the effort or activity, the method of approach and extent of effort to be employed, the nature and extent of the anticipated results, and the manner in which the work will help to support accomplishment of the agency's mission; (3) Names and biographical information on the offeror's key personnel who would be involved, including alternates; and (4) Type of support needed from the agency; e.g., Government property or personnel resources.","P_15_503_2_b_a: (b) Technical information including— (1) Concise title and short abstract of the proposed effort; P_15_503_2_b_b: (2) A reasonably complete discussion stating the objectives of the effort or activity, the method of approach and extent of effort to be employed, the nature and extent of the anticipated results, and the manner in which the work will help to support accomplishment of the agency's mission; P_15_503_2_b_c: (3) Names and biographical information on the offeror's key personnel who would be involved, including alternates; P_15_503_2_b_d: and (4) Type of support needed from the agency; P_15_503_2_b_e: e.g., Government property or personnel resources","(P_15_503_2_b_a ∧ P_15_503_2_b_b ∧ P_15_503_2_b_c ∧ P_15_503_2_b_d ∧ P_15_503_2_b_e)","None","Addition (Add): Rule 8","VALID","PASS","PASS","No contradictions detected. Conjunction links co-required elements. Regulatory statement properly represented.","HIGH"
"15.5 (Unsolicited Proposals)","15.503-2_c","P_15_503_2_c","15.503-2(c) Supporting information including— (1) Proposed price or total estimated cost for the effort in sufficient detail for meaningful evaluation; (2) Period of time for which the proposal is valid (a 6-month minimum is suggested); (3) Type of contract preferred; (4) Proposed duration of effort; (5) Brief description of the organization, previous experience, relevant past performance, and facilities to be used; (6) Other statements, if applicable, about organizational conflicts of interest, security clearances, and environmental impacts; and (7) The names and telephone numbers of agency technical or other agency points of contact already contacted regarding the proposal.","P_15_503_2_c_a: (c) Supporting information including— (1) Proposed price or total estimated cost for the effort in sufficient detail for meaningful evaluation; P_15_503_2_c_b: (2) Period of time for which the proposal is valid (a 6-month minimum is suggested); P_15_503_2_c_c: (3) Type of contract preferred; P_15_503_2_c_d: (4) Proposed duration of effort; P_15_503_2_c_e: (5) Brief description of the organization, previous experience, relevant past performance, and facilities to be used; P_15_503_2_c_f: (6) Other statements, if applicable, about organizational conflicts of interest, security clearances, and environmental impacts; P_15_503_2_c_g: and (7) The names and telephone numbers of agency technical or other agency points of contact already contacted regarding the proposal","(P_15_503_2_c_a ∧ P_15_503_2_c_b ∧ P_15_503_2_c_c ∧ P_15_503_2_c_d ∧ P_15_503_2_c_e ∧ P_15_503_2_c_f ∧ P_15_503_2_c_g)","None","Addition (Add): Rule 8","VALID","PASS","PASS","No contradictions detected. Conjunction links co-required elements. Regulatory statement properly represented.","HIGH"
"15.5 (Unsolicited Proposals)","15.503-3_a","P_15_503_3_a","15.503-3(a) Unsolicited proposals may include data that the offeror does not want disclosed to the public for any purpose or used by the Government except for evaluation purposes. If the offeror wishes to restrict the use and disclosure of data, the title page must be marked the following legend: Use and Disclosure of Data This proposal includes data that must not be disclosed outside the Government and must not be duplicated, used, or disclosed, in whole or in part, for any purpose other than to evaluate this proposal. However, if a contract is awarded to this offeror as a result of, or in connection with, the submission of these data, the Government must have the right to duplicate, use, or disclose the data to the extent provided in the resulting contract. This restriction does not limit the Government's right to use information contained in these data if they are obtained from another source without restriction. The data subject to this restriction are contained in Sheets [ insert numbers or other identification of sheets ]. (1) The offeror must also mark each sheet of data it wishes to restrict with the following legend: Use or disclosure of data contained on this sheet is subject to the restriction on the title page of this proposal. (2) An offeror should identify trade secrets, commercial or financial information, and privileged or confidential information to the Government","P_15_503_3_a_a: (a) Unsolicited proposals may include data that the offeror does not want disclosed to the public for any purpose or used by the Government except for evaluation purposes. If the offeror wishes to restrict the use and disclosure of data, the title page must be marked the following legend: Use and Disclosure of Data This proposal includes data that must not be disclosed outside the Government; P_15_503_3_a_b: not be duplicated, used, or disclosed, in whole or in part, for any purpose other than to evaluate this proposal. However, if a contract is awarded to this offeror as a result of, or in connection with, the submission of these data, the Government must have the right to duplicate, use, or disclose the data to the extent provided in the resulting contract. This restriction does not limit the Government's right to use information contained in these data if they are obtained from another source without restriction. The data subject to this restriction are contained in Sheets [ insert numbers or other identification of sheets ]. (1) The offeror must also mark each sheet of data it wishes to restrict with the following legend: Use or disclosure of data contained on this sheet is subject to the restriction on the title page of this proposal. (2) An offeror should identify trade secrets, commercial or financial information, and privileged or confidential information to the Government","(P_15_503_3_a_a ∧ P_15_503_3_a_b)","None","Addition (Add): Rule 8; De Morgan's Rule (DM): Rule 9","VALID","PASS","PASS","No contradictions detected. Conjunction links co-required elements. Mandatory requirement; enforceable.","HIGH"
"15.5 (Unsolicited Proposals)","15.504","P_15_504","15.504 Receipt and initial review of unsolicited proposals.","P_15_504_a: 15.504 Receipt and initial review of unsolicited proposals.","P_15_504_a","None","Simplification (Simp): Rule 6","VALID","PASS","PASS","No contradictions detected. Regulatory statement properly represented.","HIGH"
"15.5 (Unsolicited Proposals)","15.504_a","P_15_504_a","15.504(a) Agencies must establish procedures for controlling the receipt, evaluation, and timely disposition of unsolicited proposals. The procedures must include controls on the reproduction and disposition of proposal material, particularly data identified by the offeror as subject to duplication, use, or disclosure restrictions; and identify agency points of contact to coordinate the receipt and handling of unsolicited proposals.","P_15_504_a_a: (a) Agencies must establish procedures for controlling the receipt, evaluation, and timely disposition of unsolicited proposals. The procedures must include controls on the reproduction and disposition of proposal material, particularly data identified by the offeror as subject to duplication, use, or disclosure restrictions; P_15_504_a_b: and identify agency points of contact to coordinate the receipt and handling of unsolicited proposals","(P_15_504_a_a ∧ P_15_504_a_b)","None","Addition (Add): Rule 8","VALID","PASS","PASS","No contradictions detected. Conjunction links co-required elements. Mandatory requirement; enforceable.","HIGH"
"15.5 (Unsolicited Proposals)","15.504_b","P_15_504_b","15.504(b) Agencies may decline evaluation or consideration of unsolicited proposals submitted concurrently to more than one agency, or distributed in bulk. 15.504-1 Initial Review.","P_15_504_b_a: (b) Agencies may decline evaluation or consideration of unsolicited proposals submitted concurrently to more than one agency, or distributed in bulk. 15.504-1 Initial Review.","P_15_504_b_a","P_15_504_1","Simplification (Simp): Rule 6","VALID","PASS","PASS","No contradictions detected. Permissive statement; optional action. Cross-references 1 other section(s).","HIGH"
"15.5 (Unsolicited Proposals)","15.504_a2","P_15_504_a2","15.504(a) Before beginning a comprehensive evaluation, the agency contact point must determine if the proposal— (1) Is a valid unsolicited proposal, as described at 15.503-1(b); (2) Is suitable for submission in response to an existing agency requirement; (3) Is related to the agency mission; (4) Contains sufficient technical information and cost-related or price-related information for evaluation; (5) Has overall scientific, technical, or socioeconomic merit; (6) Has been approved by a responsible official or other representative authorized to obligate the offeror contractually; and (7) Complies with the marking requirements of this subpart.","P_15_504_a2_a: (a) Before beginning a comprehensive evaluation, the agency contact point must determine if the proposal— (1) Is a valid unsolicited proposal, as described at 15.503-1(b); P_15_504_a2_b: (2) Is suitable for submission in response to an existing agency requirement; P_15_504_a2_c: (3) Is related to the agency mission; P_15_504_a2_d: (4) Contains sufficient technical information and cost-related or price-related information for evaluation; P_15_504_a2_e: (5) Has overall scientific, technical, or socioeconomic merit; P_15_504_a2_f: (6) Has been approved by a responsible official or other representative authorized to obligate the offeror contractually; P_15_504_a2_g: and (7) Complies with the marking requirements of this subpart","(P_15_504_a2_a ∧ P_15_504_a2_b ∧ P_15_504_a2_c ∧ P_15_504_a2_d ∧ P_15_504_a2_e ∧ P_15_504_a2_f ∧ P_15_504_a2_g)","P_15_503_1","Addition (Add): Rule 8","VALID","PASS","PASS","No contradictions detected. Conjunction links co-required elements. Mandatory requirement; enforceable. Cross-references 1 other section(s).","HIGH"
"15.5 (Unsolicited Proposals)","15.504_b2","P_15_504_b2","15.504(b) If the proposal meets these requirements, the contact point must promptly acknowledge receipt and process the proposal.","P_15_504_b2_a: (b) If the proposal meets these requirements, the contact point must promptly acknowledge receipt and process the proposal.","P_15_504_b2_a","None","Simplification (Simp): Rule 6","VALID","PASS","PASS","No contradictions detected. Mandatory requirement; enforceable.","HIGH"
"15.5 (Unsolicited Proposals)","15.504_c","P_15_504_c","15.504(c) If a proposal is rejected because the proposal does not meet these requirements, the agency contact point must promptly inform the offeror in writing of the reasons for rejection and the proposed disposition of the unsolicited proposal.","P_15_504_c_a: (c) If a proposal is rejected because the proposal does not meet these requirements, the agency contact point must promptly inform the offeror in writing of the reasons for rejection and the proposed disposition of the unsolicited proposal.","P_15_504_c_a","None","De Morgan's Rule (DM): Rule 9","VALID","PASS","PASS","No contradictions detected. Mandatory requirement; enforceable.","HIGH"
"15.5 (Unsolicited Proposals)","15.504-2","P_15_504_2","15.504-2 Handling use and disclosure of data restrictions.","P_15_504_2_a: 15.504-2 Handling use and disclosure of data restrictions.","P_15_504_2_a","None","Simplification (Simp): Rule 6","VALID","PASS","PASS","No contradictions detected. Regulatory statement properly represented.","HIGH"
"15.5 (Unsolicited Proposals)","15.504-2_a","P_15_504_2_a","15.504-2(a) Alternate legend . When an unsolicited proposal meeting the requirements at 15.504-1(a) is marked with a legend different from that at 15.503-3, the agency point of contact must— (1) Return the proposal to the offeror and notify them that the proposal cannot be considered because it is impracticable for the Government to comply with the legend and that the agency will consider the proposal if it is resubmitted with the proper legend; and (2) Unless the offeror clearly states in writing that no restrictions are imposed on the disclosure or use of the data contained in the proposal, mark the unsolicited proposal as follows: Unsolicited Proposal—Use of Data Limited All Government personnel must exercise extreme care to ensure that the information in this proposal is not disclosed to an individual who has not been authorized access to such data in accordance with FAR part 3, and is not duplicated, used, or disclosed in whole or in part for any purpose other than evaluation of the proposal, without the written permission of the offeror. If a contract is awarded on the basis of this proposal, the terms of the contract must control disclosure and use. This notice does not limit the Government's right to use information contained in the proposal if it is obtainable from another source without restriction. This is a Government notice, and must not by itself be construed to impose any liability upon the Government or Government personnel for disclosure or use of data contained in this proposal. (3) Not use this notice to justify withholding of a record, or to improperly deny the public access to a record, where an obligation is imposed by the Freedom of Information Act (5 U.S.C. 552).","P_15_504_2_a_a: (a) Alternate legend . When an unsolicited proposal meeting the requirements at 15.504-1(a) is marked with a legend different from that at 15.503-3, the agency point of contact must— (1) Return the proposal to the offeror and notify them that the proposal cannot be considered because it is impracticable for the Government to comply with the legend and that the agency will consider the proposal if it is resubmitted with the proper legend; and (2) Unless the offeror clearly states in writing that no restrictions are imposed on the disclosure or use of the data contained in the proposal, mark the unsolicited proposal as follows: Unsolicited Proposal—Use of Data Limited All Government personnel must exercise extreme care to ensure that the information in this proposal is not disclosed to an individual who has not been authorized access to such data in accordance with FAR part 3, and is not duplicated, used, or disclosed in whole or in part for any purpose other than evaluation of the proposal, without the written permission of the offeror. If a contract is awarded on the basis of this proposal, the terms of the contract must control disclosure and use. This notice does not limit the Government's right to use information contained in the proposal if it is obtainable from another source without restriction. This is a Government notice,; P_15_504_2_a_b: not by itself be construed to impose any liability upon the Government or Government personnel for disclosure or use of data contained in this proposal. (3) Not use this notice to justify withholding of a record, or to improperly deny the public access to a record, where an obligation is imposed by the Freedom of Information Act (5 U.S.C. 552)","(P_15_504_2_a_a ∧ P_15_504_2_a_b)","P_15_503_3, P_15_504_1","Addition (Add): Rule 8; De Morgan's Rule (DM): Rule 9","VALID","PASS","PASS","No contradictions detected. Conjunction links co-required elements. Mandatory requirement; enforceable. Cross-references 2 other section(s).","HIGH"
"15.5 (Unsolicited Proposals)","15.504-2_b","P_15_504_2_b","15.504-2(b) Evaluation by personnel outside of the agency or the Government . (1) When an agency receives an unsolicited proposal from other than an educational or nonprofit organization or institution, and an evaluation by Government personnel outside the agency or non-Government personnel is necessary, written permission must be obtained from the offeror before releasing the proposal for evaluation. The agency point of contact should—","P_15_504_2_b_a: (b) Evaluation by personnel outside of the agency or the Government ; P_15_504_2_b_b: When an agency receives an unsolicited proposal from other than an educational or nonprofit organization or institution, and an evaluation by Government personnel outside the agency or non-Government personnel is necessary, written permission must be obtained from the offeror before releasing the proposal for evaluation. The agency point of contact should—","(P_15_504_2_b_a ∧ P_15_504_2_b_b)","None","Addition (Add): Rule 8","VALID","PASS","PASS","No contradictions detected. Conjunction links co-required elements. Mandatory requirement; enforceable.","HIGH"
"15.5 (Unsolicited Proposals)","15.504-2_i","P_15_504_2_i","15.504-2(i) Attach a cover sheet marked with the legend in paragraph (a)(2) of this section; (ii) Change the beginning of the legend to read “All Government and non-Government personnel * * * ”; and (iii) Require any non-Government evaluator to agree in writing that data in the proposal will not be disclosed to persons outside the Government. (2) When an agency receives an unsolicited proposal without a restrictive legend from an educational or nonprofit organization or institution, and evaluation outside of the Government is necessary, the agency point of contact should follow paragraphs (b)(1)(i) through (iii) of this section. (3) When an agency receives an unsolicited proposal with a restrictive legend from an educational or nonprofit organization or institution, and evaluation by non-Government personnel is necessary, the agency point of contact must—","P_15_504_2_i_a: (i) Attach a cover sheet marked with the legend in paragraph (a)(2) of this section; P_15_504_2_i_b: (ii) Change the beginning of the legend to read “All Government and non-Government personnel * * * ”; P_15_504_2_i_c: and (iii) Require any non-Government evaluator to agree in writing that data in the proposal will not be disclosed to persons outside the Government. (2) When an agency receives an unsolicited proposal without a restrictive legend from an educational or nonprofit organization or institution, and evaluation outside of the Government is necessary, the agency point of contact should follow paragraphs (b)(1)(i) through (iii) of this section. (3) When an agency receives an unsolicited proposal with a restrictive legend from an educational or nonprofit organization or institution, and evaluation by non-Government personnel is necessary, the agency point of contact must—","(P_15_504_2_i_a ∧ P_15_504_2_i_b ∧ P_15_504_2_i_c)","None","Addition (Add): Rule 8; De Morgan's Rule (DM): Rule 9","VALID","PASS","PASS","No contradictions detected. Conjunction links co-required elements. Mandatory requirement; enforceable.","HIGH"
"15.5 (Unsolicited Proposals)","15.504-2_i2","P_15_504_2_i2","15.504-2(i) Follow paragraphs (b)(1)(i) through (iii) of this section; and (ii) Obtain written permission from the offeror before releasing the proposal for evaluation.","P_15_504_2_i2_a: (i) Follow paragraphs (b)(1)(i) through (iii) of this section; P_15_504_2_i2_b: and (ii) Obtain written permission from the offeror before releasing the proposal for evaluation","(P_15_504_2_i2_a ∧ P_15_504_2_i2_b)","None","Conjunction (Conj): Rule 7","VALID","PASS","PASS","No contradictions detected. Conjunction links co-required elements. Regulatory statement properly represented.","HIGH"
"15.5 (Unsolicited Proposals)","15.505_a","P_15_505_a","15.505(a) Agencies must evaluate unsolicited proposals for energy savings performance contracts in accordance with the procedures in 10 CFR 436.33(b).","P_15_505_a_a: (a) Agencies must evaluate unsolicited proposals for energy savings performance contracts in accordance with the procedures in 10 CFR 436.33(b).","P_15_505_a_a","None","Simplification (Simp): Rule 6","VALID","PASS","PASS","No contradictions detected. Mandatory requirement; enforceable.","HIGH"
"15.5 (Unsolicited Proposals)","15.505_b","P_15_505_b","15.505(b) The agency point of contact must coordinate the evaluation of proposals and attach the legend at 15.504-2(a)(2) to each copy of the proposal distributed for evaluation.","P_15_505_b_a: (b) The agency point of contact must coordinate the evaluation of proposals and attach the legend at 15.504-2(a); P_15_505_b_b: to each copy of the proposal distributed for evaluation","(P_15_505_b_a ∧ P_15_505_b_b)","P_15_504_2","Conjunction (Conj): Rule 7","VALID","PASS","PASS","No contradictions detected. Conjunction links co-required elements. Mandatory requirement; enforceable. Cross-references 1 other section(s).","HIGH"
"15.5 (Unsolicited Proposals)","15.505_c","P_15_505_c","15.505(c) When evaluating unsolicited proposals, evaluators should consider, at a minimum, the following factors: (1) Unique, innovative and meritorious methods, approaches, or concepts demonstrated by the proposal; (2) Overall scientific, technical, or socioeconomic merits of the proposal; (3) Potential contribution of the effort to the agency's specific mission; (4) Offeror's capabilities, related experience, facilities, techniques, or unique combinations of these that are integral factors for achieving the proposal objectives; (5) Qualifications, capabilities, and experience of the proposed principal investigator, team leader, or key personnel critical to achieving the proposal objectives; and (6) Realism of the proposed cost.","P_15_505_c_a: (c) When evaluating unsolicited proposals, evaluators should consider, at a minimum, the following factors: (1) Unique, innovative and meritorious methods, approaches, or concepts demonstrated by the proposal; P_15_505_c_b: (2) Overall scientific, technical, or socioeconomic merits of the proposal; P_15_505_c_c: (3) Potential contribution of the effort to the agency's specific mission; P_15_505_c_d: (4) Offeror's capabilities, related experience, facilities, techniques, or unique combinations of these that are integral factors for achieving the proposal objectives; P_15_505_c_e: (5) Qualifications, capabilities, and experience of the proposed principal investigator, team leader, or key personnel critical to achieving the proposal objectives; P_15_505_c_f: and (6) Realism of the proposed cost","(P_15_505_c_a ⊃ (P_15_505_c_b ∧ P_15_505_c_c ∧ P_15_505_c_d ∧ P_15_505_c_e ∧ P_15_505_c_f))","None","Modus Ponens (MP): Rule 1; Addition (Add): Rule 8","VALID","PASS","PASS","No contradictions detected. Conjunction links co-required elements. Advisory guidance; recommended but not mandatory. Conditional structure identified and represented as implication.","HIGH"
"15.5 (Unsolicited Proposals)","15.505_d","P_15_505_d","15.505(d) Evaluators must notify the agency point of contact of their recommendations when the evaluation is complete.","P_15_505_d_a: (d) Evaluators must notify the agency point of contact of their recommendations when the evaluation is complete.","P_15_505_d_a","None","Simplification (Simp): Rule 6","VALID","PASS","PASS","No contradictions detected. Mandatory requirement; enforceable.","HIGH"
"15.5 (Unsolicited Proposals)","15.505_e","P_15_505_e","15.505(e) A favorable evaluation of an unsolicited proposal does not, in itself, justify awarding a contract without providing for full and open competition. The agency point of contact should return an unsolicited proposal to the offeror, citing reasons, when its substance— (1) Is available to the Government without restriction from another source; (2) Closely resembles a pending competitive acquisition requirement; (3) Does not relate to the activity's mission; or (4) Does not demonstrate an innovative and unique method, approach, or concept, or is otherwise not deemed a meritorious proposal.","P_15_505_e_a: (e) A favorable evaluation of an unsolicited proposal does not, in itself, justify awarding a contract without providing for full and open competition. The agency point of contact should return an unsolicited proposal to the offeror, citing reasons, when its substance— (1) Is available to the Government without restriction from another source; P_15_505_e_b: (2) Closely resembles a pending competitive acquisition requirement; P_15_505_e_c: (3) Does not relate to the activity's mission; P_15_505_e_d: or (4) Does not demonstrate an innovative and unique method, approach, or concept, or is otherwise not deemed a meritorious proposal","(P_15_505_e_a ∧ P_15_505_e_b ∧ P_15_505_e_c ∧ P_15_505_e_d)","None","Addition (Add): Rule 8; De Morgan's Rule (DM): Rule 9","VALID","PASS","PASS","No contradictions detected. Conjunction links co-required elements. Advisory guidance; recommended but not mandatory.","HIGH"
"15.5 (Unsolicited Proposals)","15.506","P_15_506","15.506 Criteria for acceptance and negotiation of an unsolicited proposal. Contracting officers may begin negotiations on a sole source basis only when—","P_15_506_a: Contracting officers may begin negotiations on a sole source basis only when—","P_15_506_a","None","Simplification (Simp): Rule 6","VALID","PASS","PASS","No contradictions detected. Permissive statement; optional action.","HIGH"
"15.5 (Unsolicited Proposals)","15.506_a","P_15_506_a","15.506(a) An unsolicited proposal receives a favorable comprehensive evaluation;","P_15_506_a_a: (a) An unsolicited proposal receives a favorable comprehensive evaluation;","P_15_506_a_a","None","Simplification (Simp): Rule 6","VALID","PASS","PASS","No contradictions detected. Regulatory statement properly represented.","HIGH"
"15.5 (Unsolicited Proposals)","15.506_b","P_15_506_b","15.506(b) A justification and approval is obtained in accordance with part 6;","P_15_506_b_a: (b) A justification and approval is obtained in accordance with part 6;","P_15_506_b_a","None","Simplification (Simp): Rule 6","VALID","PASS","PASS","No contradictions detected. Regulatory statement properly represented.","HIGH"
"15.5 (Unsolicited Proposals)","15.506_c","P_15_506_c","15.506(c) The agency technical office sponsoring the contract furnishes the necessary funds; and","P_15_506_c_a: (c) The agency technical office sponsoring the contract furnishes the necessary funds; and","P_15_506_c_a","None","Simplification (Simp): Rule 6","VALID","PASS","PASS","No contradictions detected. Regulatory statement properly represented.","HIGH"
"15.5 (Unsolicited Proposals)","15.506_d","P_15_506_d","15.506(d) The requirements for synopsizing a proposed contract action are met.","P_15_506_d_a: (d) The requirements for synopsizing a proposed contract action are met.","P_15_506_d_a","None","Simplification (Simp): Rule 6","VALID","PASS","PASS","No contradictions detected. Regulatory statement properly represented.","HIGH"
